/home/austinhunter/IonosphereTomography
=================================================================
  demo_group.py — Grouped Occultation KF Processing
=================================================================
  Scanning 3547 files for metadata …
  Found 3547 valid files across 494 geographic groups (48 30-min windows).

Batch date     : 2024-10-10
Time bins      : 30-minute windows
Lat bin size   : 30.0°  |  Lon bin size: 60.0°
Polar cap lat  : ±60.0°

Building global EDP cache for 2024-10-10 …
 -> IRI center inputs for 2024-10-10: F10.7=215.6, Ap=97, IG12=129.0, Rz12=160.9
 -> Building 24 hourly global grids with 12 workers ...
EDPS: (50, 1650, 50), N_geo: 1650
EDPS: (50, 1650, 50), N_geo: 1650EDPS: (50, 1650, 50), N_geo: 1650EDPS: (50, 1650, 50), N_geo: 1650


EDPS: (50, 1650, 50), N_geo: 1650
    [Hour 02] done (1/24)
EDPS: (50, 1650, 50), N_geo: 1650
    [Hour 05] done (2/24)
EDPS: (50, 1650, 50), N_geo: 1650
    [Hour 06] done (3/24)
    [Hour 11] done (4/24)
    [Hour 04] done (5/24)
    [Hour 08] done (6/24)
EDPS: (50, 1650, 50), N_geo: 1650
EDPS: (50, 1650, 50), N_geo: 1650
EDPS: (50, 1650, 50), N_geo: 1650EDPS: (50, 1650, 50), N_geo: 1650

    [Hour 07] done (7/24)
EDPS: (50, 1650, 50), N_geo: 1650
    [Hour 01] done (8/24)
    [Hour 00] done (9/24)
    [Hour 03] done (10/24)
    [Hour 09] done (11/24)
    [Hour 10] done (12/24)
EDPS: (50, 1650, 50), N_geo: 1650
    [Hour 12] done (13/24)
EDPS: (50, 1650, 50), N_geo: 1650
EDPS: (50, 1650, 50), N_geo: 1650
    [Hour 13] done (14/24)
    [Hour 14] done (15/24)
EDPS: (50, 1650, 50), N_geo: 1650
    [Hour 15] done (16/24)
EDPS: (50, 1650, 50), N_geo: 1650
EDPS: (50, 1650, 50), N_geo: 1650
    [Hour 16] done (17/24)
EDPS: (50, 1650, 50), N_geo: 1650
    [Hour 17] done (18/24)
    [Hour 18] done (19/24)
EDPS: (50, 1650, 50), N_geo: 1650
    [Hour 19] done (20/24)
EDPS: (50, 1650, 50), N_geo: 1650
EDPS: (50, 1650, 50), N_geo: 1650
    [Hour 20] done (21/24)
    [Hour 21] done (22/24)
EDPS: (50, 1650, 50), N_geo: 1650
EDPS: (50, 1650, 50), N_geo: 1650
    [Hour 22] done (23/24)
    [Hour 23] done (24/24)
EDPS: (50, 1650, 50), N_geo: 1650
EDPS: (50, 1650, 50), N_geo: 1650
EDPS: (50, 1650, 50), N_geo: 1650
EDPS: (50, 1650, 50), N_geo: 1650
EDPS: (50, 1650, 50), N_geo: 1650
EDPS: (50, 1650, 50), N_geo: 1650
EDPS: (50, 1650, 50), N_geo: 1650
EDPS: (50, 1650, 50), N_geo: 1650
EDPS: (50, 1650, 50), N_geo: 1650
EDPS: (50, 1650, 50), N_geo: 1650
EDPS: (50, 1650, 50), N_geo: 1650
EDPS: (50, 1650, 50), N_geo: 1650
EDPS: (50, 1650, 50), N_geo: 1650
EDPS: (50, 1650, 50), N_geo: 1650
EDPS: (50, 1650, 50), N_geo: 1650
EDPS: (50, 1650, 50), N_geo: 1650
EDPS: (50, 1650, 50), N_geo: 1650
EDPS: (50, 1650, 50), N_geo: 1650
EDPS: (50, 1650, 50), N_geo: 1650
EDPS: (50, 1650, 50), N_geo: 1650
EDPS: (50, 1650, 50), N_geo: 1650
EDPS: (50, 1650, 50), N_geo: 1650
EDPS: (50, 1650, 50), N_geo: 1650
EDPS: (50, 1650, 50), N_geo: 1650
 -> All 24 hourly global EDP grids loaded.
Global EDP cache ready.

Processing 494 groups …

[1/494]
────────────────────────────────────────────────────────────
  Group : 2024-10-10_0000__LAT+030_LON-120
  Window: 2024-10-10_0000  |  Region: LAT+030_LON-120  |  1 occultation(s)
────────────────────────────────────────────────────────────
E6 is rising
  Parsed 1/1 files successfully.
  Bounding box: lat [28.9, 82.4]  lon [-74.9, -32.8]  |  vertices: 49
  Final group: 1 occultation(s), 49 mesh vertices
  Saved trim diagnostic → ./Figures/GroupKF/group_2024-10-10_0000__LAT+030_LON-120_trim.png
  [1/1] Building H for GN05 00:00 (515 rays) …
  -> Building H Matrix (515 rays, parallel)...
  Combined H shape : (515, 2499)  (total rays = 515)
  Running sequential KF assimilation …
  [step 1/1] Assimilating GN05 00:00 (515 rays) …
  Running joint (batch) KF assimilation …
  Prior RMSE        : 99.543 TECU
  Post  RMSE (seq)  : 156.451 TECU
  Post  RMSE (joint): 18.518 TECU
  -> Running Lei-Abel inversion...
    [Abel] GN05 00:00: NmF2=4.01e+11 m⁻³  hmF2=364.6 km
  Saved group plot (Sequential KF) → ./Figures/GroupKF/group_2024-10-10_0000__LAT+030_LON-120_seq.png
  Saved group plot (Joint KF) → ./Figures/GroupKF/group_2024-10-10_0000__LAT+030_LON-120_joint.png
  Saved sequential plot → ./Figures/GroupKF/group_2024-10-10_0000__LAT+030_LON-120_sequential.png
Plotting comparison 2024-10-10_0000__LAT+030_LON-120
  Saved comparison plot → ./Figures/GroupKF/group_2024-10-10_0000__LAT+030_LON-120_comparison.png

[2/494]
────────────────────────────────────────────────────────────
  Group : 2024-10-10_0000__LAT+000_LON-060
  Window: 2024-10-10_0000  |  Region: LAT+000_LON-060  |  7 occultation(s)
────────────────────────────────────────────────────────────
Data Flipped: E24 is setting
Data Flipped: G9 is setting
Data Flipped: E5 is setting
Data Flipped: G7 is setting
Data Flipped: R14 is setting
R3 is rising
Data not high enough. Skipping.
    [skip] podTc2_GN05.2024.284.00.09.0011.R07.01_0000.0001_nc — parse returned None
  Parsed 6/7 files successfully.
  Bounding box: lat [-10.4, 76.8]  lon [-91.4, -16.0]  |  vertices: 199
  Final group: 6 occultation(s), 199 mesh vertices
  Saved trim diagnostic → ./Figures/GroupKF/group_2024-10-10_0000__LAT+000_LON-060_trim.png
  [1/6] Building H for GN05 00:00 (214 rays) …
  -> Building H Matrix (214 rays, parallel)...
  [2/6] Building H for GN05 00:03 (286 rays) …
  -> Building H Matrix (286 rays, parallel)...
  [3/6] Building H for GN05 00:05 (153 rays) …
  -> Building H Matrix (153 rays, parallel)...
  [4/6] Building H for GN05 00:08 (132 rays) …
  -> Building H Matrix (132 rays, parallel)...
  [5/6] Building H for GN05 00:08 (90 rays) …
  -> Building H Matrix (90 rays, parallel)...
  [6/6] Building H for GN05 00:09 (797 rays) …
  -> Building H Matrix (797 rays, parallel)...
  Combined H shape : (1672, 10149)  (total rays = 1672)
  Running sequential KF assimilation …
  [step 1/6] Assimilating GN05 00:00 (214 rays) …
  [step 2/6] Assimilating GN05 00:03 (286 rays) …
  [step 3/6] Assimilating GN05 00:05 (153 rays) …
  [step 4/6] Assimilating GN05 00:08 (132 rays) …
  [step 5/6] Assimilating GN05 00:08 (90 rays) …
  [step 6/6] Assimilating GN05 00:09 (797 rays) …
  Running joint (batch) KF assimilation …
  Prior RMSE        : 142.051 TECU
  Post  RMSE (seq)  : 503.346 TECU
  Post  RMSE (joint): 73.011 TECU
  -> Running Lei-Abel inversion...
    [Abel] GN05 00:00: NmF2=9.19e+11 m⁻³  hmF2=476.2 km
  -> Running Lei-Abel inversion...
    [Abel] GN05 00:03: NmF2=1.98e+12 m⁻³  hmF2=533.7 km
  -> Running Lei-Abel inversion...
    [Abel] GN05 00:05: NmF2=1.42e+12 m⁻³  hmF2=551.5 km
  -> Running Lei-Abel inversion...
    [Abel] GN05 00:08: NmF2=8.18e+11 m⁻³  hmF2=536.1 km
  -> Running Lei-Abel inversion...
    [Abel] GN05 00:08: NmF2=7.31e+11 m⁻³  hmF2=557.5 km
  -> Running Lei-Abel inversion...
    [Abel] GN05 00:09: NmF2=1.17e+13 m⁻³  hmF2=527.4 km
  Saved group plot (Sequential KF) → ./Figures/GroupKF/group_2024-10-10_0000__LAT+000_LON-060_seq.png
  Saved group plot (Joint KF) → ./Figures/GroupKF/group_2024-10-10_0000__LAT+000_LON-060_joint.png
  Saved sequential plot → ./Figures/GroupKF/group_2024-10-10_0000__LAT+000_LON-060_sequential.png
Plotting comparison 2024-10-10_0000__LAT+000_LON-060
  Saved comparison plot → ./Figures/GroupKF/group_2024-10-10_0000__LAT+000_LON-060_comparison.png

[3/494]
────────────────────────────────────────────────────────────
  Group : 2024-10-10_0000__POLAR_N
  Window: 2024-10-10_0000  |  Region: POLAR_N  |  20 occultation(s)
────────────────────────────────────────────────────────────
G31 is rising
C27 is rising
C23 is rising
E33 is rising
R12 is rising
E9 is rising
G26 is rising
C28 is rising
C37 is rising
Data Flipped: E8 is setting
G4 is rising
Data Flipped: R15 is setting
Data Flipped: G15 is setting
Data Flipped: G14 is setting
Data Flipped: E15 is setting
Data Flipped: E7 is setting
Data Flipped: R20 is setting
Data Flipped: G11 is setting
Data Flipped: C45 is setting
Data Flipped: C44 is setting
  Parsed 20/20 files successfully.
  [polar] Bounding box: lat [40.1, 90.0]  lon [-180.0, 180.0]  |  vertices: 294
  Final group: 20 occultation(s), 294 mesh vertices
  Saved trim diagnostic → ./Figures/GroupKF/group_2024-10-10_0000__POLAR_N_trim.png
  [1/20] Building H for GN05 00:00 (363 rays) …
  -> Building H Matrix (363 rays, parallel)...
  [2/20] Building H for GN05 00:02 (507 rays) …
  -> Building H Matrix (507 rays, parallel)...
  [3/20] Building H for GN05 00:03 (393 rays) …
  -> Building H Matrix (393 rays, parallel)...
  [4/20] Building H for GN05 00:07 (502 rays) …
  -> Building H Matrix (502 rays, parallel)...
  [5/20] Building H for GN05 00:07 (404 rays) …
  -> Building H Matrix (404 rays, parallel)...
  [6/20] Building H for GN05 00:08 (633 rays) …
  -> Building H Matrix (633 rays, parallel)...
  [7/20] Building H for GN05 00:09 (445 rays) …
  -> Building H Matrix (445 rays, parallel)...
  [8/20] Building H for GN05 00:09 (440 rays) …
  -> Building H Matrix (440 rays, parallel)...
  [9/20] Building H for GN05 00:12 (369 rays) …
  -> Building H Matrix (369 rays, parallel)...
  [10/20] Building H for GN05 00:13 (416 rays) …
  -> Building H Matrix (416 rays, parallel)...
  [11/20] Building H for GN05 00:13 (679 rays) …
  -> Building H Matrix (679 rays, parallel)...
  [12/20] Building H for GN05 00:14 (436 rays) …
  -> Building H Matrix (436 rays, parallel)...
  [13/20] Building H for GN05 00:15 (609 rays) …
  -> Building H Matrix (609 rays, parallel)...
  [14/20] Building H for GN05 00:20 (596 rays) …
  -> Building H Matrix (596 rays, parallel)...
  [15/20] Building H for GN05 00:21 (445 rays) …
  -> Building H Matrix (445 rays, parallel)...
  [16/20] Building H for GN05 00:22 (617 rays) …
  -> Building H Matrix (617 rays, parallel)...
  [17/20] Building H for GN05 00:23 (504 rays) …
  -> Building H Matrix (504 rays, parallel)...
  [18/20] Building H for GN05 00:23 (446 rays) …
  -> Building H Matrix (446 rays, parallel)...
  [19/20] Building H for GN05 00:23 (388 rays) …
  -> Building H Matrix (388 rays, parallel)...
  [20/20] Building H for GN05 00:26 (509 rays) …
  -> Building H Matrix (509 rays, parallel)...
  Combined H shape : (9701, 14994)  (total rays = 9701)
  Running sequential KF assimilation …
  [step 1/20] Assimilating GN05 00:00 (363 rays) …
  [step 2/20] Assimilating GN05 00:02 (507 rays) …
  [step 3/20] Assimilating GN05 00:03 (393 rays) …
  [step 4/20] Assimilating GN05 00:07 (502 rays) …
  [step 5/20] Assimilating GN05 00:07 (404 rays) …
  [step 6/20] Assimilating GN05 00:08 (633 rays) …
  [step 7/20] Assimilating GN05 00:09 (445 rays) …
  [step 8/20] Assimilating GN05 00:09 (440 rays) …
  [step 9/20] Assimilating GN05 00:12 (369 rays) …
  [step 10/20] Assimilating GN05 00:13 (416 rays) …
  [step 11/20] Assimilating GN05 00:13 (679 rays) …
  [step 12/20] Assimilating GN05 00:14 (436 rays) …
  [step 13/20] Assimilating GN05 00:15 (609 rays) …
  [step 14/20] Assimilating GN05 00:20 (596 rays) …
  [step 15/20] Assimilating GN05 00:21 (445 rays) …
  [step 16/20] Assimilating GN05 00:22 (617 rays) …
  [step 17/20] Assimilating GN05 00:23 (504 rays) …
  [step 18/20] Assimilating GN05 00:23 (446 rays) …
  [step 19/20] Assimilating GN05 00:23 (388 rays) …
  [step 20/20] Assimilating GN05 00:26 (509 rays) …
  Running joint (batch) KF assimilation …
  Prior RMSE        : 60.607 TECU
  Post  RMSE (seq)  : 357.991 TECU
  Post  RMSE (joint): 28.677 TECU
  -> Running Lei-Abel inversion...
    [Abel] GN05 00:00: NmF2=2.70e+11 m⁻³  hmF2=365.8 km
  -> Running Lei-Abel inversion...
    [Abel] GN05 00:02: NmF2=5.28e+11 m⁻³  hmF2=361.1 km
  -> Running Lei-Abel inversion...
    [Abel] GN05 00:03: NmF2=5.14e+11 m⁻³  hmF2=339.0 km
  -> Running Lei-Abel inversion...
    [Abel] GN05 00:07: NmF2=7.92e+11 m⁻³  hmF2=255.4 km
  -> Running Lei-Abel inversion...
    [Abel] GN05 00:07: NmF2=7.04e+11 m⁻³  hmF2=376.3 km
  -> Running Lei-Abel inversion...
    [Abel] GN05 00:08: NmF2=7.42e+11 m⁻³  hmF2=258.5 km
  -> Running Lei-Abel inversion...
    [Abel] GN05 00:09: NmF2=4.35e+11 m⁻³  hmF2=360.2 km
  -> Running Lei-Abel inversion...
    [Abel] GN05 00:09: NmF2=1.05e+12 m⁻³  hmF2=268.8 km
  -> Running Lei-Abel inversion...
    [Abel] GN05 00:12: NmF2=7.64e+11 m⁻³  hmF2=272.4 km
  -> Running Lei-Abel inversion...
    [Abel] GN05 00:13: NmF2=1.55e+11 m⁻³  hmF2=382.9 km
  -> Running Lei-Abel inversion...
    [Abel] GN05 00:13: NmF2=1.26e+12 m⁻³  hmF2=294.3 km
  -> Running Lei-Abel inversion...
    [Abel] GN05 00:14: NmF2=3.31e+11 m⁻³  hmF2=389.3 km
  -> Running Lei-Abel inversion...
    [Abel] GN05 00:15: NmF2=4.72e+11 m⁻³  hmF2=443.2 km
  -> Running Lei-Abel inversion...
    [Abel] GN05 00:20: NmF2=6.16e+11 m⁻³  hmF2=338.5 km
  -> Running Lei-Abel inversion...
    [Abel] GN05 00:21: NmF2=5.03e+11 m⁻³  hmF2=346.5 km
  -> Running Lei-Abel inversion...
    [Abel] GN05 00:22: NmF2=6.25e+11 m⁻³  hmF2=362.1 km
  -> Running Lei-Abel inversion...
    [Abel] GN05 00:23: NmF2=5.05e+11 m⁻³  hmF2=293.3 km
  -> Running Lei-Abel inversion...
    [Abel] GN05 00:23: NmF2=5.66e+11 m⁻³  hmF2=317.7 km
  -> Running Lei-Abel inversion...
    [Abel] GN05 00:23: NmF2=5.45e+11 m⁻³  hmF2=321.6 km
  -> Running Lei-Abel inversion...
    [Abel] GN05 00:26: NmF2=6.85e+11 m⁻³  hmF2=272.8 km
  Saved group plot (Sequential KF) → ./Figures/GroupKF/group_2024-10-10_0000__POLAR_N_seq.png
  Saved group plot (Joint KF) → ./Figures/GroupKF/group_2024-10-10_0000__POLAR_N_joint.png
  Saved sequential plot → ./Figures/GroupKF/group_2024-10-10_0000__POLAR_N_sequential.png
Plotting comparison 2024-10-10_0000__POLAR_N
  Saved comparison plot → ./Figures/GroupKF/group_2024-10-10_0000__POLAR_N_comparison.png

[4/494]
────────────────────────────────────────────────────────────
  Group : 2024-10-10_0000__LAT+030_LON+120
  Window: 2024-10-10_0000  |  Region: LAT+030_LON+120  |  14 occultation(s)
────────────────────────────────────────────────────────────
Data Flipped: R7 is setting
Data Flipped: E2 is setting
Data Flipped: R16 is setting
Data Flipped: R19 is setting
Data Flipped: C35 is setting
Data Flipped: C40 is setting
Data Flipped: G24 is setting
G23 is rising
Data Flipped: C26 is setting
G8 is rising
G27 is rising
E31 is rising
E24 is rising
G9 is rising
  Parsed 14/14 files successfully.
  Bounding box: lat [8.0, 81.3]  lon [89.2, -55.6]  |  vertices: 418
  [trim] n_geo=418 > MAX_MESH_VERTICES=300 — dropping GN04 00:01 (82.3° from centroid)
  Bounding box: lat [8.0, 81.3]  lon [99.4, -55.6]  |  vertices: 399
  [trim] n_geo=399 > MAX_MESH_VERTICES=300 — dropping GN05 00:21 (65.4° from centroid)
  Bounding box: lat [8.6, 81.3]  lon [99.4, -55.6]  |  vertices: 394
  [trim] n_geo=394 > MAX_MESH_VERTICES=300 — dropping GN05 00:13 (67.6° from centroid)
  Bounding box: lat [8.6, 81.3]  lon [99.4, -55.6]  |  vertices: 394
  [trim] n_geo=394 > MAX_MESH_VERTICES=300 — dropping GN05 00:24 (68.2° from centroid)
  Bounding box: lat [8.6, 81.3]  lon [99.4, -55.6]  |  vertices: 394
  [trim] n_geo=394 > MAX_MESH_VERTICES=300 — dropping GN04 00:01 (74.5° from centroid)
  Bounding box: lat [8.6, 81.3]  lon [99.4, -55.6]  |  vertices: 394
  [trim] n_geo=394 > MAX_MESH_VERTICES=300 — dropping GN05 00:12 (72.2° from centroid)
  Bounding box: lat [8.6, 81.3]  lon [99.4, -55.6]  |  vertices: 394
  [trim] n_geo=394 > MAX_MESH_VERTICES=300 — dropping GN05 00:08 (78.0° from centroid)
  Bounding box: lat [8.6, 81.3]  lon [124.8, 178.2]  |  vertices: 101
  Final group: 7 occultation(s), 101 mesh vertices
  Saved trim diagnostic → ./Figures/GroupKF/group_2024-10-10_0000__LAT+030_LON+120_trim.png
  [1/7] Building H for GN04 00:01 (414 rays) …
  -> Building H Matrix (414 rays, parallel)...
  [2/7] Building H for GN04 00:04 (380 rays) …
  -> Building H Matrix (380 rays, parallel)...
  [3/7] Building H for GN04 00:05 (228 rays) …
  -> Building H Matrix (228 rays, parallel)...
  [4/7] Building H for GN04 00:06 (234 rays) …
  -> Building H Matrix (234 rays, parallel)...
  [5/7] Building H for GN04 00:06 (357 rays) …
  -> Building H Matrix (357 rays, parallel)...
  [6/7] Building H for GN04 00:09 (176 rays) …
  -> Building H Matrix (176 rays, parallel)...
  [7/7] Building H for GN05 00:14 (393 rays) …
  -> Building H Matrix (393 rays, parallel)...
  Combined H shape : (2182, 5151)  (total rays = 2182)
  Running sequential KF assimilation …
  [step 1/7] Assimilating GN04 00:01 (414 rays) …
  [step 2/7] Assimilating GN04 00:04 (380 rays) …
  [step 3/7] Assimilating GN04 00:05 (228 rays) …
  [step 4/7] Assimilating GN04 00:06 (234 rays) …
  [step 5/7] Assimilating GN04 00:06 (357 rays) …
  [step 6/7] Assimilating GN04 00:09 (176 rays) …
  [step 7/7] Assimilating GN05 00:14 (393 rays) …
  Running joint (batch) KF assimilation …
  Prior RMSE        : 194.255 TECU
  Post  RMSE (seq)  : 194.637 TECU
  Post  RMSE (joint): 58.126 TECU
  -> Running Lei-Abel inversion...
    [Abel] GN04 00:01: NmF2=2.06e+12 m⁻³  hmF2=288.4 km
  -> Running Lei-Abel inversion...
    [Abel] GN04 00:04: NmF2=2.25e+12 m⁻³  hmF2=289.4 km
  -> Running Lei-Abel inversion...
    [Abel] GN04 00:05: NmF2=8.00e+11 m⁻³  hmF2=407.1 km
  -> Running Lei-Abel inversion...
    [Abel] GN04 00:06: NmF2=4.90e+11 m⁻³  hmF2=426.2 km
  -> Running Lei-Abel inversion...
    [Abel] GN04 00:06: NmF2=2.34e+12 m⁻³  hmF2=280.5 km
  -> Running Lei-Abel inversion...
    [Abel] GN04 00:09: NmF2=9.02e+11 m⁻³  hmF2=426.7 km
  -> Running Lei-Abel inversion...
    [Abel] GN05 00:14: NmF2=1.50e+12 m⁻³  hmF2=276.0 km
  Saved group plot (Sequential KF) → ./Figures/GroupKF/group_2024-10-10_0000__LAT+030_LON+120_seq.png
  Saved group plot (Joint KF) → ./Figures/GroupKF/group_2024-10-10_0000__LAT+030_LON+120_joint.png
  Saved sequential plot → ./Figures/GroupKF/group_2024-10-10_0000__LAT+030_LON+120_sequential.png
Plotting comparison 2024-10-10_0000__LAT+030_LON+120
  Saved comparison plot → ./Figures/GroupKF/group_2024-10-10_0000__LAT+030_LON+120_comparison.png

[5/494]
────────────────────────────────────────────────────────────
  Group : 2024-10-10_0000__LAT-030_LON+120
  Window: 2024-10-10_0000  |  Region: LAT-030_LON+120  |  18 occultation(s)
────────────────────────────────────────────────────────────
R5 is rising
E3 is rising
C38 is rising
C22 is rising
G5 is rising
G30 is rising
C21 is rising
C19 is rising
C36 is rising
E25 is rising
Data Flipped: R18 is setting
Data Flipped: E36 is setting
Data Flipped: G25 is setting
Data Flipped: R8 is setting
Data Flipped: C33 is setting
Data Flipped: E21 is setting
Data Flipped: G32 is setting
Data Flipped: E19 is setting
  Parsed 18/18 files successfully.
  Bounding box: lat [-61.4, 29.6]  lon [96.9, -29.5]  |  vertices: 734
  [trim] n_geo=734 > MAX_MESH_VERTICES=300 — dropping GN04 00:07 (89.4° from centroid)
  Bounding box: lat [-61.4, 29.6]  lon [96.9, -29.5]  |  vertices: 734
  [trim] n_geo=734 > MAX_MESH_VERTICES=300 — dropping GN04 00:10 (94.4° from centroid)
  Bounding box: lat [-61.4, 29.6]  lon [96.9, -29.5]  |  vertices: 734
  [trim] n_geo=734 > MAX_MESH_VERTICES=300 — dropping GN04 00:20 (64.1° from centroid)
  Bounding box: lat [-52.4, 29.6]  lon [100.2, 175.4]  |  vertices: 222
  Final group: 15 occultation(s), 222 mesh vertices
  Saved trim diagnostic → ./Figures/GroupKF/group_2024-10-10_0000__LAT-030_LON+120_trim.png
  [1/15] Building H for GN04 00:01 (383 rays) …
  -> Building H Matrix (383 rays, parallel)...
  [2/15] Building H for GN04 00:03 (343 rays) …
  -> Building H Matrix (343 rays, parallel)...
  [3/15] Building H for GN04 00:04 (408 rays) …
  -> Building H Matrix (408 rays, parallel)...
  [4/15] Building H for GN04 00:04 (405 rays) …
  -> Building H Matrix (405 rays, parallel)...
  [5/15] Building H for GN04 00:04 (410 rays) …
  -> Building H Matrix (410 rays, parallel)...
  [6/15] Building H for GN04 00:06 (389 rays) …
  -> Building H Matrix (389 rays, parallel)...
  [7/15] Building H for GN04 00:07 (421 rays) …
  -> Building H Matrix (421 rays, parallel)...
  [8/15] Building H for GN04 00:08 (456 rays) …
  -> Building H Matrix (456 rays, parallel)...
  [9/15] Building H for GN04 00:13 (534 rays) …
  -> Building H Matrix (534 rays, parallel)...
  [10/15] Building H for GN04 00:14 (601 rays) …
  -> Building H Matrix (601 rays, parallel)...
  [11/15] Building H for GN04 00:18 (472 rays) …
  -> Building H Matrix (472 rays, parallel)...
  [12/15] Building H for GN04 00:18 (563 rays) …
  -> Building H Matrix (563 rays, parallel)...
  [13/15] Building H for GN04 00:21 (646 rays) …
  -> Building H Matrix (646 rays, parallel)...
  [14/15] Building H for GN04 00:22 (410 rays) …
  -> Building H Matrix (410 rays, parallel)...
  [15/15] Building H for GN04 00:23 (386 rays) …
  -> Building H Matrix (386 rays, parallel)...
  Combined H shape : (6827, 11322)  (total rays = 6827)
  Running sequential KF assimilation …
  [step 1/15] Assimilating GN04 00:01 (383 rays) …
  [step 2/15] Assimilating GN04 00:03 (343 rays) …
  [step 3/15] Assimilating GN04 00:04 (408 rays) …
  [step 4/15] Assimilating GN04 00:04 (405 rays) …
  [step 5/15] Assimilating GN04 00:04 (410 rays) …
  [step 6/15] Assimilating GN04 00:06 (389 rays) …
  [step 7/15] Assimilating GN04 00:07 (421 rays) …
  [step 8/15] Assimilating GN04 00:08 (456 rays) …
  [step 9/15] Assimilating GN04 00:13 (534 rays) …
  [step 10/15] Assimilating GN04 00:14 (601 rays) …
  [step 11/15] Assimilating GN04 00:18 (472 rays) …
  [step 12/15] Assimilating GN04 00:18 (563 rays) …
  [step 13/15] Assimilating GN04 00:21 (646 rays) …
  [step 14/15] Assimilating GN04 00:22 (410 rays) …
  [step 15/15] Assimilating GN04 00:23 (386 rays) …
  Running joint (batch) KF assimilation …
  Prior RMSE        : 204.921 TECU
  Post  RMSE (seq)  : 132.971 TECU
  Post  RMSE (joint): 74.292 TECU
  -> Running Lei-Abel inversion...
    [Abel] GN04 00:01: NmF2=2.47e+12 m⁻³  hmF2=367.6 km
  -> Running Lei-Abel inversion...
    [Abel] GN04 00:03: NmF2=2.53e+12 m⁻³  hmF2=335.4 km
  -> Running Lei-Abel inversion...
    [Abel] GN04 00:04: NmF2=1.53e+12 m⁻³  hmF2=302.9 km
  -> Running Lei-Abel inversion...
    [Abel] GN04 00:04: NmF2=2.18e+12 m⁻³  hmF2=315.0 km
  -> Running Lei-Abel inversion...
    [Abel] GN04 00:04: NmF2=1.72e+12 m⁻³  hmF2=303.4 km
  -> Running Lei-Abel inversion...
    [Abel] GN04 00:06: NmF2=2.36e+12 m⁻³  hmF2=322.5 km
  -> Running Lei-Abel inversion...
    [Abel] GN04 00:07: NmF2=1.54e+12 m⁻³  hmF2=299.5 km
  -> Running Lei-Abel inversion...
    [Abel] GN04 00:08: NmF2=1.96e+12 m⁻³  hmF2=318.6 km
  -> Running Lei-Abel inversion...
    [Abel] GN04 00:13: NmF2=2.50e+12 m⁻³  hmF2=406.0 km
  -> Running Lei-Abel inversion...
    [Abel] GN04 00:14: NmF2=2.74e+12 m⁻³  hmF2=384.4 km
  -> Running Lei-Abel inversion...
    [Abel] GN04 00:18: NmF2=2.32e+12 m⁻³  hmF2=312.9 km
  -> Running Lei-Abel inversion...
    [Abel] GN04 00:18: NmF2=2.16e+12 m⁻³  hmF2=293.3 km
  -> Running Lei-Abel inversion...
    [Abel] GN04 00:21: NmF2=2.13e+12 m⁻³  hmF2=288.1 km
  -> Running Lei-Abel inversion...
    [Abel] GN04 00:22: NmF2=1.53e+12 m⁻³  hmF2=293.2 km
  -> Running Lei-Abel inversion...
    [Abel] GN04 00:23: NmF2=1.37e+12 m⁻³  hmF2=289.9 km
  Saved group plot (Sequential KF) → ./Figures/GroupKF/group_2024-10-10_0000__LAT-030_LON+120_seq.png
  Saved group plot (Joint KF) → ./Figures/GroupKF/group_2024-10-10_0000__LAT-030_LON+120_joint.png
  Saved sequential plot → ./Figures/GroupKF/group_2024-10-10_0000__LAT-030_LON+120_sequential.png
Plotting comparison 2024-10-10_0000__LAT-030_LON+120
  Saved comparison plot → ./Figures/GroupKF/group_2024-10-10_0000__LAT-030_LON+120_comparison.png

[6/494]
────────────────────────────────────────────────────────────
  Group : 2024-10-10_0000__LAT-060_LON+120
  Window: 2024-10-10_0000  |  Region: LAT-060_LON+120  |  11 occultation(s)
────────────────────────────────────────────────────────────
R21 is rising
E13 is rising
E8 is rising
R15 is rising
Data Flipped: G3 is setting
Data Flipped: R1 is setting
Data Flipped: C25 is setting
Data Flipped: C41 is setting
Data Flipped: R2 is setting
Data Flipped: C32 is setting
Data Flipped: R17 is setting
  Parsed 11/11 files successfully.
  Bounding box: lat [-70.3, -6.4]  lon [87.7, -165.2]  |  vertices: 204
  Final group: 11 occultation(s), 204 mesh vertices
  Saved trim diagnostic → ./Figures/GroupKF/group_2024-10-10_0000__LAT-060_LON+120_trim.png
  [1/11] Building H for GN04 00:03 (561 rays) …
  -> Building H Matrix (561 rays, parallel)...
  [2/11] Building H for GN04 00:06 (471 rays) …
  -> Building H Matrix (471 rays, parallel)...
  [3/11] Building H for GN04 00:10 (375 rays) …
  -> Building H Matrix (375 rays, parallel)...
  [4/11] Building H for GN04 00:12 (471 rays) …
  -> Building H Matrix (471 rays, parallel)...
  [5/11] Building H for GN04 00:23 (563 rays) …
  -> Building H Matrix (563 rays, parallel)...
  [6/11] Building H for GN04 00:24 (383 rays) …
  -> Building H Matrix (383 rays, parallel)...
  [7/11] Building H for GN04 00:26 (447 rays) …
  -> Building H Matrix (447 rays, parallel)...
  [8/11] Building H for GN04 00:26 (415 rays) …
  -> Building H Matrix (415 rays, parallel)...
  [9/11] Building H for GN04 00:27 (443 rays) …
  -> Building H Matrix (443 rays, parallel)...
  [10/11] Building H for GN04 00:27 (422 rays) …
  -> Building H Matrix (422 rays, parallel)...
  [11/11] Building H for GN04 00:29 (569 rays) …
  -> Building H Matrix (569 rays, parallel)...
  Combined H shape : (5120, 10404)  (total rays = 5120)
  Running sequential KF assimilation …
  [step 1/11] Assimilating GN04 00:03 (561 rays) …
  [step 2/11] Assimilating GN04 00:06 (471 rays) …
  [step 3/11] Assimilating GN04 00:10 (375 rays) …
  [step 4/11] Assimilating GN04 00:12 (471 rays) …
  [step 5/11] Assimilating GN04 00:23 (563 rays) …
  [step 6/11] Assimilating GN04 00:24 (383 rays) …
  [step 7/11] Assimilating GN04 00:26 (447 rays) …
  [step 8/11] Assimilating GN04 00:26 (415 rays) …
  [step 9/11] Assimilating GN04 00:27 (443 rays) …
  [step 10/11] Assimilating GN04 00:27 (422 rays) …
  [step 11/11] Assimilating GN04 00:29 (569 rays) …
  Running joint (batch) KF assimilation …
  Prior RMSE        : 165.841 TECU
  Post  RMSE (seq)  : 232.556 TECU
  Post  RMSE (joint): 49.185 TECU
  -> Running Lei-Abel inversion...
    [Abel] GN04 00:03: NmF2=9.35e+11 m⁻³  hmF2=291.5 km
  -> Running Lei-Abel inversion...
    [Abel] GN04 00:06: NmF2=7.82e+11 m⁻³  hmF2=286.2 km
  -> Running Lei-Abel inversion...
    [Abel] GN04 00:10: NmF2=1.03e+12 m⁻³  hmF2=282.9 km
  -> Running Lei-Abel inversion...
    [Abel] GN04 00:12: NmF2=1.49e+12 m⁻³  hmF2=304.8 km
  -> Running Lei-Abel inversion...
    [Abel] GN04 00:23: NmF2=1.39e+12 m⁻³  hmF2=263.3 km
  -> Running Lei-Abel inversion...
    [Abel] GN04 00:24: NmF2=9.49e+11 m⁻³  hmF2=276.7 km
  -> Running Lei-Abel inversion...
    [Abel] GN04 00:26: NmF2=6.85e+11 m⁻³  hmF2=258.7 km
  -> Running Lei-Abel inversion...
    [Abel] GN04 00:26: NmF2=6.59e+11 m⁻³  hmF2=280.1 km
  -> Running Lei-Abel inversion...
    [Abel] GN04 00:27: NmF2=5.55e+11 m⁻³  hmF2=283.0 km
  -> Running Lei-Abel inversion...
    [Abel] GN04 00:27: NmF2=5.51e+11 m⁻³  hmF2=289.1 km
  -> Running Lei-Abel inversion...
    [Abel] GN04 00:29: NmF2=6.21e+11 m⁻³  hmF2=324.6 km
  Saved group plot (Sequential KF) → ./Figures/GroupKF/group_2024-10-10_0000__LAT-060_LON+120_seq.png
  Saved group plot (Joint KF) → ./Figures/GroupKF/group_2024-10-10_0000__LAT-060_LON+120_joint.png
  Saved sequential plot → ./Figures/GroupKF/group_2024-10-10_0000__LAT-060_LON+120_sequential.png
Plotting comparison 2024-10-10_0000__LAT-060_LON+120
  Saved comparison plot → ./Figures/GroupKF/group_2024-10-10_0000__LAT-060_LON+120_comparison.png

[7/494]
────────────────────────────────────────────────────────────
  Group : 2024-10-10_0000__LAT+030_LON-060
  Window: 2024-10-10_0000  |  Region: LAT+030_LON-060  |  16 occultation(s)
────────────────────────────────────────────────────────────
Data Flipped: R5 is setting
Data Flipped: R21 is setting
Data Flipped: E3 is setting
Data Flipped: E13 is setting
Data Flipped: C38 is setting
Data Flipped: C34 is setting
Data Flipped: G5 is setting
Data Flipped: C22 is setting
Data Flipped: R4 is setting
Data Flipped: G29 is setting
Data Flipped: C21 is setting
Data Flipped: E25 is setting
Data Flipped: C19 is setting
Data Flipped: C42 is setting
Data Flipped: G30 is setting
Data Flipped: C36 is setting
  Parsed 16/16 files successfully.
  Bounding box: lat [13.8, 79.0]  lon [-0.4, -10.2]  |  vertices: 597
  [trim] n_geo=597 > MAX_MESH_VERTICES=300 — dropping GN05 00:09 (79.5° from centroid)
  Bounding box: lat [13.8, 79.0]  lon [-0.4, -10.2]  |  vertices: 597
  [trim] n_geo=597 > MAX_MESH_VERTICES=300 — dropping GN05 00:10 (29.7° from centroid)
  Bounding box: lat [13.8, 70.7]  lon [-85.9, 18.8]  |  vertices: 169
  Final group: 14 occultation(s), 169 mesh vertices
  Saved trim diagnostic → ./Figures/GroupKF/group_2024-10-10_0000__LAT+030_LON-060_trim.png
  [1/14] Building H for GN05 00:06 (367 rays) …
  -> Building H Matrix (367 rays, parallel)...
  [2/14] Building H for GN05 00:08 (467 rays) …
  -> Building H Matrix (467 rays, parallel)...
  [3/14] Building H for GN05 00:08 (329 rays) …
  -> Building H Matrix (329 rays, parallel)...
  [4/14] Building H for GN05 00:08 (539 rays) …
  -> Building H Matrix (539 rays, parallel)...
  [5/14] Building H for GN05 00:08 (281 rays) …
  -> Building H Matrix (281 rays, parallel)...
  [6/14] Building H for GN05 00:08 (725 rays) …
  -> Building H Matrix (725 rays, parallel)...
  [7/14] Building H for GN05 00:08 (446 rays) …
  -> Building H Matrix (446 rays, parallel)...
  [8/14] Building H for GN05 00:08 (399 rays) …
  -> Building H Matrix (399 rays, parallel)...
  [9/14] Building H for GN05 00:08 (220 rays) …
  -> Building H Matrix (220 rays, parallel)...
  [10/14] Building H for GN05 00:09 (417 rays) …
  -> Building H Matrix (417 rays, parallel)...
  [11/14] Building H for GN05 00:09 (631 rays) …
  -> Building H Matrix (631 rays, parallel)...
  [12/14] Building H for GN05 00:09 (510 rays) …
  -> Building H Matrix (510 rays, parallel)...
  [13/14] Building H for GN05 00:10 (375 rays) …
  -> Building H Matrix (375 rays, parallel)...
  [14/14] Building H for GN05 00:15 (244 rays) …
  -> Building H Matrix (244 rays, parallel)...
  Combined H shape : (5950, 8619)  (total rays = 5950)
  Running sequential KF assimilation …
  [step 1/14] Assimilating GN05 00:06 (367 rays) …
  [step 2/14] Assimilating GN05 00:08 (467 rays) …
  [step 3/14] Assimilating GN05 00:08 (329 rays) …
  [step 4/14] Assimilating GN05 00:08 (539 rays) …
  [step 5/14] Assimilating GN05 00:08 (281 rays) …
  [step 6/14] Assimilating GN05 00:08 (725 rays) …
  [step 7/14] Assimilating GN05 00:08 (446 rays) …
  [step 8/14] Assimilating GN05 00:08 (399 rays) …
  [step 9/14] Assimilating GN05 00:08 (220 rays) …
  [step 10/14] Assimilating GN05 00:09 (417 rays) …
  [step 11/14] Assimilating GN05 00:09 (631 rays) …
  [step 12/14] Assimilating GN05 00:09 (510 rays) …
  [step 13/14] Assimilating GN05 00:10 (375 rays) …
  [step 14/14] Assimilating GN05 00:15 (244 rays) …
  Running joint (batch) KF assimilation …
  Prior RMSE        : 75.733 TECU
  Post  RMSE (seq)  : 71.566 TECU
  Post  RMSE (joint): 47.438 TECU
  -> Running Lei-Abel inversion...
    [Abel] GN05 00:06: NmF2=8.06e+11 m⁻³  hmF2=168.9 km
  -> Running Lei-Abel inversion...
    [Abel] GN05 00:08: NmF2=9.94e+11 m⁻³  hmF2=274.9 km
  -> Running Lei-Abel inversion...
    [Abel] GN05 00:08: NmF2=5.10e+11 m⁻³  hmF2=158.1 km
  -> Running Lei-Abel inversion...
    [Abel] GN05 00:08: NmF2=2.67e+11 m⁻³  hmF2=150.7 km
  -> Running Lei-Abel inversion...
    [Abel] GN05 00:08: NmF2=7.69e+11 m⁻³  hmF2=353.7 km
  -> Running Lei-Abel inversion...
    [Abel] GN05 00:08: NmF2=1.19e+12 m⁻³  hmF2=218.8 km
  -> Running Lei-Abel inversion...
    [Abel] GN05 00:08: NmF2=2.60e+11 m⁻³  hmF2=391.9 km
  -> Running Lei-Abel inversion...
    [Abel] GN05 00:08: NmF2=3.39e+11 m⁻³  hmF2=382.1 km
  -> Running Lei-Abel inversion...
    [Abel] GN05 00:08: NmF2=9.92e+11 m⁻³  hmF2=489.0 km
  -> Running Lei-Abel inversion...
    [Abel] GN05 00:09: NmF2=3.14e+11 m⁻³  hmF2=192.1 km
  -> Running Lei-Abel inversion...
    [Abel] GN05 00:09: NmF2=6.65e+11 m⁻³  hmF2=336.4 km
  -> Running Lei-Abel inversion...
    [Abel] GN05 00:09: NmF2=9.74e+11 m⁻³  hmF2=309.2 km
  -> Running Lei-Abel inversion...
    [Abel] GN05 00:10: NmF2=3.07e+11 m⁻³  hmF2=362.5 km
  -> Running Lei-Abel inversion...
    [Abel] GN05 00:15: NmF2=2.24e+11 m⁻³  hmF2=402.0 km
  Saved group plot (Sequential KF) → ./Figures/GroupKF/group_2024-10-10_0000__LAT+030_LON-060_seq.png
  Saved group plot (Joint KF) → ./Figures/GroupKF/group_2024-10-10_0000__LAT+030_LON-060_joint.png
  Saved sequential plot → ./Figures/GroupKF/group_2024-10-10_0000__LAT+030_LON-060_sequential.png
Plotting comparison 2024-10-10_0000__LAT+030_LON-060
  Saved comparison plot → ./Figures/GroupKF/group_2024-10-10_0000__LAT+030_LON-060_comparison.png

[8/494]
────────────────────────────────────────────────────────────
  Group : 2024-10-10_0000__LAT+000_LON+120
  Window: 2024-10-10_0000  |  Region: LAT+000_LON+120  |  15 occultation(s)
────────────────────────────────────────────────────────────
Data Flipped: E30 is setting
Data Flipped: R9 is setting
Data Flipped: G17 is setting
Data Flipped: G12 is setting
Data Flipped: C29 is setting
Data Flipped: E27 is setting
Data Flipped: C24 is setting
Data Flipped: E29 is setting
R22 is rising
C43 is rising
E26 is rising
G18 is rising
E5 is rising
R14 is rising
G7 is rising
  Parsed 15/15 files successfully.
  Bounding box: lat [-24.6, 51.0]  lon [109.1, -165.4]  |  vertices: 234
  Final group: 15 occultation(s), 234 mesh vertices
  Saved trim diagnostic → ./Figures/GroupKF/group_2024-10-10_0000__LAT+000_LON+120_trim.png
  [1/15] Building H for GN04 00:08 (374 rays) …
  -> Building H Matrix (374 rays, parallel)...
  [2/15] Building H for GN04 00:10 (358 rays) …
  -> Building H Matrix (358 rays, parallel)...
  [3/15] Building H for GN04 00:12 (616 rays) …
  -> Building H Matrix (616 rays, parallel)...
  [4/15] Building H for GN04 00:13 (344 rays) …
  -> Building H Matrix (344 rays, parallel)...
  [5/15] Building H for GN04 00:13 (609 rays) …
  -> Building H Matrix (609 rays, parallel)...
  [6/15] Building H for GN04 00:13 (351 rays) …
  -> Building H Matrix (351 rays, parallel)...
  [7/15] Building H for GN04 00:14 (387 rays) …
  -> Building H Matrix (387 rays, parallel)...
  [8/15] Building H for GN04 00:15 (419 rays) …
  -> Building H Matrix (419 rays, parallel)...
  [9/15] Building H for GN05 00:20 (576 rays) …
  -> Building H Matrix (576 rays, parallel)...
  [10/15] Building H for GN05 00:21 (730 rays) …
  -> Building H Matrix (730 rays, parallel)...
  [11/15] Building H for GN05 00:22 (629 rays) …
  -> Building H Matrix (629 rays, parallel)...
  [12/15] Building H for GN05 00:23 (595 rays) …
  -> Building H Matrix (595 rays, parallel)...
  [13/15] Building H for GN05 00:25 (613 rays) …
  -> Building H Matrix (613 rays, parallel)...
  [14/15] Building H for GN05 00:25 (378 rays) …
  -> Building H Matrix (378 rays, parallel)...
  [15/15] Building H for GN05 00:26 (399 rays) …
  -> Building H Matrix (399 rays, parallel)...
  Combined H shape : (7378, 11934)  (total rays = 7378)
  Running sequential KF assimilation …
  [step 1/15] Assimilating GN04 00:08 (374 rays) …
  [step 2/15] Assimilating GN04 00:10 (358 rays) …
  [step 3/15] Assimilating GN04 00:12 (616 rays) …
  [step 4/15] Assimilating GN04 00:13 (344 rays) …
  [step 5/15] Assimilating GN04 00:13 (609 rays) …
  [step 6/15] Assimilating GN04 00:13 (351 rays) …
  [step 7/15] Assimilating GN04 00:14 (387 rays) …
  [step 8/15] Assimilating GN04 00:15 (419 rays) …
  [step 9/15] Assimilating GN05 00:20 (576 rays) …
  [step 10/15] Assimilating GN05 00:21 (730 rays) …
  [step 11/15] Assimilating GN05 00:22 (629 rays) …
  [step 12/15] Assimilating GN05 00:23 (595 rays) …
  [step 13/15] Assimilating GN05 00:25 (613 rays) …
  [step 14/15] Assimilating GN05 00:25 (378 rays) …
  [step 15/15] Assimilating GN05 00:26 (399 rays) …
  Running joint (batch) KF assimilation …
  Prior RMSE        : 332.179 TECU
  Post  RMSE (seq)  : 199.758 TECU
  Post  RMSE (joint): 70.805 TECU
  -> Running Lei-Abel inversion...
    [Abel] GN04 00:08: NmF2=2.43e+12 m⁻³  hmF2=316.5 km
  -> Running Lei-Abel inversion...
    [Abel] GN04 00:10: NmF2=2.16e+12 m⁻³  hmF2=374.5 km
  -> Running Lei-Abel inversion...
    [Abel] GN04 00:12: NmF2=2.60e+12 m⁻³  hmF2=430.9 km
  -> Running Lei-Abel inversion...
    [Abel] GN04 00:13: NmF2=2.09e+12 m⁻³  hmF2=363.5 km
  -> Running Lei-Abel inversion...
    [Abel] GN04 00:13: NmF2=2.65e+12 m⁻³  hmF2=415.2 km
  -> Running Lei-Abel inversion...
    [Abel] GN04 00:13: NmF2=2.11e+12 m⁻³  hmF2=357.6 km
  -> Running Lei-Abel inversion...
    [Abel] GN04 00:14: NmF2=2.32e+12 m⁻³  hmF2=366.8 km
  -> Running Lei-Abel inversion...
    [Abel] GN04 00:15: NmF2=2.37e+12 m⁻³  hmF2=351.9 km
  -> Running Lei-Abel inversion...
    [Abel] GN05 00:20: NmF2=2.52e+12 m⁻³  hmF2=374.4 km
  -> Running Lei-Abel inversion...
    [Abel] GN05 00:21: NmF2=2.46e+12 m⁻³  hmF2=392.1 km
  -> Running Lei-Abel inversion...
    [Abel] GN05 00:22: NmF2=2.24e+12 m⁻³  hmF2=402.1 km
  -> Running Lei-Abel inversion...
    [Abel] GN05 00:23: NmF2=2.20e+12 m⁻³  hmF2=369.4 km
  -> Running Lei-Abel inversion...
    [Abel] GN05 00:25: NmF2=2.96e+12 m⁻³  hmF2=333.7 km
  -> Running Lei-Abel inversion...
    [Abel] GN05 00:25: NmF2=2.49e+12 m⁻³  hmF2=350.2 km
  -> Running Lei-Abel inversion...
    [Abel] GN05 00:26: NmF2=2.53e+12 m⁻³  hmF2=377.0 km
  Saved group plot (Sequential KF) → ./Figures/GroupKF/group_2024-10-10_0000__LAT+000_LON+120_seq.png
  Saved group plot (Joint KF) → ./Figures/GroupKF/group_2024-10-10_0000__LAT+000_LON+120_joint.png
  Saved sequential plot → ./Figures/GroupKF/group_2024-10-10_0000__LAT+000_LON+120_sequential.png
Plotting comparison 2024-10-10_0000__LAT+000_LON+120
  Saved comparison plot → ./Figures/GroupKF/group_2024-10-10_0000__LAT+000_LON+120_comparison.png

[9/494]
────────────────────────────────────────────────────────────
  Group : 2024-10-10_0000__LAT-060_LON+060
  Window: 2024-10-10_0000  |  Region: LAT-060_LON+060  |  5 occultation(s)
────────────────────────────────────────────────────────────
C34 is rising
G15 is rising
C42 is rising
Data Flipped: R11 is setting
R7 is rising
  Parsed 5/5 files successfully.
  Bounding box: lat [-85.2, -12.4]  lon [27.6, 141.9]  |  vertices: 205
  Final group: 5 occultation(s), 205 mesh vertices
  Saved trim diagnostic → ./Figures/GroupKF/group_2024-10-10_0000__LAT-060_LON+060_trim.png
  [1/5] Building H for GN04 00:08 (679 rays) …
  -> Building H Matrix (679 rays, parallel)...
  [2/5] Building H for GN04 00:15 (464 rays) …
  -> Building H Matrix (464 rays, parallel)...
  [3/5] Building H for GN04 00:20 (947 rays) …
  -> Building H Matrix (947 rays, parallel)...
  [4/5] Building H for GN04 00:27 (458 rays) …
  -> Building H Matrix (458 rays, parallel)...
  [5/5] Building H for GN04 00:29 (946 rays) …
  -> Building H Matrix (946 rays, parallel)...
  Combined H shape : (3494, 10455)  (total rays = 3494)
  Running sequential KF assimilation …
  [step 1/5] Assimilating GN04 00:08 (679 rays) …
  [step 2/5] Assimilating GN04 00:15 (464 rays) …
  [step 3/5] Assimilating GN04 00:20 (947 rays) …
  [step 4/5] Assimilating GN04 00:27 (458 rays) …
  [step 5/5] Assimilating GN04 00:29 (946 rays) …
  Running joint (batch) KF assimilation …
  Prior RMSE        : 56.159 TECU
  Post  RMSE (seq)  : 190.151 TECU
  Post  RMSE (joint): 23.116 TECU
  -> Running Lei-Abel inversion...
    [Abel] GN04 00:08: NmF2=4.31e+11 m⁻³  hmF2=316.4 km
  -> Running Lei-Abel inversion...
    [Abel] GN04 00:15: NmF2=4.81e+11 m⁻³  hmF2=300.7 km
  -> Running Lei-Abel inversion...
    [Abel] GN04 00:20: NmF2=4.15e+11 m⁻³  hmF2=306.5 km
  -> Running Lei-Abel inversion...
    [Abel] GN04 00:27: NmF2=4.66e+11 m⁻³  hmF2=285.5 km
  -> Running Lei-Abel inversion...
    [Abel] GN04 00:29: NmF2=4.25e+11 m⁻³  hmF2=421.3 km
  Saved group plot (Sequential KF) → ./Figures/GroupKF/group_2024-10-10_0000__LAT-060_LON+060_seq.png
  Saved group plot (Joint KF) → ./Figures/GroupKF/group_2024-10-10_0000__LAT-060_LON+060_joint.png
  Saved sequential plot → ./Figures/GroupKF/group_2024-10-10_0000__LAT-060_LON+060_sequential.png
Plotting comparison 2024-10-10_0000__LAT-060_LON+060
  Saved comparison plot → ./Figures/GroupKF/group_2024-10-10_0000__LAT-060_LON+060_comparison.png

[10/494]
────────────────────────────────────────────────────────────
  Group : 2024-10-10_0000__POLAR_S
  Window: 2024-10-10_0000  |  Region: POLAR_S  |  12 occultation(s)
────────────────────────────────────────────────────────────
G29 is rising
E15 is rising
G11 is rising
R20 is rising
C45 is rising
E7 is rising
C44 is rising
G14 is rising
C39 is rising
R16 is rising
E2 is rising
G24 is rising
  Parsed 12/12 files successfully.
  [polar] Bounding box: lat [-90.0, -40.2]  lon [-180.0, 180.0]  |  vertices: 293
  Final group: 12 occultation(s), 293 mesh vertices
  Saved trim diagnostic → ./Figures/GroupKF/group_2024-10-10_0000__POLAR_S_trim.png
  [1/12] Building H for GN04 00:16 (962 rays) …
  -> Building H Matrix (962 rays, parallel)...
  [2/12] Building H for GN04 00:16 (442 rays) …
  -> Building H Matrix (442 rays, parallel)...
  [3/12] Building H for GN04 00:18 (463 rays) …
  -> Building H Matrix (463 rays, parallel)...
  [4/12] Building H for GN04 00:19 (460 rays) …
  -> Building H Matrix (460 rays, parallel)...
  [5/12] Building H for GN04 00:20 (436 rays) …
  -> Building H Matrix (436 rays, parallel)...
  [6/12] Building H for GN04 00:21 (480 rays) …
  -> Building H Matrix (480 rays, parallel)...
  [7/12] Building H for GN04 00:22 (447 rays) …
  -> Building H Matrix (447 rays, parallel)...
  [8/12] Building H for GN04 00:23 (573 rays) …
  -> Building H Matrix (573 rays, parallel)...
  [9/12] Building H for GN04 00:24 (376 rays) …
  -> Building H Matrix (376 rays, parallel)...
  [10/12] Building H for GN04 00:24 (460 rays) …
  -> Building H Matrix (460 rays, parallel)...
  [11/12] Building H for GN04 00:28 (748 rays) …
  -> Building H Matrix (748 rays, parallel)...
  [12/12] Building H for GN04 00:29 (366 rays) …
  -> Building H Matrix (366 rays, parallel)...
  Combined H shape : (6213, 14943)  (total rays = 6213)
  Running sequential KF assimilation …
  [step 1/12] Assimilating GN04 00:16 (962 rays) …
  [step 2/12] Assimilating GN04 00:16 (442 rays) …
  [step 3/12] Assimilating GN04 00:18 (463 rays) …
  [step 4/12] Assimilating GN04 00:19 (460 rays) …
  [step 5/12] Assimilating GN04 00:20 (436 rays) …
  [step 6/12] Assimilating GN04 00:21 (480 rays) …
  [step 7/12] Assimilating GN04 00:22 (447 rays) …
  [step 8/12] Assimilating GN04 00:23 (573 rays) …
  [step 9/12] Assimilating GN04 00:24 (376 rays) …
  [step 10/12] Assimilating GN04 00:24 (460 rays) …
  [step 11/12] Assimilating GN04 00:28 (748 rays) …
  [step 12/12] Assimilating GN04 00:29 (366 rays) …
  Running joint (batch) KF assimilation …
  Prior RMSE        : 34.031 TECU
  Post  RMSE (seq)  : 50.064 TECU
  Post  RMSE (joint): 13.284 TECU
  -> Running Lei-Abel inversion...
    [Abel] GN04 00:16: NmF2=4.65e+11 m⁻³  hmF2=254.1 km
  -> Running Lei-Abel inversion...
    [Abel] GN04 00:16: NmF2=4.97e+11 m⁻³  hmF2=312.9 km
  -> Running Lei-Abel inversion...
    [Abel] GN04 00:18: NmF2=4.88e+11 m⁻³  hmF2=393.1 km
  -> Running Lei-Abel inversion...
    [Abel] GN04 00:19: NmF2=3.47e+11 m⁻³  hmF2=339.3 km
  -> Running Lei-Abel inversion...
    [Abel] GN04 00:20: NmF2=8.28e+11 m⁻³  hmF2=383.1 km
  -> Running Lei-Abel inversion...
    [Abel] GN04 00:21: NmF2=3.31e+11 m⁻³  hmF2=321.8 km
  -> Running Lei-Abel inversion...
    [Abel] GN04 00:22: NmF2=3.03e+11 m⁻³  hmF2=371.7 km
  -> Running Lei-Abel inversion...
    [Abel] GN04 00:23: NmF2=8.78e+11 m⁻³  hmF2=294.2 km
  -> Running Lei-Abel inversion...
    [Abel] GN04 00:24: NmF2=3.19e+11 m⁻³  hmF2=380.8 km
  -> Running Lei-Abel inversion...
    [Abel] GN04 00:24: NmF2=6.51e+11 m⁻³  hmF2=367.8 km
  -> Running Lei-Abel inversion...
    [Abel] GN04 00:28: NmF2=8.35e+11 m⁻³  hmF2=309.3 km
  -> Running Lei-Abel inversion...
    [Abel] GN04 00:29: NmF2=2.11e+11 m⁻³  hmF2=443.2 km
  Saved group plot (Sequential KF) → ./Figures/GroupKF/group_2024-10-10_0000__POLAR_S_seq.png
  Saved group plot (Joint KF) → ./Figures/GroupKF/group_2024-10-10_0000__POLAR_S_joint.png
  Saved sequential plot → ./Figures/GroupKF/group_2024-10-10_0000__POLAR_S_sequential.png
Plotting comparison 2024-10-10_0000__POLAR_S
  Saved comparison plot → ./Figures/GroupKF/group_2024-10-10_0000__POLAR_S_comparison.png

[11/494]
────────────────────────────────────────────────────────────
  Group : 2024-10-10_0000__LAT+030_LON-180
  Window: 2024-10-10_0000  |  Region: LAT+030_LON-180  |  2 occultation(s)
────────────────────────────────────────────────────────────
Data Flipped: E2 is setting
Data Flipped: R16 is setting
  Parsed 2/2 files successfully.
  Bounding box: lat [32.9, 84.7]  lon [160.4, -126.8]  |  vertices: 75
  Final group: 2 occultation(s), 75 mesh vertices
  Saved trim diagnostic → ./Figures/GroupKF/group_2024-10-10_0000__LAT+030_LON-180_trim.png
  [1/2] Building H for GN05 00:27 (530 rays) …
  -> Building H Matrix (530 rays, parallel)...
  [2/2] Building H for GN05 00:27 (404 rays) …
  -> Building H Matrix (404 rays, parallel)...
  Combined H shape : (934, 3825)  (total rays = 934)
  Running sequential KF assimilation …
  [step 1/2] Assimilating GN05 00:27 (530 rays) …
  [step 2/2] Assimilating GN05 00:27 (404 rays) …
  Running joint (batch) KF assimilation …
  Prior RMSE        : 197.843 TECU
  Post  RMSE (seq)  : 204.787 TECU
  Post  RMSE (joint): 14.685 TECU
  -> Running Lei-Abel inversion...
    [Abel] GN05 00:27: NmF2=7.25e+11 m⁻³  hmF2=272.1 km
  -> Running Lei-Abel inversion...
    [Abel] GN05 00:27: NmF2=9.07e+11 m⁻³  hmF2=262.9 km
  Saved group plot (Sequential KF) → ./Figures/GroupKF/group_2024-10-10_0000__LAT+030_LON-180_seq.png
  Saved group plot (Joint KF) → ./Figures/GroupKF/group_2024-10-10_0000__LAT+030_LON-180_joint.png
  Saved sequential plot → ./Figures/GroupKF/group_2024-10-10_0000__LAT+030_LON-180_sequential.png
Plotting comparison 2024-10-10_0000__LAT+030_LON-180
  Saved comparison plot → ./Figures/GroupKF/group_2024-10-10_0000__LAT+030_LON-180_comparison.png

[12/494]
────────────────────────────────────────────────────────────
  Group : 2024-10-10_0000__LAT-060_LON-060
  Window: 2024-10-10_0000  |  Region: LAT-060_LON-060  |  2 occultation(s)
────────────────────────────────────────────────────────────
E34 is rising
G6 is rising
  Parsed 2/2 files successfully.
  Bounding box: lat [-63.7, -23.6]  lon [-97.4, -28.2]  |  vertices: 78
  Final group: 2 occultation(s), 78 mesh vertices
  Saved trim diagnostic → ./Figures/GroupKF/group_2024-10-10_0000__LAT-060_LON-060_trim.png
  [1/2] Building H for GN04 00:28 (575 rays) …
  -> Building H Matrix (575 rays, parallel)...
  [2/2] Building H for GN04 00:29 (590 rays) …
  -> Building H Matrix (590 rays, parallel)...
  Combined H shape : (1165, 3978)  (total rays = 1165)
  Running sequential KF assimilation …
  [step 1/2] Assimilating GN04 00:28 (575 rays) …
  [step 2/2] Assimilating GN04 00:29 (590 rays) …
  Running joint (batch) KF assimilation …
  Prior RMSE        : 60.217 TECU
  Post  RMSE (seq)  : 30.766 TECU
  Post  RMSE (joint): 6.871 TECU
  -> Running Lei-Abel inversion...
    [Abel] GN04 00:28: NmF2=6.93e+11 m⁻³  hmF2=314.3 km
  -> Running Lei-Abel inversion...
    [Abel] GN04 00:29: NmF2=6.99e+11 m⁻³  hmF2=320.7 km
  Saved group plot (Sequential KF) → ./Figures/GroupKF/group_2024-10-10_0000__LAT-060_LON-060_seq.png
  Saved group plot (Joint KF) → ./Figures/GroupKF/group_2024-10-10_0000__LAT-060_LON-060_joint.png
  Saved sequential plot → ./Figures/GroupKF/group_2024-10-10_0000__LAT-060_LON-060_sequential.png
Plotting comparison 2024-10-10_0000__LAT-060_LON-060
  Saved comparison plot → ./Figures/GroupKF/group_2024-10-10_0000__LAT-060_LON-060_comparison.png

[13/494]
────────────────────────────────────────────────────────────
  Group : 2024-10-10_0030__LAT-060_LON+060
  Window: 2024-10-10_0030  |  Region: LAT-060_LON+060  |  4 occultation(s)
────────────────────────────────────────────────────────────
Data Flipped: G28 is setting
R21 is rising
E7 is rising
R7 is rising
  Parsed 4/4 files successfully.
  Bounding box: lat [-82.5, 0.7]  lon [70.3, 145.1]  |  vertices: 172
  Final group: 4 occultation(s), 172 mesh vertices
  Saved trim diagnostic → ./Figures/GroupKF/group_2024-10-10_0030__LAT-060_LON+060_trim.png
  [1/4] Building H for GN04 00:30 (370 rays) …
  -> Building H Matrix (370 rays, parallel)...
  [2/4] Building H for GN05 00:38 (615 rays) …
  -> Building H Matrix (615 rays, parallel)...
  [3/4] Building H for GN05 00:48 (527 rays) …
  -> Building H Matrix (527 rays, parallel)...
  [4/4] Building H for GN05 00:50 (1011 rays) …
  -> Building H Matrix (1011 rays, parallel)...
  Combined H shape : (2523, 8772)  (total rays = 2523)
  Running sequential KF assimilation …
  [step 1/4] Assimilating GN04 00:30 (370 rays) …
  [step 2/4] Assimilating GN05 00:38 (615 rays) …
  [step 3/4] Assimilating GN05 00:48 (527 rays) …
  [step 4/4] Assimilating GN05 00:50 (1011 rays) …
  Running joint (batch) KF assimilation …
  Prior RMSE        : 99.684 TECU
  Post  RMSE (seq)  : 508.872 TECU
  Post  RMSE (joint): 52.629 TECU
  -> Running Lei-Abel inversion...
    [Abel] GN04 00:30: NmF2=3.86e+11 m⁻³  hmF2=309.8 km
  -> Running Lei-Abel inversion...
    [Abel] GN05 00:38: NmF2=5.18e+11 m⁻³  hmF2=326.3 km
  -> Running Lei-Abel inversion...
    [Abel] GN05 00:48: NmF2=5.11e+11 m⁻³  hmF2=374.7 km
  -> Running Lei-Abel inversion...
    [Abel] GN05 00:50: NmF2=9.59e+11 m⁻³  hmF2=546.4 km
  Saved group plot (Sequential KF) → ./Figures/GroupKF/group_2024-10-10_0030__LAT-060_LON+060_seq.png
  Saved group plot (Joint KF) → ./Figures/GroupKF/group_2024-10-10_0030__LAT-060_LON+060_joint.png
  Saved sequential plot → ./Figures/GroupKF/group_2024-10-10_0030__LAT-060_LON+060_sequential.png
Plotting comparison 2024-10-10_0030__LAT-060_LON+060
  Saved comparison plot → ./Figures/GroupKF/group_2024-10-10_0030__LAT-060_LON+060_comparison.png

[14/494]
────────────────────────────────────────────────────────────
  Group : 2024-10-10_0030__LAT-060_LON+120
  Window: 2024-10-10_0030  |  Region: LAT-060_LON+120  |  16 occultation(s)
────────────────────────────────────────────────────────────
Data Flipped: E11 is setting
G5 is rising
E13 is rising
G15 is rising
G14 is rising
C45 is rising
Data Flipped: C20 is setting
Data Flipped: G3 is setting
Data Flipped: C25 is setting
Data Flipped: R1 is setting
Data Flipped: R11 is setting
Data Flipped: R2 is setting
Data Flipped: R3 is setting
Data Flipped: G28 is setting
Data Flipped: C41 is setting
Data Flipped: E4 is setting
  Parsed 16/16 files successfully.
  Bounding box: lat [-80.9, -6.0]  lon [91.2, -162.8]  |  vertices: 214
  Final group: 16 occultation(s), 214 mesh vertices
  Saved trim diagnostic → ./Figures/GroupKF/group_2024-10-10_0030__LAT-060_LON+120_trim.png
  [1/16] Building H for GN04 00:30 (472 rays) …
  -> Building H Matrix (472 rays, parallel)...
  [2/16] Building H for GN05 00:35 (433 rays) …
  -> Building H Matrix (433 rays, parallel)...
  [3/16] Building H for GN05 00:38 (494 rays) …
  -> Building H Matrix (494 rays, parallel)...
  [4/16] Building H for GN05 00:41 (472 rays) …
  -> Building H Matrix (472 rays, parallel)...
  [5/16] Building H for GN05 00:46 (647 rays) …
  -> Building H Matrix (647 rays, parallel)...
  [6/16] Building H for GN05 00:46 (422 rays) …
  -> Building H Matrix (422 rays, parallel)...
  [7/16] Building H for GN05 00:52 (918 rays) …
  -> Building H Matrix (918 rays, parallel)...
  [8/16] Building H for GN05 00:53 (527 rays) …
  -> Building H Matrix (527 rays, parallel)...
  [9/16] Building H for GN05 00:53 (425 rays) …
  -> Building H Matrix (425 rays, parallel)...
  [10/16] Building H for GN05 00:54 (423 rays) …
  -> Building H Matrix (423 rays, parallel)...
  [11/16] Building H for GN05 00:54 (419 rays) …
  -> Building H Matrix (419 rays, parallel)...
  [12/16] Building H for GN05 00:55 (436 rays) …
  -> Building H Matrix (436 rays, parallel)...
  [13/16] Building H for GN05 00:55 (910 rays) …
  -> Building H Matrix (910 rays, parallel)...
  [14/16] Building H for GN05 00:57 (382 rays) …
  -> Building H Matrix (382 rays, parallel)...
  [15/16] Building H for GN05 00:58 (369 rays) …
  -> Building H Matrix (369 rays, parallel)...
  [16/16] Building H for GN05 00:58 (394 rays) …
  -> Building H Matrix (394 rays, parallel)...
  Combined H shape : (8143, 10914)  (total rays = 8143)
  Running sequential KF assimilation …
  [step 1/16] Assimilating GN04 00:30 (472 rays) …
  [step 2/16] Assimilating GN05 00:35 (433 rays) …
  [step 3/16] Assimilating GN05 00:38 (494 rays) …
  [step 4/16] Assimilating GN05 00:41 (472 rays) …
  [step 5/16] Assimilating GN05 00:46 (647 rays) …
  [step 6/16] Assimilating GN05 00:46 (422 rays) …
  [step 7/16] Assimilating GN05 00:52 (918 rays) …
  [step 8/16] Assimilating GN05 00:53 (527 rays) …
  [step 9/16] Assimilating GN05 00:53 (425 rays) …
  [step 10/16] Assimilating GN05 00:54 (423 rays) …
  [step 11/16] Assimilating GN05 00:54 (419 rays) …
  [step 12/16] Assimilating GN05 00:55 (436 rays) …
  [step 13/16] Assimilating GN05 00:55 (910 rays) …
  [step 14/16] Assimilating GN05 00:57 (382 rays) …
  [step 15/16] Assimilating GN05 00:58 (369 rays) …
  [step 16/16] Assimilating GN05 00:58 (394 rays) …
  Running joint (batch) KF assimilation …
  Prior RMSE        : 166.729 TECU
  Post  RMSE (seq)  : 2653.519 TECU
  Post  RMSE (joint): 29.178 TECU
  -> Running Lei-Abel inversion...
    [Abel] GN04 00:30: NmF2=7.12e+11 m⁻³  hmF2=309.7 km
  -> Running Lei-Abel inversion...
    [Abel] GN05 00:35: NmF2=1.37e+12 m⁻³  hmF2=307.5 km
  -> Running Lei-Abel inversion...
    [Abel] GN05 00:38: NmF2=5.09e+11 m⁻³  hmF2=311.5 km
  -> Running Lei-Abel inversion...
    [Abel] GN05 00:41: NmF2=9.03e+11 m⁻³  hmF2=288.7 km
  -> Running Lei-Abel inversion...
    [Abel] GN05 00:46: NmF2=6.50e+11 m⁻³  hmF2=290.2 km
  -> Running Lei-Abel inversion...
    [Abel] GN05 00:46: NmF2=5.75e+11 m⁻³  hmF2=298.0 km
  -> Running Lei-Abel inversion...
    [Abel] GN05 00:52: NmF2=2.27e+12 m⁻³  hmF2=271.2 km
  -> Running Lei-Abel inversion...
    [Abel] GN05 00:53: NmF2=1.14e+12 m⁻³  hmF2=262.4 km
  -> Running Lei-Abel inversion...
    [Abel] GN05 00:53: NmF2=1.23e+12 m⁻³  hmF2=282.5 km
  -> Running Lei-Abel inversion...
    [Abel] GN05 00:54: NmF2=1.04e+12 m⁻³  hmF2=284.3 km
  -> Running Lei-Abel inversion...
    [Abel] GN05 00:54: NmF2=9.03e+11 m⁻³  hmF2=281.2 km
  -> Running Lei-Abel inversion...
    [Abel] GN05 00:55: NmF2=7.70e+11 m⁻³  hmF2=276.8 km
  -> Running Lei-Abel inversion...
    [Abel] GN05 00:55: NmF2=1.07e+12 m⁻³  hmF2=211.2 km
  -> Running Lei-Abel inversion...
    [Abel] GN05 00:57: NmF2=5.76e+11 m⁻³  hmF2=295.1 km
  -> Running Lei-Abel inversion...
    [Abel] GN05 00:58: NmF2=6.04e+11 m⁻³  hmF2=287.3 km
  -> Running Lei-Abel inversion...
    [Abel] GN05 00:58: NmF2=5.54e+11 m⁻³  hmF2=311.2 km
  Saved group plot (Sequential KF) → ./Figures/GroupKF/group_2024-10-10_0030__LAT-060_LON+120_seq.png
  Saved group plot (Joint KF) → ./Figures/GroupKF/group_2024-10-10_0030__LAT-060_LON+120_joint.png
  Saved sequential plot → ./Figures/GroupKF/group_2024-10-10_0030__LAT-060_LON+120_sequential.png
Plotting comparison 2024-10-10_0030__LAT-060_LON+120
  Saved comparison plot → ./Figures/GroupKF/group_2024-10-10_0030__LAT-060_LON+120_comparison.png

[15/494]
────────────────────────────────────────────────────────────
  Group : 2024-10-10_0030__LAT-030_LON+120
  Window: 2024-10-10_0030  |  Region: LAT-030_LON+120  |  21 occultation(s)
────────────────────────────────────────────────────────────
R5 is rising
R4 is rising
E3 is rising
G30 is rising
C38 is rising
C22 is rising
C21 is rising
C36 is rising
E25 is rising
E8 is rising
R15 is rising
C19 is rising
C42 is rising
Data Flipped: C29 is setting
Data Flipped: E36 is setting
Data Flipped: R18 is setting
Data Flipped: R8 is setting
Data Flipped: E21 is setting
Data Flipped: G32 is setting
Data Flipped: E19 is setting
Data Flipped: C33 is setting
  Parsed 21/21 files successfully.
  Bounding box: lat [-83.2, 24.6]  lon [52.4, -151.0]  |  vertices: 506
  [trim] n_geo=506 > MAX_MESH_VERTICES=300 — dropping GN05 00:39 (87.3° from centroid)
  Bounding box: lat [-83.2, 24.6]  lon [52.4, -169.5]  |  vertices: 446
  [trim] n_geo=446 > MAX_MESH_VERTICES=300 — dropping GN05 00:36 (86.8° from centroid)
  Bounding box: lat [-83.2, 24.6]  lon [52.4, -169.5]  |  vertices: 446
  [trim] n_geo=446 > MAX_MESH_VERTICES=300 — dropping GN05 00:44 (90.5° from centroid)
  Bounding box: lat [-83.2, 23.8]  lon [52.4, -169.5]  |  vertices: 442
  [trim] n_geo=442 > MAX_MESH_VERTICES=300 — dropping GN05 00:31 (93.5° from centroid)
  Bounding box: lat [-83.2, 16.4]  lon [52.4, 178.8]  |  vertices: 370
  [trim] n_geo=370 > MAX_MESH_VERTICES=300 — dropping GN05 00:54 (41.1° from centroid)
  Bounding box: lat [-83.2, 16.4]  lon [53.2, 178.8]  |  vertices: 367
  [trim] n_geo=367 > MAX_MESH_VERTICES=300 — dropping GN05 00:48 (38.8° from centroid)
  Bounding box: lat [-56.1, 16.4]  lon [97.6, 178.8]  |  vertices: 207
  Final group: 15 occultation(s), 207 mesh vertices
  Saved trim diagnostic → ./Figures/GroupKF/group_2024-10-10_0030__LAT-030_LON+120_trim.png
  [1/15] Building H for GN05 00:31 (431 rays) …
  -> Building H Matrix (431 rays, parallel)...
  [2/15] Building H for GN05 00:32 (421 rays) …
  -> Building H Matrix (421 rays, parallel)...
  [3/15] Building H for GN05 00:33 (396 rays) …
  -> Building H Matrix (396 rays, parallel)...
  [4/15] Building H for GN05 00:34 (424 rays) …
  -> Building H Matrix (424 rays, parallel)...
  [5/15] Building H for GN05 00:34 (459 rays) …
  -> Building H Matrix (459 rays, parallel)...
  [6/15] Building H for GN05 00:34 (424 rays) …
  -> Building H Matrix (424 rays, parallel)...
  [7/15] Building H for GN05 00:35 (433 rays) …
  -> Building H Matrix (433 rays, parallel)...
  [8/15] Building H for GN05 00:37 (389 rays) …
  -> Building H Matrix (389 rays, parallel)...
  [9/15] Building H for GN05 00:37 (426 rays) …
  -> Building H Matrix (426 rays, parallel)...
  [10/15] Building H for GN05 00:41 (894 rays) …
  -> Building H Matrix (894 rays, parallel)...
  [11/15] Building H for GN05 00:46 (621 rays) …
  -> Building H Matrix (621 rays, parallel)...
  [12/15] Building H for GN05 00:46 (588 rays) …
  -> Building H Matrix (588 rays, parallel)...
  [13/15] Building H for GN05 00:51 (534 rays) …
  -> Building H Matrix (534 rays, parallel)...
  [14/15] Building H for GN05 00:51 (472 rays) …
  -> Building H Matrix (472 rays, parallel)...
  [15/15] Building H for GN05 00:52 (403 rays) …
  -> Building H Matrix (403 rays, parallel)...
  Combined H shape : (7315, 10557)  (total rays = 7315)
  Running sequential KF assimilation …
  [step 1/15] Assimilating GN05 00:31 (431 rays) …
  [step 2/15] Assimilating GN05 00:32 (421 rays) …
  [step 3/15] Assimilating GN05 00:33 (396 rays) …
  [step 4/15] Assimilating GN05 00:34 (424 rays) …
  [step 5/15] Assimilating GN05 00:34 (459 rays) …
  [step 6/15] Assimilating GN05 00:34 (424 rays) …
  [step 7/15] Assimilating GN05 00:35 (433 rays) …
  [step 8/15] Assimilating GN05 00:37 (389 rays) …
  [step 9/15] Assimilating GN05 00:37 (426 rays) …
  [step 10/15] Assimilating GN05 00:41 (894 rays) …
  [step 11/15] Assimilating GN05 00:46 (621 rays) …
  [step 12/15] Assimilating GN05 00:46 (588 rays) …
  [step 13/15] Assimilating GN05 00:51 (534 rays) …
  [step 14/15] Assimilating GN05 00:51 (472 rays) …
  [step 15/15] Assimilating GN05 00:52 (403 rays) …
  Running joint (batch) KF assimilation …
  Prior RMSE        : 270.274 TECU
  Post  RMSE (seq)  : 178.999 TECU
  Post  RMSE (joint): 97.124 TECU
  -> Running Lei-Abel inversion...
    [Abel] GN05 00:31: NmF2=2.65e+12 m⁻³  hmF2=372.5 km
  -> Running Lei-Abel inversion...
    [Abel] GN05 00:32: NmF2=2.72e+12 m⁻³  hmF2=353.1 km
  -> Running Lei-Abel inversion...
    [Abel] GN05 00:33: NmF2=2.63e+12 m⁻³  hmF2=385.5 km
  -> Running Lei-Abel inversion...
    [Abel] GN05 00:34: NmF2=1.46e+12 m⁻³  hmF2=306.8 km
  -> Running Lei-Abel inversion...
    [Abel] GN05 00:34: NmF2=1.87e+12 m⁻³  hmF2=322.2 km
  -> Running Lei-Abel inversion...
    [Abel] GN05 00:34: NmF2=1.80e+12 m⁻³  hmF2=314.8 km
  -> Running Lei-Abel inversion...
    [Abel] GN05 00:35: NmF2=2.43e+12 m⁻³  hmF2=330.3 km
  -> Running Lei-Abel inversion...
    [Abel] GN05 00:37: NmF2=1.53e+12 m⁻³  hmF2=308.8 km
  -> Running Lei-Abel inversion...
    [Abel] GN05 00:37: NmF2=2.19e+12 m⁻³  hmF2=321.6 km
  -> Running Lei-Abel inversion...
    [Abel] GN05 00:41: NmF2=1.03e+12 m⁻³  hmF2=322.9 km
  -> Running Lei-Abel inversion...
    [Abel] GN05 00:46: NmF2=2.92e+12 m⁻³  hmF2=325.1 km
  -> Running Lei-Abel inversion...
    [Abel] GN05 00:46: NmF2=2.82e+12 m⁻³  hmF2=325.4 km
  -> Running Lei-Abel inversion...
    [Abel] GN05 00:51: NmF2=2.06e+12 m⁻³  hmF2=304.6 km
  -> Running Lei-Abel inversion...
    [Abel] GN05 00:51: NmF2=1.91e+12 m⁻³  hmF2=297.8 km
  -> Running Lei-Abel inversion...
    [Abel] GN05 00:52: NmF2=1.65e+12 m⁻³  hmF2=298.3 km
  Saved group plot (Sequential KF) → ./Figures/GroupKF/group_2024-10-10_0030__LAT-030_LON+120_seq.png
  Saved group plot (Joint KF) → ./Figures/GroupKF/group_2024-10-10_0030__LAT-030_LON+120_joint.png
  Saved sequential plot → ./Figures/GroupKF/group_2024-10-10_0030__LAT-030_LON+120_sequential.png
Plotting comparison 2024-10-10_0030__LAT-030_LON+120
  Saved comparison plot → ./Figures/GroupKF/group_2024-10-10_0030__LAT-030_LON+120_comparison.png

[16/494]
────────────────────────────────────────────────────────────
  Group : 2024-10-10_0030__POLAR_S
  Window: 2024-10-10_0030  |  Region: POLAR_S  |  26 occultation(s)
────────────────────────────────────────────────────────────
Data Flipped: E4 is setting
C26 is rising
R9 is rising
Data Flipped: C30 is setting
Data Flipped: E6 is setting
Data Flipped: E10 is setting
Data Flipped: G31 is setting
Data Flipped: C20 is setting
Data Flipped: R3 is setting
Data Flipped: E9 is setting
Data Flipped: C23 is setting
Data Flipped: G4 is setting
Data Flipped: E12 is setting
Data Flipped: R12 is setting
Data Flipped: R24 is setting
C34 is rising
E15 is rising
R16 is rising
G11 is rising
C39 is rising
R20 is rising
E2 is rising
C44 is rising
G29 is rising
G24 is rising
R9 is rising
  Parsed 26/26 files successfully.
  [polar] Bounding box: lat [-90.0, -39.8]  lon [-180.0, 180.0]  |  vertices: 297
  Final group: 26 occultation(s), 297 mesh vertices
  Saved trim diagnostic → ./Figures/GroupKF/group_2024-10-10_0030__POLAR_S_trim.png
  [1/26] Building H for GN04 00:31 (379 rays) …
  -> Building H Matrix (379 rays, parallel)...
  [2/26] Building H for GN04 00:32 (373 rays) …
  -> Building H Matrix (373 rays, parallel)...
  [3/26] Building H for GN04 00:33 (379 rays) …
  -> Building H Matrix (379 rays, parallel)...
  [4/26] Building H for GN04 00:34 (629 rays) …
  -> Building H Matrix (629 rays, parallel)...
  [5/26] Building H for GN04 00:34 (418 rays) …
  -> Building H Matrix (418 rays, parallel)...
  [6/26] Building H for GN04 00:36 (437 rays) …
  -> Building H Matrix (437 rays, parallel)...
  [7/26] Building H for GN04 00:37 (366 rays) …
  -> Building H Matrix (366 rays, parallel)...
  [8/26] Building H for GN04 00:38 (369 rays) …
  -> Building H Matrix (369 rays, parallel)...
  [9/26] Building H for GN04 00:38 (560 rays) …
  -> Building H Matrix (560 rays, parallel)...
  [10/26] Building H for GN04 00:39 (479 rays) …
  -> Building H Matrix (479 rays, parallel)...
  [11/26] Building H for GN04 00:39 (435 rays) …
  -> Building H Matrix (435 rays, parallel)...
  [12/26] Building H for GN04 00:40 (493 rays) …
  -> Building H Matrix (493 rays, parallel)...
  [13/26] Building H for GN04 00:41 (439 rays) …
  -> Building H Matrix (439 rays, parallel)...
  [14/26] Building H for GN04 00:43 (464 rays) …
  -> Building H Matrix (464 rays, parallel)...
  [15/26] Building H for GN04 00:43 (461 rays) …
  -> Building H Matrix (461 rays, parallel)...
  [16/26] Building H for GN05 00:43 (731 rays) …
  -> Building H Matrix (731 rays, parallel)...
  [17/26] Building H for GN05 00:49 (456 rays) …
  -> Building H Matrix (456 rays, parallel)...
  [18/26] Building H for GN05 00:50 (434 rays) …
  -> Building H Matrix (434 rays, parallel)...
  [19/26] Building H for GN05 00:51 (481 rays) …
  -> Building H Matrix (481 rays, parallel)...
  [20/26] Building H for GN05 00:53 (398 rays) …
  -> Building H Matrix (398 rays, parallel)...
  [21/26] Building H for GN05 00:53 (471 rays) …
  -> Building H Matrix (471 rays, parallel)...
  [22/26] Building H for GN05 00:53 (657 rays) …
  -> Building H Matrix (657 rays, parallel)...
  [23/26] Building H for GN05 00:55 (449 rays) …
  -> Building H Matrix (449 rays, parallel)...
  [24/26] Building H for GN05 00:55 (851 rays) …
  -> Building H Matrix (851 rays, parallel)...
  [25/26] Building H for GN05 00:56 (382 rays) …
  -> Building H Matrix (382 rays, parallel)...
  [26/26] Building H for GN05 00:59 (385 rays) …
  -> Building H Matrix (385 rays, parallel)...
  Combined H shape : (12376, 15147)  (total rays = 12376)
  Running sequential KF assimilation …
  [step 1/26] Assimilating GN04 00:31 (379 rays) …
  [step 2/26] Assimilating GN04 00:32 (373 rays) …
  [step 3/26] Assimilating GN04 00:33 (379 rays) …
  [step 4/26] Assimilating GN04 00:34 (629 rays) …
  [step 5/26] Assimilating GN04 00:34 (418 rays) …
  [step 6/26] Assimilating GN04 00:36 (437 rays) …
  [step 7/26] Assimilating GN04 00:37 (366 rays) …
  [step 8/26] Assimilating GN04 00:38 (369 rays) …
  [step 9/26] Assimilating GN04 00:38 (560 rays) …
  [step 10/26] Assimilating GN04 00:39 (479 rays) …
  [step 11/26] Assimilating GN04 00:39 (435 rays) …
  [step 12/26] Assimilating GN04 00:40 (493 rays) …
  [step 13/26] Assimilating GN04 00:41 (439 rays) …
  [step 14/26] Assimilating GN04 00:43 (464 rays) …
  [step 15/26] Assimilating GN04 00:43 (461 rays) …
  [step 16/26] Assimilating GN05 00:43 (731 rays) …
  [step 17/26] Assimilating GN05 00:49 (456 rays) …
  [step 18/26] Assimilating GN05 00:50 (434 rays) …
  [step 19/26] Assimilating GN05 00:51 (481 rays) …
  [step 20/26] Assimilating GN05 00:53 (398 rays) …
  [step 21/26] Assimilating GN05 00:53 (471 rays) …
  [step 22/26] Assimilating GN05 00:53 (657 rays) …
  [step 23/26] Assimilating GN05 00:55 (449 rays) …
  [step 24/26] Assimilating GN05 00:55 (851 rays) …
  [step 25/26] Assimilating GN05 00:56 (382 rays) …
  [step 26/26] Assimilating GN05 00:59 (385 rays) …
  Running joint (batch) KF assimilation …
  Prior RMSE        : 34.331 TECU
  Post  RMSE (seq)  : 55.232 TECU
  Post  RMSE (joint): 18.794 TECU
  -> Running Lei-Abel inversion...
    [Abel] GN04 00:31: NmF2=4.91e+11 m⁻³  hmF2=382.4 km
  -> Running Lei-Abel inversion...
    [Abel] GN04 00:32: NmF2=2.48e+11 m⁻³  hmF2=400.2 km
  -> Running Lei-Abel inversion...
    [Abel] GN04 00:33: NmF2=3.61e+11 m⁻³  hmF2=405.1 km
  -> Running Lei-Abel inversion...
    [Abel] GN04 00:34: NmF2=7.39e+11 m⁻³  hmF2=355.5 km
  -> Running Lei-Abel inversion...
    [Abel] GN04 00:34: NmF2=6.67e+11 m⁻³  hmF2=332.1 km
  -> Running Lei-Abel inversion...
    [Abel] GN04 00:36: NmF2=4.35e+11 m⁻³  hmF2=337.6 km
  -> Running Lei-Abel inversion...
    [Abel] GN04 00:37: NmF2=3.29e+11 m⁻³  hmF2=357.2 km
  -> Running Lei-Abel inversion...
    [Abel] GN04 00:38: NmF2=1.02e+12 m⁻³  hmF2=507.6 km
  -> Running Lei-Abel inversion...
    [Abel] GN04 00:38: NmF2=1.48e+12 m⁻³  hmF2=294.4 km
  -> Running Lei-Abel inversion...
    [Abel] GN04 00:39: NmF2=8.13e+11 m⁻³  hmF2=288.0 km
  -> Running Lei-Abel inversion...
    [Abel] GN04 00:39: NmF2=2.67e+11 m⁻³  hmF2=396.2 km
  -> Running Lei-Abel inversion...
    [Abel] GN04 00:40: NmF2=6.72e+11 m⁻³  hmF2=370.3 km
  -> Running Lei-Abel inversion...
    [Abel] GN04 00:41: NmF2=2.35e+11 m⁻³  hmF2=411.4 km
  -> Running Lei-Abel inversion...
    [Abel] GN04 00:43: NmF2=1.97e+11 m⁻³  hmF2=508.6 km
  -> Running Lei-Abel inversion...
    [Abel] GN04 00:43: NmF2=2.57e+11 m⁻³  hmF2=426.1 km
  -> Running Lei-Abel inversion...
    [Abel] GN05 00:43: NmF2=3.79e+11 m⁻³  hmF2=394.5 km
  -> Running Lei-Abel inversion...
    [Abel] GN05 00:49: NmF2=5.43e+11 m⁻³  hmF2=342.7 km
  -> Running Lei-Abel inversion...
    [Abel] GN05 00:50: NmF2=5.59e+11 m⁻³  hmF2=361.7 km
  -> Running Lei-Abel inversion...
    [Abel] GN05 00:51: NmF2=4.45e+11 m⁻³  hmF2=348.1 km
  -> Running Lei-Abel inversion...
    [Abel] GN05 00:53: NmF2=3.53e+11 m⁻³  hmF2=334.9 km
  -> Running Lei-Abel inversion...
    [Abel] GN05 00:53: NmF2=2.54e+11 m⁻³  hmF2=378.1 km
  -> Running Lei-Abel inversion...
    [Abel] GN05 00:53: NmF2=7.72e+11 m⁻³  hmF2=304.4 km
  -> Running Lei-Abel inversion...
    [Abel] GN05 00:55: NmF2=2.03e+11 m⁻³  hmF2=414.1 km
  -> Running Lei-Abel inversion...
    [Abel] GN05 00:55: NmF2=3.55e+11 m⁻³  hmF2=423.0 km
  -> Running Lei-Abel inversion...
    [Abel] GN05 00:56: NmF2=3.54e+11 m⁻³  hmF2=330.6 km
  -> Running Lei-Abel inversion...
    [Abel] GN05 00:59: NmF2=2.80e+11 m⁻³  hmF2=417.8 km
  Saved group plot (Sequential KF) → ./Figures/GroupKF/group_2024-10-10_0030__POLAR_S_seq.png
  Saved group plot (Joint KF) → ./Figures/GroupKF/group_2024-10-10_0030__POLAR_S_joint.png
  Saved sequential plot → ./Figures/GroupKF/group_2024-10-10_0030__POLAR_S_sequential.png
Plotting comparison 2024-10-10_0030__POLAR_S
  Saved comparison plot → ./Figures/GroupKF/group_2024-10-10_0030__POLAR_S_comparison.png

[17/494]
────────────────────────────────────────────────────────────
  Group : 2024-10-10_0030__LAT+030_LON+120
  Window: 2024-10-10_0030  |  Region: LAT+030_LON+120  |  6 occultation(s)
────────────────────────────────────────────────────────────
Data Flipped: E34 is setting
Data Flipped: G24 is setting
Data Flipped: G6 is setting
Data Flipped: C35 is setting
No valid descending tangent points found. Skipping.
    [skip] podTc2_GN05.2024.284.00.39.0022.C26.00_0000.0001_nc — parse returned None
Data Flipped: C40 is setting
  Parsed 5/6 files successfully.
  Bounding box: lat [18.4, 71.9]  lon [133.2, 175.3]  |  vertices: 62
  Final group: 5 occultation(s), 62 mesh vertices
  Saved trim diagnostic → ./Figures/GroupKF/group_2024-10-10_0030__LAT+030_LON+120_trim.png
  [1/5] Building H for GN05 00:31 (494 rays) …
  -> Building H Matrix (494 rays, parallel)...
  [2/5] Building H for GN05 00:33 (381 rays) …
  -> Building H Matrix (381 rays, parallel)...
  [3/5] Building H for GN05 00:34 (408 rays) …
  -> Building H Matrix (408 rays, parallel)...
  [4/5] Building H for GN05 00:39 (134 rays) …
  -> Building H Matrix (134 rays, parallel)...
  [5/5] Building H for GN05 00:39 (125 rays) …
  -> Building H Matrix (125 rays, parallel)...
  Combined H shape : (1542, 3162)  (total rays = 1542)
  Running sequential KF assimilation …
  [step 1/5] Assimilating GN05 00:31 (494 rays) …
  [step 2/5] Assimilating GN05 00:33 (381 rays) …
  [step 3/5] Assimilating GN05 00:34 (408 rays) …
  [step 4/5] Assimilating GN05 00:39 (134 rays) …
  [step 5/5] Assimilating GN05 00:39 (125 rays) …
  Running joint (batch) KF assimilation …
  Prior RMSE        : 210.474 TECU
  Post  RMSE (seq)  : 48.594 TECU
  Post  RMSE (joint): 41.479 TECU
  -> Running Lei-Abel inversion...
    [Abel] GN05 00:31: NmF2=2.13e+12 m⁻³  hmF2=297.2 km
  -> Running Lei-Abel inversion...
    [Abel] GN05 00:33: NmF2=2.08e+12 m⁻³  hmF2=284.5 km
  -> Running Lei-Abel inversion...
    [Abel] GN05 00:34: NmF2=2.28e+12 m⁻³  hmF2=301.8 km
  -> Running Lei-Abel inversion...
    [Abel] GN05 00:39: NmF2=3.79e+11 m⁻³  hmF2=532.3 km
  -> Running Lei-Abel inversion...
    [Abel] GN05 00:39: NmF2=2.21e+11 m⁻³  hmF2=547.8 km
  Saved group plot (Sequential KF) → ./Figures/GroupKF/group_2024-10-10_0030__LAT+030_LON+120_seq.png
  Saved group plot (Joint KF) → ./Figures/GroupKF/group_2024-10-10_0030__LAT+030_LON+120_joint.png
  Saved sequential plot → ./Figures/GroupKF/group_2024-10-10_0030__LAT+030_LON+120_sequential.png
Plotting comparison 2024-10-10_0030__LAT+030_LON+120
  Saved comparison plot → ./Figures/GroupKF/group_2024-10-10_0030__LAT+030_LON+120_comparison.png

[18/494]
────────────────────────────────────────────────────────────
  Group : 2024-10-10_0030__LAT-060_LON-060
  Window: 2024-10-10_0030  |  Region: LAT-060_LON-060  |  14 occultation(s)
────────────────────────────────────────────────────────────
C35 is rising
C40 is rising
R19 is rising
E30 is rising
G12 is rising
E27 is rising
C24 is rising
E29 is rising
Data Flipped: C27 is setting
Data Flipped: C37 is setting
Data Flipped: G9 is setting
Data Flipped: E33 is setting
Data Flipped: G8 is setting
Data Flipped: E31 is setting
  Parsed 14/14 files successfully.
  Bounding box: lat [-82.3, -7.2]  lon [-101.5, 24.9]  |  vertices: 251
  Final group: 14 occultation(s), 251 mesh vertices
  Saved trim diagnostic → ./Figures/GroupKF/group_2024-10-10_0030__LAT-060_LON-060_trim.png
  [1/14] Building H for GN04 00:32 (468 rays) …
  -> Building H Matrix (468 rays, parallel)...
  [2/14] Building H for GN04 00:32 (425 rays) …
  -> Building H Matrix (425 rays, parallel)...
  [3/14] Building H for GN04 00:32 (509 rays) …
  -> Building H Matrix (509 rays, parallel)...
  [4/14] Building H for GN04 00:32 (427 rays) …
  -> Building H Matrix (427 rays, parallel)...
  [5/14] Building H for GN04 00:36 (383 rays) …
  -> Building H Matrix (383 rays, parallel)...
  [6/14] Building H for GN04 00:37 (389 rays) …
  -> Building H Matrix (389 rays, parallel)...
  [7/14] Building H for GN04 00:37 (374 rays) …
  -> Building H Matrix (374 rays, parallel)...
  [8/14] Building H for GN04 00:38 (556 rays) …
  -> Building H Matrix (556 rays, parallel)...
  [9/14] Building H for GN04 00:46 (441 rays) …
  -> Building H Matrix (441 rays, parallel)...
  [10/14] Building H for GN04 00:49 (373 rays) …
  -> Building H Matrix (373 rays, parallel)...
  [11/14] Building H for GN04 00:50 (551 rays) …
  -> Building H Matrix (551 rays, parallel)...
  [12/14] Building H for GN04 00:53 (579 rays) …
  -> Building H Matrix (579 rays, parallel)...
  [13/14] Building H for GN04 00:53 (419 rays) …
  -> Building H Matrix (419 rays, parallel)...
  [14/14] Building H for GN04 00:53 (424 rays) …
  -> Building H Matrix (424 rays, parallel)...
  Combined H shape : (6318, 12801)  (total rays = 6318)
  Running sequential KF assimilation …
  [step 1/14] Assimilating GN04 00:32 (468 rays) …
  [step 2/14] Assimilating GN04 00:32 (425 rays) …
  [step 3/14] Assimilating GN04 00:32 (509 rays) …
  [step 4/14] Assimilating GN04 00:32 (427 rays) …
  [step 5/14] Assimilating GN04 00:36 (383 rays) …
  [step 6/14] Assimilating GN04 00:37 (389 rays) …
  [step 7/14] Assimilating GN04 00:37 (374 rays) …
  [step 8/14] Assimilating GN04 00:38 (556 rays) …
  [step 9/14] Assimilating GN04 00:46 (441 rays) …
  [step 10/14] Assimilating GN04 00:49 (373 rays) …
  [step 11/14] Assimilating GN04 00:50 (551 rays) …
  [step 12/14] Assimilating GN04 00:53 (579 rays) …
  [step 13/14] Assimilating GN04 00:53 (419 rays) …
  [step 14/14] Assimilating GN04 00:53 (424 rays) …
  Running joint (batch) KF assimilation …
  Prior RMSE        : 132.739 TECU
  Post  RMSE (seq)  : 111.407 TECU
  Post  RMSE (joint): 11.091 TECU
  -> Running Lei-Abel inversion...
    [Abel] GN04 00:32: NmF2=5.09e+11 m⁻³  hmF2=352.1 km
  -> Running Lei-Abel inversion...
    [Abel] GN04 00:32: NmF2=2.75e+11 m⁻³  hmF2=388.3 km
  -> Running Lei-Abel inversion...
    [Abel] GN04 00:32: NmF2=1.04e+12 m⁻³  hmF2=306.9 km
  -> Running Lei-Abel inversion...
    [Abel] GN04 00:32: NmF2=5.72e+11 m⁻³  hmF2=349.7 km
  -> Running Lei-Abel inversion...
    [Abel] GN04 00:36: NmF2=4.69e+11 m⁻³  hmF2=330.0 km
  -> Running Lei-Abel inversion...
    [Abel] GN04 00:37: NmF2=6.28e+11 m⁻³  hmF2=302.2 km
  -> Running Lei-Abel inversion...
    [Abel] GN04 00:37: NmF2=5.05e+11 m⁻³  hmF2=325.1 km
  -> Running Lei-Abel inversion...
    [Abel] GN04 00:38: NmF2=3.40e+11 m⁻³  hmF2=351.2 km
  -> Running Lei-Abel inversion...
    [Abel] GN04 00:46: NmF2=3.21e+11 m⁻³  hmF2=401.4 km
  -> Running Lei-Abel inversion...
    [Abel] GN04 00:49: NmF2=4.11e+11 m⁻³  hmF2=341.0 km
  -> Running Lei-Abel inversion...
    [Abel] GN04 00:50: NmF2=7.32e+11 m⁻³  hmF2=333.0 km
  -> Running Lei-Abel inversion...
    [Abel] GN04 00:53: NmF2=5.60e+11 m⁻³  hmF2=325.8 km
  -> Running Lei-Abel inversion...
    [Abel] GN04 00:53: NmF2=2.00e+12 m⁻³  hmF2=306.8 km
  -> Running Lei-Abel inversion...
    [Abel] GN04 00:53: NmF2=7.60e+11 m⁻³  hmF2=312.5 km
  Saved group plot (Sequential KF) → ./Figures/GroupKF/group_2024-10-10_0030__LAT-060_LON-060_seq.png
  Saved group plot (Joint KF) → ./Figures/GroupKF/group_2024-10-10_0030__LAT-060_LON-060_joint.png
  Saved sequential plot → ./Figures/GroupKF/group_2024-10-10_0030__LAT-060_LON-060_sequential.png
Plotting comparison 2024-10-10_0030__LAT-060_LON-060
  Saved comparison plot → ./Figures/GroupKF/group_2024-10-10_0030__LAT-060_LON-060_comparison.png

[19/494]
────────────────────────────────────────────────────────────
  Group : 2024-10-10_0030__LAT+000_LON-060
  Window: 2024-10-10_0030  |  Region: LAT+000_LON-060  |  11 occultation(s)
────────────────────────────────────────────────────────────
Data Flipped: G10 is setting
R18 is rising
C29 is rising
E36 is rising
R1 is rising
C41 is rising
G3 is rising
R2 is rising
G28 is rising
C32 is rising
E4 is rising
  Parsed 11/11 files successfully.
    [skip] GN04 00:51 — only 48 valid rays
    [skip] GN04 00:53 — only 37 valid rays
  Bounding box: lat [-64.5, 38.4]  lon [64.6, -26.7]  |  vertices: 939
  [trim] n_geo=939 > MAX_MESH_VERTICES=300 — dropping GN04 00:33 (109.2° from centroid)
  Bounding box: lat [-13.1, 38.4]  lon [-67.7, -30.9]  |  vertices: 72
  Final group: 8 occultation(s), 72 mesh vertices
  Saved trim diagnostic → ./Figures/GroupKF/group_2024-10-10_0030__LAT+000_LON-060_trim.png
  [1/8] Building H for GN04 00:44 (271 rays) …
  -> Building H Matrix (271 rays, parallel)...
  [2/8] Building H for GN04 00:46 (300 rays) …
  -> Building H Matrix (300 rays, parallel)...
  [3/8] Building H for GN04 00:46 (210 rays) …
  -> Building H Matrix (210 rays, parallel)...
  [4/8] Building H for GN04 00:48 (258 rays) …
  -> Building H Matrix (258 rays, parallel)...
  [5/8] Building H for GN04 00:51 (143 rays) …
  -> Building H Matrix (143 rays, parallel)...
  [6/8] Building H for GN04 00:52 (113 rays) …
  -> Building H Matrix (113 rays, parallel)...
  [7/8] Building H for GN04 00:52 (148 rays) …
  -> Building H Matrix (148 rays, parallel)...
  [8/8] Building H for GN04 00:55 (126 rays) …
  -> Building H Matrix (126 rays, parallel)...
  Combined H shape : (1569, 3672)  (total rays = 1569)
  Running sequential KF assimilation …
  [step 1/8] Assimilating GN04 00:44 (271 rays) …
  [step 2/8] Assimilating GN04 00:46 (300 rays) …
  [step 3/8] Assimilating GN04 00:46 (210 rays) …
  [step 4/8] Assimilating GN04 00:48 (258 rays) …
  [step 5/8] Assimilating GN04 00:51 (143 rays) …
  [step 6/8] Assimilating GN04 00:52 (113 rays) …
  [step 7/8] Assimilating GN04 00:52 (148 rays) …
  [step 8/8] Assimilating GN04 00:55 (126 rays) …
  Running joint (batch) KF assimilation …
  Prior RMSE        : 159.406 TECU
  Post  RMSE (seq)  : 312.874 TECU
  Post  RMSE (joint): 71.551 TECU
  -> Running Lei-Abel inversion...
    [Abel] GN04 00:44: NmF2=1.60e+12 m⁻³  hmF2=441.3 km
  -> Running Lei-Abel inversion...
    [Abel] GN04 00:46: NmF2=2.39e+12 m⁻³  hmF2=477.2 km
  -> Running Lei-Abel inversion...
    [Abel] GN04 00:46: NmF2=2.09e+12 m⁻³  hmF2=491.4 km
  -> Running Lei-Abel inversion...
    [Abel] GN04 00:48: NmF2=9.09e+11 m⁻³  hmF2=375.6 km
  -> Running Lei-Abel inversion...
    [Abel] GN04 00:51: NmF2=1.23e+12 m⁻³  hmF2=523.0 km
  -> Running Lei-Abel inversion...
    [Abel] GN04 00:52: NmF2=1.63e+12 m⁻³  hmF2=528.7 km
  -> Running Lei-Abel inversion...
    [Abel] GN04 00:52: NmF2=6.76e+11 m⁻³  hmF2=529.2 km
  -> Running Lei-Abel inversion...
    [Abel] GN04 00:55: NmF2=1.03e+12 m⁻³  hmF2=503.5 km
  Saved group plot (Sequential KF) → ./Figures/GroupKF/group_2024-10-10_0030__LAT+000_LON-060_seq.png
  Saved group plot (Joint KF) → ./Figures/GroupKF/group_2024-10-10_0030__LAT+000_LON-060_joint.png
  Saved sequential plot → ./Figures/GroupKF/group_2024-10-10_0030__LAT+000_LON-060_sequential.png
Plotting comparison 2024-10-10_0030__LAT+000_LON-060
  Saved comparison plot → ./Figures/GroupKF/group_2024-10-10_0030__LAT+000_LON-060_comparison.png

[20/494]
────────────────────────────────────────────────────────────
  Group : 2024-10-10_0030__LAT+000_LON+120
  Window: 2024-10-10_0030  |  Region: LAT+000_LON+120  |  8 occultation(s)
────────────────────────────────────────────────────────────
Data Flipped: E30 is setting
Data Flipped: R19 is setting
Data Flipped: R9 is setting
Data Flipped: E27 is setting
Data Flipped: E29 is setting
Data Flipped: G17 is setting
Data Flipped: C24 is setting
Data Flipped: G12 is setting
  Parsed 8/8 files successfully.
  Bounding box: lat [-20.6, 56.2]  lon [110.4, -174.2]  |  vertices: 205
  Final group: 8 occultation(s), 205 mesh vertices
  Saved trim diagnostic → ./Figures/GroupKF/group_2024-10-10_0030__LAT+000_LON+120_trim.png
  [1/8] Building H for GN05 00:36 (381 rays) …
  -> Building H Matrix (381 rays, parallel)...
  [2/8] Building H for GN05 00:37 (470 rays) …
  -> Building H Matrix (470 rays, parallel)...
  [3/8] Building H for GN05 00:37 (361 rays) …
  -> Building H Matrix (361 rays, parallel)...
  [4/8] Building H for GN05 00:41 (407 rays) …
  -> Building H Matrix (407 rays, parallel)...
  [5/8] Building H for GN05 00:41 (603 rays) …
  -> Building H Matrix (603 rays, parallel)...
  [6/8] Building H for GN05 00:42 (812 rays) …
  -> Building H Matrix (812 rays, parallel)...
  [7/8] Building H for GN05 00:42 (385 rays) …
  -> Building H Matrix (385 rays, parallel)...
  [8/8] Building H for GN05 00:42 (302 rays) …
  -> Building H Matrix (302 rays, parallel)...
  Combined H shape : (3721, 10455)  (total rays = 3721)
  Running sequential KF assimilation …
  [step 1/8] Assimilating GN05 00:36 (381 rays) …
  [step 2/8] Assimilating GN05 00:37 (470 rays) …
  [step 3/8] Assimilating GN05 00:37 (361 rays) …
  [step 4/8] Assimilating GN05 00:41 (407 rays) …
  [step 5/8] Assimilating GN05 00:41 (603 rays) …
  [step 6/8] Assimilating GN05 00:42 (812 rays) …
  [step 7/8] Assimilating GN05 00:42 (385 rays) …
  [step 8/8] Assimilating GN05 00:42 (302 rays) …
  Running joint (batch) KF assimilation …
  Prior RMSE        : 381.921 TECU
  Post  RMSE (seq)  : 336.679 TECU
  Post  RMSE (joint): 113.717 TECU
  -> Running Lei-Abel inversion...
    [Abel] GN05 00:36: NmF2=2.40e+12 m⁻³  hmF2=315.3 km
  -> Running Lei-Abel inversion...
    [Abel] GN05 00:37: NmF2=2.38e+12 m⁻³  hmF2=333.4 km
  -> Running Lei-Abel inversion...
    [Abel] GN05 00:37: NmF2=2.48e+12 m⁻³  hmF2=323.9 km
  -> Running Lei-Abel inversion...
    [Abel] GN05 00:41: NmF2=1.94e+12 m⁻³  hmF2=420.6 km
  -> Running Lei-Abel inversion...
    [Abel] GN05 00:41: NmF2=2.16e+12 m⁻³  hmF2=370.0 km
  -> Running Lei-Abel inversion...
    [Abel] GN05 00:42: NmF2=3.15e+12 m⁻³  hmF2=435.1 km
  -> Running Lei-Abel inversion...
    [Abel] GN05 00:42: NmF2=1.97e+12 m⁻³  hmF2=428.1 km
  -> Running Lei-Abel inversion...
    [Abel] GN05 00:42: NmF2=1.96e+12 m⁻³  hmF2=419.8 km
  Saved group plot (Sequential KF) → ./Figures/GroupKF/group_2024-10-10_0030__LAT+000_LON+120_seq.png
  Saved group plot (Joint KF) → ./Figures/GroupKF/group_2024-10-10_0030__LAT+000_LON+120_joint.png
  Saved sequential plot → ./Figures/GroupKF/group_2024-10-10_0030__LAT+000_LON+120_sequential.png
Plotting comparison 2024-10-10_0030__LAT+000_LON+120
  Saved comparison plot → ./Figures/GroupKF/group_2024-10-10_0030__LAT+000_LON+120_comparison.png

[21/494]
────────────────────────────────────────────────────────────
  Group : 2024-10-10_0030__LAT+030_LON-180
  Window: 2024-10-10_0030  |  Region: LAT+030_LON-180  |  1 occultation(s)
────────────────────────────────────────────────────────────
No valid descending tangent points found. Skipping.
    [skip] podTc2_GN05.2024.284.00.39.0019.C39.00_0000.0001_nc — parse returned None

[22/494]
────────────────────────────────────────────────────────────
  Group : 2024-10-10_0030__LAT-030_LON-060
  Window: 2024-10-10_0030  |  Region: LAT-030_LON-060  |  9 occultation(s)
────────────────────────────────────────────────────────────
G25 is rising
R8 is rising
G17 is rising
G32 is rising
E19 is rising
E21 is rising
C25 is rising
R11 is rising
Data Flipped: C28 is setting
  Parsed 9/9 files successfully.
  Bounding box: lat [-54.1, 11.7]  lon [-56.7, -3.5]  |  vertices: 123
  Final group: 9 occultation(s), 123 mesh vertices
  Saved trim diagnostic → ./Figures/GroupKF/group_2024-10-10_0030__LAT-030_LON-060_trim.png
  [1/9] Building H for GN04 00:42 (312 rays) …
  -> Building H Matrix (312 rays, parallel)...
  [2/9] Building H for GN04 00:45 (561 rays) …
  -> Building H Matrix (561 rays, parallel)...
  [3/9] Building H for GN04 00:46 (59 rays) …
  -> Building H Matrix (59 rays, parallel)...
  [4/9] Building H for GN04 00:46 (148 rays) …
  -> Building H Matrix (148 rays, parallel)...
  [5/9] Building H for GN04 00:47 (130 rays) …
  -> Building H Matrix (130 rays, parallel)...
  [6/9] Building H for GN04 00:47 (232 rays) …
  -> Building H Matrix (232 rays, parallel)...
  [7/9] Building H for GN04 00:49 (239 rays) …
  -> Building H Matrix (239 rays, parallel)...
  [8/9] Building H for GN04 00:50 (235 rays) …
  -> Building H Matrix (235 rays, parallel)...
  [9/9] Building H for GN04 00:58 (221 rays) …
  -> Building H Matrix (221 rays, parallel)...
  Combined H shape : (2137, 6273)  (total rays = 2137)
  Running sequential KF assimilation …
  [step 1/9] Assimilating GN04 00:42 (312 rays) …
  [step 2/9] Assimilating GN04 00:45 (561 rays) …
  [step 3/9] Assimilating GN04 00:46 (59 rays) …
  [step 4/9] Assimilating GN04 00:46 (148 rays) …
  [step 5/9] Assimilating GN04 00:47 (130 rays) …
  [step 6/9] Assimilating GN04 00:47 (232 rays) …
  [step 7/9] Assimilating GN04 00:49 (239 rays) …
  [step 8/9] Assimilating GN04 00:50 (235 rays) …
  [step 9/9] Assimilating GN04 00:58 (221 rays) …
  Running joint (batch) KF assimilation …
  Prior RMSE        : 100.721 TECU
  Post  RMSE (seq)  : 25.572 TECU
  Post  RMSE (joint): 4.843 TECU
  -> Running Lei-Abel inversion...
    [Abel] GN04 00:42: NmF2=2.12e+12 m⁻³  hmF2=286.1 km
  -> Running Lei-Abel inversion...
    [Abel] GN04 00:45: NmF2=2.34e+12 m⁻³  hmF2=264.1 km
  -> Running Lei-Abel inversion...
    [Abel] GN04 00:46: NmF2=6.59e+11 m⁻³  hmF2=572.3 km
  -> Running Lei-Abel inversion...
    [Abel] GN04 00:46: NmF2=1.37e+12 m⁻³  hmF2=519.3 km
  -> Running Lei-Abel inversion...
    [Abel] GN04 00:47: NmF2=4.96e+11 m⁻³  hmF2=544.6 km
  -> Running Lei-Abel inversion...
    [Abel] GN04 00:47: NmF2=1.73e+12 m⁻³  hmF2=495.9 km
  -> Running Lei-Abel inversion...
    [Abel] GN04 00:49: NmF2=7.57e+11 m⁻³  hmF2=389.7 km
  -> Running Lei-Abel inversion...
    [Abel] GN04 00:50: NmF2=6.52e+11 m⁻³  hmF2=385.6 km
  -> Running Lei-Abel inversion...
    [Abel] GN04 00:58: NmF2=5.20e+11 m⁻³  hmF2=443.2 km
  Saved group plot (Sequential KF) → ./Figures/GroupKF/group_2024-10-10_0030__LAT-030_LON-060_seq.png
  Saved group plot (Joint KF) → ./Figures/GroupKF/group_2024-10-10_0030__LAT-030_LON-060_joint.png
  Saved sequential plot → ./Figures/GroupKF/group_2024-10-10_0030__LAT-030_LON-060_sequential.png
Plotting comparison 2024-10-10_0030__LAT-030_LON-060
  Saved comparison plot → ./Figures/GroupKF/group_2024-10-10_0030__LAT-030_LON-060_comparison.png

[23/494]
────────────────────────────────────────────────────────────
  Group : 2024-10-10_0030__LAT-030_LON-120
  Window: 2024-10-10_0030  |  Region: LAT-030_LON-120  |  1 occultation(s)
────────────────────────────────────────────────────────────
Data Flipped: G26 is setting
  Parsed 1/1 files successfully.
  Bounding box: lat [-85.2, -34.0]  lon [-34.9, 53.2]  |  vertices: 88
  Final group: 1 occultation(s), 88 mesh vertices
  Saved trim diagnostic → ./Figures/GroupKF/group_2024-10-10_0030__LAT-030_LON-120_trim.png
  [1/1] Building H for GN04 00:45 (550 rays) …
  -> Building H Matrix (550 rays, parallel)...
  Combined H shape : (550, 4488)  (total rays = 550)
  Running sequential KF assimilation …
  [step 1/1] Assimilating GN04 00:45 (550 rays) …
  Running joint (batch) KF assimilation …
  Prior RMSE        : 83.551 TECU
  Post  RMSE (seq)  : 38.110 TECU
  Post  RMSE (joint): 5.258 TECU
  -> Running Lei-Abel inversion...
    [Abel] GN04 00:45: NmF2=1.72e+11 m⁻³  hmF2=526.0 km
  Saved group plot (Sequential KF) → ./Figures/GroupKF/group_2024-10-10_0030__LAT-030_LON-120_seq.png
  Saved group plot (Joint KF) → ./Figures/GroupKF/group_2024-10-10_0030__LAT-030_LON-120_joint.png
  Saved sequential plot → ./Figures/GroupKF/group_2024-10-10_0030__LAT-030_LON-120_sequential.png
Plotting comparison 2024-10-10_0030__LAT-030_LON-120
  Saved comparison plot → ./Figures/GroupKF/group_2024-10-10_0030__LAT-030_LON-120_comparison.png

[24/494]
────────────────────────────────────────────────────────────
  Group : 2024-10-10_0030__LAT+030_LON-120
  Window: 2024-10-10_0030  |  Region: LAT+030_LON-120  |  3 occultation(s)
────────────────────────────────────────────────────────────
E11 is rising
E6 is rising
C20 is rising
  Parsed 3/3 files successfully.
  Bounding box: lat [10.1, 79.8]  lon [-94.3, -51.6]  |  vertices: 78
  Final group: 3 occultation(s), 78 mesh vertices
  Saved trim diagnostic → ./Figures/GroupKF/group_2024-10-10_0030__LAT+030_LON-120_trim.png
  [1/3] Building H for GN04 00:58 (440 rays) …
  -> Building H Matrix (440 rays, parallel)...
  [2/3] Building H for GN04 00:59 (382 rays) …
  -> Building H Matrix (382 rays, parallel)...
  [3/3] Building H for GN04 00:59 (588 rays) …
  -> Building H Matrix (588 rays, parallel)...
  Combined H shape : (1410, 3978)  (total rays = 1410)
  Running sequential KF assimilation …
  [step 1/3] Assimilating GN04 00:58 (440 rays) …
  [step 2/3] Assimilating GN04 00:59 (382 rays) …
  [step 3/3] Assimilating GN04 00:59 (588 rays) …
  Running joint (batch) KF assimilation …
  Prior RMSE        : 177.463 TECU
  Post  RMSE (seq)  : 102.482 TECU
  Post  RMSE (joint): 49.540 TECU
  -> Running Lei-Abel inversion...
    [Abel] GN04 00:58: NmF2=3.41e+11 m⁻³  hmF2=331.6 km
  -> Running Lei-Abel inversion...
    [Abel] GN04 00:59: NmF2=7.74e+11 m⁻³  hmF2=344.9 km
  -> Running Lei-Abel inversion...
    [Abel] GN04 00:59: NmF2=4.71e+11 m⁻³  hmF2=360.2 km
  Saved group plot (Sequential KF) → ./Figures/GroupKF/group_2024-10-10_0030__LAT+030_LON-120_seq.png
  Saved group plot (Joint KF) → ./Figures/GroupKF/group_2024-10-10_0030__LAT+030_LON-120_joint.png
  Saved sequential plot → ./Figures/GroupKF/group_2024-10-10_0030__LAT+030_LON-120_sequential.png
Plotting comparison 2024-10-10_0030__LAT+030_LON-120
  Saved comparison plot → ./Figures/GroupKF/group_2024-10-10_0030__LAT+030_LON-120_comparison.png

[25/494]
────────────────────────────────────────────────────────────
  Group : 2024-10-10_0100__LAT-030_LON-060
  Window: 2024-10-10_0100  |  Region: LAT-030_LON-060  |  14 occultation(s)
────────────────────────────────────────────────────────────
Data Flipped: G27 is setting
Data Flipped: E5 is setting
Data Flipped: G7 is setting
R19 is rising
Data Flipped: R14 is setting
No valid descending tangent points found. Skipping.
    [skip] podTc2_GN04.2024.284.01.07.0020.E24.00_0000.0001_nc — parse returned None
E21 is rising
G32 is rising
E19 is rising
C25 is rising
R11 is rising
G28 is rising
Data not high enough. Skipping.
    [skip] podTc2_GN05.2024.284.01.22.0009.R04.00_0000.0001_nc — parse returned None
Data Flipped: G8 is setting
  Parsed 12/14 files successfully.
    [skip] GN04 01:03 — only 12 valid rays
    [skip] GN04 01:06 — only 48 valid rays
  Bounding box: lat [-45.5, 14.9]  lon [-59.9, -17.5]  |  vertices: 94
  Final group: 10 occultation(s), 94 mesh vertices
  Saved trim diagnostic → ./Figures/GroupKF/group_2024-10-10_0100__LAT-030_LON-060_trim.png
  [1/10] Building H for GN04 01:00 (223 rays) …
  -> Building H Matrix (223 rays, parallel)...
  [2/10] Building H for GN04 01:04 (140 rays) …
  -> Building H Matrix (140 rays, parallel)...
  [3/10] Building H for GN05 01:06 (353 rays) …
  -> Building H Matrix (353 rays, parallel)...
  [4/10] Building H for GN05 01:16 (222 rays) …
  -> Building H Matrix (222 rays, parallel)...
  [5/10] Building H for GN05 01:16 (258 rays) …
  -> Building H Matrix (258 rays, parallel)...
  [6/10] Building H for GN05 01:17 (326 rays) …
  -> Building H Matrix (326 rays, parallel)...
  [7/10] Building H for GN05 01:17 (169 rays) …
  -> Building H Matrix (169 rays, parallel)...
  [8/10] Building H for GN05 01:17 (183 rays) …
  -> Building H Matrix (183 rays, parallel)...
  [9/10] Building H for GN05 01:20 (227 rays) …
  -> Building H Matrix (227 rays, parallel)...
  [10/10] Building H for GN05 01:27 (278 rays) …
  -> Building H Matrix (278 rays, parallel)...
  Combined H shape : (2379, 4794)  (total rays = 2379)
  Running sequential KF assimilation …
  [step 1/10] Assimilating GN04 01:00 (223 rays) …
  [step 2/10] Assimilating GN04 01:04 (140 rays) …
  [step 3/10] Assimilating GN05 01:06 (353 rays) …
  [step 4/10] Assimilating GN05 01:16 (222 rays) …
  [step 5/10] Assimilating GN05 01:16 (258 rays) …
  [step 6/10] Assimilating GN05 01:17 (326 rays) …
  [step 7/10] Assimilating GN05 01:17 (169 rays) …
  [step 8/10] Assimilating GN05 01:17 (183 rays) …
  [step 9/10] Assimilating GN05 01:20 (227 rays) …
  [step 10/10] Assimilating GN05 01:27 (278 rays) …
  Running joint (batch) KF assimilation …
  Prior RMSE        : 150.027 TECU
  Post  RMSE (seq)  : 65.284 TECU
  Post  RMSE (joint): 37.185 TECU
  -> Running Lei-Abel inversion...
    [Abel] GN04 01:00: NmF2=1.49e+12 m⁻³  hmF2=417.3 km
  -> Running Lei-Abel inversion...
    [Abel] GN04 01:04: NmF2=1.27e+12 m⁻³  hmF2=498.8 km
  -> Running Lei-Abel inversion...
    [Abel] GN05 01:06: NmF2=4.05e+12 m⁻³  hmF2=326.4 km
  -> Running Lei-Abel inversion...
    [Abel] GN05 01:16: NmF2=1.10e+12 m⁻³  hmF2=473.3 km
  -> Running Lei-Abel inversion...
    [Abel] GN05 01:16: NmF2=1.11e+12 m⁻³  hmF2=477.5 km
  -> Running Lei-Abel inversion...
    [Abel] GN05 01:17: NmF2=1.02e+12 m⁻³  hmF2=402.5 km
  -> Running Lei-Abel inversion...
    [Abel] GN05 01:17: NmF2=7.70e+11 m⁻³  hmF2=542.4 km
  -> Running Lei-Abel inversion...
    [Abel] GN05 01:17: NmF2=8.53e+11 m⁻³  hmF2=453.6 km
  -> Running Lei-Abel inversion...
    [Abel] GN05 01:20: NmF2=5.61e+11 m⁻³  hmF2=436.4 km
  -> Running Lei-Abel inversion...
    [Abel] GN05 01:27: NmF2=2.54e+12 m⁻³  hmF2=325.0 km
  Saved group plot (Sequential KF) → ./Figures/GroupKF/group_2024-10-10_0100__LAT-030_LON-060_seq.png
  Saved group plot (Joint KF) → ./Figures/GroupKF/group_2024-10-10_0100__LAT-030_LON-060_joint.png
  Saved sequential plot → ./Figures/GroupKF/group_2024-10-10_0100__LAT-030_LON-060_sequential.png
Plotting comparison 2024-10-10_0100__LAT-030_LON-060
  Saved comparison plot → ./Figures/GroupKF/group_2024-10-10_0100__LAT-030_LON-060_comparison.png

[26/494]
────────────────────────────────────────────────────────────
  Group : 2024-10-10_0100__LAT+030_LON-060
  Window: 2024-10-10_0100  |  Region: LAT+030_LON-060  |  12 occultation(s)
────────────────────────────────────────────────────────────
G31 is rising
C23 is rising
R12 is rising
Data Flipped: R22 is setting
Data Flipped: E26 is setting
Data Flipped: C43 is setting
Data Flipped: G18 is setting
Data Flipped: C21 is setting
Data Flipped: C38 is setting
Data Flipped: C42 is setting
Data Flipped: R7 is setting
C23 is rising
  Parsed 12/12 files successfully.
  Bounding box: lat [12.7, 74.6]  lon [-87.7, 9.6]  |  vertices: 165
  Final group: 12 occultation(s), 165 mesh vertices
  Saved trim diagnostic → ./Figures/GroupKF/group_2024-10-10_0100__LAT+030_LON-060_trim.png
  [1/12] Building H for GN04 01:00 (381 rays) …
  -> Building H Matrix (381 rays, parallel)...
  [2/12] Building H for GN04 01:03 (461 rays) …
  -> Building H Matrix (461 rays, parallel)...
  [3/12] Building H for GN04 01:06 (488 rays) …
  -> Building H Matrix (488 rays, parallel)...
  [4/12] Building H for GN04 01:13 (387 rays) …
  -> Building H Matrix (387 rays, parallel)...
  [5/12] Building H for GN04 01:13 (359 rays) …
  -> Building H Matrix (359 rays, parallel)...
  [6/12] Building H for GN04 01:14 (570 rays) …
  -> Building H Matrix (570 rays, parallel)...
  [7/12] Building H for GN04 01:14 (517 rays) …
  -> Building H Matrix (517 rays, parallel)...
  [8/12] Building H for GN04 01:15 (386 rays) …
  -> Building H Matrix (386 rays, parallel)...
  [9/12] Building H for GN04 01:15 (399 rays) …
  -> Building H Matrix (399 rays, parallel)...
  [10/12] Building H for GN04 01:17 (455 rays) …
  -> Building H Matrix (455 rays, parallel)...
  [11/12] Building H for GN04 01:17 (565 rays) …
  -> Building H Matrix (565 rays, parallel)...
  [12/12] Building H for GN05 01:29 (429 rays) …
  -> Building H Matrix (429 rays, parallel)...
  Combined H shape : (5397, 8415)  (total rays = 5397)
  Running sequential KF assimilation …
  [step 1/12] Assimilating GN04 01:00 (381 rays) …
  [step 2/12] Assimilating GN04 01:03 (461 rays) …
  [step 3/12] Assimilating GN04 01:06 (488 rays) …
  [step 4/12] Assimilating GN04 01:13 (387 rays) …
  [step 5/12] Assimilating GN04 01:13 (359 rays) …
  [step 6/12] Assimilating GN04 01:14 (570 rays) …
  [step 7/12] Assimilating GN04 01:14 (517 rays) …
  [step 8/12] Assimilating GN04 01:15 (386 rays) …
  [step 9/12] Assimilating GN04 01:15 (399 rays) …
  [step 10/12] Assimilating GN04 01:17 (455 rays) …
  [step 11/12] Assimilating GN04 01:17 (565 rays) …
  [step 12/12] Assimilating GN05 01:29 (429 rays) …
  Running joint (batch) KF assimilation …
  Prior RMSE        : 123.275 TECU
  Post  RMSE (seq)  : 1757.782 TECU
  Post  RMSE (joint): 93.550 TECU
  -> Running Lei-Abel inversion...
    [Abel] GN04 01:00: NmF2=9.11e+11 m⁻³  hmF2=345.3 km
  -> Running Lei-Abel inversion...
    [Abel] GN04 01:03: NmF2=3.06e+11 m⁻³  hmF2=428.3 km
  -> Running Lei-Abel inversion...
    [Abel] GN04 01:06: NmF2=2.15e+11 m⁻³  hmF2=425.6 km
  -> Running Lei-Abel inversion...
    [Abel] GN04 01:13: NmF2=3.19e+12 m⁻³  hmF2=324.7 km
  -> Running Lei-Abel inversion...
    [Abel] GN04 01:13: NmF2=2.34e+12 m⁻³  hmF2=333.5 km
  -> Running Lei-Abel inversion...
    [Abel] GN04 01:14: NmF2=1.57e+12 m⁻³  hmF2=253.6 km
  -> Running Lei-Abel inversion...
    [Abel] GN04 01:14: NmF2=4.71e+11 m⁻³  hmF2=382.1 km
  -> Running Lei-Abel inversion...
    [Abel] GN04 01:15: NmF2=4.17e+11 m⁻³  hmF2=372.5 km
  -> Running Lei-Abel inversion...
    [Abel] GN04 01:15: NmF2=4.05e+11 m⁻³  hmF2=369.0 km
  -> Running Lei-Abel inversion...
    [Abel] GN04 01:17: NmF2=2.85e+11 m⁻³  hmF2=374.8 km
  -> Running Lei-Abel inversion...
    [Abel] GN04 01:17: NmF2=2.95e+11 m⁻³  hmF2=456.3 km
  -> Running Lei-Abel inversion...
    [Abel] GN05 01:29: NmF2=8.31e+11 m⁻³  hmF2=383.0 km
  Saved group plot (Sequential KF) → ./Figures/GroupKF/group_2024-10-10_0100__LAT+030_LON-060_seq.png
  Saved group plot (Joint KF) → ./Figures/GroupKF/group_2024-10-10_0100__LAT+030_LON-060_joint.png
  Saved sequential plot → ./Figures/GroupKF/group_2024-10-10_0100__LAT+030_LON-060_sequential.png
Plotting comparison 2024-10-10_0100__LAT+030_LON-060
  Saved comparison plot → ./Figures/GroupKF/group_2024-10-10_0100__LAT+030_LON-060_comparison.png

[27/494]
────────────────────────────────────────────────────────────
  Group : 2024-10-10_0100__POLAR_S
  Window: 2024-10-10_0100  |  Region: POLAR_S  |  15 occultation(s)
────────────────────────────────────────────────────────────
C26 is rising
E30 is rising
Data Flipped: E6 is setting
Data Flipped: R17 is setting
Data Flipped: G31 is setting
Data Flipped: E9 is setting
Data Flipped: E11 is setting
Data Flipped: C23 is setting
Data Flipped: C30 is setting
Data Flipped: R12 is setting
Data Flipped: E10 is setting
Data Flipped: G4 is setting
Data Flipped: G26 is setting
Data Flipped: G9 is setting
Data Flipped: E12 is setting
  Parsed 15/15 files successfully.
  [polar] Bounding box: lat [-90.0, -40.4]  lon [-180.0, 180.0]  |  vertices: 291
  Final group: 15 occultation(s), 291 mesh vertices
  Saved trim diagnostic → ./Figures/GroupKF/group_2024-10-10_0100__POLAR_S_trim.png
  [1/15] Building H for GN05 01:00 (378 rays) …
  -> Building H Matrix (378 rays, parallel)...
  [2/15] Building H for GN05 01:00 (439 rays) …
  -> Building H Matrix (439 rays, parallel)...
  [3/15] Building H for GN05 01:01 (439 rays) …
  -> Building H Matrix (439 rays, parallel)...
  [4/15] Building H for GN05 01:03 (623 rays) …
  -> Building H Matrix (623 rays, parallel)...
  [5/15] Building H for GN05 01:04 (374 rays) …
  -> Building H Matrix (374 rays, parallel)...
  [6/15] Building H for GN05 01:05 (497 rays) …
  -> Building H Matrix (497 rays, parallel)...
  [7/15] Building H for GN05 01:06 (299 rays) …
  -> Building H Matrix (299 rays, parallel)...
  [8/15] Building H for GN05 01:06 (422 rays) …
  -> Building H Matrix (422 rays, parallel)...
  [9/15] Building H for GN05 01:08 (671 rays) …
  -> Building H Matrix (671 rays, parallel)...
  [10/15] Building H for GN05 01:08 (437 rays) …
  -> Building H Matrix (437 rays, parallel)...
  [11/15] Building H for GN05 01:09 (454 rays) …
  -> Building H Matrix (454 rays, parallel)...
  [12/15] Building H for GN05 01:10 (288 rays) …
  -> Building H Matrix (288 rays, parallel)...
  [13/15] Building H for GN05 01:10 (525 rays) …
  -> Building H Matrix (525 rays, parallel)...
  [14/15] Building H for GN05 01:13 (738 rays) …
  -> Building H Matrix (738 rays, parallel)...
  [15/15] Building H for GN05 01:13 (447 rays) …
  -> Building H Matrix (447 rays, parallel)...
  Combined H shape : (7031, 14841)  (total rays = 7031)
  Running sequential KF assimilation …
  [step 1/15] Assimilating GN05 01:00 (378 rays) …
  [step 2/15] Assimilating GN05 01:00 (439 rays) …
  [step 3/15] Assimilating GN05 01:01 (439 rays) …
  [step 4/15] Assimilating GN05 01:03 (623 rays) …
  [step 5/15] Assimilating GN05 01:04 (374 rays) …
  [step 6/15] Assimilating GN05 01:05 (497 rays) …
  [step 7/15] Assimilating GN05 01:06 (299 rays) …
  [step 8/15] Assimilating GN05 01:06 (422 rays) …
  [step 9/15] Assimilating GN05 01:08 (671 rays) …
  [step 10/15] Assimilating GN05 01:08 (437 rays) …
  [step 11/15] Assimilating GN05 01:09 (454 rays) …
  [step 12/15] Assimilating GN05 01:10 (288 rays) …
  [step 13/15] Assimilating GN05 01:10 (525 rays) …
  [step 14/15] Assimilating GN05 01:13 (738 rays) …
  [step 15/15] Assimilating GN05 01:13 (447 rays) …
  Running joint (batch) KF assimilation …
  Prior RMSE        : 44.531 TECU
  Post  RMSE (seq)  : 49.148 TECU
  Post  RMSE (joint): 15.064 TECU
  -> Running Lei-Abel inversion...
    [Abel] GN05 01:00: NmF2=4.48e+11 m⁻³  hmF2=341.4 km
  -> Running Lei-Abel inversion...
    [Abel] GN05 01:00: NmF2=4.35e+11 m⁻³  hmF2=388.6 km
  -> Running Lei-Abel inversion...
    [Abel] GN05 01:01: NmF2=5.54e+11 m⁻³  hmF2=375.4 km
  -> Running Lei-Abel inversion...
    [Abel] GN05 01:03: NmF2=6.70e+11 m⁻³  hmF2=424.7 km
  -> Running Lei-Abel inversion...
    [Abel] GN05 01:04: NmF2=4.00e+11 m⁻³  hmF2=413.5 km
  -> Running Lei-Abel inversion...
    [Abel] GN05 01:05: NmF2=6.73e+11 m⁻³  hmF2=410.4 km
  -> Running Lei-Abel inversion...
    [Abel] GN05 01:06: NmF2=4.85e+11 m⁻³  hmF2=398.4 km
  -> Running Lei-Abel inversion...
    [Abel] GN05 01:06: NmF2=4.58e+11 m⁻³  hmF2=304.2 km
  -> Running Lei-Abel inversion...
    [Abel] GN05 01:08: NmF2=1.03e+12 m⁻³  hmF2=352.9 km
  -> Running Lei-Abel inversion...
    [Abel] GN05 01:08: NmF2=2.98e+11 m⁻³  hmF2=376.3 km
  -> Running Lei-Abel inversion...
    [Abel] GN05 01:09: NmF2=4.72e+11 m⁻³  hmF2=325.5 km
  -> Running Lei-Abel inversion...
    [Abel] GN05 01:10: NmF2=4.81e+11 m⁻³  hmF2=430.8 km
  -> Running Lei-Abel inversion...
    [Abel] GN05 01:10: NmF2=2.45e+11 m⁻³  hmF2=427.2 km
  -> Running Lei-Abel inversion...
    [Abel] GN05 01:13: NmF2=8.39e+11 m⁻³  hmF2=368.9 km
  -> Running Lei-Abel inversion...
    [Abel] GN05 01:13: NmF2=2.07e+11 m⁻³  hmF2=426.1 km
  Saved group plot (Sequential KF) → ./Figures/GroupKF/group_2024-10-10_0100__POLAR_S_seq.png
  Saved group plot (Joint KF) → ./Figures/GroupKF/group_2024-10-10_0100__POLAR_S_joint.png
  Saved sequential plot → ./Figures/GroupKF/group_2024-10-10_0100__POLAR_S_sequential.png
Plotting comparison 2024-10-10_0100__POLAR_S
  Saved comparison plot → ./Figures/GroupKF/group_2024-10-10_0100__POLAR_S_comparison.png

[28/494]
────────────────────────────────────────────────────────────
  Group : 2024-10-10_0100__LAT+030_LON-120
  Window: 2024-10-10_0100  |  Region: LAT+030_LON-120  |  8 occultation(s)
────────────────────────────────────────────────────────────
R17 is rising
R3 is rising
E9 is rising
G4 is rising
Data Flipped: E8 is setting
Data Flipped: G5 is setting
Data Flipped: C45 is setting
Data Flipped: E2 is setting
  Parsed 8/8 files successfully.
  Bounding box: lat [10.9, 84.3]  lon [-174.4, -51.7]  |  vertices: 226
  Final group: 8 occultation(s), 226 mesh vertices
  Saved trim diagnostic → ./Figures/GroupKF/group_2024-10-10_0100__LAT+030_LON-120_trim.png
  [1/8] Building H for GN04 01:00 (506 rays) …
  -> Building H Matrix (506 rays, parallel)...
  [2/8] Building H for GN04 01:02 (582 rays) …
  -> Building H Matrix (582 rays, parallel)...
  [3/8] Building H for GN04 01:03 (422 rays) …
  -> Building H Matrix (422 rays, parallel)...
  [4/8] Building H for GN04 01:04 (430 rays) …
  -> Building H Matrix (430 rays, parallel)...
  [5/8] Building H for GN04 01:16 (365 rays) …
  -> Building H Matrix (365 rays, parallel)...
  [6/8] Building H for GN04 01:18 (448 rays) …
  -> Building H Matrix (448 rays, parallel)...
  [7/8] Building H for GN04 01:20 (462 rays) …
  -> Building H Matrix (462 rays, parallel)...
  [8/8] Building H for GN04 01:25 (553 rays) …
  -> Building H Matrix (553 rays, parallel)...
  Combined H shape : (3768, 11526)  (total rays = 3768)
  Running sequential KF assimilation …
  [step 1/8] Assimilating GN04 01:00 (506 rays) …
  [step 2/8] Assimilating GN04 01:02 (582 rays) …
  [step 3/8] Assimilating GN04 01:03 (422 rays) …
  [step 4/8] Assimilating GN04 01:04 (430 rays) …
  [step 5/8] Assimilating GN04 01:16 (365 rays) …
  [step 6/8] Assimilating GN04 01:18 (448 rays) …
  [step 7/8] Assimilating GN04 01:20 (462 rays) …
  [step 8/8] Assimilating GN04 01:25 (553 rays) …
  Running joint (batch) KF assimilation …
  Prior RMSE        : 175.165 TECU
  Post  RMSE (seq)  : 64.653 TECU
  Post  RMSE (joint): 40.460 TECU
  -> Running Lei-Abel inversion...
    [Abel] GN04 01:00: NmF2=3.84e+11 m⁻³  hmF2=312.8 km
  -> Running Lei-Abel inversion...
    [Abel] GN04 01:02: NmF2=4.92e+11 m⁻³  hmF2=349.7 km
  -> Running Lei-Abel inversion...
    [Abel] GN04 01:03: NmF2=3.66e+11 m⁻³  hmF2=341.5 km
  -> Running Lei-Abel inversion...
    [Abel] GN04 01:04: NmF2=3.86e+11 m⁻³  hmF2=322.1 km
  -> Running Lei-Abel inversion...
    [Abel] GN04 01:16: NmF2=3.99e+11 m⁻³  hmF2=364.9 km
  -> Running Lei-Abel inversion...
    [Abel] GN04 01:18: NmF2=2.68e+11 m⁻³  hmF2=356.1 km
  -> Running Lei-Abel inversion...
    [Abel] GN04 01:20: NmF2=3.14e+11 m⁻³  hmF2=361.1 km
  -> Running Lei-Abel inversion...
    [Abel] GN04 01:25: NmF2=3.88e+11 m⁻³  hmF2=402.8 km
  Saved group plot (Sequential KF) → ./Figures/GroupKF/group_2024-10-10_0100__LAT+030_LON-120_seq.png
  Saved group plot (Joint KF) → ./Figures/GroupKF/group_2024-10-10_0100__LAT+030_LON-120_joint.png
  Saved sequential plot → ./Figures/GroupKF/group_2024-10-10_0100__LAT+030_LON-120_sequential.png
Plotting comparison 2024-10-10_0100__LAT+030_LON-120
  Saved comparison plot → ./Figures/GroupKF/group_2024-10-10_0100__LAT+030_LON-120_comparison.png

[29/494]
────────────────────────────────────────────────────────────
  Group : 2024-10-10_0100__LAT-060_LON+120
  Window: 2024-10-10_0100  |  Region: LAT-060_LON+120  |  1 occultation(s)
────────────────────────────────────────────────────────────
Data Flipped: C32 is setting
  Parsed 1/1 files successfully.
  Bounding box: lat [-63.7, -32.7]  lon [133.8, 145.7]  |  vertices: 9
  Final group: 1 occultation(s), 9 mesh vertices
  Saved trim diagnostic → ./Figures/GroupKF/group_2024-10-10_0100__LAT-060_LON+120_trim.png
  [1/1] Building H for GN05 01:00 (191 rays) …
  -> Building H Matrix (191 rays, parallel)...
  Combined H shape : (191, 459)  (total rays = 191)
  Running sequential KF assimilation …
  [step 1/1] Assimilating GN05 01:00 (191 rays) …
  Running joint (batch) KF assimilation …
  Prior RMSE        : 23.950 TECU
  Post  RMSE (seq)  : 17.707 TECU
  Post  RMSE (joint): 3.016 TECU
  -> Running Lei-Abel inversion...
    [Abel] GN05 01:00: NmF2=2.97e+11 m⁻³  hmF2=474.9 km
  Saved group plot (Sequential KF) → ./Figures/GroupKF/group_2024-10-10_0100__LAT-060_LON+120_seq.png
  Saved group plot (Joint KF) → ./Figures/GroupKF/group_2024-10-10_0100__LAT-060_LON+120_joint.png
  Saved sequential plot → ./Figures/GroupKF/group_2024-10-10_0100__LAT-060_LON+120_sequential.png
Plotting comparison 2024-10-10_0100__LAT-060_LON+120
  Saved comparison plot → ./Figures/GroupKF/group_2024-10-10_0100__LAT-060_LON+120_comparison.png

[30/494]
────────────────────────────────────────────────────────────
  Group : 2024-10-10_0100__LAT-060_LON-060
  Window: 2024-10-10_0100  |  Region: LAT-060_LON-060  |  13 occultation(s)
────────────────────────────────────────────────────────────
E34 is rising
G6 is rising
C35 is rising
C40 is rising
G12 is rising
C24 is rising
E27 is rising
E29 is rising
Data Flipped: C37 is setting
Data Flipped: R24 is setting
Data Flipped: C27 is setting
Data Flipped: E5 is setting
Data Flipped: E31 is setting
  Parsed 13/13 files successfully.
  Bounding box: lat [-81.4, -10.6]  lon [-89.2, 19.2]  |  vertices: 200
  Final group: 13 occultation(s), 200 mesh vertices
  Saved trim diagnostic → ./Figures/GroupKF/group_2024-10-10_0100__LAT-060_LON-060_trim.png
  [1/13] Building H for GN05 01:01 (573 rays) …
  -> Building H Matrix (573 rays, parallel)...
  [2/13] Building H for GN05 01:02 (573 rays) …
  -> Building H Matrix (573 rays, parallel)...
  [3/13] Building H for GN05 01:03 (493 rays) …
  -> Building H Matrix (493 rays, parallel)...
  [4/13] Building H for GN05 01:03 (429 rays) …
  -> Building H Matrix (429 rays, parallel)...
  [5/13] Building H for GN05 01:05 (384 rays) …
  -> Building H Matrix (384 rays, parallel)...
  [6/13] Building H for GN05 01:05 (376 rays) …
  -> Building H Matrix (376 rays, parallel)...
  [7/13] Building H for GN05 01:06 (385 rays) …
  -> Building H Matrix (385 rays, parallel)...
  [8/13] Building H for GN05 01:08 (698 rays) …
  -> Building H Matrix (698 rays, parallel)...
  [9/13] Building H for GN05 01:16 (379 rays) …
  -> Building H Matrix (379 rays, parallel)...
  [10/13] Building H for GN05 01:18 (468 rays) …
  -> Building H Matrix (468 rays, parallel)...
  [11/13] Building H for GN05 01:19 (446 rays) …
  -> Building H Matrix (446 rays, parallel)...
  [12/13] Building H for GN05 01:20 (697 rays) …
  -> Building H Matrix (697 rays, parallel)...
  [13/13] Building H for GN05 01:21 (433 rays) …
  -> Building H Matrix (433 rays, parallel)...
  Combined H shape : (6334, 10200)  (total rays = 6334)
  Running sequential KF assimilation …
  [step 1/13] Assimilating GN05 01:01 (573 rays) …
  [step 2/13] Assimilating GN05 01:02 (573 rays) …
  [step 3/13] Assimilating GN05 01:03 (493 rays) …
  [step 4/13] Assimilating GN05 01:03 (429 rays) …
  [step 5/13] Assimilating GN05 01:05 (384 rays) …
  [step 6/13] Assimilating GN05 01:05 (376 rays) …
  [step 7/13] Assimilating GN05 01:06 (385 rays) …
  [step 8/13] Assimilating GN05 01:08 (698 rays) …
  [step 9/13] Assimilating GN05 01:16 (379 rays) …
  [step 10/13] Assimilating GN05 01:18 (468 rays) …
  [step 11/13] Assimilating GN05 01:19 (446 rays) …
  [step 12/13] Assimilating GN05 01:20 (697 rays) …
  [step 13/13] Assimilating GN05 01:21 (433 rays) …
  Running joint (batch) KF assimilation …
  Prior RMSE        : 141.503 TECU
  Post  RMSE (seq)  : 46.455 TECU
  Post  RMSE (joint): 19.139 TECU
  -> Running Lei-Abel inversion...
    [Abel] GN05 01:01: NmF2=8.88e+11 m⁻³  hmF2=287.7 km
  -> Running Lei-Abel inversion...
    [Abel] GN05 01:02: NmF2=1.25e+12 m⁻³  hmF2=291.6 km
  -> Running Lei-Abel inversion...
    [Abel] GN05 01:03: NmF2=5.37e+11 m⁻³  hmF2=321.7 km
  -> Running Lei-Abel inversion...
    [Abel] GN05 01:03: NmF2=3.10e+11 m⁻³  hmF2=374.0 km
  -> Running Lei-Abel inversion...
    [Abel] GN05 01:05: NmF2=3.48e+11 m⁻³  hmF2=387.5 km
  -> Running Lei-Abel inversion...
    [Abel] GN05 01:05: NmF2=2.97e+11 m⁻³  hmF2=403.0 km
  -> Running Lei-Abel inversion...
    [Abel] GN05 01:06: NmF2=3.88e+11 m⁻³  hmF2=365.9 km
  -> Running Lei-Abel inversion...
    [Abel] GN05 01:08: NmF2=2.25e+11 m⁻³  hmF2=407.7 km
  -> Running Lei-Abel inversion...
    [Abel] GN05 01:16: NmF2=2.17e+11 m⁻³  hmF2=420.8 km
  -> Running Lei-Abel inversion...
    [Abel] GN05 01:18: NmF2=3.56e+11 m⁻³  hmF2=392.2 km
  -> Running Lei-Abel inversion...
    [Abel] GN05 01:19: NmF2=4.09e+11 m⁻³  hmF2=360.8 km
  -> Running Lei-Abel inversion...
    [Abel] GN05 01:20: NmF2=6.40e+11 m⁻³  hmF2=341.3 km
  -> Running Lei-Abel inversion...
    [Abel] GN05 01:21: NmF2=3.86e+11 m⁻³  hmF2=366.3 km
  Saved group plot (Sequential KF) → ./Figures/GroupKF/group_2024-10-10_0100__LAT-060_LON-060_seq.png
  Saved group plot (Joint KF) → ./Figures/GroupKF/group_2024-10-10_0100__LAT-060_LON-060_joint.png
  Saved sequential plot → ./Figures/GroupKF/group_2024-10-10_0100__LAT-060_LON-060_sequential.png
Plotting comparison 2024-10-10_0100__LAT-060_LON-060
  Saved comparison plot → ./Figures/GroupKF/group_2024-10-10_0100__LAT-060_LON-060_comparison.png

[31/494]
────────────────────────────────────────────────────────────
  Group : 2024-10-10_0100__POLAR_N
  Window: 2024-10-10_0100  |  Region: POLAR_N  |  16 occultation(s)
────────────────────────────────────────────────────────────
E10 is rising
C30 is rising
E12 is rising
G26 is rising
R24 is rising
C37 is rising
G9 is rising
C27 is rising
Data Flipped: G15 is setting
E31 is rising
E5 is rising
Data Flipped: R16 is setting
Data Flipped: E7 is setting
Data Flipped: E13 is setting
Data Flipped: R21 is setting
Data Flipped: C34 is setting
  Parsed 16/16 files successfully.
  [polar] Bounding box: lat [39.8, 90.0]  lon [-180.0, 180.0]  |  vertices: 297
  Final group: 16 occultation(s), 297 mesh vertices
  Saved trim diagnostic → ./Figures/GroupKF/group_2024-10-10_0100__POLAR_N_trim.png
  [1/16] Building H for GN04 01:04 (441 rays) …
  -> Building H Matrix (441 rays, parallel)...
  [2/16] Building H for GN04 01:06 (507 rays) …
  -> Building H Matrix (507 rays, parallel)...
  [3/16] Building H for GN04 01:09 (482 rays) …
  -> Building H Matrix (482 rays, parallel)...
  [4/16] Building H for GN04 01:10 (666 rays) …
  -> Building H Matrix (666 rays, parallel)...
  [5/16] Building H for GN04 01:12 (456 rays) …
  -> Building H Matrix (456 rays, parallel)...
  [6/16] Building H for GN04 01:13 (400 rays) …
  -> Building H Matrix (400 rays, parallel)...
  [7/16] Building H for GN04 01:14 (542 rays) …
  -> Building H Matrix (542 rays, parallel)...
  [8/16] Building H for GN04 01:14 (439 rays) …
  -> Building H Matrix (439 rays, parallel)...
  [9/16] Building H for GN04 01:19 (388 rays) …
  -> Building H Matrix (388 rays, parallel)...
  [10/16] Building H for GN04 01:19 (520 rays) …
  -> Building H Matrix (520 rays, parallel)...
  [11/16] Building H for GN04 01:19 (553 rays) …
  -> Building H Matrix (553 rays, parallel)...
  [12/16] Building H for GN04 01:22 (486 rays) …
  -> Building H Matrix (486 rays, parallel)...
  [13/16] Building H for GN04 01:22 (420 rays) …
  -> Building H Matrix (420 rays, parallel)...
  [14/16] Building H for GN04 01:23 (439 rays) …
  -> Building H Matrix (439 rays, parallel)...
  [15/16] Building H for GN04 01:26 (497 rays) …
  -> Building H Matrix (497 rays, parallel)...
  [16/16] Building H for GN04 01:28 (522 rays) …
  -> Building H Matrix (522 rays, parallel)...
  Combined H shape : (7758, 15147)  (total rays = 7758)
  Running sequential KF assimilation …
  [step 1/16] Assimilating GN04 01:04 (441 rays) …
  [step 2/16] Assimilating GN04 01:06 (507 rays) …
  [step 3/16] Assimilating GN04 01:09 (482 rays) …
  [step 4/16] Assimilating GN04 01:10 (666 rays) …
  [step 5/16] Assimilating GN04 01:12 (456 rays) …
  [step 6/16] Assimilating GN04 01:13 (400 rays) …
  [step 7/16] Assimilating GN04 01:14 (542 rays) …
  [step 8/16] Assimilating GN04 01:14 (439 rays) …
  [step 9/16] Assimilating GN04 01:19 (388 rays) …
  [step 10/16] Assimilating GN04 01:19 (520 rays) …
  [step 11/16] Assimilating GN04 01:19 (553 rays) …
  [step 12/16] Assimilating GN04 01:22 (486 rays) …
  [step 13/16] Assimilating GN04 01:22 (420 rays) …
  [step 14/16] Assimilating GN04 01:23 (439 rays) …
  [step 15/16] Assimilating GN04 01:26 (497 rays) …
  [step 16/16] Assimilating GN04 01:28 (522 rays) …
  Running joint (batch) KF assimilation …
  Prior RMSE        : 52.779 TECU
  Post  RMSE (seq)  : 38.978 TECU
  Post  RMSE (joint): 22.771 TECU
  -> Running Lei-Abel inversion...
    [Abel] GN04 01:04: NmF2=5.33e+11 m⁻³  hmF2=353.9 km
  -> Running Lei-Abel inversion...
    [Abel] GN04 01:06: NmF2=5.68e+11 m⁻³  hmF2=328.4 km
  -> Running Lei-Abel inversion...
    [Abel] GN04 01:09: NmF2=4.17e+11 m⁻³  hmF2=399.4 km
  -> Running Lei-Abel inversion...
    [Abel] GN04 01:10: NmF2=5.12e+11 m⁻³  hmF2=349.9 km
  -> Running Lei-Abel inversion...
    [Abel] GN04 01:12: NmF2=5.42e+11 m⁻³  hmF2=280.5 km
  -> Running Lei-Abel inversion...
    [Abel] GN04 01:13: NmF2=4.12e+11 m⁻³  hmF2=477.7 km
  -> Running Lei-Abel inversion...
    [Abel] GN04 01:14: NmF2=6.84e+11 m⁻³  hmF2=275.2 km
  -> Running Lei-Abel inversion...
    [Abel] GN04 01:14: NmF2=6.83e+11 m⁻³  hmF2=273.2 km
  -> Running Lei-Abel inversion...
    [Abel] GN04 01:19: NmF2=2.67e+11 m⁻³  hmF2=307.9 km
  -> Running Lei-Abel inversion...
    [Abel] GN04 01:19: NmF2=9.30e+11 m⁻³  hmF2=263.4 km
  -> Running Lei-Abel inversion...
    [Abel] GN04 01:19: NmF2=7.91e+11 m⁻³  hmF2=249.6 km
  -> Running Lei-Abel inversion...
    [Abel] GN04 01:22: NmF2=4.12e+11 m⁻³  hmF2=346.8 km
  -> Running Lei-Abel inversion...
    [Abel] GN04 01:22: NmF2=4.42e+11 m⁻³  hmF2=405.9 km
  -> Running Lei-Abel inversion...
    [Abel] GN04 01:23: NmF2=5.16e+11 m⁻³  hmF2=357.7 km
  -> Running Lei-Abel inversion...
    [Abel] GN04 01:26: NmF2=5.12e+11 m⁻³  hmF2=329.3 km
  -> Running Lei-Abel inversion...
    [Abel] GN04 01:28: NmF2=5.02e+11 m⁻³  hmF2=286.4 km
  Saved group plot (Sequential KF) → ./Figures/GroupKF/group_2024-10-10_0100__POLAR_N_seq.png
  Saved group plot (Joint KF) → ./Figures/GroupKF/group_2024-10-10_0100__POLAR_N_joint.png
  Saved sequential plot → ./Figures/GroupKF/group_2024-10-10_0100__POLAR_N_sequential.png
Plotting comparison 2024-10-10_0100__POLAR_N
  Saved comparison plot → ./Figures/GroupKF/group_2024-10-10_0100__POLAR_N_comparison.png

[32/494]
────────────────────────────────────────────────────────────
  Group : 2024-10-10_0100__LAT+000_LON-060
  Window: 2024-10-10_0100  |  Region: LAT+000_LON-060  |  21 occultation(s)
────────────────────────────────────────────────────────────
Data Flipped: G10 is setting
Data Flipped: G30 is setting
Data Flipped: R4 is setting
Data Flipped: E3 is setting
No valid descending tangent points found. Skipping.
    [skip] podTc2_GN04.2024.284.01.12.0020.E25.00_0000.0001_nc — parse returned None
Data Flipped: C36 is setting
Data Flipped: G23 is setting
R18 is rising
E36 is rising
R1 is rising
C29 is rising
R2 is rising
G3 is rising
C32 is rising
E4 is rising
G17 is rising
C41 is rising
C20 is rising
R3 is rising
E6 is rising
G31 is rising
  Parsed 20/21 files successfully.
  Bounding box: lat [-71.7, 63.3]  lon [42.2, -25.2]  |  vertices: 1235
  [trim] n_geo=1235 > MAX_MESH_VERTICES=300 — dropping GN05 01:10 (106.6° from centroid)
  Bounding box: lat [-26.4, 63.3]  lon [-68.9, -25.2]  |  vertices: 135
  Final group: 19 occultation(s), 135 mesh vertices
  Saved trim diagnostic → ./Figures/GroupKF/group_2024-10-10_0100__LAT+000_LON-060_trim.png
  [1/19] Building H for GN04 01:12 (105 rays) …
  -> Building H Matrix (105 rays, parallel)...
  [2/19] Building H for GN04 01:12 (144 rays) …
  -> Building H Matrix (144 rays, parallel)...
  [3/19] Building H for GN04 01:12 (161 rays) …
  -> Building H Matrix (161 rays, parallel)...
  [4/19] Building H for GN04 01:13 (106 rays) …
  -> Building H Matrix (106 rays, parallel)...
  [5/19] Building H for GN04 01:15 (287 rays) …
  -> Building H Matrix (287 rays, parallel)...
  [6/19] Building H for GN05 01:19 (195 rays) …
  -> Building H Matrix (195 rays, parallel)...
  [7/19] Building H for GN05 01:19 (194 rays) …
  -> Building H Matrix (194 rays, parallel)...
  [8/19] Building H for GN05 01:19 (278 rays) …
  -> Building H Matrix (278 rays, parallel)...
  [9/19] Building H for GN05 01:20 (220 rays) …
  -> Building H Matrix (220 rays, parallel)...
  [10/19] Building H for GN05 01:20 (170 rays) …
  -> Building H Matrix (170 rays, parallel)...
  [11/19] Building H for GN05 01:21 (110 rays) …
  -> Building H Matrix (110 rays, parallel)...
  [12/19] Building H for GN05 01:22 (152 rays) …
  -> Building H Matrix (152 rays, parallel)...
  [13/19] Building H for GN05 01:23 (147 rays) …
  -> Building H Matrix (147 rays, parallel)...
  [14/19] Building H for GN05 01:23 (629 rays) …
  -> Building H Matrix (629 rays, parallel)...
  [15/19] Building H for GN05 01:23 (154 rays) …
  -> Building H Matrix (154 rays, parallel)...
  [16/19] Building H for GN05 01:25 (156 rays) …
  -> Building H Matrix (156 rays, parallel)...
  [17/19] Building H for GN05 01:25 (199 rays) …
  -> Building H Matrix (199 rays, parallel)...
  [18/19] Building H for GN05 01:26 (288 rays) …
  -> Building H Matrix (288 rays, parallel)...
  [19/19] Building H for GN05 01:27 (113 rays) …
  -> Building H Matrix (113 rays, parallel)...
  Combined H shape : (3808, 6885)  (total rays = 3808)
  Running sequential KF assimilation …
  [step 1/19] Assimilating GN04 01:12 (105 rays) …
  [step 2/19] Assimilating GN04 01:12 (144 rays) …
  [step 3/19] Assimilating GN04 01:12 (161 rays) …
  [step 4/19] Assimilating GN04 01:13 (106 rays) …
  [step 5/19] Assimilating GN04 01:15 (287 rays) …
  [step 6/19] Assimilating GN05 01:19 (195 rays) …
  [step 7/19] Assimilating GN05 01:19 (194 rays) …
  [step 8/19] Assimilating GN05 01:19 (278 rays) …
  [step 9/19] Assimilating GN05 01:20 (220 rays) …
  [step 10/19] Assimilating GN05 01:20 (170 rays) …
  [step 11/19] Assimilating GN05 01:21 (110 rays) …
  [step 12/19] Assimilating GN05 01:22 (152 rays) …
  [step 13/19] Assimilating GN05 01:23 (147 rays) …
  [step 14/19] Assimilating GN05 01:23 (629 rays) …
  [step 15/19] Assimilating GN05 01:23 (154 rays) …
  [step 16/19] Assimilating GN05 01:25 (156 rays) …
  [step 17/19] Assimilating GN05 01:25 (199 rays) …
  [step 18/19] Assimilating GN05 01:26 (288 rays) …
  [step 19/19] Assimilating GN05 01:27 (113 rays) …
  Running joint (batch) KF assimilation …
  Prior RMSE        : 195.726 TECU
  Post  RMSE (seq)  : 141.260 TECU
  Post  RMSE (joint): 99.420 TECU
  -> Running Lei-Abel inversion...
    [Abel] GN04 01:12: NmF2=1.74e+12 m⁻³  hmF2=538.1 km
  -> Running Lei-Abel inversion...
    [Abel] GN04 01:12: NmF2=1.88e+11 m⁻³  hmF2=584.9 km
  -> Running Lei-Abel inversion...
    [Abel] GN04 01:12: NmF2=2.15e+12 m⁻³  hmF2=494.3 km
  -> Running Lei-Abel inversion...
    [Abel] GN04 01:13: NmF2=1.36e+12 m⁻³  hmF2=537.3 km
  -> Running Lei-Abel inversion...
    [Abel] GN04 01:15: NmF2=1.16e+12 m⁻³  hmF2=508.3 km
  -> Running Lei-Abel inversion...
    [Abel] GN05 01:19: NmF2=1.30e+12 m⁻³  hmF2=548.2 km
  -> Running Lei-Abel inversion...
    [Abel] GN05 01:19: NmF2=1.45e+12 m⁻³  hmF2=550.1 km
  -> Running Lei-Abel inversion...
    [Abel] GN05 01:19: NmF2=7.57e+11 m⁻³  hmF2=413.3 km
  -> Running Lei-Abel inversion...
    [Abel] GN05 01:20: NmF2=2.65e+12 m⁻³  hmF2=562.5 km
  -> Running Lei-Abel inversion...
    [Abel] GN05 01:20: NmF2=9.29e+11 m⁻³  hmF2=470.1 km
  -> Running Lei-Abel inversion...
    [Abel] GN05 01:21: NmF2=8.29e+11 m⁻³  hmF2=547.5 km
  -> Running Lei-Abel inversion...
    [Abel] GN05 01:22: NmF2=1.19e+12 m⁻³  hmF2=496.7 km
  -> Running Lei-Abel inversion...
    [Abel] GN05 01:23: NmF2=1.25e+12 m⁻³  hmF2=495.3 km
  -> Running Lei-Abel inversion...
    [Abel] GN05 01:23: NmF2=4.53e+12 m⁻³  hmF2=526.5 km
  -> Running Lei-Abel inversion...
    [Abel] GN05 01:23: NmF2=1.42e+12 m⁻³  hmF2=548.9 km
  -> Running Lei-Abel inversion...
    [Abel] GN05 01:25: NmF2=1.31e+12 m⁻³  hmF2=542.8 km
  -> Running Lei-Abel inversion...
    [Abel] GN05 01:25: NmF2=2.49e+12 m⁻³  hmF2=544.0 km
  -> Running Lei-Abel inversion...
    [Abel] GN05 01:26: NmF2=1.63e+12 m⁻³  hmF2=336.7 km
  -> Running Lei-Abel inversion...
    [Abel] GN05 01:27: NmF2=7.99e+11 m⁻³  hmF2=531.4 km
  Saved group plot (Sequential KF) → ./Figures/GroupKF/group_2024-10-10_0100__LAT+000_LON-060_seq.png
  Saved group plot (Joint KF) → ./Figures/GroupKF/group_2024-10-10_0100__LAT+000_LON-060_joint.png
  Saved sequential plot → ./Figures/GroupKF/group_2024-10-10_0100__LAT+000_LON-060_sequential.png
Plotting comparison 2024-10-10_0100__LAT+000_LON-060
  Saved comparison plot → ./Figures/GroupKF/group_2024-10-10_0100__LAT+000_LON-060_comparison.png

[33/494]
────────────────────────────────────────────────────────────
  Group : 2024-10-10_0100__LAT+000_LON-120
  Window: 2024-10-10_0100  |  Region: LAT+000_LON-120  |  4 occultation(s)
────────────────────────────────────────────────────────────
Data Flipped: R15 is setting
Data Flipped: R5 is setting
Data Flipped: C22 is setting
Data Flipped: G14 is setting
  Parsed 4/4 files successfully.
  Bounding box: lat [9.8, 47.1]  lon [-96.7, -47.4]  |  vertices: 63
  Final group: 4 occultation(s), 63 mesh vertices
  Saved trim diagnostic → ./Figures/GroupKF/group_2024-10-10_0100__LAT+000_LON-120_trim.png
  [1/4] Building H for GN04 01:12 (274 rays) …
  -> Building H Matrix (274 rays, parallel)...
  [2/4] Building H for GN04 01:12 (239 rays) …
  -> Building H Matrix (239 rays, parallel)...
  [3/4] Building H for GN04 01:13 (484 rays) …
  -> Building H Matrix (484 rays, parallel)...
  [4/4] Building H for GN04 01:13 (475 rays) …
  -> Building H Matrix (475 rays, parallel)...
  Combined H shape : (1472, 3213)  (total rays = 1472)
  Running sequential KF assimilation …
  [step 1/4] Assimilating GN04 01:12 (274 rays) …
  [step 2/4] Assimilating GN04 01:12 (239 rays) …
  [step 3/4] Assimilating GN04 01:13 (484 rays) …
  [step 4/4] Assimilating GN04 01:13 (475 rays) …
  Running joint (batch) KF assimilation …
  Prior RMSE        : 111.793 TECU
  Post  RMSE (seq)  : 160.643 TECU
  Post  RMSE (joint): 85.547 TECU
  -> Running Lei-Abel inversion...
    [Abel] GN04 01:12: NmF2=3.03e+12 m⁻³  hmF2=333.4 km
  -> Running Lei-Abel inversion...
    [Abel] GN04 01:12: NmF2=2.57e+12 m⁻³  hmF2=421.6 km
  -> Running Lei-Abel inversion...
    [Abel] GN04 01:13: NmF2=1.05e+12 m⁻³  hmF2=310.7 km
  -> Running Lei-Abel inversion...
    [Abel] GN04 01:13: NmF2=2.85e+12 m⁻³  hmF2=298.8 km
  Saved group plot (Sequential KF) → ./Figures/GroupKF/group_2024-10-10_0100__LAT+000_LON-120_seq.png
  Saved group plot (Joint KF) → ./Figures/GroupKF/group_2024-10-10_0100__LAT+000_LON-120_joint.png
  Saved sequential plot → ./Figures/GroupKF/group_2024-10-10_0100__LAT+000_LON-120_sequential.png
Plotting comparison 2024-10-10_0100__LAT+000_LON-120
  Saved comparison plot → ./Figures/GroupKF/group_2024-10-10_0100__LAT+000_LON-120_comparison.png

[34/494]
────────────────────────────────────────────────────────────
  Group : 2024-10-10_0100__LAT+030_LON+120
  Window: 2024-10-10_0100  |  Region: LAT+030_LON+120  |  5 occultation(s)
────────────────────────────────────────────────────────────
G8 is rising
E24 is rising
G7 is rising
R14 is rising
G30 is rising
  Parsed 5/5 files successfully.
  Bounding box: lat [10.6, 78.2]  lon [111.5, -166.4]  |  vertices: 150
  Final group: 5 occultation(s), 150 mesh vertices
  Saved trim diagnostic → ./Figures/GroupKF/group_2024-10-10_0100__LAT+030_LON+120_trim.png
  [1/5] Building H for GN04 01:19 (426 rays) …
  -> Building H Matrix (426 rays, parallel)...
  [2/5] Building H for GN04 01:22 (382 rays) …
  -> Building H Matrix (382 rays, parallel)...
  [3/5] Building H for GN04 01:23 (370 rays) …
  -> Building H Matrix (370 rays, parallel)...
  [4/5] Building H for GN04 01:24 (364 rays) …
  -> Building H Matrix (364 rays, parallel)...
  [5/5] Building H for GN04 01:29 (344 rays) …
  -> Building H Matrix (344 rays, parallel)...
  Combined H shape : (1886, 7650)  (total rays = 1886)
  Running sequential KF assimilation …
  [step 1/5] Assimilating GN04 01:19 (426 rays) …
  [step 2/5] Assimilating GN04 01:22 (382 rays) …
  [step 3/5] Assimilating GN04 01:23 (370 rays) …
  [step 4/5] Assimilating GN04 01:24 (364 rays) …
  [step 5/5] Assimilating GN04 01:29 (344 rays) …
  Running joint (batch) KF assimilation …
  Prior RMSE        : 178.741 TECU
  Post  RMSE (seq)  : 211.851 TECU
  Post  RMSE (joint): 58.557 TECU
  -> Running Lei-Abel inversion...
    [Abel] GN04 01:19: NmF2=1.53e+12 m⁻³  hmF2=275.4 km
  -> Running Lei-Abel inversion...
    [Abel] GN04 01:22: NmF2=1.76e+12 m⁻³  hmF2=276.5 km
  -> Running Lei-Abel inversion...
    [Abel] GN04 01:23: NmF2=1.73e+12 m⁻³  hmF2=267.8 km
  -> Running Lei-Abel inversion...
    [Abel] GN04 01:24: NmF2=1.68e+12 m⁻³  hmF2=276.6 km
  -> Running Lei-Abel inversion...
    [Abel] GN04 01:29: NmF2=2.29e+12 m⁻³  hmF2=293.8 km
  Saved group plot (Sequential KF) → ./Figures/GroupKF/group_2024-10-10_0100__LAT+030_LON+120_seq.png
  Saved group plot (Joint KF) → ./Figures/GroupKF/group_2024-10-10_0100__LAT+030_LON+120_joint.png
  Saved sequential plot → ./Figures/GroupKF/group_2024-10-10_0100__LAT+030_LON+120_sequential.png
Plotting comparison 2024-10-10_0100__LAT+030_LON+120
  Saved comparison plot → ./Figures/GroupKF/group_2024-10-10_0100__LAT+030_LON+120_comparison.png

[35/494]
────────────────────────────────────────────────────────────
  Group : 2024-10-10_0100__LAT+000_LON+060
  Window: 2024-10-10_0100  |  Region: LAT+000_LON+060  |  2 occultation(s)
────────────────────────────────────────────────────────────
C28 is rising
E33 is rising
  Parsed 2/2 files successfully.
  Bounding box: lat [-4.1, 46.4]  lon [86.1, 130.1]  |  vertices: 81
  Final group: 2 occultation(s), 81 mesh vertices
  Saved trim diagnostic → ./Figures/GroupKF/group_2024-10-10_0100__LAT+000_LON+060_trim.png
  [1/2] Building H for GN04 01:23 (565 rays) …
  -> Building H Matrix (565 rays, parallel)...
  [2/2] Building H for GN04 01:25 (548 rays) …
  -> Building H Matrix (548 rays, parallel)...
  Combined H shape : (1113, 4131)  (total rays = 1113)
  Running sequential KF assimilation …
  [step 1/2] Assimilating GN04 01:23 (565 rays) …
  [step 2/2] Assimilating GN04 01:25 (548 rays) …
  Running joint (batch) KF assimilation …
  Prior RMSE        : 212.044 TECU
  Post  RMSE (seq)  : 197.320 TECU
  Post  RMSE (joint): 44.652 TECU
  -> Running Lei-Abel inversion...
    [Abel] GN04 01:23: NmF2=2.24e+12 m⁻³  hmF2=270.5 km
  -> Running Lei-Abel inversion...
    [Abel] GN04 01:25: NmF2=2.80e+12 m⁻³  hmF2=312.0 km
  Saved group plot (Sequential KF) → ./Figures/GroupKF/group_2024-10-10_0100__LAT+000_LON+060_seq.png
  Saved group plot (Joint KF) → ./Figures/GroupKF/group_2024-10-10_0100__LAT+000_LON+060_joint.png
  Saved sequential plot → ./Figures/GroupKF/group_2024-10-10_0100__LAT+000_LON+060_sequential.png
Plotting comparison 2024-10-10_0100__LAT+000_LON+060
  Saved comparison plot → ./Figures/GroupKF/group_2024-10-10_0100__LAT+000_LON+060_comparison.png

[36/494]
────────────────────────────────────────────────────────────
  Group : 2024-10-10_0100__LAT+030_LON+060
  Window: 2024-10-10_0100  |  Region: LAT+030_LON+060  |  1 occultation(s)
────────────────────────────────────────────────────────────
G27 is rising
  Parsed 1/1 files successfully.
  Bounding box: lat [6.8, 48.4]  lon [83.4, 131.0]  |  vertices: 69
  Final group: 1 occultation(s), 69 mesh vertices
  Saved trim diagnostic → ./Figures/GroupKF/group_2024-10-10_0100__LAT+030_LON+060_trim.png
  [1/1] Building H for GN04 01:23 (549 rays) …
  -> Building H Matrix (549 rays, parallel)...
  Combined H shape : (549, 3519)  (total rays = 549)
  Running sequential KF assimilation …
  [step 1/1] Assimilating GN04 01:23 (549 rays) …
  Running joint (batch) KF assimilation …
  Prior RMSE        : 175.210 TECU
  Post  RMSE (seq)  : 102.657 TECU
  Post  RMSE (joint): 17.023 TECU
  -> Running Lei-Abel inversion...
    [Abel] GN04 01:23: NmF2=2.13e+12 m⁻³  hmF2=267.6 km
  Saved group plot (Sequential KF) → ./Figures/GroupKF/group_2024-10-10_0100__LAT+030_LON+060_seq.png
  Saved group plot (Joint KF) → ./Figures/GroupKF/group_2024-10-10_0100__LAT+030_LON+060_joint.png
  Saved sequential plot → ./Figures/GroupKF/group_2024-10-10_0100__LAT+030_LON+060_sequential.png
Plotting comparison 2024-10-10_0100__LAT+030_LON+060
  Saved comparison plot → ./Figures/GroupKF/group_2024-10-10_0100__LAT+030_LON+060_comparison.png

[37/494]
────────────────────────────────────────────────────────────
  Group : 2024-10-10_0100__LAT+030_LON-180
  Window: 2024-10-10_0100  |  Region: LAT+030_LON-180  |  1 occultation(s)
────────────────────────────────────────────────────────────
R4 is rising
  Parsed 1/1 files successfully.
  Bounding box: lat [32.9, 66.2]  lon [129.5, -71.5]  |  vertices: 136
  Final group: 1 occultation(s), 136 mesh vertices
  Saved trim diagnostic → ./Figures/GroupKF/group_2024-10-10_0100__LAT+030_LON-180_trim.png
  [1/1] Building H for GN04 01:26 (925 rays) …
  -> Building H Matrix (925 rays, parallel)...
  Combined H shape : (925, 6936)  (total rays = 925)
  Running sequential KF assimilation …
  [step 1/1] Assimilating GN04 01:26 (925 rays) …
  Running joint (batch) KF assimilation …
  Prior RMSE        : 121.131 TECU
  Post  RMSE (seq)  : 270.329 TECU
  Post  RMSE (joint): 8.343 TECU
  -> Running Lei-Abel inversion...
    [Abel] GN04 01:26: NmF2=9.16e+11 m⁻³  hmF2=234.8 km
  Saved group plot (Sequential KF) → ./Figures/GroupKF/group_2024-10-10_0100__LAT+030_LON-180_seq.png
  Saved group plot (Joint KF) → ./Figures/GroupKF/group_2024-10-10_0100__LAT+030_LON-180_joint.png
  Saved sequential plot → ./Figures/GroupKF/group_2024-10-10_0100__LAT+030_LON-180_sequential.png
Plotting comparison 2024-10-10_0100__LAT+030_LON-180
  Saved comparison plot → ./Figures/GroupKF/group_2024-10-10_0100__LAT+030_LON-180_comparison.png

[38/494]
────────────────────────────────────────────────────────────
  Group : 2024-10-10_0100__LAT+000_LON+120
  Window: 2024-10-10_0100  |  Region: LAT+000_LON+120  |  1 occultation(s)
────────────────────────────────────────────────────────────
E25 is rising
  Parsed 1/1 files successfully.
  Bounding box: lat [4.7, 41.8]  lon [118.8, 162.8]  |  vertices: 58
  Final group: 1 occultation(s), 58 mesh vertices
  Saved trim diagnostic → ./Figures/GroupKF/group_2024-10-10_0100__LAT+000_LON+120_trim.png
  [1/1] Building H for GN04 01:29 (449 rays) …
  -> Building H Matrix (449 rays, parallel)...
  Combined H shape : (449, 2958)  (total rays = 449)
  Running sequential KF assimilation …
  [step 1/1] Assimilating GN04 01:29 (449 rays) …
  Running joint (batch) KF assimilation …
  Prior RMSE        : 105.291 TECU
  Post  RMSE (seq)  : 78.892 TECU
  Post  RMSE (joint): 14.848 TECU
  -> Running Lei-Abel inversion...
    [Abel] GN04 01:29: NmF2=2.47e+12 m⁻³  hmF2=301.2 km
  Saved group plot (Sequential KF) → ./Figures/GroupKF/group_2024-10-10_0100__LAT+000_LON+120_seq.png
  Saved group plot (Joint KF) → ./Figures/GroupKF/group_2024-10-10_0100__LAT+000_LON+120_joint.png
  Saved sequential plot → ./Figures/GroupKF/group_2024-10-10_0100__LAT+000_LON+120_sequential.png
Plotting comparison 2024-10-10_0100__LAT+000_LON+120
  Saved comparison plot → ./Figures/GroupKF/group_2024-10-10_0100__LAT+000_LON+120_comparison.png

[39/494]
────────────────────────────────────────────────────────────
  Group : 2024-10-10_0130__LAT-030_LON-060
  Window: 2024-10-10_0130  |  Region: LAT-030_LON-060  |  6 occultation(s)
────────────────────────────────────────────────────────────
Data Flipped: C28 is setting
Data Flipped: G27 is setting
Data Flipped: E33 is setting
Data Flipped: G7 is setting
Data Flipped: R14 is setting
No valid descending tangent points found. Skipping.
    [skip] podTc2_GN05.2024.284.01.36.0020.E24.00_0000.0001_nc — parse returned None
  Parsed 5/6 files successfully.
  Bounding box: lat [-35.5, 1.1]  lon [-51.9, -26.9]  |  vertices: 33
  Final group: 5 occultation(s), 33 mesh vertices
  Saved trim diagnostic → ./Figures/GroupKF/group_2024-10-10_0130__LAT-030_LON-060_trim.png
  [1/5] Building H for GN05 01:30 (243 rays) …
  -> Building H Matrix (243 rays, parallel)...
  [2/5] Building H for GN05 01:31 (236 rays) …
  -> Building H Matrix (236 rays, parallel)...
  [3/5] Building H for GN05 01:31 (259 rays) …
  -> Building H Matrix (259 rays, parallel)...
  [4/5] Building H for GN05 01:32 (113 rays) …
  -> Building H Matrix (113 rays, parallel)...
  [5/5] Building H for GN05 01:32 (137 rays) …
  -> Building H Matrix (137 rays, parallel)...
  Combined H shape : (988, 1683)  (total rays = 988)
  Running sequential KF assimilation …
  [step 1/5] Assimilating GN05 01:30 (243 rays) …
  [step 2/5] Assimilating GN05 01:31 (236 rays) …
  [step 3/5] Assimilating GN05 01:31 (259 rays) …
  [step 4/5] Assimilating GN05 01:32 (113 rays) …
  [step 5/5] Assimilating GN05 01:32 (137 rays) …
  Running joint (batch) KF assimilation …
  Prior RMSE        : 135.628 TECU
  Post  RMSE (seq)  : 102.209 TECU
  Post  RMSE (joint): 29.676 TECU
  -> Running Lei-Abel inversion...
    [Abel] GN05 01:30: NmF2=4.69e+11 m⁻³  hmF2=447.6 km
  -> Running Lei-Abel inversion...
    [Abel] GN05 01:31: NmF2=1.10e+12 m⁻³  hmF2=439.4 km
  -> Running Lei-Abel inversion...
    [Abel] GN05 01:31: NmF2=4.25e+11 m⁻³  hmF2=497.8 km
  -> Running Lei-Abel inversion...
    [Abel] GN05 01:32: NmF2=8.66e+11 m⁻³  hmF2=540.2 km
  -> Running Lei-Abel inversion...
    [Abel] GN05 01:32: NmF2=7.43e+11 m⁻³  hmF2=514.7 km
  Saved group plot (Sequential KF) → ./Figures/GroupKF/group_2024-10-10_0130__LAT-030_LON-060_seq.png
  Saved group plot (Joint KF) → ./Figures/GroupKF/group_2024-10-10_0130__LAT-030_LON-060_joint.png
  Saved sequential plot → ./Figures/GroupKF/group_2024-10-10_0130__LAT-030_LON-060_sequential.png
Plotting comparison 2024-10-10_0130__LAT-030_LON-060
  Saved comparison plot → ./Figures/GroupKF/group_2024-10-10_0130__LAT-030_LON-060_comparison.png

[40/494]
────────────────────────────────────────────────────────────
  Group : 2024-10-10_0130__LAT+030_LON-120
  Window: 2024-10-10_0130  |  Region: LAT+030_LON-120  |  6 occultation(s)
────────────────────────────────────────────────────────────
E9 is rising
G4 is rising
G9 is rising
Data Flipped: E2 is setting
Data Flipped: C45 is setting
Data Flipped: R16 is setting
  Parsed 6/6 files successfully.
  Bounding box: lat [12.7, 84.0]  lon [-129.0, -48.7]  |  vertices: 143
  Final group: 6 occultation(s), 143 mesh vertices
  Saved trim diagnostic → ./Figures/GroupKF/group_2024-10-10_0130__LAT+030_LON-120_trim.png
  [1/6] Building H for GN05 01:30 (433 rays) …
  -> Building H Matrix (433 rays, parallel)...
  [2/6] Building H for GN05 01:30 (438 rays) …
  -> Building H Matrix (438 rays, parallel)...
  [3/6] Building H for GN05 01:39 (599 rays) …
  -> Building H Matrix (599 rays, parallel)...
  [4/6] Building H for GN05 01:47 (670 rays) …
  -> Building H Matrix (670 rays, parallel)...
  [5/6] Building H for GN05 01:48 (427 rays) …
  -> Building H Matrix (427 rays, parallel)...
  [6/6] Building H for GN05 01:49 (433 rays) …
  -> Building H Matrix (433 rays, parallel)...
  Combined H shape : (3000, 7293)  (total rays = 3000)
  Running sequential KF assimilation …
  [step 1/6] Assimilating GN05 01:30 (433 rays) …
  [step 2/6] Assimilating GN05 01:30 (438 rays) …
  [step 3/6] Assimilating GN05 01:39 (599 rays) …
  [step 4/6] Assimilating GN05 01:47 (670 rays) …
  [step 5/6] Assimilating GN05 01:48 (427 rays) …
  [step 6/6] Assimilating GN05 01:49 (433 rays) …
  Running joint (batch) KF assimilation …
  Prior RMSE        : 152.661 TECU
  Post  RMSE (seq)  : 69.672 TECU
  Post  RMSE (joint): 30.031 TECU
  -> Running Lei-Abel inversion...
    [Abel] GN05 01:30: NmF2=4.52e+11 m⁻³  hmF2=380.1 km
  -> Running Lei-Abel inversion...
    [Abel] GN05 01:30: NmF2=5.12e+11 m⁻³  hmF2=354.7 km
  -> Running Lei-Abel inversion...
    [Abel] GN05 01:39: NmF2=4.50e+11 m⁻³  hmF2=314.3 km
  -> Running Lei-Abel inversion...
    [Abel] GN05 01:47: NmF2=5.86e+11 m⁻³  hmF2=312.2 km
  -> Running Lei-Abel inversion...
    [Abel] GN05 01:48: NmF2=2.53e+11 m⁻³  hmF2=375.2 km
  -> Running Lei-Abel inversion...
    [Abel] GN05 01:49: NmF2=3.07e+11 m⁻³  hmF2=302.0 km
  Saved group plot (Sequential KF) → ./Figures/GroupKF/group_2024-10-10_0130__LAT+030_LON-120_seq.png
  Saved group plot (Joint KF) → ./Figures/GroupKF/group_2024-10-10_0130__LAT+030_LON-120_joint.png
  Saved sequential plot → ./Figures/GroupKF/group_2024-10-10_0130__LAT+030_LON-120_sequential.png
Plotting comparison 2024-10-10_0130__LAT+030_LON-120
  Saved comparison plot → ./Figures/GroupKF/group_2024-10-10_0130__LAT+030_LON-120_comparison.png

[41/494]
────────────────────────────────────────────────────────────
  Group : 2024-10-10_0130__LAT+000_LON+120
  Window: 2024-10-10_0130  |  Region: LAT+000_LON+120  |  12 occultation(s)
────────────────────────────────────────────────────────────
C36 is rising
E3 is rising
R15 is rising
R5 is rising
G14 is rising
Data Flipped: G12 is setting
Data Flipped: E27 is setting
Data Flipped: G25 is setting
Data Flipped: C35 is setting
No valid descending tangent points found. Skipping.
    [skip] podTc2_GN04.2024.284.01.48.0011.R08.00_0000.0001_nc — parse returned None
Data Flipped: E34 is setting
E25 is rising
  Parsed 11/12 files successfully.
  Bounding box: lat [-13.2, 52.5]  lon [109.7, 163.4]  |  vertices: 126
  Final group: 11 occultation(s), 126 mesh vertices
  Saved trim diagnostic → ./Figures/GroupKF/group_2024-10-10_0130__LAT+000_LON+120_trim.png
  [1/11] Building H for GN04 01:31 (396 rays) …
  -> Building H Matrix (396 rays, parallel)...
  [2/11] Building H for GN04 01:32 (437 rays) …
  -> Building H Matrix (437 rays, parallel)...
  [3/11] Building H for GN04 01:33 (382 rays) …
  -> Building H Matrix (382 rays, parallel)...
  [4/11] Building H for GN04 01:34 (610 rays) …
  -> Building H Matrix (610 rays, parallel)...
  [5/11] Building H for GN04 01:36 (554 rays) …
  -> Building H Matrix (554 rays, parallel)...
  [6/11] Building H for GN04 01:43 (382 rays) …
  -> Building H Matrix (382 rays, parallel)...
  [7/11] Building H for GN04 01:44 (370 rays) …
  -> Building H Matrix (370 rays, parallel)...
  [8/11] Building H for GN04 01:46 (368 rays) …
  -> Building H Matrix (368 rays, parallel)...
  [9/11] Building H for GN04 01:47 (565 rays) …
  -> Building H Matrix (565 rays, parallel)...
  [10/11] Building H for GN04 01:49 (603 rays) …
  -> Building H Matrix (603 rays, parallel)...
  [11/11] Building H for GN05 01:58 (379 rays) …
  -> Building H Matrix (379 rays, parallel)...
  Combined H shape : (5046, 6426)  (total rays = 5046)
  Running sequential KF assimilation …
  [step 1/11] Assimilating GN04 01:31 (396 rays) …
  [step 2/11] Assimilating GN04 01:32 (437 rays) …
  [step 3/11] Assimilating GN04 01:33 (382 rays) …
  [step 4/11] Assimilating GN04 01:34 (610 rays) …
  [step 5/11] Assimilating GN04 01:36 (554 rays) …
  [step 6/11] Assimilating GN04 01:43 (382 rays) …
  [step 7/11] Assimilating GN04 01:44 (370 rays) …
  [step 8/11] Assimilating GN04 01:46 (368 rays) …
  [step 9/11] Assimilating GN04 01:47 (565 rays) …
  [step 10/11] Assimilating GN04 01:49 (603 rays) …
  [step 11/11] Assimilating GN05 01:58 (379 rays) …
  Running joint (batch) KF assimilation …
  Prior RMSE        : 325.481 TECU
  Post  RMSE (seq)  : 396.542 TECU
  Post  RMSE (joint): 76.143 TECU
  -> Running Lei-Abel inversion...
    [Abel] GN04 01:31: NmF2=2.84e+12 m⁻³  hmF2=307.4 km
  -> Running Lei-Abel inversion...
    [Abel] GN04 01:32: NmF2=3.23e+12 m⁻³  hmF2=358.8 km
  -> Running Lei-Abel inversion...
    [Abel] GN04 01:33: NmF2=2.98e+12 m⁻³  hmF2=331.4 km
  -> Running Lei-Abel inversion...
    [Abel] GN04 01:34: NmF2=3.50e+12 m⁻³  hmF2=401.8 km
  -> Running Lei-Abel inversion...
    [Abel] GN04 01:36: NmF2=3.34e+12 m⁻³  hmF2=383.1 km
  -> Running Lei-Abel inversion...
    [Abel] GN04 01:43: NmF2=2.85e+12 m⁻³  hmF2=303.0 km
  -> Running Lei-Abel inversion...
    [Abel] GN04 01:44: NmF2=2.86e+12 m⁻³  hmF2=310.7 km
  -> Running Lei-Abel inversion...
    [Abel] GN04 01:46: NmF2=2.41e+12 m⁻³  hmF2=349.0 km
  -> Running Lei-Abel inversion...
    [Abel] GN04 01:47: NmF2=2.46e+12 m⁻³  hmF2=425.4 km
  -> Running Lei-Abel inversion...
    [Abel] GN04 01:49: NmF2=2.75e+12 m⁻³  hmF2=400.7 km
  -> Running Lei-Abel inversion...
    [Abel] GN05 01:58: NmF2=2.44e+12 m⁻³  hmF2=313.5 km
  Saved group plot (Sequential KF) → ./Figures/GroupKF/group_2024-10-10_0130__LAT+000_LON+120_seq.png
  Saved group plot (Joint KF) → ./Figures/GroupKF/group_2024-10-10_0130__LAT+000_LON+120_joint.png
  Saved sequential plot → ./Figures/GroupKF/group_2024-10-10_0130__LAT+000_LON+120_sequential.png
Plotting comparison 2024-10-10_0130__LAT+000_LON+120
  Saved comparison plot → ./Figures/GroupKF/group_2024-10-10_0130__LAT+000_LON+120_comparison.png

[42/494]
────────────────────────────────────────────────────────────
  Group : 2024-10-10_0130__LAT+030_LON-060
  Window: 2024-10-10_0130  |  Region: LAT+030_LON-060  |  12 occultation(s)
────────────────────────────────────────────────────────────
R12 is rising
G26 is rising
Data Flipped: E8 is setting
Data Flipped: E26 is setting
Data Flipped: C42 is setting
Data Flipped: R22 is setting
Data Flipped: R7 is setting
Data Flipped: C21 is setting
Data Flipped: C43 is setting
Data Flipped: C38 is setting
Data Flipped: G15 is setting
Data Flipped: G18 is setting
  Parsed 12/12 files successfully.
  Bounding box: lat [17.9, 79.7]  lon [-81.9, 8.7]  |  vertices: 141
  Final group: 12 occultation(s), 141 mesh vertices
  Saved trim diagnostic → ./Figures/GroupKF/group_2024-10-10_0130__LAT+030_LON-060_trim.png
  [1/12] Building H for GN05 01:31 (416 rays) …
  -> Building H Matrix (416 rays, parallel)...
  [2/12] Building H for GN05 01:35 (571 rays) …
  -> Building H Matrix (571 rays, parallel)...
  [3/12] Building H for GN05 01:44 (380 rays) …
  -> Building H Matrix (380 rays, parallel)...
  [4/12] Building H for GN05 01:44 (485 rays) …
  -> Building H Matrix (485 rays, parallel)...
  [5/12] Building H for GN05 01:44 (480 rays) …
  -> Building H Matrix (480 rays, parallel)...
  [6/12] Building H for GN05 01:44 (603 rays) …
  -> Building H Matrix (603 rays, parallel)...
  [7/12] Building H for GN05 01:44 (482 rays) …
  -> Building H Matrix (482 rays, parallel)...
  [8/12] Building H for GN05 01:45 (406 rays) …
  -> Building H Matrix (406 rays, parallel)...
  [9/12] Building H for GN05 01:45 (860 rays) …
  -> Building H Matrix (860 rays, parallel)...
  [10/12] Building H for GN05 01:46 (409 rays) …
  -> Building H Matrix (409 rays, parallel)...
  [11/12] Building H for GN05 01:47 (390 rays) …
  -> Building H Matrix (390 rays, parallel)...
  [12/12] Building H for GN05 01:47 (569 rays) …
  -> Building H Matrix (569 rays, parallel)...
  Combined H shape : (6051, 7191)  (total rays = 6051)
  Running sequential KF assimilation …
  [step 1/12] Assimilating GN05 01:31 (416 rays) …
  [step 2/12] Assimilating GN05 01:35 (571 rays) …
  [step 3/12] Assimilating GN05 01:44 (380 rays) …
  [step 4/12] Assimilating GN05 01:44 (485 rays) …
  [step 5/12] Assimilating GN05 01:44 (480 rays) …
  [step 6/12] Assimilating GN05 01:44 (603 rays) …
  [step 7/12] Assimilating GN05 01:44 (482 rays) …
  [step 8/12] Assimilating GN05 01:45 (406 rays) …
  [step 9/12] Assimilating GN05 01:45 (860 rays) …
  [step 10/12] Assimilating GN05 01:46 (409 rays) …
  [step 11/12] Assimilating GN05 01:47 (390 rays) …
  [step 12/12] Assimilating GN05 01:47 (569 rays) …
  Running joint (batch) KF assimilation …
  Prior RMSE        : 84.512 TECU
  Post  RMSE (seq)  : 306.933 TECU
  Post  RMSE (joint): 36.988 TECU
  -> Running Lei-Abel inversion...
    [Abel] GN05 01:31: NmF2=6.08e+11 m⁻³  hmF2=397.6 km
  -> Running Lei-Abel inversion...
    [Abel] GN05 01:35: NmF2=1.90e+11 m⁻³  hmF2=410.5 km
  -> Running Lei-Abel inversion...
    [Abel] GN05 01:44: NmF2=4.96e+11 m⁻³  hmF2=382.0 km
  -> Running Lei-Abel inversion...
    [Abel] GN05 01:44: NmF2=5.78e+11 m⁻³  hmF2=162.0 km
  -> Running Lei-Abel inversion...
    [Abel] GN05 01:44: NmF2=4.36e+11 m⁻³  hmF2=386.8 km
  -> Running Lei-Abel inversion...
    [Abel] GN05 01:44: NmF2=4.04e+11 m⁻³  hmF2=377.0 km
  -> Running Lei-Abel inversion...
    [Abel] GN05 01:44: NmF2=4.79e+11 m⁻³  hmF2=389.6 km
  -> Running Lei-Abel inversion...
    [Abel] GN05 01:45: NmF2=4.22e+11 m⁻³  hmF2=375.4 km
  -> Running Lei-Abel inversion...
    [Abel] GN05 01:45: NmF2=3.61e+11 m⁻³  hmF2=475.2 km
  -> Running Lei-Abel inversion...
    [Abel] GN05 01:46: NmF2=3.40e+11 m⁻³  hmF2=358.9 km
  -> Running Lei-Abel inversion...
    [Abel] GN05 01:47: NmF2=3.18e+11 m⁻³  hmF2=350.9 km
  -> Running Lei-Abel inversion...
    [Abel] GN05 01:47: NmF2=2.28e+11 m⁻³  hmF2=329.8 km
  Saved group plot (Sequential KF) → ./Figures/GroupKF/group_2024-10-10_0130__LAT+030_LON-060_seq.png
  Saved group plot (Joint KF) → ./Figures/GroupKF/group_2024-10-10_0130__LAT+030_LON-060_joint.png
  Saved sequential plot → ./Figures/GroupKF/group_2024-10-10_0130__LAT+030_LON-060_sequential.png
Plotting comparison 2024-10-10_0130__LAT+030_LON-060
  Saved comparison plot → ./Figures/GroupKF/group_2024-10-10_0130__LAT+030_LON-060_comparison.png

[43/494]
────────────────────────────────────────────────────────────
  Group : 2024-10-10_0130__POLAR_N
  Window: 2024-10-10_0130  |  Region: POLAR_N  |  19 occultation(s)
────────────────────────────────────────────────────────────
E11 is rising
Data Flipped: G24 is setting
Data Flipped: E29 is setting
C39 is rising
R17 is rising
E10 is rising
C26 is rising
C30 is rising
C37 is rising
E12 is rising
E31 is rising
E5 is rising
Data Flipped: E7 is setting
G7 is rising
Data Flipped: G5 is setting
R14 is rising
Data Flipped: E13 is setting
Data Flipped: C39 is setting
Data Flipped: G24 is setting
  Parsed 19/19 files successfully.
  [polar] Bounding box: lat [39.7, 90.0]  lon [-180.0, 180.0]  |  vertices: 298
  Final group: 19 occultation(s), 298 mesh vertices
  Saved trim diagnostic → ./Figures/GroupKF/group_2024-10-10_0130__POLAR_N_trim.png
  [1/19] Building H for GN05 01:31 (408 rays) …
  -> Building H Matrix (408 rays, parallel)...
  [2/19] Building H for GN04 01:32 (348 rays) …
  -> Building H Matrix (348 rays, parallel)...
  [3/19] Building H for GN04 01:35 (537 rays) …
  -> Building H Matrix (537 rays, parallel)...
  [4/19] Building H for GN04 01:35 (67 rays) …
  -> Building H Matrix (67 rays, parallel)...
  [5/19] Building H for GN05 01:35 (470 rays) …
  -> Building H Matrix (470 rays, parallel)...
  [6/19] Building H for GN05 01:37 (447 rays) …
  -> Building H Matrix (447 rays, parallel)...
  [7/19] Building H for GN04 01:39 (57 rays) …
  -> Building H Matrix (57 rays, parallel)...
  [8/19] Building H for GN05 01:40 (501 rays) …
  -> Building H Matrix (501 rays, parallel)...
  [9/19] Building H for GN05 01:40 (392 rays) …
  -> Building H Matrix (392 rays, parallel)...
  [10/19] Building H for GN05 01:42 (485 rays) …
  -> Building H Matrix (485 rays, parallel)...
  [11/19] Building H for GN05 01:46 (516 rays) …
  -> Building H Matrix (516 rays, parallel)...
  [12/19] Building H for GN05 01:47 (658 rays) …
  -> Building H Matrix (658 rays, parallel)...
  [13/19] Building H for GN05 01:49 (434 rays) …
  -> Building H Matrix (434 rays, parallel)...
  [14/19] Building H for GN05 01:50 (383 rays) …
  -> Building H Matrix (383 rays, parallel)...
  [15/19] Building H for GN05 01:51 (499 rays) …
  -> Building H Matrix (499 rays, parallel)...
  [16/19] Building H for GN05 01:51 (370 rays) …
  -> Building H Matrix (370 rays, parallel)...
  [17/19] Building H for GN05 01:56 (449 rays) …
  -> Building H Matrix (449 rays, parallel)...
  [18/19] Building H for GN05 01:58 (385 rays) …
  -> Building H Matrix (385 rays, parallel)...
  [19/19] Building H for GN05 01:59 (358 rays) …
  -> Building H Matrix (358 rays, parallel)...
  Combined H shape : (7764, 15198)  (total rays = 7764)
  Running sequential KF assimilation …
  [step 1/19] Assimilating GN05 01:31 (408 rays) …
  [step 2/19] Assimilating GN04 01:32 (348 rays) …
  [step 3/19] Assimilating GN04 01:35 (537 rays) …
  [step 4/19] Assimilating GN04 01:35 (67 rays) …
  [step 5/19] Assimilating GN05 01:35 (470 rays) …
  [step 6/19] Assimilating GN05 01:37 (447 rays) …
  [step 7/19] Assimilating GN04 01:39 (57 rays) …
  [step 8/19] Assimilating GN05 01:40 (501 rays) …
  [step 9/19] Assimilating GN05 01:40 (392 rays) …
  [step 10/19] Assimilating GN05 01:42 (485 rays) …
  [step 11/19] Assimilating GN05 01:46 (516 rays) …
  [step 12/19] Assimilating GN05 01:47 (658 rays) …
  [step 13/19] Assimilating GN05 01:49 (434 rays) …
  [step 14/19] Assimilating GN05 01:50 (383 rays) …
  [step 15/19] Assimilating GN05 01:51 (499 rays) …
  [step 16/19] Assimilating GN05 01:51 (370 rays) …
  [step 17/19] Assimilating GN05 01:56 (449 rays) …
  [step 18/19] Assimilating GN05 01:58 (385 rays) …
  [step 19/19] Assimilating GN05 01:59 (358 rays) …
  Running joint (batch) KF assimilation …
  Prior RMSE        : 59.633 TECU
  Post  RMSE (seq)  : 100.463 TECU
  Post  RMSE (joint): 33.642 TECU
  -> Running Lei-Abel inversion...
    [Abel] GN05 01:31: NmF2=4.21e+11 m⁻³  hmF2=336.0 km
  -> Running Lei-Abel inversion...
    [Abel] GN04 01:32: NmF2=7.23e+11 m⁻³  hmF2=272.8 km
  -> Running Lei-Abel inversion...
    [Abel] GN04 01:35: NmF2=7.01e+11 m⁻³  hmF2=276.7 km
  -> Running Lei-Abel inversion...
    [Abel] GN04 01:35: NmF2=1.43e+11 m⁻³  hmF2=567.3 km
  -> Running Lei-Abel inversion...
    [Abel] GN05 01:35: NmF2=4.17e+11 m⁻³  hmF2=406.1 km
  -> Running Lei-Abel inversion...
    [Abel] GN05 01:37: NmF2=4.90e+11 m⁻³  hmF2=378.6 km
  -> Running Lei-Abel inversion...
    [Abel] GN04 01:39: NmF2=1.05e+11 m⁻³  hmF2=572.0 km
  -> Running Lei-Abel inversion...
    [Abel] GN05 01:40: NmF2=4.41e+11 m⁻³  hmF2=327.1 km
  -> Running Lei-Abel inversion...
    [Abel] GN05 01:40: NmF2=3.38e+11 m⁻³  hmF2=320.7 km
  -> Running Lei-Abel inversion...
    [Abel] GN05 01:42: NmF2=5.49e+11 m⁻³  hmF2=276.3 km
  -> Running Lei-Abel inversion...
    [Abel] GN05 01:46: NmF2=4.10e+11 m⁻³  hmF2=291.2 km
  -> Running Lei-Abel inversion...
    [Abel] GN05 01:47: NmF2=8.65e+11 m⁻³  hmF2=348.5 km
  -> Running Lei-Abel inversion...
    [Abel] GN05 01:49: NmF2=2.86e+11 m⁻³  hmF2=370.9 km
  -> Running Lei-Abel inversion...
    [Abel] GN05 01:50: NmF2=1.13e+12 m⁻³  hmF2=269.1 km
  -> Running Lei-Abel inversion...
    [Abel] GN05 01:51: NmF2=3.43e+11 m⁻³  hmF2=391.9 km
  -> Running Lei-Abel inversion...
    [Abel] GN05 01:51: NmF2=1.20e+12 m⁻³  hmF2=267.6 km
  -> Running Lei-Abel inversion...
    [Abel] GN05 01:56: NmF2=4.28e+11 m⁻³  hmF2=322.3 km
  -> Running Lei-Abel inversion...
    [Abel] GN05 01:58: NmF2=4.29e+11 m⁻³  hmF2=339.0 km
  -> Running Lei-Abel inversion...
    [Abel] GN05 01:59: NmF2=4.57e+11 m⁻³  hmF2=333.6 km
  Saved group plot (Sequential KF) → ./Figures/GroupKF/group_2024-10-10_0130__POLAR_N_seq.png
  Saved group plot (Joint KF) → ./Figures/GroupKF/group_2024-10-10_0130__POLAR_N_joint.png
  Saved sequential plot → ./Figures/GroupKF/group_2024-10-10_0130__POLAR_N_sequential.png
Plotting comparison 2024-10-10_0130__POLAR_N
  Saved comparison plot → ./Figures/GroupKF/group_2024-10-10_0130__POLAR_N_comparison.png

[44/494]
────────────────────────────────────────────────────────────
  Group : 2024-10-10_0130__LAT+030_LON+120
  Window: 2024-10-10_0130  |  Region: LAT+030_LON+120  |  14 occultation(s)
────────────────────────────────────────────────────────────
Data Flipped: E15 is setting
Data Flipped: R9 is setting
Data Flipped: G11 is setting
Data Flipped: R20 is setting
Data Flipped: E30 is setting
Data Flipped: C40 is setting
R24 is rising
No valid descending tangent points found. Skipping.
    [skip] podTc2_GN04.2024.284.01.47.0025.C44.00_0000.0001_nc — parse returned None
C27 is rising
Data Flipped: C24 is setting
G8 is rising
E24 is rising
G30 is rising
C36 is rising
  Parsed 13/14 files successfully.
  Bounding box: lat [8.2, 84.2]  lon [96.9, -161.8]  |  vertices: 198
  Final group: 13 occultation(s), 198 mesh vertices
  Saved trim diagnostic → ./Figures/GroupKF/group_2024-10-10_0130__LAT+030_LON+120_trim.png
  [1/13] Building H for GN04 01:34 (480 rays) …
  -> Building H Matrix (480 rays, parallel)...
  [2/13] Building H for GN04 01:36 (417 rays) …
  -> Building H Matrix (417 rays, parallel)...
  [3/13] Building H for GN04 01:37 (545 rays) …
  -> Building H Matrix (545 rays, parallel)...
  [4/13] Building H for GN04 01:38 (454 rays) …
  -> Building H Matrix (454 rays, parallel)...
  [5/13] Building H for GN04 01:39 (449 rays) …
  -> Building H Matrix (449 rays, parallel)...
  [6/13] Building H for GN04 01:41 (378 rays) …
  -> Building H Matrix (378 rays, parallel)...
  [7/13] Building H for GN05 01:46 (463 rays) …
  -> Building H Matrix (463 rays, parallel)...
  [8/13] Building H for GN05 01:47 (447 rays) …
  -> Building H Matrix (447 rays, parallel)...
  [9/13] Building H for GN04 01:47 (72 rays) …
  -> Building H Matrix (72 rays, parallel)...
  [10/13] Building H for GN05 01:51 (447 rays) …
  -> Building H Matrix (447 rays, parallel)...
  [11/13] Building H for GN05 01:51 (389 rays) …
  -> Building H Matrix (389 rays, parallel)...
  [12/13] Building H for GN05 01:57 (397 rays) …
  -> Building H Matrix (397 rays, parallel)...
  [13/13] Building H for GN05 01:59 (366 rays) …
  -> Building H Matrix (366 rays, parallel)...
  Combined H shape : (5304, 10098)  (total rays = 5304)
  Running sequential KF assimilation …
  [step 1/13] Assimilating GN04 01:34 (480 rays) …
  [step 2/13] Assimilating GN04 01:36 (417 rays) …
  [step 3/13] Assimilating GN04 01:37 (545 rays) …
  [step 4/13] Assimilating GN04 01:38 (454 rays) …
  [step 5/13] Assimilating GN04 01:39 (449 rays) …
  [step 6/13] Assimilating GN04 01:41 (378 rays) …
  [step 7/13] Assimilating GN05 01:46 (463 rays) …
  [step 8/13] Assimilating GN05 01:47 (447 rays) …
  [step 9/13] Assimilating GN04 01:47 (72 rays) …
  [step 10/13] Assimilating GN05 01:51 (447 rays) …
  [step 11/13] Assimilating GN05 01:51 (389 rays) …
  [step 12/13] Assimilating GN05 01:57 (397 rays) …
  [step 13/13] Assimilating GN05 01:59 (366 rays) …
  Running joint (batch) KF assimilation …
  Prior RMSE        : 219.921 TECU
  Post  RMSE (seq)  : 342.347 TECU
  Post  RMSE (joint): 64.811 TECU
  -> Running Lei-Abel inversion...
    [Abel] GN04 01:34: NmF2=1.57e+12 m⁻³  hmF2=274.1 km
  -> Running Lei-Abel inversion...
    [Abel] GN04 01:36: NmF2=1.92e+12 m⁻³  hmF2=283.1 km
  -> Running Lei-Abel inversion...
    [Abel] GN04 01:37: NmF2=2.16e+12 m⁻³  hmF2=291.4 km
  -> Running Lei-Abel inversion...
    [Abel] GN04 01:38: NmF2=2.20e+12 m⁻³  hmF2=285.7 km
  -> Running Lei-Abel inversion...
    [Abel] GN04 01:39: NmF2=2.12e+12 m⁻³  hmF2=297.5 km
  -> Running Lei-Abel inversion...
    [Abel] GN04 01:41: NmF2=2.18e+12 m⁻³  hmF2=281.9 km
  -> Running Lei-Abel inversion...
    [Abel] GN05 01:46: NmF2=1.44e+12 m⁻³  hmF2=266.4 km
  -> Running Lei-Abel inversion...
    [Abel] GN05 01:47: NmF2=1.38e+12 m⁻³  hmF2=266.7 km
  -> Running Lei-Abel inversion...
    [Abel] GN04 01:47: NmF2=1.99e+11 m⁻³  hmF2=549.1 km
  -> Running Lei-Abel inversion...
    [Abel] GN05 01:51: NmF2=1.85e+12 m⁻³  hmF2=283.2 km
  -> Running Lei-Abel inversion...
    [Abel] GN05 01:51: NmF2=1.69e+12 m⁻³  hmF2=275.6 km
  -> Running Lei-Abel inversion...
    [Abel] GN05 01:57: NmF2=2.31e+12 m⁻³  hmF2=294.8 km
  -> Running Lei-Abel inversion...
    [Abel] GN05 01:59: NmF2=2.40e+12 m⁻³  hmF2=310.4 km
  Saved group plot (Sequential KF) → ./Figures/GroupKF/group_2024-10-10_0130__LAT+030_LON+120_seq.png
  Saved group plot (Joint KF) → ./Figures/GroupKF/group_2024-10-10_0130__LAT+030_LON+120_joint.png
  Saved sequential plot → ./Figures/GroupKF/group_2024-10-10_0130__LAT+030_LON+120_sequential.png
Plotting comparison 2024-10-10_0130__LAT+030_LON+120
  Saved comparison plot → ./Figures/GroupKF/group_2024-10-10_0130__LAT+030_LON+120_comparison.png

[45/494]
────────────────────────────────────────────────────────────
  Group : 2024-10-10_0130__LAT+030_LON+060
  Window: 2024-10-10_0130  |  Region: LAT+030_LON+060  |  2 occultation(s)
────────────────────────────────────────────────────────────
Data Flipped: G29 is setting
G10 is rising
  Parsed 2/2 files successfully.
  Bounding box: lat [36.6, 79.3]  lon [94.7, 175.7]  |  vertices: 71
  Final group: 2 occultation(s), 71 mesh vertices
  Saved trim diagnostic → ./Figures/GroupKF/group_2024-10-10_0130__LAT+030_LON+060_trim.png
  [1/2] Building H for GN04 01:35 (536 rays) …
  -> Building H Matrix (536 rays, parallel)...
  [2/2] Building H for GN04 01:37 (495 rays) …
  -> Building H Matrix (495 rays, parallel)...
  Combined H shape : (1031, 3621)  (total rays = 1031)
  Running sequential KF assimilation …
  [step 1/2] Assimilating GN04 01:35 (536 rays) …
  [step 2/2] Assimilating GN04 01:37 (495 rays) …
  Running joint (batch) KF assimilation …
  Prior RMSE        : 78.701 TECU
  Post  RMSE (seq)  : 26.525 TECU
  Post  RMSE (joint): 15.372 TECU
  -> Running Lei-Abel inversion...
    [Abel] GN04 01:35: NmF2=1.05e+12 m⁻³  hmF2=276.3 km
  -> Running Lei-Abel inversion...
    [Abel] GN04 01:37: NmF2=5.82e+11 m⁻³  hmF2=512.5 km
  Saved group plot (Sequential KF) → ./Figures/GroupKF/group_2024-10-10_0130__LAT+030_LON+060_seq.png
  Saved group plot (Joint KF) → ./Figures/GroupKF/group_2024-10-10_0130__LAT+030_LON+060_joint.png
  Saved sequential plot → ./Figures/GroupKF/group_2024-10-10_0130__LAT+030_LON+060_sequential.png
Plotting comparison 2024-10-10_0130__LAT+030_LON+060
  Saved comparison plot → ./Figures/GroupKF/group_2024-10-10_0130__LAT+030_LON+060_comparison.png

[46/494]
────────────────────────────────────────────────────────────
  Group : 2024-10-10_0130__LAT-030_LON+060
  Window: 2024-10-10_0130  |  Region: LAT-030_LON+060  |  8 occultation(s)
────────────────────────────────────────────────────────────
G23 is rising
G15 is rising
C42 is rising
R7 is rising
Data Flipped: R11 is setting
Data Flipped: G28 is setting
Data Flipped: C41 is setting
Data Flipped: R1 is setting
  Parsed 8/8 files successfully.
  Bounding box: lat [-54.0, 17.2]  lon [73.4, 124.8]  |  vertices: 130
  Final group: 8 occultation(s), 130 mesh vertices
  Saved trim diagnostic → ./Figures/GroupKF/group_2024-10-10_0130__LAT-030_LON+060_trim.png
  [1/8] Building H for GN04 01:39 (541 rays) …
  -> Building H Matrix (541 rays, parallel)...
  [2/8] Building H for GN04 01:42 (371 rays) …
  -> Building H Matrix (371 rays, parallel)...
  [3/8] Building H for GN04 01:42 (418 rays) …
  -> Building H Matrix (418 rays, parallel)...
  [4/8] Building H for GN04 01:43 (384 rays) …
  -> Building H Matrix (384 rays, parallel)...
  [5/8] Building H for GN04 01:53 (307 rays) …
  -> Building H Matrix (307 rays, parallel)...
  [6/8] Building H for GN04 01:53 (384 rays) …
  -> Building H Matrix (384 rays, parallel)...
  [7/8] Building H for GN04 01:56 (902 rays) …
  -> Building H Matrix (902 rays, parallel)...
  [8/8] Building H for GN04 01:56 (502 rays) …
  -> Building H Matrix (502 rays, parallel)...
  Combined H shape : (3809, 6630)  (total rays = 3809)
  Running sequential KF assimilation …
  [step 1/8] Assimilating GN04 01:39 (541 rays) …
  [step 2/8] Assimilating GN04 01:42 (371 rays) …
  [step 3/8] Assimilating GN04 01:42 (418 rays) …
  [step 4/8] Assimilating GN04 01:43 (384 rays) …
  [step 5/8] Assimilating GN04 01:53 (307 rays) …
  [step 6/8] Assimilating GN04 01:53 (384 rays) …
  [step 7/8] Assimilating GN04 01:56 (902 rays) …
  [step 8/8] Assimilating GN04 01:56 (502 rays) …
  Running joint (batch) KF assimilation …
  Prior RMSE        : 221.161 TECU
  Post  RMSE (seq)  : 131.876 TECU
  Post  RMSE (joint): 48.745 TECU
  -> Running Lei-Abel inversion...
    [Abel] GN04 01:39: NmF2=1.72e+12 m⁻³  hmF2=308.8 km
  -> Running Lei-Abel inversion...
    [Abel] GN04 01:42: NmF2=1.71e+12 m⁻³  hmF2=305.4 km
  -> Running Lei-Abel inversion...
    [Abel] GN04 01:42: NmF2=1.50e+12 m⁻³  hmF2=302.6 km
  -> Running Lei-Abel inversion...
    [Abel] GN04 01:43: NmF2=1.65e+12 m⁻³  hmF2=301.1 km
  -> Running Lei-Abel inversion...
    [Abel] GN04 01:53: NmF2=2.28e+12 m⁻³  hmF2=342.9 km
  -> Running Lei-Abel inversion...
    [Abel] GN04 01:53: NmF2=2.11e+12 m⁻³  hmF2=319.3 km
  -> Running Lei-Abel inversion...
    [Abel] GN04 01:56: NmF2=1.73e+12 m⁻³  hmF2=296.5 km
  -> Running Lei-Abel inversion...
    [Abel] GN04 01:56: NmF2=1.96e+12 m⁻³  hmF2=306.2 km
  Saved group plot (Sequential KF) → ./Figures/GroupKF/group_2024-10-10_0130__LAT-030_LON+060_seq.png
  Saved group plot (Joint KF) → ./Figures/GroupKF/group_2024-10-10_0130__LAT-030_LON+060_joint.png
  Saved sequential plot → ./Figures/GroupKF/group_2024-10-10_0130__LAT-030_LON+060_sequential.png
Plotting comparison 2024-10-10_0130__LAT-030_LON+060
  Saved comparison plot → ./Figures/GroupKF/group_2024-10-10_0130__LAT-030_LON+060_comparison.png

[47/494]
────────────────────────────────────────────────────────────
  Group : 2024-10-10_0130__LAT+000_LON-060
  Window: 2024-10-10_0130  |  Region: LAT+000_LON-060  |  9 occultation(s)
────────────────────────────────────────────────────────────
Data Flipped: E25 is setting
Data Flipped: G30 is setting
Data Flipped: C36 is setting
Data Flipped: E3 is setting
Data Flipped: R15 is setting
Data Flipped: G23 is setting
R4 is rising
G17 is rising
C29 is rising
  Parsed 9/9 files successfully.
    [skip] GN05 01:41 — only 25 valid rays
  Bounding box: lat [-2.1, 83.7]  lon [169.8, -26.3]  |  vertices: 387
  [trim] n_geo=387 > MAX_MESH_VERTICES=300 — dropping GN05 01:43 (69.4° from centroid)
  Bounding box: lat [-2.1, 82.6]  lon [169.8, -26.3]  |  vertices: 386
  [trim] n_geo=386 > MAX_MESH_VERTICES=300 — dropping GN05 01:45 (45.9° from centroid)
  Bounding box: lat [-2.1, 64.9]  lon [-96.2, -26.3]  |  vertices: 152
  Final group: 6 occultation(s), 152 mesh vertices
  Saved trim diagnostic → ./Figures/GroupKF/group_2024-10-10_0130__LAT+000_LON-060_trim.png
  [1/6] Building H for GN05 01:39 (122 rays) …
  -> Building H Matrix (122 rays, parallel)...
  [2/6] Building H for GN05 01:41 (70 rays) …
  -> Building H Matrix (70 rays, parallel)...
  [3/6] Building H for GN05 01:42 (161 rays) …
  -> Building H Matrix (161 rays, parallel)...
  [4/6] Building H for GN05 01:42 (105 rays) …
  -> Building H Matrix (105 rays, parallel)...
  [5/6] Building H for GN05 01:43 (322 rays) …
  -> Building H Matrix (322 rays, parallel)...
  [6/6] Building H for GN05 01:45 (603 rays) …
  -> Building H Matrix (603 rays, parallel)...
  Combined H shape : (1383, 7752)  (total rays = 1383)
  Running sequential KF assimilation …
  [step 1/6] Assimilating GN05 01:39 (122 rays) …
  [step 2/6] Assimilating GN05 01:41 (70 rays) …
  [step 3/6] Assimilating GN05 01:42 (161 rays) …
  [step 4/6] Assimilating GN05 01:42 (105 rays) …
  [step 5/6] Assimilating GN05 01:43 (322 rays) …
  [step 6/6] Assimilating GN05 01:45 (603 rays) …
  Running joint (batch) KF assimilation …
  Prior RMSE        : 190.923 TECU
  Post  RMSE (seq)  : 240.065 TECU
  Post  RMSE (joint): 87.378 TECU
  -> Running Lei-Abel inversion...
    [Abel] GN05 01:39: NmF2=8.15e+11 m⁻³  hmF2=550.8 km
  -> Running Lei-Abel inversion...
    [Abel] GN05 01:41: NmF2=7.65e+11 m⁻³  hmF2=570.2 km
  -> Running Lei-Abel inversion...
    [Abel] GN05 01:42: NmF2=1.47e+12 m⁻³  hmF2=527.3 km
  -> Running Lei-Abel inversion...
    [Abel] GN05 01:42: NmF2=1.19e+12 m⁻³  hmF2=543.0 km
  -> Running Lei-Abel inversion...
    [Abel] GN05 01:43: NmF2=2.35e+12 m⁻³  hmF2=476.8 km
  -> Running Lei-Abel inversion...
    [Abel] GN05 01:45: NmF2=2.34e+12 m⁻³  hmF2=476.8 km
  Saved group plot (Sequential KF) → ./Figures/GroupKF/group_2024-10-10_0130__LAT+000_LON-060_seq.png
  Saved group plot (Joint KF) → ./Figures/GroupKF/group_2024-10-10_0130__LAT+000_LON-060_joint.png
  Saved sequential plot → ./Figures/GroupKF/group_2024-10-10_0130__LAT+000_LON-060_sequential.png
Plotting comparison 2024-10-10_0130__LAT+000_LON-060
  Saved comparison plot → ./Figures/GroupKF/group_2024-10-10_0130__LAT+000_LON-060_comparison.png

[48/494]
────────────────────────────────────────────────────────────
  Group : 2024-10-10_0130__LAT-030_LON+120
  Window: 2024-10-10_0130  |  Region: LAT-030_LON+120  |  8 occultation(s)
────────────────────────────────────────────────────────────
E8 is rising
C22 is rising
C21 is rising
C45 is rising
R16 is rising
E2 is rising
Data Flipped: G6 is setting
Data Flipped: R19 is setting
  Parsed 8/8 files successfully.
  Bounding box: lat [-45.7, 21.4]  lon [106.1, 161.5]  |  vertices: 137
  Final group: 8 occultation(s), 137 mesh vertices
  Saved trim diagnostic → ./Figures/GroupKF/group_2024-10-10_0130__LAT-030_LON+120_trim.png
  [1/8] Building H for GN04 01:39 (338 rays) …
  -> Building H Matrix (338 rays, parallel)...
  [2/8] Building H for GN04 01:40 (767 rays) …
  -> Building H Matrix (767 rays, parallel)...
  [3/8] Building H for GN04 01:40 (361 rays) …
  -> Building H Matrix (361 rays, parallel)...
  [4/8] Building H for GN04 01:44 (408 rays) …
  -> Building H Matrix (408 rays, parallel)...
  [5/8] Building H for GN04 01:46 (460 rays) …
  -> Building H Matrix (460 rays, parallel)...
  [6/8] Building H for GN04 01:48 (814 rays) …
  -> Building H Matrix (814 rays, parallel)...
  [7/8] Building H for GN04 01:52 (630 rays) …
  -> Building H Matrix (630 rays, parallel)...
  [8/8] Building H for GN04 01:56 (459 rays) …
  -> Building H Matrix (459 rays, parallel)...
  Combined H shape : (4237, 6987)  (total rays = 4237)
  Running sequential KF assimilation …
  [step 1/8] Assimilating GN04 01:39 (338 rays) …
  [step 2/8] Assimilating GN04 01:40 (767 rays) …
  [step 3/8] Assimilating GN04 01:40 (361 rays) …
  [step 4/8] Assimilating GN04 01:44 (408 rays) …
  [step 5/8] Assimilating GN04 01:46 (460 rays) …
  [step 6/8] Assimilating GN04 01:48 (814 rays) …
  [step 7/8] Assimilating GN04 01:52 (630 rays) …
  [step 8/8] Assimilating GN04 01:56 (459 rays) …
  Running joint (batch) KF assimilation …
  Prior RMSE        : 82.666 TECU
  Post  RMSE (seq)  : 89.987 TECU
  Post  RMSE (joint): 52.105 TECU
  -> Running Lei-Abel inversion...
    [Abel] GN04 01:39: NmF2=2.18e+12 m⁻³  hmF2=320.4 km
  -> Running Lei-Abel inversion...
    [Abel] GN04 01:40: NmF2=1.82e+12 m⁻³  hmF2=338.6 km
  -> Running Lei-Abel inversion...
    [Abel] GN04 01:40: NmF2=1.89e+12 m⁻³  hmF2=312.5 km
  -> Running Lei-Abel inversion...
    [Abel] GN04 01:44: NmF2=1.83e+12 m⁻³  hmF2=318.3 km
  -> Running Lei-Abel inversion...
    [Abel] GN04 01:46: NmF2=1.70e+12 m⁻³  hmF2=312.9 km
  -> Running Lei-Abel inversion...
    [Abel] GN04 01:48: NmF2=1.57e+12 m⁻³  hmF2=330.8 km
  -> Running Lei-Abel inversion...
    [Abel] GN04 01:52: NmF2=2.66e+12 m⁻³  hmF2=329.4 km
  -> Running Lei-Abel inversion...
    [Abel] GN04 01:56: NmF2=1.89e+12 m⁻³  hmF2=315.3 km
  Saved group plot (Sequential KF) → ./Figures/GroupKF/group_2024-10-10_0130__LAT-030_LON+120_seq.png
  Saved group plot (Joint KF) → ./Figures/GroupKF/group_2024-10-10_0130__LAT-030_LON+120_joint.png
  Saved sequential plot → ./Figures/GroupKF/group_2024-10-10_0130__LAT-030_LON+120_sequential.png
Plotting comparison 2024-10-10_0130__LAT-030_LON+120
  Saved comparison plot → ./Figures/GroupKF/group_2024-10-10_0130__LAT-030_LON+120_comparison.png

[49/494]
────────────────────────────────────────────────────────────
  Group : 2024-10-10_0130__LAT-060_LON+060
  Window: 2024-10-10_0130  |  Region: LAT-060_LON+060  |  9 occultation(s)
────────────────────────────────────────────────────────────
E26 is rising
R22 is rising
C38 is rising
G18 is rising
C43 is rising
E7 is rising
C33 is rising
R8 is rising
Data Flipped: R2 is setting
  Parsed 9/9 files successfully.
  Bounding box: lat [-83.0, -7.5]  lon [56.7, 123.2]  |  vertices: 131
  Final group: 9 occultation(s), 131 mesh vertices
  Saved trim diagnostic → ./Figures/GroupKF/group_2024-10-10_0130__LAT-060_LON+060_trim.png
  [1/9] Building H for GN04 01:41 (486 rays) …
  -> Building H Matrix (486 rays, parallel)...
  [2/9] Building H for GN04 01:42 (546 rays) …
  -> Building H Matrix (546 rays, parallel)...
  [3/9] Building H for GN04 01:42 (403 rays) …
  -> Building H Matrix (403 rays, parallel)...
  [4/9] Building H for GN04 01:44 (476 rays) …
  -> Building H Matrix (476 rays, parallel)...
  [5/9] Building H for GN04 01:47 (650 rays) …
  -> Building H Matrix (650 rays, parallel)...
  [6/9] Building H for GN04 01:47 (380 rays) …
  -> Building H Matrix (380 rays, parallel)...
  [7/9] Building H for GN04 01:57 (1040 rays) …
  -> Building H Matrix (1040 rays, parallel)...
  [8/9] Building H for GN04 01:58 (798 rays) …
  -> Building H Matrix (798 rays, parallel)...
  [9/9] Building H for GN04 01:59 (390 rays) …
  -> Building H Matrix (390 rays, parallel)...
  Combined H shape : (5169, 6681)  (total rays = 5169)
  Running sequential KF assimilation …
  [step 1/9] Assimilating GN04 01:41 (486 rays) …
  [step 2/9] Assimilating GN04 01:42 (546 rays) …
  [step 3/9] Assimilating GN04 01:42 (403 rays) …
  [step 4/9] Assimilating GN04 01:44 (476 rays) …
  [step 5/9] Assimilating GN04 01:47 (650 rays) …
  [step 6/9] Assimilating GN04 01:47 (380 rays) …
  [step 7/9] Assimilating GN04 01:57 (1040 rays) …
  [step 8/9] Assimilating GN04 01:58 (798 rays) …
  [step 9/9] Assimilating GN04 01:59 (390 rays) …
  Running joint (batch) KF assimilation …
  Prior RMSE        : 100.896 TECU
  Post  RMSE (seq)  : 57.009 TECU
  Post  RMSE (joint): 26.262 TECU
  -> Running Lei-Abel inversion...
    [Abel] GN04 01:41: NmF2=1.08e+12 m⁻³  hmF2=302.0 km
  -> Running Lei-Abel inversion...
    [Abel] GN04 01:42: NmF2=8.88e+11 m⁻³  hmF2=298.1 km
  -> Running Lei-Abel inversion...
    [Abel] GN04 01:42: NmF2=9.30e+11 m⁻³  hmF2=292.3 km
  -> Running Lei-Abel inversion...
    [Abel] GN04 01:44: NmF2=7.70e+11 m⁻³  hmF2=291.8 km
  -> Running Lei-Abel inversion...
    [Abel] GN04 01:47: NmF2=7.51e+11 m⁻³  hmF2=338.6 km
  -> Running Lei-Abel inversion...
    [Abel] GN04 01:47: NmF2=9.50e+11 m⁻³  hmF2=290.6 km
  -> Running Lei-Abel inversion...
    [Abel] GN04 01:57: NmF2=8.76e+11 m⁻³  hmF2=301.3 km
  -> Running Lei-Abel inversion...
    [Abel] GN04 01:58: NmF2=8.42e+11 m⁻³  hmF2=310.5 km
  -> Running Lei-Abel inversion...
    [Abel] GN04 01:59: NmF2=1.14e+12 m⁻³  hmF2=296.5 km
  Saved group plot (Sequential KF) → ./Figures/GroupKF/group_2024-10-10_0130__LAT-060_LON+060_seq.png
  Saved group plot (Joint KF) → ./Figures/GroupKF/group_2024-10-10_0130__LAT-060_LON+060_joint.png
  Saved sequential plot → ./Figures/GroupKF/group_2024-10-10_0130__LAT-060_LON+060_sequential.png
Plotting comparison 2024-10-10_0130__LAT-060_LON+060
  Saved comparison plot → ./Figures/GroupKF/group_2024-10-10_0130__LAT-060_LON+060_comparison.png

[50/494]
────────────────────────────────────────────────────────────
  Group : 2024-10-10_0130__LAT+000_LON-120
  Window: 2024-10-10_0130  |  Region: LAT+000_LON-120  |  4 occultation(s)
────────────────────────────────────────────────────────────
Data Flipped: G14 is setting
Data Flipped: R5 is setting
Data Flipped: C22 is setting
C19 is rising
  Parsed 4/4 files successfully.
  Bounding box: lat [11.7, 70.8]  lon [-115.7, -44.4]  |  vertices: 121
  Final group: 4 occultation(s), 121 mesh vertices
  Saved trim diagnostic → ./Figures/GroupKF/group_2024-10-10_0130__LAT+000_LON-120_trim.png
  [1/4] Building H for GN05 01:42 (340 rays) …
  -> Building H Matrix (340 rays, parallel)...
  [2/4] Building H for GN05 01:42 (390 rays) …
  -> Building H Matrix (390 rays, parallel)...
  [3/4] Building H for GN05 01:43 (657 rays) …
  -> Building H Matrix (657 rays, parallel)...
  [4/4] Building H for GN05 01:45 (758 rays) …
  -> Building H Matrix (758 rays, parallel)...
  Combined H shape : (2145, 6171)  (total rays = 2145)
  Running sequential KF assimilation …
  [step 1/4] Assimilating GN05 01:42 (340 rays) …
  [step 2/4] Assimilating GN05 01:42 (390 rays) …
  [step 3/4] Assimilating GN05 01:43 (657 rays) …
  [step 4/4] Assimilating GN05 01:45 (758 rays) …
  Running joint (batch) KF assimilation …
  Prior RMSE        : 164.966 TECU
  Post  RMSE (seq)  : 268.828 TECU
  Post  RMSE (joint): 88.872 TECU
  -> Running Lei-Abel inversion...
    [Abel] GN05 01:42: NmF2=3.48e+12 m⁻³  hmF2=357.8 km
  -> Running Lei-Abel inversion...
    [Abel] GN05 01:42: NmF2=3.17e+12 m⁻³  hmF2=357.0 km
  -> Running Lei-Abel inversion...
    [Abel] GN05 01:43: NmF2=6.79e+11 m⁻³  hmF2=345.7 km
  -> Running Lei-Abel inversion...
    [Abel] GN05 01:45: NmF2=1.39e+12 m⁻³  hmF2=369.3 km
  Saved group plot (Sequential KF) → ./Figures/GroupKF/group_2024-10-10_0130__LAT+000_LON-120_seq.png
  Saved group plot (Joint KF) → ./Figures/GroupKF/group_2024-10-10_0130__LAT+000_LON-120_joint.png
  Saved sequential plot → ./Figures/GroupKF/group_2024-10-10_0130__LAT+000_LON-120_sequential.png
Plotting comparison 2024-10-10_0130__LAT+000_LON-120
  Saved comparison plot → ./Figures/GroupKF/group_2024-10-10_0130__LAT+000_LON-120_comparison.png

[51/494]
────────────────────────────────────────────────────────────
  Group : 2024-10-10_0130__LAT-060_LON+120
  Window: 2024-10-10_0130  |  Region: LAT-060_LON+120  |  1 occultation(s)
────────────────────────────────────────────────────────────
G5 is rising
  Parsed 1/1 files successfully.
  Bounding box: lat [-72.6, -31.6]  lon [84.5, 151.8]  |  vertices: 67
  Final group: 1 occultation(s), 67 mesh vertices
  Saved trim diagnostic → ./Figures/GroupKF/group_2024-10-10_0130__LAT-060_LON+120_trim.png
  [1/1] Building H for GN04 01:46 (603 rays) …
  -> Building H Matrix (603 rays, parallel)...
  Combined H shape : (603, 3417)  (total rays = 603)
  Running sequential KF assimilation …
  [step 1/1] Assimilating GN04 01:46 (603 rays) …
  Running joint (batch) KF assimilation …
  Prior RMSE        : 88.372 TECU
  Post  RMSE (seq)  : 28.150 TECU
  Post  RMSE (joint): 7.252 TECU
  -> Running Lei-Abel inversion...
    [Abel] GN04 01:46: NmF2=5.43e+11 m⁻³  hmF2=294.3 km
  Saved group plot (Sequential KF) → ./Figures/GroupKF/group_2024-10-10_0130__LAT-060_LON+120_seq.png
  Saved group plot (Joint KF) → ./Figures/GroupKF/group_2024-10-10_0130__LAT-060_LON+120_joint.png
  Saved sequential plot → ./Figures/GroupKF/group_2024-10-10_0130__LAT-060_LON+120_sequential.png
Plotting comparison 2024-10-10_0130__LAT-060_LON+120
  Saved comparison plot → ./Figures/GroupKF/group_2024-10-10_0130__LAT-060_LON+120_comparison.png

[52/494]
────────────────────────────────────────────────────────────
  Group : 2024-10-10_0130__LAT+000_LON+060
  Window: 2024-10-10_0130  |  Region: LAT+000_LON+060  |  8 occultation(s)
────────────────────────────────────────────────────────────
Data Flipped: G32 is setting
Data Flipped: E21 is setting
Data Flipped: C25 is setting
Data Flipped: E19 is setting
Data not high enough. Skipping.
    [skip] podTc2_GN04.2024.284.01.51.0009.G10.01_0000.0001_nc — parse returned None
G27 is rising
C28 is rising
E33 is rising
  Parsed 7/8 files successfully.
  Bounding box: lat [-19.2, 45.9]  lon [82.3, 134.5]  |  vertices: 125
  Final group: 7 occultation(s), 125 mesh vertices
  Saved trim diagnostic → ./Figures/GroupKF/group_2024-10-10_0130__LAT+000_LON+060_trim.png
  [1/7] Building H for GN04 01:46 (524 rays) …
  -> Building H Matrix (524 rays, parallel)...
  [2/7] Building H for GN04 01:50 (360 rays) …
  -> Building H Matrix (360 rays, parallel)...
  [3/7] Building H for GN04 01:50 (388 rays) …
  -> Building H Matrix (388 rays, parallel)...
  [4/7] Building H for GN04 01:51 (366 rays) …
  -> Building H Matrix (366 rays, parallel)...
  [5/7] Building H for GN05 01:55 (650 rays) …
  -> Building H Matrix (650 rays, parallel)...
  [6/7] Building H for GN05 01:55 (571 rays) …
  -> Building H Matrix (571 rays, parallel)...
  [7/7] Building H for GN05 01:58 (624 rays) …
  -> Building H Matrix (624 rays, parallel)...
  Combined H shape : (3483, 6375)  (total rays = 3483)
  Running sequential KF assimilation …
  [step 1/7] Assimilating GN04 01:46 (524 rays) …
  [step 2/7] Assimilating GN04 01:50 (360 rays) …
  [step 3/7] Assimilating GN04 01:50 (388 rays) …
  [step 4/7] Assimilating GN04 01:51 (366 rays) …
  [step 5/7] Assimilating GN05 01:55 (650 rays) …
  [step 6/7] Assimilating GN05 01:55 (571 rays) …
  [step 7/7] Assimilating GN05 01:58 (624 rays) …
  Running joint (batch) KF assimilation …
  Prior RMSE        : 275.950 TECU
  Post  RMSE (seq)  : 321.011 TECU
  Post  RMSE (joint): 83.846 TECU
  -> Running Lei-Abel inversion...
    [Abel] GN04 01:46: NmF2=1.87e+12 m⁻³  hmF2=281.2 km
  -> Running Lei-Abel inversion...
    [Abel] GN04 01:50: NmF2=2.20e+12 m⁻³  hmF2=369.2 km
  -> Running Lei-Abel inversion...
    [Abel] GN04 01:50: NmF2=2.21e+12 m⁻³  hmF2=370.9 km
  -> Running Lei-Abel inversion...
    [Abel] GN04 01:51: NmF2=2.25e+12 m⁻³  hmF2=366.6 km
  -> Running Lei-Abel inversion...
    [Abel] GN05 01:55: NmF2=2.23e+12 m⁻³  hmF2=275.0 km
  -> Running Lei-Abel inversion...
    [Abel] GN05 01:55: NmF2=3.11e+12 m⁻³  hmF2=317.2 km
  -> Running Lei-Abel inversion...
    [Abel] GN05 01:58: NmF2=2.43e+12 m⁻³  hmF2=410.7 km
  Saved group plot (Sequential KF) → ./Figures/GroupKF/group_2024-10-10_0130__LAT+000_LON+060_seq.png
  Saved group plot (Joint KF) → ./Figures/GroupKF/group_2024-10-10_0130__LAT+000_LON+060_joint.png
  Saved sequential plot → ./Figures/GroupKF/group_2024-10-10_0130__LAT+000_LON+060_sequential.png
Plotting comparison 2024-10-10_0130__LAT+000_LON+060
  Saved comparison plot → ./Figures/GroupKF/group_2024-10-10_0130__LAT+000_LON+060_comparison.png

[53/494]
────────────────────────────────────────────────────────────
  Group : 2024-10-10_0130__POLAR_S
  Window: 2024-10-10_0130  |  Region: POLAR_S  |  8 occultation(s)
────────────────────────────────────────────────────────────
E13 is rising
G24 is rising
C39 is rising
R21 is rising
C26 is rising
C34 is rising
R9 is rising
E29 is rising
  Parsed 8/8 files successfully.
  [polar] Bounding box: lat [-90.0, -40.1]  lon [-180.0, 180.0]  |  vertices: 293
  Final group: 8 occultation(s), 293 mesh vertices
  Saved trim diagnostic → ./Figures/GroupKF/group_2024-10-10_0130__POLAR_S_trim.png
  [1/8] Building H for GN04 01:51 (438 rays) …
  -> Building H Matrix (438 rays, parallel)...
  [2/8] Building H for GN04 01:54 (358 rays) …
  -> Building H Matrix (358 rays, parallel)...
  [3/8] Building H for GN04 01:55 (370 rays) …
  -> Building H Matrix (370 rays, parallel)...
  [4/8] Building H for GN04 01:55 (297 rays) …
  -> Building H Matrix (297 rays, parallel)...
  [5/8] Building H for GN04 01:56 (427 rays) …
  -> Building H Matrix (427 rays, parallel)...
  [6/8] Building H for GN04 01:58 (220 rays) …
  -> Building H Matrix (220 rays, parallel)...
  [7/8] Building H for GN04 01:59 (457 rays) …
  -> Building H Matrix (457 rays, parallel)...
  [8/8] Building H for GN04 01:59 (500 rays) …
  -> Building H Matrix (500 rays, parallel)...
  Combined H shape : (3067, 14943)  (total rays = 3067)
  Running sequential KF assimilation …
  [step 1/8] Assimilating GN04 01:51 (438 rays) …
  [step 2/8] Assimilating GN04 01:54 (358 rays) …
  [step 3/8] Assimilating GN04 01:55 (370 rays) …
  [step 4/8] Assimilating GN04 01:55 (297 rays) …
  [step 5/8] Assimilating GN04 01:56 (427 rays) …
  [step 6/8] Assimilating GN04 01:58 (220 rays) …
  [step 7/8] Assimilating GN04 01:59 (457 rays) …
  [step 8/8] Assimilating GN04 01:59 (500 rays) …
  Running joint (batch) KF assimilation …
  Prior RMSE        : 44.369 TECU
  Post  RMSE (seq)  : 37.298 TECU
  Post  RMSE (joint): 7.764 TECU
  -> Running Lei-Abel inversion...
    [Abel] GN04 01:51: NmF2=4.83e+11 m⁻³  hmF2=324.0 km
  -> Running Lei-Abel inversion...
    [Abel] GN04 01:54: NmF2=4.11e+11 m⁻³  hmF2=351.9 km
  -> Running Lei-Abel inversion...
    [Abel] GN04 01:55: NmF2=4.92e+11 m⁻³  hmF2=324.6 km
  -> Running Lei-Abel inversion...
    [Abel] GN04 01:55: NmF2=3.57e+11 m⁻³  hmF2=335.2 km
  -> Running Lei-Abel inversion...
    [Abel] GN04 01:56: NmF2=6.06e+11 m⁻³  hmF2=428.6 km
  -> Running Lei-Abel inversion...
    [Abel] GN04 01:58: NmF2=2.56e+11 m⁻³  hmF2=439.2 km
  -> Running Lei-Abel inversion...
    [Abel] GN04 01:59: NmF2=5.87e+11 m⁻³  hmF2=345.8 km
  -> Running Lei-Abel inversion...
    [Abel] GN04 01:59: NmF2=3.97e+11 m⁻³  hmF2=388.8 km
  Saved group plot (Sequential KF) → ./Figures/GroupKF/group_2024-10-10_0130__POLAR_S_seq.png
  Saved group plot (Joint KF) → ./Figures/GroupKF/group_2024-10-10_0130__POLAR_S_joint.png
  Saved sequential plot → ./Figures/GroupKF/group_2024-10-10_0130__POLAR_S_sequential.png
Plotting comparison 2024-10-10_0130__POLAR_S
  Saved comparison plot → ./Figures/GroupKF/group_2024-10-10_0130__POLAR_S_comparison.png

[54/494]
────────────────────────────────────────────────────────────
  Group : 2024-10-10_0200__POLAR_N
  Window: 2024-10-10_0200  |  Region: POLAR_N  |  5 occultation(s)
────────────────────────────────────────────────────────────
Data Flipped: C26 is setting
Data Flipped: E29 is setting
Data Flipped: R21 is setting
Data Flipped: R9 is setting
Data Flipped: C34 is setting
  Parsed 5/5 files successfully.
  [polar] Bounding box: lat [39.9, 90.0]  lon [-180.0, 180.0]  |  vertices: 296
  Final group: 5 occultation(s), 296 mesh vertices
  Saved trim diagnostic → ./Figures/GroupKF/group_2024-10-10_0200__POLAR_N_trim.png
  [1/5] Building H for GN05 02:00 (383 rays) …
  -> Building H Matrix (383 rays, parallel)...
  [2/5] Building H for GN05 02:00 (621 rays) …
  -> Building H Matrix (621 rays, parallel)...
  [3/5] Building H for GN05 02:01 (501 rays) …
  -> Building H Matrix (501 rays, parallel)...
  [4/5] Building H for GN05 02:02 (405 rays) …
  -> Building H Matrix (405 rays, parallel)...
  [5/5] Building H for GN05 02:02 (514 rays) …
  -> Building H Matrix (514 rays, parallel)...
  Combined H shape : (2424, 15096)  (total rays = 2424)
  Running sequential KF assimilation …
  [step 1/5] Assimilating GN05 02:00 (383 rays) …
  [step 2/5] Assimilating GN05 02:00 (621 rays) …
  [step 3/5] Assimilating GN05 02:01 (501 rays) …
  [step 4/5] Assimilating GN05 02:02 (405 rays) …
  [step 5/5] Assimilating GN05 02:02 (514 rays) …
  Running joint (batch) KF assimilation …
  Prior RMSE        : 76.917 TECU
  Post  RMSE (seq)  : 207.432 TECU
  Post  RMSE (joint): 25.718 TECU
  -> Running Lei-Abel inversion...
    [Abel] GN05 02:00: NmF2=6.64e+11 m⁻³  hmF2=278.4 km
  -> Running Lei-Abel inversion...
    [Abel] GN05 02:00: NmF2=3.65e+11 m⁻³  hmF2=345.8 km
  -> Running Lei-Abel inversion...
    [Abel] GN05 02:01: NmF2=6.23e+11 m⁻³  hmF2=284.9 km
  -> Running Lei-Abel inversion...
    [Abel] GN05 02:02: NmF2=1.08e+12 m⁻³  hmF2=270.5 km
  -> Running Lei-Abel inversion...
    [Abel] GN05 02:02: NmF2=7.57e+11 m⁻³  hmF2=280.3 km
  Saved group plot (Sequential KF) → ./Figures/GroupKF/group_2024-10-10_0200__POLAR_N_seq.png
  Saved group plot (Joint KF) → ./Figures/GroupKF/group_2024-10-10_0200__POLAR_N_joint.png
  Saved sequential plot → ./Figures/GroupKF/group_2024-10-10_0200__POLAR_N_sequential.png
Plotting comparison 2024-10-10_0200__POLAR_N
  Saved comparison plot → ./Figures/GroupKF/group_2024-10-10_0200__POLAR_N_comparison.png

[55/494]
────────────────────────────────────────────────────────────
  Group : 2024-10-10_0200__LAT+030_LON+120
  Window: 2024-10-10_0200  |  Region: LAT+030_LON+120  |  8 occultation(s)
────────────────────────────────────────────────────────────
No valid descending tangent points found. Skipping.
    [skip] podTc2_GN05.2024.284.02.00.0013.G10.01_0000.0001_nc — parse returned None
Data Flipped: E30 is setting
Data Flipped: E15 is setting
Data Flipped: C24 is setting
Data Flipped: G12 is setting
Data Flipped: G11 is setting
Data Flipped: G29 is setting
Data Flipped: C44 is setting
  Parsed 7/8 files successfully.
  Bounding box: lat [7.8, 82.8]  lon [114.8, 179.1]  |  vertices: 126
  Final group: 7 occultation(s), 126 mesh vertices
  Saved trim diagnostic → ./Figures/GroupKF/group_2024-10-10_0200__LAT+030_LON+120_trim.png
  [1/7] Building H for GN05 02:04 (512 rays) …
  -> Building H Matrix (512 rays, parallel)...
  [2/7] Building H for GN05 02:07 (486 rays) …
  -> Building H Matrix (486 rays, parallel)...
  [3/7] Building H for GN05 02:09 (361 rays) …
  -> Building H Matrix (361 rays, parallel)...
  [4/7] Building H for GN05 02:11 (394 rays) …
  -> Building H Matrix (394 rays, parallel)...
  [5/7] Building H for GN05 02:11 (547 rays) …
  -> Building H Matrix (547 rays, parallel)...
  [6/7] Building H for GN05 02:14 (221 rays) …
  -> Building H Matrix (221 rays, parallel)...
  [7/7] Building H for GN05 02:15 (189 rays) …
  -> Building H Matrix (189 rays, parallel)...
  Combined H shape : (2710, 6426)  (total rays = 2710)
  Running sequential KF assimilation …
  [step 1/7] Assimilating GN05 02:04 (512 rays) …
  [step 2/7] Assimilating GN05 02:07 (486 rays) …
  [step 3/7] Assimilating GN05 02:09 (361 rays) …
  [step 4/7] Assimilating GN05 02:11 (394 rays) …
  [step 5/7] Assimilating GN05 02:11 (547 rays) …
  [step 6/7] Assimilating GN05 02:14 (221 rays) …
  [step 7/7] Assimilating GN05 02:15 (189 rays) …
  Running joint (batch) KF assimilation …
  Prior RMSE        : 264.108 TECU
  Post  RMSE (seq)  : 132.387 TECU
  Post  RMSE (joint): 99.107 TECU
  -> Running Lei-Abel inversion...
    [Abel] GN05 02:04: NmF2=1.52e+12 m⁻³  hmF2=275.4 km
  -> Running Lei-Abel inversion...
    [Abel] GN05 02:07: NmF2=2.16e+12 m⁻³  hmF2=292.3 km
  -> Running Lei-Abel inversion...
    [Abel] GN05 02:09: NmF2=2.34e+12 m⁻³  hmF2=288.5 km
  -> Running Lei-Abel inversion...
    [Abel] GN05 02:11: NmF2=2.65e+12 m⁻³  hmF2=304.2 km
  -> Running Lei-Abel inversion...
    [Abel] GN05 02:11: NmF2=2.51e+12 m⁻³  hmF2=321.4 km
  -> Running Lei-Abel inversion...
    [Abel] GN05 02:14: NmF2=3.79e+11 m⁻³  hmF2=461.7 km
  -> Running Lei-Abel inversion...
    [Abel] GN05 02:15: NmF2=7.19e+11 m⁻³  hmF2=477.4 km
  Saved group plot (Sequential KF) → ./Figures/GroupKF/group_2024-10-10_0200__LAT+030_LON+120_seq.png
  Saved group plot (Joint KF) → ./Figures/GroupKF/group_2024-10-10_0200__LAT+030_LON+120_joint.png
  Saved sequential plot → ./Figures/GroupKF/group_2024-10-10_0200__LAT+030_LON+120_sequential.png
Plotting comparison 2024-10-10_0200__LAT+030_LON+120
  Saved comparison plot → ./Figures/GroupKF/group_2024-10-10_0200__LAT+030_LON+120_comparison.png

[56/494]
────────────────────────────────────────────────────────────
  Group : 2024-10-10_0200__LAT+000_LON+120
  Window: 2024-10-10_0200  |  Region: LAT+000_LON+120  |  8 occultation(s)
────────────────────────────────────────────────────────────
R15 is rising
E3 is rising
G14 is rising
Data Flipped: R20 is setting
Data Flipped: E27 is setting
Data Flipped: C40 is setting
Data Flipped: C35 is setting
Data Flipped: R11 is setting
  Parsed 8/8 files successfully.
  Bounding box: lat [-20.0, 52.0]  lon [112.0, 168.5]  |  vertices: 146
  Final group: 8 occultation(s), 146 mesh vertices
  Saved trim diagnostic → ./Figures/GroupKF/group_2024-10-10_0200__LAT+000_LON+120_trim.png
  [1/8] Building H for GN05 02:00 (374 rays) …
  -> Building H Matrix (374 rays, parallel)...
  [2/8] Building H for GN05 02:03 (596 rays) …
  -> Building H Matrix (596 rays, parallel)...
  [3/8] Building H for GN05 02:03 (473 rays) …
  -> Building H Matrix (473 rays, parallel)...
  [4/8] Building H for GN05 02:13 (398 rays) …
  -> Building H Matrix (398 rays, parallel)...
  [5/8] Building H for GN05 02:14 (325 rays) …
  -> Building H Matrix (325 rays, parallel)...
  [6/8] Building H for GN05 02:15 (257 rays) …
  -> Building H Matrix (257 rays, parallel)...
  [7/8] Building H for GN05 02:19 (635 rays) …
  -> Building H Matrix (635 rays, parallel)...
  [8/8] Building H for GN05 02:20 (323 rays) …
  -> Building H Matrix (323 rays, parallel)...
  Combined H shape : (3381, 7446)  (total rays = 3381)
  Running sequential KF assimilation …
  [step 1/8] Assimilating GN05 02:00 (374 rays) …
  [step 2/8] Assimilating GN05 02:03 (596 rays) …
  [step 3/8] Assimilating GN05 02:03 (473 rays) …
  [step 4/8] Assimilating GN05 02:13 (398 rays) …
  [step 5/8] Assimilating GN05 02:14 (325 rays) …
  [step 6/8] Assimilating GN05 02:15 (257 rays) …
  [step 7/8] Assimilating GN05 02:19 (635 rays) …
  [step 8/8] Assimilating GN05 02:20 (323 rays) …
  Running joint (batch) KF assimilation …
  Prior RMSE        : 275.442 TECU
  Post  RMSE (seq)  : 149.070 TECU
  Post  RMSE (joint): 77.488 TECU
  -> Running Lei-Abel inversion...
    [Abel] GN05 02:00: NmF2=2.56e+12 m⁻³  hmF2=305.4 km
  -> Running Lei-Abel inversion...
    [Abel] GN05 02:03: NmF2=3.39e+12 m⁻³  hmF2=395.5 km
  -> Running Lei-Abel inversion...
    [Abel] GN05 02:03: NmF2=3.10e+12 m⁻³  hmF2=395.3 km
  -> Running Lei-Abel inversion...
    [Abel] GN05 02:13: NmF2=2.72e+12 m⁻³  hmF2=317.7 km
  -> Running Lei-Abel inversion...
    [Abel] GN05 02:14: NmF2=2.78e+12 m⁻³  hmF2=314.6 km
  -> Running Lei-Abel inversion...
    [Abel] GN05 02:15: NmF2=2.00e+12 m⁻³  hmF2=342.5 km
  -> Running Lei-Abel inversion...
    [Abel] GN05 02:19: NmF2=2.78e+12 m⁻³  hmF2=433.3 km
  -> Running Lei-Abel inversion...
    [Abel] GN05 02:20: NmF2=2.20e+12 m⁻³  hmF2=419.5 km
  Saved group plot (Sequential KF) → ./Figures/GroupKF/group_2024-10-10_0200__LAT+000_LON+120_seq.png
  Saved group plot (Joint KF) → ./Figures/GroupKF/group_2024-10-10_0200__LAT+000_LON+120_joint.png
  Saved sequential plot → ./Figures/GroupKF/group_2024-10-10_0200__LAT+000_LON+120_sequential.png
Plotting comparison 2024-10-10_0200__LAT+000_LON+120
  Saved comparison plot → ./Figures/GroupKF/group_2024-10-10_0200__LAT+000_LON+120_comparison.png

[57/494]
────────────────────────────────────────────────────────────
  Group : 2024-10-10_0200__LAT-060_LON+060
  Window: 2024-10-10_0200  |  Region: LAT-060_LON+060  |  16 occultation(s)
────────────────────────────────────────────────────────────
Data Flipped: E4 is setting
Data Flipped: G31 is setting
Data Flipped: G26 is setting
Data Flipped: C23 is setting
Data Flipped: C32 is setting
Data Flipped: R12 is setting
Data Flipped: E6 is setting
Data Flipped: G3 is setting
Data Flipped: E36 is setting
C38 is rising
E26 is rising
R22 is rising
G18 is rising
G24 is rising
E29 is rising
Data Flipped: R2 is setting
  Parsed 16/16 files successfully.
  Bounding box: lat [-84.6, -7.7]  lon [21.8, 166.6]  |  vertices: 288
  Final group: 16 occultation(s), 288 mesh vertices
  Saved trim diagnostic → ./Figures/GroupKF/group_2024-10-10_0200__LAT-060_LON+060_trim.png
  [1/16] Building H for GN04 02:01 (382 rays) …
  -> Building H Matrix (382 rays, parallel)...
  [2/16] Building H for GN04 02:01 (387 rays) …
  -> Building H Matrix (387 rays, parallel)...
  [3/16] Building H for GN04 02:02 (644 rays) …
  -> Building H Matrix (644 rays, parallel)...
  [4/16] Building H for GN04 02:02 (449 rays) …
  -> Building H Matrix (449 rays, parallel)...
  [5/16] Building H for GN04 02:02 (410 rays) …
  -> Building H Matrix (410 rays, parallel)...
  [6/16] Building H for GN04 02:03 (457 rays) …
  -> Building H Matrix (457 rays, parallel)...
  [7/16] Building H for GN04 02:04 (366 rays) …
  -> Building H Matrix (366 rays, parallel)...
  [8/16] Building H for GN04 02:04 (411 rays) …
  -> Building H Matrix (411 rays, parallel)...
  [9/16] Building H for GN04 02:05 (483 rays) …
  -> Building H Matrix (483 rays, parallel)...
  [10/16] Building H for GN05 02:14 (420 rays) …
  -> Building H Matrix (420 rays, parallel)...
  [11/16] Building H for GN05 02:14 (508 rays) …
  -> Building H Matrix (508 rays, parallel)...
  [12/16] Building H for GN05 02:17 (586 rays) …
  -> Building H Matrix (586 rays, parallel)...
  [13/16] Building H for GN05 02:17 (490 rays) …
  -> Building H Matrix (490 rays, parallel)...
  [14/16] Building H for GN05 02:21 (367 rays) …
  -> Building H Matrix (367 rays, parallel)...
  [15/16] Building H for GN05 02:26 (556 rays) …
  -> Building H Matrix (556 rays, parallel)...
  [16/16] Building H for GN05 02:29 (445 rays) …
  -> Building H Matrix (445 rays, parallel)...
  Combined H shape : (7361, 14688)  (total rays = 7361)
  Running sequential KF assimilation …
  [step 1/16] Assimilating GN04 02:01 (382 rays) …
  [step 2/16] Assimilating GN04 02:01 (387 rays) …
  [step 3/16] Assimilating GN04 02:02 (644 rays) …
  [step 4/16] Assimilating GN04 02:02 (449 rays) …
  [step 5/16] Assimilating GN04 02:02 (410 rays) …
  [step 6/16] Assimilating GN04 02:03 (457 rays) …
  [step 7/16] Assimilating GN04 02:04 (366 rays) …
  [step 8/16] Assimilating GN04 02:04 (411 rays) …
  [step 9/16] Assimilating GN04 02:05 (483 rays) …
  [step 10/16] Assimilating GN05 02:14 (420 rays) …
  [step 11/16] Assimilating GN05 02:14 (508 rays) …
  [step 12/16] Assimilating GN05 02:17 (586 rays) …
  [step 13/16] Assimilating GN05 02:17 (490 rays) …
  [step 14/16] Assimilating GN05 02:21 (367 rays) …
  [step 15/16] Assimilating GN05 02:26 (556 rays) …
  [step 16/16] Assimilating GN05 02:29 (445 rays) …
  Running joint (batch) KF assimilation …
  Prior RMSE        : 107.862 TECU
  Post  RMSE (seq)  : 137.575 TECU
  Post  RMSE (joint): 40.469 TECU
  -> Running Lei-Abel inversion...
    [Abel] GN04 02:01: NmF2=9.82e+11 m⁻³  hmF2=282.8 km
  -> Running Lei-Abel inversion...
    [Abel] GN04 02:01: NmF2=9.92e+11 m⁻³  hmF2=279.2 km
  -> Running Lei-Abel inversion...
    [Abel] GN04 02:02: NmF2=1.33e+12 m⁻³  hmF2=283.9 km
  -> Running Lei-Abel inversion...
    [Abel] GN04 02:02: NmF2=1.17e+12 m⁻³  hmF2=272.6 km
  -> Running Lei-Abel inversion...
    [Abel] GN04 02:02: NmF2=7.64e+11 m⁻³  hmF2=273.9 km
  -> Running Lei-Abel inversion...
    [Abel] GN04 02:03: NmF2=8.56e+11 m⁻³  hmF2=254.9 km
  -> Running Lei-Abel inversion...
    [Abel] GN04 02:04: NmF2=4.57e+11 m⁻³  hmF2=327.2 km
  -> Running Lei-Abel inversion...
    [Abel] GN04 02:04: NmF2=4.62e+11 m⁻³  hmF2=337.0 km
  -> Running Lei-Abel inversion...
    [Abel] GN04 02:05: NmF2=4.28e+11 m⁻³  hmF2=345.6 km
  -> Running Lei-Abel inversion...
    [Abel] GN05 02:14: NmF2=7.39e+11 m⁻³  hmF2=293.3 km
  -> Running Lei-Abel inversion...
    [Abel] GN05 02:14: NmF2=8.16e+11 m⁻³  hmF2=299.6 km
  -> Running Lei-Abel inversion...
    [Abel] GN05 02:17: NmF2=6.66e+11 m⁻³  hmF2=318.1 km
  -> Running Lei-Abel inversion...
    [Abel] GN05 02:17: NmF2=5.02e+11 m⁻³  hmF2=388.6 km
  -> Running Lei-Abel inversion...
    [Abel] GN05 02:21: NmF2=4.74e+11 m⁻³  hmF2=331.7 km
  -> Running Lei-Abel inversion...
    [Abel] GN05 02:26: NmF2=6.84e+11 m⁻³  hmF2=376.3 km
  -> Running Lei-Abel inversion...
    [Abel] GN05 02:29: NmF2=1.34e+12 m⁻³  hmF2=297.3 km
  Saved group plot (Sequential KF) → ./Figures/GroupKF/group_2024-10-10_0200__LAT-060_LON+060_seq.png
  Saved group plot (Joint KF) → ./Figures/GroupKF/group_2024-10-10_0200__LAT-060_LON+060_joint.png
  Saved sequential plot → ./Figures/GroupKF/group_2024-10-10_0200__LAT-060_LON+060_sequential.png
Plotting comparison 2024-10-10_0200__LAT-060_LON+060
  Saved comparison plot → ./Figures/GroupKF/group_2024-10-10_0200__LAT-060_LON+060_comparison.png

[58/494]
────────────────────────────────────────────────────────────
  Group : 2024-10-10_0200__LAT-060_LON+120
  Window: 2024-10-10_0200  |  Region: LAT-060_LON+120  |  7 occultation(s)
────────────────────────────────────────────────────────────
Data Flipped: R3 is setting
Data Flipped: C20 is setting
Data Flipped: C19 is setting
No valid descending tangent points found. Skipping.
    [skip] podTc2_GN04.2024.284.02.13.0011.E21.01_0000.0001_nc — parse returned None
C22 is rising
C26 is rising
Data Flipped: R19 is setting
  Parsed 6/7 files successfully.
  Bounding box: lat [-80.4, 8.0]  lon [65.8, -173.4]  |  vertices: 312
  [trim] n_geo=312 > MAX_MESH_VERTICES=300 — dropping GN05 02:16 (93.1° from centroid)
  Bounding box: lat [-80.4, -5.7]  lon [65.8, 171.8]  |  vertices: 216
  Final group: 5 occultation(s), 216 mesh vertices
  Saved trim diagnostic → ./Figures/GroupKF/group_2024-10-10_0200__LAT-060_LON+120_trim.png
  [1/5] Building H for GN04 02:03 (422 rays) …
  -> Building H Matrix (422 rays, parallel)...
  [2/5] Building H for GN04 02:04 (432 rays) …
  -> Building H Matrix (432 rays, parallel)...
  [3/5] Building H for GN04 02:05 (845 rays) …
  -> Building H Matrix (845 rays, parallel)...
  [4/5] Building H for GN05 02:23 (415 rays) …
  -> Building H Matrix (415 rays, parallel)...
  [5/5] Building H for GN05 02:29 (619 rays) …
  -> Building H Matrix (619 rays, parallel)...
  Combined H shape : (2733, 11016)  (total rays = 2733)
  Running sequential KF assimilation …
  [step 1/5] Assimilating GN04 02:03 (422 rays) …
  [step 2/5] Assimilating GN04 02:04 (432 rays) …
  [step 3/5] Assimilating GN04 02:05 (845 rays) …
  [step 4/5] Assimilating GN05 02:23 (415 rays) …
  [step 5/5] Assimilating GN05 02:29 (619 rays) …
  Running joint (batch) KF assimilation …
  Prior RMSE        : 71.817 TECU
  Post  RMSE (seq)  : 115.875 TECU
  Post  RMSE (joint): 46.278 TECU
  -> Running Lei-Abel inversion...
    [Abel] GN04 02:03: NmF2=5.50e+11 m⁻³  hmF2=314.7 km
  -> Running Lei-Abel inversion...
    [Abel] GN04 02:04: NmF2=4.98e+11 m⁻³  hmF2=286.2 km
  -> Running Lei-Abel inversion...
    [Abel] GN04 02:05: NmF2=7.86e+11 m⁻³  hmF2=402.0 km
  -> Running Lei-Abel inversion...
    [Abel] GN05 02:23: NmF2=4.90e+11 m⁻³  hmF2=329.8 km
  -> Running Lei-Abel inversion...
    [Abel] GN05 02:29: NmF2=1.28e+12 m⁻³  hmF2=290.3 km
  Saved group plot (Sequential KF) → ./Figures/GroupKF/group_2024-10-10_0200__LAT-060_LON+120_seq.png
  Saved group plot (Joint KF) → ./Figures/GroupKF/group_2024-10-10_0200__LAT-060_LON+120_joint.png
  Saved sequential plot → ./Figures/GroupKF/group_2024-10-10_0200__LAT-060_LON+120_sequential.png
Plotting comparison 2024-10-10_0200__LAT-060_LON+120
  Saved comparison plot → ./Figures/GroupKF/group_2024-10-10_0200__LAT-060_LON+120_comparison.png

[59/494]
────────────────────────────────────────────────────────────
  Group : 2024-10-10_0200__POLAR_S
  Window: 2024-10-10_0200  |  Region: POLAR_S  |  22 occultation(s)
────────────────────────────────────────────────────────────
No valid descending tangent points found. Skipping.
    [skip] podTc2_GN04.2024.284.02.03.0021.E15.01_0000.0001_nc — parse returned None
No valid descending tangent points found. Skipping.
    [skip] podTc2_GN04.2024.284.02.04.0021.G29.01_0000.0001_nc — parse returned None
E30 is rising
No valid descending tangent points found. Skipping.
    [skip] podTc2_GN04.2024.284.02.07.0017.C24.01_0000.0001_nc — parse returned None
Data Flipped: E9 is setting
Data Flipped: G4 is setting
No valid descending tangent points found. Skipping.
    [skip] podTc2_GN04.2024.284.02.08.0017.G12.01_0000.0001_nc — parse returned None
Data Flipped: R4 is setting
Data Flipped: R18 is setting
G32 is rising
Data Flipped: G9 is setting
Data Flipped: C29 is setting
No valid descending tangent points found. Skipping.
    [skip] podTc2_GN04.2024.284.02.14.0010.E19.01_0000.0001_nc — parse returned None
Data Flipped: C37 is setting
Data Flipped: E11 is setting
Data Flipped: E5 is setting
Data Flipped: G17 is setting
G5 is rising
C43 is rising
C39 is rising
E13 is rising
R9 is rising
  Parsed 17/22 files successfully.
  [polar] Bounding box: lat [-90.0, -39.9]  lon [-180.0, 180.0]  |  vertices: 296
  Final group: 17 occultation(s), 296 mesh vertices
  Saved trim diagnostic → ./Figures/GroupKF/group_2024-10-10_0200__POLAR_S_trim.png
  [1/17] Building H for GN04 02:05 (354 rays) …
  -> Building H Matrix (354 rays, parallel)...
  [2/17] Building H for GN04 02:07 (381 rays) …
  -> Building H Matrix (381 rays, parallel)...
  [3/17] Building H for GN04 02:07 (375 rays) …
  -> Building H Matrix (375 rays, parallel)...
  [4/17] Building H for GN04 02:08 (692 rays) …
  -> Building H Matrix (692 rays, parallel)...
  [5/17] Building H for GN04 02:08 (541 rays) …
  -> Building H Matrix (541 rays, parallel)...
  [6/17] Building H for GN04 02:10 (198 rays) …
  -> Building H Matrix (198 rays, parallel)...
  [7/17] Building H for GN04 02:11 (442 rays) …
  -> Building H Matrix (442 rays, parallel)...
  [8/17] Building H for GN04 02:12 (470 rays) …
  -> Building H Matrix (470 rays, parallel)...
  [9/17] Building H for GN04 02:15 (431 rays) …
  -> Building H Matrix (431 rays, parallel)...
  [10/17] Building H for GN04 02:16 (434 rays) …
  -> Building H Matrix (434 rays, parallel)...
  [11/17] Building H for GN04 02:16 (494 rays) …
  -> Building H Matrix (494 rays, parallel)...
  [12/17] Building H for GN04 02:16 (498 rays) …
  -> Building H Matrix (498 rays, parallel)...
  [13/17] Building H for GN05 02:20 (741 rays) …
  -> Building H Matrix (741 rays, parallel)...
  [14/17] Building H for GN05 02:22 (682 rays) …
  -> Building H Matrix (682 rays, parallel)...
  [15/17] Building H for GN05 02:24 (384 rays) …
  -> Building H Matrix (384 rays, parallel)...
  [16/17] Building H for GN05 02:25 (452 rays) …
  -> Building H Matrix (452 rays, parallel)...
  [17/17] Building H for GN05 02:25 (431 rays) …
  -> Building H Matrix (431 rays, parallel)...
  Combined H shape : (8000, 15096)  (total rays = 8000)
  Running sequential KF assimilation …
  [step 1/17] Assimilating GN04 02:05 (354 rays) …
  [step 2/17] Assimilating GN04 02:07 (381 rays) …
  [step 3/17] Assimilating GN04 02:07 (375 rays) …
  [step 4/17] Assimilating GN04 02:08 (692 rays) …
  [step 5/17] Assimilating GN04 02:08 (541 rays) …
  [step 6/17] Assimilating GN04 02:10 (198 rays) …
  [step 7/17] Assimilating GN04 02:11 (442 rays) …
  [step 8/17] Assimilating GN04 02:12 (470 rays) …
  [step 9/17] Assimilating GN04 02:15 (431 rays) …
  [step 10/17] Assimilating GN04 02:16 (434 rays) …
  [step 11/17] Assimilating GN04 02:16 (494 rays) …
  [step 12/17] Assimilating GN04 02:16 (498 rays) …
  [step 13/17] Assimilating GN05 02:20 (741 rays) …
  [step 14/17] Assimilating GN05 02:22 (682 rays) …
  [step 15/17] Assimilating GN05 02:24 (384 rays) …
  [step 16/17] Assimilating GN05 02:25 (452 rays) …
  [step 17/17] Assimilating GN05 02:25 (431 rays) …
  Running joint (batch) KF assimilation …
  Prior RMSE        : 49.876 TECU
  Post  RMSE (seq)  : 46.333 TECU
  Post  RMSE (joint): 16.563 TECU
  -> Running Lei-Abel inversion...
    [Abel] GN04 02:05: NmF2=3.64e+11 m⁻³  hmF2=474.2 km
  -> Running Lei-Abel inversion...
    [Abel] GN04 02:07: NmF2=4.52e+11 m⁻³  hmF2=341.8 km
  -> Running Lei-Abel inversion...
    [Abel] GN04 02:07: NmF2=4.52e+11 m⁻³  hmF2=345.6 km
  -> Running Lei-Abel inversion...
    [Abel] GN04 02:08: NmF2=8.25e+11 m⁻³  hmF2=270.5 km
  -> Running Lei-Abel inversion...
    [Abel] GN04 02:08: NmF2=4.59e+11 m⁻³  hmF2=489.1 km
  -> Running Lei-Abel inversion...
    [Abel] GN04 02:10: NmF2=2.53e+11 m⁻³  hmF2=519.4 km
  -> Running Lei-Abel inversion...
    [Abel] GN04 02:11: NmF2=5.86e+11 m⁻³  hmF2=402.4 km
  -> Running Lei-Abel inversion...
    [Abel] GN04 02:12: NmF2=5.51e+11 m⁻³  hmF2=535.2 km
  -> Running Lei-Abel inversion...
    [Abel] GN04 02:15: NmF2=3.24e+11 m⁻³  hmF2=416.1 km
  -> Running Lei-Abel inversion...
    [Abel] GN04 02:16: NmF2=3.12e+11 m⁻³  hmF2=393.2 km
  -> Running Lei-Abel inversion...
    [Abel] GN04 02:16: NmF2=6.28e+11 m⁻³  hmF2=324.3 km
  -> Running Lei-Abel inversion...
    [Abel] GN04 02:16: NmF2=1.06e+12 m⁻³  hmF2=484.7 km
  -> Running Lei-Abel inversion...
    [Abel] GN05 02:20: NmF2=6.84e+11 m⁻³  hmF2=370.7 km
  -> Running Lei-Abel inversion...
    [Abel] GN05 02:22: NmF2=4.81e+11 m⁻³  hmF2=366.8 km
  -> Running Lei-Abel inversion...
    [Abel] GN05 02:24: NmF2=4.24e+11 m⁻³  hmF2=354.1 km
  -> Running Lei-Abel inversion...
    [Abel] GN05 02:25: NmF2=4.22e+11 m⁻³  hmF2=377.0 km
  -> Running Lei-Abel inversion...
    [Abel] GN05 02:25: NmF2=5.29e+11 m⁻³  hmF2=351.0 km
  Saved group plot (Sequential KF) → ./Figures/GroupKF/group_2024-10-10_0200__POLAR_S_seq.png
  Saved group plot (Joint KF) → ./Figures/GroupKF/group_2024-10-10_0200__POLAR_S_joint.png
  Saved sequential plot → ./Figures/GroupKF/group_2024-10-10_0200__POLAR_S_sequential.png
Plotting comparison 2024-10-10_0200__POLAR_S
  Saved comparison plot → ./Figures/GroupKF/group_2024-10-10_0200__POLAR_S_comparison.png

[60/494]
────────────────────────────────────────────────────────────
  Group : 2024-10-10_0200__LAT-060_LON-060
  Window: 2024-10-10_0200  |  Region: LAT-060_LON-060  |  6 occultation(s)
────────────────────────────────────────────────────────────
No valid descending tangent points found. Skipping.
    [skip] podTc2_GN04.2024.284.02.08.0017.C44.01_0000.0001_nc — parse returned None
No valid descending tangent points found. Skipping.
    [skip] podTc2_GN04.2024.284.02.08.0016.R20.01_0000.0001_nc — parse returned None
No valid descending tangent points found. Skipping.
    [skip] podTc2_GN04.2024.284.02.08.0016.C40.01_0000.0001_nc — parse returned None
No valid descending tangent points found. Skipping.
    [skip] podTc2_GN04.2024.284.02.09.0016.G11.01_0000.0001_nc — parse returned None
No valid descending tangent points found. Skipping.
    [skip] podTc2_GN04.2024.284.02.09.0016.E27.01_0000.0001_nc — parse returned None
No valid descending tangent points found. Skipping.
    [skip] podTc2_GN04.2024.284.02.10.0014.G25.01_0000.0001_nc — parse returned None

[61/494]
────────────────────────────────────────────────────────────
  Group : 2024-10-10_0200__LAT-030_LON+060
  Window: 2024-10-10_0200  |  Region: LAT-030_LON+060  |  9 occultation(s)
────────────────────────────────────────────────────────────
G23 is rising
R7 is rising
C42 is rising
E7 is rising
C33 is rising
Data Flipped: G28 is setting
R8 is rising
Data Flipped: R1 is setting
Data Flipped: G31 is setting
  Parsed 9/9 files successfully.
  Bounding box: lat [-75.4, 23.3]  lon [72.1, 129.3]  |  vertices: 179
  Final group: 9 occultation(s), 179 mesh vertices
  Saved trim diagnostic → ./Figures/GroupKF/group_2024-10-10_0200__LAT-030_LON+060_trim.png
  [1/9] Building H for GN05 02:08 (457 rays) …
  -> Building H Matrix (457 rays, parallel)...
  [2/9] Building H for GN05 02:10 (380 rays) …
  -> Building H Matrix (380 rays, parallel)...
  [3/9] Building H for GN05 02:11 (380 rays) …
  -> Building H Matrix (380 rays, parallel)...
  [4/9] Building H for GN05 02:14 (393 rays) …
  -> Building H Matrix (393 rays, parallel)...
  [5/9] Building H for GN05 02:19 (966 rays) …
  -> Building H Matrix (966 rays, parallel)...
  [6/9] Building H for GN05 02:21 (392 rays) …
  -> Building H Matrix (392 rays, parallel)...
  [7/9] Building H for GN05 02:21 (830 rays) …
  -> Building H Matrix (830 rays, parallel)...
  [8/9] Building H for GN05 02:26 (2302 rays) …
  -> Building H Matrix (2302 rays, parallel)...
  [9/9] Building H for GN05 02:29 (393 rays) …
  -> Building H Matrix (393 rays, parallel)...
  Combined H shape : (6493, 9129)  (total rays = 6493)
  Running sequential KF assimilation …
  [step 1/9] Assimilating GN05 02:08 (457 rays) …
  [step 2/9] Assimilating GN05 02:10 (380 rays) …
  [step 3/9] Assimilating GN05 02:11 (380 rays) …
  [step 4/9] Assimilating GN05 02:14 (393 rays) …
  [step 5/9] Assimilating GN05 02:19 (966 rays) …
  [step 6/9] Assimilating GN05 02:21 (392 rays) …
  [step 7/9] Assimilating GN05 02:21 (830 rays) …
  [step 8/9] Assimilating GN05 02:26 (2302 rays) …
  [step 9/9] Assimilating GN05 02:29 (393 rays) …
  Running joint (batch) KF assimilation …
  Prior RMSE        : 133.863 TECU
  Post  RMSE (seq)  : 85.437 TECU
  Post  RMSE (joint): 66.621 TECU
  -> Running Lei-Abel inversion...
    [Abel] GN05 02:08: NmF2=1.98e+12 m⁻³  hmF2=312.5 km
  -> Running Lei-Abel inversion...
    [Abel] GN05 02:10: NmF2=2.24e+12 m⁻³  hmF2=319.9 km
  -> Running Lei-Abel inversion...
    [Abel] GN05 02:11: NmF2=1.76e+12 m⁻³  hmF2=307.4 km
  -> Running Lei-Abel inversion...
    [Abel] GN05 02:14: NmF2=1.30e+12 m⁻³  hmF2=308.2 km
  -> Running Lei-Abel inversion...
    [Abel] GN05 02:19: NmF2=1.24e+12 m⁻³  hmF2=316.6 km
  -> Running Lei-Abel inversion...
    [Abel] GN05 02:21: NmF2=2.35e+12 m⁻³  hmF2=392.0 km
  -> Running Lei-Abel inversion...
    [Abel] GN05 02:21: NmF2=1.27e+12 m⁻³  hmF2=314.4 km
  -> Running Lei-Abel inversion...
    [Abel] GN05 02:26: NmF2=3.72e+14 m⁻³  hmF2=505.6 km
  -> Running Lei-Abel inversion...
    [Abel] GN05 02:29: NmF2=1.47e+12 m⁻³  hmF2=298.8 km
  Saved group plot (Sequential KF) → ./Figures/GroupKF/group_2024-10-10_0200__LAT-030_LON+060_seq.png
  Saved group plot (Joint KF) → ./Figures/GroupKF/group_2024-10-10_0200__LAT-030_LON+060_joint.png
  Saved sequential plot → ./Figures/GroupKF/group_2024-10-10_0200__LAT-030_LON+060_sequential.png
Plotting comparison 2024-10-10_0200__LAT-030_LON+060
  Saved comparison plot → ./Figures/GroupKF/group_2024-10-10_0200__LAT-030_LON+060_comparison.png

[62/494]
────────────────────────────────────────────────────────────
  Group : 2024-10-10_0200__LAT-030_LON+120
  Window: 2024-10-10_0200  |  Region: LAT-030_LON+120  |  10 occultation(s)
────────────────────────────────────────────────────────────
R5 is rising
E8 is rising
C21 is rising
G15 is rising
C45 is rising
R16 is rising
E2 is rising
No valid descending tangent points found. Skipping.
    [skip] podTc2_GN04.2024.284.02.15.0010.R11.01_0000.0001_nc — parse returned None
Data Flipped: E34 is setting
Data Flipped: G6 is setting
  Parsed 9/10 files successfully.
  Bounding box: lat [-48.5, 37.9]  lon [108.9, 169.3]  |  vertices: 189
  Final group: 9 occultation(s), 189 mesh vertices
  Saved trim diagnostic → ./Figures/GroupKF/group_2024-10-10_0200__LAT-030_LON+120_trim.png
  [1/9] Building H for GN05 02:08 (1058 rays) …
  -> Building H Matrix (1058 rays, parallel)...
  [2/9] Building H for GN05 02:08 (371 rays) …
  -> Building H Matrix (371 rays, parallel)...
  [3/9] Building H for GN05 02:10 (460 rays) …
  -> Building H Matrix (460 rays, parallel)...
  [4/9] Building H for GN05 02:11 (362 rays) …
  -> Building H Matrix (362 rays, parallel)...
  [5/9] Building H for GN05 02:11 (390 rays) …
  -> Building H Matrix (390 rays, parallel)...
  [6/9] Building H for GN05 02:12 (375 rays) …
  -> Building H Matrix (375 rays, parallel)...
  [7/9] Building H for GN05 02:13 (622 rays) …
  -> Building H Matrix (622 rays, parallel)...
  [8/9] Building H for GN05 02:21 (615 rays) …
  -> Building H Matrix (615 rays, parallel)...
  [9/9] Building H for GN05 02:25 (653 rays) …
  -> Building H Matrix (653 rays, parallel)...
  Combined H shape : (4906, 9639)  (total rays = 4906)
  Running sequential KF assimilation …
  [step 1/9] Assimilating GN05 02:08 (1058 rays) …
  [step 2/9] Assimilating GN05 02:08 (371 rays) …
  [step 3/9] Assimilating GN05 02:10 (460 rays) …
  [step 4/9] Assimilating GN05 02:11 (362 rays) …
  [step 5/9] Assimilating GN05 02:11 (390 rays) …
  [step 6/9] Assimilating GN05 02:12 (375 rays) …
  [step 7/9] Assimilating GN05 02:13 (622 rays) …
  [step 8/9] Assimilating GN05 02:21 (615 rays) …
  [step 9/9] Assimilating GN05 02:25 (653 rays) …
  Running joint (batch) KF assimilation …
  Prior RMSE        : 203.277 TECU
  Post  RMSE (seq)  : 167.375 TECU
  Post  RMSE (joint): 73.790 TECU
  -> Running Lei-Abel inversion...
    [Abel] GN05 02:08: NmF2=3.74e+12 m⁻³  hmF2=475.4 km
  -> Running Lei-Abel inversion...
    [Abel] GN05 02:08: NmF2=2.62e+12 m⁻³  hmF2=342.8 km
  -> Running Lei-Abel inversion...
    [Abel] GN05 02:10: NmF2=1.77e+12 m⁻³  hmF2=319.4 km
  -> Running Lei-Abel inversion...
    [Abel] GN05 02:11: NmF2=1.98e+12 m⁻³  hmF2=317.6 km
  -> Running Lei-Abel inversion...
    [Abel] GN05 02:11: NmF2=2.62e+12 m⁻³  hmF2=338.6 km
  -> Running Lei-Abel inversion...
    [Abel] GN05 02:12: NmF2=2.60e+12 m⁻³  hmF2=334.0 km
  -> Running Lei-Abel inversion...
    [Abel] GN05 02:13: NmF2=1.96e+12 m⁻³  hmF2=334.2 km
  -> Running Lei-Abel inversion...
    [Abel] GN05 02:21: NmF2=2.89e+12 m⁻³  hmF2=355.3 km
  -> Running Lei-Abel inversion...
    [Abel] GN05 02:25: NmF2=2.00e+12 m⁻³  hmF2=315.6 km
  Saved group plot (Sequential KF) → ./Figures/GroupKF/group_2024-10-10_0200__LAT-030_LON+120_seq.png
  Saved group plot (Joint KF) → ./Figures/GroupKF/group_2024-10-10_0200__LAT-030_LON+120_joint.png
  Saved sequential plot → ./Figures/GroupKF/group_2024-10-10_0200__LAT-030_LON+120_sequential.png
Plotting comparison 2024-10-10_0200__LAT-030_LON+120
  Saved comparison plot → ./Figures/GroupKF/group_2024-10-10_0200__LAT-030_LON+120_comparison.png

[63/494]
────────────────────────────────────────────────────────────
  Group : 2024-10-10_0200__LAT-030_LON-180
  Window: 2024-10-10_0200  |  Region: LAT-030_LON-180  |  1 occultation(s)
────────────────────────────────────────────────────────────
No valid descending tangent points found. Skipping.
    [skip] podTc2_GN04.2024.284.02.14.0011.C25.01_0000.0001_nc — parse returned None

[64/494]
────────────────────────────────────────────────────────────
  Group : 2024-10-10_0200__LAT+000_LON+060
  Window: 2024-10-10_0200  |  Region: LAT+000_LON+060  |  5 occultation(s)
────────────────────────────────────────────────────────────
No valid descending tangent points found. Skipping.
    [skip] podTc2_GN05.2024.284.02.14.0010.G05.00_0000.0001_nc — parse returned None
G10 is rising
Data Flipped: C25 is setting
Data Flipped: E21 is setting
Data Flipped: E19 is setting
  Parsed 4/5 files successfully.
  Bounding box: lat [-15.6, 48.3]  lon [84.6, 135.2]  |  vertices: 119
  Final group: 4 occultation(s), 119 mesh vertices
  Saved trim diagnostic → ./Figures/GroupKF/group_2024-10-10_0200__LAT+000_LON+060_trim.png
  [1/4] Building H for GN05 02:14 (981 rays) …
  -> Building H Matrix (981 rays, parallel)...
  [2/4] Building H for GN05 02:19 (384 rays) …
  -> Building H Matrix (384 rays, parallel)...
  [3/4] Building H for GN05 02:19 (350 rays) …
  -> Building H Matrix (350 rays, parallel)...
  [4/4] Building H for GN05 02:25 (158 rays) …
  -> Building H Matrix (158 rays, parallel)...
  Combined H shape : (1873, 6069)  (total rays = 1873)
  Running sequential KF assimilation …
  [step 1/4] Assimilating GN05 02:14 (981 rays) …
  [step 2/4] Assimilating GN05 02:19 (384 rays) …
  [step 3/4] Assimilating GN05 02:19 (350 rays) …
  [step 4/4] Assimilating GN05 02:25 (158 rays) …
  Running joint (batch) KF assimilation …
  Prior RMSE        : 277.997 TECU
  Post  RMSE (seq)  : 98.570 TECU
  Post  RMSE (joint): 81.293 TECU
  -> Running Lei-Abel inversion...
    [Abel] GN05 02:14: NmF2=3.22e+12 m⁻³  hmF2=389.8 km
  -> Running Lei-Abel inversion...
    [Abel] GN05 02:19: NmF2=2.14e+12 m⁻³  hmF2=423.6 km
  -> Running Lei-Abel inversion...
    [Abel] GN05 02:19: NmF2=2.15e+12 m⁻³  hmF2=418.7 km
  -> Running Lei-Abel inversion...
    [Abel] GN05 02:25: NmF2=1.06e+12 m⁻³  hmF2=558.1 km
  Saved group plot (Sequential KF) → ./Figures/GroupKF/group_2024-10-10_0200__LAT+000_LON+060_seq.png
  Saved group plot (Joint KF) → ./Figures/GroupKF/group_2024-10-10_0200__LAT+000_LON+060_joint.png
  Saved sequential plot → ./Figures/GroupKF/group_2024-10-10_0200__LAT+000_LON+060_sequential.png
Plotting comparison 2024-10-10_0200__LAT+000_LON+060
  Saved comparison plot → ./Figures/GroupKF/group_2024-10-10_0200__LAT+000_LON+060_comparison.png

[65/494]
────────────────────────────────────────────────────────────
  Group : 2024-10-10_0200__LAT+030_LON+060
  Window: 2024-10-10_0200  |  Region: LAT+030_LON+060  |  1 occultation(s)
────────────────────────────────────────────────────────────
Data Flipped: G32 is setting
  Parsed 1/1 files successfully.
  Bounding box: lat [9.8, 48.6]  lon [89.3, 138.8]  |  vertices: 66
  Final group: 1 occultation(s), 66 mesh vertices
  Saved trim diagnostic → ./Figures/GroupKF/group_2024-10-10_0200__LAT+030_LON+060_trim.png
  [1/1] Building H for GN05 02:14 (589 rays) …
  -> Building H Matrix (589 rays, parallel)...
  Combined H shape : (589, 3366)  (total rays = 589)
  Running sequential KF assimilation …
  [step 1/1] Assimilating GN05 02:14 (589 rays) …
  Running joint (batch) KF assimilation …
  Prior RMSE        : 85.132 TECU
  Post  RMSE (seq)  : 116.441 TECU
  Post  RMSE (joint): 7.966 TECU
  -> Running Lei-Abel inversion...
    [Abel] GN05 02:14: NmF2=1.70e+12 m⁻³  hmF2=279.8 km
  Saved group plot (Sequential KF) → ./Figures/GroupKF/group_2024-10-10_0200__LAT+030_LON+060_seq.png
  Saved group plot (Joint KF) → ./Figures/GroupKF/group_2024-10-10_0200__LAT+030_LON+060_joint.png
  Saved sequential plot → ./Figures/GroupKF/group_2024-10-10_0200__LAT+030_LON+060_sequential.png
Plotting comparison 2024-10-10_0200__LAT+030_LON+060
  Saved comparison plot → ./Figures/GroupKF/group_2024-10-10_0200__LAT+030_LON+060_comparison.png

[66/494]
────────────────────────────────────────────────────────────
  Group : 2024-10-10_0200__LAT-060_LON-120
  Window: 2024-10-10_0200  |  Region: LAT-060_LON-120  |  1 occultation(s)
────────────────────────────────────────────────────────────
No valid descending tangent points found. Skipping.
    [skip] podTc2_GN04.2024.284.02.16.0008.G28.01_0000.0001_nc — parse returned None

[67/494]
────────────────────────────────────────────────────────────
  Group : 2024-10-10_0230__LAT-060_LON+060
  Window: 2024-10-10_0230  |  Region: LAT-060_LON+060  |  8 occultation(s)
────────────────────────────────────────────────────────────
Data Flipped: E4 is setting
Data Flipped: C23 is setting
Data Flipped: R12 is setting
Data Flipped: E6 is setting
Data Flipped: G4 is setting
Data Flipped: E9 is setting
Data Flipped: G3 is setting
Data Flipped: C32 is setting
  Parsed 8/8 files successfully.
  Bounding box: lat [-81.2, -8.8]  lon [47.1, 142.9]  |  vertices: 184
  Final group: 8 occultation(s), 184 mesh vertices
  Saved trim diagnostic → ./Figures/GroupKF/group_2024-10-10_0230__LAT-060_LON+060_trim.png
  [1/8] Building H for GN05 02:30 (409 rays) …
  -> Building H Matrix (409 rays, parallel)...
  [2/8] Building H for GN05 02:30 (426 rays) …
  -> Building H Matrix (426 rays, parallel)...
  [3/8] Building H for GN05 02:31 (418 rays) …
  -> Building H Matrix (418 rays, parallel)...
  [4/8] Building H for GN05 02:33 (385 rays) …
  -> Building H Matrix (385 rays, parallel)...
  [5/8] Building H for GN05 02:35 (387 rays) …
  -> Building H Matrix (387 rays, parallel)...
  [6/8] Building H for GN05 02:35 (394 rays) …
  -> Building H Matrix (394 rays, parallel)...
  [7/8] Building H for GN05 02:36 (445 rays) …
  -> Building H Matrix (445 rays, parallel)...
  [8/8] Building H for GN05 02:36 (239 rays) …
  -> Building H Matrix (239 rays, parallel)...
  Combined H shape : (3103, 9384)  (total rays = 3103)
  Running sequential KF assimilation …
  [step 1/8] Assimilating GN05 02:30 (409 rays) …
  [step 2/8] Assimilating GN05 02:30 (426 rays) …
  [step 3/8] Assimilating GN05 02:31 (418 rays) …
  [step 4/8] Assimilating GN05 02:33 (385 rays) …
  [step 5/8] Assimilating GN05 02:35 (387 rays) …
  [step 6/8] Assimilating GN05 02:35 (394 rays) …
  [step 7/8] Assimilating GN05 02:36 (445 rays) …
  [step 8/8] Assimilating GN05 02:36 (239 rays) …
  Running joint (batch) KF assimilation …
  Prior RMSE        : 100.161 TECU
  Post  RMSE (seq)  : 92.106 TECU
  Post  RMSE (joint): 52.178 TECU
  -> Running Lei-Abel inversion...
    [Abel] GN05 02:30: NmF2=1.25e+12 m⁻³  hmF2=297.9 km
  -> Running Lei-Abel inversion...
    [Abel] GN05 02:30: NmF2=1.52e+12 m⁻³  hmF2=292.0 km
  -> Running Lei-Abel inversion...
    [Abel] GN05 02:31: NmF2=1.26e+12 m⁻³  hmF2=290.4 km
  -> Running Lei-Abel inversion...
    [Abel] GN05 02:33: NmF2=5.48e+11 m⁻³  hmF2=299.7 km
  -> Running Lei-Abel inversion...
    [Abel] GN05 02:35: NmF2=4.94e+11 m⁻³  hmF2=341.2 km
  -> Running Lei-Abel inversion...
    [Abel] GN05 02:35: NmF2=4.72e+11 m⁻³  hmF2=349.3 km
  -> Running Lei-Abel inversion...
    [Abel] GN05 02:36: NmF2=4.35e+11 m⁻³  hmF2=357.1 km
  -> Running Lei-Abel inversion...
    [Abel] GN05 02:36: NmF2=3.81e+11 m⁻³  hmF2=445.2 km
  Saved group plot (Sequential KF) → ./Figures/GroupKF/group_2024-10-10_0230__LAT-060_LON+060_seq.png
  Saved group plot (Joint KF) → ./Figures/GroupKF/group_2024-10-10_0230__LAT-060_LON+060_joint.png
  Saved sequential plot → ./Figures/GroupKF/group_2024-10-10_0230__LAT-060_LON+060_sequential.png
Plotting comparison 2024-10-10_0230__LAT-060_LON+060
  Saved comparison plot → ./Figures/GroupKF/group_2024-10-10_0230__LAT-060_LON+060_comparison.png

[68/494]
────────────────────────────────────────────────────────────
  Group : 2024-10-10_0230__POLAR_S
  Window: 2024-10-10_0230  |  Region: POLAR_S  |  16 occultation(s)
────────────────────────────────────────────────────────────
R21 is rising
E30 is rising
C34 is rising
C24 is rising
G12 is rising
E27 is rising
Data Flipped: G9 is setting
G32 is rising
Data Flipped: E36 is setting
Data Flipped: E5 is setting
Data Flipped: C37 is setting
Data Flipped: R18 is setting
Data Flipped: C29 is setting
Data Flipped: E31 is setting
Data not high enough. Skipping.
    [skip] podTc2_GN05.2024.284.02.49.0008.C22.01_0000.0001_nc — parse returned None
Data Flipped: E11 is setting
  Parsed 15/16 files successfully.
  [polar] Bounding box: lat [-90.0, -39.9]  lon [-180.0, 180.0]  |  vertices: 296
  Final group: 15 occultation(s), 296 mesh vertices
  Saved trim diagnostic → ./Figures/GroupKF/group_2024-10-10_0230__POLAR_S_trim.png
  [1/15] Building H for GN05 02:30 (465 rays) …
  -> Building H Matrix (465 rays, parallel)...
  [2/15] Building H for GN05 02:30 (633 rays) …
  -> Building H Matrix (633 rays, parallel)...
  [3/15] Building H for GN05 02:31 (452 rays) …
  -> Building H Matrix (452 rays, parallel)...
  [4/15] Building H for GN05 02:35 (379 rays) …
  -> Building H Matrix (379 rays, parallel)...
  [5/15] Building H for GN05 02:35 (480 rays) …
  -> Building H Matrix (480 rays, parallel)...
  [6/15] Building H for GN05 02:37 (428 rays) …
  -> Building H Matrix (428 rays, parallel)...
  [7/15] Building H for GN05 02:38 (462 rays) …
  -> Building H Matrix (462 rays, parallel)...
  [8/15] Building H for GN05 02:38 (736 rays) …
  -> Building H Matrix (736 rays, parallel)...
  [9/15] Building H for GN05 02:38 (504 rays) …
  -> Building H Matrix (504 rays, parallel)...
  [10/15] Building H for GN05 02:42 (547 rays) …
  -> Building H Matrix (547 rays, parallel)...
  [11/15] Building H for GN05 02:42 (420 rays) …
  -> Building H Matrix (420 rays, parallel)...
  [12/15] Building H for GN05 02:43 (576 rays) …
  -> Building H Matrix (576 rays, parallel)...
  [13/15] Building H for GN05 02:44 (634 rays) …
  -> Building H Matrix (634 rays, parallel)...
  [14/15] Building H for GN05 02:46 (628 rays) …
  -> Building H Matrix (628 rays, parallel)...
  [15/15] Building H for GN05 02:49 (444 rays) …
  -> Building H Matrix (444 rays, parallel)...
  Combined H shape : (7788, 15096)  (total rays = 7788)
  Running sequential KF assimilation …
  [step 1/15] Assimilating GN05 02:30 (465 rays) …
  [step 2/15] Assimilating GN05 02:30 (633 rays) …
  [step 3/15] Assimilating GN05 02:31 (452 rays) …
  [step 4/15] Assimilating GN05 02:35 (379 rays) …
  [step 5/15] Assimilating GN05 02:35 (480 rays) …
  [step 6/15] Assimilating GN05 02:37 (428 rays) …
  [step 7/15] Assimilating GN05 02:38 (462 rays) …
  [step 8/15] Assimilating GN05 02:38 (736 rays) …
  [step 9/15] Assimilating GN05 02:38 (504 rays) …
  [step 10/15] Assimilating GN05 02:42 (547 rays) …
  [step 11/15] Assimilating GN05 02:42 (420 rays) …
  [step 12/15] Assimilating GN05 02:43 (576 rays) …
  [step 13/15] Assimilating GN05 02:44 (634 rays) …
  [step 14/15] Assimilating GN05 02:46 (628 rays) …
  [step 15/15] Assimilating GN05 02:49 (444 rays) …
  Running joint (batch) KF assimilation …
  Prior RMSE        : 38.868 TECU
  Post  RMSE (seq)  : 52.946 TECU
  Post  RMSE (joint): 13.859 TECU
  -> Running Lei-Abel inversion...
    [Abel] GN05 02:30: NmF2=2.56e+11 m⁻³  hmF2=404.2 km
  -> Running Lei-Abel inversion...
    [Abel] GN05 02:30: NmF2=5.93e+11 m⁻³  hmF2=376.0 km
  -> Running Lei-Abel inversion...
    [Abel] GN05 02:31: NmF2=2.54e+11 m⁻³  hmF2=440.3 km
  -> Running Lei-Abel inversion...
    [Abel] GN05 02:35: NmF2=4.31e+11 m⁻³  hmF2=379.6 km
  -> Running Lei-Abel inversion...
    [Abel] GN05 02:35: NmF2=4.22e+11 m⁻³  hmF2=374.5 km
  -> Running Lei-Abel inversion...
    [Abel] GN05 02:37: NmF2=6.13e+11 m⁻³  hmF2=401.8 km
  -> Running Lei-Abel inversion...
    [Abel] GN05 02:38: NmF2=5.11e+11 m⁻³  hmF2=353.6 km
  -> Running Lei-Abel inversion...
    [Abel] GN05 02:38: NmF2=3.21e+11 m⁻³  hmF2=515.4 km
  -> Running Lei-Abel inversion...
    [Abel] GN05 02:38: NmF2=5.02e+11 m⁻³  hmF2=407.8 km
  -> Running Lei-Abel inversion...
    [Abel] GN05 02:42: NmF2=4.77e+11 m⁻³  hmF2=333.1 km
  -> Running Lei-Abel inversion...
    [Abel] GN05 02:42: NmF2=3.69e+11 m⁻³  hmF2=373.5 km
  -> Running Lei-Abel inversion...
    [Abel] GN05 02:43: NmF2=5.76e+11 m⁻³  hmF2=371.3 km
  -> Running Lei-Abel inversion...
    [Abel] GN05 02:44: NmF2=6.33e+11 m⁻³  hmF2=411.5 km
  -> Running Lei-Abel inversion...
    [Abel] GN05 02:46: NmF2=2.85e+11 m⁻³  hmF2=426.4 km
  -> Running Lei-Abel inversion...
    [Abel] GN05 02:49: NmF2=2.64e+11 m⁻³  hmF2=432.3 km
  Saved group plot (Sequential KF) → ./Figures/GroupKF/group_2024-10-10_0230__POLAR_S_seq.png
  Saved group plot (Joint KF) → ./Figures/GroupKF/group_2024-10-10_0230__POLAR_S_joint.png
  Saved sequential plot → ./Figures/GroupKF/group_2024-10-10_0230__POLAR_S_sequential.png
Plotting comparison 2024-10-10_0230__POLAR_S
  Saved comparison plot → ./Figures/GroupKF/group_2024-10-10_0230__POLAR_S_comparison.png

[69/494]
────────────────────────────────────────────────────────────
  Group : 2024-10-10_0230__LAT-060_LON+120
  Window: 2024-10-10_0230  |  Region: LAT-060_LON+120  |  4 occultation(s)
────────────────────────────────────────────────────────────
Data Flipped: C19 is setting
Data Flipped: R3 is setting
Data Flipped: R4 is setting
Data Flipped: C20 is setting
  Parsed 4/4 files successfully.
  Bounding box: lat [-70.1, -13.0]  lon [102.1, 172.6]  |  vertices: 116
  Final group: 4 occultation(s), 116 mesh vertices
  Saved trim diagnostic → ./Figures/GroupKF/group_2024-10-10_0230__LAT-060_LON+120_trim.png
  [1/4] Building H for GN05 02:31 (760 rays) …
  -> Building H Matrix (760 rays, parallel)...
  [2/4] Building H for GN05 02:31 (419 rays) …
  -> Building H Matrix (419 rays, parallel)...
  [3/4] Building H for GN05 02:32 (715 rays) …
  -> Building H Matrix (715 rays, parallel)...
  [4/4] Building H for GN05 02:33 (431 rays) …
  -> Building H Matrix (431 rays, parallel)...
  Combined H shape : (2325, 5916)  (total rays = 2325)
  Running sequential KF assimilation …
  [step 1/4] Assimilating GN05 02:31 (760 rays) …
  [step 2/4] Assimilating GN05 02:31 (419 rays) …
  [step 3/4] Assimilating GN05 02:32 (715 rays) …
  [step 4/4] Assimilating GN05 02:33 (431 rays) …
  Running joint (batch) KF assimilation …
  Prior RMSE        : 100.442 TECU
  Post  RMSE (seq)  : 68.876 TECU
  Post  RMSE (joint): 34.976 TECU
  -> Running Lei-Abel inversion...
    [Abel] GN05 02:31: NmF2=1.44e+12 m⁻³  hmF2=278.8 km
  -> Running Lei-Abel inversion...
    [Abel] GN05 02:31: NmF2=7.79e+11 m⁻³  hmF2=294.5 km
  -> Running Lei-Abel inversion...
    [Abel] GN05 02:32: NmF2=7.30e+11 m⁻³  hmF2=260.8 km
  -> Running Lei-Abel inversion...
    [Abel] GN05 02:33: NmF2=5.89e+11 m⁻³  hmF2=302.1 km
  Saved group plot (Sequential KF) → ./Figures/GroupKF/group_2024-10-10_0230__LAT-060_LON+120_seq.png
  Saved group plot (Joint KF) → ./Figures/GroupKF/group_2024-10-10_0230__LAT-060_LON+120_joint.png
  Saved sequential plot → ./Figures/GroupKF/group_2024-10-10_0230__LAT-060_LON+120_sequential.png
Plotting comparison 2024-10-10_0230__LAT-060_LON+120
  Saved comparison plot → ./Figures/GroupKF/group_2024-10-10_0230__LAT-060_LON+120_comparison.png

[70/494]
────────────────────────────────────────────────────────────
  Group : 2024-10-10_0230__LAT-030_LON-060
  Window: 2024-10-10_0230  |  Region: LAT-030_LON-060  |  3 occultation(s)
────────────────────────────────────────────────────────────
Data Flipped: C41 is setting
G31 is rising
G26 is rising
  Parsed 3/3 files successfully.
  Bounding box: lat [-74.9, 4.8]  lon [40.5, -40.4]  |  vertices: 672
  [trim] n_geo=672 > MAX_MESH_VERTICES=300 — dropping GN05 02:31 (94.2° from centroid)
  Bounding box: lat [-32.8, 4.8]  lon [-72.7, -40.4]  |  vertices: 46
  Final group: 2 occultation(s), 46 mesh vertices
  Saved trim diagnostic → ./Figures/GroupKF/group_2024-10-10_0230__LAT-030_LON-060_trim.png
  [1/2] Building H for GN05 02:52 (302 rays) …
  -> Building H Matrix (302 rays, parallel)...
  [2/2] Building H for GN05 02:54 (335 rays) …
  -> Building H Matrix (335 rays, parallel)...
  Combined H shape : (637, 2346)  (total rays = 637)
  Running sequential KF assimilation …
  [step 1/2] Assimilating GN05 02:52 (302 rays) …
  [step 2/2] Assimilating GN05 02:54 (335 rays) …
  Running joint (batch) KF assimilation …
  Prior RMSE        : 225.600 TECU
  Post  RMSE (seq)  : 1033.743 TECU
  Post  RMSE (joint): 75.628 TECU
  -> Running Lei-Abel inversion...
    [Abel] GN05 02:52: NmF2=2.57e+12 m⁻³  hmF2=294.9 km
  -> Running Lei-Abel inversion...
    [Abel] GN05 02:54: NmF2=1.35e+12 m⁻³  hmF2=342.0 km
  Saved group plot (Sequential KF) → ./Figures/GroupKF/group_2024-10-10_0230__LAT-030_LON-060_seq.png
  Saved group plot (Joint KF) → ./Figures/GroupKF/group_2024-10-10_0230__LAT-030_LON-060_joint.png
  Saved sequential plot → ./Figures/GroupKF/group_2024-10-10_0230__LAT-030_LON-060_sequential.png
Plotting comparison 2024-10-10_0230__LAT-030_LON-060
  Saved comparison plot → ./Figures/GroupKF/group_2024-10-10_0230__LAT-030_LON-060_comparison.png

[71/494]
────────────────────────────────────────────────────────────
  Group : 2024-10-10_0230__LAT-030_LON+060
  Window: 2024-10-10_0230  |  Region: LAT-030_LON+060  |  1 occultation(s)
────────────────────────────────────────────────────────────
Data Flipped: G26 is setting
  Parsed 1/1 files successfully.
  Bounding box: lat [-46.5, -13.5]  lon [72.7, 122.4]  |  vertices: 56
  Final group: 1 occultation(s), 56 mesh vertices
  Saved trim diagnostic → ./Figures/GroupKF/group_2024-10-10_0230__LAT-030_LON+060_trim.png
  [1/1] Building H for GN05 02:31 (489 rays) …
  -> Building H Matrix (489 rays, parallel)...
  Combined H shape : (489, 2856)  (total rays = 489)
  Running sequential KF assimilation …
  [step 1/1] Assimilating GN05 02:31 (489 rays) …
  Running joint (batch) KF assimilation …
  Prior RMSE        : 65.701 TECU
  Post  RMSE (seq)  : 42.551 TECU
  Post  RMSE (joint): 3.965 TECU
  -> Running Lei-Abel inversion...
    [Abel] GN05 02:31: NmF2=1.68e+12 m⁻³  hmF2=292.4 km
  Saved group plot (Sequential KF) → ./Figures/GroupKF/group_2024-10-10_0230__LAT-030_LON+060_seq.png
  Saved group plot (Joint KF) → ./Figures/GroupKF/group_2024-10-10_0230__LAT-030_LON+060_joint.png
  Saved sequential plot → ./Figures/GroupKF/group_2024-10-10_0230__LAT-030_LON+060_sequential.png
Plotting comparison 2024-10-10_0230__LAT-030_LON+060
  Saved comparison plot → ./Figures/GroupKF/group_2024-10-10_0230__LAT-030_LON+060_comparison.png

[72/494]
────────────────────────────────────────────────────────────
  Group : 2024-10-10_0230__LAT-060_LON-120
  Window: 2024-10-10_0230  |  Region: LAT-060_LON-120  |  6 occultation(s)
────────────────────────────────────────────────────────────
E15 is rising
C44 is rising
C40 is rising
R20 is rising
Data Flipped: G17 is setting
Data Flipped: C30 is setting
  Parsed 6/6 files successfully.
  Bounding box: lat [-81.3, -10.7]  lon [-112.6, 7.6]  |  vertices: 219
  Final group: 6 occultation(s), 219 mesh vertices
  Saved trim diagnostic → ./Figures/GroupKF/group_2024-10-10_0230__LAT-060_LON-120_trim.png
  [1/6] Building H for GN05 02:36 (560 rays) …
  -> Building H Matrix (560 rays, parallel)...
  [2/6] Building H for GN05 02:39 (513 rays) …
  -> Building H Matrix (513 rays, parallel)...
  [3/6] Building H for GN05 02:39 (406 rays) …
  -> Building H Matrix (406 rays, parallel)...
  [4/6] Building H for GN05 02:41 (368 rays) …
  -> Building H Matrix (368 rays, parallel)...
  [5/6] Building H for GN05 02:52 (738 rays) …
  -> Building H Matrix (738 rays, parallel)...
  [6/6] Building H for GN05 02:56 (442 rays) …
  -> Building H Matrix (442 rays, parallel)...
  Combined H shape : (3027, 11169)  (total rays = 3027)
  Running sequential KF assimilation …
  [step 1/6] Assimilating GN05 02:36 (560 rays) …
  [step 2/6] Assimilating GN05 02:39 (513 rays) …
  [step 3/6] Assimilating GN05 02:39 (406 rays) …
  [step 4/6] Assimilating GN05 02:41 (368 rays) …
  [step 5/6] Assimilating GN05 02:52 (738 rays) …
  [step 6/6] Assimilating GN05 02:56 (442 rays) …
  Running joint (batch) KF assimilation …
  Prior RMSE        : 204.024 TECU
  Post  RMSE (seq)  : 191.339 TECU
  Post  RMSE (joint): 77.685 TECU
  -> Running Lei-Abel inversion...
    [Abel] GN05 02:36: NmF2=9.11e+11 m⁻³  hmF2=374.4 km
  -> Running Lei-Abel inversion...
    [Abel] GN05 02:39: NmF2=1.27e+12 m⁻³  hmF2=340.2 km
  -> Running Lei-Abel inversion...
    [Abel] GN05 02:39: NmF2=8.11e+11 m⁻³  hmF2=362.4 km
  -> Running Lei-Abel inversion...
    [Abel] GN05 02:41: NmF2=3.30e+12 m⁻³  hmF2=358.7 km
  -> Running Lei-Abel inversion...
    [Abel] GN05 02:52: NmF2=8.08e+11 m⁻³  hmF2=384.5 km
  -> Running Lei-Abel inversion...
    [Abel] GN05 02:56: NmF2=9.12e+11 m⁻³  hmF2=359.2 km
  Saved group plot (Sequential KF) → ./Figures/GroupKF/group_2024-10-10_0230__LAT-060_LON-120_seq.png
  Saved group plot (Joint KF) → ./Figures/GroupKF/group_2024-10-10_0230__LAT-060_LON-120_joint.png
  Saved sequential plot → ./Figures/GroupKF/group_2024-10-10_0230__LAT-060_LON-120_sequential.png
Plotting comparison 2024-10-10_0230__LAT-060_LON-120
  Saved comparison plot → ./Figures/GroupKF/group_2024-10-10_0230__LAT-060_LON-120_comparison.png

[73/494]
────────────────────────────────────────────────────────────
  Group : 2024-10-10_0230__LAT-060_LON-060
  Window: 2024-10-10_0230  |  Region: LAT-060_LON-060  |  11 occultation(s)
────────────────────────────────────────────────────────────
G29 is rising
C25 is rising
R11 is rising
E21 is rising
G28 is rising
E19 is rising
Data Flipped: G7 is setting
Data Flipped: E10 is setting
Data Flipped: R14 is setting
Data Flipped: R17 is setting
Data Flipped: E24 is setting
  Parsed 11/11 files successfully.
  Bounding box: lat [-81.3, -13.0]  lon [-71.1, -2.7]  |  vertices: 121
  Final group: 11 occultation(s), 121 mesh vertices
  Saved trim diagnostic → ./Figures/GroupKF/group_2024-10-10_0230__LAT-060_LON-060_trim.png
  [1/11] Building H for GN05 02:37 (432 rays) …
  -> Building H Matrix (432 rays, parallel)...
  [2/11] Building H for GN05 02:42 (377 rays) …
  -> Building H Matrix (377 rays, parallel)...
  [3/11] Building H for GN05 02:42 (367 rays) …
  -> Building H Matrix (367 rays, parallel)...
  [4/11] Building H for GN05 02:43 (389 rays) …
  -> Building H Matrix (389 rays, parallel)...
  [5/11] Building H for GN05 02:44 (396 rays) …
  -> Building H Matrix (396 rays, parallel)...
  [6/11] Building H for GN05 02:48 (687 rays) …
  -> Building H Matrix (687 rays, parallel)...
  [7/11] Building H for GN05 02:53 (369 rays) …
  -> Building H Matrix (369 rays, parallel)...
  [8/11] Building H for GN05 02:54 (486 rays) …
  -> Building H Matrix (486 rays, parallel)...
  [9/11] Building H for GN05 02:55 (392 rays) …
  -> Building H Matrix (392 rays, parallel)...
  [10/11] Building H for GN05 02:57 (379 rays) …
  -> Building H Matrix (379 rays, parallel)...
  [11/11] Building H for GN05 02:58 (429 rays) …
  -> Building H Matrix (429 rays, parallel)...
  Combined H shape : (4703, 6171)  (total rays = 4703)
  Running sequential KF assimilation …
  [step 1/11] Assimilating GN05 02:37 (432 rays) …
  [step 2/11] Assimilating GN05 02:42 (377 rays) …
  [step 3/11] Assimilating GN05 02:42 (367 rays) …
  [step 4/11] Assimilating GN05 02:43 (389 rays) …
  [step 5/11] Assimilating GN05 02:44 (396 rays) …
  [step 6/11] Assimilating GN05 02:48 (687 rays) …
  [step 7/11] Assimilating GN05 02:53 (369 rays) …
  [step 8/11] Assimilating GN05 02:54 (486 rays) …
  [step 9/11] Assimilating GN05 02:55 (392 rays) …
  [step 10/11] Assimilating GN05 02:57 (379 rays) …
  [step 11/11] Assimilating GN05 02:58 (429 rays) …
  Running joint (batch) KF assimilation …
  Prior RMSE        : 65.577 TECU
  Post  RMSE (seq)  : 82.983 TECU
  Post  RMSE (joint): 25.518 TECU
  -> Running Lei-Abel inversion...
    [Abel] GN05 02:37: NmF2=4.08e+11 m⁻³  hmF2=433.8 km
  -> Running Lei-Abel inversion...
    [Abel] GN05 02:42: NmF2=4.51e+11 m⁻³  hmF2=415.3 km
  -> Running Lei-Abel inversion...
    [Abel] GN05 02:42: NmF2=5.73e+11 m⁻³  hmF2=400.8 km
  -> Running Lei-Abel inversion...
    [Abel] GN05 02:43: NmF2=8.56e+11 m⁻³  hmF2=350.7 km
  -> Running Lei-Abel inversion...
    [Abel] GN05 02:44: NmF2=4.51e+11 m⁻³  hmF2=403.6 km
  -> Running Lei-Abel inversion...
    [Abel] GN05 02:48: NmF2=3.08e+11 m⁻³  hmF2=434.5 km
  -> Running Lei-Abel inversion...
    [Abel] GN05 02:53: NmF2=4.68e+11 m⁻³  hmF2=416.8 km
  -> Running Lei-Abel inversion...
    [Abel] GN05 02:54: NmF2=4.29e+11 m⁻³  hmF2=417.4 km
  -> Running Lei-Abel inversion...
    [Abel] GN05 02:55: NmF2=3.97e+11 m⁻³  hmF2=425.8 km
  -> Running Lei-Abel inversion...
    [Abel] GN05 02:57: NmF2=7.63e+11 m⁻³  hmF2=374.3 km
  -> Running Lei-Abel inversion...
    [Abel] GN05 02:58: NmF2=6.15e+11 m⁻³  hmF2=374.4 km
  Saved group plot (Sequential KF) → ./Figures/GroupKF/group_2024-10-10_0230__LAT-060_LON-060_seq.png
  Saved group plot (Joint KF) → ./Figures/GroupKF/group_2024-10-10_0230__LAT-060_LON-060_joint.png
  Saved sequential plot → ./Figures/GroupKF/group_2024-10-10_0230__LAT-060_LON-060_sequential.png
Plotting comparison 2024-10-10_0230__LAT-060_LON-060
  Saved comparison plot → ./Figures/GroupKF/group_2024-10-10_0230__LAT-060_LON-060_comparison.png

[74/494]
────────────────────────────────────────────────────────────
  Group : 2024-10-10_0230__LAT-030_LON-120
  Window: 2024-10-10_0230  |  Region: LAT-030_LON-120  |  3 occultation(s)
────────────────────────────────────────────────────────────
G11 is rising
C23 is rising
R12 is rising
  Parsed 3/3 files successfully.
  Bounding box: lat [-38.2, 8.1]  lon [-83.6, -46.8]  |  vertices: 64
  Final group: 3 occultation(s), 64 mesh vertices
  Saved trim diagnostic → ./Figures/GroupKF/group_2024-10-10_0230__LAT-030_LON-120_trim.png
  [1/3] Building H for GN05 02:43 (282 rays) …
  -> Building H Matrix (282 rays, parallel)...
  [2/3] Building H for GN05 02:53 (259 rays) …
  -> Building H Matrix (259 rays, parallel)...
  [3/3] Building H for GN05 02:53 (304 rays) …
  -> Building H Matrix (304 rays, parallel)...
  Combined H shape : (845, 3264)  (total rays = 845)
  Running sequential KF assimilation …
  [step 1/3] Assimilating GN05 02:43 (282 rays) …
  [step 2/3] Assimilating GN05 02:53 (259 rays) …
  [step 3/3] Assimilating GN05 02:53 (304 rays) …
  Running joint (batch) KF assimilation …
  Prior RMSE        : 216.093 TECU
  Post  RMSE (seq)  : 905.283 TECU
  Post  RMSE (joint): 76.133 TECU
  -> Running Lei-Abel inversion...
    [Abel] GN05 02:43: NmF2=2.65e+12 m⁻³  hmF2=479.7 km
  -> Running Lei-Abel inversion...
    [Abel] GN05 02:53: NmF2=1.40e+12 m⁻³  hmF2=356.4 km
  -> Running Lei-Abel inversion...
    [Abel] GN05 02:53: NmF2=2.39e+12 m⁻³  hmF2=279.9 km
  Saved group plot (Sequential KF) → ./Figures/GroupKF/group_2024-10-10_0230__LAT-030_LON-120_seq.png
  Saved group plot (Joint KF) → ./Figures/GroupKF/group_2024-10-10_0230__LAT-030_LON-120_joint.png
  Saved sequential plot → ./Figures/GroupKF/group_2024-10-10_0230__LAT-030_LON-120_sequential.png
Plotting comparison 2024-10-10_0230__LAT-030_LON-120
  Saved comparison plot → ./Figures/GroupKF/group_2024-10-10_0230__LAT-030_LON-120_comparison.png

[75/494]
────────────────────────────────────────────────────────────
  Group : 2024-10-10_0230__LAT+000_LON-120
  Window: 2024-10-10_0230  |  Region: LAT+000_LON-120  |  8 occultation(s)
────────────────────────────────────────────────────────────
C35 is rising
E34 is rising
E4 is rising
R2 is rising
R3 is rising
E6 is rising
C20 is rising
G4 is rising
  Parsed 8/8 files successfully.
  Bounding box: lat [-13.1, 47.2]  lon [-90.8, -46.2]  |  vertices: 99
  Final group: 8 occultation(s), 99 mesh vertices
  Saved trim diagnostic → ./Figures/GroupKF/group_2024-10-10_0230__LAT+000_LON-120_trim.png
  [1/8] Building H for GN05 02:53 (358 rays) …
  -> Building H Matrix (358 rays, parallel)...
  [2/8] Building H for GN05 02:54 (227 rays) …
  -> Building H Matrix (227 rays, parallel)...
  [3/8] Building H for GN05 02:55 (305 rays) …
  -> Building H Matrix (305 rays, parallel)...
  [4/8] Building H for GN05 02:55 (301 rays) …
  -> Building H Matrix (301 rays, parallel)...
  [5/8] Building H for GN05 02:56 (320 rays) …
  -> Building H Matrix (320 rays, parallel)...
  [6/8] Building H for GN05 02:57 (310 rays) …
  -> Building H Matrix (310 rays, parallel)...
  [7/8] Building H for GN05 02:58 (400 rays) …
  -> Building H Matrix (400 rays, parallel)...
  [8/8] Building H for GN05 02:59 (381 rays) …
  -> Building H Matrix (381 rays, parallel)...
  Combined H shape : (2602, 5049)  (total rays = 2602)
  Running sequential KF assimilation …
  [step 1/8] Assimilating GN05 02:53 (358 rays) …
  [step 2/8] Assimilating GN05 02:54 (227 rays) …
  [step 3/8] Assimilating GN05 02:55 (305 rays) …
  [step 4/8] Assimilating GN05 02:55 (301 rays) …
  [step 5/8] Assimilating GN05 02:56 (320 rays) …
  [step 6/8] Assimilating GN05 02:57 (310 rays) …
  [step 7/8] Assimilating GN05 02:58 (400 rays) …
  [step 8/8] Assimilating GN05 02:59 (381 rays) …
  Running joint (batch) KF assimilation …
  Prior RMSE        : 222.931 TECU
  Post  RMSE (seq)  : 850.918 TECU
  Post  RMSE (joint): 114.432 TECU
  -> Running Lei-Abel inversion...
    [Abel] GN05 02:53: NmF2=1.53e+12 m⁻³  hmF2=527.2 km
  -> Running Lei-Abel inversion...
    [Abel] GN05 02:54: NmF2=8.50e+11 m⁻³  hmF2=494.9 km
  -> Running Lei-Abel inversion...
    [Abel] GN05 02:55: NmF2=2.78e+12 m⁻³  hmF2=322.6 km
  -> Running Lei-Abel inversion...
    [Abel] GN05 02:55: NmF2=2.11e+12 m⁻³  hmF2=412.5 km
  -> Running Lei-Abel inversion...
    [Abel] GN05 02:56: NmF2=2.82e+12 m⁻³  hmF2=352.4 km
  -> Running Lei-Abel inversion...
    [Abel] GN05 02:57: NmF2=2.77e+12 m⁻³  hmF2=347.6 km
  -> Running Lei-Abel inversion...
    [Abel] GN05 02:58: NmF2=1.62e+12 m⁻³  hmF2=324.7 km
  -> Running Lei-Abel inversion...
    [Abel] GN05 02:59: NmF2=2.38e+12 m⁻³  hmF2=336.5 km
  Saved group plot (Sequential KF) → ./Figures/GroupKF/group_2024-10-10_0230__LAT+000_LON-120_seq.png
  Saved group plot (Joint KF) → ./Figures/GroupKF/group_2024-10-10_0230__LAT+000_LON-120_joint.png
  Saved sequential plot → ./Figures/GroupKF/group_2024-10-10_0230__LAT+000_LON-120_sequential.png
Plotting comparison 2024-10-10_0230__LAT+000_LON-120
  Saved comparison plot → ./Figures/GroupKF/group_2024-10-10_0230__LAT+000_LON-120_comparison.png

[76/494]
────────────────────────────────────────────────────────────
  Group : 2024-10-10_0230__LAT+030_LON-120
  Window: 2024-10-10_0230  |  Region: LAT+030_LON-120  |  1 occultation(s)
────────────────────────────────────────────────────────────
G6 is rising
  Parsed 1/1 files successfully.
  Bounding box: lat [9.8, 62.2]  lon [-100.8, -73.6]  |  vertices: 45
  Final group: 1 occultation(s), 45 mesh vertices
  Saved trim diagnostic → ./Figures/GroupKF/group_2024-10-10_0230__LAT+030_LON-120_trim.png
  [1/1] Building H for GN05 02:58 (565 rays) …
  -> Building H Matrix (565 rays, parallel)...
  Combined H shape : (565, 2295)  (total rays = 565)
  Running sequential KF assimilation …
  [step 1/1] Assimilating GN05 02:58 (565 rays) …
  Running joint (batch) KF assimilation …
  Prior RMSE        : 116.694 TECU
  Post  RMSE (seq)  : 57.627 TECU
  Post  RMSE (joint): 10.658 TECU
  -> Running Lei-Abel inversion...
    [Abel] GN05 02:58: NmF2=4.01e+11 m⁻³  hmF2=347.8 km
  Saved group plot (Sequential KF) → ./Figures/GroupKF/group_2024-10-10_0230__LAT+030_LON-120_seq.png
  Saved group plot (Joint KF) → ./Figures/GroupKF/group_2024-10-10_0230__LAT+030_LON-120_joint.png
  Saved sequential plot → ./Figures/GroupKF/group_2024-10-10_0230__LAT+030_LON-120_sequential.png
Plotting comparison 2024-10-10_0230__LAT+030_LON-120
  Saved comparison plot → ./Figures/GroupKF/group_2024-10-10_0230__LAT+030_LON-120_comparison.png

[77/494]
────────────────────────────────────────────────────────────
  Group : 2024-10-10_0300__LAT+000_LON-120
  Window: 2024-10-10_0300  |  Region: LAT+000_LON-120  |  10 occultation(s)
────────────────────────────────────────────────────────────
E9 is rising
C32 is rising
R4 is rising
C19 is rising
G9 is rising
Data Flipped: R16 is setting
Data Flipped: E2 is setting
Data Flipped: C45 is setting
Data Flipped: E8 is setting
C22 is rising
  Parsed 10/10 files successfully.
  Bounding box: lat [-5.7, 85.3]  lon [-169.9, -37.6]  |  vertices: 332
  [trim] n_geo=332 > MAX_MESH_VERTICES=300 — dropping GN05 03:20 (60.8° from centroid)
  Bounding box: lat [-5.7, 49.5]  lon [-98.9, -37.6]  |  vertices: 121
  Final group: 9 occultation(s), 121 mesh vertices
  Saved trim diagnostic → ./Figures/GroupKF/group_2024-10-10_0300__LAT+000_LON-120_trim.png
  [1/9] Building H for GN05 03:00 (379 rays) …
  -> Building H Matrix (379 rays, parallel)...
