nohup: ignoring input
/home/austinhunter/IonosphereTomography
============================================================
N_OCC sweep
  dates      : ['2026.043 (late_winter_spring)', '2025.172 (summer_solstice)', '2025.265 (autumn_equinox)', '2025.352 (winter_solstice)']
  N_OCC grid : [10, 20, 30, 40, 50, 60, 70, 80, 90, 100]
  modes      : ('ro_only', 'ro_igs', 'igs_only')
  output CSV : ./Data/occ_sweep_results.csv
============================================================

######################################################################
#  2026.043 (late_winter_spring)  —  /home/austinhunter/Downloads/PlanetiQ_Code/BC_Processing/podTc2/2026.043/
######################################################################
  Qualifying arcs: 2651 across 24 60-min bins (before ROI gate)
    Window 2026-02-12_0100: 17 arcs  [C:8  E:5  G:4]
    Window 2026-02-12_0200: 24 arcs  [C:6  E:8  G:10]
  Retained 2 windows (41 total arcs); dropped 5 (no ROI arcs) + 17 (< 16 arcs).

------------------------------------------------------------------
  Window 1/2: 2026-02-12_0100 (17 arcs)
------------------------------------------------------------------
  Building IRI grid  (156 pts, 5.0°)…
  [cache write] iri_2026_043_0100_5.0deg_lat38.4_88.0_lon-177.6_179.4.npz
  Building IRI truth grid [1-deg truth (sweep)]  (3880 pts, 03:00 UTC, F10.7+15) …
  Arc 1/17: 8 C34  142 epochs  TEC 23.8–112.3 TECU
  Arc 2/17: 8 E7  194 epochs  TEC 11.7–37.4 TECU
  Arc 3/17: 8 G28  188 epochs  TEC 22.7–119.4 TECU
  Arc 4/17: 8 C40  139 epochs  TEC 23.0–73.7 TECU
  Arc 5/17: 8 E4  178 epochs  TEC 16.2–74.7 TECU
  Arc 6/17: 8 G18  186 epochs  TEC 14.6–63.6 TECU
  Arc 7/17: 8 C26  176 epochs  TEC 27.2–90.4 TECU
  Arc 8/17: 8 E33  191 epochs  TEC 12.0–45.4 TECU
  Arc 9/17: 8 G30  199 epochs  TEC 15.4–48.2 TECU
  Arc 10/17: 8 C24  136 epochs  TEC 11.7–61.4 TECU
  Arc 11/17: 8 E4  178 epochs  TEC 16.2–74.7 TECU
  Arc 12/17: 8 G30  199 epochs  TEC 15.4–48.2 TECU
  Arc 13/17: 8 C19  161 epochs  TEC 14.3–104.0 TECU
  Arc 14/17: 8 E33  191 epochs  TEC 12.0–45.4 TECU
  Arc 15/17: 8 C19  161 epochs  TEC 14.3–104.0 TECU
  Arc 16/17: 8 C37  157 epochs  TEC 12.0–32.9 TECU
  Arc 17/17: 8 C30  195 epochs  TEC 11.8–47.4 TECU
  [IGS-sim] Resolved 9 station(s): ['TRO1', 'WUTH', 'NYA1', 'KIR0', 'SOD3', 'ALRT', 'SCOR', 'HOFN', 'REYK']
  [IGS-sim] Broadcast ephemeris: BRDC00IGS_R_20260430000_01D_MN.rnx
  [IGS-sim] 612/1971 (station, SV) pairs visible above 20° across 60-min window.
  IGS-sim arc 1/612: TRO1 TRO1_C06  8 rays  TEC 4.4–4.9 TECU
  IGS-sim arc 2/612: TRO1 TRO1_C09  8 rays  TEC 3.9–4.1 TECU
  IGS-sim arc 3/612: TRO1 TRO1_C16  8 rays  TEC 4.7–5.5 TECU
  IGS-sim arc 4/612: TRO1 TRO1_C20  8 rays  TEC 4.4–7.5 TECU
  IGS-sim arc 5/612: TRO1 TRO1_C23  7 rays  TEC 4.1–5.3 TECU
  IGS-sim arc 6/612: TRO1 TRO1_C25  8 rays  TEC 4.3–4.7 TECU
  IGS-sim arc 7/612: TRO1 TRO1_C29  5 rays  TEC 6.6–7.9 TECU
  IGS-sim arc 8/612: TRO1 TRO1_C32  8 rays  TEC 3.3–3.4 TECU
  IGS-sim arc 9/612: TRO1 TRO1_C35  7 rays  TEC 7.7–9.3 TECU
  IGS-sim arc 10/612: TRO1 TRO1_C39  8 rays  TEC 5.5–6.5 TECU
  IGS-sim arc 11/612: TRO1 TRO1_C41  5 rays  TEC 4.5–5.6 TECU
  IGS-sim arc 12/612: TRO1 TRO1_C47  2 rays  TEC 6.8–7.3 TECU
  IGS-sim arc 13/612: TRO1 TRO1_C48  3 rays  TEC 6.6–7.9 TECU
  IGS-sim arc 14/612: TRO1 TRO1_E02  2 rays  TEC 8.6–9.5 TECU
  IGS-sim arc 15/612: TRO1 TRO1_E02_1  2 rays  TEC 8.6–9.5 TECU
  IGS-sim arc 16/612: TRO1 TRO1_E02_2  2 rays  TEC 8.6–9.5 TECU
  IGS-sim arc 17/612: TRO1 TRO1_E02_3  2 rays  TEC 8.6–9.5 TECU
  IGS-sim arc 18/612: TRO1 TRO1_E07  2 rays  TEC 6.2–6.6 TECU
  IGS-sim arc 19/612: TRO1 TRO1_E07_1  2 rays  TEC 6.2–6.6 TECU
  IGS-sim arc 20/612: TRO1 TRO1_E07_2  2 rays  TEC 6.2–6.6 TECU
  IGS-sim arc 21/612: TRO1 TRO1_E07_3  2 rays  TEC 6.2–6.6 TECU
  IGS-sim arc 22/612: TRO1 TRO1_E10  8 rays  TEC 4.5–4.7 TECU
  IGS-sim arc 23/612: TRO1 TRO1_E10_1  8 rays  TEC 4.5–4.7 TECU
  IGS-sim arc 24/612: TRO1 TRO1_E10_2  8 rays  TEC 4.5–4.7 TECU
  IGS-sim arc 25/612: TRO1 TRO1_E10_3  8 rays  TEC 4.5–4.7 TECU
  IGS-sim arc 26/612: TRO1 TRO1_E11  8 rays  TEC 5.4–7.6 TECU
  IGS-sim arc 27/612: TRO1 TRO1_E11_1  8 rays  TEC 5.4–7.6 TECU
  IGS-sim arc 28/612: TRO1 TRO1_E11_2  8 rays  TEC 5.4–7.6 TECU
  IGS-sim arc 29/612: TRO1 TRO1_E11_3  8 rays  TEC 5.4–7.6 TECU
  IGS-sim arc 30/612: TRO1 TRO1_E12  8 rays  TEC 4.2–5.0 TECU
  IGS-sim arc 31/612: TRO1 TRO1_E12_1  8 rays  TEC 4.2–5.0 TECU
  IGS-sim arc 32/612: TRO1 TRO1_E12_2  8 rays  TEC 4.2–5.0 TECU
  IGS-sim arc 33/612: TRO1 TRO1_E12_3  8 rays  TEC 4.2–5.0 TECU
  IGS-sim arc 34/612: TRO1 TRO1_E19  8 rays  TEC 3.4–4.3 TECU
  IGS-sim arc 35/612: TRO1 TRO1_E19_1  8 rays  TEC 3.4–4.3 TECU
  IGS-sim arc 36/612: TRO1 TRO1_E19_2  8 rays  TEC 3.4–4.3 TECU
  IGS-sim arc 37/612: TRO1 TRO1_E19_3  8 rays  TEC 3.4–4.3 TECU
  IGS-sim arc 38/612: TRO1 TRO1_E27  3 rays  TEC 5.5–6.0 TECU
  IGS-sim arc 39/612: TRO1 TRO1_E27_1  3 rays  TEC 5.5–6.0 TECU
  IGS-sim arc 40/612: TRO1 TRO1_E27_2  3 rays  TEC 5.5–6.0 TECU
  IGS-sim arc 41/612: TRO1 TRO1_E27_3  3 rays  TEC 5.5–6.0 TECU
  IGS-sim arc 42/612: TRO1 TRO1_E29  8 rays  TEC 3.3–3.8 TECU
  IGS-sim arc 43/612: TRO1 TRO1_E29_1  8 rays  TEC 3.3–3.8 TECU
  IGS-sim arc 44/612: TRO1 TRO1_E29_2  8 rays  TEC 3.3–3.8 TECU
  IGS-sim arc 45/612: TRO1 TRO1_E29_3  8 rays  TEC 3.3–3.8 TECU
  IGS-sim arc 46/612: TRO1 TRO1_E30  8 rays  TEC 5.8–6.2 TECU
  IGS-sim arc 47/612: TRO1 TRO1_E30_1  8 rays  TEC 5.8–6.2 TECU
  IGS-sim arc 48/612: TRO1 TRO1_E30_2  8 rays  TEC 5.8–6.2 TECU
  IGS-sim arc 49/612: TRO1 TRO1_E30_3  8 rays  TEC 5.8–6.2 TECU
  IGS-sim arc 50/612: TRO1 TRO1_G04  8 rays  TEC 3.7–5.6 TECU
  IGS-sim arc 51/612: TRO1 TRO1_G05  3 rays  TEC 7.1–8.8 TECU
  IGS-sim arc 52/612: TRO1 TRO1_G06  4 rays  TEC 5.0–6.2 TECU
  IGS-sim arc 53/612: TRO1 TRO1_G07  8 rays  TEC 3.8–5.7 TECU
  IGS-sim arc 54/612: TRO1 TRO1_G09  8 rays  TEC 3.3–3.7 TECU
  IGS-sim arc 55/612: TRO1 TRO1_G11  8 rays  TEC 4.8–5.6 TECU
  IGS-sim arc 56/612: TRO1 TRO1_G16  8 rays  TEC 5.5–6.3 TECU
  IGS-sim arc 57/612: TRO1 TRO1_G21  8 rays  TEC 4.4–7.0 TECU
  IGS-sim arc 58/612: TRO1 TRO1_G26  7 rays  TEC 6.3–8.5 TECU
  IGS-sim arc 59/612: TRO1 TRO1_G29  7 rays  TEC 8.7–9.3 TECU
  IGS-sim arc 60/612: TRO1 TRO1_R06  4 rays  TEC 4.6–5.8 TECU
  IGS-sim arc 61/612: TRO1 TRO1_R07  8 rays  TEC 3.3–3.4 TECU
  IGS-sim arc 62/612: TRO1 TRO1_R08  8 rays  TEC 4.1–7.3 TECU
  IGS-sim arc 63/612: TRO1 TRO1_R09  6 rays  TEC 4.1–5.5 TECU
  IGS-sim arc 64/612: TRO1 TRO1_R15  4 rays  TEC 6.2–8.3 TECU
  IGS-sim arc 65/612: TRO1 TRO1_R16  8 rays  TEC 4.0–4.5 TECU
  IGS-sim arc 66/612: TRO1 TRO1_R23  8 rays  TEC 4.6–7.4 TECU
  IGS-sim arc 67/612: TRO1 TRO1_R24  8 rays  TEC 5.5–8.4 TECU
  IGS-sim arc 68/612: TRO1 TRO1_R26  8 rays  TEC 3.6–5.8 TECU
  IGS-sim arc 69/612: TRO1 TRO1_R27  7 rays  TEC 3.8–5.6 TECU
  IGS-sim arc 70/612: WUTH WUTH_C06  8 rays  TEC 6.5–7.2 TECU
  IGS-sim arc 71/612: WUTH WUTH_C09  8 rays  TEC 5.9–6.1 TECU
  IGS-sim arc 72/612: WUTH WUTH_C16  8 rays  TEC 6.8–7.7 TECU
  IGS-sim arc 73/612: WUTH WUTH_C20  8 rays  TEC 6.5–10.0 TECU
  IGS-sim arc 74/612: WUTH WUTH_C23  5 rays  TEC 6.4–7.2 TECU
  IGS-sim arc 75/612: WUTH WUTH_C24  4 rays  TEC 10.9–14.1 TECU
  IGS-sim arc 76/612: WUTH WUTH_C25  8 rays  TEC 6.5–6.9 TECU
  IGS-sim arc 77/612: WUTH WUTH_C29  5 rays  TEC 8.7–10.7 TECU
  IGS-sim arc 78/612: WUTH WUTH_C32  8 rays  TEC 5.0–5.4 TECU
  IGS-sim arc 79/612: WUTH WUTH_C35  8 rays  TEC 9.5–11.7 TECU
  IGS-sim arc 80/612: WUTH WUTH_C39  8 rays  TEC 7.6–9.2 TECU
  IGS-sim arc 81/612: WUTH WUTH_C41  4 rays  TEC 6.9–8.1 TECU
  IGS-sim arc 82/612: WUTH WUTH_C47  2 rays  TEC 9.6–10.1 TECU
  IGS-sim arc 83/612: WUTH WUTH_C48  4 rays  TEC 8.9–11.3 TECU
  IGS-sim arc 84/612: WUTH WUTH_E02  6 rays  TEC 10.7–15.1 TECU
  IGS-sim arc 85/612: WUTH WUTH_E02_1  6 rays  TEC 10.7–15.1 TECU
  IGS-sim arc 86/612: WUTH WUTH_E02_2  6 rays  TEC 10.7–15.1 TECU
  IGS-sim arc 87/612: WUTH WUTH_E02_3  6 rays  TEC 10.7–15.1 TECU
  IGS-sim arc 88/612: WUTH WUTH_E07  2 rays  TEC 9.3–9.9 TECU
  IGS-sim arc 89/612: WUTH WUTH_E07_1  2 rays  TEC 9.3–9.9 TECU
  IGS-sim arc 90/612: WUTH WUTH_E07_2  2 rays  TEC 9.3–9.9 TECU
  IGS-sim arc 91/612: WUTH WUTH_E07_3  2 rays  TEC 9.3–9.9 TECU
  IGS-sim arc 92/612: WUTH WUTH_E10  8 rays  TEC 6.4–6.7 TECU
  IGS-sim arc 93/612: WUTH WUTH_E10_1  8 rays  TEC 6.4–6.7 TECU
  IGS-sim arc 94/612: WUTH WUTH_E10_2  8 rays  TEC 6.4–6.7 TECU
  IGS-sim arc 95/612: WUTH WUTH_E10_3  8 rays  TEC 6.4–6.7 TECU
  IGS-sim arc 96/612: WUTH WUTH_E11  8 rays  TEC 7.1–9.3 TECU
  IGS-sim arc 97/612: WUTH WUTH_E11_1  8 rays  TEC 7.1–9.3 TECU
  IGS-sim arc 98/612: WUTH WUTH_E11_2  8 rays  TEC 7.1–9.3 TECU
  IGS-sim arc 99/612: WUTH WUTH_E11_3  8 rays  TEC 7.1–9.3 TECU
  IGS-sim arc 100/612: WUTH WUTH_E12  8 rays  TEC 6.1–7.5 TECU
  IGS-sim arc 101/612: WUTH WUTH_E12_1  8 rays  TEC 6.1–7.5 TECU
  IGS-sim arc 102/612: WUTH WUTH_E12_2  8 rays  TEC 6.1–7.5 TECU
  IGS-sim arc 103/612: WUTH WUTH_E12_3  8 rays  TEC 6.1–7.5 TECU
  IGS-sim arc 104/612: WUTH WUTH_E18  2 rays  TEC 12.4–13.1 TECU
  IGS-sim arc 105/612: WUTH WUTH_E18_1  2 rays  TEC 12.4–13.1 TECU
  IGS-sim arc 106/612: WUTH WUTH_E18_2  2 rays  TEC 12.4–13.1 TECU
  IGS-sim arc 107/612: WUTH WUTH_E18_3  2 rays  TEC 12.4–13.1 TECU
  IGS-sim arc 108/612: WUTH WUTH_E19  8 rays  TEC 5.3–6.6 TECU
  IGS-sim arc 109/612: WUTH WUTH_E19_1  8 rays  TEC 5.3–6.6 TECU
  IGS-sim arc 110/612: WUTH WUTH_E19_2  8 rays  TEC 5.3–6.6 TECU
  IGS-sim arc 111/612: WUTH WUTH_E19_3  8 rays  TEC 5.3–6.6 TECU
  IGS-sim arc 112/612: WUTH WUTH_E27  2 rays  TEC 8.4–8.7 TECU
  IGS-sim arc 113/612: WUTH WUTH_E27_1  2 rays  TEC 8.4–8.7 TECU
  IGS-sim arc 114/612: WUTH WUTH_E27_2  2 rays  TEC 8.4–8.7 TECU
  IGS-sim arc 115/612: WUTH WUTH_E27_3  2 rays  TEC 8.4–8.7 TECU
  IGS-sim arc 116/612: WUTH WUTH_E29  8 rays  TEC 5.1–5.9 TECU
  IGS-sim arc 117/612: WUTH WUTH_E29_1  8 rays  TEC 5.1–5.9 TECU
  IGS-sim arc 118/612: WUTH WUTH_E29_2  8 rays  TEC 5.1–5.9 TECU
  IGS-sim arc 119/612: WUTH WUTH_E29_3  8 rays  TEC 5.1–5.9 TECU
  IGS-sim arc 120/612: WUTH WUTH_E30  8 rays  TEC 8.3–9.0 TECU
  IGS-sim arc 121/612: WUTH WUTH_E30_1  8 rays  TEC 8.3–9.0 TECU
  IGS-sim arc 122/612: WUTH WUTH_E30_2  8 rays  TEC 8.3–9.0 TECU
  IGS-sim arc 123/612: WUTH WUTH_E30_3  8 rays  TEC 8.3–9.0 TECU
  IGS-sim arc 124/612: WUTH WUTH_G04  8 rays  TEC 5.7–8.5 TECU
  IGS-sim arc 125/612: WUTH WUTH_G05  4 rays  TEC 9.3–12.1 TECU
  IGS-sim arc 126/612: WUTH WUTH_G06  2 rays  TEC 7.7–8.0 TECU
  IGS-sim arc 127/612: WUTH WUTH_G07  6 rays  TEC 6.1–7.4 TECU
  IGS-sim arc 128/612: WUTH WUTH_G09  8 rays  TEC 5.1–5.6 TECU
  IGS-sim arc 129/612: WUTH WUTH_G11  8 rays  TEC 6.8–8.1 TECU
  IGS-sim arc 130/612: WUTH WUTH_G16  8 rays  TEC 7.9–9.5 TECU
  IGS-sim arc 131/612: WUTH WUTH_G21  8 rays  TEC 6.2–9.3 TECU
  IGS-sim arc 132/612: WUTH WUTH_G26  8 rays  TEC 8.8–12.1 TECU
  IGS-sim arc 133/612: WUTH WUTH_G29  8 rays  TEC 10.5–11.5 TECU
  IGS-sim arc 134/612: WUTH WUTH_R06  4 rays  TEC 7.0–8.8 TECU
  IGS-sim arc 135/612: WUTH WUTH_R07  8 rays  TEC 4.9–5.2 TECU
  IGS-sim arc 136/612: WUTH WUTH_R08  8 rays  TEC 5.9–9.9 TECU
  IGS-sim arc 137/612: WUTH WUTH_R09  4 rays  TEC 6.3–7.4 TECU
  IGS-sim arc 138/612: WUTH WUTH_R15  6 rays  TEC 8.2–13.4 TECU
  IGS-sim arc 139/612: WUTH WUTH_R16  8 rays  TEC 6.0–6.4 TECU
  IGS-sim arc 140/612: WUTH WUTH_R23  7 rays  TEC 6.6–9.4 TECU
  IGS-sim arc 141/612: WUTH WUTH_R24  8 rays  TEC 7.3–10.2 TECU
  IGS-sim arc 142/612: WUTH WUTH_R26  8 rays  TEC 5.3–8.2 TECU
  IGS-sim arc 143/612: WUTH WUTH_R27  7 rays  TEC 5.9–8.4 TECU
  IGS-sim arc 144/612: NYA1 NYA1_C06  8 rays  TEC 7.4–8.1 TECU
  IGS-sim arc 145/612: NYA1 NYA1_C09  8 rays  TEC 6.7–6.9 TECU
  IGS-sim arc 146/612: NYA1 NYA1_C16  8 rays  TEC 7.7–8.7 TECU
  IGS-sim arc 147/612: NYA1 NYA1_C20  8 rays  TEC 7.2–10.9 TECU
  IGS-sim arc 148/612: NYA1 NYA1_C23  4 rays  TEC 7.6–8.0 TECU
  IGS-sim arc 149/612: NYA1 NYA1_C24  4 rays  TEC 11.9–15.0 TECU
  IGS-sim arc 150/612: NYA1 NYA1_C25  8 rays  TEC 7.5–7.9 TECU
  IGS-sim arc 151/612: NYA1 NYA1_C29  5 rays  TEC 9.4–11.5 TECU
  IGS-sim arc 152/612: NYA1 NYA1_C32  8 rays  TEC 5.8–6.3 TECU
  IGS-sim arc 153/612: NYA1 NYA1_C35  8 rays  TEC 10.1–12.4 TECU
  IGS-sim arc 154/612: NYA1 NYA1_C39  8 rays  TEC 8.4–10.4 TECU
  IGS-sim arc 155/612: NYA1 NYA1_C41  3 rays  TEC 8.0–8.8 TECU
  IGS-sim arc 156/612: NYA1 NYA1_C47  2 rays  TEC 10.4–11.1 TECU
  IGS-sim arc 157/612: NYA1 NYA1_C48  4 rays  TEC 9.7–12.1 TECU
  IGS-sim arc 158/612: NYA1 NYA1_E02  7 rays  TEC 11.5–16.7 TECU
  IGS-sim arc 159/612: NYA1 NYA1_E02_1  7 rays  TEC 11.5–16.7 TECU
  IGS-sim arc 160/612: NYA1 NYA1_E02_2  7 rays  TEC 11.5–16.7 TECU
  IGS-sim arc 161/612: NYA1 NYA1_E02_3  7 rays  TEC 11.5–16.7 TECU
  IGS-sim arc 162/612: NYA1 NYA1_E07  2 rays  TEC 10.6–11.2 TECU
  IGS-sim arc 163/612: NYA1 NYA1_E07_1  2 rays  TEC 10.6–11.2 TECU
  IGS-sim arc 164/612: NYA1 NYA1_E07_2  2 rays  TEC 10.6–11.2 TECU
  IGS-sim arc 165/612: NYA1 NYA1_E07_3  2 rays  TEC 10.6–11.2 TECU
  IGS-sim arc 166/612: NYA1 NYA1_E10  8 rays  TEC 7.1–7.5 TECU
  IGS-sim arc 167/612: NYA1 NYA1_E10_1  8 rays  TEC 7.1–7.5 TECU
  IGS-sim arc 168/612: NYA1 NYA1_E10_2  8 rays  TEC 7.1–7.5 TECU
  IGS-sim arc 169/612: NYA1 NYA1_E10_3  8 rays  TEC 7.1–7.5 TECU
  IGS-sim arc 170/612: NYA1 NYA1_E11  8 rays  TEC 7.8–9.9 TECU
  IGS-sim arc 171/612: NYA1 NYA1_E11_1  8 rays  TEC 7.8–9.9 TECU
  IGS-sim arc 172/612: NYA1 NYA1_E11_2  8 rays  TEC 7.8–9.9 TECU
  IGS-sim arc 173/612: NYA1 NYA1_E11_3  8 rays  TEC 7.8–9.9 TECU
  IGS-sim arc 174/612: NYA1 NYA1_E12  8 rays  TEC 7.0–8.6 TECU
  IGS-sim arc 175/612: NYA1 NYA1_E12_1  8 rays  TEC 7.0–8.6 TECU
  IGS-sim arc 176/612: NYA1 NYA1_E12_2  8 rays  TEC 7.0–8.6 TECU
  IGS-sim arc 177/612: NYA1 NYA1_E12_3  8 rays  TEC 7.0–8.6 TECU
  IGS-sim arc 178/612: NYA1 NYA1_E18  3 rays  TEC 12.8–13.9 TECU
  IGS-sim arc 179/612: NYA1 NYA1_E18_1  3 rays  TEC 12.8–13.9 TECU
  IGS-sim arc 180/612: NYA1 NYA1_E18_2  3 rays  TEC 12.8–13.9 TECU
  IGS-sim arc 181/612: NYA1 NYA1_E18_3  3 rays  TEC 12.8–13.9 TECU
  IGS-sim arc 182/612: NYA1 NYA1_E19  8 rays  TEC 6.1–7.4 TECU
  IGS-sim arc 183/612: NYA1 NYA1_E19_1  8 rays  TEC 6.1–7.4 TECU
  IGS-sim arc 184/612: NYA1 NYA1_E19_2  8 rays  TEC 6.1–7.4 TECU
  IGS-sim arc 185/612: NYA1 NYA1_E19_3  8 rays  TEC 6.1–7.4 TECU
  IGS-sim arc 186/612: NYA1 NYA1_E29  8 rays  TEC 5.9–6.8 TECU
  IGS-sim arc 187/612: NYA1 NYA1_E29_1  8 rays  TEC 5.9–6.8 TECU
  IGS-sim arc 188/612: NYA1 NYA1_E29_2  8 rays  TEC 5.9–6.8 TECU
  IGS-sim arc 189/612: NYA1 NYA1_E29_3  8 rays  TEC 5.9–6.8 TECU
  IGS-sim arc 190/612: NYA1 NYA1_E30  8 rays  TEC 9.3–10.2 TECU
  IGS-sim arc 191/612: NYA1 NYA1_E30_1  8 rays  TEC 9.3–10.2 TECU
  IGS-sim arc 192/612: NYA1 NYA1_E30_2  8 rays  TEC 9.3–10.2 TECU
  IGS-sim arc 193/612: NYA1 NYA1_E30_3  8 rays  TEC 9.3–10.2 TECU
  IGS-sim arc 194/612: NYA1 NYA1_G04  8 rays  TEC 6.7–9.8 TECU
  IGS-sim arc 195/612: NYA1 NYA1_G05  4 rays  TEC 9.9–12.6 TECU
  IGS-sim arc 196/612: NYA1 NYA1_G06  2 rays  TEC 8.8–9.2 TECU
  IGS-sim arc 197/612: NYA1 NYA1_G07  5 rays  TEC 7.1–8.1 TECU
  IGS-sim arc 198/612: NYA1 NYA1_G09  8 rays  TEC 5.9–6.5 TECU
  IGS-sim arc 199/612: NYA1 NYA1_G11  8 rays  TEC 7.5–9.1 TECU
  IGS-sim arc 200/612: NYA1 NYA1_G16  8 rays  TEC 8.9–11.0 TECU
  IGS-sim arc 201/612: NYA1 NYA1_G21  8 rays  TEC 6.9–10.0 TECU
  IGS-sim arc 202/612: NYA1 NYA1_G26  8 rays  TEC 9.9–12.6 TECU
  IGS-sim arc 203/612: NYA1 NYA1_G29  8 rays  TEC 11.1–12.0 TECU
  IGS-sim arc 204/612: NYA1 NYA1_G31  2 rays  TEC 13.1–14.4 TECU
  IGS-sim arc 205/612: NYA1 NYA1_R06  3 rays  TEC 8.2–9.4 TECU
  IGS-sim arc 206/612: NYA1 NYA1_R07  8 rays  TEC 5.6–6.0 TECU
  IGS-sim arc 207/612: NYA1 NYA1_R08  8 rays  TEC 6.6–10.8 TECU
  IGS-sim arc 208/612: NYA1 NYA1_R09  3 rays  TEC 7.3–8.0 TECU
  IGS-sim arc 209/612: NYA1 NYA1_R15  7 rays  TEC 9.0–16.5 TECU
  IGS-sim arc 210/612: NYA1 NYA1_R16  8 rays  TEC 6.9–7.4 TECU
  IGS-sim arc 211/612: NYA1 NYA1_R23  7 rays  TEC 7.3–10.5 TECU
  IGS-sim arc 212/612: NYA1 NYA1_R24  8 rays  TEC 8.0–11.0 TECU
  IGS-sim arc 213/612: NYA1 NYA1_R26  8 rays  TEC 6.0–9.0 TECU
  IGS-sim arc 214/612: NYA1 NYA1_R27  6 rays  TEC 6.7–9.2 TECU
  IGS-sim arc 215/612: KIR0 KIR0_C06  8 rays  TEC 4.0–4.5 TECU
  IGS-sim arc 216/612: KIR0 KIR0_C09  8 rays  TEC 3.6–3.7 TECU
  IGS-sim arc 217/612: KIR0 KIR0_C16  8 rays  TEC 4.3–5.0 TECU
  IGS-sim arc 218/612: KIR0 KIR0_C20  8 rays  TEC 4.2–7.1 TECU
  IGS-sim arc 219/612: KIR0 KIR0_C23  8 rays  TEC 3.7–5.3 TECU
  IGS-sim arc 220/612: KIR0 KIR0_C25  8 rays  TEC 3.9–4.3 TECU
  IGS-sim arc 221/612: KIR0 KIR0_C29  5 rays  TEC 6.2–7.5 TECU
  IGS-sim arc 222/612: KIR0 KIR0_C32  8 rays  TEC 3.0–3.1 TECU
  IGS-sim arc 223/612: KIR0 KIR0_C35  6 rays  TEC 7.3–8.4 TECU
  IGS-sim arc 224/612: KIR0 KIR0_C39  8 rays  TEC 5.0–6.0 TECU
  IGS-sim arc 225/612: KIR0 KIR0_C41  5 rays  TEC 4.1–5.3 TECU
  IGS-sim arc 226/612: KIR0 KIR0_C47  2 rays  TEC 6.3–6.9 TECU
  IGS-sim arc 227/612: KIR0 KIR0_C48  3 rays  TEC 6.2–7.5 TECU
  IGS-sim arc 228/612: KIR0 KIR0_E07  2 rays  TEC 5.7–6.1 TECU
  IGS-sim arc 229/612: KIR0 KIR0_E07_1  2 rays  TEC 5.7–6.1 TECU
  IGS-sim arc 230/612: KIR0 KIR0_E07_2  2 rays  TEC 5.7–6.1 TECU
  IGS-sim arc 231/612: KIR0 KIR0_E07_3  2 rays  TEC 5.7–6.1 TECU
  IGS-sim arc 232/612: KIR0 KIR0_E10  8 rays  TEC 4.2–4.4 TECU
  IGS-sim arc 233/612: KIR0 KIR0_E10_1  8 rays  TEC 4.2–4.4 TECU
  IGS-sim arc 234/612: KIR0 KIR0_E10_2  8 rays  TEC 4.2–4.4 TECU
  IGS-sim arc 235/612: KIR0 KIR0_E10_3  8 rays  TEC 4.2–4.4 TECU
  IGS-sim arc 236/612: KIR0 KIR0_E11  8 rays  TEC 5.1–7.2 TECU
  IGS-sim arc 237/612: KIR0 KIR0_E11_1  8 rays  TEC 5.1–7.2 TECU
  IGS-sim arc 238/612: KIR0 KIR0_E11_2  8 rays  TEC 5.1–7.2 TECU
  IGS-sim arc 239/612: KIR0 KIR0_E11_3  8 rays  TEC 5.1–7.2 TECU
  IGS-sim arc 240/612: KIR0 KIR0_E12  8 rays  TEC 3.9–4.6 TECU
  IGS-sim arc 241/612: KIR0 KIR0_E12_1  8 rays  TEC 3.9–4.6 TECU
  IGS-sim arc 242/612: KIR0 KIR0_E12_2  8 rays  TEC 3.9–4.6 TECU
  IGS-sim arc 243/612: KIR0 KIR0_E12_3  8 rays  TEC 3.9–4.6 TECU
  IGS-sim arc 244/612: KIR0 KIR0_E19  8 rays  TEC 3.2–4.0 TECU
  IGS-sim arc 245/612: KIR0 KIR0_E19_1  8 rays  TEC 3.2–4.0 TECU
  IGS-sim arc 246/612: KIR0 KIR0_E19_2  8 rays  TEC 3.2–4.0 TECU
  IGS-sim arc 247/612: KIR0 KIR0_E19_3  8 rays  TEC 3.2–4.0 TECU
  IGS-sim arc 248/612: KIR0 KIR0_E27  3 rays  TEC 5.1–5.6 TECU
  IGS-sim arc 249/612: KIR0 KIR0_E27_1  3 rays  TEC 5.1–5.6 TECU
  IGS-sim arc 250/612: KIR0 KIR0_E27_2  3 rays  TEC 5.1–5.6 TECU
  IGS-sim arc 251/612: KIR0 KIR0_E27_3  3 rays  TEC 5.1–5.6 TECU
  IGS-sim arc 252/612: KIR0 KIR0_E29  8 rays  TEC 3.0–3.4 TECU
  IGS-sim arc 253/612: KIR0 KIR0_E29_1  8 rays  TEC 3.0–3.4 TECU
  IGS-sim arc 254/612: KIR0 KIR0_E29_2  8 rays  TEC 3.0–3.4 TECU
  IGS-sim arc 255/612: KIR0 KIR0_E29_3  8 rays  TEC 3.0–3.4 TECU
  IGS-sim arc 256/612: KIR0 KIR0_E30  8 rays  TEC 5.4–5.8 TECU
  IGS-sim arc 257/612: KIR0 KIR0_E30_1  8 rays  TEC 5.4–5.8 TECU
  IGS-sim arc 258/612: KIR0 KIR0_E30_2  8 rays  TEC 5.4–5.8 TECU
  IGS-sim arc 259/612: KIR0 KIR0_E30_3  8 rays  TEC 5.4–5.8 TECU
  IGS-sim arc 260/612: KIR0 KIR0_E33  2 rays  TEC 5.2–5.6 TECU
  IGS-sim arc 261/612: KIR0 KIR0_E33_1  2 rays  TEC 5.2–5.6 TECU
  IGS-sim arc 262/612: KIR0 KIR0_E33_2  2 rays  TEC 5.2–5.6 TECU
  IGS-sim arc 263/612: KIR0 KIR0_E33_3  2 rays  TEC 5.2–5.6 TECU
  IGS-sim arc 264/612: KIR0 KIR0_G04  8 rays  TEC 3.5–5.1 TECU
  IGS-sim arc 265/612: KIR0 KIR0_G05  2 rays  TEC 6.7–7.6 TECU
  IGS-sim arc 266/612: KIR0 KIR0_G06  4 rays  TEC 4.7–5.7 TECU
  IGS-sim arc 267/612: KIR0 KIR0_G07  8 rays  TEC 3.5–5.2 TECU
  IGS-sim arc 268/612: KIR0 KIR0_G09  8 rays  TEC 3.0–3.3 TECU
  IGS-sim arc 269/612: KIR0 KIR0_G11  8 rays  TEC 4.5–5.2 TECU
  IGS-sim arc 270/612: KIR0 KIR0_G16  8 rays  TEC 5.1–5.9 TECU
  IGS-sim arc 271/612: KIR0 KIR0_G21  8 rays  TEC 4.0–6.6 TECU
  IGS-sim arc 272/612: KIR0 KIR0_G26  6 rays  TEC 5.8–7.4 TECU
  IGS-sim arc 273/612: KIR0 KIR0_G29  5 rays  TEC 8.2–8.3 TECU
  IGS-sim arc 274/612: KIR0 KIR0_R06  5 rays  TEC 4.2–5.9 TECU
  IGS-sim arc 275/612: KIR0 KIR0_R07  8 rays  TEC 3.0–3.1 TECU
  IGS-sim arc 276/612: KIR0 KIR0_R08  8 rays  TEC 3.8–6.8 TECU
  IGS-sim arc 277/612: KIR0 KIR0_R09  6 rays  TEC 3.7–5.1 TECU
  IGS-sim arc 278/612: KIR0 KIR0_R15  4 rays  TEC 5.8–8.2 TECU
  IGS-sim arc 279/612: KIR0 KIR0_R16  8 rays  TEC 3.7–4.2 TECU
  IGS-sim arc 280/612: KIR0 KIR0_R23  8 rays  TEC 4.3–6.9 TECU
  IGS-sim arc 281/612: KIR0 KIR0_R24  8 rays  TEC 5.3–7.9 TECU
  IGS-sim arc 282/612: KIR0 KIR0_R26  8 rays  TEC 3.4–5.5 TECU
  IGS-sim arc 283/612: KIR0 KIR0_R27  8 rays  TEC 3.5–5.6 TECU
  IGS-sim arc 284/612: SOD3 SOD3_C06  8 rays  TEC 3.9–4.4 TECU
  IGS-sim arc 285/612: SOD3 SOD3_C09  8 rays  TEC 3.4–3.6 TECU
  IGS-sim arc 286/612: SOD3 SOD3_C16  8 rays  TEC 4.1–4.9 TECU
  IGS-sim arc 287/612: SOD3 SOD3_C20  7 rays  TEC 4.1–6.2 TECU
  IGS-sim arc 288/612: SOD3 SOD3_C23  8 rays  TEC 3.6–5.1 TECU
  IGS-sim arc 289/612: SOD3 SOD3_C25  8 rays  TEC 3.8–4.2 TECU
  IGS-sim arc 290/612: SOD3 SOD3_C29  4 rays  TEC 6.1–7.0 TECU
  IGS-sim arc 291/612: SOD3 SOD3_C32  8 rays  TEC 2.9–3.0 TECU
  IGS-sim arc 292/612: SOD3 SOD3_C35  5 rays  TEC 7.5–7.9 TECU
  IGS-sim arc 293/612: SOD3 SOD3_C39  8 rays  TEC 4.8–5.8 TECU
  IGS-sim arc 294/612: SOD3 SOD3_C41  6 rays  TEC 4.0–5.6 TECU
  IGS-sim arc 295/612: SOD3 SOD3_C48  2 rays  TEC 6.1–6.8 TECU
  IGS-sim arc 296/612: SOD3 SOD3_E07  3 rays  TEC 5.6–6.4 TECU
  IGS-sim arc 297/612: SOD3 SOD3_E07_1  3 rays  TEC 5.6–6.4 TECU
  IGS-sim arc 298/612: SOD3 SOD3_E07_2  3 rays  TEC 5.6–6.4 TECU
  IGS-sim arc 299/612: SOD3 SOD3_E07_3  3 rays  TEC 5.6–6.4 TECU
  IGS-sim arc 300/612: SOD3 SOD3_E10  8 rays  TEC 4.1–4.5 TECU
  IGS-sim arc 301/612: SOD3 SOD3_E10_1  8 rays  TEC 4.1–4.5 TECU
  IGS-sim arc 302/612: SOD3 SOD3_E10_2  8 rays  TEC 4.1–4.5 TECU
  IGS-sim arc 303/612: SOD3 SOD3_E10_3  8 rays  TEC 4.1–4.5 TECU
  IGS-sim arc 304/612: SOD3 SOD3_E11  8 rays  TEC 5.0–7.0 TECU
  IGS-sim arc 305/612: SOD3 SOD3_E11_1  8 rays  TEC 5.0–7.0 TECU
  IGS-sim arc 306/612: SOD3 SOD3_E11_2  8 rays  TEC 5.0–7.0 TECU
  IGS-sim arc 307/612: SOD3 SOD3_E11_3  8 rays  TEC 5.0–7.0 TECU
  IGS-sim arc 308/612: SOD3 SOD3_E12  8 rays  TEC 3.8–4.5 TECU
  IGS-sim arc 309/612: SOD3 SOD3_E12_1  8 rays  TEC 3.8–4.5 TECU
  IGS-sim arc 310/612: SOD3 SOD3_E12_2  8 rays  TEC 3.8–4.5 TECU
  IGS-sim arc 311/612: SOD3 SOD3_E12_3  8 rays  TEC 3.8–4.5 TECU
  IGS-sim arc 312/612: SOD3 SOD3_E19  8 rays  TEC 3.0–3.9 TECU
  IGS-sim arc 313/612: SOD3 SOD3_E19_1  8 rays  TEC 3.0–3.9 TECU
  IGS-sim arc 314/612: SOD3 SOD3_E19_2  8 rays  TEC 3.0–3.9 TECU
  IGS-sim arc 315/612: SOD3 SOD3_E19_3  8 rays  TEC 3.0–3.9 TECU
  IGS-sim arc 316/612: SOD3 SOD3_E27  4 rays  TEC 4.9–5.8 TECU
  IGS-sim arc 317/612: SOD3 SOD3_E27_1  4 rays  TEC 4.9–5.8 TECU
  IGS-sim arc 318/612: SOD3 SOD3_E27_2  4 rays  TEC 4.9–5.8 TECU
  IGS-sim arc 319/612: SOD3 SOD3_E27_3  4 rays  TEC 4.9–5.8 TECU
  IGS-sim arc 320/612: SOD3 SOD3_E29  8 rays  TEC 2.9–3.3 TECU
  IGS-sim arc 321/612: SOD3 SOD3_E29_1  8 rays  TEC 2.9–3.3 TECU
  IGS-sim arc 322/612: SOD3 SOD3_E29_2  8 rays  TEC 2.9–3.3 TECU
  IGS-sim arc 323/612: SOD3 SOD3_E29_3  8 rays  TEC 2.9–3.3 TECU
  IGS-sim arc 324/612: SOD3 SOD3_E30  8 rays  TEC 5.2–5.6 TECU
  IGS-sim arc 325/612: SOD3 SOD3_E30_1  8 rays  TEC 5.2–5.6 TECU
  IGS-sim arc 326/612: SOD3 SOD3_E30_2  8 rays  TEC 5.2–5.6 TECU
  IGS-sim arc 327/612: SOD3 SOD3_E30_3  8 rays  TEC 5.2–5.6 TECU
  IGS-sim arc 328/612: SOD3 SOD3_E33  2 rays  TEC 5.0–5.4 TECU
  IGS-sim arc 329/612: SOD3 SOD3_E33_1  2 rays  TEC 5.0–5.4 TECU
  IGS-sim arc 330/612: SOD3 SOD3_E33_2  2 rays  TEC 5.0–5.4 TECU
  IGS-sim arc 331/612: SOD3 SOD3_E33_3  2 rays  TEC 5.0–5.4 TECU
  IGS-sim arc 332/612: SOD3 SOD3_G04  8 rays  TEC 3.3–5.0 TECU
  IGS-sim arc 333/612: SOD3 SOD3_G05  2 rays  TEC 6.8–7.5 TECU
  IGS-sim arc 334/612: SOD3 SOD3_G06  4 rays  TEC 4.5–5.5 TECU
  IGS-sim arc 335/612: SOD3 SOD3_G07  8 rays  TEC 3.3–5.0 TECU
  IGS-sim arc 336/612: SOD3 SOD3_G09  8 rays  TEC 2.9–3.2 TECU
  IGS-sim arc 337/612: SOD3 SOD3_G11  8 rays  TEC 4.4–5.1 TECU
  IGS-sim arc 338/612: SOD3 SOD3_G16  8 rays  TEC 4.9–5.7 TECU
  IGS-sim arc 339/612: SOD3 SOD3_G21  8 rays  TEC 3.9–6.7 TECU
  IGS-sim arc 340/612: SOD3 SOD3_G26  7 rays  TEC 5.6–7.6 TECU
  IGS-sim arc 341/612: SOD3 SOD3_R06  5 rays  TEC 4.0–5.7 TECU
  IGS-sim arc 342/612: SOD3 SOD3_R07  8 rays  TEC 2.9–3.0 TECU
  IGS-sim arc 343/612: SOD3 SOD3_R08  8 rays  TEC 3.7–6.9 TECU
  IGS-sim arc 344/612: SOD3 SOD3_R09  6 rays  TEC 3.5–5.0 TECU
  IGS-sim arc 345/612: SOD3 SOD3_R15  4 rays  TEC 5.6–8.0 TECU
  IGS-sim arc 346/612: SOD3 SOD3_R16  8 rays  TEC 3.6–4.0 TECU
  IGS-sim arc 347/612: SOD3 SOD3_R23  7 rays  TEC 4.2–6.0 TECU
  IGS-sim arc 348/612: SOD3 SOD3_R24  8 rays  TEC 5.2–8.0 TECU
  IGS-sim arc 349/612: SOD3 SOD3_R26  8 rays  TEC 3.3–5.3 TECU
  IGS-sim arc 350/612: SOD3 SOD3_R27  8 rays  TEC 3.3–5.5 TECU
  IGS-sim arc 351/612: ALRT ALRT_C06  8 rays  TEC 11.8–12.9 TECU
  IGS-sim arc 352/612: ALRT ALRT_C09  8 rays  TEC 11.6–11.7 TECU
  IGS-sim arc 353/612: ALRT ALRT_C16  8 rays  TEC 11.8–13.6 TECU
  IGS-sim arc 354/612: ALRT ALRT_C20  8 rays  TEC 9.2–12.2 TECU
  IGS-sim arc 355/612: ALRT ALRT_C24  6 rays  TEC 13.7–17.7 TECU
  IGS-sim arc 356/612: ALRT ALRT_C25  8 rays  TEC 13.0–15.1 TECU
  IGS-sim arc 357/612: ALRT ALRT_C29  7 rays  TEC 10.3–14.0 TECU
  IGS-sim arc 358/612: ALRT ALRT_C32  8 rays  TEC 9.3–11.4 TECU
  IGS-sim arc 359/612: ALRT ALRT_C35  8 rays  TEC 9.7–10.9 TECU
  IGS-sim arc 360/612: ALRT ALRT_C39  8 rays  TEC 12.4–15.1 TECU
  IGS-sim arc 361/612: ALRT ALRT_C44  4 rays  TEC 14.0–17.4 TECU
  IGS-sim arc 362/612: ALRT ALRT_C47  2 rays  TEC 12.7–13.5 TECU
  IGS-sim arc 363/612: ALRT ALRT_C48  6 rays  TEC 10.7–14.2 TECU
  IGS-sim arc 364/612: ALRT ALRT_E02  8 rays  TEC 11.8–14.1 TECU
  IGS-sim arc 365/612: ALRT ALRT_E02_1  8 rays  TEC 11.8–14.1 TECU
  IGS-sim arc 366/612: ALRT ALRT_E02_2  8 rays  TEC 11.8–14.1 TECU
  IGS-sim arc 367/612: ALRT ALRT_E02_3  8 rays  TEC 11.8–14.1 TECU
  IGS-sim arc 368/612: ALRT ALRT_E10  8 rays  TEC 8.5–9.7 TECU
  IGS-sim arc 369/612: ALRT ALRT_E10_1  8 rays  TEC 8.5–9.7 TECU
  IGS-sim arc 370/612: ALRT ALRT_E10_2  8 rays  TEC 8.5–9.7 TECU
  IGS-sim arc 371/612: ALRT ALRT_E10_3  8 rays  TEC 8.5–9.7 TECU
  IGS-sim arc 372/612: ALRT ALRT_E11  8 rays  TEC 8.7–9.6 TECU
  IGS-sim arc 373/612: ALRT ALRT_E11_1  8 rays  TEC 8.7–9.6 TECU
  IGS-sim arc 374/612: ALRT ALRT_E11_2  8 rays  TEC 8.7–9.6 TECU
  IGS-sim arc 375/612: ALRT ALRT_E11_3  8 rays  TEC 8.7–9.6 TECU
  IGS-sim arc 376/612: ALRT ALRT_E12  8 rays  TEC 9.5–12.7 TECU
  IGS-sim arc 377/612: ALRT ALRT_E12_1  8 rays  TEC 9.5–12.7 TECU
  IGS-sim arc 378/612: ALRT ALRT_E12_2  8 rays  TEC 9.5–12.7 TECU
  IGS-sim arc 379/612: ALRT ALRT_E12_3  8 rays  TEC 9.5–12.7 TECU
  IGS-sim arc 380/612: ALRT ALRT_E18  6 rays  TEC 11.2–13.9 TECU
  IGS-sim arc 381/612: ALRT ALRT_E18_1  6 rays  TEC 11.2–13.9 TECU
  IGS-sim arc 382/612: ALRT ALRT_E18_2  6 rays  TEC 11.2–13.9 TECU
  IGS-sim arc 383/612: ALRT ALRT_E18_3  6 rays  TEC 11.2–13.9 TECU
  IGS-sim arc 384/612: ALRT ALRT_E19  8 rays  TEC 9.6–11.8 TECU
  IGS-sim arc 385/612: ALRT ALRT_E19_1  8 rays  TEC 9.6–11.8 TECU
  IGS-sim arc 386/612: ALRT ALRT_E19_2  8 rays  TEC 9.6–11.8 TECU
  IGS-sim arc 387/612: ALRT ALRT_E19_3  8 rays  TEC 9.6–11.8 TECU
  IGS-sim arc 388/612: ALRT ALRT_E29  8 rays  TEC 10.5–12.9 TECU
  IGS-sim arc 389/612: ALRT ALRT_E29_1  8 rays  TEC 10.5–12.9 TECU
  IGS-sim arc 390/612: ALRT ALRT_E29_2  8 rays  TEC 10.5–12.9 TECU
  IGS-sim arc 391/612: ALRT ALRT_E29_3  8 rays  TEC 10.5–12.9 TECU
  IGS-sim arc 392/612: ALRT ALRT_E30  8 rays  TEC 12.9–17.1 TECU
  IGS-sim arc 393/612: ALRT ALRT_E30_1  8 rays  TEC 12.9–17.1 TECU
  IGS-sim arc 394/612: ALRT ALRT_E30_2  8 rays  TEC 12.9–17.1 TECU
  IGS-sim arc 395/612: ALRT ALRT_E30_3  8 rays  TEC 12.9–17.1 TECU
  IGS-sim arc 396/612: ALRT ALRT_E36  5 rays  TEC 12.8–16.9 TECU
  IGS-sim arc 397/612: ALRT ALRT_E36_1  5 rays  TEC 12.8–16.9 TECU
  IGS-sim arc 398/612: ALRT ALRT_E36_2  5 rays  TEC 12.8–16.9 TECU
  IGS-sim arc 399/612: ALRT ALRT_E36_3  5 rays  TEC 12.8–16.9 TECU
  IGS-sim arc 400/612: ALRT ALRT_G04  5 rays  TEC 12.6–16.4 TECU
  IGS-sim arc 401/612: ALRT ALRT_G05  7 rays  TEC 9.8–13.8 TECU
  IGS-sim arc 402/612: ALRT ALRT_G07  2 rays  TEC 13.2–14.0 TECU
  IGS-sim arc 403/612: ALRT ALRT_G09  8 rays  TEC 9.9–12.6 TECU
  IGS-sim arc 404/612: ALRT ALRT_G11  8 rays  TEC 9.2–12.4 TECU
  IGS-sim arc 405/612: ALRT ALRT_G16  5 rays  TEC 14.2–17.6 TECU
  IGS-sim arc 406/612: ALRT ALRT_G21  8 rays  TEC 8.9–10.4 TECU
  IGS-sim arc 407/612: ALRT ALRT_G26  8 rays  TEC 13.2–14.3 TECU
  IGS-sim arc 408/612: ALRT ALRT_G29  8 rays  TEC 10.2–10.8 TECU
  IGS-sim arc 409/612: ALRT ALRT_G31  2 rays  TEC 17.0–18.2 TECU
  IGS-sim arc 410/612: ALRT ALRT_R07  8 rays  TEC 8.6–10.6 TECU
  IGS-sim arc 411/612: ALRT ALRT_R08  8 rays  TEC 8.5–12.5 TECU
  IGS-sim arc 412/612: ALRT ALRT_R15  8 rays  TEC 10.9–15.9 TECU
  IGS-sim arc 413/612: ALRT ALRT_R16  8 rays  TEC 10.9–14.2 TECU
  IGS-sim arc 414/612: ALRT ALRT_R17  3 rays  TEC 14.1–17.2 TECU
  IGS-sim arc 415/612: ALRT ALRT_R23  7 rays  TEC 9.3–13.8 TECU
  IGS-sim arc 416/612: ALRT ALRT_R24  8 rays  TEC 8.6–10.3 TECU
  IGS-sim arc 417/612: ALRT ALRT_R26  8 rays  TEC 8.4–10.8 TECU
  IGS-sim arc 418/612: ALRT ALRT_R27  4 rays  TEC 13.0–16.4 TECU
  IGS-sim arc 419/612: SCOR SCOR_C06  8 rays  TEC 8.4–9.5 TECU
  IGS-sim arc 420/612: SCOR SCOR_C09  8 rays  TEC 7.8–7.9 TECU
  IGS-sim arc 421/612: SCOR SCOR_C16  8 rays  TEC 8.9–10.2 TECU
  IGS-sim arc 422/612: SCOR SCOR_C20  8 rays  TEC 6.1–8.4 TECU
  IGS-sim arc 423/612: SCOR SCOR_C23  3 rays  TEC 8.4–8.8 TECU
  IGS-sim arc 424/612: SCOR SCOR_C25  8 rays  TEC 8.7–9.3 TECU
  IGS-sim arc 425/612: SCOR SCOR_C29  8 rays  TEC 7.6–10.4 TECU
  IGS-sim arc 426/612: SCOR SCOR_C32  8 rays  TEC 5.7–6.4 TECU
  IGS-sim arc 427/612: SCOR SCOR_C35  8 rays  TEC 8.7–11.0 TECU
  IGS-sim arc 428/612: SCOR SCOR_C39  6 rays  TEC 10.0–11.6 TECU
  IGS-sim arc 429/612: SCOR SCOR_C47  6 rays  TEC 8.2–11.3 TECU
  IGS-sim arc 430/612: SCOR SCOR_C48  7 rays  TEC 7.7–11.4 TECU
  IGS-sim arc 431/612: SCOR SCOR_E02  4 rays  TEC 11.8–13.1 TECU
  IGS-sim arc 432/612: SCOR SCOR_E02_1  4 rays  TEC 11.8–13.1 TECU
  IGS-sim arc 433/612: SCOR SCOR_E02_2  4 rays  TEC 11.8–13.1 TECU
  IGS-sim arc 434/612: SCOR SCOR_E02_3  4 rays  TEC 11.8–13.1 TECU
  IGS-sim arc 435/612: SCOR SCOR_E04  2 rays  TEC 10.3–11.0 TECU
  IGS-sim arc 436/612: SCOR SCOR_E04_1  2 rays  TEC 10.3–11.0 TECU
  IGS-sim arc 437/612: SCOR SCOR_E04_2  2 rays  TEC 10.3–11.0 TECU
  IGS-sim arc 438/612: SCOR SCOR_E04_3  2 rays  TEC 10.3–11.0 TECU
  IGS-sim arc 439/612: SCOR SCOR_E10  8 rays  TEC 6.2–6.4 TECU
  IGS-sim arc 440/612: SCOR SCOR_E10_1  8 rays  TEC 6.2–6.4 TECU
  IGS-sim arc 441/612: SCOR SCOR_E10_2  8 rays  TEC 6.2–6.4 TECU
  IGS-sim arc 442/612: SCOR SCOR_E10_3  8 rays  TEC 6.2–6.4 TECU
  IGS-sim arc 443/612: SCOR SCOR_E11  8 rays  TEC 6.7–8.5 TECU
  IGS-sim arc 444/612: SCOR SCOR_E11_1  8 rays  TEC 6.7–8.5 TECU
  IGS-sim arc 445/612: SCOR SCOR_E11_2  8 rays  TEC 6.7–8.5 TECU
  IGS-sim arc 446/612: SCOR SCOR_E11_3  8 rays  TEC 6.7–8.5 TECU
  IGS-sim arc 447/612: SCOR SCOR_E12  8 rays  TEC 6.1–7.4 TECU
  IGS-sim arc 448/612: SCOR SCOR_E12_1  8 rays  TEC 6.1–7.4 TECU
  IGS-sim arc 449/612: SCOR SCOR_E12_2  8 rays  TEC 6.1–7.4 TECU
  IGS-sim arc 450/612: SCOR SCOR_E12_3  8 rays  TEC 6.1–7.4 TECU
  IGS-sim arc 451/612: SCOR SCOR_E18  6 rays  TEC 10.4–12.4 TECU
  IGS-sim arc 452/612: SCOR SCOR_E18_1  6 rays  TEC 10.4–12.4 TECU
  IGS-sim arc 453/612: SCOR SCOR_E18_2  6 rays  TEC 10.4–12.4 TECU
  IGS-sim arc 454/612: SCOR SCOR_E18_3  6 rays  TEC 10.4–12.4 TECU
  IGS-sim arc 455/612: SCOR SCOR_E19  8 rays  TEC 5.8–6.8 TECU
  IGS-sim arc 456/612: SCOR SCOR_E19_1  8 rays  TEC 5.8–6.8 TECU
  IGS-sim arc 457/612: SCOR SCOR_E19_2  8 rays  TEC 5.8–6.8 TECU
  IGS-sim arc 458/612: SCOR SCOR_E19_3  8 rays  TEC 5.8–6.8 TECU
  IGS-sim arc 459/612: SCOR SCOR_E29  8 rays  TEC 6.3–7.6 TECU
  IGS-sim arc 460/612: SCOR SCOR_E29_1  8 rays  TEC 6.3–7.6 TECU
  IGS-sim arc 461/612: SCOR SCOR_E29_2  8 rays  TEC 6.3–7.6 TECU
  IGS-sim arc 462/612: SCOR SCOR_E29_3  8 rays  TEC 6.3–7.6 TECU
  IGS-sim arc 463/612: SCOR SCOR_E30  5 rays  TEC 10.9–11.3 TECU
  IGS-sim arc 464/612: SCOR SCOR_E30_1  5 rays  TEC 10.9–11.3 TECU
  IGS-sim arc 465/612: SCOR SCOR_E30_2  5 rays  TEC 10.9–11.3 TECU
  IGS-sim arc 466/612: SCOR SCOR_E30_3  5 rays  TEC 10.9–11.3 TECU
  IGS-sim arc 467/612: SCOR SCOR_G04  5 rays  TEC 7.7–9.5 TECU
  IGS-sim arc 468/612: SCOR SCOR_G05  7 rays  TEC 7.9–12.6 TECU
  IGS-sim arc 469/612: SCOR SCOR_G06  5 rays  TEC 7.8–10.4 TECU
  IGS-sim arc 470/612: SCOR SCOR_G07  6 rays  TEC 7.2–9.1 TECU
  IGS-sim arc 471/612: SCOR SCOR_G09  8 rays  TEC 6.0–7.4 TECU
  IGS-sim arc 472/612: SCOR SCOR_G11  8 rays  TEC 6.4–7.5 TECU
  IGS-sim arc 473/612: SCOR SCOR_G16  2 rays  TEC 10.8–10.9 TECU
  IGS-sim arc 474/612: SCOR SCOR_G21  8 rays  TEC 6.0–7.9 TECU
  IGS-sim arc 475/612: SCOR SCOR_G26  5 rays  TEC 11.6–12.3 TECU
  IGS-sim arc 476/612: SCOR SCOR_G29  8 rays  TEC 9.8–10.5 TECU
  IGS-sim arc 477/612: SCOR SCOR_R07  8 rays  TEC 5.5–6.5 TECU
  IGS-sim arc 478/612: SCOR SCOR_R08  8 rays  TEC 5.7–8.4 TECU
  IGS-sim arc 479/612: SCOR SCOR_R09  2 rays  TEC 8.2–8.7 TECU
  IGS-sim arc 480/612: SCOR SCOR_R15  4 rays  TEC 9.8–12.1 TECU
  IGS-sim arc 481/612: SCOR SCOR_R16  8 rays  TEC 7.9–8.7 TECU
  IGS-sim arc 482/612: SCOR SCOR_R22  2 rays  TEC 9.3–10.1 TECU
  IGS-sim arc 483/612: SCOR SCOR_R23  8 rays  TEC 6.2–9.1 TECU
  IGS-sim arc 484/612: SCOR SCOR_R24  8 rays  TEC 7.0–10.1 TECU
  IGS-sim arc 485/612: SCOR SCOR_R26  8 rays  TEC 5.5–7.2 TECU
  IGS-sim arc 486/612: SCOR SCOR_R27  4 rays  TEC 7.7–9.4 TECU
  IGS-sim arc 487/612: HOFN HOFN_C06  8 rays  TEC 7.6–8.5 TECU
  IGS-sim arc 488/612: HOFN HOFN_C09  8 rays  TEC 6.6–6.8 TECU
  IGS-sim arc 489/612: HOFN HOFN_C16  8 rays  TEC 7.9–9.2 TECU
  IGS-sim arc 490/612: HOFN HOFN_C20  8 rays  TEC 5.3–7.4 TECU
  IGS-sim arc 491/612: HOFN HOFN_C23  4 rays  TEC 6.9–7.7 TECU
  IGS-sim arc 492/612: HOFN HOFN_C25  8 rays  TEC 7.5–8.2 TECU
  IGS-sim arc 493/612: HOFN HOFN_C29  8 rays  TEC 6.8–9.2 TECU
  IGS-sim arc 494/612: HOFN HOFN_C32  8 rays  TEC 4.8–5.5 TECU
  IGS-sim arc 495/612: HOFN HOFN_C35  8 rays  TEC 8.4–11.4 TECU
  IGS-sim arc 496/612: HOFN HOFN_C39  2 rays  TEC 9.0–9.2 TECU
  IGS-sim arc 497/612: HOFN HOFN_C47  7 rays  TEC 7.2–10.6 TECU
  IGS-sim arc 498/612: HOFN HOFN_C48  8 rays  TEC 6.8–11.3 TECU
  IGS-sim arc 499/612: HOFN HOFN_E04  4 rays  TEC 8.8–11.1 TECU
  IGS-sim arc 500/612: HOFN HOFN_E04_1  4 rays  TEC 8.8–11.1 TECU
  IGS-sim arc 501/612: HOFN HOFN_E04_2  4 rays  TEC 8.8–11.1 TECU
  IGS-sim arc 502/612: HOFN HOFN_E04_3  4 rays  TEC 8.8–11.1 TECU
  IGS-sim arc 503/612: HOFN HOFN_E10  8 rays  TEC 5.5–5.7 TECU
  IGS-sim arc 504/612: HOFN HOFN_E10_1  8 rays  TEC 5.5–5.7 TECU
  IGS-sim arc 505/612: HOFN HOFN_E10_2  8 rays  TEC 5.5–5.7 TECU
  IGS-sim arc 506/612: HOFN HOFN_E10_3  8 rays  TEC 5.5–5.7 TECU
  IGS-sim arc 507/612: HOFN HOFN_E11  8 rays  TEC 6.2–8.2 TECU
  IGS-sim arc 508/612: HOFN HOFN_E11_1  8 rays  TEC 6.2–8.2 TECU
  IGS-sim arc 509/612: HOFN HOFN_E11_2  8 rays  TEC 6.2–8.2 TECU
  IGS-sim arc 510/612: HOFN HOFN_E11_3  8 rays  TEC 6.2–8.2 TECU
  IGS-sim arc 511/612: HOFN HOFN_E12  8 rays  TEC 5.2–6.1 TECU
  IGS-sim arc 512/612: HOFN HOFN_E12_1  8 rays  TEC 5.2–6.1 TECU
  IGS-sim arc 513/612: HOFN HOFN_E12_2  8 rays  TEC 5.2–6.1 TECU
  IGS-sim arc 514/612: HOFN HOFN_E12_3  8 rays  TEC 5.2–6.1 TECU
  IGS-sim arc 515/612: HOFN HOFN_E18  5 rays  TEC 10.5–11.6 TECU
  IGS-sim arc 516/612: HOFN HOFN_E18_1  5 rays  TEC 10.5–11.6 TECU
  IGS-sim arc 517/612: HOFN HOFN_E18_2  5 rays  TEC 10.5–11.6 TECU
  IGS-sim arc 518/612: HOFN HOFN_E18_3  5 rays  TEC 10.5–11.6 TECU
  IGS-sim arc 519/612: HOFN HOFN_E19  8 rays  TEC 4.9–5.6 TECU
  IGS-sim arc 520/612: HOFN HOFN_E19_1  8 rays  TEC 4.9–5.6 TECU
  IGS-sim arc 521/612: HOFN HOFN_E19_2  8 rays  TEC 4.9–5.6 TECU
  IGS-sim arc 522/612: HOFN HOFN_E19_3  8 rays  TEC 4.9–5.6 TECU
  IGS-sim arc 523/612: HOFN HOFN_E29  8 rays  TEC 5.3–6.5 TECU
  IGS-sim arc 524/612: HOFN HOFN_E29_1  8 rays  TEC 5.3–6.5 TECU
  IGS-sim arc 525/612: HOFN HOFN_E29_2  8 rays  TEC 5.3–6.5 TECU
  IGS-sim arc 526/612: HOFN HOFN_E29_3  8 rays  TEC 5.3–6.5 TECU
  IGS-sim arc 527/612: HOFN HOFN_E33  3 rays  TEC 8.1–9.4 TECU
  IGS-sim arc 528/612: HOFN HOFN_E33_1  3 rays  TEC 8.1–9.4 TECU
  IGS-sim arc 529/612: HOFN HOFN_E33_2  3 rays  TEC 8.1–9.4 TECU
  IGS-sim arc 530/612: HOFN HOFN_E33_3  3 rays  TEC 8.1–9.4 TECU
  IGS-sim arc 531/612: HOFN HOFN_G04  5 rays  TEC 6.6–8.0 TECU
  IGS-sim arc 532/612: HOFN HOFN_G05  6 rays  TEC 7.4–11.4 TECU
  IGS-sim arc 533/612: HOFN HOFN_G06  6 rays  TEC 6.4–9.3 TECU
  IGS-sim arc 534/612: HOFN HOFN_G07  8 rays  TEC 5.9–8.7 TECU
  IGS-sim arc 535/612: HOFN HOFN_G09  8 rays  TEC 5.0–6.3 TECU
  IGS-sim arc 536/612: HOFN HOFN_G11  8 rays  TEC 5.5–6.3 TECU
  IGS-sim arc 537/612: HOFN HOFN_G21  8 rays  TEC 5.2–7.2 TECU
  IGS-sim arc 538/612: HOFN HOFN_G29  8 rays  TEC 9.8–10.8 TECU
  IGS-sim arc 539/612: HOFN HOFN_G30  2 rays  TEC 8.4–9.0 TECU
  IGS-sim arc 540/612: HOFN HOFN_R07  8 rays  TEC 4.7–5.5 TECU
  IGS-sim arc 541/612: HOFN HOFN_R08  8 rays  TEC 5.0–7.3 TECU
  IGS-sim arc 542/612: HOFN HOFN_R09  3 rays  TEC 7.0–7.7 TECU
  IGS-sim arc 543/612: HOFN HOFN_R15  2 rays  TEC 9.6–10.4 TECU
  IGS-sim arc 544/612: HOFN HOFN_R16  8 rays  TEC 7.0–7.5 TECU
  IGS-sim arc 545/612: HOFN HOFN_R22  4 rays  TEC 7.6–10.3 TECU
  IGS-sim arc 546/612: HOFN HOFN_R23  8 rays  TEC 5.4–7.8 TECU
  IGS-sim arc 547/612: HOFN HOFN_R24  8 rays  TEC 6.6–10.4 TECU
  IGS-sim arc 548/612: HOFN HOFN_R26  8 rays  TEC 4.8–6.3 TECU
  IGS-sim arc 549/612: HOFN HOFN_R27  4 rays  TEC 6.6–8.0 TECU
  IGS-sim arc 550/612: REYK REYK_C06  8 rays  TEC 8.8–9.7 TECU
  IGS-sim arc 551/612: REYK REYK_C09  8 rays  TEC 7.6–8.0 TECU
  IGS-sim arc 552/612: REYK REYK_C16  7 rays  TEC 9.1–10.2 TECU
  IGS-sim arc 553/612: REYK REYK_C20  8 rays  TEC 5.7–7.6 TECU
  IGS-sim arc 554/612: REYK REYK_C23  3 rays  TEC 8.2–8.7 TECU
  IGS-sim arc 555/612: REYK REYK_C25  8 rays  TEC 8.7–9.4 TECU
  IGS-sim arc 556/612: REYK REYK_C29  8 rays  TEC 6.9–9.2 TECU
  IGS-sim arc 557/612: REYK REYK_C30  2 rays  TEC 10.4–11.4 TECU
  IGS-sim arc 558/612: REYK REYK_C32  8 rays  TEC 5.4–6.3 TECU
  IGS-sim arc 559/612: REYK REYK_C35  8 rays  TEC 8.6–11.6 TECU
  IGS-sim arc 560/612: REYK REYK_C47  8 rays  TEC 7.4–11.5 TECU
  IGS-sim arc 561/612: REYK REYK_C48  8 rays  TEC 6.9–11.0 TECU
  IGS-sim arc 562/612: REYK REYK_E04  4 rays  TEC 9.0–11.1 TECU
  IGS-sim arc 563/612: REYK REYK_E04_1  4 rays  TEC 9.0–11.1 TECU
  IGS-sim arc 564/612: REYK REYK_E04_2  4 rays  TEC 9.0–11.1 TECU
  IGS-sim arc 565/612: REYK REYK_E04_3  4 rays  TEC 9.0–11.1 TECU
  IGS-sim arc 566/612: REYK REYK_E10  8 rays  TEC 5.7–6.0 TECU
  IGS-sim arc 567/612: REYK REYK_E10_1  8 rays  TEC 5.7–6.0 TECU
  IGS-sim arc 568/612: REYK REYK_E10_2  8 rays  TEC 5.7–6.0 TECU
  IGS-sim arc 569/612: REYK REYK_E10_3  8 rays  TEC 5.7–6.0 TECU
  IGS-sim arc 570/612: REYK REYK_E11  8 rays  TEC 6.4–8.4 TECU
  IGS-sim arc 571/612: REYK REYK_E11_1  8 rays  TEC 6.4–8.4 TECU
  IGS-sim arc 572/612: REYK REYK_E11_2  8 rays  TEC 6.4–8.4 TECU
  IGS-sim arc 573/612: REYK REYK_E11_3  8 rays  TEC 6.4–8.4 TECU
  IGS-sim arc 574/612: REYK REYK_E12  8 rays  TEC 5.6–6.6 TECU
  IGS-sim arc 575/612: REYK REYK_E12_1  8 rays  TEC 5.6–6.6 TECU
  IGS-sim arc 576/612: REYK REYK_E12_2  8 rays  TEC 5.6–6.6 TECU
  IGS-sim arc 577/612: REYK REYK_E12_3  8 rays  TEC 5.6–6.6 TECU
  IGS-sim arc 578/612: REYK REYK_E18  6 rays  TEC 10.4–11.8 TECU
  IGS-sim arc 579/612: REYK REYK_E18_1  6 rays  TEC 10.4–11.8 TECU
  IGS-sim arc 580/612: REYK REYK_E18_2  6 rays  TEC 10.4–11.8 TECU
  IGS-sim arc 581/612: REYK REYK_E18_3  6 rays  TEC 10.4–11.8 TECU
  IGS-sim arc 582/612: REYK REYK_E19  8 rays  TEC 5.4–6.1 TECU
  IGS-sim arc 583/612: REYK REYK_E19_1  8 rays  TEC 5.4–6.1 TECU
  IGS-sim arc 584/612: REYK REYK_E19_2  8 rays  TEC 5.4–6.1 TECU
  IGS-sim arc 585/612: REYK REYK_E19_3  8 rays  TEC 5.4–6.1 TECU
  IGS-sim arc 586/612: REYK REYK_E29  8 rays  TEC 6.1–7.6 TECU
  IGS-sim arc 587/612: REYK REYK_E29_1  8 rays  TEC 6.1–7.6 TECU
  IGS-sim arc 588/612: REYK REYK_E29_2  8 rays  TEC 6.1–7.6 TECU
  IGS-sim arc 589/612: REYK REYK_E29_3  8 rays  TEC 6.1–7.6 TECU
  IGS-sim arc 590/612: REYK REYK_E33  2 rays  TEC 9.1–9.8 TECU
  IGS-sim arc 591/612: REYK REYK_E33_1  2 rays  TEC 9.1–9.8 TECU
  IGS-sim arc 592/612: REYK REYK_E33_2  2 rays  TEC 9.1–9.8 TECU
  IGS-sim arc 593/612: REYK REYK_E33_3  2 rays  TEC 9.1–9.8 TECU
  IGS-sim arc 594/612: REYK REYK_G04  4 rays  TEC 7.5–8.8 TECU
  IGS-sim arc 595/612: REYK REYK_G05  7 rays  TEC 7.5–12.0 TECU
  IGS-sim arc 596/612: REYK REYK_G06  6 rays  TEC 6.9–10.0 TECU
  IGS-sim arc 597/612: REYK REYK_G07  8 rays  TEC 6.8–9.8 TECU
  IGS-sim arc 598/612: REYK REYK_G09  8 rays  TEC 5.7–7.3 TECU
  IGS-sim arc 599/612: REYK REYK_G11  8 rays  TEC 5.8–6.7 TECU
  IGS-sim arc 600/612: REYK REYK_G21  8 rays  TEC 5.5–7.3 TECU
  IGS-sim arc 601/612: REYK REYK_G29  8 rays  TEC 9.8–11.0 TECU
  IGS-sim arc 602/612: REYK REYK_G30  2 rays  TEC 9.3–10.0 TECU
  IGS-sim arc 603/612: REYK REYK_R07  8 rays  TEC 5.2–6.3 TECU
  IGS-sim arc 604/612: REYK REYK_R08  8 rays  TEC 5.4–7.4 TECU
  IGS-sim arc 605/612: REYK REYK_R09  2 rays  TEC 8.0–8.6 TECU
  IGS-sim arc 606/612: REYK REYK_R15  2 rays  TEC 10.6–11.3 TECU
  IGS-sim arc 607/612: REYK REYK_R16  8 rays  TEC 8.1–8.6 TECU
  IGS-sim arc 608/612: REYK REYK_R22  4 rays  TEC 8.1–10.8 TECU
  IGS-sim arc 609/612: REYK REYK_R23  8 rays  TEC 5.7–8.1 TECU
  IGS-sim arc 610/612: REYK REYK_R24  8 rays  TEC 6.8–10.7 TECU
  IGS-sim arc 611/612: REYK REYK_R26  8 rays  TEC 5.2–6.6 TECU
  IGS-sim arc 612/612: REYK REYK_R27  3 rays  TEC 7.7–8.7 TECU

  [sweep 2026-02-12_0100] igs_only EKF (612 IGS arcs) …
  [EKF] 612 arcs  |  3987 profile rays  |  3987 update rays  |  n_state = 1248
  [EKF] Prior innovations  mean=0.13  std=0.87  max_abs=5.74 TECU
  [EKF] iterating [analytical]:   0%|          | 0/20 [00:00<?, ?it/s]  [EKF] iterating [analytical]:   0%|          | 0/20 [00:19<?, ?it/s, RMSE=0.875TECU, rel_dP=3.67e-03]  [EKF] iterating [analytical]:   5%|▌         | 1/20 [00:19<06:09, 19.47s/it, RMSE=0.875TECU, rel_dP=3.67e-03]  [EKF] iterating [analytical]:   5%|▌         | 1/20 [00:38<06:09, 19.47s/it, RMSE=0.481TECU, rel_dP=1.45e-03]  [EKF] iterating [analytical]:  10%|█         | 2/20 [00:38<05:48, 19.34s/it, RMSE=0.481TECU, rel_dP=1.45e-03]  [EKF] iterating [analytical]:  10%|█         | 2/20 [00:57<05:48, 19.34s/it, RMSE=0.429TECU, rel_dP=8.59e-04]  [EKF] iterating [analytical]:  15%|█▌        | 3/20 [00:57<05:28, 19.31s/it, RMSE=0.429TECU, rel_dP=8.59e-04]  [EKF] iterating [analytical]:  15%|█▌        | 3/20 [01:17<05:28, 19.31s/it, RMSE=0.418TECU, rel_dP=6.69e-04]  [EKF] iterating [analytical]:  20%|██        | 4/20 [01:17<05:08, 19.26s/it, RMSE=0.418TECU, rel_dP=6.69e-04]  [EKF] iterating [analytical]:  20%|██        | 4/20 [01:36<05:08, 19.26s/it, RMSE=0.414TECU, rel_dP=5.78e-04]  [EKF] iterating [analytical]:  25%|██▌       | 5/20 [01:36<04:49, 19.30s/it, RMSE=0.414TECU, rel_dP=5.78e-04]  [EKF] iterating [analytical]:  25%|██▌       | 5/20 [01:56<04:49, 19.30s/it, RMSE=0.410TECU, rel_dP=5.16e-04]  [EKF] iterating [analytical]:  30%|███       | 6/20 [01:56<04:31, 19.38s/it, RMSE=0.410TECU, rel_dP=5.16e-04]  [EKF] iterating [analytical]:  30%|███       | 6/20 [02:14<04:31, 19.38s/it, RMSE=0.408TECU, rel_dP=4.68e-04]                                                                                                                 [EKF] iterating [analytical]:  30%|███       | 6/20 [02:14<04:31, 19.38s/it, RMSE=0.408TECU, rel_dP=4.68e-04]                                                                                                                 [EKF] Converged at iteration 7  (||ΔP||/||P|| = 4.68e-04 < tol=5.0e-04)
  [EKF] Posterior innovations  mean=-0.00  std=0.41  max_abs=4.19 TECU
  [EKF] Prior RMSE 0.875 TECU  →  Post RMSE 0.406 TECU

  [sweep 2026-02-12_0100] N_OCC=10  (RO arcs available=17, used=10)
  [EKF] 10 arcs  |  1729 profile rays  |  478 update rays  |  n_state = 1248
  [EKF] Prior innovations  mean=7.74  std=11.61  max_abs=39.81 TECU
  [EKF] iterating [analytical]:   0%|          | 0/20 [00:00<?, ?it/s]  [EKF] iterating [analytical]:   0%|          | 0/20 [00:01<?, ?it/s, RMSE=13.955TECU, rel_dP=1.74e-02]  [EKF] iterating [analytical]:   5%|▌         | 1/20 [00:01<00:32,  1.70s/it, RMSE=13.955TECU, rel_dP=1.74e-02]  [EKF] iterating [analytical]:   5%|▌         | 1/20 [00:03<00:32,  1.70s/it, RMSE=2.828TECU, rel_dP=6.31e-03]   [EKF] iterating [analytical]:  10%|█         | 2/20 [00:03<00:30,  1.67s/it, RMSE=2.828TECU, rel_dP=6.31e-03]  [EKF] iterating [analytical]:  10%|█         | 2/20 [00:05<00:30,  1.67s/it, RMSE=1.506TECU, rel_dP=3.21e-03]  [EKF] iterating [analytical]:  15%|█▌        | 3/20 [00:05<00:28,  1.69s/it, RMSE=1.506TECU, rel_dP=3.21e-03]  [EKF] iterating [analytical]:  15%|█▌        | 3/20 [00:06<00:28,  1.69s/it, RMSE=1.188TECU, rel_dP=2.01e-03]  [EKF] iterating [analytical]:  20%|██        | 4/20 [00:06<00:26,  1.67s/it, RMSE=1.188TECU, rel_dP=2.01e-03]  [EKF] iterating [analytical]:  20%|██        | 4/20 [00:08<00:26,  1.67s/it, RMSE=1.080TECU, rel_dP=1.53e-03]  [EKF] iterating [analytical]:  25%|██▌       | 5/20 [00:08<00:25,  1.69s/it, RMSE=1.080TECU, rel_dP=1.53e-03]  [EKF] iterating [analytical]:  25%|██▌       | 5/20 [00:10<00:25,  1.69s/it, RMSE=1.020TECU, rel_dP=1.30e-03]  [EKF] iterating [analytical]:  30%|███       | 6/20 [00:10<00:23,  1.68s/it, RMSE=1.020TECU, rel_dP=1.30e-03]  [EKF] iterating [analytical]:  30%|███       | 6/20 [00:11<00:23,  1.68s/it, RMSE=0.976TECU, rel_dP=1.16e-03]  [EKF] iterating [analytical]:  35%|███▌      | 7/20 [00:11<00:21,  1.68s/it, RMSE=0.976TECU, rel_dP=1.16e-03]  [EKF] iterating [analytical]:  35%|███▌      | 7/20 [00:13<00:21,  1.68s/it, RMSE=0.939TECU, rel_dP=1.06e-03]  [EKF] iterating [analytical]:  40%|████      | 8/20 [00:13<00:20,  1.68s/it, RMSE=0.939TECU, rel_dP=1.06e-03]  [EKF] iterating [analytical]:  40%|████      | 8/20 [00:15<00:20,  1.68s/it, RMSE=0.907TECU, rel_dP=9.76e-04]  [EKF] iterating [analytical]:  45%|████▌     | 9/20 [00:15<00:18,  1.68s/it, RMSE=0.907TECU, rel_dP=9.76e-04]  [EKF] iterating [analytical]:  45%|████▌     | 9/20 [00:16<00:18,  1.68s/it, RMSE=0.878TECU, rel_dP=9.11e-04]  [EKF] iterating [analytical]:  50%|█████     | 10/20 [00:16<00:16,  1.68s/it, RMSE=0.878TECU, rel_dP=9.11e-04]  [EKF] iterating [analytical]:  50%|█████     | 10/20 [00:18<00:16,  1.68s/it, RMSE=0.851TECU, rel_dP=8.55e-04]  [EKF] iterating [analytical]:  55%|█████▌    | 11/20 [00:18<00:15,  1.67s/it, RMSE=0.851TECU, rel_dP=8.55e-04]  [EKF] iterating [analytical]:  55%|█████▌    | 11/20 [00:20<00:15,  1.67s/it, RMSE=0.827TECU, rel_dP=8.06e-04]  [EKF] iterating [analytical]:  60%|██████    | 12/20 [00:20<00:13,  1.66s/it, RMSE=0.827TECU, rel_dP=8.06e-04]  [EKF] iterating [analytical]:  60%|██████    | 12/20 [00:21<00:13,  1.66s/it, RMSE=0.805TECU, rel_dP=7.63e-04]  [EKF] iterating [analytical]:  65%|██████▌   | 13/20 [00:21<00:11,  1.66s/it, RMSE=0.805TECU, rel_dP=7.63e-04]  [EKF] iterating [analytical]:  65%|██████▌   | 13/20 [00:23<00:11,  1.66s/it, RMSE=0.785TECU, rel_dP=7.25e-04]  [EKF] iterating [analytical]:  70%|███████   | 14/20 [00:23<00:09,  1.66s/it, RMSE=0.785TECU, rel_dP=7.25e-04]  [EKF] iterating [analytical]:  70%|███████   | 14/20 [00:25<00:09,  1.66s/it, RMSE=0.766TECU, rel_dP=6.90e-04]  [EKF] iterating [analytical]:  75%|███████▌  | 15/20 [00:25<00:08,  1.66s/it, RMSE=0.766TECU, rel_dP=6.90e-04]  [EKF] iterating [analytical]:  75%|███████▌  | 15/20 [00:26<00:08,  1.66s/it, RMSE=0.749TECU, rel_dP=6.59e-04]  [EKF] iterating [analytical]:  80%|████████  | 16/20 [00:26<00:06,  1.66s/it, RMSE=0.749TECU, rel_dP=6.59e-04]  [EKF] iterating [analytical]:  80%|████████  | 16/20 [00:28<00:06,  1.66s/it, RMSE=0.733TECU, rel_dP=6.30e-04]  [EKF] iterating [analytical]:  85%|████████▌ | 17/20 [00:28<00:04,  1.66s/it, RMSE=0.733TECU, rel_dP=6.30e-04]  [EKF] iterating [analytical]:  85%|████████▌ | 17/20 [00:30<00:04,  1.66s/it, RMSE=0.717TECU, rel_dP=6.03e-04]  [EKF] iterating [analytical]:  90%|█████████ | 18/20 [00:30<00:03,  1.70s/it, RMSE=0.717TECU, rel_dP=6.03e-04]  [EKF] iterating [analytical]:  90%|█████████ | 18/20 [00:31<00:03,  1.70s/it, RMSE=0.703TECU, rel_dP=5.78e-04]  [EKF] iterating [analytical]:  95%|█████████▌| 19/20 [00:31<00:01,  1.68s/it, RMSE=0.703TECU, rel_dP=5.78e-04]  [EKF] iterating [analytical]:  95%|█████████▌| 19/20 [00:33<00:01,  1.68s/it, RMSE=0.690TECU, rel_dP=5.55e-04]  [EKF] iterating [analytical]: 100%|██████████| 20/20 [00:33<00:00,  1.71s/it, RMSE=0.690TECU, rel_dP=5.55e-04]                                                                                                                  [EKF] Reached max_iter=20 without convergence  (final ||ΔP||/||P|| = 5.55e-04)
  [EKF] Posterior innovations  mean=0.02  std=0.68  max_abs=3.21 TECU
  [EKF] Prior RMSE 13.512 TECU  →  Post RMSE 0.708 TECU
  [EKF] 622 arcs  |  5716 profile rays  |  4465 update rays  |  n_state = 1248
  [EKF] Prior innovations  mean=0.94  std=4.54  max_abs=39.81 TECU
  [EKF] iterating [analytical]:   0%|          | 0/20 [00:00<?, ?it/s]  [EKF] iterating [analytical]:   0%|          | 0/20 [00:21<?, ?it/s, RMSE=4.640TECU, rel_dP=1.78e-02]  [EKF] iterating [analytical]:   5%|▌         | 1/20 [00:21<06:52, 21.71s/it, RMSE=4.640TECU, rel_dP=1.78e-02]  [EKF] iterating [analytical]:   5%|▌         | 1/20 [00:43<06:52, 21.71s/it, RMSE=1.103TECU, rel_dP=7.25e-03]  [EKF] iterating [analytical]:  10%|█         | 2/20 [00:43<06:29, 21.65s/it, RMSE=1.103TECU, rel_dP=7.25e-03]  [EKF] iterating [analytical]:  10%|█         | 2/20 [01:05<06:29, 21.65s/it, RMSE=0.745TECU, rel_dP=4.10e-03]  [EKF] iterating [analytical]:  15%|█▌        | 3/20 [01:05<06:08, 21.70s/it, RMSE=0.745TECU, rel_dP=4.10e-03]  [EKF] iterating [analytical]:  15%|█▌        | 3/20 [01:26<06:08, 21.70s/it, RMSE=0.664TECU, rel_dP=2.73e-03]  [EKF] iterating [analytical]:  20%|██        | 4/20 [01:26<05:46, 21.65s/it, RMSE=0.664TECU, rel_dP=2.73e-03]  [EKF] iterating [analytical]:  20%|██        | 4/20 [01:48<05:46, 21.65s/it, RMSE=0.634TECU, rel_dP=2.06e-03]  [EKF] iterating [analytical]:  25%|██▌       | 5/20 [01:48<05:26, 21.80s/it, RMSE=0.634TECU, rel_dP=2.06e-03]  [EKF] iterating [analytical]:  25%|██▌       | 5/20 [02:10<05:26, 21.80s/it, RMSE=0.616TECU, rel_dP=1.69e-03]  [EKF] iterating [analytical]:  30%|███       | 6/20 [02:10<05:03, 21.70s/it, RMSE=0.616TECU, rel_dP=1.69e-03]  [EKF] iterating [analytical]:  30%|███       | 6/20 [02:31<05:03, 21.70s/it, RMSE=0.604TECU, rel_dP=1.45e-03]  [EKF] iterating [analytical]:  35%|███▌      | 7/20 [02:31<04:41, 21.63s/it, RMSE=0.604TECU, rel_dP=1.45e-03]  [EKF] iterating [analytical]:  35%|███▌      | 7/20 [02:53<04:41, 21.63s/it, RMSE=0.594TECU, rel_dP=1.28e-03]  [EKF] iterating [analytical]:  40%|████      | 8/20 [02:53<04:19, 21.67s/it, RMSE=0.594TECU, rel_dP=1.28e-03]  [EKF] iterating [analytical]:  40%|████      | 8/20 [03:15<04:19, 21.67s/it, RMSE=0.586TECU, rel_dP=1.15e-03]  [EKF] iterating [analytical]:  45%|████▌     | 9/20 [03:15<03:58, 21.66s/it, RMSE=0.586TECU, rel_dP=1.15e-03]  [EKF] iterating [analytical]:  45%|████▌     | 9/20 [03:36<03:58, 21.66s/it, RMSE=0.579TECU, rel_dP=1.06e-03]  [EKF] iterating [analytical]:  50%|█████     | 10/20 [03:36<03:36, 21.65s/it, RMSE=0.579TECU, rel_dP=1.06e-03]  [EKF] iterating [analytical]:  50%|█████     | 10/20 [22:54<03:36, 21.65s/it, RMSE=0.574TECU, rel_dP=9.78e-04]  [EKF] iterating [analytical]:  55%|█████▌    | 11/20 [22:54<55:25, 369.45s/it, RMSE=0.574TECU, rel_dP=9.78e-04]  [EKF] iterating [analytical]:  55%|█████▌    | 11/20 [23:17<55:25, 369.45s/it, RMSE=0.569TECU, rel_dP=9.12e-04]  [EKF] iterating [analytical]:  60%|██████    | 12/20 [23:17<35:11, 263.88s/it, RMSE=0.569TECU, rel_dP=9.12e-04]  [EKF] iterating [analytical]:  60%|██████    | 12/20 [23:39<35:11, 263.88s/it, RMSE=0.564TECU, rel_dP=8.57e-04]  [EKF] iterating [analytical]:  65%|██████▌   | 13/20 [23:39<22:13, 190.54s/it, RMSE=0.564TECU, rel_dP=8.57e-04]  [EKF] iterating [analytical]:  65%|██████▌   | 13/20 [24:00<22:13, 190.54s/it, RMSE=0.560TECU, rel_dP=8.09e-04]  [EKF] iterating [analytical]:  70%|███████   | 14/20 [24:00<13:57, 139.61s/it, RMSE=0.560TECU, rel_dP=8.09e-04]  [EKF] iterating [analytical]:  70%|███████   | 14/20 [24:22<13:57, 139.61s/it, RMSE=0.557TECU, rel_dP=7.67e-04]  [EKF] iterating [analytical]:  75%|███████▌  | 15/20 [24:22<08:40, 104.14s/it, RMSE=0.557TECU, rel_dP=7.67e-04]  [EKF] iterating [analytical]:  75%|███████▌  | 15/20 [24:44<08:40, 104.14s/it, RMSE=0.554TECU, rel_dP=7.30e-04]  [EKF] iterating [analytical]:  80%|████████  | 16/20 [24:44<05:17, 79.32s/it, RMSE=0.554TECU, rel_dP=7.30e-04]   [EKF] iterating [analytical]:  80%|████████  | 16/20 [25:06<05:17, 79.32s/it, RMSE=0.551TECU, rel_dP=6.97e-04]  [EKF] iterating [analytical]:  85%|████████▌ | 17/20 [25:06<03:05, 61.95s/it, RMSE=0.551TECU, rel_dP=6.97e-04]  [EKF] iterating [analytical]:  85%|████████▌ | 17/20 [25:27<03:05, 61.95s/it, RMSE=0.548TECU, rel_dP=6.67e-04]  [EKF] iterating [analytical]:  90%|█████████ | 18/20 [25:27<01:39, 49.88s/it, RMSE=0.548TECU, rel_dP=6.67e-04]  [EKF] iterating [analytical]:  90%|█████████ | 18/20 [25:49<01:39, 49.88s/it, RMSE=0.545TECU, rel_dP=6.40e-04]  [EKF] iterating [analytical]:  95%|█████████▌| 19/20 [25:49<00:41, 41.36s/it, RMSE=0.545TECU, rel_dP=6.40e-04]  [EKF] iterating [analytical]:  95%|█████████▌| 19/20 [26:10<00:41, 41.36s/it, RMSE=0.543TECU, rel_dP=6.15e-04]  [EKF] iterating [analytical]: 100%|██████████| 20/20 [26:10<00:00, 35.43s/it, RMSE=0.543TECU, rel_dP=6.15e-04]                                                                                                                  [EKF] Reached max_iter=20 without convergence  (final ||ΔP||/||P|| = 6.15e-04)
  [EKF] Posterior innovations  mean=-0.04  std=0.54  max_abs=5.12 TECU
  [EKF] Prior RMSE 7.467 TECU  →  Post RMSE 0.662 TECU

  [sweep 2026-02-12_0100] N_OCC=20  (RO arcs available=17, used=17)
  [EKF] 17 arcs  |  2971 profile rays  |  796 update rays  |  n_state = 1248
  [EKF] Prior innovations  mean=5.14  std=13.51  max_abs=50.50 TECU
  [EKF] iterating [analytical]:   0%|          | 0/20 [00:00<?, ?it/s]  [EKF] iterating [analytical]:   0%|          | 0/20 [00:03<?, ?it/s, RMSE=14.456TECU, rel_dP=2.01e-02]  [EKF] iterating [analytical]:   5%|▌         | 1/20 [00:03<00:58,  3.06s/it, RMSE=14.456TECU, rel_dP=2.01e-02]  [EKF] iterating [analytical]:   5%|▌         | 1/20 [00:06<00:58,  3.06s/it, RMSE=3.531TECU, rel_dP=7.69e-03]   [EKF] iterating [analytical]:  10%|█         | 2/20 [00:06<00:55,  3.07s/it, RMSE=3.531TECU, rel_dP=7.69e-03]  [EKF] iterating [analytical]:  10%|█         | 2/20 [00:09<00:55,  3.07s/it, RMSE=2.011TECU, rel_dP=4.46e-03]  [EKF] iterating [analytical]:  15%|█▌        | 3/20 [00:09<00:52,  3.10s/it, RMSE=2.011TECU, rel_dP=4.46e-03]  [EKF] iterating [analytical]:  15%|█▌        | 3/20 [00:12<00:52,  3.10s/it, RMSE=1.735TECU, rel_dP=3.14e-03]  [EKF] iterating [analytical]:  20%|██        | 4/20 [00:12<00:49,  3.10s/it, RMSE=1.735TECU, rel_dP=3.14e-03]  [EKF] iterating [analytical]:  20%|██        | 4/20 [00:15<00:49,  3.10s/it, RMSE=1.635TECU, rel_dP=2.53e-03]  [EKF] iterating [analytical]:  25%|██▌       | 5/20 [00:15<00:46,  3.13s/it, RMSE=1.635TECU, rel_dP=2.53e-03]  [EKF] iterating [analytical]:  25%|██▌       | 5/20 [00:18<00:46,  3.13s/it, RMSE=1.574TECU, rel_dP=2.19e-03]  [EKF] iterating [analytical]:  30%|███       | 6/20 [00:18<00:43,  3.12s/it, RMSE=1.574TECU, rel_dP=2.19e-03]  [EKF] iterating [analytical]:  30%|███       | 6/20 [00:21<00:43,  3.12s/it, RMSE=1.527TECU, rel_dP=1.99e-03]  [EKF] iterating [analytical]:  35%|███▌      | 7/20 [00:21<00:40,  3.12s/it, RMSE=1.527TECU, rel_dP=1.99e-03]  [EKF] iterating [analytical]:  35%|███▌      | 7/20 [00:24<00:40,  3.12s/it, RMSE=1.489TECU, rel_dP=1.84e-03]  [EKF] iterating [analytical]:  40%|████      | 8/20 [00:24<00:37,  3.13s/it, RMSE=1.489TECU, rel_dP=1.84e-03]  [EKF] iterating [analytical]:  40%|████      | 8/20 [00:28<00:37,  3.13s/it, RMSE=1.456TECU, rel_dP=1.72e-03]  [EKF] iterating [analytical]:  45%|████▌     | 9/20 [00:28<00:34,  3.13s/it, RMSE=1.456TECU, rel_dP=1.72e-03]  [EKF] iterating [analytical]:  45%|████▌     | 9/20 [00:31<00:34,  3.13s/it, RMSE=1.426TECU, rel_dP=1.63e-03]  [EKF] iterating [analytical]:  50%|█████     | 10/20 [00:31<00:31,  3.12s/it, RMSE=1.426TECU, rel_dP=1.63e-03]  [EKF] iterating [analytical]:  50%|█████     | 10/20 [00:34<00:31,  3.12s/it, RMSE=1.402TECU, rel_dP=1.54e-03]  [EKF] iterating [analytical]:  55%|█████▌    | 11/20 [00:34<00:27,  3.09s/it, RMSE=1.402TECU, rel_dP=1.54e-03]  [EKF] iterating [analytical]:  55%|█████▌    | 11/20 [00:37<00:27,  3.09s/it, RMSE=1.401TECU, rel_dP=1.48e-03]  [EKF] iterating [analytical]:  60%|██████    | 12/20 [00:37<00:24,  3.07s/it, RMSE=1.401TECU, rel_dP=1.48e-03]  [EKF] iterating [analytical]:  60%|██████    | 12/20 [00:40<00:24,  3.07s/it, RMSE=1.411TECU, rel_dP=1.46e-03]  [EKF] iterating [analytical]:  65%|██████▌   | 13/20 [00:40<00:21,  3.07s/it, RMSE=1.411TECU, rel_dP=1.46e-03]  [EKF] iterating [analytical]:  65%|██████▌   | 13/20 [00:43<00:21,  3.07s/it, RMSE=1.422TECU, rel_dP=1.45e-03]  [EKF] iterating [analytical]:  70%|███████   | 14/20 [00:43<00:18,  3.07s/it, RMSE=1.422TECU, rel_dP=1.45e-03]  [EKF] iterating [analytical]:  70%|███████   | 14/20 [00:46<00:18,  3.07s/it, RMSE=1.432TECU, rel_dP=1.45e-03]  [EKF] iterating [analytical]:  75%|███████▌  | 15/20 [00:46<00:15,  3.09s/it, RMSE=1.432TECU, rel_dP=1.45e-03]  [EKF] iterating [analytical]:  75%|███████▌  | 15/20 [00:49<00:15,  3.09s/it, RMSE=1.440TECU, rel_dP=1.45e-03]  [EKF] iterating [analytical]:  80%|████████  | 16/20 [00:49<00:12,  3.08s/it, RMSE=1.440TECU, rel_dP=1.45e-03]  [EKF] iterating [analytical]:  80%|████████  | 16/20 [00:52<00:12,  3.08s/it, RMSE=1.445TECU, rel_dP=1.45e-03]  [EKF] iterating [analytical]:  85%|████████▌ | 17/20 [00:52<00:09,  3.09s/it, RMSE=1.445TECU, rel_dP=1.45e-03]  [EKF] iterating [analytical]:  85%|████████▌ | 17/20 [00:55<00:09,  3.09s/it, RMSE=1.448TECU, rel_dP=1.44e-03]  [EKF] iterating [analytical]:  90%|█████████ | 18/20 [00:55<00:06,  3.09s/it, RMSE=1.448TECU, rel_dP=1.44e-03]  [EKF] iterating [analytical]:  90%|█████████ | 18/20 [00:58<00:06,  3.09s/it, RMSE=1.449TECU, rel_dP=1.43e-03]  [EKF] iterating [analytical]:  95%|█████████▌| 19/20 [00:58<00:03,  3.10s/it, RMSE=1.449TECU, rel_dP=1.43e-03]  [EKF] iterating [analytical]:  95%|█████████▌| 19/20 [01:01<00:03,  3.10s/it, RMSE=1.448TECU, rel_dP=1.42e-03]  [EKF] iterating [analytical]: 100%|██████████| 20/20 [01:01<00:00,  3.09s/it, RMSE=1.448TECU, rel_dP=1.42e-03]                                                                                                                  [EKF] Reached max_iter=20 without convergence  (final ||ΔP||/||P|| = 1.42e-03)
  [EKF] Posterior innovations  mean=-0.19  std=1.43  max_abs=13.22 TECU
  [EKF] Prior RMSE 14.267 TECU  →  Post RMSE 1.646 TECU
  [EKF] 629 arcs  |  6958 profile rays  |  4783 update rays  |  n_state = 1248
  [EKF] Prior innovations  mean=0.96  std=5.87  max_abs=50.50 TECU
  [EKF] iterating [analytical]:   0%|          | 0/20 [00:00<?, ?it/s]  [EKF] iterating [analytical]:   0%|          | 0/20 [00:22<?, ?it/s, RMSE=5.951TECU, rel_dP=2.03e-02]  [EKF] iterating [analytical]:   5%|▌         | 1/20 [00:22<06:59, 22.06s/it, RMSE=5.951TECU, rel_dP=2.03e-02]  [EKF] iterating [analytical]:   5%|▌         | 1/20 [00:44<06:59, 22.06s/it, RMSE=1.605TECU, rel_dP=8.51e-03]  [EKF] iterating [analytical]:  10%|█         | 2/20 [00:44<06:38, 22.14s/it, RMSE=1.605TECU, rel_dP=8.51e-03]  [EKF] iterating [analytical]:  10%|█         | 2/20 [01:06<06:38, 22.14s/it, RMSE=1.066TECU, rel_dP=5.18e-03]  [EKF] iterating [analytical]:  15%|█▌        | 3/20 [01:06<06:16, 22.16s/it, RMSE=1.066TECU, rel_dP=5.18e-03]  [EKF] iterating [analytical]:  15%|█▌        | 3/20 [01:28<06:16, 22.16s/it, RMSE=0.972TECU, rel_dP=3.80e-03]  [EKF] iterating [analytical]:  20%|██        | 4/20 [01:28<05:54, 22.17s/it, RMSE=0.972TECU, rel_dP=3.80e-03]  [EKF] iterating [analytical]:  20%|██        | 4/20 [01:50<05:54, 22.17s/it, RMSE=0.934TECU, rel_dP=3.19e-03]  [EKF] iterating [analytical]:  25%|██▌       | 5/20 [01:50<05:33, 22.21s/it, RMSE=0.934TECU, rel_dP=3.19e-03]  [EKF] iterating [analytical]:  25%|██▌       | 5/20 [02:13<05:33, 22.21s/it, RMSE=0.908TECU, rel_dP=2.87e-03]  [EKF] iterating [analytical]:  30%|███       | 6/20 [02:13<05:10, 22.21s/it, RMSE=0.908TECU, rel_dP=2.87e-03]  [EKF] iterating [analytical]:  30%|███       | 6/20 [02:35<05:10, 22.21s/it, RMSE=0.887TECU, rel_dP=2.67e-03]  [EKF] iterating [analytical]:  35%|███▌      | 7/20 [02:35<04:49, 22.27s/it, RMSE=0.887TECU, rel_dP=2.67e-03]  [EKF] iterating [analytical]:  35%|███▌      | 7/20 [02:58<04:49, 22.27s/it, RMSE=0.868TECU, rel_dP=2.51e-03]  [EKF] iterating [analytical]:  40%|████      | 8/20 [02:58<04:28, 22.39s/it, RMSE=0.868TECU, rel_dP=2.51e-03]  [EKF] iterating [analytical]:  40%|████      | 8/20 [03:20<04:28, 22.39s/it, RMSE=0.863TECU, rel_dP=2.40e-03]  [EKF] iterating [analytical]:  45%|████▌     | 9/20 [03:20<04:05, 22.34s/it, RMSE=0.863TECU, rel_dP=2.40e-03]  [EKF] iterating [analytical]:  45%|████▌     | 9/20 [03:42<04:05, 22.34s/it, RMSE=0.875TECU, rel_dP=2.40e-03]  [EKF] iterating [analytical]:  50%|█████     | 10/20 [03:42<03:42, 22.28s/it, RMSE=0.875TECU, rel_dP=2.40e-03]  [EKF] iterating [analytical]:  50%|█████     | 10/20 [04:04<03:42, 22.28s/it, RMSE=0.892TECU, rel_dP=2.44e-03]  [EKF] iterating [analytical]:  55%|█████▌    | 11/20 [04:04<03:19, 22.21s/it, RMSE=0.892TECU, rel_dP=2.44e-03]  [EKF] iterating [analytical]:  55%|█████▌    | 11/20 [04:26<03:19, 22.21s/it, RMSE=0.909TECU, rel_dP=2.48e-03]  [EKF] iterating [analytical]:  60%|██████    | 12/20 [04:26<02:56, 22.10s/it, RMSE=0.909TECU, rel_dP=2.48e-03]  [EKF] iterating [analytical]:  60%|██████    | 12/20 [04:48<02:56, 22.10s/it, RMSE=0.922TECU, rel_dP=2.52e-03]  [EKF] iterating [analytical]:  65%|██████▌   | 13/20 [04:48<02:34, 22.14s/it, RMSE=0.922TECU, rel_dP=2.52e-03]  [EKF] iterating [analytical]:  65%|██████▌   | 13/20 [05:10<02:34, 22.14s/it, RMSE=0.933TECU, rel_dP=2.55e-03]  [EKF] iterating [analytical]:  70%|███████   | 14/20 [05:10<02:12, 22.12s/it, RMSE=0.933TECU, rel_dP=2.55e-03]  [EKF] iterating [analytical]:  70%|███████   | 14/20 [05:32<02:12, 22.12s/it, RMSE=0.942TECU, rel_dP=2.56e-03]  [EKF] iterating [analytical]:  75%|███████▌  | 15/20 [05:32<01:50, 22.12s/it, RMSE=0.942TECU, rel_dP=2.56e-03]  [EKF] iterating [analytical]:  75%|███████▌  | 15/20 [05:54<01:50, 22.12s/it, RMSE=0.950TECU, rel_dP=2.55e-03]  [EKF] iterating [analytical]:  80%|████████  | 16/20 [05:54<01:28, 22.10s/it, RMSE=0.950TECU, rel_dP=2.55e-03]  [EKF] iterating [analytical]:  80%|████████  | 16/20 [06:17<01:28, 22.10s/it, RMSE=0.955TECU, rel_dP=2.54e-03]  [EKF] iterating [analytical]:  85%|████████▌ | 17/20 [06:17<01:06, 22.10s/it, RMSE=0.955TECU, rel_dP=2.54e-03]  [EKF] iterating [analytical]:  85%|████████▌ | 17/20 [06:39<01:06, 22.10s/it, RMSE=0.957TECU, rel_dP=2.52e-03]  [EKF] iterating [analytical]:  90%|█████████ | 18/20 [06:39<00:44, 22.09s/it, RMSE=0.957TECU, rel_dP=2.52e-03]  [EKF] iterating [analytical]:  90%|█████████ | 18/20 [07:01<00:44, 22.09s/it, RMSE=0.958TECU, rel_dP=2.49e-03]  [EKF] iterating [analytical]:  95%|█████████▌| 19/20 [07:01<00:22, 22.14s/it, RMSE=0.958TECU, rel_dP=2.49e-03]  [EKF] iterating [analytical]:  95%|█████████▌| 19/20 [07:23<00:22, 22.14s/it, RMSE=0.957TECU, rel_dP=2.46e-03]  [EKF] iterating [analytical]: 100%|██████████| 20/20 [07:23<00:00, 22.10s/it, RMSE=0.957TECU, rel_dP=2.46e-03]                                                                                                                  [EKF] Reached max_iter=20 without convergence  (final ||ΔP||/||P|| = 2.46e-03)
  [EKF] Posterior innovations  mean=-0.18  std=0.94  max_abs=12.81 TECU
  [EKF] Prior RMSE 9.346 TECU  →  Post RMSE 1.337 TECU

  [sweep 2026-02-12_0100] N_OCC=30  (RO arcs available=17, used=17)
  [EKF] 17 arcs  |  2971 profile rays  |  796 update rays  |  n_state = 1248
  [EKF] Prior innovations  mean=5.14  std=13.51  max_abs=50.50 TECU
  [EKF] iterating [analytical]:   0%|          | 0/20 [00:00<?, ?it/s]  [EKF] iterating [analytical]:   0%|          | 0/20 [00:02<?, ?it/s, RMSE=14.456TECU, rel_dP=2.01e-02]  [EKF] iterating [analytical]:   5%|▌         | 1/20 [00:02<00:56,  2.97s/it, RMSE=14.456TECU, rel_dP=2.01e-02]  [EKF] iterating [analytical]:   5%|▌         | 1/20 [00:05<00:56,  2.97s/it, RMSE=3.531TECU, rel_dP=7.69e-03]   [EKF] iterating [analytical]:  10%|█         | 2/20 [00:05<00:53,  2.99s/it, RMSE=3.531TECU, rel_dP=7.69e-03]  [EKF] iterating [analytical]:  10%|█         | 2/20 [00:08<00:53,  2.99s/it, RMSE=2.011TECU, rel_dP=4.46e-03]  [EKF] iterating [analytical]:  15%|█▌        | 3/20 [00:08<00:50,  2.98s/it, RMSE=2.011TECU, rel_dP=4.46e-03]  [EKF] iterating [analytical]:  15%|█▌        | 3/20 [00:11<00:50,  2.98s/it, RMSE=1.735TECU, rel_dP=3.14e-03]  [EKF] iterating [analytical]:  20%|██        | 4/20 [00:11<00:47,  2.99s/it, RMSE=1.735TECU, rel_dP=3.14e-03]  [EKF] iterating [analytical]:  20%|██        | 4/20 [00:14<00:47,  2.99s/it, RMSE=1.635TECU, rel_dP=2.53e-03]  [EKF] iterating [analytical]:  25%|██▌       | 5/20 [00:14<00:45,  3.01s/it, RMSE=1.635TECU, rel_dP=2.53e-03]  [EKF] iterating [analytical]:  25%|██▌       | 5/20 [00:17<00:45,  3.01s/it, RMSE=1.574TECU, rel_dP=2.19e-03]  [EKF] iterating [analytical]:  30%|███       | 6/20 [00:17<00:41,  2.98s/it, RMSE=1.574TECU, rel_dP=2.19e-03]  [EKF] iterating [analytical]:  30%|███       | 6/20 [00:20<00:41,  2.98s/it, RMSE=1.527TECU, rel_dP=1.99e-03]  [EKF] iterating [analytical]:  35%|███▌      | 7/20 [00:20<00:38,  2.99s/it, RMSE=1.527TECU, rel_dP=1.99e-03]  [EKF] iterating [analytical]:  35%|███▌      | 7/20 [00:23<00:38,  2.99s/it, RMSE=1.489TECU, rel_dP=1.84e-03]  [EKF] iterating [analytical]:  40%|████      | 8/20 [00:23<00:36,  3.01s/it, RMSE=1.489TECU, rel_dP=1.84e-03]  [EKF] iterating [analytical]:  40%|████      | 8/20 [00:26<00:36,  3.01s/it, RMSE=1.456TECU, rel_dP=1.72e-03]  [EKF] iterating [analytical]:  45%|████▌     | 9/20 [00:26<00:32,  2.99s/it, RMSE=1.456TECU, rel_dP=1.72e-03]  [EKF] iterating [analytical]:  45%|████▌     | 9/20 [00:29<00:32,  2.99s/it, RMSE=1.426TECU, rel_dP=1.63e-03]  [EKF] iterating [analytical]:  50%|█████     | 10/20 [00:29<00:29,  3.00s/it, RMSE=1.426TECU, rel_dP=1.63e-03]  [EKF] iterating [analytical]:  50%|█████     | 10/20 [00:32<00:29,  3.00s/it, RMSE=1.402TECU, rel_dP=1.54e-03]  [EKF] iterating [analytical]:  55%|█████▌    | 11/20 [00:32<00:26,  2.99s/it, RMSE=1.402TECU, rel_dP=1.54e-03]  [EKF] iterating [analytical]:  55%|█████▌    | 11/20 [00:35<00:26,  2.99s/it, RMSE=1.401TECU, rel_dP=1.48e-03]  [EKF] iterating [analytical]:  60%|██████    | 12/20 [00:35<00:23,  2.98s/it, RMSE=1.401TECU, rel_dP=1.48e-03]  [EKF] iterating [analytical]:  60%|██████    | 12/20 [00:38<00:23,  2.98s/it, RMSE=1.411TECU, rel_dP=1.46e-03]  [EKF] iterating [analytical]:  65%|██████▌   | 13/20 [00:38<00:20,  2.99s/it, RMSE=1.411TECU, rel_dP=1.46e-03]  [EKF] iterating [analytical]:  65%|██████▌   | 13/20 [00:41<00:20,  2.99s/it, RMSE=1.422TECU, rel_dP=1.45e-03]  [EKF] iterating [analytical]:  70%|███████   | 14/20 [00:41<00:18,  3.00s/it, RMSE=1.422TECU, rel_dP=1.45e-03]  [EKF] iterating [analytical]:  70%|███████   | 14/20 [00:44<00:18,  3.00s/it, RMSE=1.432TECU, rel_dP=1.45e-03]  [EKF] iterating [analytical]:  75%|███████▌  | 15/20 [00:44<00:15,  3.02s/it, RMSE=1.432TECU, rel_dP=1.45e-03]  [EKF] iterating [analytical]:  75%|███████▌  | 15/20 [00:47<00:15,  3.02s/it, RMSE=1.440TECU, rel_dP=1.45e-03]  [EKF] iterating [analytical]:  80%|████████  | 16/20 [00:47<00:12,  3.01s/it, RMSE=1.440TECU, rel_dP=1.45e-03]  [EKF] iterating [analytical]:  80%|████████  | 16/20 [00:51<00:12,  3.01s/it, RMSE=1.445TECU, rel_dP=1.45e-03]  [EKF] iterating [analytical]:  85%|████████▌ | 17/20 [00:51<00:09,  3.03s/it, RMSE=1.445TECU, rel_dP=1.45e-03]  [EKF] iterating [analytical]:  85%|████████▌ | 17/20 [00:54<00:09,  3.03s/it, RMSE=1.448TECU, rel_dP=1.44e-03]  [EKF] iterating [analytical]:  90%|█████████ | 18/20 [00:54<00:06,  3.02s/it, RMSE=1.448TECU, rel_dP=1.44e-03]  [EKF] iterating [analytical]:  90%|█████████ | 18/20 [00:56<00:06,  3.02s/it, RMSE=1.449TECU, rel_dP=1.43e-03]  [EKF] iterating [analytical]:  95%|█████████▌| 19/20 [00:56<00:03,  3.00s/it, RMSE=1.449TECU, rel_dP=1.43e-03]  [EKF] iterating [analytical]:  95%|█████████▌| 19/20 [00:59<00:03,  3.00s/it, RMSE=1.448TECU, rel_dP=1.42e-03]  [EKF] iterating [analytical]: 100%|██████████| 20/20 [00:59<00:00,  2.99s/it, RMSE=1.448TECU, rel_dP=1.42e-03]                                                                                                                  [EKF] Reached max_iter=20 without convergence  (final ||ΔP||/||P|| = 1.42e-03)
  [EKF] Posterior innovations  mean=-0.19  std=1.43  max_abs=13.22 TECU
  [EKF] Prior RMSE 14.267 TECU  →  Post RMSE 1.646 TECU
  [EKF] 629 arcs  |  6958 profile rays  |  4783 update rays  |  n_state = 1248
  [EKF] Prior innovations  mean=0.96  std=5.87  max_abs=50.50 TECU
  [EKF] iterating [analytical]:   0%|          | 0/20 [00:00<?, ?it/s]  [EKF] iterating [analytical]:   0%|          | 0/20 [00:21<?, ?it/s, RMSE=5.951TECU, rel_dP=2.03e-02]  [EKF] iterating [analytical]:   5%|▌         | 1/20 [00:21<06:57, 21.97s/it, RMSE=5.951TECU, rel_dP=2.03e-02]  [EKF] iterating [analytical]:   5%|▌         | 1/20 [00:44<06:57, 21.97s/it, RMSE=1.605TECU, rel_dP=8.51e-03]  [EKF] iterating [analytical]:  10%|█         | 2/20 [00:44<06:36, 22.03s/it, RMSE=1.605TECU, rel_dP=8.51e-03]  [EKF] iterating [analytical]:  10%|█         | 2/20 [01:06<06:36, 22.03s/it, RMSE=1.066TECU, rel_dP=5.18e-03]  [EKF] iterating [analytical]:  15%|█▌        | 3/20 [01:06<06:15, 22.07s/it, RMSE=1.066TECU, rel_dP=5.18e-03]  [EKF] iterating [analytical]:  15%|█▌        | 3/20 [01:28<06:15, 22.07s/it, RMSE=0.972TECU, rel_dP=3.80e-03]  [EKF] iterating [analytical]:  20%|██        | 4/20 [01:28<05:53, 22.07s/it, RMSE=0.972TECU, rel_dP=3.80e-03]  [EKF] iterating [analytical]:  20%|██        | 4/20 [01:50<05:53, 22.07s/it, RMSE=0.934TECU, rel_dP=3.19e-03]  [EKF] iterating [analytical]:  25%|██▌       | 5/20 [01:50<05:31, 22.07s/it, RMSE=0.934TECU, rel_dP=3.19e-03]  [EKF] iterating [analytical]:  25%|██▌       | 5/20 [02:12<05:31, 22.07s/it, RMSE=0.908TECU, rel_dP=2.87e-03]  [EKF] iterating [analytical]:  30%|███       | 6/20 [02:12<05:09, 22.12s/it, RMSE=0.908TECU, rel_dP=2.87e-03]  [EKF] iterating [analytical]:  30%|███       | 6/20 [02:34<05:09, 22.12s/it, RMSE=0.887TECU, rel_dP=2.67e-03]  [EKF] iterating [analytical]:  35%|███▌      | 7/20 [02:34<04:48, 22.18s/it, RMSE=0.887TECU, rel_dP=2.67e-03]  [EKF] iterating [analytical]:  35%|███▌      | 7/20 [02:57<04:48, 22.18s/it, RMSE=0.868TECU, rel_dP=2.51e-03]  [EKF] iterating [analytical]:  40%|████      | 8/20 [02:57<04:26, 22.20s/it, RMSE=0.868TECU, rel_dP=2.51e-03]  [EKF] iterating [analytical]:  40%|████      | 8/20 [03:19<04:26, 22.20s/it, RMSE=0.863TECU, rel_dP=2.40e-03]  [EKF] iterating [analytical]:  45%|████▌     | 9/20 [03:19<04:04, 22.26s/it, RMSE=0.863TECU, rel_dP=2.40e-03]  [EKF] iterating [analytical]:  45%|████▌     | 9/20 [03:41<04:04, 22.26s/it, RMSE=0.875TECU, rel_dP=2.40e-03]  [EKF] iterating [analytical]:  50%|█████     | 10/20 [03:41<03:42, 22.26s/it, RMSE=0.875TECU, rel_dP=2.40e-03]  [EKF] iterating [analytical]:  50%|█████     | 10/20 [04:03<03:42, 22.26s/it, RMSE=0.892TECU, rel_dP=2.44e-03]  [EKF] iterating [analytical]:  55%|█████▌    | 11/20 [04:03<03:20, 22.24s/it, RMSE=0.892TECU, rel_dP=2.44e-03]  [EKF] iterating [analytical]:  55%|█████▌    | 11/20 [04:25<03:20, 22.24s/it, RMSE=0.909TECU, rel_dP=2.48e-03]  [EKF] iterating [analytical]:  60%|██████    | 12/20 [04:25<02:57, 22.19s/it, RMSE=0.909TECU, rel_dP=2.48e-03]  [EKF] iterating [analytical]:  60%|██████    | 12/20 [04:48<02:57, 22.19s/it, RMSE=0.922TECU, rel_dP=2.52e-03]  [EKF] iterating [analytical]:  65%|██████▌   | 13/20 [04:48<02:35, 22.21s/it, RMSE=0.922TECU, rel_dP=2.52e-03]  [EKF] iterating [analytical]:  65%|██████▌   | 13/20 [05:10<02:35, 22.21s/it, RMSE=0.933TECU, rel_dP=2.55e-03]  [EKF] iterating [analytical]:  70%|███████   | 14/20 [05:10<02:13, 22.20s/it, RMSE=0.933TECU, rel_dP=2.55e-03]  [EKF] iterating [analytical]:  70%|███████   | 14/20 [05:32<02:13, 22.20s/it, RMSE=0.942TECU, rel_dP=2.56e-03]  [EKF] iterating [analytical]:  75%|███████▌  | 15/20 [05:32<01:50, 22.16s/it, RMSE=0.942TECU, rel_dP=2.56e-03]  [EKF] iterating [analytical]:  75%|███████▌  | 15/20 [05:55<01:50, 22.16s/it, RMSE=0.950TECU, rel_dP=2.55e-03]  [EKF] iterating [analytical]:  80%|████████  | 16/20 [05:55<01:29, 22.32s/it, RMSE=0.950TECU, rel_dP=2.55e-03]  [EKF] iterating [analytical]:  80%|████████  | 16/20 [06:17<01:29, 22.32s/it, RMSE=0.955TECU, rel_dP=2.54e-03]  [EKF] iterating [analytical]:  85%|████████▌ | 17/20 [06:17<01:06, 22.27s/it, RMSE=0.955TECU, rel_dP=2.54e-03]  [EKF] iterating [analytical]:  85%|████████▌ | 17/20 [06:39<01:06, 22.27s/it, RMSE=0.957TECU, rel_dP=2.52e-03]  [EKF] iterating [analytical]:  90%|█████████ | 18/20 [06:39<00:44, 22.35s/it, RMSE=0.957TECU, rel_dP=2.52e-03]  [EKF] iterating [analytical]:  90%|█████████ | 18/20 [07:03<00:44, 22.35s/it, RMSE=0.958TECU, rel_dP=2.49e-03]  [EKF] iterating [analytical]:  95%|█████████▌| 19/20 [07:03<00:22, 22.68s/it, RMSE=0.958TECU, rel_dP=2.49e-03]  [EKF] iterating [analytical]:  95%|█████████▌| 19/20 [07:25<00:22, 22.68s/it, RMSE=0.957TECU, rel_dP=2.46e-03]  [EKF] iterating [analytical]: 100%|██████████| 20/20 [07:25<00:00, 22.54s/it, RMSE=0.957TECU, rel_dP=2.46e-03]                                                                                                                  [EKF] Reached max_iter=20 without convergence  (final ||ΔP||/||P|| = 2.46e-03)
  [EKF] Posterior innovations  mean=-0.18  std=0.94  max_abs=12.81 TECU
  [EKF] Prior RMSE 9.346 TECU  →  Post RMSE 1.337 TECU

  [sweep 2026-02-12_0100] N_OCC=40  (RO arcs available=17, used=17)
  [EKF] 17 arcs  |  2971 profile rays  |  796 update rays  |  n_state = 1248
  [EKF] Prior innovations  mean=5.14  std=13.51  max_abs=50.50 TECU
  [EKF] iterating [analytical]:   0%|          | 0/20 [00:00<?, ?it/s]  [EKF] iterating [analytical]:   0%|          | 0/20 [00:02<?, ?it/s, RMSE=14.456TECU, rel_dP=2.01e-02]  [EKF] iterating [analytical]:   5%|▌         | 1/20 [00:02<00:56,  2.97s/it, RMSE=14.456TECU, rel_dP=2.01e-02]  [EKF] iterating [analytical]:   5%|▌         | 1/20 [00:06<00:56,  2.97s/it, RMSE=3.531TECU, rel_dP=7.69e-03]   [EKF] iterating [analytical]:  10%|█         | 2/20 [00:06<00:54,  3.01s/it, RMSE=3.531TECU, rel_dP=7.69e-03]  [EKF] iterating [analytical]:  10%|█         | 2/20 [00:08<00:54,  3.01s/it, RMSE=2.011TECU, rel_dP=4.46e-03]  [EKF] iterating [analytical]:  15%|█▌        | 3/20 [00:08<00:50,  2.99s/it, RMSE=2.011TECU, rel_dP=4.46e-03]  [EKF] iterating [analytical]:  15%|█▌        | 3/20 [00:11<00:50,  2.99s/it, RMSE=1.735TECU, rel_dP=3.14e-03]  [EKF] iterating [analytical]:  20%|██        | 4/20 [00:11<00:47,  3.00s/it, RMSE=1.735TECU, rel_dP=3.14e-03]  [EKF] iterating [analytical]:  20%|██        | 4/20 [00:15<00:47,  3.00s/it, RMSE=1.635TECU, rel_dP=2.53e-03]  [EKF] iterating [analytical]:  25%|██▌       | 5/20 [00:15<00:45,  3.01s/it, RMSE=1.635TECU, rel_dP=2.53e-03]  [EKF] iterating [analytical]:  25%|██▌       | 5/20 [00:17<00:45,  3.01s/it, RMSE=1.574TECU, rel_dP=2.19e-03]  [EKF] iterating [analytical]:  30%|███       | 6/20 [00:17<00:41,  2.99s/it, RMSE=1.574TECU, rel_dP=2.19e-03]  [EKF] iterating [analytical]:  30%|███       | 6/20 [00:20<00:41,  2.99s/it, RMSE=1.527TECU, rel_dP=1.99e-03]  [EKF] iterating [analytical]:  35%|███▌      | 7/20 [00:20<00:39,  3.00s/it, RMSE=1.527TECU, rel_dP=1.99e-03]  [EKF] iterating [analytical]:  35%|███▌      | 7/20 [00:23<00:39,  3.00s/it, RMSE=1.489TECU, rel_dP=1.84e-03]  [EKF] iterating [analytical]:  40%|████      | 8/20 [00:23<00:35,  2.99s/it, RMSE=1.489TECU, rel_dP=1.84e-03]  [EKF] iterating [analytical]:  40%|████      | 8/20 [00:26<00:35,  2.99s/it, RMSE=1.456TECU, rel_dP=1.72e-03]  [EKF] iterating [analytical]:  45%|████▌     | 9/20 [00:26<00:33,  3.01s/it, RMSE=1.456TECU, rel_dP=1.72e-03]  [EKF] iterating [analytical]:  45%|████▌     | 9/20 [00:29<00:33,  3.01s/it, RMSE=1.426TECU, rel_dP=1.63e-03]  [EKF] iterating [analytical]:  50%|█████     | 10/20 [00:29<00:29,  3.00s/it, RMSE=1.426TECU, rel_dP=1.63e-03]  [EKF] iterating [analytical]:  50%|█████     | 10/20 [00:32<00:29,  3.00s/it, RMSE=1.402TECU, rel_dP=1.54e-03]  [EKF] iterating [analytical]:  55%|█████▌    | 11/20 [00:32<00:26,  2.99s/it, RMSE=1.402TECU, rel_dP=1.54e-03]  [EKF] iterating [analytical]:  55%|█████▌    | 11/20 [00:35<00:26,  2.99s/it, RMSE=1.401TECU, rel_dP=1.48e-03]  [EKF] iterating [analytical]:  60%|██████    | 12/20 [00:35<00:23,  2.98s/it, RMSE=1.401TECU, rel_dP=1.48e-03]  [EKF] iterating [analytical]:  60%|██████    | 12/20 [00:38<00:23,  2.98s/it, RMSE=1.411TECU, rel_dP=1.46e-03]  [EKF] iterating [analytical]:  65%|██████▌   | 13/20 [00:38<00:20,  2.98s/it, RMSE=1.411TECU, rel_dP=1.46e-03]  [EKF] iterating [analytical]:  65%|██████▌   | 13/20 [00:41<00:20,  2.98s/it, RMSE=1.422TECU, rel_dP=1.45e-03]  [EKF] iterating [analytical]:  70%|███████   | 14/20 [00:41<00:17,  2.98s/it, RMSE=1.422TECU, rel_dP=1.45e-03]  [EKF] iterating [analytical]:  70%|███████   | 14/20 [00:44<00:17,  2.98s/it, RMSE=1.432TECU, rel_dP=1.45e-03]  [EKF] iterating [analytical]:  75%|███████▌  | 15/20 [00:44<00:14,  2.98s/it, RMSE=1.432TECU, rel_dP=1.45e-03]  [EKF] iterating [analytical]:  75%|███████▌  | 15/20 [00:47<00:14,  2.98s/it, RMSE=1.440TECU, rel_dP=1.45e-03]  [EKF] iterating [analytical]:  80%|████████  | 16/20 [00:47<00:11,  2.99s/it, RMSE=1.440TECU, rel_dP=1.45e-03]  [EKF] iterating [analytical]:  80%|████████  | 16/20 [00:50<00:11,  2.99s/it, RMSE=1.445TECU, rel_dP=1.45e-03]  [EKF] iterating [analytical]:  85%|████████▌ | 17/20 [00:50<00:08,  2.98s/it, RMSE=1.445TECU, rel_dP=1.45e-03]  [EKF] iterating [analytical]:  85%|████████▌ | 17/20 [00:53<00:08,  2.98s/it, RMSE=1.448TECU, rel_dP=1.44e-03]  [EKF] iterating [analytical]:  90%|█████████ | 18/20 [00:53<00:05,  2.99s/it, RMSE=1.448TECU, rel_dP=1.44e-03]  [EKF] iterating [analytical]:  90%|█████████ | 18/20 [00:56<00:05,  2.99s/it, RMSE=1.449TECU, rel_dP=1.43e-03]  [EKF] iterating [analytical]:  95%|█████████▌| 19/20 [00:56<00:02,  2.99s/it, RMSE=1.449TECU, rel_dP=1.43e-03]  [EKF] iterating [analytical]:  95%|█████████▌| 19/20 [00:59<00:02,  2.99s/it, RMSE=1.448TECU, rel_dP=1.42e-03]  [EKF] iterating [analytical]: 100%|██████████| 20/20 [00:59<00:00,  2.98s/it, RMSE=1.448TECU, rel_dP=1.42e-03]                                                                                                                  [EKF] Reached max_iter=20 without convergence  (final ||ΔP||/||P|| = 1.42e-03)
  [EKF] Posterior innovations  mean=-0.19  std=1.43  max_abs=13.22 TECU
  [EKF] Prior RMSE 14.267 TECU  →  Post RMSE 1.646 TECU
  [EKF] 629 arcs  |  6958 profile rays  |  4783 update rays  |  n_state = 1248
  [EKF] Prior innovations  mean=0.96  std=5.87  max_abs=50.50 TECU
  [EKF] iterating [analytical]:   0%|          | 0/20 [00:00<?, ?it/s]  [EKF] iterating [analytical]:   0%|          | 0/20 [00:22<?, ?it/s, RMSE=5.951TECU, rel_dP=2.03e-02]  [EKF] iterating [analytical]:   5%|▌         | 1/20 [00:22<06:58, 22.03s/it, RMSE=5.951TECU, rel_dP=2.03e-02]  [EKF] iterating [analytical]:   5%|▌         | 1/20 [00:44<06:58, 22.03s/it, RMSE=1.605TECU, rel_dP=8.51e-03]  [EKF] iterating [analytical]:  10%|█         | 2/20 [00:44<06:38, 22.16s/it, RMSE=1.605TECU, rel_dP=8.51e-03]  [EKF] iterating [analytical]:  10%|█         | 2/20 [01:06<06:38, 22.16s/it, RMSE=1.066TECU, rel_dP=5.18e-03]  [EKF] iterating [analytical]:  15%|█▌        | 3/20 [01:06<06:16, 22.14s/it, RMSE=1.066TECU, rel_dP=5.18e-03]  [EKF] iterating [analytical]:  15%|█▌        | 3/20 [01:28<06:16, 22.14s/it, RMSE=0.972TECU, rel_dP=3.80e-03]  [EKF] iterating [analytical]:  20%|██        | 4/20 [01:28<05:53, 22.09s/it, RMSE=0.972TECU, rel_dP=3.80e-03]  [EKF] iterating [analytical]:  20%|██        | 4/20 [01:50<05:53, 22.09s/it, RMSE=0.934TECU, rel_dP=3.19e-03]  [EKF] iterating [analytical]:  25%|██▌       | 5/20 [01:50<05:32, 22.17s/it, RMSE=0.934TECU, rel_dP=3.19e-03]  [EKF] iterating [analytical]:  25%|██▌       | 5/20 [02:12<05:32, 22.17s/it, RMSE=0.908TECU, rel_dP=2.87e-03]  [EKF] iterating [analytical]:  30%|███       | 6/20 [02:12<05:10, 22.17s/it, RMSE=0.908TECU, rel_dP=2.87e-03]  [EKF] iterating [analytical]:  30%|███       | 6/20 [02:35<05:10, 22.17s/it, RMSE=0.887TECU, rel_dP=2.67e-03]  [EKF] iterating [analytical]:  35%|███▌      | 7/20 [02:35<04:48, 22.21s/it, RMSE=0.887TECU, rel_dP=2.67e-03]  [EKF] iterating [analytical]:  35%|███▌      | 7/20 [02:57<04:48, 22.21s/it, RMSE=0.868TECU, rel_dP=2.51e-03]  [EKF] iterating [analytical]:  40%|████      | 8/20 [02:57<04:26, 22.23s/it, RMSE=0.868TECU, rel_dP=2.51e-03]  [EKF] iterating [analytical]:  40%|████      | 8/20 [03:19<04:26, 22.23s/it, RMSE=0.863TECU, rel_dP=2.40e-03]  [EKF] iterating [analytical]:  45%|████▌     | 9/20 [03:19<04:05, 22.31s/it, RMSE=0.863TECU, rel_dP=2.40e-03]  [EKF] iterating [analytical]:  45%|████▌     | 9/20 [03:41<04:05, 22.31s/it, RMSE=0.875TECU, rel_dP=2.40e-03]  [EKF] iterating [analytical]:  50%|█████     | 10/20 [03:41<03:41, 22.20s/it, RMSE=0.875TECU, rel_dP=2.40e-03]  [EKF] iterating [analytical]:  50%|█████     | 10/20 [04:04<03:41, 22.20s/it, RMSE=0.892TECU, rel_dP=2.44e-03]  [EKF] iterating [analytical]:  55%|█████▌    | 11/20 [04:04<03:20, 22.32s/it, RMSE=0.892TECU, rel_dP=2.44e-03]  [EKF] iterating [analytical]:  55%|█████▌    | 11/20 [04:26<03:20, 22.32s/it, RMSE=0.909TECU, rel_dP=2.48e-03]  [EKF] iterating [analytical]:  60%|██████    | 12/20 [04:26<02:58, 22.32s/it, RMSE=0.909TECU, rel_dP=2.48e-03]  [EKF] iterating [analytical]:  60%|██████    | 12/20 [04:49<02:58, 22.32s/it, RMSE=0.922TECU, rel_dP=2.52e-03]  [EKF] iterating [analytical]:  65%|██████▌   | 13/20 [04:49<02:36, 22.32s/it, RMSE=0.922TECU, rel_dP=2.52e-03]  [EKF] iterating [analytical]:  65%|██████▌   | 13/20 [05:11<02:36, 22.32s/it, RMSE=0.933TECU, rel_dP=2.55e-03]  [EKF] iterating [analytical]:  70%|███████   | 14/20 [05:11<02:13, 22.33s/it, RMSE=0.933TECU, rel_dP=2.55e-03]  [EKF] iterating [analytical]:  70%|███████   | 14/20 [05:33<02:13, 22.33s/it, RMSE=0.942TECU, rel_dP=2.56e-03]  [EKF] iterating [analytical]:  75%|███████▌  | 15/20 [05:33<01:51, 22.38s/it, RMSE=0.942TECU, rel_dP=2.56e-03]  [EKF] iterating [analytical]:  75%|███████▌  | 15/20 [05:56<01:51, 22.38s/it, RMSE=0.950TECU, rel_dP=2.55e-03]  [EKF] iterating [analytical]:  80%|████████  | 16/20 [05:56<01:29, 22.43s/it, RMSE=0.950TECU, rel_dP=2.55e-03]  [EKF] iterating [analytical]:  80%|████████  | 16/20 [06:18<01:29, 22.43s/it, RMSE=0.955TECU, rel_dP=2.54e-03]  [EKF] iterating [analytical]:  85%|████████▌ | 17/20 [06:18<01:07, 22.44s/it, RMSE=0.955TECU, rel_dP=2.54e-03]  [EKF] iterating [analytical]:  85%|████████▌ | 17/20 [06:41<01:07, 22.44s/it, RMSE=0.957TECU, rel_dP=2.52e-03]  [EKF] iterating [analytical]:  90%|█████████ | 18/20 [06:41<00:44, 22.41s/it, RMSE=0.957TECU, rel_dP=2.52e-03]  [EKF] iterating [analytical]:  90%|█████████ | 18/20 [07:03<00:44, 22.41s/it, RMSE=0.958TECU, rel_dP=2.49e-03]  [EKF] iterating [analytical]:  95%|█████████▌| 19/20 [07:03<00:22, 22.35s/it, RMSE=0.958TECU, rel_dP=2.49e-03]  [EKF] iterating [analytical]:  95%|█████████▌| 19/20 [07:25<00:22, 22.35s/it, RMSE=0.957TECU, rel_dP=2.46e-03]  [EKF] iterating [analytical]: 100%|██████████| 20/20 [07:25<00:00, 22.37s/it, RMSE=0.957TECU, rel_dP=2.46e-03]                                                                                                                  [EKF] Reached max_iter=20 without convergence  (final ||ΔP||/||P|| = 2.46e-03)
  [EKF] Posterior innovations  mean=-0.18  std=0.94  max_abs=12.81 TECU
  [EKF] Prior RMSE 9.346 TECU  →  Post RMSE 1.337 TECU

  [sweep 2026-02-12_0100] N_OCC=50  (RO arcs available=17, used=17)
  [EKF] 17 arcs  |  2971 profile rays  |  796 update rays  |  n_state = 1248
  [EKF] Prior innovations  mean=5.14  std=13.51  max_abs=50.50 TECU
  [EKF] iterating [analytical]:   0%|          | 0/20 [00:00<?, ?it/s]  [EKF] iterating [analytical]:   0%|          | 0/20 [00:03<?, ?it/s, RMSE=14.456TECU, rel_dP=2.01e-02]  [EKF] iterating [analytical]:   5%|▌         | 1/20 [00:03<00:58,  3.09s/it, RMSE=14.456TECU, rel_dP=2.01e-02]  [EKF] iterating [analytical]:   5%|▌         | 1/20 [00:06<00:58,  3.09s/it, RMSE=3.531TECU, rel_dP=7.69e-03]   [EKF] iterating [analytical]:  10%|█         | 2/20 [00:06<00:55,  3.06s/it, RMSE=3.531TECU, rel_dP=7.69e-03]  [EKF] iterating [analytical]:  10%|█         | 2/20 [00:09<00:55,  3.06s/it, RMSE=2.011TECU, rel_dP=4.46e-03]  [EKF] iterating [analytical]:  15%|█▌        | 3/20 [00:09<00:52,  3.07s/it, RMSE=2.011TECU, rel_dP=4.46e-03]  [EKF] iterating [analytical]:  15%|█▌        | 3/20 [00:12<00:52,  3.07s/it, RMSE=1.735TECU, rel_dP=3.14e-03]  [EKF] iterating [analytical]:  20%|██        | 4/20 [00:12<00:48,  3.04s/it, RMSE=1.735TECU, rel_dP=3.14e-03]  [EKF] iterating [analytical]:  20%|██        | 4/20 [00:15<00:48,  3.04s/it, RMSE=1.635TECU, rel_dP=2.53e-03]  [EKF] iterating [analytical]:  25%|██▌       | 5/20 [00:15<00:45,  3.03s/it, RMSE=1.635TECU, rel_dP=2.53e-03]  [EKF] iterating [analytical]:  25%|██▌       | 5/20 [00:18<00:45,  3.03s/it, RMSE=1.574TECU, rel_dP=2.19e-03]  [EKF] iterating [analytical]:  30%|███       | 6/20 [00:18<00:42,  3.02s/it, RMSE=1.574TECU, rel_dP=2.19e-03]  [EKF] iterating [analytical]:  30%|███       | 6/20 [00:21<00:42,  3.02s/it, RMSE=1.527TECU, rel_dP=1.99e-03]  [EKF] iterating [analytical]:  35%|███▌      | 7/20 [00:21<00:39,  3.01s/it, RMSE=1.527TECU, rel_dP=1.99e-03]  [EKF] iterating [analytical]:  35%|███▌      | 7/20 [00:24<00:39,  3.01s/it, RMSE=1.489TECU, rel_dP=1.84e-03]  [EKF] iterating [analytical]:  40%|████      | 8/20 [00:24<00:36,  3.00s/it, RMSE=1.489TECU, rel_dP=1.84e-03]  [EKF] iterating [analytical]:  40%|████      | 8/20 [00:27<00:36,  3.00s/it, RMSE=1.456TECU, rel_dP=1.72e-03]  [EKF] iterating [analytical]:  45%|████▌     | 9/20 [00:27<00:32,  2.99s/it, RMSE=1.456TECU, rel_dP=1.72e-03]  [EKF] iterating [analytical]:  45%|████▌     | 9/20 [00:30<00:32,  2.99s/it, RMSE=1.426TECU, rel_dP=1.63e-03]  [EKF] iterating [analytical]:  50%|█████     | 10/20 [00:30<00:29,  3.00s/it, RMSE=1.426TECU, rel_dP=1.63e-03]  [EKF] iterating [analytical]:  50%|█████     | 10/20 [00:33<00:29,  3.00s/it, RMSE=1.402TECU, rel_dP=1.54e-03]  [EKF] iterating [analytical]:  55%|█████▌    | 11/20 [00:33<00:26,  2.99s/it, RMSE=1.402TECU, rel_dP=1.54e-03]  [EKF] iterating [analytical]:  55%|█████▌    | 11/20 [00:36<00:26,  2.99s/it, RMSE=1.401TECU, rel_dP=1.48e-03]  [EKF] iterating [analytical]:  60%|██████    | 12/20 [00:36<00:24,  3.01s/it, RMSE=1.401TECU, rel_dP=1.48e-03]  [EKF] iterating [analytical]:  60%|██████    | 12/20 [00:39<00:24,  3.01s/it, RMSE=1.411TECU, rel_dP=1.46e-03]  [EKF] iterating [analytical]:  65%|██████▌   | 13/20 [00:39<00:21,  3.01s/it, RMSE=1.411TECU, rel_dP=1.46e-03]  [EKF] iterating [analytical]:  65%|██████▌   | 13/20 [00:42<00:21,  3.01s/it, RMSE=1.422TECU, rel_dP=1.45e-03]  [EKF] iterating [analytical]:  70%|███████   | 14/20 [00:42<00:18,  3.01s/it, RMSE=1.422TECU, rel_dP=1.45e-03]  [EKF] iterating [analytical]:  70%|███████   | 14/20 [00:45<00:18,  3.01s/it, RMSE=1.432TECU, rel_dP=1.45e-03]  [EKF] iterating [analytical]:  75%|███████▌  | 15/20 [00:45<00:15,  3.02s/it, RMSE=1.432TECU, rel_dP=1.45e-03]  [EKF] iterating [analytical]:  75%|███████▌  | 15/20 [00:48<00:15,  3.02s/it, RMSE=1.440TECU, rel_dP=1.45e-03]  [EKF] iterating [analytical]:  80%|████████  | 16/20 [00:48<00:12,  3.03s/it, RMSE=1.440TECU, rel_dP=1.45e-03]  [EKF] iterating [analytical]:  80%|████████  | 16/20 [00:51<00:12,  3.03s/it, RMSE=1.445TECU, rel_dP=1.45e-03]  [EKF] iterating [analytical]:  85%|████████▌ | 17/20 [00:51<00:09,  3.03s/it, RMSE=1.445TECU, rel_dP=1.45e-03]  [EKF] iterating [analytical]:  85%|████████▌ | 17/20 [00:54<00:09,  3.03s/it, RMSE=1.448TECU, rel_dP=1.44e-03]  [EKF] iterating [analytical]:  90%|█████████ | 18/20 [00:54<00:06,  3.04s/it, RMSE=1.448TECU, rel_dP=1.44e-03]  [EKF] iterating [analytical]:  90%|█████████ | 18/20 [00:57<00:06,  3.04s/it, RMSE=1.449TECU, rel_dP=1.43e-03]  [EKF] iterating [analytical]:  95%|█████████▌| 19/20 [00:57<00:03,  3.05s/it, RMSE=1.449TECU, rel_dP=1.43e-03]  [EKF] iterating [analytical]:  95%|█████████▌| 19/20 [01:00<00:03,  3.05s/it, RMSE=1.448TECU, rel_dP=1.42e-03]  [EKF] iterating [analytical]: 100%|██████████| 20/20 [01:00<00:00,  3.04s/it, RMSE=1.448TECU, rel_dP=1.42e-03]                                                                                                                  [EKF] Reached max_iter=20 without convergence  (final ||ΔP||/||P|| = 1.42e-03)
  [EKF] Posterior innovations  mean=-0.19  std=1.43  max_abs=13.22 TECU
  [EKF] Prior RMSE 14.267 TECU  →  Post RMSE 1.646 TECU
  [EKF] 629 arcs  |  6958 profile rays  |  4783 update rays  |  n_state = 1248
  [EKF] Prior innovations  mean=0.96  std=5.87  max_abs=50.50 TECU
  [EKF] iterating [analytical]:   0%|          | 0/20 [00:00<?, ?it/s]  [EKF] iterating [analytical]:   0%|          | 0/20 [00:21<?, ?it/s, RMSE=5.951TECU, rel_dP=2.03e-02]  [EKF] iterating [analytical]:   5%|▌         | 1/20 [00:21<06:52, 21.73s/it, RMSE=5.951TECU, rel_dP=2.03e-02]  [EKF] iterating [analytical]:   5%|▌         | 1/20 [00:43<06:52, 21.73s/it, RMSE=1.605TECU, rel_dP=8.51e-03]  [EKF] iterating [analytical]:  10%|█         | 2/20 [00:43<06:35, 21.99s/it, RMSE=1.605TECU, rel_dP=8.51e-03]  [EKF] iterating [analytical]:  10%|█         | 2/20 [01:06<06:35, 21.99s/it, RMSE=1.066TECU, rel_dP=5.18e-03]  [EKF] iterating [analytical]:  15%|█▌        | 3/20 [01:06<06:16, 22.13s/it, RMSE=1.066TECU, rel_dP=5.18e-03]  [EKF] iterating [analytical]:  15%|█▌        | 3/20 [01:28<06:16, 22.13s/it, RMSE=0.972TECU, rel_dP=3.80e-03]  [EKF] iterating [analytical]:  20%|██        | 4/20 [01:28<05:57, 22.33s/it, RMSE=0.972TECU, rel_dP=3.80e-03]  [EKF] iterating [analytical]:  20%|██        | 4/20 [01:51<05:57, 22.33s/it, RMSE=0.934TECU, rel_dP=3.19e-03]  [EKF] iterating [analytical]:  25%|██▌       | 5/20 [01:51<05:34, 22.30s/it, RMSE=0.934TECU, rel_dP=3.19e-03]  [EKF] iterating [analytical]:  25%|██▌       | 5/20 [02:13<05:34, 22.30s/it, RMSE=0.908TECU, rel_dP=2.87e-03]  [EKF] iterating [analytical]:  30%|███       | 6/20 [02:13<05:11, 22.27s/it, RMSE=0.908TECU, rel_dP=2.87e-03]  [EKF] iterating [analytical]:  30%|███       | 6/20 [02:35<05:11, 22.27s/it, RMSE=0.887TECU, rel_dP=2.67e-03]  [EKF] iterating [analytical]:  35%|███▌      | 7/20 [02:35<04:49, 22.25s/it, RMSE=0.887TECU, rel_dP=2.67e-03]  [EKF] iterating [analytical]:  35%|███▌      | 7/20 [02:57<04:49, 22.25s/it, RMSE=0.868TECU, rel_dP=2.51e-03]  [EKF] iterating [analytical]:  40%|████      | 8/20 [02:57<04:27, 22.26s/it, RMSE=0.868TECU, rel_dP=2.51e-03]  [EKF] iterating [analytical]:  40%|████      | 8/20 [03:20<04:27, 22.26s/it, RMSE=0.863TECU, rel_dP=2.40e-03]  [EKF] iterating [analytical]:  45%|████▌     | 9/20 [03:20<04:06, 22.39s/it, RMSE=0.863TECU, rel_dP=2.40e-03]  [EKF] iterating [analytical]:  45%|████▌     | 9/20 [03:42<04:06, 22.39s/it, RMSE=0.875TECU, rel_dP=2.40e-03]  [EKF] iterating [analytical]:  50%|█████     | 10/20 [03:42<03:43, 22.38s/it, RMSE=0.875TECU, rel_dP=2.40e-03]  [EKF] iterating [analytical]:  50%|█████     | 10/20 [04:04<03:43, 22.38s/it, RMSE=0.892TECU, rel_dP=2.44e-03]  [EKF] iterating [analytical]:  55%|█████▌    | 11/20 [04:04<03:20, 22.29s/it, RMSE=0.892TECU, rel_dP=2.44e-03]  [EKF] iterating [analytical]:  55%|█████▌    | 11/20 [04:27<03:20, 22.29s/it, RMSE=0.909TECU, rel_dP=2.48e-03]  [EKF] iterating [analytical]:  60%|██████    | 12/20 [04:27<02:59, 22.42s/it, RMSE=0.909TECU, rel_dP=2.48e-03]  [EKF] iterating [analytical]:  60%|██████    | 12/20 [04:50<02:59, 22.42s/it, RMSE=0.922TECU, rel_dP=2.52e-03]  [EKF] iterating [analytical]:  65%|██████▌   | 13/20 [04:50<02:37, 22.50s/it, RMSE=0.922TECU, rel_dP=2.52e-03]  [EKF] iterating [analytical]:  65%|██████▌   | 13/20 [05:12<02:37, 22.50s/it, RMSE=0.933TECU, rel_dP=2.55e-03]  [EKF] iterating [analytical]:  70%|███████   | 14/20 [05:12<02:14, 22.35s/it, RMSE=0.933TECU, rel_dP=2.55e-03]  [EKF] iterating [analytical]:  70%|███████   | 14/20 [05:34<02:14, 22.35s/it, RMSE=0.942TECU, rel_dP=2.56e-03]  [EKF] iterating [analytical]:  75%|███████▌  | 15/20 [05:34<01:51, 22.27s/it, RMSE=0.942TECU, rel_dP=2.56e-03]  [EKF] iterating [analytical]:  75%|███████▌  | 15/20 [05:57<01:51, 22.27s/it, RMSE=0.950TECU, rel_dP=2.55e-03]  [EKF] iterating [analytical]:  80%|████████  | 16/20 [05:57<01:29, 22.42s/it, RMSE=0.950TECU, rel_dP=2.55e-03]  [EKF] iterating [analytical]:  80%|████████  | 16/20 [06:19<01:29, 22.42s/it, RMSE=0.955TECU, rel_dP=2.54e-03]  [EKF] iterating [analytical]:  85%|████████▌ | 17/20 [06:19<01:07, 22.37s/it, RMSE=0.955TECU, rel_dP=2.54e-03]  [EKF] iterating [analytical]:  85%|████████▌ | 17/20 [06:41<01:07, 22.37s/it, RMSE=0.957TECU, rel_dP=2.52e-03]  [EKF] iterating [analytical]:  90%|█████████ | 18/20 [06:41<00:44, 22.40s/it, RMSE=0.957TECU, rel_dP=2.52e-03]  [EKF] iterating [analytical]:  90%|█████████ | 18/20 [07:04<00:44, 22.40s/it, RMSE=0.958TECU, rel_dP=2.49e-03]  [EKF] iterating [analytical]:  95%|█████████▌| 19/20 [07:04<00:22, 22.36s/it, RMSE=0.958TECU, rel_dP=2.49e-03]  [EKF] iterating [analytical]:  95%|█████████▌| 19/20 [07:26<00:22, 22.36s/it, RMSE=0.957TECU, rel_dP=2.46e-03]  [EKF] iterating [analytical]: 100%|██████████| 20/20 [07:26<00:00, 22.35s/it, RMSE=0.957TECU, rel_dP=2.46e-03]                                                                                                                  [EKF] Reached max_iter=20 without convergence  (final ||ΔP||/||P|| = 2.46e-03)
  [EKF] Posterior innovations  mean=-0.18  std=0.94  max_abs=12.81 TECU
  [EKF] Prior RMSE 9.346 TECU  →  Post RMSE 1.337 TECU

  [sweep 2026-02-12_0100] N_OCC=60  (RO arcs available=17, used=17)
  [EKF] 17 arcs  |  2971 profile rays  |  796 update rays  |  n_state = 1248
  [EKF] Prior innovations  mean=5.14  std=13.51  max_abs=50.50 TECU
  [EKF] iterating [analytical]:   0%|          | 0/20 [00:00<?, ?it/s]  [EKF] iterating [analytical]:   0%|          | 0/20 [00:02<?, ?it/s, RMSE=14.456TECU, rel_dP=2.01e-02]  [EKF] iterating [analytical]:   5%|▌         | 1/20 [00:02<00:56,  2.98s/it, RMSE=14.456TECU, rel_dP=2.01e-02]  [EKF] iterating [analytical]:   5%|▌         | 1/20 [00:06<00:56,  2.98s/it, RMSE=3.531TECU, rel_dP=7.69e-03]   [EKF] iterating [analytical]:  10%|█         | 2/20 [00:06<00:54,  3.02s/it, RMSE=3.531TECU, rel_dP=7.69e-03]  [EKF] iterating [analytical]:  10%|█         | 2/20 [00:08<00:54,  3.02s/it, RMSE=2.011TECU, rel_dP=4.46e-03]  [EKF] iterating [analytical]:  15%|█▌        | 3/20 [00:08<00:50,  2.99s/it, RMSE=2.011TECU, rel_dP=4.46e-03]  [EKF] iterating [analytical]:  15%|█▌        | 3/20 [00:11<00:50,  2.99s/it, RMSE=1.735TECU, rel_dP=3.14e-03]  [EKF] iterating [analytical]:  20%|██        | 4/20 [00:11<00:48,  3.00s/it, RMSE=1.735TECU, rel_dP=3.14e-03]  [EKF] iterating [analytical]:  20%|██        | 4/20 [00:15<00:48,  3.00s/it, RMSE=1.635TECU, rel_dP=2.53e-03]  [EKF] iterating [analytical]:  25%|██▌       | 5/20 [00:15<00:45,  3.03s/it, RMSE=1.635TECU, rel_dP=2.53e-03]  [EKF] iterating [analytical]:  25%|██▌       | 5/20 [00:18<00:45,  3.03s/it, RMSE=1.574TECU, rel_dP=2.19e-03]  [EKF] iterating [analytical]:  30%|███       | 6/20 [00:18<00:42,  3.03s/it, RMSE=1.574TECU, rel_dP=2.19e-03]  [EKF] iterating [analytical]:  30%|███       | 6/20 [00:21<00:42,  3.03s/it, RMSE=1.527TECU, rel_dP=1.99e-03]  [EKF] iterating [analytical]:  35%|███▌      | 7/20 [00:21<00:39,  3.02s/it, RMSE=1.527TECU, rel_dP=1.99e-03]  [EKF] iterating [analytical]:  35%|███▌      | 7/20 [00:24<00:39,  3.02s/it, RMSE=1.489TECU, rel_dP=1.84e-03]  [EKF] iterating [analytical]:  40%|████      | 8/20 [00:24<00:36,  3.06s/it, RMSE=1.489TECU, rel_dP=1.84e-03]  [EKF] iterating [analytical]:  40%|████      | 8/20 [00:27<00:36,  3.06s/it, RMSE=1.456TECU, rel_dP=1.72e-03]  [EKF] iterating [analytical]:  45%|████▌     | 9/20 [00:27<00:33,  3.09s/it, RMSE=1.456TECU, rel_dP=1.72e-03]  [EKF] iterating [analytical]:  45%|████▌     | 9/20 [00:30<00:33,  3.09s/it, RMSE=1.426TECU, rel_dP=1.63e-03]  [EKF] iterating [analytical]:  50%|█████     | 10/20 [00:30<00:30,  3.08s/it, RMSE=1.426TECU, rel_dP=1.63e-03]  [EKF] iterating [analytical]:  50%|█████     | 10/20 [00:33<00:30,  3.08s/it, RMSE=1.402TECU, rel_dP=1.54e-03]  [EKF] iterating [analytical]:  55%|█████▌    | 11/20 [00:33<00:27,  3.05s/it, RMSE=1.402TECU, rel_dP=1.54e-03]  [EKF] iterating [analytical]:  55%|█████▌    | 11/20 [00:36<00:27,  3.05s/it, RMSE=1.401TECU, rel_dP=1.48e-03]  [EKF] iterating [analytical]:  60%|██████    | 12/20 [00:36<00:24,  3.06s/it, RMSE=1.401TECU, rel_dP=1.48e-03]  [EKF] iterating [analytical]:  60%|██████    | 12/20 [00:39<00:24,  3.06s/it, RMSE=1.411TECU, rel_dP=1.46e-03]  [EKF] iterating [analytical]:  65%|██████▌   | 13/20 [00:39<00:21,  3.09s/it, RMSE=1.411TECU, rel_dP=1.46e-03]  [EKF] iterating [analytical]:  65%|██████▌   | 13/20 [00:42<00:21,  3.09s/it, RMSE=1.422TECU, rel_dP=1.45e-03]  [EKF] iterating [analytical]:  70%|███████   | 14/20 [00:42<00:18,  3.04s/it, RMSE=1.422TECU, rel_dP=1.45e-03]  [EKF] iterating [analytical]:  70%|███████   | 14/20 [00:45<00:18,  3.04s/it, RMSE=1.432TECU, rel_dP=1.45e-03]  [EKF] iterating [analytical]:  75%|███████▌  | 15/20 [00:45<00:15,  3.03s/it, RMSE=1.432TECU, rel_dP=1.45e-03]  [EKF] iterating [analytical]:  75%|███████▌  | 15/20 [00:48<00:15,  3.03s/it, RMSE=1.440TECU, rel_dP=1.45e-03]  [EKF] iterating [analytical]:  80%|████████  | 16/20 [00:48<00:12,  3.01s/it, RMSE=1.440TECU, rel_dP=1.45e-03]  [EKF] iterating [analytical]:  80%|████████  | 16/20 [00:51<00:12,  3.01s/it, RMSE=1.445TECU, rel_dP=1.45e-03]  [EKF] iterating [analytical]:  85%|████████▌ | 17/20 [00:51<00:09,  3.06s/it, RMSE=1.445TECU, rel_dP=1.45e-03]  [EKF] iterating [analytical]:  85%|████████▌ | 17/20 [00:55<00:09,  3.06s/it, RMSE=1.448TECU, rel_dP=1.44e-03]  [EKF] iterating [analytical]:  90%|█████████ | 18/20 [00:55<00:06,  3.12s/it, RMSE=1.448TECU, rel_dP=1.44e-03]  [EKF] iterating [analytical]:  90%|█████████ | 18/20 [00:58<00:06,  3.12s/it, RMSE=1.449TECU, rel_dP=1.43e-03]  [EKF] iterating [analytical]:  95%|█████████▌| 19/20 [00:58<00:03,  3.18s/it, RMSE=1.449TECU, rel_dP=1.43e-03]  [EKF] iterating [analytical]:  95%|█████████▌| 19/20 [01:01<00:03,  3.18s/it, RMSE=1.448TECU, rel_dP=1.42e-03]  [EKF] iterating [analytical]: 100%|██████████| 20/20 [01:01<00:00,  3.13s/it, RMSE=1.448TECU, rel_dP=1.42e-03]                                                                                                                  [EKF] Reached max_iter=20 without convergence  (final ||ΔP||/||P|| = 1.42e-03)
  [EKF] Posterior innovations  mean=-0.19  std=1.43  max_abs=13.22 TECU
  [EKF] Prior RMSE 14.267 TECU  →  Post RMSE 1.646 TECU
  [EKF] 629 arcs  |  6958 profile rays  |  4783 update rays  |  n_state = 1248
  [EKF] Prior innovations  mean=0.96  std=5.87  max_abs=50.50 TECU
  [EKF] iterating [analytical]:   0%|          | 0/20 [00:00<?, ?it/s]  [EKF] iterating [analytical]:   0%|          | 0/20 [00:22<?, ?it/s, RMSE=5.951TECU, rel_dP=2.03e-02]  [EKF] iterating [analytical]:   5%|▌         | 1/20 [00:22<07:03, 22.31s/it, RMSE=5.951TECU, rel_dP=2.03e-02]  [EKF] iterating [analytical]:   5%|▌         | 1/20 [00:44<07:03, 22.31s/it, RMSE=1.605TECU, rel_dP=8.51e-03]  [EKF] iterating [analytical]:  10%|█         | 2/20 [00:44<06:41, 22.33s/it, RMSE=1.605TECU, rel_dP=8.51e-03]  [EKF] iterating [analytical]:  10%|█         | 2/20 [01:07<06:41, 22.33s/it, RMSE=1.066TECU, rel_dP=5.18e-03]  [EKF] iterating [analytical]:  15%|█▌        | 3/20 [01:07<06:22, 22.50s/it, RMSE=1.066TECU, rel_dP=5.18e-03]  [EKF] iterating [analytical]:  15%|█▌        | 3/20 [01:29<06:22, 22.50s/it, RMSE=0.972TECU, rel_dP=3.80e-03]  [EKF] iterating [analytical]:  20%|██        | 4/20 [01:29<06:00, 22.52s/it, RMSE=0.972TECU, rel_dP=3.80e-03]  [EKF] iterating [analytical]:  20%|██        | 4/20 [01:53<06:00, 22.52s/it, RMSE=0.934TECU, rel_dP=3.19e-03]  [EKF] iterating [analytical]:  25%|██▌       | 5/20 [01:53<05:41, 22.74s/it, RMSE=0.934TECU, rel_dP=3.19e-03]  [EKF] iterating [analytical]:  25%|██▌       | 5/20 [02:15<05:41, 22.74s/it, RMSE=0.908TECU, rel_dP=2.87e-03]  [EKF] iterating [analytical]:  30%|███       | 6/20 [02:15<05:16, 22.64s/it, RMSE=0.908TECU, rel_dP=2.87e-03]  [EKF] iterating [analytical]:  30%|███       | 6/20 [02:37<05:16, 22.64s/it, RMSE=0.887TECU, rel_dP=2.67e-03]  [EKF] iterating [analytical]:  35%|███▌      | 7/20 [02:37<04:52, 22.53s/it, RMSE=0.887TECU, rel_dP=2.67e-03]  [EKF] iterating [analytical]:  35%|███▌      | 7/20 [03:00<04:52, 22.53s/it, RMSE=0.868TECU, rel_dP=2.51e-03]  [EKF] iterating [analytical]:  40%|████      | 8/20 [03:00<04:29, 22.48s/it, RMSE=0.868TECU, rel_dP=2.51e-03]  [EKF] iterating [analytical]:  40%|████      | 8/20 [03:22<04:29, 22.48s/it, RMSE=0.863TECU, rel_dP=2.40e-03]  [EKF] iterating [analytical]:  45%|████▌     | 9/20 [03:22<04:06, 22.38s/it, RMSE=0.863TECU, rel_dP=2.40e-03]  [EKF] iterating [analytical]:  45%|████▌     | 9/20 [03:44<04:06, 22.38s/it, RMSE=0.875TECU, rel_dP=2.40e-03]  [EKF] iterating [analytical]:  50%|█████     | 10/20 [03:44<03:43, 22.33s/it, RMSE=0.875TECU, rel_dP=2.40e-03]  [EKF] iterating [analytical]:  50%|█████     | 10/20 [04:06<03:43, 22.33s/it, RMSE=0.892TECU, rel_dP=2.44e-03]  [EKF] iterating [analytical]:  55%|█████▌    | 11/20 [04:06<03:20, 22.29s/it, RMSE=0.892TECU, rel_dP=2.44e-03]  [EKF] iterating [analytical]:  55%|█████▌    | 11/20 [04:30<03:20, 22.29s/it, RMSE=0.909TECU, rel_dP=2.48e-03]  [EKF] iterating [analytical]:  60%|██████    | 12/20 [04:30<03:01, 22.69s/it, RMSE=0.909TECU, rel_dP=2.48e-03]  [EKF] iterating [analytical]:  60%|██████    | 12/20 [04:52<03:01, 22.69s/it, RMSE=0.922TECU, rel_dP=2.52e-03]  [EKF] iterating [analytical]:  65%|██████▌   | 13/20 [04:52<02:38, 22.62s/it, RMSE=0.922TECU, rel_dP=2.52e-03]  [EKF] iterating [analytical]:  65%|██████▌   | 13/20 [05:15<02:38, 22.62s/it, RMSE=0.933TECU, rel_dP=2.55e-03]  [EKF] iterating [analytical]:  70%|███████   | 14/20 [05:15<02:14, 22.50s/it, RMSE=0.933TECU, rel_dP=2.55e-03]  [EKF] iterating [analytical]:  70%|███████   | 14/20 [05:37<02:14, 22.50s/it, RMSE=0.942TECU, rel_dP=2.56e-03]  [EKF] iterating [analytical]:  75%|███████▌  | 15/20 [05:37<01:52, 22.41s/it, RMSE=0.942TECU, rel_dP=2.56e-03]  [EKF] iterating [analytical]:  75%|███████▌  | 15/20 [05:59<01:52, 22.41s/it, RMSE=0.950TECU, rel_dP=2.55e-03]  [EKF] iterating [analytical]:  80%|████████  | 16/20 [05:59<01:29, 22.41s/it, RMSE=0.950TECU, rel_dP=2.55e-03]  [EKF] iterating [analytical]:  80%|████████  | 16/20 [06:21<01:29, 22.41s/it, RMSE=0.955TECU, rel_dP=2.54e-03]  [EKF] iterating [analytical]:  85%|████████▌ | 17/20 [06:21<01:07, 22.35s/it, RMSE=0.955TECU, rel_dP=2.54e-03]  [EKF] iterating [analytical]:  85%|████████▌ | 17/20 [06:44<01:07, 22.35s/it, RMSE=0.957TECU, rel_dP=2.52e-03]  [EKF] iterating [analytical]:  90%|█████████ | 18/20 [06:44<00:44, 22.47s/it, RMSE=0.957TECU, rel_dP=2.52e-03]  [EKF] iterating [analytical]:  90%|█████████ | 18/20 [07:07<00:44, 22.47s/it, RMSE=0.958TECU, rel_dP=2.49e-03]  [EKF] iterating [analytical]:  95%|█████████▌| 19/20 [07:07<00:22, 22.46s/it, RMSE=0.958TECU, rel_dP=2.49e-03]  [EKF] iterating [analytical]:  95%|█████████▌| 19/20 [07:29<00:22, 22.46s/it, RMSE=0.957TECU, rel_dP=2.46e-03]  [EKF] iterating [analytical]: 100%|██████████| 20/20 [07:29<00:00, 22.36s/it, RMSE=0.957TECU, rel_dP=2.46e-03]                                                                                                                  [EKF] Reached max_iter=20 without convergence  (final ||ΔP||/||P|| = 2.46e-03)
  [EKF] Posterior innovations  mean=-0.18  std=0.94  max_abs=12.81 TECU
  [EKF] Prior RMSE 9.346 TECU  →  Post RMSE 1.337 TECU

  [sweep 2026-02-12_0100] N_OCC=70  (RO arcs available=17, used=17)
  [EKF] 17 arcs  |  2971 profile rays  |  796 update rays  |  n_state = 1248
  [EKF] Prior innovations  mean=5.14  std=13.51  max_abs=50.50 TECU
  [EKF] iterating [analytical]:   0%|          | 0/20 [00:00<?, ?it/s]  [EKF] iterating [analytical]:   0%|          | 0/20 [00:02<?, ?it/s, RMSE=14.456TECU, rel_dP=2.01e-02]  [EKF] iterating [analytical]:   5%|▌         | 1/20 [00:02<00:55,  2.94s/it, RMSE=14.456TECU, rel_dP=2.01e-02]  [EKF] iterating [analytical]:   5%|▌         | 1/20 [00:05<00:55,  2.94s/it, RMSE=3.531TECU, rel_dP=7.69e-03]   [EKF] iterating [analytical]:  10%|█         | 2/20 [00:05<00:53,  2.96s/it, RMSE=3.531TECU, rel_dP=7.69e-03]  [EKF] iterating [analytical]:  10%|█         | 2/20 [00:08<00:53,  2.96s/it, RMSE=2.011TECU, rel_dP=4.46e-03]  [EKF] iterating [analytical]:  15%|█▌        | 3/20 [00:08<00:50,  2.97s/it, RMSE=2.011TECU, rel_dP=4.46e-03]  [EKF] iterating [analytical]:  15%|█▌        | 3/20 [00:11<00:50,  2.97s/it, RMSE=1.735TECU, rel_dP=3.14e-03]  [EKF] iterating [analytical]:  20%|██        | 4/20 [00:11<00:47,  2.98s/it, RMSE=1.735TECU, rel_dP=3.14e-03]  [EKF] iterating [analytical]:  20%|██        | 4/20 [00:15<00:47,  2.98s/it, RMSE=1.635TECU, rel_dP=2.53e-03]  [EKF] iterating [analytical]:  25%|██▌       | 5/20 [00:15<00:45,  3.03s/it, RMSE=1.635TECU, rel_dP=2.53e-03]  [EKF] iterating [analytical]:  25%|██▌       | 5/20 [00:17<00:45,  3.03s/it, RMSE=1.574TECU, rel_dP=2.19e-03]  [EKF] iterating [analytical]:  30%|███       | 6/20 [00:17<00:42,  3.01s/it, RMSE=1.574TECU, rel_dP=2.19e-03]  [EKF] iterating [analytical]:  30%|███       | 6/20 [00:20<00:42,  3.01s/it, RMSE=1.527TECU, rel_dP=1.99e-03]  [EKF] iterating [analytical]:  35%|███▌      | 7/20 [00:20<00:38,  3.00s/it, RMSE=1.527TECU, rel_dP=1.99e-03]  [EKF] iterating [analytical]:  35%|███▌      | 7/20 [00:23<00:38,  3.00s/it, RMSE=1.489TECU, rel_dP=1.84e-03]  [EKF] iterating [analytical]:  40%|████      | 8/20 [00:23<00:36,  3.00s/it, RMSE=1.489TECU, rel_dP=1.84e-03]  [EKF] iterating [analytical]:  40%|████      | 8/20 [00:26<00:36,  3.00s/it, RMSE=1.456TECU, rel_dP=1.72e-03]  [EKF] iterating [analytical]:  45%|████▌     | 9/20 [00:26<00:33,  3.00s/it, RMSE=1.456TECU, rel_dP=1.72e-03]  [EKF] iterating [analytical]:  45%|████▌     | 9/20 [00:29<00:33,  3.00s/it, RMSE=1.426TECU, rel_dP=1.63e-03]  [EKF] iterating [analytical]:  50%|█████     | 10/20 [00:29<00:29,  2.99s/it, RMSE=1.426TECU, rel_dP=1.63e-03]  [EKF] iterating [analytical]:  50%|█████     | 10/20 [00:33<00:29,  2.99s/it, RMSE=1.402TECU, rel_dP=1.54e-03]  [EKF] iterating [analytical]:  55%|█████▌    | 11/20 [00:33<00:27,  3.02s/it, RMSE=1.402TECU, rel_dP=1.54e-03]  [EKF] iterating [analytical]:  55%|█████▌    | 11/20 [00:36<00:27,  3.02s/it, RMSE=1.401TECU, rel_dP=1.48e-03]  [EKF] iterating [analytical]:  60%|██████    | 12/20 [00:36<00:24,  3.02s/it, RMSE=1.401TECU, rel_dP=1.48e-03]  [EKF] iterating [analytical]:  60%|██████    | 12/20 [00:39<00:24,  3.02s/it, RMSE=1.411TECU, rel_dP=1.46e-03]  [EKF] iterating [analytical]:  65%|██████▌   | 13/20 [00:39<00:21,  3.02s/it, RMSE=1.411TECU, rel_dP=1.46e-03]  [EKF] iterating [analytical]:  65%|██████▌   | 13/20 [00:42<00:21,  3.02s/it, RMSE=1.422TECU, rel_dP=1.45e-03]  [EKF] iterating [analytical]:  70%|███████   | 14/20 [00:42<00:18,  3.01s/it, RMSE=1.422TECU, rel_dP=1.45e-03]  [EKF] iterating [analytical]:  70%|███████   | 14/20 [00:45<00:18,  3.01s/it, RMSE=1.432TECU, rel_dP=1.45e-03]  [EKF] iterating [analytical]:  75%|███████▌  | 15/20 [00:45<00:15,  3.01s/it, RMSE=1.432TECU, rel_dP=1.45e-03]  [EKF] iterating [analytical]:  75%|███████▌  | 15/20 [00:48<00:15,  3.01s/it, RMSE=1.440TECU, rel_dP=1.45e-03]  [EKF] iterating [analytical]:  80%|████████  | 16/20 [00:48<00:12,  3.00s/it, RMSE=1.440TECU, rel_dP=1.45e-03]  [EKF] iterating [analytical]:  80%|████████  | 16/20 [00:51<00:12,  3.00s/it, RMSE=1.445TECU, rel_dP=1.45e-03]  [EKF] iterating [analytical]:  85%|████████▌ | 17/20 [00:51<00:09,  3.02s/it, RMSE=1.445TECU, rel_dP=1.45e-03]  [EKF] iterating [analytical]:  85%|████████▌ | 17/20 [00:54<00:09,  3.02s/it, RMSE=1.448TECU, rel_dP=1.44e-03]  [EKF] iterating [analytical]:  90%|█████████ | 18/20 [00:54<00:06,  3.02s/it, RMSE=1.448TECU, rel_dP=1.44e-03]  [EKF] iterating [analytical]:  90%|█████████ | 18/20 [00:57<00:06,  3.02s/it, RMSE=1.449TECU, rel_dP=1.43e-03]  [EKF] iterating [analytical]:  95%|█████████▌| 19/20 [00:57<00:03,  3.02s/it, RMSE=1.449TECU, rel_dP=1.43e-03]  [EKF] iterating [analytical]:  95%|█████████▌| 19/20 [01:00<00:03,  3.02s/it, RMSE=1.448TECU, rel_dP=1.42e-03]  [EKF] iterating [analytical]: 100%|██████████| 20/20 [01:00<00:00,  3.00s/it, RMSE=1.448TECU, rel_dP=1.42e-03]                                                                                                                  [EKF] Reached max_iter=20 without convergence  (final ||ΔP||/||P|| = 1.42e-03)
  [EKF] Posterior innovations  mean=-0.19  std=1.43  max_abs=13.22 TECU
  [EKF] Prior RMSE 14.267 TECU  →  Post RMSE 1.646 TECU
  [EKF] 629 arcs  |  6958 profile rays  |  4783 update rays  |  n_state = 1248
  [EKF] Prior innovations  mean=0.96  std=5.87  max_abs=50.50 TECU
  [EKF] iterating [analytical]:   0%|          | 0/20 [00:00<?, ?it/s]  [EKF] iterating [analytical]:   0%|          | 0/20 [00:22<?, ?it/s, RMSE=5.951TECU, rel_dP=2.03e-02]  [EKF] iterating [analytical]:   5%|▌         | 1/20 [00:22<06:59, 22.09s/it, RMSE=5.951TECU, rel_dP=2.03e-02]  [EKF] iterating [analytical]:   5%|▌         | 1/20 [00:45<06:59, 22.09s/it, RMSE=1.605TECU, rel_dP=8.51e-03]  [EKF] iterating [analytical]:  10%|█         | 2/20 [00:45<06:55, 23.11s/it, RMSE=1.605TECU, rel_dP=8.51e-03]  [EKF] iterating [analytical]:  10%|█         | 2/20 [01:08<06:55, 23.11s/it, RMSE=1.066TECU, rel_dP=5.18e-03]  [EKF] iterating [analytical]:  15%|█▌        | 3/20 [01:08<06:25, 22.70s/it, RMSE=1.066TECU, rel_dP=5.18e-03]  [EKF] iterating [analytical]:  15%|█▌        | 3/20 [01:30<06:25, 22.70s/it, RMSE=0.972TECU, rel_dP=3.80e-03]  [EKF] iterating [analytical]:  20%|██        | 4/20 [01:30<05:59, 22.47s/it, RMSE=0.972TECU, rel_dP=3.80e-03]  [EKF] iterating [analytical]:  20%|██        | 4/20 [01:52<05:59, 22.47s/it, RMSE=0.934TECU, rel_dP=3.19e-03]  [EKF] iterating [analytical]:  25%|██▌       | 5/20 [01:52<05:36, 22.44s/it, RMSE=0.934TECU, rel_dP=3.19e-03]  [EKF] iterating [analytical]:  25%|██▌       | 5/20 [02:14<05:36, 22.44s/it, RMSE=0.908TECU, rel_dP=2.87e-03]  [EKF] iterating [analytical]:  30%|███       | 6/20 [02:14<05:12, 22.33s/it, RMSE=0.908TECU, rel_dP=2.87e-03]  [EKF] iterating [analytical]:  30%|███       | 6/20 [02:37<05:12, 22.33s/it, RMSE=0.887TECU, rel_dP=2.67e-03]  [EKF] iterating [analytical]:  35%|███▌      | 7/20 [02:37<04:50, 22.34s/it, RMSE=0.887TECU, rel_dP=2.67e-03]  [EKF] iterating [analytical]:  35%|███▌      | 7/20 [02:59<04:50, 22.34s/it, RMSE=0.868TECU, rel_dP=2.51e-03]  [EKF] iterating [analytical]:  40%|████      | 8/20 [02:59<04:27, 22.29s/it, RMSE=0.868TECU, rel_dP=2.51e-03]  [EKF] iterating [analytical]:  40%|████      | 8/20 [03:21<04:27, 22.29s/it, RMSE=0.863TECU, rel_dP=2.40e-03]  [EKF] iterating [analytical]:  45%|████▌     | 9/20 [03:21<04:04, 22.27s/it, RMSE=0.863TECU, rel_dP=2.40e-03]  [EKF] iterating [analytical]:  45%|████▌     | 9/20 [03:44<04:04, 22.27s/it, RMSE=0.875TECU, rel_dP=2.40e-03]  [EKF] iterating [analytical]:  50%|█████     | 10/20 [03:44<03:43, 22.35s/it, RMSE=0.875TECU, rel_dP=2.40e-03]  [EKF] iterating [analytical]:  50%|█████     | 10/20 [04:06<03:43, 22.35s/it, RMSE=0.892TECU, rel_dP=2.44e-03]  [EKF] iterating [analytical]:  55%|█████▌    | 11/20 [04:06<03:20, 22.31s/it, RMSE=0.892TECU, rel_dP=2.44e-03]  [EKF] iterating [analytical]:  55%|█████▌    | 11/20 [04:28<03:20, 22.31s/it, RMSE=0.909TECU, rel_dP=2.48e-03]  [EKF] iterating [analytical]:  60%|██████    | 12/20 [04:28<02:57, 22.19s/it, RMSE=0.909TECU, rel_dP=2.48e-03]  [EKF] iterating [analytical]:  60%|██████    | 12/20 [04:50<02:57, 22.19s/it, RMSE=0.922TECU, rel_dP=2.52e-03]  [EKF] iterating [analytical]:  65%|██████▌   | 13/20 [04:50<02:35, 22.20s/it, RMSE=0.922TECU, rel_dP=2.52e-03]  [EKF] iterating [analytical]:  65%|██████▌   | 13/20 [05:13<02:35, 22.20s/it, RMSE=0.933TECU, rel_dP=2.55e-03]  [EKF] iterating [analytical]:  70%|███████   | 14/20 [05:13<02:14, 22.35s/it, RMSE=0.933TECU, rel_dP=2.55e-03]  [EKF] iterating [analytical]:  70%|███████   | 14/20 [05:36<02:14, 22.35s/it, RMSE=0.942TECU, rel_dP=2.56e-03]  [EKF] iterating [analytical]:  75%|███████▌  | 15/20 [05:36<01:52, 22.56s/it, RMSE=0.942TECU, rel_dP=2.56e-03]  [EKF] iterating [analytical]:  75%|███████▌  | 15/20 [05:58<01:52, 22.56s/it, RMSE=0.950TECU, rel_dP=2.55e-03]  [EKF] iterating [analytical]:  80%|████████  | 16/20 [05:58<01:30, 22.53s/it, RMSE=0.950TECU, rel_dP=2.55e-03]  [EKF] iterating [analytical]:  80%|████████  | 16/20 [06:21<01:30, 22.53s/it, RMSE=0.955TECU, rel_dP=2.54e-03]  [EKF] iterating [analytical]:  85%|████████▌ | 17/20 [06:21<01:07, 22.57s/it, RMSE=0.955TECU, rel_dP=2.54e-03]  [EKF] iterating [analytical]:  85%|████████▌ | 17/20 [06:43<01:07, 22.57s/it, RMSE=0.957TECU, rel_dP=2.52e-03]  [EKF] iterating [analytical]:  90%|█████████ | 18/20 [06:43<00:44, 22.38s/it, RMSE=0.957TECU, rel_dP=2.52e-03]  [EKF] iterating [analytical]:  90%|█████████ | 18/20 [07:05<00:44, 22.38s/it, RMSE=0.958TECU, rel_dP=2.49e-03]  [EKF] iterating [analytical]:  95%|█████████▌| 19/20 [07:05<00:22, 22.47s/it, RMSE=0.958TECU, rel_dP=2.49e-03]  [EKF] iterating [analytical]:  95%|█████████▌| 19/20 [07:28<00:22, 22.47s/it, RMSE=0.957TECU, rel_dP=2.46e-03]  [EKF] iterating [analytical]: 100%|██████████| 20/20 [07:28<00:00, 22.40s/it, RMSE=0.957TECU, rel_dP=2.46e-03]                                                                                                                  [EKF] Reached max_iter=20 without convergence  (final ||ΔP||/||P|| = 2.46e-03)
  [EKF] Posterior innovations  mean=-0.18  std=0.94  max_abs=12.81 TECU
  [EKF] Prior RMSE 9.346 TECU  →  Post RMSE 1.337 TECU

  [sweep 2026-02-12_0100] N_OCC=80  (RO arcs available=17, used=17)
  [EKF] 17 arcs  |  2971 profile rays  |  796 update rays  |  n_state = 1248
  [EKF] Prior innovations  mean=5.14  std=13.51  max_abs=50.50 TECU
  [EKF] iterating [analytical]:   0%|          | 0/20 [00:00<?, ?it/s]  [EKF] iterating [analytical]:   0%|          | 0/20 [00:03<?, ?it/s, RMSE=14.456TECU, rel_dP=2.01e-02]  [EKF] iterating [analytical]:   5%|▌         | 1/20 [00:03<00:57,  3.04s/it, RMSE=14.456TECU, rel_dP=2.01e-02]  [EKF] iterating [analytical]:   5%|▌         | 1/20 [00:06<00:57,  3.04s/it, RMSE=3.531TECU, rel_dP=7.69e-03]   [EKF] iterating [analytical]:  10%|█         | 2/20 [00:06<00:54,  3.04s/it, RMSE=3.531TECU, rel_dP=7.69e-03]  [EKF] iterating [analytical]:  10%|█         | 2/20 [00:09<00:54,  3.04s/it, RMSE=2.011TECU, rel_dP=4.46e-03]  [EKF] iterating [analytical]:  15%|█▌        | 3/20 [00:09<00:51,  3.06s/it, RMSE=2.011TECU, rel_dP=4.46e-03]  [EKF] iterating [analytical]:  15%|█▌        | 3/20 [00:12<00:51,  3.06s/it, RMSE=1.735TECU, rel_dP=3.14e-03]  [EKF] iterating [analytical]:  20%|██        | 4/20 [00:12<00:48,  3.02s/it, RMSE=1.735TECU, rel_dP=3.14e-03]  [EKF] iterating [analytical]:  20%|██        | 4/20 [00:15<00:48,  3.02s/it, RMSE=1.635TECU, rel_dP=2.53e-03]  [EKF] iterating [analytical]:  25%|██▌       | 5/20 [00:15<00:45,  3.01s/it, RMSE=1.635TECU, rel_dP=2.53e-03]  [EKF] iterating [analytical]:  25%|██▌       | 5/20 [00:18<00:45,  3.01s/it, RMSE=1.574TECU, rel_dP=2.19e-03]  [EKF] iterating [analytical]:  30%|███       | 6/20 [00:18<00:42,  3.00s/it, RMSE=1.574TECU, rel_dP=2.19e-03]  [EKF] iterating [analytical]:  30%|███       | 6/20 [00:21<00:42,  3.00s/it, RMSE=1.527TECU, rel_dP=1.99e-03]  [EKF] iterating [analytical]:  35%|███▌      | 7/20 [00:21<00:39,  3.00s/it, RMSE=1.527TECU, rel_dP=1.99e-03]  [EKF] iterating [analytical]:  35%|███▌      | 7/20 [00:24<00:39,  3.00s/it, RMSE=1.489TECU, rel_dP=1.84e-03]  [EKF] iterating [analytical]:  40%|████      | 8/20 [00:24<00:36,  3.03s/it, RMSE=1.489TECU, rel_dP=1.84e-03]  [EKF] iterating [analytical]:  40%|████      | 8/20 [00:27<00:36,  3.03s/it, RMSE=1.456TECU, rel_dP=1.72e-03]  [EKF] iterating [analytical]:  45%|████▌     | 9/20 [00:27<00:33,  3.04s/it, RMSE=1.456TECU, rel_dP=1.72e-03]  [EKF] iterating [analytical]:  45%|████▌     | 9/20 [00:30<00:33,  3.04s/it, RMSE=1.426TECU, rel_dP=1.63e-03]  [EKF] iterating [analytical]:  50%|█████     | 10/20 [00:30<00:30,  3.02s/it, RMSE=1.426TECU, rel_dP=1.63e-03]  [EKF] iterating [analytical]:  50%|█████     | 10/20 [00:33<00:30,  3.02s/it, RMSE=1.402TECU, rel_dP=1.54e-03]  [EKF] iterating [analytical]:  55%|█████▌    | 11/20 [00:33<00:27,  3.04s/it, RMSE=1.402TECU, rel_dP=1.54e-03]  [EKF] iterating [analytical]:  55%|█████▌    | 11/20 [00:36<00:27,  3.04s/it, RMSE=1.401TECU, rel_dP=1.48e-03]  [EKF] iterating [analytical]:  60%|██████    | 12/20 [00:36<00:24,  3.05s/it, RMSE=1.401TECU, rel_dP=1.48e-03]  [EKF] iterating [analytical]:  60%|██████    | 12/20 [00:39<00:24,  3.05s/it, RMSE=1.411TECU, rel_dP=1.46e-03]  [EKF] iterating [analytical]:  65%|██████▌   | 13/20 [00:39<00:21,  3.03s/it, RMSE=1.411TECU, rel_dP=1.46e-03]  [EKF] iterating [analytical]:  65%|██████▌   | 13/20 [00:42<00:21,  3.03s/it, RMSE=1.422TECU, rel_dP=1.45e-03]  [EKF] iterating [analytical]:  70%|███████   | 14/20 [00:42<00:18,  3.03s/it, RMSE=1.422TECU, rel_dP=1.45e-03]  [EKF] iterating [analytical]:  70%|███████   | 14/20 [00:45<00:18,  3.03s/it, RMSE=1.432TECU, rel_dP=1.45e-03]  [EKF] iterating [analytical]:  75%|███████▌  | 15/20 [00:45<00:15,  3.03s/it, RMSE=1.432TECU, rel_dP=1.45e-03]  [EKF] iterating [analytical]:  75%|███████▌  | 15/20 [00:48<00:15,  3.03s/it, RMSE=1.440TECU, rel_dP=1.45e-03]  [EKF] iterating [analytical]:  80%|████████  | 16/20 [00:48<00:12,  3.03s/it, RMSE=1.440TECU, rel_dP=1.45e-03]  [EKF] iterating [analytical]:  80%|████████  | 16/20 [00:51<00:12,  3.03s/it, RMSE=1.445TECU, rel_dP=1.45e-03]  [EKF] iterating [analytical]:  85%|████████▌ | 17/20 [00:51<00:09,  3.03s/it, RMSE=1.445TECU, rel_dP=1.45e-03]  [EKF] iterating [analytical]:  85%|████████▌ | 17/20 [00:54<00:09,  3.03s/it, RMSE=1.448TECU, rel_dP=1.44e-03]  [EKF] iterating [analytical]:  90%|█████████ | 18/20 [00:54<00:06,  3.03s/it, RMSE=1.448TECU, rel_dP=1.44e-03]  [EKF] iterating [analytical]:  90%|█████████ | 18/20 [00:57<00:06,  3.03s/it, RMSE=1.449TECU, rel_dP=1.43e-03]  [EKF] iterating [analytical]:  95%|█████████▌| 19/20 [00:57<00:03,  3.01s/it, RMSE=1.449TECU, rel_dP=1.43e-03]  [EKF] iterating [analytical]:  95%|█████████▌| 19/20 [01:00<00:03,  3.01s/it, RMSE=1.448TECU, rel_dP=1.42e-03]  [EKF] iterating [analytical]: 100%|██████████| 20/20 [01:00<00:00,  3.01s/it, RMSE=1.448TECU, rel_dP=1.42e-03]                                                                                                                  [EKF] Reached max_iter=20 without convergence  (final ||ΔP||/||P|| = 1.42e-03)
  [EKF] Posterior innovations  mean=-0.19  std=1.43  max_abs=13.22 TECU
  [EKF] Prior RMSE 14.267 TECU  →  Post RMSE 1.646 TECU
  [EKF] 629 arcs  |  6958 profile rays  |  4783 update rays  |  n_state = 1248
  [EKF] Prior innovations  mean=0.96  std=5.87  max_abs=50.50 TECU
  [EKF] iterating [analytical]:   0%|          | 0/20 [00:00<?, ?it/s]  [EKF] iterating [analytical]:   0%|          | 0/20 [00:22<?, ?it/s, RMSE=5.951TECU, rel_dP=2.03e-02]  [EKF] iterating [analytical]:   5%|▌         | 1/20 [00:22<07:01, 22.20s/it, RMSE=5.951TECU, rel_dP=2.03e-02]  [EKF] iterating [analytical]:   5%|▌         | 1/20 [00:44<07:01, 22.20s/it, RMSE=1.605TECU, rel_dP=8.51e-03]  [EKF] iterating [analytical]:  10%|█         | 2/20 [00:44<06:42, 22.37s/it, RMSE=1.605TECU, rel_dP=8.51e-03]  [EKF] iterating [analytical]:  10%|█         | 2/20 [01:06<06:42, 22.37s/it, RMSE=1.066TECU, rel_dP=5.18e-03]  [EKF] iterating [analytical]:  15%|█▌        | 3/20 [01:06<06:18, 22.28s/it, RMSE=1.066TECU, rel_dP=5.18e-03]  [EKF] iterating [analytical]:  15%|█▌        | 3/20 [01:29<06:18, 22.28s/it, RMSE=0.972TECU, rel_dP=3.80e-03]  [EKF] iterating [analytical]:  20%|██        | 4/20 [01:29<05:56, 22.28s/it, RMSE=0.972TECU, rel_dP=3.80e-03]  [EKF] iterating [analytical]:  20%|██        | 4/20 [01:51<05:56, 22.28s/it, RMSE=0.934TECU, rel_dP=3.19e-03]  [EKF] iterating [analytical]:  25%|██▌       | 5/20 [01:51<05:34, 22.29s/it, RMSE=0.934TECU, rel_dP=3.19e-03]  [EKF] iterating [analytical]:  25%|██▌       | 5/20 [02:15<05:34, 22.29s/it, RMSE=0.908TECU, rel_dP=2.87e-03]  [EKF] iterating [analytical]:  30%|███       | 6/20 [02:15<05:18, 22.74s/it, RMSE=0.908TECU, rel_dP=2.87e-03]  [EKF] iterating [analytical]:  30%|███       | 6/20 [02:37<05:18, 22.74s/it, RMSE=0.887TECU, rel_dP=2.67e-03]  [EKF] iterating [analytical]:  35%|███▌      | 7/20 [02:37<04:52, 22.53s/it, RMSE=0.887TECU, rel_dP=2.67e-03]  [EKF] iterating [analytical]:  35%|███▌      | 7/20 [02:59<04:52, 22.53s/it, RMSE=0.868TECU, rel_dP=2.51e-03]  [EKF] iterating [analytical]:  40%|████      | 8/20 [02:59<04:30, 22.51s/it, RMSE=0.868TECU, rel_dP=2.51e-03]  [EKF] iterating [analytical]:  40%|████      | 8/20 [03:22<04:30, 22.51s/it, RMSE=0.863TECU, rel_dP=2.40e-03]  [EKF] iterating [analytical]:  45%|████▌     | 9/20 [03:22<04:07, 22.51s/it, RMSE=0.863TECU, rel_dP=2.40e-03]  [EKF] iterating [analytical]:  45%|████▌     | 9/20 [03:44<04:07, 22.51s/it, RMSE=0.875TECU, rel_dP=2.40e-03]  [EKF] iterating [analytical]:  50%|█████     | 10/20 [03:44<03:44, 22.47s/it, RMSE=0.875TECU, rel_dP=2.40e-03]  [EKF] iterating [analytical]:  50%|█████     | 10/20 [04:07<03:44, 22.47s/it, RMSE=0.892TECU, rel_dP=2.44e-03]  [EKF] iterating [analytical]:  55%|█████▌    | 11/20 [04:07<03:24, 22.74s/it, RMSE=0.892TECU, rel_dP=2.44e-03]  [EKF] iterating [analytical]:  55%|█████▌    | 11/20 [04:30<03:24, 22.74s/it, RMSE=0.909TECU, rel_dP=2.48e-03]  [EKF] iterating [analytical]:  60%|██████    | 12/20 [04:30<03:02, 22.85s/it, RMSE=0.909TECU, rel_dP=2.48e-03]  [EKF] iterating [analytical]:  60%|██████    | 12/20 [04:53<03:02, 22.85s/it, RMSE=0.922TECU, rel_dP=2.52e-03]  [EKF] iterating [analytical]:  65%|██████▌   | 13/20 [04:53<02:39, 22.81s/it, RMSE=0.922TECU, rel_dP=2.52e-03]  [EKF] iterating [analytical]:  65%|██████▌   | 13/20 [15:23:20<02:39, 22.81s/it, RMSE=0.933TECU, rel_dP=2.55e-03]  [EKF] iterating [analytical]:  70%|███████   | 14/20 [15:23:20<27:46:04, 16660.80s/it, RMSE=0.933TECU, rel_dP=2.55e-03]  [EKF] iterating [analytical]:  70%|███████   | 14/20 [15:23:43<27:46:04, 16660.80s/it, RMSE=0.942TECU, rel_dP=2.56e-03]  [EKF] iterating [analytical]:  75%|███████▌  | 15/20 [15:23:43<16:10:27, 11645.60s/it, RMSE=0.942TECU, rel_dP=2.56e-03]  [EKF] iterating [analytical]:  75%|███████▌  | 15/20 [15:24:05<16:10:27, 11645.60s/it, RMSE=0.950TECU, rel_dP=2.55e-03]  [EKF] iterating [analytical]:  80%|████████  | 16/20 [15:24:05<9:03:08, 8147.12s/it, RMSE=0.950TECU, rel_dP=2.55e-03]    [EKF] iterating [analytical]:  80%|████████  | 16/20 [15:24:28<9:03:08, 8147.12s/it, RMSE=0.955TECU, rel_dP=2.54e-03]  [EKF] iterating [analytical]:  85%|████████▌ | 17/20 [15:24:28<4:45:11, 5703.95s/it, RMSE=0.955TECU, rel_dP=2.54e-03]  [EKF] iterating [analytical]:  85%|████████▌ | 17/20 [15:24:50<4:45:11, 5703.95s/it, RMSE=0.957TECU, rel_dP=2.52e-03]  [EKF] iterating [analytical]:  90%|█████████ | 18/20 [15:24:50<2:13:13, 3996.70s/it, RMSE=0.957TECU, rel_dP=2.52e-03]  [EKF] iterating [analytical]:  90%|█████████ | 18/20 [15:25:12<2:13:13, 3996.70s/it, RMSE=0.958TECU, rel_dP=2.49e-03]  [EKF] iterating [analytical]:  95%|█████████▌| 19/20 [15:25:12<46:42, 2802.98s/it, RMSE=0.958TECU, rel_dP=2.49e-03]    [EKF] iterating [analytical]:  95%|█████████▌| 19/20 [15:25:34<46:42, 2802.98s/it, RMSE=0.957TECU, rel_dP=2.46e-03]  [EKF] iterating [analytical]: 100%|██████████| 20/20 [15:25:34<00:00, 1967.97s/it, RMSE=0.957TECU, rel_dP=2.46e-03]                                                                                                                       [EKF] Reached max_iter=20 without convergence  (final ||ΔP||/||P|| = 2.46e-03)
  [EKF] Posterior innovations  mean=-0.18  std=0.94  max_abs=12.81 TECU
  [EKF] Prior RMSE 9.346 TECU  →  Post RMSE 1.337 TECU

  [sweep 2026-02-12_0100] N_OCC=90  (RO arcs available=17, used=17)
  [EKF] 17 arcs  |  2971 profile rays  |  796 update rays  |  n_state = 1248
  [EKF] Prior innovations  mean=5.14  std=13.51  max_abs=50.50 TECU
  [EKF] iterating [analytical]:   0%|          | 0/20 [00:00<?, ?it/s]  [EKF] iterating [analytical]:   0%|          | 0/20 [00:02<?, ?it/s, RMSE=14.456TECU, rel_dP=2.01e-02]  [EKF] iterating [analytical]:   5%|▌         | 1/20 [00:02<00:55,  2.93s/it, RMSE=14.456TECU, rel_dP=2.01e-02]  [EKF] iterating [analytical]:   5%|▌         | 1/20 [00:05<00:55,  2.93s/it, RMSE=3.531TECU, rel_dP=7.69e-03]   [EKF] iterating [analytical]:  10%|█         | 2/20 [00:05<00:53,  2.98s/it, RMSE=3.531TECU, rel_dP=7.69e-03]  [EKF] iterating [analytical]:  10%|█         | 2/20 [00:08<00:53,  2.98s/it, RMSE=2.011TECU, rel_dP=4.46e-03]  [EKF] iterating [analytical]:  15%|█▌        | 3/20 [00:08<00:50,  3.00s/it, RMSE=2.011TECU, rel_dP=4.46e-03]  [EKF] iterating [analytical]:  15%|█▌        | 3/20 [00:12<00:50,  3.00s/it, RMSE=1.735TECU, rel_dP=3.14e-03]  [EKF] iterating [analytical]:  20%|██        | 4/20 [00:12<00:48,  3.01s/it, RMSE=1.735TECU, rel_dP=3.14e-03]  [EKF] iterating [analytical]:  20%|██        | 4/20 [00:15<00:48,  3.01s/it, RMSE=1.635TECU, rel_dP=2.53e-03]  [EKF] iterating [analytical]:  25%|██▌       | 5/20 [00:15<00:45,  3.03s/it, RMSE=1.635TECU, rel_dP=2.53e-03]  [EKF] iterating [analytical]:  25%|██▌       | 5/20 [00:18<00:45,  3.03s/it, RMSE=1.574TECU, rel_dP=2.19e-03]  [EKF] iterating [analytical]:  30%|███       | 6/20 [00:18<00:42,  3.03s/it, RMSE=1.574TECU, rel_dP=2.19e-03]  [EKF] iterating [analytical]:  30%|███       | 6/20 [00:21<00:42,  3.03s/it, RMSE=1.527TECU, rel_dP=1.99e-03]  [EKF] iterating [analytical]:  35%|███▌      | 7/20 [00:21<00:39,  3.05s/it, RMSE=1.527TECU, rel_dP=1.99e-03]  [EKF] iterating [analytical]:  35%|███▌      | 7/20 [00:24<00:39,  3.05s/it, RMSE=1.489TECU, rel_dP=1.84e-03]  [EKF] iterating [analytical]:  40%|████      | 8/20 [00:24<00:36,  3.05s/it, RMSE=1.489TECU, rel_dP=1.84e-03]  [EKF] iterating [analytical]:  40%|████      | 8/20 [00:27<00:36,  3.05s/it, RMSE=1.456TECU, rel_dP=1.72e-03]  [EKF] iterating [analytical]:  45%|████▌     | 9/20 [00:27<00:33,  3.05s/it, RMSE=1.456TECU, rel_dP=1.72e-03]  [EKF] iterating [analytical]:  45%|████▌     | 9/20 [00:30<00:33,  3.05s/it, RMSE=1.426TECU, rel_dP=1.63e-03]  [EKF] iterating [analytical]:  50%|█████     | 10/20 [00:30<00:30,  3.04s/it, RMSE=1.426TECU, rel_dP=1.63e-03]  [EKF] iterating [analytical]:  50%|█████     | 10/20 [00:33<00:30,  3.04s/it, RMSE=1.402TECU, rel_dP=1.54e-03]  [EKF] iterating [analytical]:  55%|█████▌    | 11/20 [00:33<00:27,  3.03s/it, RMSE=1.402TECU, rel_dP=1.54e-03]  [EKF] iterating [analytical]:  55%|█████▌    | 11/20 [00:36<00:27,  3.03s/it, RMSE=1.401TECU, rel_dP=1.48e-03]  [EKF] iterating [analytical]:  60%|██████    | 12/20 [00:36<00:24,  3.05s/it, RMSE=1.401TECU, rel_dP=1.48e-03]  [EKF] iterating [analytical]:  60%|██████    | 12/20 [00:39<00:24,  3.05s/it, RMSE=1.411TECU, rel_dP=1.46e-03]  [EKF] iterating [analytical]:  65%|██████▌   | 13/20 [00:39<00:21,  3.03s/it, RMSE=1.411TECU, rel_dP=1.46e-03]  [EKF] iterating [analytical]:  65%|██████▌   | 13/20 [00:42<00:21,  3.03s/it, RMSE=1.422TECU, rel_dP=1.45e-03]  [EKF] iterating [analytical]:  70%|███████   | 14/20 [00:42<00:18,  3.05s/it, RMSE=1.422TECU, rel_dP=1.45e-03]  [EKF] iterating [analytical]:  70%|███████   | 14/20 [00:45<00:18,  3.05s/it, RMSE=1.432TECU, rel_dP=1.45e-03]  [EKF] iterating [analytical]:  75%|███████▌  | 15/20 [00:45<00:15,  3.06s/it, RMSE=1.432TECU, rel_dP=1.45e-03]  [EKF] iterating [analytical]:  75%|███████▌  | 15/20 [00:48<00:15,  3.06s/it, RMSE=1.440TECU, rel_dP=1.45e-03]  [EKF] iterating [analytical]:  80%|████████  | 16/20 [00:48<00:12,  3.05s/it, RMSE=1.440TECU, rel_dP=1.45e-03]  [EKF] iterating [analytical]:  80%|████████  | 16/20 [00:51<00:12,  3.05s/it, RMSE=1.445TECU, rel_dP=1.45e-03]  [EKF] iterating [analytical]:  85%|████████▌ | 17/20 [00:51<00:09,  3.04s/it, RMSE=1.445TECU, rel_dP=1.45e-03]  [EKF] iterating [analytical]:  85%|████████▌ | 17/20 [00:54<00:09,  3.04s/it, RMSE=1.448TECU, rel_dP=1.44e-03]  [EKF] iterating [analytical]:  90%|█████████ | 18/20 [00:54<00:06,  3.04s/it, RMSE=1.448TECU, rel_dP=1.44e-03]  [EKF] iterating [analytical]:  90%|█████████ | 18/20 [00:57<00:06,  3.04s/it, RMSE=1.449TECU, rel_dP=1.43e-03]  [EKF] iterating [analytical]:  95%|█████████▌| 19/20 [00:57<00:03,  3.06s/it, RMSE=1.449TECU, rel_dP=1.43e-03]  [EKF] iterating [analytical]:  95%|█████████▌| 19/20 [01:00<00:03,  3.06s/it, RMSE=1.448TECU, rel_dP=1.42e-03]  [EKF] iterating [analytical]: 100%|██████████| 20/20 [01:00<00:00,  3.06s/it, RMSE=1.448TECU, rel_dP=1.42e-03]                                                                                                                  [EKF] Reached max_iter=20 without convergence  (final ||ΔP||/||P|| = 1.42e-03)
  [EKF] Posterior innovations  mean=-0.19  std=1.43  max_abs=13.22 TECU
  [EKF] Prior RMSE 14.267 TECU  →  Post RMSE 1.646 TECU
  [EKF] 629 arcs  |  6958 profile rays  |  4783 update rays  |  n_state = 1248
  [EKF] Prior innovations  mean=0.96  std=5.87  max_abs=50.50 TECU
  [EKF] iterating [analytical]:   0%|          | 0/20 [00:00<?, ?it/s]  [EKF] iterating [analytical]:   0%|          | 0/20 [00:22<?, ?it/s, RMSE=5.951TECU, rel_dP=2.03e-02]  [EKF] iterating [analytical]:   5%|▌         | 1/20 [00:22<06:58, 22.01s/it, RMSE=5.951TECU, rel_dP=2.03e-02]  [EKF] iterating [analytical]:   5%|▌         | 1/20 [00:44<06:58, 22.01s/it, RMSE=1.605TECU, rel_dP=8.51e-03]  [EKF] iterating [analytical]:  10%|█         | 2/20 [00:44<06:39, 22.22s/it, RMSE=1.605TECU, rel_dP=8.51e-03]  [EKF] iterating [analytical]:  10%|█         | 2/20 [01:06<06:39, 22.22s/it, RMSE=1.066TECU, rel_dP=5.18e-03]  [EKF] iterating [analytical]:  15%|█▌        | 3/20 [01:06<06:18, 22.27s/it, RMSE=1.066TECU, rel_dP=5.18e-03]  [EKF] iterating [analytical]:  15%|█▌        | 3/20 [01:28<06:18, 22.27s/it, RMSE=0.972TECU, rel_dP=3.80e-03]  [EKF] iterating [analytical]:  20%|██        | 4/20 [01:28<05:56, 22.27s/it, RMSE=0.972TECU, rel_dP=3.80e-03]  [EKF] iterating [analytical]:  20%|██        | 4/20 [01:51<05:56, 22.27s/it, RMSE=0.934TECU, rel_dP=3.19e-03]  [EKF] iterating [analytical]:  25%|██▌       | 5/20 [01:51<05:33, 22.22s/it, RMSE=0.934TECU, rel_dP=3.19e-03]  [EKF] iterating [analytical]:  25%|██▌       | 5/20 [02:13<05:33, 22.22s/it, RMSE=0.908TECU, rel_dP=2.87e-03]  [EKF] iterating [analytical]:  30%|███       | 6/20 [02:13<05:10, 22.21s/it, RMSE=0.908TECU, rel_dP=2.87e-03]  [EKF] iterating [analytical]:  30%|███       | 6/20 [02:35<05:10, 22.21s/it, RMSE=0.887TECU, rel_dP=2.67e-03]  [EKF] iterating [analytical]:  35%|███▌      | 7/20 [02:35<04:48, 22.21s/it, RMSE=0.887TECU, rel_dP=2.67e-03]  [EKF] iterating [analytical]:  35%|███▌      | 7/20 [02:57<04:48, 22.21s/it, RMSE=0.868TECU, rel_dP=2.51e-03]  [EKF] iterating [analytical]:  40%|████      | 8/20 [02:57<04:26, 22.22s/it, RMSE=0.868TECU, rel_dP=2.51e-03]  [EKF] iterating [analytical]:  40%|████      | 8/20 [03:19<04:26, 22.22s/it, RMSE=0.863TECU, rel_dP=2.40e-03]  [EKF] iterating [analytical]:  45%|████▌     | 9/20 [03:19<04:04, 22.19s/it, RMSE=0.863TECU, rel_dP=2.40e-03]  [EKF] iterating [analytical]:  45%|████▌     | 9/20 [03:41<04:04, 22.19s/it, RMSE=0.875TECU, rel_dP=2.40e-03]  [EKF] iterating [analytical]:  50%|█████     | 10/20 [03:41<03:40, 22.04s/it, RMSE=0.875TECU, rel_dP=2.40e-03]  [EKF] iterating [analytical]:  50%|█████     | 10/20 [04:03<03:40, 22.04s/it, RMSE=0.892TECU, rel_dP=2.44e-03]  [EKF] iterating [analytical]:  55%|█████▌    | 11/20 [04:03<03:17, 21.92s/it, RMSE=0.892TECU, rel_dP=2.44e-03]  [EKF] iterating [analytical]:  55%|█████▌    | 11/20 [04:24<03:17, 21.92s/it, RMSE=0.909TECU, rel_dP=2.48e-03]  [EKF] iterating [analytical]:  60%|██████    | 12/20 [04:24<02:54, 21.80s/it, RMSE=0.909TECU, rel_dP=2.48e-03]  [EKF] iterating [analytical]:  60%|██████    | 12/20 [04:46<02:54, 21.80s/it, RMSE=0.922TECU, rel_dP=2.52e-03]  [EKF] iterating [analytical]:  65%|██████▌   | 13/20 [04:46<02:32, 21.73s/it, RMSE=0.922TECU, rel_dP=2.52e-03]  [EKF] iterating [analytical]:  65%|██████▌   | 13/20 [05:08<02:32, 21.73s/it, RMSE=0.933TECU, rel_dP=2.55e-03]  [EKF] iterating [analytical]:  70%|███████   | 14/20 [05:08<02:10, 21.78s/it, RMSE=0.933TECU, rel_dP=2.55e-03]  [EKF] iterating [analytical]:  70%|███████   | 14/20 [05:29<02:10, 21.78s/it, RMSE=0.942TECU, rel_dP=2.56e-03]  [EKF] iterating [analytical]:  75%|███████▌  | 15/20 [05:29<01:48, 21.67s/it, RMSE=0.942TECU, rel_dP=2.56e-03]  [EKF] iterating [analytical]:  75%|███████▌  | 15/20 [05:51<01:48, 21.67s/it, RMSE=0.950TECU, rel_dP=2.55e-03]  [EKF] iterating [analytical]:  80%|████████  | 16/20 [05:51<01:26, 21.71s/it, RMSE=0.950TECU, rel_dP=2.55e-03]  [EKF] iterating [analytical]:  80%|████████  | 16/20 [06:15<01:26, 21.71s/it, RMSE=0.955TECU, rel_dP=2.54e-03]  [EKF] iterating [analytical]:  85%|████████▌ | 17/20 [06:15<01:07, 22.38s/it, RMSE=0.955TECU, rel_dP=2.54e-03]  [EKF] iterating [analytical]:  85%|████████▌ | 17/20 [06:37<01:07, 22.38s/it, RMSE=0.957TECU, rel_dP=2.52e-03]  [EKF] iterating [analytical]:  90%|█████████ | 18/20 [06:37<00:44, 22.23s/it, RMSE=0.957TECU, rel_dP=2.52e-03]  [EKF] iterating [analytical]:  90%|█████████ | 18/20 [06:59<00:44, 22.23s/it, RMSE=0.958TECU, rel_dP=2.49e-03]  [EKF] iterating [analytical]:  95%|█████████▌| 19/20 [06:59<00:22, 22.18s/it, RMSE=0.958TECU, rel_dP=2.49e-03]  [EKF] iterating [analytical]:  95%|█████████▌| 19/20 [07:22<00:22, 22.18s/it, RMSE=0.957TECU, rel_dP=2.46e-03]  [EKF] iterating [analytical]: 100%|██████████| 20/20 [07:22<00:00, 22.54s/it, RMSE=0.957TECU, rel_dP=2.46e-03]                                                                                                                  [EKF] Reached max_iter=20 without convergence  (final ||ΔP||/||P|| = 2.46e-03)
  [EKF] Posterior innovations  mean=-0.18  std=0.94  max_abs=12.81 TECU
  [EKF] Prior RMSE 9.346 TECU  →  Post RMSE 1.337 TECU

  [sweep 2026-02-12_0100] N_OCC=100  (RO arcs available=17, used=17)
  [EKF] 17 arcs  |  2971 profile rays  |  796 update rays  |  n_state = 1248
  [EKF] Prior innovations  mean=5.14  std=13.51  max_abs=50.50 TECU
  [EKF] iterating [analytical]:   0%|          | 0/20 [00:00<?, ?it/s]  [EKF] iterating [analytical]:   0%|          | 0/20 [00:02<?, ?it/s, RMSE=14.456TECU, rel_dP=2.01e-02]  [EKF] iterating [analytical]:   5%|▌         | 1/20 [00:02<00:55,  2.94s/it, RMSE=14.456TECU, rel_dP=2.01e-02]  [EKF] iterating [analytical]:   5%|▌         | 1/20 [00:05<00:55,  2.94s/it, RMSE=3.531TECU, rel_dP=7.69e-03]   [EKF] iterating [analytical]:  10%|█         | 2/20 [00:05<00:53,  2.95s/it, RMSE=3.531TECU, rel_dP=7.69e-03]  [EKF] iterating [analytical]:  10%|█         | 2/20 [00:08<00:53,  2.95s/it, RMSE=2.011TECU, rel_dP=4.46e-03]  [EKF] iterating [analytical]:  15%|█▌        | 3/20 [00:08<00:50,  2.98s/it, RMSE=2.011TECU, rel_dP=4.46e-03]  [EKF] iterating [analytical]:  15%|█▌        | 3/20 [00:11<00:50,  2.98s/it, RMSE=1.735TECU, rel_dP=3.14e-03]  [EKF] iterating [analytical]:  20%|██        | 4/20 [00:11<00:47,  3.00s/it, RMSE=1.735TECU, rel_dP=3.14e-03]  [EKF] iterating [analytical]:  20%|██        | 4/20 [00:14<00:47,  3.00s/it, RMSE=1.635TECU, rel_dP=2.53e-03]  [EKF] iterating [analytical]:  25%|██▌       | 5/20 [00:14<00:45,  3.01s/it, RMSE=1.635TECU, rel_dP=2.53e-03]  [EKF] iterating [analytical]:  25%|██▌       | 5/20 [00:17<00:45,  3.01s/it, RMSE=1.574TECU, rel_dP=2.19e-03]  [EKF] iterating [analytical]:  30%|███       | 6/20 [00:17<00:41,  3.00s/it, RMSE=1.574TECU, rel_dP=2.19e-03]  [EKF] iterating [analytical]:  30%|███       | 6/20 [00:20<00:41,  3.00s/it, RMSE=1.527TECU, rel_dP=1.99e-03]  [EKF] iterating [analytical]:  35%|███▌      | 7/20 [00:20<00:38,  3.00s/it, RMSE=1.527TECU, rel_dP=1.99e-03]  [EKF] iterating [analytical]:  35%|███▌      | 7/20 [00:23<00:38,  3.00s/it, RMSE=1.489TECU, rel_dP=1.84e-03]  [EKF] iterating [analytical]:  40%|████      | 8/20 [00:23<00:35,  3.00s/it, RMSE=1.489TECU, rel_dP=1.84e-03]  [EKF] iterating [analytical]:  40%|████      | 8/20 [00:26<00:35,  3.00s/it, RMSE=1.456TECU, rel_dP=1.72e-03]  [EKF] iterating [analytical]:  45%|████▌     | 9/20 [00:26<00:32,  2.99s/it, RMSE=1.456TECU, rel_dP=1.72e-03]  [EKF] iterating [analytical]:  45%|████▌     | 9/20 [00:29<00:32,  2.99s/it, RMSE=1.426TECU, rel_dP=1.63e-03]  [EKF] iterating [analytical]:  50%|█████     | 10/20 [00:29<00:29,  2.98s/it, RMSE=1.426TECU, rel_dP=1.63e-03]  [EKF] iterating [analytical]:  50%|█████     | 10/20 [00:32<00:29,  2.98s/it, RMSE=1.402TECU, rel_dP=1.54e-03]  [EKF] iterating [analytical]:  55%|█████▌    | 11/20 [00:32<00:26,  2.99s/it, RMSE=1.402TECU, rel_dP=1.54e-03]  [EKF] iterating [analytical]:  55%|█████▌    | 11/20 [00:35<00:26,  2.99s/it, RMSE=1.401TECU, rel_dP=1.48e-03]  [EKF] iterating [analytical]:  60%|██████    | 12/20 [00:35<00:24,  3.00s/it, RMSE=1.401TECU, rel_dP=1.48e-03]  [EKF] iterating [analytical]:  60%|██████    | 12/20 [00:38<00:24,  3.00s/it, RMSE=1.411TECU, rel_dP=1.46e-03]  [EKF] iterating [analytical]:  65%|██████▌   | 13/20 [00:38<00:21,  3.00s/it, RMSE=1.411TECU, rel_dP=1.46e-03]  [EKF] iterating [analytical]:  65%|██████▌   | 13/20 [00:42<00:21,  3.00s/it, RMSE=1.422TECU, rel_dP=1.45e-03]  [EKF] iterating [analytical]:  70%|███████   | 14/20 [00:42<00:18,  3.03s/it, RMSE=1.422TECU, rel_dP=1.45e-03]  [EKF] iterating [analytical]:  70%|███████   | 14/20 [00:45<00:18,  3.03s/it, RMSE=1.432TECU, rel_dP=1.45e-03]  [EKF] iterating [analytical]:  75%|███████▌  | 15/20 [00:45<00:15,  3.09s/it, RMSE=1.432TECU, rel_dP=1.45e-03]  [EKF] iterating [analytical]:  75%|███████▌  | 15/20 [00:48<00:15,  3.09s/it, RMSE=1.440TECU, rel_dP=1.45e-03]  [EKF] iterating [analytical]:  80%|████████  | 16/20 [00:48<00:12,  3.13s/it, RMSE=1.440TECU, rel_dP=1.45e-03]  [EKF] iterating [analytical]:  80%|████████  | 16/20 [00:51<00:12,  3.13s/it, RMSE=1.445TECU, rel_dP=1.45e-03]  [EKF] iterating [analytical]:  85%|████████▌ | 17/20 [00:51<00:09,  3.09s/it, RMSE=1.445TECU, rel_dP=1.45e-03]  [EKF] iterating [analytical]:  85%|████████▌ | 17/20 [00:54<00:09,  3.09s/it, RMSE=1.448TECU, rel_dP=1.44e-03]  [EKF] iterating [analytical]:  90%|█████████ | 18/20 [00:54<00:06,  3.05s/it, RMSE=1.448TECU, rel_dP=1.44e-03]  [EKF] iterating [analytical]:  90%|█████████ | 18/20 [00:57<00:06,  3.05s/it, RMSE=1.449TECU, rel_dP=1.43e-03]  [EKF] iterating [analytical]:  95%|█████████▌| 19/20 [00:57<00:03,  3.05s/it, RMSE=1.449TECU, rel_dP=1.43e-03]  [EKF] iterating [analytical]:  95%|█████████▌| 19/20 [01:00<00:03,  3.05s/it, RMSE=1.448TECU, rel_dP=1.42e-03]  [EKF] iterating [analytical]: 100%|██████████| 20/20 [01:00<00:00,  3.06s/it, RMSE=1.448TECU, rel_dP=1.42e-03]                                                                                                                  [EKF] Reached max_iter=20 without convergence  (final ||ΔP||/||P|| = 1.42e-03)
  [EKF] Posterior innovations  mean=-0.19  std=1.43  max_abs=13.22 TECU
  [EKF] Prior RMSE 14.267 TECU  →  Post RMSE 1.646 TECU
  [EKF] 629 arcs  |  6958 profile rays  |  4783 update rays  |  n_state = 1248
  [EKF] Prior innovations  mean=0.96  std=5.87  max_abs=50.50 TECU
  [EKF] iterating [analytical]:   0%|          | 0/20 [00:00<?, ?it/s]  [EKF] iterating [analytical]:   0%|          | 0/20 [00:22<?, ?it/s, RMSE=5.951TECU, rel_dP=2.03e-02]  [EKF] iterating [analytical]:   5%|▌         | 1/20 [00:22<07:00, 22.12s/it, RMSE=5.951TECU, rel_dP=2.03e-02]  [EKF] iterating [analytical]:   5%|▌         | 1/20 [00:44<07:00, 22.12s/it, RMSE=1.605TECU, rel_dP=8.51e-03]  [EKF] iterating [analytical]:  10%|█         | 2/20 [00:44<06:39, 22.18s/it, RMSE=1.605TECU, rel_dP=8.51e-03]  [EKF] iterating [analytical]:  10%|█         | 2/20 [01:06<06:39, 22.18s/it, RMSE=1.066TECU, rel_dP=5.18e-03]  [EKF] iterating [analytical]:  15%|█▌        | 3/20 [01:06<06:18, 22.26s/it, RMSE=1.066TECU, rel_dP=5.18e-03]  [EKF] iterating [analytical]:  15%|█▌        | 3/20 [01:29<06:18, 22.26s/it, RMSE=0.972TECU, rel_dP=3.80e-03]  [EKF] iterating [analytical]:  20%|██        | 4/20 [01:29<05:58, 22.40s/it, RMSE=0.972TECU, rel_dP=3.80e-03]  [EKF] iterating [analytical]:  20%|██        | 4/20 [01:51<05:58, 22.40s/it, RMSE=0.934TECU, rel_dP=3.19e-03]  [EKF] iterating [analytical]:  25%|██▌       | 5/20 [01:51<05:34, 22.30s/it, RMSE=0.934TECU, rel_dP=3.19e-03]  [EKF] iterating [analytical]:  25%|██▌       | 5/20 [02:14<05:34, 22.30s/it, RMSE=0.908TECU, rel_dP=2.87e-03]  [EKF] iterating [analytical]:  30%|███       | 6/20 [02:14<05:14, 22.43s/it, RMSE=0.908TECU, rel_dP=2.87e-03]  [EKF] iterating [analytical]:  30%|███       | 6/20 [02:36<05:14, 22.43s/it, RMSE=0.887TECU, rel_dP=2.67e-03]  [EKF] iterating [analytical]:  35%|███▌      | 7/20 [02:36<04:51, 22.39s/it, RMSE=0.887TECU, rel_dP=2.67e-03]  [EKF] iterating [analytical]:  35%|███▌      | 7/20 [02:58<04:51, 22.39s/it, RMSE=0.868TECU, rel_dP=2.51e-03]  [EKF] iterating [analytical]:  40%|████      | 8/20 [02:58<04:28, 22.36s/it, RMSE=0.868TECU, rel_dP=2.51e-03]  [EKF] iterating [analytical]:  40%|████      | 8/20 [03:21<04:28, 22.36s/it, RMSE=0.863TECU, rel_dP=2.40e-03]  [EKF] iterating [analytical]:  45%|████▌     | 9/20 [03:21<04:06, 22.38s/it, RMSE=0.863TECU, rel_dP=2.40e-03]  [EKF] iterating [analytical]:  45%|████▌     | 9/20 [03:43<04:06, 22.38s/it, RMSE=0.875TECU, rel_dP=2.40e-03]  [EKF] iterating [analytical]:  50%|█████     | 10/20 [03:43<03:43, 22.38s/it, RMSE=0.875TECU, rel_dP=2.40e-03]  [EKF] iterating [analytical]:  50%|█████     | 10/20 [04:06<03:43, 22.38s/it, RMSE=0.892TECU, rel_dP=2.44e-03]  [EKF] iterating [analytical]:  55%|█████▌    | 11/20 [04:06<03:24, 22.70s/it, RMSE=0.892TECU, rel_dP=2.44e-03]  [EKF] iterating [analytical]:  55%|█████▌    | 11/20 [04:29<03:24, 22.70s/it, RMSE=0.909TECU, rel_dP=2.48e-03]  [EKF] iterating [analytical]:  60%|██████    | 12/20 [04:29<03:01, 22.67s/it, RMSE=0.909TECU, rel_dP=2.48e-03]  [EKF] iterating [analytical]:  60%|██████    | 12/20 [04:51<03:01, 22.67s/it, RMSE=0.922TECU, rel_dP=2.52e-03]  [EKF] iterating [analytical]:  65%|██████▌   | 13/20 [04:51<02:37, 22.54s/it, RMSE=0.922TECU, rel_dP=2.52e-03]  [EKF] iterating [analytical]:  65%|██████▌   | 13/20 [05:13<02:37, 22.54s/it, RMSE=0.933TECU, rel_dP=2.55e-03]  [EKF] iterating [analytical]:  70%|███████   | 14/20 [05:13<02:14, 22.42s/it, RMSE=0.933TECU, rel_dP=2.55e-03]  [EKF] iterating [analytical]:  70%|███████   | 14/20 [05:36<02:14, 22.42s/it, RMSE=0.942TECU, rel_dP=2.56e-03]  [EKF] iterating [analytical]:  75%|███████▌  | 15/20 [05:36<01:51, 22.39s/it, RMSE=0.942TECU, rel_dP=2.56e-03]  [EKF] iterating [analytical]:  75%|███████▌  | 15/20 [05:58<01:51, 22.39s/it, RMSE=0.950TECU, rel_dP=2.55e-03]  [EKF] iterating [analytical]:  80%|████████  | 16/20 [05:58<01:29, 22.37s/it, RMSE=0.950TECU, rel_dP=2.55e-03]  [EKF] iterating [analytical]:  80%|████████  | 16/20 [06:20<01:29, 22.37s/it, RMSE=0.955TECU, rel_dP=2.54e-03]  [EKF] iterating [analytical]:  85%|████████▌ | 17/20 [06:20<01:06, 22.32s/it, RMSE=0.955TECU, rel_dP=2.54e-03]  [EKF] iterating [analytical]:  85%|████████▌ | 17/20 [06:43<01:06, 22.32s/it, RMSE=0.957TECU, rel_dP=2.52e-03]  [EKF] iterating [analytical]:  90%|█████████ | 18/20 [06:43<00:44, 22.42s/it, RMSE=0.957TECU, rel_dP=2.52e-03]  [EKF] iterating [analytical]:  90%|█████████ | 18/20 [07:06<00:44, 22.42s/it, RMSE=0.958TECU, rel_dP=2.49e-03]  [EKF] iterating [analytical]:  95%|█████████▌| 19/20 [07:06<00:22, 22.56s/it, RMSE=0.958TECU, rel_dP=2.49e-03]  [EKF] iterating [analytical]:  95%|█████████▌| 19/20 [07:29<00:22, 22.56s/it, RMSE=0.957TECU, rel_dP=2.46e-03]  [EKF] iterating [analytical]: 100%|██████████| 20/20 [07:29<00:00, 22.70s/it, RMSE=0.957TECU, rel_dP=2.46e-03]                                                                                                                  [EKF] Reached max_iter=20 without convergence  (final ||ΔP||/||P|| = 2.46e-03)
  [EKF] Posterior innovations  mean=-0.18  std=0.94  max_abs=12.81 TECU
  [EKF] Prior RMSE 9.346 TECU  →  Post RMSE 1.337 TECU
  ✓ window contributed 60 rows (60 total).

------------------------------------------------------------------
  Window 2/2: 2026-02-12_0200 (24 arcs)
------------------------------------------------------------------
  Building IRI grid  (127 pts, 5.0°)…
  [cache write] iri_2026_043_0200_5.0deg_lat45.0_88.0_lon-177.6_179.4.npz
  Building IRI truth grid [1-deg truth (sweep)]  (3224 pts, 04:00 UTC, F10.7+15) …
  Arc 1/24: 5 G11  195 epochs  TEC 18.9–95.2 TECU
  Arc 2/24: 5 E6  144 epochs  TEC 19.8–107.8 TECU
  Arc 3/24: 5 C29  179 epochs  TEC 16.3–73.0 TECU
  Arc 4/24: 5 G27  180 epochs  TEC 13.7–69.2 TECU
  Arc 5/24: 5 E12  142 epochs  TEC 19.1–101.9 TECU
  Arc 6/24: 5 C40  188 epochs  TEC 19.8–92.2 TECU
  Arc 7/24: 5 G4  200 epochs  TEC 21.2–67.6 TECU
  Arc 8/24: 5 E7  155 epochs  TEC 26.5–141.8 TECU
  Arc 9/24: 8 C43  139 epochs  TEC 23.2–113.8 TECU
  Arc 10/24: 5 G8  195 epochs  TEC 25.0–124.2 TECU
  Arc 11/24: 8 E29  196 epochs  TEC 14.3–51.6 TECU
  Arc 12/24: 8 C39  186 epochs  TEC 14.2–62.1 TECU
  Arc 13/24: 8 G4  175 epochs  TEC 21.1–65.8 TECU
  Arc 14/24: 8 E6  173 epochs  TEC 22.4–122.1 TECU
  Arc 15/24: 8 C22  166 epochs  TEC 14.8–102.0 TECU
  Arc 16/24: 8 G8  142 epochs  TEC 14.3–55.0 TECU
  Arc 17/24: 8 E6  173 epochs  TEC 22.4–122.1 TECU
  Arc 18/24: 8 C22  166 epochs  TEC 14.8–102.0 TECU
  Arc 19/24: 8 G15  185 epochs  TEC 17.9–101.1 TECU
  Arc 20/24: 8 E12  168 epochs  TEC 15.4–54.0 TECU
  Arc 21/24: 8 G15  185 epochs  TEC 17.9–101.1 TECU
  Arc 22/24: 8 E12  168 epochs  TEC 15.4–54.0 TECU
  Arc 23/24: 8 G11  166 epochs  TEC 14.4–40.8 TECU
  Arc 24/24: 8 G11  166 epochs  TEC 14.4–40.8 TECU
  [IGS-sim] Resolved 9 station(s): ['TRO1', 'WUTH', 'NYA1', 'KIR0', 'SOD3', 'ALRT', 'SCOR', 'HOFN', 'REYK']
  [IGS-sim] Broadcast ephemeris: BRDC00IGS_R_20260430000_01D_MN.rnx
  [IGS-sim] 605/1971 (station, SV) pairs visible above 20° across 60-min window.
  IGS-sim arc 1/605: TRO1 TRO1_C06  8 rays  TEC 5.5–7.0 TECU
  IGS-sim arc 2/605: TRO1 TRO1_C09  8 rays  TEC 4.5–5.1 TECU
  IGS-sim arc 3/605: TRO1 TRO1_C16  8 rays  TEC 6.3–7.8 TECU
  IGS-sim arc 4/605: TRO1 TRO1_C19  3 rays  TEC 6.6–7.9 TECU
  IGS-sim arc 5/605: TRO1 TRO1_C20  8 rays  TEC 3.5–4.3 TECU
  IGS-sim arc 6/605: TRO1 TRO1_C23  8 rays  TEC 4.1–4.6 TECU
  IGS-sim arc 7/605: TRO1 TRO1_C25  8 rays  TEC 5.4–8.3 TECU
  IGS-sim arc 8/605: TRO1 TRO1_C32  8 rays  TEC 3.7–4.9 TECU
  IGS-sim arc 9/605: TRO1 TRO1_C35  6 rays  TEC 7.5–8.3 TECU
  IGS-sim arc 10/605: TRO1 TRO1_C37  4 rays  TEC 5.0–5.8 TECU
  IGS-sim arc 11/605: TRO1 TRO1_C39  5 rays  TEC 7.5–9.5 TECU
  IGS-sim arc 12/605: TRO1 TRO1_C44  3 rays  TEC 9.1–9.5 TECU
  IGS-sim arc 13/605: TRO1 TRO1_C48  8 rays  TEC 4.1–6.1 TECU
  IGS-sim arc 14/605: TRO1 TRO1_E04  6 rays  TEC 5.0–6.8 TECU
  IGS-sim arc 15/605: TRO1 TRO1_E04_1  6 rays  TEC 5.0–6.8 TECU
  IGS-sim arc 16/605: TRO1 TRO1_E04_2  6 rays  TEC 5.0–6.8 TECU
  IGS-sim arc 17/605: TRO1 TRO1_E04_3  6 rays  TEC 5.0–6.8 TECU
  IGS-sim arc 18/605: TRO1 TRO1_E10  8 rays  TEC 4.5–5.6 TECU
  IGS-sim arc 19/605: TRO1 TRO1_E10_1  8 rays  TEC 4.5–5.6 TECU
  IGS-sim arc 20/605: TRO1 TRO1_E10_2  8 rays  TEC 4.5–5.6 TECU
  IGS-sim arc 21/605: TRO1 TRO1_E10_3  8 rays  TEC 4.5–5.6 TECU
  IGS-sim arc 22/605: TRO1 TRO1_E11  8 rays  TEC 5.0–5.2 TECU
  IGS-sim arc 23/605: TRO1 TRO1_E11_1  8 rays  TEC 5.0–5.2 TECU
  IGS-sim arc 24/605: TRO1 TRO1_E11_2  8 rays  TEC 5.0–5.2 TECU
  IGS-sim arc 25/605: TRO1 TRO1_E11_3  8 rays  TEC 5.0–5.2 TECU
  IGS-sim arc 26/605: TRO1 TRO1_E12  5 rays  TEC 4.8–5.9 TECU
  IGS-sim arc 27/605: TRO1 TRO1_E12_1  5 rays  TEC 4.8–5.9 TECU
  IGS-sim arc 28/605: TRO1 TRO1_E12_2  5 rays  TEC 4.8–5.9 TECU
  IGS-sim arc 29/605: TRO1 TRO1_E12_3  5 rays  TEC 4.8–5.9 TECU
  IGS-sim arc 30/605: TRO1 TRO1_E19  8 rays  TEC 3.4–3.5 TECU
  IGS-sim arc 31/605: TRO1 TRO1_E19_1  8 rays  TEC 3.4–3.5 TECU
  IGS-sim arc 32/605: TRO1 TRO1_E19_2  8 rays  TEC 3.4–3.5 TECU
  IGS-sim arc 33/605: TRO1 TRO1_E19_3  8 rays  TEC 3.4–3.5 TECU
  IGS-sim arc 34/605: TRO1 TRO1_E27  8 rays  TEC 5.4–7.0 TECU
  IGS-sim arc 35/605: TRO1 TRO1_E27_1  8 rays  TEC 5.4–7.0 TECU
  IGS-sim arc 36/605: TRO1 TRO1_E27_2  8 rays  TEC 5.4–7.0 TECU
  IGS-sim arc 37/605: TRO1 TRO1_E27_3  8 rays  TEC 5.4–7.0 TECU
  IGS-sim arc 38/605: TRO1 TRO1_E29  8 rays  TEC 4.2–6.0 TECU
  IGS-sim arc 39/605: TRO1 TRO1_E29_1  8 rays  TEC 4.2–6.0 TECU
  IGS-sim arc 40/605: TRO1 TRO1_E29_2  8 rays  TEC 4.2–6.0 TECU
  IGS-sim arc 41/605: TRO1 TRO1_E29_3  8 rays  TEC 4.2–6.0 TECU
  IGS-sim arc 42/605: TRO1 TRO1_E30  8 rays  TEC 6.8–9.0 TECU
  IGS-sim arc 43/605: TRO1 TRO1_E30_1  8 rays  TEC 6.8–9.0 TECU
  IGS-sim arc 44/605: TRO1 TRO1_E30_2  8 rays  TEC 6.8–9.0 TECU
  IGS-sim arc 45/605: TRO1 TRO1_E30_3  8 rays  TEC 6.8–9.0 TECU
  IGS-sim arc 46/605: TRO1 TRO1_E36  4 rays  TEC 7.6–9.6 TECU
  IGS-sim arc 47/605: TRO1 TRO1_E36_1  4 rays  TEC 7.6–9.6 TECU
  IGS-sim arc 48/605: TRO1 TRO1_E36_2  4 rays  TEC 7.6–9.6 TECU
  IGS-sim arc 49/605: TRO1 TRO1_E36_3  4 rays  TEC 7.6–9.6 TECU
  IGS-sim arc 50/605: TRO1 TRO1_G04  2 rays  TEC 7.0–7.9 TECU
  IGS-sim arc 51/605: TRO1 TRO1_G05  8 rays  TEC 4.3–6.7 TECU
  IGS-sim arc 52/605: TRO1 TRO1_G07  8 rays  TEC 3.6–4.0 TECU
  IGS-sim arc 53/605: TRO1 TRO1_G09  8 rays  TEC 4.0–6.4 TECU
  IGS-sim arc 54/605: TRO1 TRO1_G11  4 rays  TEC 5.2–6.1 TECU
  IGS-sim arc 55/605: TRO1 TRO1_G16  8 rays  TEC 6.5–8.8 TECU
  IGS-sim arc 56/605: TRO1 TRO1_G21  8 rays  TEC 3.8–4.2 TECU
  IGS-sim arc 57/605: TRO1 TRO1_G30  8 rays  TEC 4.0–5.9 TECU
  IGS-sim arc 58/605: TRO1 TRO1_R01  3 rays  TEC 5.8–7.2 TECU
  IGS-sim arc 59/605: TRO1 TRO1_R07  8 rays  TEC 3.6–5.4 TECU
  IGS-sim arc 60/605: TRO1 TRO1_R08  8 rays  TEC 3.4–4.0 TECU
  IGS-sim arc 61/605: TRO1 TRO1_R09  8 rays  TEC 3.9–4.6 TECU
  IGS-sim arc 62/605: TRO1 TRO1_R10  4 rays  TEC 4.6–5.9 TECU
  IGS-sim arc 63/605: TRO1 TRO1_R16  8 rays  TEC 4.9–9.1 TECU
  IGS-sim arc 64/605: TRO1 TRO1_R17  5 rays  TEC 6.5–8.7 TECU
  IGS-sim arc 65/605: TRO1 TRO1_R24  8 rays  TEC 5.3–6.5 TECU
  IGS-sim arc 66/605: TRO1 TRO1_R26  8 rays  TEC 3.4–3.6 TECU
  IGS-sim arc 67/605: WUTH WUTH_C06  8 rays  TEC 7.6–9.5 TECU
  IGS-sim arc 68/605: WUTH WUTH_C09  8 rays  TEC 6.4–7.0 TECU
  IGS-sim arc 69/605: WUTH WUTH_C12  2 rays  TEC 13.8–14.6 TECU
  IGS-sim arc 70/605: WUTH WUTH_C16  8 rays  TEC 8.1–10.4 TECU
  IGS-sim arc 71/605: WUTH WUTH_C19  4 rays  TEC 8.9–11.3 TECU
  IGS-sim arc 72/605: WUTH WUTH_C20  8 rays  TEC 5.3–6.3 TECU
  IGS-sim arc 73/605: WUTH WUTH_C23  8 rays  TEC 6.1–7.0 TECU
  IGS-sim arc 74/605: WUTH WUTH_C25  8 rays  TEC 7.4–10.9 TECU
  IGS-sim arc 75/605: WUTH WUTH_C32  8 rays  TEC 5.5–7.2 TECU
  IGS-sim arc 76/605: WUTH WUTH_C35  8 rays  TEC 9.4–11.6 TECU
  IGS-sim arc 77/605: WUTH WUTH_C37  2 rays  TEC 7.4–7.4 TECU
  IGS-sim arc 78/605: WUTH WUTH_C39  8 rays  TEC 10.0–13.7 TECU
  IGS-sim arc 79/605: WUTH WUTH_C44  8 rays  TEC 11.1–15.1 TECU
  IGS-sim arc 80/605: WUTH WUTH_C48  8 rays  TEC 6.0–8.4 TECU
  IGS-sim arc 81/605: WUTH WUTH_E04  5 rays  TEC 7.3–9.1 TECU
  IGS-sim arc 82/605: WUTH WUTH_E04_1  5 rays  TEC 7.3–9.1 TECU
  IGS-sim arc 83/605: WUTH WUTH_E04_2  5 rays  TEC 7.3–9.1 TECU
  IGS-sim arc 84/605: WUTH WUTH_E04_3  5 rays  TEC 7.3–9.1 TECU
  IGS-sim arc 85/605: WUTH WUTH_E10  8 rays  TEC 6.5–8.2 TECU
  IGS-sim arc 86/605: WUTH WUTH_E10_1  8 rays  TEC 6.5–8.2 TECU
  IGS-sim arc 87/605: WUTH WUTH_E10_2  8 rays  TEC 6.5–8.2 TECU
  IGS-sim arc 88/605: WUTH WUTH_E10_3  8 rays  TEC 6.5–8.2 TECU
  IGS-sim arc 89/605: WUTH WUTH_E11  8 rays  TEC 6.8–7.2 TECU
  IGS-sim arc 90/605: WUTH WUTH_E11_1  8 rays  TEC 6.8–7.2 TECU
  IGS-sim arc 91/605: WUTH WUTH_E11_2  8 rays  TEC 6.8–7.2 TECU
  IGS-sim arc 92/605: WUTH WUTH_E11_3  8 rays  TEC 6.8–7.2 TECU
  IGS-sim arc 93/605: WUTH WUTH_E12  4 rays  TEC 7.2–8.2 TECU
  IGS-sim arc 94/605: WUTH WUTH_E12_1  4 rays  TEC 7.2–8.2 TECU
  IGS-sim arc 95/605: WUTH WUTH_E12_2  4 rays  TEC 7.2–8.2 TECU
  IGS-sim arc 96/605: WUTH WUTH_E12_3  4 rays  TEC 7.2–8.2 TECU
  IGS-sim arc 97/605: WUTH WUTH_E19  8 rays  TEC 5.1–5.3 TECU
  IGS-sim arc 98/605: WUTH WUTH_E19_1  8 rays  TEC 5.1–5.3 TECU
  IGS-sim arc 99/605: WUTH WUTH_E19_2  8 rays  TEC 5.1–5.3 TECU
  IGS-sim arc 100/605: WUTH WUTH_E19_3  8 rays  TEC 5.1–5.3 TECU
  IGS-sim arc 101/605: WUTH WUTH_E27  8 rays  TEC 7.6–9.8 TECU
  IGS-sim arc 102/605: WUTH WUTH_E27_1  8 rays  TEC 7.6–9.8 TECU
  IGS-sim arc 103/605: WUTH WUTH_E27_2  8 rays  TEC 7.6–9.8 TECU
  IGS-sim arc 104/605: WUTH WUTH_E27_3  8 rays  TEC 7.6–9.8 TECU
  IGS-sim arc 105/605: WUTH WUTH_E29  8 rays  TEC 6.2–8.7 TECU
  IGS-sim arc 106/605: WUTH WUTH_E29_1  8 rays  TEC 6.2–8.7 TECU
  IGS-sim arc 107/605: WUTH WUTH_E29_2  8 rays  TEC 6.2–8.7 TECU
  IGS-sim arc 108/605: WUTH WUTH_E29_3  8 rays  TEC 6.2–8.7 TECU
  IGS-sim arc 109/605: WUTH WUTH_E30  8 rays  TEC 8.9–10.9 TECU
  IGS-sim arc 110/605: WUTH WUTH_E30_1  8 rays  TEC 8.9–10.9 TECU
  IGS-sim arc 111/605: WUTH WUTH_E30_2  8 rays  TEC 8.9–10.9 TECU
  IGS-sim arc 112/605: WUTH WUTH_E30_3  8 rays  TEC 8.9–10.9 TECU
  IGS-sim arc 113/605: WUTH WUTH_E36  7 rays  TEC 9.4–14.5 TECU
  IGS-sim arc 114/605: WUTH WUTH_E36_1  7 rays  TEC 9.4–14.5 TECU
  IGS-sim arc 115/605: WUTH WUTH_E36_2  7 rays  TEC 9.4–14.5 TECU
  IGS-sim arc 116/605: WUTH WUTH_E36_3  7 rays  TEC 9.4–14.5 TECU
  IGS-sim arc 117/605: WUTH WUTH_G05  8 rays  TEC 6.2–9.0 TECU
  IGS-sim arc 118/605: WUTH WUTH_G07  8 rays  TEC 5.4–6.2 TECU
  IGS-sim arc 119/605: WUTH WUTH_G09  8 rays  TEC 5.9–9.4 TECU
  IGS-sim arc 120/605: WUTH WUTH_G11  3 rays  TEC 7.6–8.3 TECU
  IGS-sim arc 121/605: WUTH WUTH_G16  8 rays  TEC 8.4–10.7 TECU
  IGS-sim arc 122/605: WUTH WUTH_G18  2 rays  TEC 12.3–13.7 TECU
  IGS-sim arc 123/605: WUTH WUTH_G21  8 rays  TEC 5.5–6.0 TECU
  IGS-sim arc 124/605: WUTH WUTH_G26  3 rays  TEC 12.7–14.5 TECU
  IGS-sim arc 125/605: WUTH WUTH_G29  3 rays  TEC 11.3–12.6 TECU
  IGS-sim arc 126/605: WUTH WUTH_G30  6 rays  TEC 6.1–7.5 TECU
  IGS-sim arc 127/605: WUTH WUTH_R01  4 rays  TEC 8.0–10.6 TECU
  IGS-sim arc 128/605: WUTH WUTH_R07  8 rays  TEC 5.4–7.9 TECU
  IGS-sim arc 129/605: WUTH WUTH_R08  8 rays  TEC 5.0–5.7 TECU
  IGS-sim arc 130/605: WUTH WUTH_R09  8 rays  TEC 5.7–6.8 TECU
  IGS-sim arc 131/605: WUTH WUTH_R10  2 rays  TEC 7.1–7.4 TECU
  IGS-sim arc 132/605: WUTH WUTH_R16  8 rays  TEC 6.7–11.1 TECU
  IGS-sim arc 133/605: WUTH WUTH_R17  8 rays  TEC 8.2–15.1 TECU
  IGS-sim arc 134/605: WUTH WUTH_R24  8 rays  TEC 7.2–8.8 TECU
  IGS-sim arc 135/605: WUTH WUTH_R26  8 rays  TEC 4.9–5.3 TECU
  IGS-sim arc 136/605: NYA1 NYA1_C06  8 rays  TEC 8.5–10.5 TECU
  IGS-sim arc 137/605: NYA1 NYA1_C09  8 rays  TEC 7.2–7.8 TECU
  IGS-sim arc 138/605: NYA1 NYA1_C12  3 rays  TEC 14.0–16.4 TECU
  IGS-sim arc 139/605: NYA1 NYA1_C16  8 rays  TEC 9.0–11.4 TECU
  IGS-sim arc 140/605: NYA1 NYA1_C19  4 rays  TEC 9.6–12.0 TECU
  IGS-sim arc 141/605: NYA1 NYA1_C20  8 rays  TEC 6.0–7.1 TECU
  IGS-sim arc 142/605: NYA1 NYA1_C23  8 rays  TEC 6.9–8.0 TECU
  IGS-sim arc 143/605: NYA1 NYA1_C25  8 rays  TEC 8.3–11.8 TECU
  IGS-sim arc 144/605: NYA1 NYA1_C32  8 rays  TEC 6.3–8.3 TECU
  IGS-sim arc 145/605: NYA1 NYA1_C35  8 rays  TEC 10.0–12.1 TECU
  IGS-sim arc 146/605: NYA1 NYA1_C39  8 rays  TEC 11.0–15.0 TECU
  IGS-sim arc 147/605: NYA1 NYA1_C44  8 rays  TEC 11.1–15.7 TECU
  IGS-sim arc 148/605: NYA1 NYA1_C48  8 rays  TEC 6.6–9.2 TECU
  IGS-sim arc 149/605: NYA1 NYA1_E04  5 rays  TEC 8.1–10.2 TECU
  IGS-sim arc 150/605: NYA1 NYA1_E04_1  5 rays  TEC 8.1–10.2 TECU
  IGS-sim arc 151/605: NYA1 NYA1_E04_2  5 rays  TEC 8.1–10.2 TECU
  IGS-sim arc 152/605: NYA1 NYA1_E04_3  5 rays  TEC 8.1–10.2 TECU
  IGS-sim arc 153/605: NYA1 NYA1_E10  8 rays  TEC 7.3–9.2 TECU
  IGS-sim arc 154/605: NYA1 NYA1_E10_1  8 rays  TEC 7.3–9.2 TECU
  IGS-sim arc 155/605: NYA1 NYA1_E10_2  8 rays  TEC 7.3–9.2 TECU
  IGS-sim arc 156/605: NYA1 NYA1_E10_3  8 rays  TEC 7.3–9.2 TECU
  IGS-sim arc 157/605: NYA1 NYA1_E11  8 rays  TEC 7.5–7.9 TECU
  IGS-sim arc 158/605: NYA1 NYA1_E11_1  8 rays  TEC 7.5–7.9 TECU
  IGS-sim arc 159/605: NYA1 NYA1_E11_2  8 rays  TEC 7.5–7.9 TECU
  IGS-sim arc 160/605: NYA1 NYA1_E11_3  8 rays  TEC 7.5–7.9 TECU
  IGS-sim arc 161/605: NYA1 NYA1_E12  4 rays  TEC 8.2–9.0 TECU
  IGS-sim arc 162/605: NYA1 NYA1_E12_1  4 rays  TEC 8.2–9.0 TECU
  IGS-sim arc 163/605: NYA1 NYA1_E12_2  4 rays  TEC 8.2–9.0 TECU
  IGS-sim arc 164/605: NYA1 NYA1_E12_3  4 rays  TEC 8.2–9.0 TECU
  IGS-sim arc 165/605: NYA1 NYA1_E19  8 rays  TEC 5.7–6.0 TECU
  IGS-sim arc 166/605: NYA1 NYA1_E19_1  8 rays  TEC 5.7–6.0 TECU
  IGS-sim arc 167/605: NYA1 NYA1_E19_2  8 rays  TEC 5.7–6.0 TECU
  IGS-sim arc 168/605: NYA1 NYA1_E19_3  8 rays  TEC 5.7–6.0 TECU
  IGS-sim arc 169/605: NYA1 NYA1_E27  8 rays  TEC 8.6–11.0 TECU
  IGS-sim arc 170/605: NYA1 NYA1_E27_1  8 rays  TEC 8.6–11.0 TECU
  IGS-sim arc 171/605: NYA1 NYA1_E27_2  8 rays  TEC 8.6–11.0 TECU
  IGS-sim arc 172/605: NYA1 NYA1_E27_3  8 rays  TEC 8.6–11.0 TECU
  IGS-sim arc 173/605: NYA1 NYA1_E29  8 rays  TEC 7.0–9.9 TECU
  IGS-sim arc 174/605: NYA1 NYA1_E29_1  8 rays  TEC 7.0–9.9 TECU
  IGS-sim arc 175/605: NYA1 NYA1_E29_2  8 rays  TEC 7.0–9.9 TECU
  IGS-sim arc 176/605: NYA1 NYA1_E29_3  8 rays  TEC 7.0–9.9 TECU
  IGS-sim arc 177/605: NYA1 NYA1_E30  8 rays  TEC 9.8–11.7 TECU
  IGS-sim arc 178/605: NYA1 NYA1_E30_1  8 rays  TEC 9.8–11.7 TECU
  IGS-sim arc 179/605: NYA1 NYA1_E30_2  8 rays  TEC 9.8–11.7 TECU
  IGS-sim arc 180/605: NYA1 NYA1_E30_3  8 rays  TEC 9.8–11.7 TECU
  IGS-sim arc 181/605: NYA1 NYA1_E36  8 rays  TEC 10.0–16.2 TECU
  IGS-sim arc 182/605: NYA1 NYA1_E36_1  8 rays  TEC 10.0–16.2 TECU
  IGS-sim arc 183/605: NYA1 NYA1_E36_2  8 rays  TEC 10.0–16.2 TECU
  IGS-sim arc 184/605: NYA1 NYA1_E36_3  8 rays  TEC 10.0–16.2 TECU
  IGS-sim arc 185/605: NYA1 NYA1_G05  8 rays  TEC 6.9–9.6 TECU
  IGS-sim arc 186/605: NYA1 NYA1_G07  8 rays  TEC 6.2–7.1 TECU
  IGS-sim arc 187/605: NYA1 NYA1_G09  8 rays  TEC 6.8–10.5 TECU
  IGS-sim arc 188/605: NYA1 NYA1_G11  3 rays  TEC 8.6–9.4 TECU
  IGS-sim arc 189/605: NYA1 NYA1_G16  8 rays  TEC 9.4–11.5 TECU
  IGS-sim arc 190/605: NYA1 NYA1_G18  3 rays  TEC 12.8–15.3 TECU
  IGS-sim arc 191/605: NYA1 NYA1_G21  8 rays  TEC 6.3–6.7 TECU
  IGS-sim arc 192/605: NYA1 NYA1_G26  3 rays  TEC 12.9–15.5 TECU
  IGS-sim arc 193/605: NYA1 NYA1_G29  4 rays  TEC 11.8–13.9 TECU
  IGS-sim arc 194/605: NYA1 NYA1_G30  5 rays  TEC 7.1–8.1 TECU
  IGS-sim arc 195/605: NYA1 NYA1_R01  4 rays  TEC 8.6–11.3 TECU
  IGS-sim arc 196/605: NYA1 NYA1_R07  8 rays  TEC 6.1–9.0 TECU
  IGS-sim arc 197/605: NYA1 NYA1_R08  8 rays  TEC 5.6–6.5 TECU
  IGS-sim arc 198/605: NYA1 NYA1_R09  8 rays  TEC 6.5–7.7 TECU
  IGS-sim arc 199/605: NYA1 NYA1_R10  2 rays  TEC 7.8–8.1 TECU
  IGS-sim arc 200/605: NYA1 NYA1_R16  8 rays  TEC 7.5–12.0 TECU
  IGS-sim arc 201/605: NYA1 NYA1_R17  8 rays  TEC 8.8–15.1 TECU
  IGS-sim arc 202/605: NYA1 NYA1_R24  8 rays  TEC 7.8–9.6 TECU
  IGS-sim arc 203/605: NYA1 NYA1_R26  8 rays  TEC 5.6–5.9 TECU
  IGS-sim arc 204/605: KIR0 KIR0_C06  8 rays  TEC 5.3–6.7 TECU
  IGS-sim arc 205/605: KIR0 KIR0_C09  8 rays  TEC 4.3–4.9 TECU
  IGS-sim arc 206/605: KIR0 KIR0_C16  8 rays  TEC 6.1–7.5 TECU
  IGS-sim arc 207/605: KIR0 KIR0_C19  2 rays  TEC 6.3–6.9 TECU
  IGS-sim arc 208/605: KIR0 KIR0_C20  8 rays  TEC 3.4–4.1 TECU
  IGS-sim arc 209/605: KIR0 KIR0_C23  8 rays  TEC 3.9–4.4 TECU
  IGS-sim arc 210/605: KIR0 KIR0_C25  8 rays  TEC 5.2–8.4 TECU
  IGS-sim arc 211/605: KIR0 KIR0_C32  8 rays  TEC 3.4–4.7 TECU
  IGS-sim arc 212/605: KIR0 KIR0_C35  5 rays  TEC 7.2–7.7 TECU
  IGS-sim arc 213/605: KIR0 KIR0_C37  5 rays  TEC 4.7–6.1 TECU
  IGS-sim arc 214/605: KIR0 KIR0_C39  5 rays  TEC 7.2–9.2 TECU
  IGS-sim arc 215/605: KIR0 KIR0_C48  8 rays  TEC 3.9–5.8 TECU
  IGS-sim arc 216/605: KIR0 KIR0_E04  6 rays  TEC 4.8–6.4 TECU
  IGS-sim arc 217/605: KIR0 KIR0_E04_1  6 rays  TEC 4.8–6.4 TECU
  IGS-sim arc 218/605: KIR0 KIR0_E04_2  6 rays  TEC 4.8–6.4 TECU
  IGS-sim arc 219/605: KIR0 KIR0_E04_3  6 rays  TEC 4.8–6.4 TECU
  IGS-sim arc 220/605: KIR0 KIR0_E10  8 rays  TEC 4.3–5.3 TECU
  IGS-sim arc 221/605: KIR0 KIR0_E10_1  8 rays  TEC 4.3–5.3 TECU
  IGS-sim arc 222/605: KIR0 KIR0_E10_2  8 rays  TEC 4.3–5.3 TECU
  IGS-sim arc 223/605: KIR0 KIR0_E10_3  8 rays  TEC 4.3–5.3 TECU
  IGS-sim arc 224/605: KIR0 KIR0_E11  8 rays  TEC 4.7–5.0 TECU
  IGS-sim arc 225/605: KIR0 KIR0_E11_1  8 rays  TEC 4.7–5.0 TECU
  IGS-sim arc 226/605: KIR0 KIR0_E11_2  8 rays  TEC 4.7–5.0 TECU
  IGS-sim arc 227/605: KIR0 KIR0_E11_3  8 rays  TEC 4.7–5.0 TECU
  IGS-sim arc 228/605: KIR0 KIR0_E12  6 rays  TEC 4.5–5.9 TECU
  IGS-sim arc 229/605: KIR0 KIR0_E12_1  6 rays  TEC 4.5–5.9 TECU
  IGS-sim arc 230/605: KIR0 KIR0_E12_2  6 rays  TEC 4.5–5.9 TECU
  IGS-sim arc 231/605: KIR0 KIR0_E12_3  6 rays  TEC 4.5–5.9 TECU
  IGS-sim arc 232/605: KIR0 KIR0_E19  8 rays  TEC 3.2–3.3 TECU
  IGS-sim arc 233/605: KIR0 KIR0_E19_1  8 rays  TEC 3.2–3.3 TECU
  IGS-sim arc 234/605: KIR0 KIR0_E19_2  8 rays  TEC 3.2–3.3 TECU
  IGS-sim arc 235/605: KIR0 KIR0_E19_3  8 rays  TEC 3.2–3.3 TECU
  IGS-sim arc 236/605: KIR0 KIR0_E27  8 rays  TEC 5.2–6.7 TECU
  IGS-sim arc 237/605: KIR0 KIR0_E27_1  8 rays  TEC 5.2–6.7 TECU
  IGS-sim arc 238/605: KIR0 KIR0_E27_2  8 rays  TEC 5.2–6.7 TECU
  IGS-sim arc 239/605: KIR0 KIR0_E27_3  8 rays  TEC 5.2–6.7 TECU
  IGS-sim arc 240/605: KIR0 KIR0_E29  8 rays  TEC 4.0–5.8 TECU
  IGS-sim arc 241/605: KIR0 KIR0_E29_1  8 rays  TEC 4.0–5.8 TECU
  IGS-sim arc 242/605: KIR0 KIR0_E29_2  8 rays  TEC 4.0–5.8 TECU
  IGS-sim arc 243/605: KIR0 KIR0_E29_3  8 rays  TEC 4.0–5.8 TECU
  IGS-sim arc 244/605: KIR0 KIR0_E30  8 rays  TEC 6.5–9.2 TECU
  IGS-sim arc 245/605: KIR0 KIR0_E30_1  8 rays  TEC 6.5–9.2 TECU
  IGS-sim arc 246/605: KIR0 KIR0_E30_2  8 rays  TEC 6.5–9.2 TECU
  IGS-sim arc 247/605: KIR0 KIR0_E30_3  8 rays  TEC 6.5–9.2 TECU
  IGS-sim arc 248/605: KIR0 KIR0_E36  3 rays  TEC 7.3–8.5 TECU
  IGS-sim arc 249/605: KIR0 KIR0_E36_1  3 rays  TEC 7.3–8.5 TECU
  IGS-sim arc 250/605: KIR0 KIR0_E36_2  3 rays  TEC 7.3–8.5 TECU
  IGS-sim arc 251/605: KIR0 KIR0_E36_3  3 rays  TEC 7.3–8.5 TECU
  IGS-sim arc 252/605: KIR0 KIR0_G04  2 rays  TEC 6.7–7.6 TECU
  IGS-sim arc 253/605: KIR0 KIR0_G05  8 rays  TEC 4.1–6.4 TECU
  IGS-sim arc 254/605: KIR0 KIR0_G07  8 rays  TEC 3.4–3.8 TECU
  IGS-sim arc 255/605: KIR0 KIR0_G09  8 rays  TEC 3.8–6.1 TECU
  IGS-sim arc 256/605: KIR0 KIR0_G11  4 rays  TEC 4.9–5.8 TECU
  IGS-sim arc 257/605: KIR0 KIR0_G16  8 rays  TEC 6.2–8.4 TECU
  IGS-sim arc 258/605: KIR0 KIR0_G21  8 rays  TEC 3.6–4.0 TECU
  IGS-sim arc 259/605: KIR0 KIR0_G30  8 rays  TEC 3.8–5.6 TECU
  IGS-sim arc 260/605: KIR0 KIR0_R01  3 rays  TEC 5.6–6.8 TECU
  IGS-sim arc 261/605: KIR0 KIR0_R07  8 rays  TEC 3.4–5.2 TECU
  IGS-sim arc 262/605: KIR0 KIR0_R08  8 rays  TEC 3.2–3.8 TECU
  IGS-sim arc 263/605: KIR0 KIR0_R09  8 rays  TEC 3.7–4.3 TECU
  IGS-sim arc 264/605: KIR0 KIR0_R10  5 rays  TEC 4.4–6.3 TECU
  IGS-sim arc 265/605: KIR0 KIR0_R16  8 rays  TEC 4.8–9.2 TECU
  IGS-sim arc 266/605: KIR0 KIR0_R17  5 rays  TEC 6.3–8.4 TECU
  IGS-sim arc 267/605: KIR0 KIR0_R24  8 rays  TEC 5.2–6.2 TECU
  IGS-sim arc 268/605: KIR0 KIR0_R26  8 rays  TEC 3.2–3.5 TECU
  IGS-sim arc 269/605: SOD3 SOD3_C06  8 rays  TEC 5.5–7.0 TECU
  IGS-sim arc 270/605: SOD3 SOD3_C09  8 rays  TEC 4.5–5.0 TECU
  IGS-sim arc 271/605: SOD3 SOD3_C16  8 rays  TEC 6.4–7.8 TECU
  IGS-sim arc 272/605: SOD3 SOD3_C20  8 rays  TEC 3.5–4.3 TECU
  IGS-sim arc 273/605: SOD3 SOD3_C23  8 rays  TEC 4.1–4.6 TECU
  IGS-sim arc 274/605: SOD3 SOD3_C25  8 rays  TEC 5.4–8.3 TECU
  IGS-sim arc 275/605: SOD3 SOD3_C32  8 rays  TEC 3.6–4.9 TECU
  IGS-sim arc 276/605: SOD3 SOD3_C35  3 rays  TEC 7.6–7.7 TECU
  IGS-sim arc 277/605: SOD3 SOD3_C37  5 rays  TEC 4.9–6.4 TECU
  IGS-sim arc 278/605: SOD3 SOD3_C39  6 rays  TEC 7.7–10.0 TECU
  IGS-sim arc 279/605: SOD3 SOD3_C48  8 rays  TEC 4.1–6.0 TECU
  IGS-sim arc 280/605: SOD3 SOD3_E04  5 rays  TEC 4.9–6.1 TECU
  IGS-sim arc 281/605: SOD3 SOD3_E04_1  5 rays  TEC 4.9–6.1 TECU
  IGS-sim arc 282/605: SOD3 SOD3_E04_2  5 rays  TEC 4.9–6.1 TECU
  IGS-sim arc 283/605: SOD3 SOD3_E04_3  5 rays  TEC 4.9–6.1 TECU
  IGS-sim arc 284/605: SOD3 SOD3_E10  8 rays  TEC 4.4–5.4 TECU
  IGS-sim arc 285/605: SOD3 SOD3_E10_1  8 rays  TEC 4.4–5.4 TECU
  IGS-sim arc 286/605: SOD3 SOD3_E10_2  8 rays  TEC 4.4–5.4 TECU
  IGS-sim arc 287/605: SOD3 SOD3_E10_3  8 rays  TEC 4.4–5.4 TECU
  IGS-sim arc 288/605: SOD3 SOD3_E11  8 rays  TEC 4.9–5.2 TECU
  IGS-sim arc 289/605: SOD3 SOD3_E11_1  8 rays  TEC 4.9–5.2 TECU
  IGS-sim arc 290/605: SOD3 SOD3_E11_2  8 rays  TEC 4.9–5.2 TECU
  IGS-sim arc 291/605: SOD3 SOD3_E11_3  8 rays  TEC 4.9–5.2 TECU
  IGS-sim arc 292/605: SOD3 SOD3_E12  5 rays  TEC 4.7–5.7 TECU
  IGS-sim arc 293/605: SOD3 SOD3_E12_1  5 rays  TEC 4.7–5.7 TECU
  IGS-sim arc 294/605: SOD3 SOD3_E12_2  5 rays  TEC 4.7–5.7 TECU
  IGS-sim arc 295/605: SOD3 SOD3_E12_3  5 rays  TEC 4.7–5.7 TECU
  IGS-sim arc 296/605: SOD3 SOD3_E19  8 rays  TEC 3.3–3.4 TECU
  IGS-sim arc 297/605: SOD3 SOD3_E19_1  8 rays  TEC 3.3–3.4 TECU
  IGS-sim arc 298/605: SOD3 SOD3_E19_2  8 rays  TEC 3.3–3.4 TECU
  IGS-sim arc 299/605: SOD3 SOD3_E19_3  8 rays  TEC 3.3–3.4 TECU
  IGS-sim arc 300/605: SOD3 SOD3_E27  8 rays  TEC 5.2–6.7 TECU
  IGS-sim arc 301/605: SOD3 SOD3_E27_1  8 rays  TEC 5.2–6.7 TECU
  IGS-sim arc 302/605: SOD3 SOD3_E27_2  8 rays  TEC 5.2–6.7 TECU
  IGS-sim arc 303/605: SOD3 SOD3_E27_3  8 rays  TEC 5.2–6.7 TECU
  IGS-sim arc 304/605: SOD3 SOD3_E29  8 rays  TEC 4.2–6.0 TECU
  IGS-sim arc 305/605: SOD3 SOD3_E29_1  8 rays  TEC 4.2–6.0 TECU
  IGS-sim arc 306/605: SOD3 SOD3_E29_2  8 rays  TEC 4.2–6.0 TECU
  IGS-sim arc 307/605: SOD3 SOD3_E29_3  8 rays  TEC 4.2–6.0 TECU
  IGS-sim arc 308/605: SOD3 SOD3_E30  8 rays  TEC 6.8–9.0 TECU
  IGS-sim arc 309/605: SOD3 SOD3_E30_1  8 rays  TEC 6.8–9.0 TECU
  IGS-sim arc 310/605: SOD3 SOD3_E30_2  8 rays  TEC 6.8–9.0 TECU
  IGS-sim arc 311/605: SOD3 SOD3_E30_3  8 rays  TEC 6.8–9.0 TECU
  IGS-sim arc 312/605: SOD3 SOD3_E36  2 rays  TEC 7.5–7.9 TECU
  IGS-sim arc 313/605: SOD3 SOD3_E36_1  2 rays  TEC 7.5–7.9 TECU
  IGS-sim arc 314/605: SOD3 SOD3_E36_2  2 rays  TEC 7.5–7.9 TECU
  IGS-sim arc 315/605: SOD3 SOD3_E36_3  2 rays  TEC 7.5–7.9 TECU
  IGS-sim arc 316/605: SOD3 SOD3_G04  3 rays  TEC 7.0–8.8 TECU
  IGS-sim arc 317/605: SOD3 SOD3_G05  8 rays  TEC 4.3–6.7 TECU
  IGS-sim arc 318/605: SOD3 SOD3_G07  8 rays  TEC 3.6–4.0 TECU
  IGS-sim arc 319/605: SOD3 SOD3_G09  8 rays  TEC 3.9–6.5 TECU
  IGS-sim arc 320/605: SOD3 SOD3_G11  4 rays  TEC 5.1–5.9 TECU
  IGS-sim arc 321/605: SOD3 SOD3_G16  8 rays  TEC 6.5–8.8 TECU
  IGS-sim arc 322/605: SOD3 SOD3_G21  8 rays  TEC 3.8–4.2 TECU
  IGS-sim arc 323/605: SOD3 SOD3_G30  8 rays  TEC 3.9–5.8 TECU
  IGS-sim arc 324/605: SOD3 SOD3_R01  3 rays  TEC 5.7–7.1 TECU
  IGS-sim arc 325/605: SOD3 SOD3_R07  8 rays  TEC 3.5–5.4 TECU
  IGS-sim arc 326/605: SOD3 SOD3_R08  8 rays  TEC 3.3–4.0 TECU
  IGS-sim arc 327/605: SOD3 SOD3_R09  8 rays  TEC 3.9–4.5 TECU
  IGS-sim arc 328/605: SOD3 SOD3_R10  5 rays  TEC 4.6–6.6 TECU
  IGS-sim arc 329/605: SOD3 SOD3_R16  8 rays  TEC 4.9–9.1 TECU
  IGS-sim arc 330/605: SOD3 SOD3_R17  5 rays  TEC 6.5–8.6 TECU
  IGS-sim arc 331/605: SOD3 SOD3_R24  8 rays  TEC 5.4–6.3 TECU
  IGS-sim arc 332/605: SOD3 SOD3_R26  8 rays  TEC 3.3–3.7 TECU
  IGS-sim arc 333/605: ALRT ALRT_C06  8 rays  TEC 12.9–15.2 TECU
  IGS-sim arc 334/605: ALRT ALRT_C09  8 rays  TEC 11.5–12.4 TECU
  IGS-sim arc 335/605: ALRT ALRT_C12  5 rays  TEC 13.3–17.7 TECU
  IGS-sim arc 336/605: ALRT ALRT_C16  8 rays  TEC 13.5–16.0 TECU
  IGS-sim arc 337/605: ALRT ALRT_C19  7 rays  TEC 10.1–14.2 TECU
  IGS-sim arc 338/605: ALRT ALRT_C20  8 rays  TEC 8.6–9.0 TECU
  IGS-sim arc 339/605: ALRT ALRT_C23  7 rays  TEC 12.5–14.8 TECU
  IGS-sim arc 340/605: ALRT ALRT_C25  8 rays  TEC 13.0–15.5 TECU
  IGS-sim arc 341/605: ALRT ALRT_C32  6 rays  TEC 11.4–14.7 TECU
  IGS-sim arc 342/605: ALRT ALRT_C35  8 rays  TEC 9.4–11.1 TECU
  IGS-sim arc 343/605: ALRT ALRT_C39  7 rays  TEC 15.0–18.9 TECU
  IGS-sim arc 344/605: ALRT ALRT_C44  8 rays  TEC 10.3–13.6 TECU
  IGS-sim arc 345/605: ALRT ALRT_C48  8 rays  TEC 8.7–10.5 TECU
  IGS-sim arc 346/605: ALRT ALRT_E02  4 rays  TEC 13.6–15.6 TECU
  IGS-sim arc 347/605: ALRT ALRT_E02_1  4 rays  TEC 13.6–15.6 TECU
  IGS-sim arc 348/605: ALRT ALRT_E02_2  4 rays  TEC 13.6–15.6 TECU
  IGS-sim arc 349/605: ALRT ALRT_E02_3  4 rays  TEC 13.6–15.6 TECU
  IGS-sim arc 350/605: ALRT ALRT_E04  6 rays  TEC 10.7–13.7 TECU
  IGS-sim arc 351/605: ALRT ALRT_E04_1  6 rays  TEC 10.7–13.7 TECU
  IGS-sim arc 352/605: ALRT ALRT_E04_2  6 rays  TEC 10.7–13.7 TECU
  IGS-sim arc 353/605: ALRT ALRT_E04_3  6 rays  TEC 10.7–13.7 TECU
  IGS-sim arc 354/605: ALRT ALRT_E10  8 rays  TEC 9.5–13.1 TECU
  IGS-sim arc 355/605: ALRT ALRT_E10_1  8 rays  TEC 9.5–13.1 TECU
  IGS-sim arc 356/605: ALRT ALRT_E10_2  8 rays  TEC 9.5–13.1 TECU
  IGS-sim arc 357/605: ALRT ALRT_E10_3  8 rays  TEC 9.5–13.1 TECU
  IGS-sim arc 358/605: ALRT ALRT_E11  8 rays  TEC 8.5–9.7 TECU
  IGS-sim arc 359/605: ALRT ALRT_E11_1  8 rays  TEC 8.5–9.7 TECU
  IGS-sim arc 360/605: ALRT ALRT_E11_2  8 rays  TEC 8.5–9.7 TECU
  IGS-sim arc 361/605: ALRT ALRT_E11_3  8 rays  TEC 8.5–9.7 TECU
  IGS-sim arc 362/605: ALRT ALRT_E12  2 rays  TEC 12.4–13.1 TECU
  IGS-sim arc 363/605: ALRT ALRT_E12_1  2 rays  TEC 12.4–13.1 TECU
  IGS-sim arc 364/605: ALRT ALRT_E12_2  2 rays  TEC 12.4–13.1 TECU
  IGS-sim arc 365/605: ALRT ALRT_E12_3  2 rays  TEC 12.4–13.1 TECU
  IGS-sim arc 366/605: ALRT ALRT_E19  8 rays  TEC 9.3–9.8 TECU
  IGS-sim arc 367/605: ALRT ALRT_E19_1  8 rays  TEC 9.3–9.8 TECU
  IGS-sim arc 368/605: ALRT ALRT_E19_2  8 rays  TEC 9.3–9.8 TECU
  IGS-sim arc 369/605: ALRT ALRT_E19_3  8 rays  TEC 9.3–9.8 TECU
  IGS-sim arc 370/605: ALRT ALRT_E27  5 rays  TEC 14.2–17.6 TECU
  IGS-sim arc 371/605: ALRT ALRT_E27_1  5 rays  TEC 14.2–17.6 TECU
  IGS-sim arc 372/605: ALRT ALRT_E27_2  5 rays  TEC 14.2–17.6 TECU
  IGS-sim arc 373/605: ALRT ALRT_E27_3  5 rays  TEC 14.2–17.6 TECU
  IGS-sim arc 374/605: ALRT ALRT_E29  6 rays  TEC 12.8–16.7 TECU
  IGS-sim arc 375/605: ALRT ALRT_E29_1  6 rays  TEC 12.8–16.7 TECU
  IGS-sim arc 376/605: ALRT ALRT_E29_2  6 rays  TEC 12.8–16.7 TECU
  IGS-sim arc 377/605: ALRT ALRT_E29_3  6 rays  TEC 12.8–16.7 TECU
  IGS-sim arc 378/605: ALRT ALRT_E30  8 rays  TEC 12.3–12.9 TECU
  IGS-sim arc 379/605: ALRT ALRT_E30_1  8 rays  TEC 12.3–12.9 TECU
  IGS-sim arc 380/605: ALRT ALRT_E30_2  8 rays  TEC 12.3–12.9 TECU
  IGS-sim arc 381/605: ALRT ALRT_E30_3  8 rays  TEC 12.3–12.9 TECU
  IGS-sim arc 382/605: ALRT ALRT_E36  8 rays  TEC 9.4–12.3 TECU
  IGS-sim arc 383/605: ALRT ALRT_E36_1  8 rays  TEC 9.4–12.3 TECU
  IGS-sim arc 384/605: ALRT ALRT_E36_2  8 rays  TEC 9.4–12.3 TECU
  IGS-sim arc 385/605: ALRT ALRT_E36_3  8 rays  TEC 9.4–12.3 TECU
  IGS-sim arc 386/605: ALRT ALRT_G05  8 rays  TEC 8.5–9.6 TECU
  IGS-sim arc 387/605: ALRT ALRT_G07  8 rays  TEC 10.8–12.9 TECU
  IGS-sim arc 388/605: ALRT ALRT_G09  4 rays  TEC 12.5–15.4 TECU
  IGS-sim arc 389/605: ALRT ALRT_G11  3 rays  TEC 12.1–13.7 TECU
  IGS-sim arc 390/605: ALRT ALRT_G16  8 rays  TEC 12.8–14.1 TECU
  IGS-sim arc 391/605: ALRT ALRT_G18  6 rays  TEC 11.1–15.3 TECU
  IGS-sim arc 392/605: ALRT ALRT_G21  8 rays  TEC 8.7–9.9 TECU
  IGS-sim arc 393/605: ALRT ALRT_G26  6 rays  TEC 13.9–17.1 TECU
  IGS-sim arc 394/605: ALRT ALRT_G29  7 rays  TEC 10.4–13.7 TECU
  IGS-sim arc 395/605: ALRT ALRT_G30  3 rays  TEC 12.6–13.6 TECU
  IGS-sim arc 396/605: ALRT ALRT_R01  6 rays  TEC 9.3–13.2 TECU
  IGS-sim arc 397/605: ALRT ALRT_R07  6 rays  TEC 10.5–15.5 TECU
  IGS-sim arc 398/605: ALRT ALRT_R08  8 rays  TEC 8.1–8.7 TECU
  IGS-sim arc 399/605: ALRT ALRT_R09  7 rays  TEC 11.0–14.5 TECU
  IGS-sim arc 400/605: ALRT ALRT_R15  2 rays  TEC 15.3–16.6 TECU
  IGS-sim arc 401/605: ALRT ALRT_R16  8 rays  TEC 10.7–13.2 TECU
  IGS-sim arc 402/605: ALRT ALRT_R17  8 rays  TEC 9.0–13.7 TECU
  IGS-sim arc 403/605: ALRT ALRT_R24  8 rays  TEC 8.3–10.4 TECU
  IGS-sim arc 404/605: ALRT ALRT_R26  8 rays  TEC 8.2–9.4 TECU
  IGS-sim arc 405/605: SCOR SCOR_C06  7 rays  TEC 8.7–10.5 TECU
  IGS-sim arc 406/605: SCOR SCOR_C09  8 rays  TEC 7.1–8.0 TECU
  IGS-sim arc 407/605: SCOR SCOR_C16  5 rays  TEC 9.4–10.8 TECU
  IGS-sim arc 408/605: SCOR SCOR_C19  7 rays  TEC 7.2–11.1 TECU
  IGS-sim arc 409/605: SCOR SCOR_C20  8 rays  TEC 5.0–5.5 TECU
  IGS-sim arc 410/605: SCOR SCOR_C23  8 rays  TEC 6.8–7.4 TECU
  IGS-sim arc 411/605: SCOR SCOR_C25  6 rays  TEC 8.5–10.8 TECU
  IGS-sim arc 412/605: SCOR SCOR_C29  2 rays  TEC 9.4–10.1 TECU
  IGS-sim arc 413/605: SCOR SCOR_C32  8 rays  TEC 5.7–7.5 TECU
  IGS-sim arc 414/605: SCOR SCOR_C35  8 rays  TEC 7.9–8.9 TECU
  IGS-sim arc 415/605: SCOR SCOR_C37  2 rays  TEC 7.7–7.9 TECU
  IGS-sim arc 416/605: SCOR SCOR_C44  5 rays  TEC 10.0–12.0 TECU
  IGS-sim arc 417/605: SCOR SCOR_C48  8 rays  TEC 5.3–7.0 TECU
  IGS-sim arc 418/605: SCOR SCOR_E04  8 rays  TEC 6.2–9.2 TECU
  IGS-sim arc 419/605: SCOR SCOR_E04_1  8 rays  TEC 6.2–9.2 TECU
  IGS-sim arc 420/605: SCOR SCOR_E04_2  8 rays  TEC 6.2–9.2 TECU
  IGS-sim arc 421/605: SCOR SCOR_E04_3  8 rays  TEC 6.2–9.2 TECU
  IGS-sim arc 422/605: SCOR SCOR_E06  2 rays  TEC 9.7–10.3 TECU
  IGS-sim arc 423/605: SCOR SCOR_E06_1  2 rays  TEC 9.7–10.3 TECU
  IGS-sim arc 424/605: SCOR SCOR_E06_2  2 rays  TEC 9.7–10.3 TECU
  IGS-sim arc 425/605: SCOR SCOR_E06_3  2 rays  TEC 9.7–10.3 TECU
  IGS-sim arc 426/605: SCOR SCOR_E10  8 rays  TEC 5.7–7.2 TECU
  IGS-sim arc 427/605: SCOR SCOR_E10_1  8 rays  TEC 5.7–7.2 TECU
  IGS-sim arc 428/605: SCOR SCOR_E10_2  8 rays  TEC 5.7–7.2 TECU
  IGS-sim arc 429/605: SCOR SCOR_E10_3  8 rays  TEC 5.7–7.2 TECU
  IGS-sim arc 430/605: SCOR SCOR_E11  8 rays  TEC 5.9–6.1 TECU
  IGS-sim arc 431/605: SCOR SCOR_E11_1  8 rays  TEC 5.9–6.1 TECU
  IGS-sim arc 432/605: SCOR SCOR_E11_2  8 rays  TEC 5.9–6.1 TECU
  IGS-sim arc 433/605: SCOR SCOR_E11_3  8 rays  TEC 5.9–6.1 TECU
  IGS-sim arc 434/605: SCOR SCOR_E12  7 rays  TEC 6.5–9.2 TECU
  IGS-sim arc 435/605: SCOR SCOR_E12_1  7 rays  TEC 6.5–9.2 TECU
  IGS-sim arc 436/605: SCOR SCOR_E12_2  7 rays  TEC 6.5–9.2 TECU
  IGS-sim arc 437/605: SCOR SCOR_E12_3  7 rays  TEC 6.5–9.2 TECU
  IGS-sim arc 438/605: SCOR SCOR_E19  8 rays  TEC 5.1–5.3 TECU
  IGS-sim arc 439/605: SCOR SCOR_E19_1  8 rays  TEC 5.1–5.3 TECU
  IGS-sim arc 440/605: SCOR SCOR_E19_2  8 rays  TEC 5.1–5.3 TECU
  IGS-sim arc 441/605: SCOR SCOR_E19_3  8 rays  TEC 5.1–5.3 TECU
  IGS-sim arc 442/605: SCOR SCOR_E27  4 rays  TEC 8.6–9.0 TECU
  IGS-sim arc 443/605: SCOR SCOR_E27_1  4 rays  TEC 8.6–9.0 TECU
  IGS-sim arc 444/605: SCOR SCOR_E27_2  4 rays  TEC 8.6–9.0 TECU
  IGS-sim arc 445/605: SCOR SCOR_E27_3  4 rays  TEC 8.6–9.0 TECU
  IGS-sim arc 446/605: SCOR SCOR_E29  6 rays  TEC 6.8–8.4 TECU
  IGS-sim arc 447/605: SCOR SCOR_E29_1  6 rays  TEC 6.8–8.4 TECU
  IGS-sim arc 448/605: SCOR SCOR_E29_2  6 rays  TEC 6.8–8.4 TECU
  IGS-sim arc 449/605: SCOR SCOR_E29_3  6 rays  TEC 6.8–8.4 TECU
  IGS-sim arc 450/605: SCOR SCOR_E30  8 rays  TEC 10.2–12.3 TECU
  IGS-sim arc 451/605: SCOR SCOR_E30_1  8 rays  TEC 10.2–12.3 TECU
  IGS-sim arc 452/605: SCOR SCOR_E30_2  8 rays  TEC 10.2–12.3 TECU
  IGS-sim arc 453/605: SCOR SCOR_E30_3  8 rays  TEC 10.2–12.3 TECU
  IGS-sim arc 454/605: SCOR SCOR_E36  7 rays  TEC 8.3–12.0 TECU
  IGS-sim arc 455/605: SCOR SCOR_E36_1  7 rays  TEC 8.3–12.0 TECU
  IGS-sim arc 456/605: SCOR SCOR_E36_2  7 rays  TEC 8.3–12.0 TECU
  IGS-sim arc 457/605: SCOR SCOR_E36_3  7 rays  TEC 8.3–12.0 TECU
  IGS-sim arc 458/605: SCOR SCOR_G05  8 rays  TEC 5.4–7.3 TECU
  IGS-sim arc 459/605: SCOR SCOR_G07  8 rays  TEC 5.7–6.4 TECU
  IGS-sim arc 460/605: SCOR SCOR_G09  5 rays  TEC 6.6–8.0 TECU
  IGS-sim arc 461/605: SCOR SCOR_G11  6 rays  TEC 6.7–9.1 TECU
  IGS-sim arc 462/605: SCOR SCOR_G13  3 rays  TEC 8.5–10.1 TECU
  IGS-sim arc 463/605: SCOR SCOR_G16  7 rays  TEC 10.0–11.3 TECU
  IGS-sim arc 464/605: SCOR SCOR_G18  2 rays  TEC 11.3–12.2 TECU
  IGS-sim arc 465/605: SCOR SCOR_G21  8 rays  TEC 5.1–5.4 TECU
  IGS-sim arc 466/605: SCOR SCOR_G29  6 rays  TEC 9.4–11.8 TECU
  IGS-sim arc 467/605: SCOR SCOR_G30  7 rays  TEC 6.1–8.2 TECU
  IGS-sim arc 468/605: SCOR SCOR_R01  7 rays  TEC 6.6–10.8 TECU
  IGS-sim arc 469/605: SCOR SCOR_R07  7 rays  TEC 5.8–7.9 TECU
  IGS-sim arc 470/605: SCOR SCOR_R08  8 rays  TEC 4.9–5.2 TECU
  IGS-sim arc 471/605: SCOR SCOR_R09  8 rays  TEC 6.4–7.2 TECU
  IGS-sim arc 472/605: SCOR SCOR_R10  2 rays  TEC 7.3–7.8 TECU
  IGS-sim arc 473/605: SCOR SCOR_R16  7 rays  TEC 7.6–11.1 TECU
  IGS-sim arc 474/605: SCOR SCOR_R17  6 rays  TEC 7.7–11.6 TECU
  IGS-sim arc 475/605: SCOR SCOR_R23  3 rays  TEC 8.1–9.8 TECU
  IGS-sim arc 476/605: SCOR SCOR_R24  8 rays  TEC 6.3–7.1 TECU
  IGS-sim arc 477/605: SCOR SCOR_R26  8 rays  TEC 4.9–5.3 TECU
  IGS-sim arc 478/605: HOFN HOFN_C06  4 rays  TEC 7.4–8.0 TECU
  IGS-sim arc 479/605: HOFN HOFN_C09  8 rays  TEC 5.9–6.7 TECU
  IGS-sim arc 480/605: HOFN HOFN_C19  7 rays  TEC 6.4–10.2 TECU
  IGS-sim arc 481/605: HOFN HOFN_C20  8 rays  TEC 4.1–4.6 TECU
  IGS-sim arc 482/605: HOFN HOFN_C23  8 rays  TEC 5.5–5.8 TECU
  IGS-sim arc 483/605: HOFN HOFN_C25  3 rays  TEC 7.1–7.7 TECU
  IGS-sim arc 484/605: HOFN HOFN_C29  3 rays  TEC 8.0–9.4 TECU
  IGS-sim arc 485/605: HOFN HOFN_C32  8 rays  TEC 4.7–6.2 TECU
  IGS-sim arc 486/605: HOFN HOFN_C35  8 rays  TEC 7.4–8.3 TECU
  IGS-sim arc 487/605: HOFN HOFN_C37  4 rays  TEC 6.1–7.2 TECU
  IGS-sim arc 488/605: HOFN HOFN_C44  2 rays  TEC 9.8–10.0 TECU
  IGS-sim arc 489/605: HOFN HOFN_C48  8 rays  TEC 4.5–6.0 TECU
  IGS-sim arc 490/605: HOFN HOFN_E04  8 rays  TEC 5.1–7.6 TECU
  IGS-sim arc 491/605: HOFN HOFN_E04_1  8 rays  TEC 5.1–7.6 TECU
  IGS-sim arc 492/605: HOFN HOFN_E04_2  8 rays  TEC 5.1–7.6 TECU
  IGS-sim arc 493/605: HOFN HOFN_E04_3  8 rays  TEC 5.1–7.6 TECU
  IGS-sim arc 494/605: HOFN HOFN_E06  3 rays  TEC 8.4–9.6 TECU
  IGS-sim arc 495/605: HOFN HOFN_E06_1  3 rays  TEC 8.4–9.6 TECU
  IGS-sim arc 496/605: HOFN HOFN_E06_2  3 rays  TEC 8.4–9.6 TECU
  IGS-sim arc 497/605: HOFN HOFN_E06_3  3 rays  TEC 8.4–9.6 TECU
  IGS-sim arc 498/605: HOFN HOFN_E10  8 rays  TEC 4.8–5.8 TECU
  IGS-sim arc 499/605: HOFN HOFN_E10_1  8 rays  TEC 4.8–5.8 TECU
  IGS-sim arc 500/605: HOFN HOFN_E10_2  8 rays  TEC 4.8–5.8 TECU
  IGS-sim arc 501/605: HOFN HOFN_E10_3  8 rays  TEC 4.8–5.8 TECU
  IGS-sim arc 502/605: HOFN HOFN_E11  8 rays  TEC 5.1–5.4 TECU
  IGS-sim arc 503/605: HOFN HOFN_E11_1  8 rays  TEC 5.1–5.4 TECU
  IGS-sim arc 504/605: HOFN HOFN_E11_2  8 rays  TEC 5.1–5.4 TECU
  IGS-sim arc 505/605: HOFN HOFN_E11_3  8 rays  TEC 5.1–5.4 TECU
  IGS-sim arc 506/605: HOFN HOFN_E12  8 rays  TEC 5.2–8.0 TECU
  IGS-sim arc 507/605: HOFN HOFN_E12_1  8 rays  TEC 5.2–8.0 TECU
  IGS-sim arc 508/605: HOFN HOFN_E12_2  8 rays  TEC 5.2–8.0 TECU
  IGS-sim arc 509/605: HOFN HOFN_E12_3  8 rays  TEC 5.2–8.0 TECU
  IGS-sim arc 510/605: HOFN HOFN_E19  8 rays  TEC 4.1–4.3 TECU
  IGS-sim arc 511/605: HOFN HOFN_E19_1  8 rays  TEC 4.1–4.3 TECU
  IGS-sim arc 512/605: HOFN HOFN_E19_2  8 rays  TEC 4.1–4.3 TECU
  IGS-sim arc 513/605: HOFN HOFN_E19_3  8 rays  TEC 4.1–4.3 TECU
  IGS-sim arc 514/605: HOFN HOFN_E27  3 rays  TEC 7.1–7.2 TECU
  IGS-sim arc 515/605: HOFN HOFN_E27_1  3 rays  TEC 7.1–7.2 TECU
  IGS-sim arc 516/605: HOFN HOFN_E27_2  3 rays  TEC 7.1–7.2 TECU
  IGS-sim arc 517/605: HOFN HOFN_E27_3  3 rays  TEC 7.1–7.2 TECU
  IGS-sim arc 518/605: HOFN HOFN_E29  6 rays  TEC 5.5–6.9 TECU
  IGS-sim arc 519/605: HOFN HOFN_E29_1  6 rays  TEC 5.5–6.9 TECU
  IGS-sim arc 520/605: HOFN HOFN_E29_2  6 rays  TEC 5.5–6.9 TECU
  IGS-sim arc 521/605: HOFN HOFN_E29_3  6 rays  TEC 5.5–6.9 TECU
  IGS-sim arc 522/605: HOFN HOFN_E36  5 rays  TEC 7.8–10.5 TECU
  IGS-sim arc 523/605: HOFN HOFN_E36_1  5 rays  TEC 7.8–10.5 TECU
  IGS-sim arc 524/605: HOFN HOFN_E36_2  5 rays  TEC 7.8–10.5 TECU
  IGS-sim arc 525/605: HOFN HOFN_E36_3  5 rays  TEC 7.8–10.5 TECU
  IGS-sim arc 526/605: HOFN HOFN_G05  8 rays  TEC 4.6–6.5 TECU
  IGS-sim arc 527/605: HOFN HOFN_G07  8 rays  TEC 4.6–5.0 TECU
  IGS-sim arc 528/605: HOFN HOFN_G09  6 rays  TEC 5.4–6.9 TECU
  IGS-sim arc 529/605: HOFN HOFN_G11  8 rays  TEC 5.4–8.8 TECU
  IGS-sim arc 530/605: HOFN HOFN_G13  4 rays  TEC 7.2–9.5 TECU
  IGS-sim arc 531/605: HOFN HOFN_G21  8 rays  TEC 4.3–4.5 TECU
  IGS-sim arc 532/605: HOFN HOFN_G29  4 rays  TEC 9.2–10.1 TECU
  IGS-sim arc 533/605: HOFN HOFN_G30  8 rays  TEC 4.8–7.1 TECU
  IGS-sim arc 534/605: HOFN HOFN_R01  7 rays  TEC 5.8–9.8 TECU
  IGS-sim arc 535/605: HOFN HOFN_R07  8 rays  TEC 4.7–6.6 TECU
  IGS-sim arc 536/605: HOFN HOFN_R08  8 rays  TEC 4.0–4.3 TECU
  IGS-sim arc 537/605: HOFN HOFN_R09  8 rays  TEC 5.2–5.9 TECU
  IGS-sim arc 538/605: HOFN HOFN_R10  3 rays  TEC 5.9–6.7 TECU
  IGS-sim arc 539/605: HOFN HOFN_R16  5 rays  TEC 6.6–8.4 TECU
  IGS-sim arc 540/605: HOFN HOFN_R17  4 rays  TEC 7.4–9.2 TECU
  IGS-sim arc 541/605: HOFN HOFN_R23  4 rays  TEC 6.7–9.0 TECU
  IGS-sim arc 542/605: HOFN HOFN_R24  8 rays  TEC 5.6–6.2 TECU
  IGS-sim arc 543/605: HOFN HOFN_R26  8 rays  TEC 4.1–4.3 TECU
  IGS-sim arc 544/605: REYK REYK_C06  2 rays  TEC 8.6–8.8 TECU
  IGS-sim arc 545/605: REYK REYK_C09  8 rays  TEC 6.9–7.8 TECU
  IGS-sim arc 546/605: REYK REYK_C19  8 rays  TEC 6.6–11.0 TECU
  IGS-sim arc 547/605: REYK REYK_C20  8 rays  TEC 4.6–5.0 TECU
  IGS-sim arc 548/605: REYK REYK_C23  8 rays  TEC 6.4–7.0 TECU
  IGS-sim arc 549/605: REYK REYK_C25  3 rays  TEC 8.3–9.0 TECU
  IGS-sim arc 550/605: REYK REYK_C29  4 rays  TEC 8.3–10.4 TECU
  IGS-sim arc 551/605: REYK REYK_C32  8 rays  TEC 5.5–7.4 TECU
  IGS-sim arc 552/605: REYK REYK_C35  8 rays  TEC 7.6–8.2 TECU
  IGS-sim arc 553/605: REYK REYK_C37  3 rays  TEC 7.1–7.9 TECU
  IGS-sim arc 554/605: REYK REYK_C44  3 rays  TEC 10.0–11.0 TECU
  IGS-sim arc 555/605: REYK REYK_C48  8 rays  TEC 4.8–6.1 TECU
  IGS-sim arc 556/605: REYK REYK_E04  8 rays  TEC 5.5–8.0 TECU
  IGS-sim arc 557/605: REYK REYK_E04_1  8 rays  TEC 5.5–8.0 TECU
  IGS-sim arc 558/605: REYK REYK_E04_2  8 rays  TEC 5.5–8.0 TECU
  IGS-sim arc 559/605: REYK REYK_E04_3  8 rays  TEC 5.5–8.0 TECU
  IGS-sim arc 560/605: REYK REYK_E06  4 rays  TEC 8.4–10.7 TECU
  IGS-sim arc 561/605: REYK REYK_E06_1  4 rays  TEC 8.4–10.7 TECU
  IGS-sim arc 562/605: REYK REYK_E06_2  4 rays  TEC 8.4–10.7 TECU
  IGS-sim arc 563/605: REYK REYK_E06_3  4 rays  TEC 8.4–10.7 TECU
  IGS-sim arc 564/605: REYK REYK_E10  8 rays  TEC 5.2–6.3 TECU
  IGS-sim arc 565/605: REYK REYK_E10_1  8 rays  TEC 5.2–6.3 TECU
  IGS-sim arc 566/605: REYK REYK_E10_2  8 rays  TEC 5.2–6.3 TECU
  IGS-sim arc 567/605: REYK REYK_E10_3  8 rays  TEC 5.2–6.3 TECU
  IGS-sim arc 568/605: REYK REYK_E11  8 rays  TEC 5.4–5.7 TECU
  IGS-sim arc 569/605: REYK REYK_E11_1  8 rays  TEC 5.4–5.7 TECU
  IGS-sim arc 570/605: REYK REYK_E11_2  8 rays  TEC 5.4–5.7 TECU
  IGS-sim arc 571/605: REYK REYK_E11_3  8 rays  TEC 5.4–5.7 TECU
  IGS-sim arc 572/605: REYK REYK_E12  8 rays  TEC 5.7–8.7 TECU
  IGS-sim arc 573/605: REYK REYK_E12_1  8 rays  TEC 5.7–8.7 TECU
  IGS-sim arc 574/605: REYK REYK_E12_2  8 rays  TEC 5.7–8.7 TECU
  IGS-sim arc 575/605: REYK REYK_E12_3  8 rays  TEC 5.7–8.7 TECU
  IGS-sim arc 576/605: REYK REYK_E19  8 rays  TEC 4.6–4.9 TECU
  IGS-sim arc 577/605: REYK REYK_E19_1  8 rays  TEC 4.6–4.9 TECU
  IGS-sim arc 578/605: REYK REYK_E19_2  8 rays  TEC 4.6–4.9 TECU
  IGS-sim arc 579/605: REYK REYK_E19_3  8 rays  TEC 4.6–4.9 TECU
  IGS-sim arc 580/605: REYK REYK_E29  5 rays  TEC 6.5–7.8 TECU
  IGS-sim arc 581/605: REYK REYK_E29_1  5 rays  TEC 6.5–7.8 TECU
  IGS-sim arc 582/605: REYK REYK_E29_2  5 rays  TEC 6.5–7.8 TECU
  IGS-sim arc 583/605: REYK REYK_E29_3  5 rays  TEC 6.5–7.8 TECU
  IGS-sim arc 584/605: REYK REYK_E36  5 rays  TEC 8.1–10.5 TECU
  IGS-sim arc 585/605: REYK REYK_E36_1  5 rays  TEC 8.1–10.5 TECU
  IGS-sim arc 586/605: REYK REYK_E36_2  5 rays  TEC 8.1–10.5 TECU
  IGS-sim arc 587/605: REYK REYK_E36_3  5 rays  TEC 8.1–10.5 TECU
  IGS-sim arc 588/605: REYK REYK_G05  8 rays  TEC 5.0–6.8 TECU
  IGS-sim arc 589/605: REYK REYK_G07  8 rays  TEC 5.2–5.8 TECU
  IGS-sim arc 590/605: REYK REYK_G09  5 rays  TEC 6.3–7.6 TECU
  IGS-sim arc 591/605: REYK REYK_G11  8 rays  TEC 5.9–9.5 TECU
  IGS-sim arc 592/605: REYK REYK_G13  5 rays  TEC 7.4–10.7 TECU
  IGS-sim arc 593/605: REYK REYK_G21  8 rays  TEC 4.7–4.9 TECU
  IGS-sim arc 594/605: REYK REYK_G29  6 rays  TEC 9.1–11.1 TECU
  IGS-sim arc 595/605: REYK REYK_G30  8 rays  TEC 5.4–8.0 TECU
  IGS-sim arc 596/605: REYK REYK_R01  8 rays  TEC 6.0–11.1 TECU
  IGS-sim arc 597/605: REYK REYK_R07  7 rays  TEC 5.5–7.5 TECU
  IGS-sim arc 598/605: REYK REYK_R08  8 rays  TEC 4.5–4.7 TECU
  IGS-sim arc 599/605: REYK REYK_R09  8 rays  TEC 6.1–6.8 TECU
  IGS-sim arc 600/605: REYK REYK_R10  3 rays  TEC 7.0–7.7 TECU
  IGS-sim arc 601/605: REYK REYK_R16  5 rays  TEC 7.6–9.5 TECU
  IGS-sim arc 602/605: REYK REYK_R17  4 rays  TEC 7.8–9.8 TECU
  IGS-sim arc 603/605: REYK REYK_R23  4 rays  TEC 7.1–9.5 TECU
  IGS-sim arc 604/605: REYK REYK_R24  8 rays  TEC 5.9–6.4 TECU
  IGS-sim arc 605/605: REYK REYK_R26  8 rays  TEC 4.5–4.9 TECU

  [sweep 2026-02-12_0200] igs_only EKF (605 IGS arcs) …
  [EKF] 605 arcs  |  4041 profile rays  |  4041 update rays  |  n_state = 1016
  [EKF] Prior innovations  mean=0.42  std=1.18  max_abs=6.23 TECU
  [EKF] iterating [analytical]:   0%|          | 0/20 [00:00<?, ?it/s]  [EKF] iterating [analytical]:   0%|          | 0/20 [00:20<?, ?it/s, RMSE=1.249TECU, rel_dP=5.65e-03]  [EKF] iterating [analytical]:   5%|▌         | 1/20 [00:20<06:24, 20.21s/it, RMSE=1.249TECU, rel_dP=5.65e-03]  [EKF] iterating [analytical]:   5%|▌         | 1/20 [00:40<06:24, 20.21s/it, RMSE=0.585TECU, rel_dP=1.99e-03]  [EKF] iterating [analytical]:  10%|█         | 2/20 [00:40<06:05, 20.32s/it, RMSE=0.585TECU, rel_dP=1.99e-03]  [EKF] iterating [analytical]:  10%|█         | 2/20 [01:01<06:05, 20.32s/it, RMSE=0.499TECU, rel_dP=1.21e-03]  [EKF] iterating [analytical]:  15%|█▌        | 3/20 [01:01<05:49, 20.54s/it, RMSE=0.499TECU, rel_dP=1.21e-03]  [EKF] iterating [analytical]:  15%|█▌        | 3/20 [01:21<05:49, 20.54s/it, RMSE=0.481TECU, rel_dP=9.30e-04]  [EKF] iterating [analytical]:  20%|██        | 4/20 [01:21<05:26, 20.43s/it, RMSE=0.481TECU, rel_dP=9.30e-04]  [EKF] iterating [analytical]:  20%|██        | 4/20 [01:42<05:26, 20.43s/it, RMSE=0.473TECU, rel_dP=7.72e-04]  [EKF] iterating [analytical]:  25%|██▌       | 5/20 [01:42<05:10, 20.68s/it, RMSE=0.473TECU, rel_dP=7.72e-04]  [EKF] iterating [analytical]:  25%|██▌       | 5/20 [02:02<05:10, 20.68s/it, RMSE=0.467TECU, rel_dP=6.58e-04]  [EKF] iterating [analytical]:  30%|███       | 6/20 [02:02<04:45, 20.41s/it, RMSE=0.467TECU, rel_dP=6.58e-04]  [EKF] iterating [analytical]:  30%|███       | 6/20 [02:23<04:45, 20.41s/it, RMSE=0.464TECU, rel_dP=5.66e-04]  [EKF] iterating [analytical]:  35%|███▌      | 7/20 [02:23<04:28, 20.64s/it, RMSE=0.464TECU, rel_dP=5.66e-04]  [EKF] iterating [analytical]:  35%|███▌      | 7/20 [02:45<04:28, 20.64s/it, RMSE=0.461TECU, rel_dP=4.91e-04]                                                                                                                 [EKF] iterating [analytical]:  35%|███▌      | 7/20 [02:45<04:28, 20.64s/it, RMSE=0.461TECU, rel_dP=4.91e-04]                                                                                                                 [EKF] Converged at iteration 8  (||ΔP||/||P|| = 4.91e-04 < tol=5.0e-04)
  [EKF] Posterior innovations  mean=0.00  std=0.46  max_abs=3.85 TECU
  [EKF] Prior RMSE 1.249 TECU  →  Post RMSE 0.458 TECU

  [sweep 2026-02-12_0200] N_OCC=10  (RO arcs available=24, used=10)
  [EKF] 10 arcs  |  1717 profile rays  |  475 update rays  |  n_state = 1016
  [EKF] Prior innovations  mean=1.60  std=14.72  max_abs=54.90 TECU
  [EKF] iterating [analytical]:   0%|          | 0/20 [00:00<?, ?it/s]  [EKF] iterating [analytical]:   0%|          | 0/20 [00:01<?, ?it/s, RMSE=14.803TECU, rel_dP=2.04e-02]  [EKF] iterating [analytical]:   5%|▌         | 1/20 [00:01<00:35,  1.86s/it, RMSE=14.803TECU, rel_dP=2.04e-02]  [EKF] iterating [analytical]:   5%|▌         | 1/20 [00:03<00:35,  1.86s/it, RMSE=5.471TECU, rel_dP=1.03e-02]   [EKF] iterating [analytical]:  10%|█         | 2/20 [00:03<00:34,  1.91s/it, RMSE=5.471TECU, rel_dP=1.03e-02]  [EKF] iterating [analytical]:  10%|█         | 2/20 [00:05<00:34,  1.91s/it, RMSE=3.942TECU, rel_dP=6.46e-03]  [EKF] iterating [analytical]:  15%|█▌        | 3/20 [00:05<00:32,  1.90s/it, RMSE=3.942TECU, rel_dP=6.46e-03]  [EKF] iterating [analytical]:  15%|█▌        | 3/20 [00:07<00:32,  1.90s/it, RMSE=3.601TECU, rel_dP=5.01e-03]  [EKF] iterating [analytical]:  20%|██        | 4/20 [00:07<00:30,  1.92s/it, RMSE=3.601TECU, rel_dP=5.01e-03]  [EKF] iterating [analytical]:  20%|██        | 4/20 [00:09<00:30,  1.92s/it, RMSE=3.474TECU, rel_dP=4.43e-03]  [EKF] iterating [analytical]:  25%|██▌       | 5/20 [00:09<00:29,  1.94s/it, RMSE=3.474TECU, rel_dP=4.43e-03]  [EKF] iterating [analytical]:  25%|██▌       | 5/20 [00:11<00:29,  1.94s/it, RMSE=3.383TECU, rel_dP=4.04e-03]  [EKF] iterating [analytical]:  30%|███       | 6/20 [00:11<00:26,  1.93s/it, RMSE=3.383TECU, rel_dP=4.04e-03]  [EKF] iterating [analytical]:  30%|███       | 6/20 [00:13<00:26,  1.93s/it, RMSE=3.304TECU, rel_dP=3.69e-03]  [EKF] iterating [analytical]:  35%|███▌      | 7/20 [00:13<00:25,  1.93s/it, RMSE=3.304TECU, rel_dP=3.69e-03]  [EKF] iterating [analytical]:  35%|███▌      | 7/20 [00:15<00:25,  1.93s/it, RMSE=3.234TECU, rel_dP=3.34e-03]  [EKF] iterating [analytical]:  40%|████      | 8/20 [00:15<00:23,  1.95s/it, RMSE=3.234TECU, rel_dP=3.34e-03]  [EKF] iterating [analytical]:  40%|████      | 8/20 [00:17<00:23,  1.95s/it, RMSE=3.173TECU, rel_dP=3.00e-03]  [EKF] iterating [analytical]:  45%|████▌     | 9/20 [00:17<00:21,  1.93s/it, RMSE=3.173TECU, rel_dP=3.00e-03]  [EKF] iterating [analytical]:  45%|████▌     | 9/20 [00:19<00:21,  1.93s/it, RMSE=3.120TECU, rel_dP=2.66e-03]  [EKF] iterating [analytical]:  50%|█████     | 10/20 [00:19<00:19,  1.93s/it, RMSE=3.120TECU, rel_dP=2.66e-03]  [EKF] iterating [analytical]:  50%|█████     | 10/20 [00:21<00:19,  1.93s/it, RMSE=3.077TECU, rel_dP=2.34e-03]  [EKF] iterating [analytical]:  55%|█████▌    | 11/20 [00:21<00:17,  1.94s/it, RMSE=3.077TECU, rel_dP=2.34e-03]  [EKF] iterating [analytical]:  55%|█████▌    | 11/20 [00:23<00:17,  1.94s/it, RMSE=3.042TECU, rel_dP=2.07e-03]  [EKF] iterating [analytical]:  60%|██████    | 12/20 [00:23<00:15,  1.94s/it, RMSE=3.042TECU, rel_dP=2.07e-03]  [EKF] iterating [analytical]:  60%|██████    | 12/20 [00:25<00:15,  1.94s/it, RMSE=3.013TECU, rel_dP=1.84e-03]  [EKF] iterating [analytical]:  65%|██████▌   | 13/20 [00:25<00:13,  1.95s/it, RMSE=3.013TECU, rel_dP=1.84e-03]  [EKF] iterating [analytical]:  65%|██████▌   | 13/20 [00:27<00:13,  1.95s/it, RMSE=2.989TECU, rel_dP=1.66e-03]  [EKF] iterating [analytical]:  70%|███████   | 14/20 [00:27<00:11,  1.95s/it, RMSE=2.989TECU, rel_dP=1.66e-03]  [EKF] iterating [analytical]:  70%|███████   | 14/20 [00:29<00:11,  1.95s/it, RMSE=2.970TECU, rel_dP=1.53e-03]  [EKF] iterating [analytical]:  75%|███████▌  | 15/20 [00:29<00:09,  1.98s/it, RMSE=2.970TECU, rel_dP=1.53e-03]  [EKF] iterating [analytical]:  75%|███████▌  | 15/20 [00:31<00:09,  1.98s/it, RMSE=2.952TECU, rel_dP=1.42e-03]  [EKF] iterating [analytical]:  80%|████████  | 16/20 [00:31<00:07,  1.97s/it, RMSE=2.952TECU, rel_dP=1.42e-03]  [EKF] iterating [analytical]:  80%|████████  | 16/20 [00:32<00:07,  1.97s/it, RMSE=2.937TECU, rel_dP=1.34e-03]  [EKF] iterating [analytical]:  85%|████████▌ | 17/20 [00:32<00:05,  1.95s/it, RMSE=2.937TECU, rel_dP=1.34e-03]  [EKF] iterating [analytical]:  85%|████████▌ | 17/20 [00:34<00:05,  1.95s/it, RMSE=2.924TECU, rel_dP=1.28e-03]  [EKF] iterating [analytical]:  90%|█████████ | 18/20 [00:34<00:03,  1.95s/it, RMSE=2.924TECU, rel_dP=1.28e-03]  [EKF] iterating [analytical]:  90%|█████████ | 18/20 [00:36<00:03,  1.95s/it, RMSE=2.911TECU, rel_dP=1.24e-03]  [EKF] iterating [analytical]:  95%|█████████▌| 19/20 [00:36<00:01,  1.94s/it, RMSE=2.911TECU, rel_dP=1.24e-03]  [EKF] iterating [analytical]:  95%|█████████▌| 19/20 [00:38<00:01,  1.94s/it, RMSE=2.900TECU, rel_dP=1.20e-03]  [EKF] iterating [analytical]: 100%|██████████| 20/20 [00:38<00:00,  1.95s/it, RMSE=2.900TECU, rel_dP=1.20e-03]                                                                                                                  [EKF] Reached max_iter=20 without convergence  (final ||ΔP||/||P|| = 1.20e-03)
  [EKF] Posterior innovations  mean=-0.01  std=2.89  max_abs=28.39 TECU
  [EKF] Prior RMSE 14.237 TECU  →  Post RMSE 3.011 TECU
  [EKF] 615 arcs  |  5758 profile rays  |  4516 update rays  |  n_state = 1016
  [EKF] Prior innovations  mean=0.54  std=4.91  max_abs=54.90 TECU
  [EKF] iterating [analytical]:   0%|          | 0/20 [00:00<?, ?it/s]  [EKF] iterating [analytical]:   0%|          | 0/20 [00:22<?, ?it/s, RMSE=4.944TECU, rel_dP=2.11e-02]  [EKF] iterating [analytical]:   5%|▌         | 1/20 [00:22<07:05, 22.40s/it, RMSE=4.944TECU, rel_dP=2.11e-02]  [EKF] iterating [analytical]:   5%|▌         | 1/20 [00:44<07:05, 22.40s/it, RMSE=1.868TECU, rel_dP=1.05e-02]  [EKF] iterating [analytical]:  10%|█         | 2/20 [00:44<06:39, 22.21s/it, RMSE=1.868TECU, rel_dP=1.05e-02]  [EKF] iterating [analytical]:  10%|█         | 2/20 [01:06<06:39, 22.21s/it, RMSE=1.374TECU, rel_dP=6.49e-03]  [EKF] iterating [analytical]:  15%|█▌        | 3/20 [01:06<06:15, 22.10s/it, RMSE=1.374TECU, rel_dP=6.49e-03]  [EKF] iterating [analytical]:  15%|█▌        | 3/20 [01:28<06:15, 22.10s/it, RMSE=1.267TECU, rel_dP=4.99e-03]  [EKF] iterating [analytical]:  20%|██        | 4/20 [01:28<05:51, 21.96s/it, RMSE=1.267TECU, rel_dP=4.99e-03]  [EKF] iterating [analytical]:  20%|██        | 4/20 [01:50<05:51, 21.96s/it, RMSE=1.227TECU, rel_dP=4.40e-03]  [EKF] iterating [analytical]:  25%|██▌       | 5/20 [01:50<05:28, 21.92s/it, RMSE=1.227TECU, rel_dP=4.40e-03]  [EKF] iterating [analytical]:  25%|██▌       | 5/20 [02:12<05:28, 21.92s/it, RMSE=1.199TECU, rel_dP=4.03e-03]  [EKF] iterating [analytical]:  30%|███       | 6/20 [02:12<05:09, 22.08s/it, RMSE=1.199TECU, rel_dP=4.03e-03]  [EKF] iterating [analytical]:  30%|███       | 6/20 [02:34<05:09, 22.08s/it, RMSE=1.175TECU, rel_dP=3.70e-03]  [EKF] iterating [analytical]:  35%|███▌      | 7/20 [02:34<04:47, 22.10s/it, RMSE=1.175TECU, rel_dP=3.70e-03]  [EKF] iterating [analytical]:  35%|███▌      | 7/20 [02:56<04:47, 22.10s/it, RMSE=1.153TECU, rel_dP=3.39e-03]  [EKF] iterating [analytical]:  40%|████      | 8/20 [02:56<04:24, 22.07s/it, RMSE=1.153TECU, rel_dP=3.39e-03]  [EKF] iterating [analytical]:  40%|████      | 8/20 [03:18<04:24, 22.07s/it, RMSE=1.134TECU, rel_dP=3.07e-03]  [EKF] iterating [analytical]:  45%|████▌     | 9/20 [03:18<04:02, 22.03s/it, RMSE=1.134TECU, rel_dP=3.07e-03]  [EKF] iterating [analytical]:  45%|████▌     | 9/20 [03:40<04:02, 22.03s/it, RMSE=1.117TECU, rel_dP=2.75e-03]  [EKF] iterating [analytical]:  50%|█████     | 10/20 [03:40<03:40, 22.09s/it, RMSE=1.117TECU, rel_dP=2.75e-03]  [EKF] iterating [analytical]:  50%|█████     | 10/20 [04:03<03:40, 22.09s/it, RMSE=1.103TECU, rel_dP=2.45e-03]  [EKF] iterating [analytical]:  55%|█████▌    | 11/20 [04:03<03:20, 22.33s/it, RMSE=1.103TECU, rel_dP=2.45e-03]  [EKF] iterating [analytical]:  55%|█████▌    | 11/20 [04:25<03:20, 22.33s/it, RMSE=1.091TECU, rel_dP=2.18e-03]  [EKF] iterating [analytical]:  60%|██████    | 12/20 [04:25<02:58, 22.25s/it, RMSE=1.091TECU, rel_dP=2.18e-03]  [EKF] iterating [analytical]:  60%|██████    | 12/20 [04:47<02:58, 22.25s/it, RMSE=1.082TECU, rel_dP=1.95e-03]  [EKF] iterating [analytical]:  65%|██████▌   | 13/20 [04:47<02:35, 22.20s/it, RMSE=1.082TECU, rel_dP=1.95e-03]  [EKF] iterating [analytical]:  65%|██████▌   | 13/20 [05:09<02:35, 22.20s/it, RMSE=1.074TECU, rel_dP=1.76e-03]  [EKF] iterating [analytical]:  70%|███████   | 14/20 [05:09<02:13, 22.20s/it, RMSE=1.074TECU, rel_dP=1.76e-03]  [EKF] iterating [analytical]:  70%|███████   | 14/20 [05:32<02:13, 22.20s/it, RMSE=1.068TECU, rel_dP=1.61e-03]  [EKF] iterating [analytical]:  75%|███████▌  | 15/20 [05:32<01:50, 22.15s/it, RMSE=1.068TECU, rel_dP=1.61e-03]  [EKF] iterating [analytical]:  75%|███████▌  | 15/20 [05:54<01:50, 22.15s/it, RMSE=1.062TECU, rel_dP=1.49e-03]  [EKF] iterating [analytical]:  80%|████████  | 16/20 [05:54<01:28, 22.11s/it, RMSE=1.062TECU, rel_dP=1.49e-03]  [EKF] iterating [analytical]:  80%|████████  | 16/20 [06:15<01:28, 22.11s/it, RMSE=1.057TECU, rel_dP=1.40e-03]  [EKF] iterating [analytical]:  85%|████████▌ | 17/20 [06:15<01:06, 22.05s/it, RMSE=1.057TECU, rel_dP=1.40e-03]  [EKF] iterating [analytical]:  85%|████████▌ | 17/20 [06:38<01:06, 22.05s/it, RMSE=1.053TECU, rel_dP=1.34e-03]  [EKF] iterating [analytical]:  90%|█████████ | 18/20 [06:38<00:44, 22.10s/it, RMSE=1.053TECU, rel_dP=1.34e-03]  [EKF] iterating [analytical]:  90%|█████████ | 18/20 [07:00<00:44, 22.10s/it, RMSE=1.049TECU, rel_dP=1.28e-03]  [EKF] iterating [analytical]:  95%|█████████▌| 19/20 [07:00<00:22, 22.05s/it, RMSE=1.049TECU, rel_dP=1.28e-03]  [EKF] iterating [analytical]:  95%|█████████▌| 19/20 [07:22<00:22, 22.05s/it, RMSE=1.045TECU, rel_dP=1.25e-03]  [EKF] iterating [analytical]: 100%|██████████| 20/20 [07:22<00:00, 22.07s/it, RMSE=1.045TECU, rel_dP=1.25e-03]                                                                                                                  [EKF] Reached max_iter=20 without convergence  (final ||ΔP||/||P|| = 1.25e-03)
  [EKF] Posterior innovations  mean=-0.01  std=1.04  max_abs=28.32 TECU
  [EKF] Prior RMSE 7.845 TECU  →  Post RMSE 1.703 TECU

  [sweep 2026-02-12_0200] N_OCC=20  (RO arcs available=24, used=20)
  [EKF] 20 arcs  |  3447 profile rays  |  930 update rays  |  n_state = 1016
  [EKF] Prior innovations  mean=4.93  std=15.83  max_abs=54.90 TECU
  [EKF] iterating [analytical]:   0%|          | 0/20 [00:00<?, ?it/s]  [EKF] iterating [analytical]:   0%|          | 0/20 [00:03<?, ?it/s, RMSE=16.575TECU, rel_dP=2.78e-02]  [EKF] iterating [analytical]:   5%|▌         | 1/20 [00:03<01:07,  3.56s/it, RMSE=16.575TECU, rel_dP=2.78e-02]  [EKF] iterating [analytical]:   5%|▌         | 1/20 [00:07<01:07,  3.56s/it, RMSE=4.951TECU, rel_dP=1.32e-02]   [EKF] iterating [analytical]:  10%|█         | 2/20 [00:07<01:05,  3.64s/it, RMSE=4.951TECU, rel_dP=1.32e-02]  [EKF] iterating [analytical]:  10%|█         | 2/20 [00:10<01:05,  3.64s/it, RMSE=3.445TECU, rel_dP=8.11e-03]  [EKF] iterating [analytical]:  15%|█▌        | 3/20 [00:10<01:02,  3.65s/it, RMSE=3.445TECU, rel_dP=8.11e-03]  [EKF] iterating [analytical]:  15%|█▌        | 3/20 [00:14<01:02,  3.65s/it, RMSE=3.121TECU, rel_dP=5.93e-03]  [EKF] iterating [analytical]:  20%|██        | 4/20 [00:14<00:58,  3.66s/it, RMSE=3.121TECU, rel_dP=5.93e-03]  [EKF] iterating [analytical]:  20%|██        | 4/20 [00:18<00:58,  3.66s/it, RMSE=2.987TECU, rel_dP=4.91e-03]  [EKF] iterating [analytical]:  25%|██▌       | 5/20 [00:18<00:55,  3.67s/it, RMSE=2.987TECU, rel_dP=4.91e-03]  [EKF] iterating [analytical]:  25%|██▌       | 5/20 [00:21<00:55,  3.67s/it, RMSE=2.895TECU, rel_dP=4.29e-03]  [EKF] iterating [analytical]:  30%|███       | 6/20 [00:21<00:51,  3.67s/it, RMSE=2.895TECU, rel_dP=4.29e-03]  [EKF] iterating [analytical]:  30%|███       | 6/20 [00:25<00:51,  3.67s/it, RMSE=2.822TECU, rel_dP=3.82e-03]  [EKF] iterating [analytical]:  35%|███▌      | 7/20 [00:25<00:47,  3.69s/it, RMSE=2.822TECU, rel_dP=3.82e-03]  [EKF] iterating [analytical]:  35%|███▌      | 7/20 [00:29<00:47,  3.69s/it, RMSE=2.763TECU, rel_dP=3.44e-03]  [EKF] iterating [analytical]:  40%|████      | 8/20 [00:29<00:43,  3.66s/it, RMSE=2.763TECU, rel_dP=3.44e-03]  [EKF] iterating [analytical]:  40%|████      | 8/20 [00:32<00:43,  3.66s/it, RMSE=2.714TECU, rel_dP=3.12e-03]  [EKF] iterating [analytical]:  45%|████▌     | 9/20 [00:32<00:39,  3.62s/it, RMSE=2.714TECU, rel_dP=3.12e-03]  [EKF] iterating [analytical]:  45%|████▌     | 9/20 [00:36<00:39,  3.62s/it, RMSE=2.673TECU, rel_dP=2.86e-03]  [EKF] iterating [analytical]:  50%|█████     | 10/20 [00:36<00:36,  3.62s/it, RMSE=2.673TECU, rel_dP=2.86e-03]  [EKF] iterating [analytical]:  50%|█████     | 10/20 [00:40<00:36,  3.62s/it, RMSE=2.639TECU, rel_dP=2.63e-03]  [EKF] iterating [analytical]:  55%|█████▌    | 11/20 [00:40<00:32,  3.64s/it, RMSE=2.639TECU, rel_dP=2.63e-03]  [EKF] iterating [analytical]:  55%|█████▌    | 11/20 [00:43<00:32,  3.64s/it, RMSE=2.610TECU, rel_dP=2.45e-03]  [EKF] iterating [analytical]:  60%|██████    | 12/20 [00:43<00:29,  3.64s/it, RMSE=2.610TECU, rel_dP=2.45e-03]  [EKF] iterating [analytical]:  60%|██████    | 12/20 [00:47<00:29,  3.64s/it, RMSE=2.584TECU, rel_dP=2.30e-03]  [EKF] iterating [analytical]:  65%|██████▌   | 13/20 [00:47<00:25,  3.63s/it, RMSE=2.584TECU, rel_dP=2.30e-03]  [EKF] iterating [analytical]:  65%|██████▌   | 13/20 [00:51<00:25,  3.63s/it, RMSE=2.561TECU, rel_dP=2.17e-03]  [EKF] iterating [analytical]:  70%|███████   | 14/20 [00:51<00:21,  3.64s/it, RMSE=2.561TECU, rel_dP=2.17e-03]  [EKF] iterating [analytical]:  70%|███████   | 14/20 [00:54<00:21,  3.64s/it, RMSE=2.541TECU, rel_dP=2.06e-03]  [EKF] iterating [analytical]:  75%|███████▌  | 15/20 [00:54<00:18,  3.66s/it, RMSE=2.541TECU, rel_dP=2.06e-03]  [EKF] iterating [analytical]:  75%|███████▌  | 15/20 [00:58<00:18,  3.66s/it, RMSE=2.523TECU, rel_dP=1.95e-03]  [EKF] iterating [analytical]:  80%|████████  | 16/20 [00:58<00:14,  3.66s/it, RMSE=2.523TECU, rel_dP=1.95e-03]  [EKF] iterating [analytical]:  80%|████████  | 16/20 [01:02<00:14,  3.66s/it, RMSE=2.511TECU, rel_dP=1.86e-03]  [EKF] iterating [analytical]:  85%|████████▌ | 17/20 [01:02<00:10,  3.65s/it, RMSE=2.511TECU, rel_dP=1.86e-03]  [EKF] iterating [analytical]:  85%|████████▌ | 17/20 [01:05<00:10,  3.65s/it, RMSE=2.502TECU, rel_dP=1.80e-03]  [EKF] iterating [analytical]:  90%|█████████ | 18/20 [01:05<00:07,  3.65s/it, RMSE=2.502TECU, rel_dP=1.80e-03]  [EKF] iterating [analytical]:  90%|█████████ | 18/20 [01:09<00:07,  3.65s/it, RMSE=2.493TECU, rel_dP=1.74e-03]  [EKF] iterating [analytical]:  95%|█████████▌| 19/20 [01:09<00:03,  3.68s/it, RMSE=2.493TECU, rel_dP=1.74e-03]  [EKF] iterating [analytical]:  95%|█████████▌| 19/20 [01:13<00:03,  3.68s/it, RMSE=2.485TECU, rel_dP=1.69e-03]  [EKF] iterating [analytical]: 100%|██████████| 20/20 [01:13<00:00,  3.67s/it, RMSE=2.485TECU, rel_dP=1.69e-03]                                                                                                                  [EKF] Reached max_iter=20 without convergence  (final ||ΔP||/||P|| = 1.69e-03)
  [EKF] Posterior innovations  mean=-0.06  std=2.48  max_abs=25.50 TECU
  [EKF] Prior RMSE 16.551 TECU  →  Post RMSE 2.597 TECU
  [EKF] 625 arcs  |  7488 profile rays  |  4971 update rays  |  n_state = 1016
  [EKF] Prior innovations  mean=1.26  std=7.15  max_abs=54.90 TECU
  [EKF] iterating [analytical]:   0%|          | 0/20 [00:00<?, ?it/s]  [EKF] iterating [analytical]:   0%|          | 0/20 [00:24<?, ?it/s, RMSE=7.257TECU, rel_dP=2.83e-02]  [EKF] iterating [analytical]:   5%|▌         | 1/20 [00:24<07:46, 24.58s/it, RMSE=7.257TECU, rel_dP=2.83e-02]  [EKF] iterating [analytical]:   5%|▌         | 1/20 [00:49<07:46, 24.58s/it, RMSE=2.211TECU, rel_dP=1.33e-02]  [EKF] iterating [analytical]:  10%|█         | 2/20 [00:49<07:22, 24.57s/it, RMSE=2.211TECU, rel_dP=1.33e-02]  [EKF] iterating [analytical]:  10%|█         | 2/20 [01:13<07:22, 24.57s/it, RMSE=1.576TECU, rel_dP=8.14e-03]  [EKF] iterating [analytical]:  15%|█▌        | 3/20 [01:13<06:54, 24.37s/it, RMSE=1.576TECU, rel_dP=8.14e-03]  [EKF] iterating [analytical]:  15%|█▌        | 3/20 [01:38<06:54, 24.37s/it, RMSE=1.446TECU, rel_dP=5.98e-03]  [EKF] iterating [analytical]:  20%|██        | 4/20 [01:38<06:34, 24.68s/it, RMSE=1.446TECU, rel_dP=5.98e-03]  [EKF] iterating [analytical]:  20%|██        | 4/20 [02:02<06:34, 24.68s/it, RMSE=1.393TECU, rel_dP=4.98e-03]  [EKF] iterating [analytical]:  25%|██▌       | 5/20 [02:02<06:07, 24.50s/it, RMSE=1.393TECU, rel_dP=4.98e-03]  [EKF] iterating [analytical]:  25%|██▌       | 5/20 [02:26<06:07, 24.50s/it, RMSE=1.356TECU, rel_dP=4.39e-03]  [EKF] iterating [analytical]:  30%|███       | 6/20 [02:26<05:41, 24.40s/it, RMSE=1.356TECU, rel_dP=4.39e-03]  [EKF] iterating [analytical]:  30%|███       | 6/20 [02:51<05:41, 24.40s/it, RMSE=1.326TECU, rel_dP=3.95e-03]  [EKF] iterating [analytical]:  35%|███▌      | 7/20 [02:51<05:18, 24.54s/it, RMSE=1.326TECU, rel_dP=3.95e-03]  [EKF] iterating [analytical]:  35%|███▌      | 7/20 [03:15<05:18, 24.54s/it, RMSE=1.302TECU, rel_dP=3.59e-03]  [EKF] iterating [analytical]:  40%|████      | 8/20 [03:15<04:53, 24.47s/it, RMSE=1.302TECU, rel_dP=3.59e-03]  [EKF] iterating [analytical]:  40%|████      | 8/20 [03:40<04:53, 24.47s/it, RMSE=1.281TECU, rel_dP=3.28e-03]  [EKF] iterating [analytical]:  45%|████▌     | 9/20 [03:40<04:29, 24.45s/it, RMSE=1.281TECU, rel_dP=3.28e-03]  [EKF] iterating [analytical]:  45%|████▌     | 9/20 [04:05<04:29, 24.45s/it, RMSE=1.264TECU, rel_dP=3.01e-03]  [EKF] iterating [analytical]:  50%|█████     | 10/20 [04:05<04:06, 24.63s/it, RMSE=1.264TECU, rel_dP=3.01e-03]  [EKF] iterating [analytical]:  50%|█████     | 10/20 [04:30<04:06, 24.63s/it, RMSE=1.250TECU, rel_dP=2.79e-03]  [EKF] iterating [analytical]:  55%|█████▌    | 11/20 [04:30<03:43, 24.87s/it, RMSE=1.250TECU, rel_dP=2.79e-03]  [EKF] iterating [analytical]:  55%|█████▌    | 11/20 [04:55<03:43, 24.87s/it, RMSE=1.237TECU, rel_dP=2.60e-03]  [EKF] iterating [analytical]:  60%|██████    | 12/20 [04:55<03:18, 24.75s/it, RMSE=1.237TECU, rel_dP=2.60e-03]  [EKF] iterating [analytical]:  60%|██████    | 12/20 [05:19<03:18, 24.75s/it, RMSE=1.226TECU, rel_dP=2.43e-03]  [EKF] iterating [analytical]:  65%|██████▌   | 13/20 [05:19<02:52, 24.62s/it, RMSE=1.226TECU, rel_dP=2.43e-03]  [EKF] iterating [analytical]:  65%|██████▌   | 13/20 [05:44<02:52, 24.62s/it, RMSE=1.219TECU, rel_dP=2.28e-03]  [EKF] iterating [analytical]:  70%|███████   | 14/20 [05:44<02:27, 24.66s/it, RMSE=1.219TECU, rel_dP=2.28e-03]  [EKF] iterating [analytical]:  70%|███████   | 14/20 [06:09<02:27, 24.66s/it, RMSE=1.214TECU, rel_dP=2.17e-03]  [EKF] iterating [analytical]:  75%|███████▌  | 15/20 [06:09<02:03, 24.74s/it, RMSE=1.214TECU, rel_dP=2.17e-03]  [EKF] iterating [analytical]:  75%|███████▌  | 15/20 [06:33<02:03, 24.74s/it, RMSE=1.210TECU, rel_dP=2.09e-03]  [EKF] iterating [analytical]:  80%|████████  | 16/20 [06:33<01:38, 24.69s/it, RMSE=1.210TECU, rel_dP=2.09e-03]  [EKF] iterating [analytical]:  80%|████████  | 16/20 [06:57<01:38, 24.69s/it, RMSE=1.206TECU, rel_dP=2.03e-03]  [EKF] iterating [analytical]:  85%|████████▌ | 17/20 [06:57<01:13, 24.47s/it, RMSE=1.206TECU, rel_dP=2.03e-03]  [EKF] iterating [analytical]:  85%|████████▌ | 17/20 [07:22<01:13, 24.47s/it, RMSE=1.201TECU, rel_dP=1.98e-03]  [EKF] iterating [analytical]:  90%|█████████ | 18/20 [07:22<00:49, 24.55s/it, RMSE=1.201TECU, rel_dP=1.98e-03]  [EKF] iterating [analytical]:  90%|█████████ | 18/20 [07:46<00:49, 24.55s/it, RMSE=1.197TECU, rel_dP=1.92e-03]  [EKF] iterating [analytical]:  95%|█████████▌| 19/20 [07:46<00:24, 24.44s/it, RMSE=1.197TECU, rel_dP=1.92e-03]  [EKF] iterating [analytical]:  95%|█████████▌| 19/20 [08:10<00:24, 24.44s/it, RMSE=1.192TECU, rel_dP=1.87e-03]  [EKF] iterating [analytical]: 100%|██████████| 20/20 [08:10<00:00, 24.35s/it, RMSE=1.192TECU, rel_dP=1.87e-03]                                                                                                                  [EKF] Reached max_iter=20 without convergence  (final ||ΔP||/||P|| = 1.87e-03)
  [EKF] Posterior innovations  mean=-0.04  std=1.19  max_abs=25.55 TECU
  [EKF] Prior RMSE 11.267 TECU  →  Post RMSE 1.851 TECU

  [sweep 2026-02-12_0200] N_OCC=30  (RO arcs available=24, used=24)
  [EKF] 24 arcs  |  4132 profile rays  |  1106 update rays  |  n_state = 1016
  [EKF] Prior innovations  mean=5.07  std=15.06  max_abs=54.90 TECU
  [EKF] iterating [analytical]:   0%|          | 0/20 [00:00<?, ?it/s]  [EKF] iterating [analytical]:   0%|          | 0/20 [00:04<?, ?it/s, RMSE=15.891TECU, rel_dP=2.91e-02]  [EKF] iterating [analytical]:   5%|▌         | 1/20 [00:04<01:24,  4.44s/it, RMSE=15.891TECU, rel_dP=2.91e-02]  [EKF] iterating [analytical]:   5%|▌         | 1/20 [00:09<01:24,  4.44s/it, RMSE=4.685TECU, rel_dP=1.38e-02]   [EKF] iterating [analytical]:  10%|█         | 2/20 [00:09<01:22,  4.58s/it, RMSE=4.685TECU, rel_dP=1.38e-02]  [EKF] iterating [analytical]:  10%|█         | 2/20 [00:14<01:22,  4.58s/it, RMSE=3.269TECU, rel_dP=8.25e-03]  [EKF] iterating [analytical]:  15%|█▌        | 3/20 [00:14<01:22,  4.84s/it, RMSE=3.269TECU, rel_dP=8.25e-03]  [EKF] iterating [analytical]:  15%|█▌        | 3/20 [00:18<01:22,  4.84s/it, RMSE=2.962TECU, rel_dP=5.93e-03]  [EKF] iterating [analytical]:  20%|██        | 4/20 [00:18<01:15,  4.73s/it, RMSE=2.962TECU, rel_dP=5.93e-03]  [EKF] iterating [analytical]:  20%|██        | 4/20 [00:23<01:15,  4.73s/it, RMSE=2.831TECU, rel_dP=4.84e-03]  [EKF] iterating [analytical]:  25%|██▌       | 5/20 [00:23<01:08,  4.58s/it, RMSE=2.831TECU, rel_dP=4.84e-03]  [EKF] iterating [analytical]:  25%|██▌       | 5/20 [00:27<01:08,  4.58s/it, RMSE=2.742TECU, rel_dP=4.18e-03]  [EKF] iterating [analytical]:  30%|███       | 6/20 [00:27<01:04,  4.59s/it, RMSE=2.742TECU, rel_dP=4.18e-03]  [EKF] iterating [analytical]:  30%|███       | 6/20 [00:32<01:04,  4.59s/it, RMSE=2.673TECU, rel_dP=3.71e-03]  [EKF] iterating [analytical]:  35%|███▌      | 7/20 [00:32<00:59,  4.59s/it, RMSE=2.673TECU, rel_dP=3.71e-03]  [EKF] iterating [analytical]:  35%|███▌      | 7/20 [00:36<00:59,  4.59s/it, RMSE=2.619TECU, rel_dP=3.35e-03]  [EKF] iterating [analytical]:  40%|████      | 8/20 [00:36<00:54,  4.55s/it, RMSE=2.619TECU, rel_dP=3.35e-03]  [EKF] iterating [analytical]:  40%|████      | 8/20 [00:41<00:54,  4.55s/it, RMSE=2.574TECU, rel_dP=3.06e-03]  [EKF] iterating [analytical]:  45%|████▌     | 9/20 [00:41<00:49,  4.54s/it, RMSE=2.574TECU, rel_dP=3.06e-03]  [EKF] iterating [analytical]:  45%|████▌     | 9/20 [00:45<00:49,  4.54s/it, RMSE=2.537TECU, rel_dP=2.82e-03]  [EKF] iterating [analytical]:  50%|█████     | 10/20 [00:45<00:44,  4.49s/it, RMSE=2.537TECU, rel_dP=2.82e-03]  [EKF] iterating [analytical]:  50%|█████     | 10/20 [00:49<00:44,  4.49s/it, RMSE=2.506TECU, rel_dP=2.61e-03]  [EKF] iterating [analytical]:  55%|█████▌    | 11/20 [00:49<00:39,  4.42s/it, RMSE=2.506TECU, rel_dP=2.61e-03]  [EKF] iterating [analytical]:  55%|█████▌    | 11/20 [00:54<00:39,  4.42s/it, RMSE=2.478TECU, rel_dP=2.43e-03]  [EKF] iterating [analytical]:  60%|██████    | 12/20 [00:54<00:34,  4.31s/it, RMSE=2.478TECU, rel_dP=2.43e-03]  [EKF] iterating [analytical]:  60%|██████    | 12/20 [00:58<00:34,  4.31s/it, RMSE=2.454TECU, rel_dP=2.28e-03]  [EKF] iterating [analytical]:  65%|██████▌   | 13/20 [00:58<00:30,  4.30s/it, RMSE=2.454TECU, rel_dP=2.28e-03]  [EKF] iterating [analytical]:  65%|██████▌   | 13/20 [01:02<00:30,  4.30s/it, RMSE=2.433TECU, rel_dP=2.14e-03]  [EKF] iterating [analytical]:  70%|███████   | 14/20 [01:02<00:26,  4.37s/it, RMSE=2.433TECU, rel_dP=2.14e-03]  [EKF] iterating [analytical]:  70%|███████   | 14/20 [01:07<00:26,  4.37s/it, RMSE=2.414TECU, rel_dP=2.02e-03]  [EKF] iterating [analytical]:  75%|███████▌  | 15/20 [01:07<00:21,  4.39s/it, RMSE=2.414TECU, rel_dP=2.02e-03]  [EKF] iterating [analytical]:  75%|███████▌  | 15/20 [01:11<00:21,  4.39s/it, RMSE=2.397TECU, rel_dP=1.91e-03]  [EKF] iterating [analytical]:  80%|████████  | 16/20 [01:11<00:17,  4.36s/it, RMSE=2.397TECU, rel_dP=1.91e-03]  [EKF] iterating [analytical]:  80%|████████  | 16/20 [01:15<00:17,  4.36s/it, RMSE=2.382TECU, rel_dP=1.82e-03]  [EKF] iterating [analytical]:  85%|████████▌ | 17/20 [01:15<00:12,  4.31s/it, RMSE=2.382TECU, rel_dP=1.82e-03]  [EKF] iterating [analytical]:  85%|████████▌ | 17/20 [01:20<00:12,  4.31s/it, RMSE=2.371TECU, rel_dP=1.72e-03]  [EKF] iterating [analytical]:  90%|█████████ | 18/20 [01:20<00:08,  4.30s/it, RMSE=2.371TECU, rel_dP=1.72e-03]  [EKF] iterating [analytical]:  90%|█████████ | 18/20 [01:24<00:08,  4.30s/it, RMSE=2.363TECU, rel_dP=1.66e-03]  [EKF] iterating [analytical]:  95%|█████████▌| 19/20 [01:24<00:04,  4.26s/it, RMSE=2.363TECU, rel_dP=1.66e-03]  [EKF] iterating [analytical]:  95%|█████████▌| 19/20 [01:28<00:04,  4.26s/it, RMSE=2.356TECU, rel_dP=1.60e-03]  [EKF] iterating [analytical]: 100%|██████████| 20/20 [01:28<00:00,  4.22s/it, RMSE=2.356TECU, rel_dP=1.60e-03]                                                                                                                  [EKF] Reached max_iter=20 without convergence  (final ||ΔP||/||P|| = 1.60e-03)
  [EKF] Posterior innovations  mean=-0.05  std=2.35  max_abs=26.77 TECU
  [EKF] Prior RMSE 15.838 TECU  →  Post RMSE 2.460 TECU
  [EKF] 629 arcs  |  8173 profile rays  |  5147 update rays  |  n_state = 1016
  [EKF] Prior innovations  mean=1.42  std=7.31  max_abs=54.90 TECU
  [EKF] iterating [analytical]:   0%|          | 0/20 [00:00<?, ?it/s]  [EKF] iterating [analytical]:   0%|          | 0/20 [00:24<?, ?it/s, RMSE=7.449TECU, rel_dP=2.95e-02]  [EKF] iterating [analytical]:   5%|▌         | 1/20 [00:24<07:36, 24.03s/it, RMSE=7.449TECU, rel_dP=2.95e-02]  [EKF] iterating [analytical]:   5%|▌         | 1/20 [00:48<07:36, 24.03s/it, RMSE=2.240TECU, rel_dP=1.39e-02]  [EKF] iterating [analytical]:  10%|█         | 2/20 [00:48<07:15, 24.18s/it, RMSE=2.240TECU, rel_dP=1.39e-02]  [EKF] iterating [analytical]:  10%|█         | 2/20 [01:12<07:15, 24.18s/it, RMSE=1.602TECU, rel_dP=8.30e-03]  [EKF] iterating [analytical]:  15%|█▌        | 3/20 [01:12<06:50, 24.12s/it, RMSE=1.602TECU, rel_dP=8.30e-03]  [EKF] iterating [analytical]:  15%|█▌        | 3/20 [01:36<06:50, 24.12s/it, RMSE=1.468TECU, rel_dP=6.03e-03]  [EKF] iterating [analytical]:  20%|██        | 4/20 [01:36<06:24, 24.00s/it, RMSE=1.468TECU, rel_dP=6.03e-03]  [EKF] iterating [analytical]:  20%|██        | 4/20 [01:59<06:24, 24.00s/it, RMSE=1.412TECU, rel_dP=4.98e-03]  [EKF] iterating [analytical]:  25%|██▌       | 5/20 [01:59<05:58, 23.89s/it, RMSE=1.412TECU, rel_dP=4.98e-03]  [EKF] iterating [analytical]:  25%|██▌       | 5/20 [02:24<05:58, 23.89s/it, RMSE=1.373TECU, rel_dP=4.36e-03]  [EKF] iterating [analytical]:  30%|███       | 6/20 [02:24<05:36, 24.03s/it, RMSE=1.373TECU, rel_dP=4.36e-03]  [EKF] iterating [analytical]:  30%|███       | 6/20 [02:48<05:36, 24.03s/it, RMSE=1.343TECU, rel_dP=3.91e-03]  [EKF] iterating [analytical]:  35%|███▌      | 7/20 [02:48<05:11, 23.97s/it, RMSE=1.343TECU, rel_dP=3.91e-03]  [EKF] iterating [analytical]:  35%|███▌      | 7/20 [03:12<05:11, 23.97s/it, RMSE=1.319TECU, rel_dP=3.57e-03]  [EKF] iterating [analytical]:  40%|████      | 8/20 [03:12<04:48, 24.03s/it, RMSE=1.319TECU, rel_dP=3.57e-03]  [EKF] iterating [analytical]:  40%|████      | 8/20 [03:36<04:48, 24.03s/it, RMSE=1.299TECU, rel_dP=3.29e-03]  [EKF] iterating [analytical]:  45%|████▌     | 9/20 [03:36<04:23, 23.99s/it, RMSE=1.299TECU, rel_dP=3.29e-03]  [EKF] iterating [analytical]:  45%|████▌     | 9/20 [04:00<04:23, 23.99s/it, RMSE=1.282TECU, rel_dP=3.05e-03]  [EKF] iterating [analytical]:  50%|█████     | 10/20 [04:00<04:00, 24.02s/it, RMSE=1.282TECU, rel_dP=3.05e-03]  [EKF] iterating [analytical]:  50%|█████     | 10/20 [04:23<04:00, 24.02s/it, RMSE=1.267TECU, rel_dP=2.84e-03]  [EKF] iterating [analytical]:  55%|█████▌    | 11/20 [04:23<03:35, 23.96s/it, RMSE=1.267TECU, rel_dP=2.84e-03]  [EKF] iterating [analytical]:  55%|█████▌    | 11/20 [04:48<03:35, 23.96s/it, RMSE=1.255TECU, rel_dP=2.65e-03]  [EKF] iterating [analytical]:  60%|██████    | 12/20 [04:48<03:13, 24.13s/it, RMSE=1.255TECU, rel_dP=2.65e-03]  [EKF] iterating [analytical]:  60%|██████    | 12/20 [05:12<03:13, 24.13s/it, RMSE=1.243TECU, rel_dP=2.48e-03]  [EKF] iterating [analytical]:  65%|██████▌   | 13/20 [05:12<02:49, 24.19s/it, RMSE=1.243TECU, rel_dP=2.48e-03]  [EKF] iterating [analytical]:  65%|██████▌   | 13/20 [05:36<02:49, 24.19s/it, RMSE=1.233TECU, rel_dP=2.34e-03]  [EKF] iterating [analytical]:  70%|███████   | 14/20 [05:36<02:24, 24.04s/it, RMSE=1.233TECU, rel_dP=2.34e-03]  [EKF] iterating [analytical]:  70%|███████   | 14/20 [06:00<02:24, 24.04s/it, RMSE=1.227TECU, rel_dP=2.21e-03]  [EKF] iterating [analytical]:  75%|███████▌  | 15/20 [06:00<01:59, 23.94s/it, RMSE=1.227TECU, rel_dP=2.21e-03]  [EKF] iterating [analytical]:  75%|███████▌  | 15/20 [06:24<01:59, 23.94s/it, RMSE=1.222TECU, rel_dP=2.10e-03]  [EKF] iterating [analytical]:  80%|████████  | 16/20 [06:24<01:35, 23.95s/it, RMSE=1.222TECU, rel_dP=2.10e-03]  [EKF] iterating [analytical]:  80%|████████  | 16/20 [06:48<01:35, 23.95s/it, RMSE=1.218TECU, rel_dP=2.03e-03]  [EKF] iterating [analytical]:  85%|████████▌ | 17/20 [06:48<01:11, 23.95s/it, RMSE=1.218TECU, rel_dP=2.03e-03]  [EKF] iterating [analytical]:  85%|████████▌ | 17/20 [07:12<01:11, 23.95s/it, RMSE=1.214TECU, rel_dP=1.96e-03]  [EKF] iterating [analytical]:  90%|█████████ | 18/20 [07:12<00:48, 24.04s/it, RMSE=1.214TECU, rel_dP=1.96e-03]  [EKF] iterating [analytical]:  90%|█████████ | 18/20 [07:36<00:48, 24.04s/it, RMSE=1.210TECU, rel_dP=1.90e-03]  [EKF] iterating [analytical]:  95%|█████████▌| 19/20 [07:36<00:23, 23.97s/it, RMSE=1.210TECU, rel_dP=1.90e-03]  [EKF] iterating [analytical]:  95%|█████████▌| 19/20 [08:00<00:23, 23.97s/it, RMSE=1.206TECU, rel_dP=1.85e-03]  [EKF] iterating [analytical]: 100%|██████████| 20/20 [08:00<00:00, 23.98s/it, RMSE=1.206TECU, rel_dP=1.85e-03]                                                                                                                  [EKF] Reached max_iter=20 without convergence  (final ||ΔP||/||P|| = 1.85e-03)
  [EKF] Posterior innovations  mean=-0.04  std=1.20  max_abs=26.81 TECU
  [EKF] Prior RMSE 11.296 TECU  →  Post RMSE 1.835 TECU

  [sweep 2026-02-12_0200] N_OCC=40  (RO arcs available=24, used=24)
  [EKF] 24 arcs  |  4132 profile rays  |  1106 update rays  |  n_state = 1016
  [EKF] Prior innovations  mean=5.07  std=15.06  max_abs=54.90 TECU
  [EKF] iterating [analytical]:   0%|          | 0/20 [00:00<?, ?it/s]  [EKF] iterating [analytical]:   0%|          | 0/20 [00:04<?, ?it/s, RMSE=15.891TECU, rel_dP=2.91e-02]  [EKF] iterating [analytical]:   5%|▌         | 1/20 [00:04<01:19,  4.18s/it, RMSE=15.891TECU, rel_dP=2.91e-02]  [EKF] iterating [analytical]:   5%|▌         | 1/20 [00:08<01:19,  4.18s/it, RMSE=4.685TECU, rel_dP=1.38e-02]   [EKF] iterating [analytical]:  10%|█         | 2/20 [00:08<01:15,  4.18s/it, RMSE=4.685TECU, rel_dP=1.38e-02]  [EKF] iterating [analytical]:  10%|█         | 2/20 [00:12<01:15,  4.18s/it, RMSE=3.269TECU, rel_dP=8.25e-03]  [EKF] iterating [analytical]:  15%|█▌        | 3/20 [00:12<01:13,  4.30s/it, RMSE=3.269TECU, rel_dP=8.25e-03]  [EKF] iterating [analytical]:  15%|█▌        | 3/20 [00:17<01:13,  4.30s/it, RMSE=2.962TECU, rel_dP=5.93e-03]  [EKF] iterating [analytical]:  20%|██        | 4/20 [00:17<01:11,  4.49s/it, RMSE=2.962TECU, rel_dP=5.93e-03]  [EKF] iterating [analytical]:  20%|██        | 4/20 [00:21<01:11,  4.49s/it, RMSE=2.831TECU, rel_dP=4.84e-03]  [EKF] iterating [analytical]:  25%|██▌       | 5/20 [00:21<01:06,  4.44s/it, RMSE=2.831TECU, rel_dP=4.84e-03]  [EKF] iterating [analytical]:  25%|██▌       | 5/20 [00:26<01:06,  4.44s/it, RMSE=2.742TECU, rel_dP=4.18e-03]  [EKF] iterating [analytical]:  30%|███       | 6/20 [00:26<01:01,  4.41s/it, RMSE=2.742TECU, rel_dP=4.18e-03]  [EKF] iterating [analytical]:  30%|███       | 6/20 [00:30<01:01,  4.41s/it, RMSE=2.673TECU, rel_dP=3.71e-03]  [EKF] iterating [analytical]:  35%|███▌      | 7/20 [00:30<00:56,  4.32s/it, RMSE=2.673TECU, rel_dP=3.71e-03]  [EKF] iterating [analytical]:  35%|███▌      | 7/20 [00:34<00:56,  4.32s/it, RMSE=2.619TECU, rel_dP=3.35e-03]  [EKF] iterating [analytical]:  40%|████      | 8/20 [00:34<00:51,  4.29s/it, RMSE=2.619TECU, rel_dP=3.35e-03]  [EKF] iterating [analytical]:  40%|████      | 8/20 [00:38<00:51,  4.29s/it, RMSE=2.574TECU, rel_dP=3.06e-03]  [EKF] iterating [analytical]:  45%|████▌     | 9/20 [00:38<00:46,  4.27s/it, RMSE=2.574TECU, rel_dP=3.06e-03]  [EKF] iterating [analytical]:  45%|████▌     | 9/20 [00:43<00:46,  4.27s/it, RMSE=2.537TECU, rel_dP=2.82e-03]  [EKF] iterating [analytical]:  50%|█████     | 10/20 [00:43<00:42,  4.28s/it, RMSE=2.537TECU, rel_dP=2.82e-03]  [EKF] iterating [analytical]:  50%|█████     | 10/20 [00:47<00:42,  4.28s/it, RMSE=2.506TECU, rel_dP=2.61e-03]  [EKF] iterating [analytical]:  55%|█████▌    | 11/20 [00:47<00:38,  4.28s/it, RMSE=2.506TECU, rel_dP=2.61e-03]  [EKF] iterating [analytical]:  55%|█████▌    | 11/20 [00:52<00:38,  4.28s/it, RMSE=2.478TECU, rel_dP=2.43e-03]  [EKF] iterating [analytical]:  60%|██████    | 12/20 [00:52<00:35,  4.45s/it, RMSE=2.478TECU, rel_dP=2.43e-03]  [EKF] iterating [analytical]:  60%|██████    | 12/20 [00:56<00:35,  4.45s/it, RMSE=2.454TECU, rel_dP=2.28e-03]  [EKF] iterating [analytical]:  65%|██████▌   | 13/20 [00:56<00:31,  4.50s/it, RMSE=2.454TECU, rel_dP=2.28e-03]  [EKF] iterating [analytical]:  65%|██████▌   | 13/20 [01:01<00:31,  4.50s/it, RMSE=2.433TECU, rel_dP=2.14e-03]  [EKF] iterating [analytical]:  70%|███████   | 14/20 [01:01<00:26,  4.40s/it, RMSE=2.433TECU, rel_dP=2.14e-03]  [EKF] iterating [analytical]:  70%|███████   | 14/20 [01:05<00:26,  4.40s/it, RMSE=2.414TECU, rel_dP=2.02e-03]  [EKF] iterating [analytical]:  75%|███████▌  | 15/20 [01:05<00:21,  4.31s/it, RMSE=2.414TECU, rel_dP=2.02e-03]  [EKF] iterating [analytical]:  75%|███████▌  | 15/20 [01:09<00:21,  4.31s/it, RMSE=2.397TECU, rel_dP=1.91e-03]  [EKF] iterating [analytical]:  80%|████████  | 16/20 [01:09<00:17,  4.27s/it, RMSE=2.397TECU, rel_dP=1.91e-03]  [EKF] iterating [analytical]:  80%|████████  | 16/20 [01:13<00:17,  4.27s/it, RMSE=2.382TECU, rel_dP=1.82e-03]  [EKF] iterating [analytical]:  85%|████████▌ | 17/20 [01:13<00:12,  4.27s/it, RMSE=2.382TECU, rel_dP=1.82e-03]  [EKF] iterating [analytical]:  85%|████████▌ | 17/20 [01:17<00:12,  4.27s/it, RMSE=2.371TECU, rel_dP=1.72e-03]  [EKF] iterating [analytical]:  90%|█████████ | 18/20 [01:17<00:08,  4.24s/it, RMSE=2.371TECU, rel_dP=1.72e-03]  [EKF] iterating [analytical]:  90%|█████████ | 18/20 [01:21<00:08,  4.24s/it, RMSE=2.363TECU, rel_dP=1.66e-03]  [EKF] iterating [analytical]:  95%|█████████▌| 19/20 [01:21<00:04,  4.22s/it, RMSE=2.363TECU, rel_dP=1.66e-03]  [EKF] iterating [analytical]:  95%|█████████▌| 19/20 [01:26<00:04,  4.22s/it, RMSE=2.356TECU, rel_dP=1.60e-03]  [EKF] iterating [analytical]: 100%|██████████| 20/20 [01:26<00:00,  4.26s/it, RMSE=2.356TECU, rel_dP=1.60e-03]                                                                                                                  [EKF] Reached max_iter=20 without convergence  (final ||ΔP||/||P|| = 1.60e-03)
  [EKF] Posterior innovations  mean=-0.05  std=2.35  max_abs=26.77 TECU
  [EKF] Prior RMSE 15.838 TECU  →  Post RMSE 2.460 TECU
  [EKF] 629 arcs  |  8173 profile rays  |  5147 update rays  |  n_state = 1016
  [EKF] Prior innovations  mean=1.42  std=7.31  max_abs=54.90 TECU
  [EKF] iterating [analytical]:   0%|          | 0/20 [00:00<?, ?it/s]  [EKF] iterating [analytical]:   0%|          | 0/20 [00:23<?, ?it/s, RMSE=7.449TECU, rel_dP=2.95e-02]  [EKF] iterating [analytical]:   5%|▌         | 1/20 [00:23<07:30, 23.72s/it, RMSE=7.449TECU, rel_dP=2.95e-02]  [EKF] iterating [analytical]:   5%|▌         | 1/20 [00:47<07:30, 23.72s/it, RMSE=2.240TECU, rel_dP=1.39e-02]  [EKF] iterating [analytical]:  10%|█         | 2/20 [00:47<07:11, 23.95s/it, RMSE=2.240TECU, rel_dP=1.39e-02]  [EKF] iterating [analytical]:  10%|█         | 2/20 [01:12<07:11, 23.95s/it, RMSE=1.602TECU, rel_dP=8.30e-03]  [EKF] iterating [analytical]:  15%|█▌        | 3/20 [01:12<06:49, 24.06s/it, RMSE=1.602TECU, rel_dP=8.30e-03]  [EKF] iterating [analytical]:  15%|█▌        | 3/20 [01:36<06:49, 24.06s/it, RMSE=1.468TECU, rel_dP=6.03e-03]  [EKF] iterating [analytical]:  20%|██        | 4/20 [01:36<06:30, 24.40s/it, RMSE=1.468TECU, rel_dP=6.03e-03]  [EKF] iterating [analytical]:  20%|██        | 4/20 [02:00<06:30, 24.40s/it, RMSE=1.412TECU, rel_dP=4.98e-03]  [EKF] iterating [analytical]:  25%|██▌       | 5/20 [02:00<06:03, 24.22s/it, RMSE=1.412TECU, rel_dP=4.98e-03]  [EKF] iterating [analytical]:  25%|██▌       | 5/20 [02:25<06:03, 24.22s/it, RMSE=1.373TECU, rel_dP=4.36e-03]  [EKF] iterating [analytical]:  30%|███       | 6/20 [02:25<05:38, 24.21s/it, RMSE=1.373TECU, rel_dP=4.36e-03]  [EKF] iterating [analytical]:  30%|███       | 6/20 [02:49<05:38, 24.21s/it, RMSE=1.343TECU, rel_dP=3.91e-03]  [EKF] iterating [analytical]:  35%|███▌      | 7/20 [02:49<05:13, 24.14s/it, RMSE=1.343TECU, rel_dP=3.91e-03]  [EKF] iterating [analytical]:  35%|███▌      | 7/20 [03:13<05:13, 24.14s/it, RMSE=1.319TECU, rel_dP=3.57e-03]  [EKF] iterating [analytical]:  40%|████      | 8/20 [03:13<04:51, 24.32s/it, RMSE=1.319TECU, rel_dP=3.57e-03]  [EKF] iterating [analytical]:  40%|████      | 8/20 [03:37<04:51, 24.32s/it, RMSE=1.299TECU, rel_dP=3.29e-03]  [EKF] iterating [analytical]:  45%|████▌     | 9/20 [03:37<04:25, 24.14s/it, RMSE=1.299TECU, rel_dP=3.29e-03]  [EKF] iterating [analytical]:  45%|████▌     | 9/20 [04:01<04:25, 24.14s/it, RMSE=1.282TECU, rel_dP=3.05e-03]  [EKF] iterating [analytical]:  50%|█████     | 10/20 [04:01<04:02, 24.22s/it, RMSE=1.282TECU, rel_dP=3.05e-03]  [EKF] iterating [analytical]:  50%|█████     | 10/20 [04:27<04:02, 24.22s/it, RMSE=1.267TECU, rel_dP=2.84e-03]  [EKF] iterating [analytical]:  55%|█████▌    | 11/20 [04:27<03:40, 24.54s/it, RMSE=1.267TECU, rel_dP=2.84e-03]  [EKF] iterating [analytical]:  55%|█████▌    | 11/20 [04:53<03:40, 24.54s/it, RMSE=1.255TECU, rel_dP=2.65e-03]  [EKF] iterating [analytical]:  60%|██████    | 12/20 [04:53<03:21, 25.23s/it, RMSE=1.255TECU, rel_dP=2.65e-03]  [EKF] iterating [analytical]:  60%|██████    | 12/20 [05:20<03:21, 25.23s/it, RMSE=1.243TECU, rel_dP=2.48e-03]  [EKF] iterating [analytical]:  65%|██████▌   | 13/20 [05:20<02:59, 25.69s/it, RMSE=1.243TECU, rel_dP=2.48e-03]  [EKF] iterating [analytical]:  65%|██████▌   | 13/20 [05:48<02:59, 25.69s/it, RMSE=1.233TECU, rel_dP=2.34e-03]  [EKF] iterating [analytical]:  70%|███████   | 14/20 [05:48<02:37, 26.27s/it, RMSE=1.233TECU, rel_dP=2.34e-03]  [EKF] iterating [analytical]:  70%|███████   | 14/20 [06:15<02:37, 26.27s/it, RMSE=1.227TECU, rel_dP=2.21e-03]  [EKF] iterating [analytical]:  75%|███████▌  | 15/20 [06:15<02:12, 26.56s/it, RMSE=1.227TECU, rel_dP=2.21e-03]  [EKF] iterating [analytical]:  75%|███████▌  | 15/20 [06:43<02:12, 26.56s/it, RMSE=1.222TECU, rel_dP=2.10e-03]  [EKF] iterating [analytical]:  80%|████████  | 16/20 [06:43<01:47, 26.90s/it, RMSE=1.222TECU, rel_dP=2.10e-03]  [EKF] iterating [analytical]:  80%|████████  | 16/20 [07:10<01:47, 26.90s/it, RMSE=1.218TECU, rel_dP=2.03e-03]  [EKF] iterating [analytical]:  85%|████████▌ | 17/20 [07:10<01:20, 26.98s/it, RMSE=1.218TECU, rel_dP=2.03e-03]  [EKF] iterating [analytical]:  85%|████████▌ | 17/20 [07:38<01:20, 26.98s/it, RMSE=1.214TECU, rel_dP=1.96e-03]  [EKF] iterating [analytical]:  90%|█████████ | 18/20 [07:38<00:54, 27.21s/it, RMSE=1.214TECU, rel_dP=1.96e-03]  [EKF] iterating [analytical]:  90%|█████████ | 18/20 [08:06<00:54, 27.21s/it, RMSE=1.210TECU, rel_dP=1.90e-03]  [EKF] iterating [analytical]:  95%|█████████▌| 19/20 [08:06<00:27, 27.41s/it, RMSE=1.210TECU, rel_dP=1.90e-03]  [EKF] iterating [analytical]:  95%|█████████▌| 19/20 [08:32<00:27, 27.41s/it, RMSE=1.206TECU, rel_dP=1.85e-03]  [EKF] iterating [analytical]: 100%|██████████| 20/20 [08:32<00:00, 27.04s/it, RMSE=1.206TECU, rel_dP=1.85e-03]                                                                                                                  [EKF] Reached max_iter=20 without convergence  (final ||ΔP||/||P|| = 1.85e-03)
  [EKF] Posterior innovations  mean=-0.04  std=1.20  max_abs=26.81 TECU
  [EKF] Prior RMSE 11.296 TECU  →  Post RMSE 1.835 TECU

  [sweep 2026-02-12_0200] N_OCC=50  (RO arcs available=24, used=24)
  [EKF] 24 arcs  |  4132 profile rays  |  1106 update rays  |  n_state = 1016
  [EKF] Prior innovations  mean=5.07  std=15.06  max_abs=54.90 TECU
  [EKF] iterating [analytical]:   0%|          | 0/20 [00:00<?, ?it/s]  [EKF] iterating [analytical]:   0%|          | 0/20 [00:04<?, ?it/s, RMSE=15.891TECU, rel_dP=2.91e-02]  [EKF] iterating [analytical]:   5%|▌         | 1/20 [00:04<01:28,  4.65s/it, RMSE=15.891TECU, rel_dP=2.91e-02]  [EKF] iterating [analytical]:   5%|▌         | 1/20 [00:08<01:28,  4.65s/it, RMSE=4.685TECU, rel_dP=1.38e-02]   [EKF] iterating [analytical]:  10%|█         | 2/20 [00:08<01:19,  4.44s/it, RMSE=4.685TECU, rel_dP=1.38e-02]  [EKF] iterating [analytical]:  10%|█         | 2/20 [00:13<01:19,  4.44s/it, RMSE=3.269TECU, rel_dP=8.25e-03]  [EKF] iterating [analytical]:  15%|█▌        | 3/20 [00:13<01:18,  4.65s/it, RMSE=3.269TECU, rel_dP=8.25e-03]  [EKF] iterating [analytical]:  15%|█▌        | 3/20 [00:18<01:18,  4.65s/it, RMSE=2.962TECU, rel_dP=5.93e-03]  [EKF] iterating [analytical]:  20%|██        | 4/20 [00:18<01:16,  4.77s/it, RMSE=2.962TECU, rel_dP=5.93e-03]  [EKF] iterating [analytical]:  20%|██        | 4/20 [00:23<01:16,  4.77s/it, RMSE=2.831TECU, rel_dP=4.84e-03]  [EKF] iterating [analytical]:  25%|██▌       | 5/20 [00:23<01:11,  4.79s/it, RMSE=2.831TECU, rel_dP=4.84e-03]  [EKF] iterating [analytical]:  25%|██▌       | 5/20 [00:28<01:11,  4.79s/it, RMSE=2.742TECU, rel_dP=4.18e-03]  [EKF] iterating [analytical]:  30%|███       | 6/20 [00:28<01:06,  4.76s/it, RMSE=2.742TECU, rel_dP=4.18e-03]  [EKF] iterating [analytical]:  30%|███       | 6/20 [00:33<01:06,  4.76s/it, RMSE=2.673TECU, rel_dP=3.71e-03]  [EKF] iterating [analytical]:  35%|███▌      | 7/20 [00:33<01:01,  4.75s/it, RMSE=2.673TECU, rel_dP=3.71e-03]  [EKF] iterating [analytical]:  35%|███▌      | 7/20 [00:37<01:01,  4.75s/it, RMSE=2.619TECU, rel_dP=3.35e-03]  [EKF] iterating [analytical]:  40%|████      | 8/20 [00:37<00:57,  4.81s/it, RMSE=2.619TECU, rel_dP=3.35e-03]  [EKF] iterating [analytical]:  40%|████      | 8/20 [00:42<00:57,  4.81s/it, RMSE=2.574TECU, rel_dP=3.06e-03]  [EKF] iterating [analytical]:  45%|████▌     | 9/20 [00:42<00:53,  4.87s/it, RMSE=2.574TECU, rel_dP=3.06e-03]  [EKF] iterating [analytical]:  45%|████▌     | 9/20 [00:48<00:53,  4.87s/it, RMSE=2.537TECU, rel_dP=2.82e-03]  [EKF] iterating [analytical]:  50%|█████     | 10/20 [00:48<00:49,  4.96s/it, RMSE=2.537TECU, rel_dP=2.82e-03]  [EKF] iterating [analytical]:  50%|█████     | 10/20 [00:53<00:49,  4.96s/it, RMSE=2.506TECU, rel_dP=2.61e-03]  [EKF] iterating [analytical]:  55%|█████▌    | 11/20 [00:53<00:44,  4.95s/it, RMSE=2.506TECU, rel_dP=2.61e-03]  [EKF] iterating [analytical]:  55%|█████▌    | 11/20 [00:57<00:44,  4.95s/it, RMSE=2.478TECU, rel_dP=2.43e-03]  [EKF] iterating [analytical]:  60%|██████    | 12/20 [00:57<00:39,  4.94s/it, RMSE=2.478TECU, rel_dP=2.43e-03]  [EKF] iterating [analytical]:  60%|██████    | 12/20 [01:02<00:39,  4.94s/it, RMSE=2.454TECU, rel_dP=2.28e-03]  [EKF] iterating [analytical]:  65%|██████▌   | 13/20 [01:02<00:33,  4.84s/it, RMSE=2.454TECU, rel_dP=2.28e-03]  [EKF] iterating [analytical]:  65%|██████▌   | 13/20 [01:07<00:33,  4.84s/it, RMSE=2.433TECU, rel_dP=2.14e-03]  [EKF] iterating [analytical]:  70%|███████   | 14/20 [01:07<00:28,  4.74s/it, RMSE=2.433TECU, rel_dP=2.14e-03]  [EKF] iterating [analytical]:  70%|███████   | 14/20 [01:11<00:28,  4.74s/it, RMSE=2.414TECU, rel_dP=2.02e-03]  [EKF] iterating [analytical]:  75%|███████▌  | 15/20 [01:11<00:23,  4.78s/it, RMSE=2.414TECU, rel_dP=2.02e-03]  [EKF] iterating [analytical]:  75%|███████▌  | 15/20 [01:16<00:23,  4.78s/it, RMSE=2.397TECU, rel_dP=1.91e-03]  [EKF] iterating [analytical]:  80%|████████  | 16/20 [01:16<00:19,  4.82s/it, RMSE=2.397TECU, rel_dP=1.91e-03]  [EKF] iterating [analytical]:  80%|████████  | 16/20 [01:21<00:19,  4.82s/it, RMSE=2.382TECU, rel_dP=1.82e-03]  [EKF] iterating [analytical]:  85%|████████▌ | 17/20 [01:21<00:14,  4.87s/it, RMSE=2.382TECU, rel_dP=1.82e-03]  [EKF] iterating [analytical]:  85%|████████▌ | 17/20 [01:26<00:14,  4.87s/it, RMSE=2.371TECU, rel_dP=1.72e-03]  [EKF] iterating [analytical]:  90%|█████████ | 18/20 [01:26<00:09,  4.89s/it, RMSE=2.371TECU, rel_dP=1.72e-03]  [EKF] iterating [analytical]:  90%|█████████ | 18/20 [01:31<00:09,  4.89s/it, RMSE=2.363TECU, rel_dP=1.66e-03]  [EKF] iterating [analytical]:  95%|█████████▌| 19/20 [01:31<00:04,  4.94s/it, RMSE=2.363TECU, rel_dP=1.66e-03]  [EKF] iterating [analytical]:  95%|█████████▌| 19/20 [01:36<00:04,  4.94s/it, RMSE=2.356TECU, rel_dP=1.60e-03]  [EKF] iterating [analytical]: 100%|██████████| 20/20 [01:36<00:00,  4.83s/it, RMSE=2.356TECU, rel_dP=1.60e-03]                                                                                                                  [EKF] Reached max_iter=20 without convergence  (final ||ΔP||/||P|| = 1.60e-03)
  [EKF] Posterior innovations  mean=-0.05  std=2.35  max_abs=26.77 TECU
  [EKF] Prior RMSE 15.838 TECU  →  Post RMSE 2.460 TECU
  [EKF] 629 arcs  |  8173 profile rays  |  5147 update rays  |  n_state = 1016
  [EKF] Prior innovations  mean=1.42  std=7.31  max_abs=54.90 TECU
  [EKF] iterating [analytical]:   0%|          | 0/20 [00:00<?, ?it/s]  [EKF] iterating [analytical]:   0%|          | 0/20 [00:26<?, ?it/s, RMSE=7.449TECU, rel_dP=2.95e-02]  [EKF] iterating [analytical]:   5%|▌         | 1/20 [00:26<08:26, 26.68s/it, RMSE=7.449TECU, rel_dP=2.95e-02]  [EKF] iterating [analytical]:   5%|▌         | 1/20 [00:55<08:26, 26.68s/it, RMSE=2.240TECU, rel_dP=1.39e-02]  [EKF] iterating [analytical]:  10%|█         | 2/20 [00:55<08:21, 27.88s/it, RMSE=2.240TECU, rel_dP=1.39e-02]  [EKF] iterating [analytical]:  10%|█         | 2/20 [01:22<08:21, 27.88s/it, RMSE=1.602TECU, rel_dP=8.30e-03]  [EKF] iterating [analytical]:  15%|█▌        | 3/20 [01:22<07:44, 27.35s/it, RMSE=1.602TECU, rel_dP=8.30e-03]  [EKF] iterating [analytical]:  15%|█▌        | 3/20 [01:48<07:44, 27.35s/it, RMSE=1.468TECU, rel_dP=6.03e-03]  [EKF] iterating [analytical]:  20%|██        | 4/20 [01:48<07:10, 26.88s/it, RMSE=1.468TECU, rel_dP=6.03e-03]  [EKF] iterating [analytical]:  20%|██        | 4/20 [02:13<07:10, 26.88s/it, RMSE=1.412TECU, rel_dP=4.98e-03]  [EKF] iterating [analytical]:  25%|██▌       | 5/20 [02:13<06:35, 26.40s/it, RMSE=1.412TECU, rel_dP=4.98e-03]  [EKF] iterating [analytical]:  25%|██▌       | 5/20 [02:39<06:35, 26.40s/it, RMSE=1.373TECU, rel_dP=4.36e-03]  [EKF] iterating [analytical]:  30%|███       | 6/20 [02:39<06:05, 26.14s/it, RMSE=1.373TECU, rel_dP=4.36e-03]  [EKF] iterating [analytical]:  30%|███       | 6/20 [03:06<06:05, 26.14s/it, RMSE=1.343TECU, rel_dP=3.91e-03]  [EKF] iterating [analytical]:  35%|███▌      | 7/20 [03:06<05:42, 26.38s/it, RMSE=1.343TECU, rel_dP=3.91e-03]  [EKF] iterating [analytical]:  35%|███▌      | 7/20 [03:33<05:42, 26.38s/it, RMSE=1.319TECU, rel_dP=3.57e-03]  [EKF] iterating [analytical]:  40%|████      | 8/20 [03:33<05:18, 26.52s/it, RMSE=1.319TECU, rel_dP=3.57e-03]  [EKF] iterating [analytical]:  40%|████      | 8/20 [04:00<05:18, 26.52s/it, RMSE=1.299TECU, rel_dP=3.29e-03]  [EKF] iterating [analytical]:  45%|████▌     | 9/20 [04:00<04:53, 26.64s/it, RMSE=1.299TECU, rel_dP=3.29e-03]  [EKF] iterating [analytical]:  45%|████▌     | 9/20 [04:26<04:53, 26.64s/it, RMSE=1.282TECU, rel_dP=3.05e-03]  [EKF] iterating [analytical]:  50%|█████     | 10/20 [04:26<04:26, 26.64s/it, RMSE=1.282TECU, rel_dP=3.05e-03]  [EKF] iterating [analytical]:  50%|█████     | 10/20 [04:52<04:26, 26.64s/it, RMSE=1.267TECU, rel_dP=2.84e-03]  [EKF] iterating [analytical]:  55%|█████▌    | 11/20 [04:52<03:57, 26.39s/it, RMSE=1.267TECU, rel_dP=2.84e-03]  [EKF] iterating [analytical]:  55%|█████▌    | 11/20 [05:18<03:57, 26.39s/it, RMSE=1.255TECU, rel_dP=2.65e-03]  [EKF] iterating [analytical]:  60%|██████    | 12/20 [05:18<03:28, 26.11s/it, RMSE=1.255TECU, rel_dP=2.65e-03]  [EKF] iterating [analytical]:  60%|██████    | 12/20 [05:46<03:28, 26.11s/it, RMSE=1.243TECU, rel_dP=2.48e-03]  [EKF] iterating [analytical]:  65%|██████▌   | 13/20 [05:46<03:07, 26.79s/it, RMSE=1.243TECU, rel_dP=2.48e-03]  [EKF] iterating [analytical]:  65%|██████▌   | 13/20 [06:13<03:07, 26.79s/it, RMSE=1.233TECU, rel_dP=2.34e-03]  [EKF] iterating [analytical]:  70%|███████   | 14/20 [06:13<02:41, 26.97s/it, RMSE=1.233TECU, rel_dP=2.34e-03]  [EKF] iterating [analytical]:  70%|███████   | 14/20 [06:39<02:41, 26.97s/it, RMSE=1.227TECU, rel_dP=2.21e-03]  [EKF] iterating [analytical]:  75%|███████▌  | 15/20 [06:39<02:12, 26.55s/it, RMSE=1.227TECU, rel_dP=2.21e-03]  [EKF] iterating [analytical]:  75%|███████▌  | 15/20 [07:05<02:12, 26.55s/it, RMSE=1.222TECU, rel_dP=2.10e-03]  [EKF] iterating [analytical]:  80%|████████  | 16/20 [07:05<01:45, 26.47s/it, RMSE=1.222TECU, rel_dP=2.10e-03]  [EKF] iterating [analytical]:  80%|████████  | 16/20 [07:31<01:45, 26.47s/it, RMSE=1.218TECU, rel_dP=2.03e-03]  [EKF] iterating [analytical]:  85%|████████▌ | 17/20 [07:31<01:18, 26.17s/it, RMSE=1.218TECU, rel_dP=2.03e-03]  [EKF] iterating [analytical]:  85%|████████▌ | 17/20 [08:27<01:18, 26.17s/it, RMSE=1.214TECU, rel_dP=1.96e-03]  [EKF] iterating [analytical]:  90%|█████████ | 18/20 [08:27<01:10, 35.25s/it, RMSE=1.214TECU, rel_dP=1.96e-03]  [EKF] iterating [analytical]:  90%|█████████ | 18/20 [09:06<01:10, 35.25s/it, RMSE=1.210TECU, rel_dP=1.90e-03]  [EKF] iterating [analytical]:  95%|█████████▌| 19/20 [09:06<00:36, 36.31s/it, RMSE=1.210TECU, rel_dP=1.90e-03]  [EKF] iterating [analytical]:  95%|█████████▌| 19/20 [10:15<00:36, 36.31s/it, RMSE=1.206TECU, rel_dP=1.85e-03]  [EKF] iterating [analytical]: 100%|██████████| 20/20 [10:15<00:00, 46.08s/it, RMSE=1.206TECU, rel_dP=1.85e-03]                                                                                                                  [EKF] Reached max_iter=20 without convergence  (final ||ΔP||/||P|| = 1.85e-03)
  [EKF] Posterior innovations  mean=-0.04  std=1.20  max_abs=26.81 TECU
  [EKF] Prior RMSE 11.296 TECU  →  Post RMSE 1.835 TECU

  [sweep 2026-02-12_0200] N_OCC=60  (RO arcs available=24, used=24)
  [EKF] 24 arcs  |  4132 profile rays  |  1106 update rays  |  n_state = 1016
  [EKF] Prior innovations  mean=5.07  std=15.06  max_abs=54.90 TECU
  [EKF] iterating [analytical]:   0%|          | 0/20 [00:00<?, ?it/s]  [EKF] iterating [analytical]:   0%|          | 0/20 [00:04<?, ?it/s, RMSE=15.891TECU, rel_dP=2.91e-02]  [EKF] iterating [analytical]:   5%|▌         | 1/20 [00:04<01:33,  4.95s/it, RMSE=15.891TECU, rel_dP=2.91e-02]  [EKF] iterating [analytical]:   5%|▌         | 1/20 [00:10<01:33,  4.95s/it, RMSE=4.685TECU, rel_dP=1.38e-02]   [EKF] iterating [analytical]:  10%|█         | 2/20 [00:10<01:31,  5.07s/it, RMSE=4.685TECU, rel_dP=1.38e-02]  [EKF] iterating [analytical]:  10%|█         | 2/20 [00:15<01:31,  5.07s/it, RMSE=3.269TECU, rel_dP=8.25e-03]  [EKF] iterating [analytical]:  15%|█▌        | 3/20 [00:15<01:24,  5.00s/it, RMSE=3.269TECU, rel_dP=8.25e-03]  [EKF] iterating [analytical]:  15%|█▌        | 3/20 [00:19<01:24,  5.00s/it, RMSE=2.962TECU, rel_dP=5.93e-03]  [EKF] iterating [analytical]:  20%|██        | 4/20 [00:19<01:17,  4.83s/it, RMSE=2.962TECU, rel_dP=5.93e-03]  [EKF] iterating [analytical]:  20%|██        | 4/20 [00:24<01:17,  4.83s/it, RMSE=2.831TECU, rel_dP=4.84e-03]  [EKF] iterating [analytical]:  25%|██▌       | 5/20 [00:24<01:11,  4.75s/it, RMSE=2.831TECU, rel_dP=4.84e-03]  [EKF] iterating [analytical]:  25%|██▌       | 5/20 [00:28<01:11,  4.75s/it, RMSE=2.742TECU, rel_dP=4.18e-03]  [EKF] iterating [analytical]:  30%|███       | 6/20 [00:28<01:06,  4.74s/it, RMSE=2.742TECU, rel_dP=4.18e-03]  [EKF] iterating [analytical]:  30%|███       | 6/20 [00:33<01:06,  4.74s/it, RMSE=2.673TECU, rel_dP=3.71e-03]  [EKF] iterating [analytical]:  35%|███▌      | 7/20 [00:33<01:01,  4.69s/it, RMSE=2.673TECU, rel_dP=3.71e-03]  [EKF] iterating [analytical]:  35%|███▌      | 7/20 [00:38<01:01,  4.69s/it, RMSE=2.619TECU, rel_dP=3.35e-03]  [EKF] iterating [analytical]:  40%|████      | 8/20 [00:38<00:58,  4.85s/it, RMSE=2.619TECU, rel_dP=3.35e-03]  [EKF] iterating [analytical]:  40%|████      | 8/20 [00:43<00:58,  4.85s/it, RMSE=2.574TECU, rel_dP=3.06e-03]  [EKF] iterating [analytical]:  45%|████▌     | 9/20 [00:43<00:53,  4.89s/it, RMSE=2.574TECU, rel_dP=3.06e-03]  [EKF] iterating [analytical]:  45%|████▌     | 9/20 [00:48<00:53,  4.89s/it, RMSE=2.537TECU, rel_dP=2.82e-03]  [EKF] iterating [analytical]:  50%|█████     | 10/20 [00:48<00:47,  4.75s/it, RMSE=2.537TECU, rel_dP=2.82e-03]  [EKF] iterating [analytical]:  50%|█████     | 10/20 [00:52<00:47,  4.75s/it, RMSE=2.506TECU, rel_dP=2.61e-03]  [EKF] iterating [analytical]:  55%|█████▌    | 11/20 [00:52<00:42,  4.77s/it, RMSE=2.506TECU, rel_dP=2.61e-03]  [EKF] iterating [analytical]:  55%|█████▌    | 11/20 [00:57<00:42,  4.77s/it, RMSE=2.478TECU, rel_dP=2.43e-03]  [EKF] iterating [analytical]:  60%|██████    | 12/20 [00:57<00:37,  4.63s/it, RMSE=2.478TECU, rel_dP=2.43e-03]  [EKF] iterating [analytical]:  60%|██████    | 12/20 [01:01<00:37,  4.63s/it, RMSE=2.454TECU, rel_dP=2.28e-03]  [EKF] iterating [analytical]:  65%|██████▌   | 13/20 [01:01<00:32,  4.58s/it, RMSE=2.454TECU, rel_dP=2.28e-03]  [EKF] iterating [analytical]:  65%|██████▌   | 13/20 [01:06<00:32,  4.58s/it, RMSE=2.433TECU, rel_dP=2.14e-03]  [EKF] iterating [analytical]:  70%|███████   | 14/20 [01:06<00:27,  4.53s/it, RMSE=2.433TECU, rel_dP=2.14e-03]  [EKF] iterating [analytical]:  70%|███████   | 14/20 [01:11<00:27,  4.53s/it, RMSE=2.414TECU, rel_dP=2.02e-03]  [EKF] iterating [analytical]:  75%|███████▌  | 15/20 [01:11<00:24,  4.86s/it, RMSE=2.414TECU, rel_dP=2.02e-03]  [EKF] iterating [analytical]:  75%|███████▌  | 15/20 [01:16<00:24,  4.86s/it, RMSE=2.397TECU, rel_dP=1.91e-03]  [EKF] iterating [analytical]:  80%|████████  | 16/20 [01:16<00:18,  4.72s/it, RMSE=2.397TECU, rel_dP=1.91e-03]  [EKF] iterating [analytical]:  80%|████████  | 16/20 [01:20<00:18,  4.72s/it, RMSE=2.382TECU, rel_dP=1.82e-03]  [EKF] iterating [analytical]:  85%|████████▌ | 17/20 [01:20<00:13,  4.62s/it, RMSE=2.382TECU, rel_dP=1.82e-03]  [EKF] iterating [analytical]:  85%|████████▌ | 17/20 [01:24<00:13,  4.62s/it, RMSE=2.371TECU, rel_dP=1.72e-03]  [EKF] iterating [analytical]:  90%|█████████ | 18/20 [01:24<00:09,  4.57s/it, RMSE=2.371TECU, rel_dP=1.72e-03]  [EKF] iterating [analytical]:  90%|█████████ | 18/20 [01:30<00:09,  4.57s/it, RMSE=2.363TECU, rel_dP=1.66e-03]  [EKF] iterating [analytical]:  95%|█████████▌| 19/20 [01:30<00:04,  4.75s/it, RMSE=2.363TECU, rel_dP=1.66e-03]  [EKF] iterating [analytical]:  95%|█████████▌| 19/20 [01:35<00:04,  4.75s/it, RMSE=2.356TECU, rel_dP=1.60e-03]  [EKF] iterating [analytical]: 100%|██████████| 20/20 [01:35<00:00,  4.83s/it, RMSE=2.356TECU, rel_dP=1.60e-03]                                                                                                                  [EKF] Reached max_iter=20 without convergence  (final ||ΔP||/||P|| = 1.60e-03)
  [EKF] Posterior innovations  mean=-0.05  std=2.35  max_abs=26.77 TECU
  [EKF] Prior RMSE 15.838 TECU  →  Post RMSE 2.460 TECU
  [EKF] 629 arcs  |  8173 profile rays  |  5147 update rays  |  n_state = 1016
  [EKF] Prior innovations  mean=1.42  std=7.31  max_abs=54.90 TECU
  [EKF] iterating [analytical]:   0%|          | 0/20 [00:00<?, ?it/s]  [EKF] iterating [analytical]:   0%|          | 0/20 [00:25<?, ?it/s, RMSE=7.449TECU, rel_dP=2.95e-02]  [EKF] iterating [analytical]:   5%|▌         | 1/20 [00:25<08:09, 25.79s/it, RMSE=7.449TECU, rel_dP=2.95e-02]  [EKF] iterating [analytical]:   5%|▌         | 1/20 [00:51<08:09, 25.79s/it, RMSE=2.240TECU, rel_dP=1.39e-02]  [EKF] iterating [analytical]:  10%|█         | 2/20 [00:51<07:38, 25.46s/it, RMSE=2.240TECU, rel_dP=1.39e-02]  [EKF] iterating [analytical]:  10%|█         | 2/20 [01:16<07:38, 25.46s/it, RMSE=1.602TECU, rel_dP=8.30e-03]  [EKF] iterating [analytical]:  15%|█▌        | 3/20 [01:16<07:14, 25.53s/it, RMSE=1.602TECU, rel_dP=8.30e-03]  [EKF] iterating [analytical]:  15%|█▌        | 3/20 [01:43<07:14, 25.53s/it, RMSE=1.468TECU, rel_dP=6.03e-03]  [EKF] iterating [analytical]:  20%|██        | 4/20 [01:43<06:55, 25.99s/it, RMSE=1.468TECU, rel_dP=6.03e-03]  [EKF] iterating [analytical]:  20%|██        | 4/20 [02:08<06:55, 25.99s/it, RMSE=1.412TECU, rel_dP=4.98e-03]  [EKF] iterating [analytical]:  25%|██▌       | 5/20 [02:08<06:25, 25.70s/it, RMSE=1.412TECU, rel_dP=4.98e-03]  [EKF] iterating [analytical]:  25%|██▌       | 5/20 [02:34<06:25, 25.70s/it, RMSE=1.373TECU, rel_dP=4.36e-03]  [EKF] iterating [analytical]:  30%|███       | 6/20 [02:34<06:00, 25.79s/it, RMSE=1.373TECU, rel_dP=4.36e-03]  [EKF] iterating [analytical]:  30%|███       | 6/20 [03:01<06:00, 25.79s/it, RMSE=1.343TECU, rel_dP=3.91e-03]  [EKF] iterating [analytical]:  35%|███▌      | 7/20 [03:01<05:40, 26.18s/it, RMSE=1.343TECU, rel_dP=3.91e-03]  [EKF] iterating [analytical]:  35%|███▌      | 7/20 [03:27<05:40, 26.18s/it, RMSE=1.319TECU, rel_dP=3.57e-03]  [EKF] iterating [analytical]:  40%|████      | 8/20 [03:27<05:12, 26.03s/it, RMSE=1.319TECU, rel_dP=3.57e-03]  [EKF] iterating [analytical]:  40%|████      | 8/20 [03:56<05:12, 26.03s/it, RMSE=1.299TECU, rel_dP=3.29e-03]  [EKF] iterating [analytical]:  45%|████▌     | 9/20 [03:56<04:55, 26.91s/it, RMSE=1.299TECU, rel_dP=3.29e-03]  [EKF] iterating [analytical]:  45%|████▌     | 9/20 [04:23<04:55, 26.91s/it, RMSE=1.282TECU, rel_dP=3.05e-03]  [EKF] iterating [analytical]:  50%|█████     | 10/20 [04:23<04:32, 27.23s/it, RMSE=1.282TECU, rel_dP=3.05e-03]  [EKF] iterating [analytical]:  50%|█████     | 10/20 [04:50<04:32, 27.23s/it, RMSE=1.267TECU, rel_dP=2.84e-03]  [EKF] iterating [analytical]:  55%|█████▌    | 11/20 [04:50<04:01, 26.87s/it, RMSE=1.267TECU, rel_dP=2.84e-03]  [EKF] iterating [analytical]:  55%|█████▌    | 11/20 [05:17<04:01, 26.87s/it, RMSE=1.255TECU, rel_dP=2.65e-03]  [EKF] iterating [analytical]:  60%|██████    | 12/20 [05:17<03:37, 27.14s/it, RMSE=1.255TECU, rel_dP=2.65e-03]  [EKF] iterating [analytical]:  60%|██████    | 12/20 [05:45<03:37, 27.14s/it, RMSE=1.243TECU, rel_dP=2.48e-03]  [EKF] iterating [analytical]:  65%|██████▌   | 13/20 [05:45<03:10, 27.19s/it, RMSE=1.243TECU, rel_dP=2.48e-03]  [EKF] iterating [analytical]:  65%|██████▌   | 13/20 [06:11<03:10, 27.19s/it, RMSE=1.233TECU, rel_dP=2.34e-03]  [EKF] iterating [analytical]:  70%|███████   | 14/20 [06:11<02:42, 27.10s/it, RMSE=1.233TECU, rel_dP=2.34e-03]  [EKF] iterating [analytical]:  70%|███████   | 14/20 [06:39<02:42, 27.10s/it, RMSE=1.227TECU, rel_dP=2.21e-03]  [EKF] iterating [analytical]:  75%|███████▌  | 15/20 [06:39<02:15, 27.16s/it, RMSE=1.227TECU, rel_dP=2.21e-03]  [EKF] iterating [analytical]:  75%|███████▌  | 15/20 [07:06<02:15, 27.16s/it, RMSE=1.222TECU, rel_dP=2.10e-03]  [EKF] iterating [analytical]:  80%|████████  | 16/20 [07:06<01:48, 27.19s/it, RMSE=1.222TECU, rel_dP=2.10e-03]  [EKF] iterating [analytical]:  80%|████████  | 16/20 [07:33<01:48, 27.19s/it, RMSE=1.218TECU, rel_dP=2.03e-03]  [EKF] iterating [analytical]:  85%|████████▌ | 17/20 [07:33<01:21, 27.20s/it, RMSE=1.218TECU, rel_dP=2.03e-03]  [EKF] iterating [analytical]:  85%|████████▌ | 17/20 [08:00<01:21, 27.20s/it, RMSE=1.214TECU, rel_dP=1.96e-03]  [EKF] iterating [analytical]:  90%|█████████ | 18/20 [08:00<00:54, 27.11s/it, RMSE=1.214TECU, rel_dP=1.96e-03]  [EKF] iterating [analytical]:  90%|█████████ | 18/20 [08:26<00:54, 27.11s/it, RMSE=1.210TECU, rel_dP=1.90e-03]  [EKF] iterating [analytical]:  95%|█████████▌| 19/20 [08:26<00:26, 26.84s/it, RMSE=1.210TECU, rel_dP=1.90e-03]  [EKF] iterating [analytical]:  95%|█████████▌| 19/20 [08:54<00:26, 26.84s/it, RMSE=1.206TECU, rel_dP=1.85e-03]  [EKF] iterating [analytical]: 100%|██████████| 20/20 [08:54<00:00, 27.02s/it, RMSE=1.206TECU, rel_dP=1.85e-03]                                                                                                                  [EKF] Reached max_iter=20 without convergence  (final ||ΔP||/||P|| = 1.85e-03)
  [EKF] Posterior innovations  mean=-0.04  std=1.20  max_abs=26.81 TECU
  [EKF] Prior RMSE 11.296 TECU  →  Post RMSE 1.835 TECU

  [sweep 2026-02-12_0200] N_OCC=70  (RO arcs available=24, used=24)
  [EKF] 24 arcs  |  4132 profile rays  |  1106 update rays  |  n_state = 1016
  [EKF] Prior innovations  mean=5.07  std=15.06  max_abs=54.90 TECU
  [EKF] iterating [analytical]:   0%|          | 0/20 [00:00<?, ?it/s]  [EKF] iterating [analytical]:   0%|          | 0/20 [00:04<?, ?it/s, RMSE=15.891TECU, rel_dP=2.91e-02]  [EKF] iterating [analytical]:   5%|▌         | 1/20 [00:04<01:25,  4.47s/it, RMSE=15.891TECU, rel_dP=2.91e-02]  [EKF] iterating [analytical]:   5%|▌         | 1/20 [00:08<01:25,  4.47s/it, RMSE=4.685TECU, rel_dP=1.38e-02]   [EKF] iterating [analytical]:  10%|█         | 2/20 [00:08<01:20,  4.45s/it, RMSE=4.685TECU, rel_dP=1.38e-02]  [EKF] iterating [analytical]:  10%|█         | 2/20 [00:13<01:20,  4.45s/it, RMSE=3.269TECU, rel_dP=8.25e-03]  [EKF] iterating [analytical]:  15%|█▌        | 3/20 [00:13<01:20,  4.72s/it, RMSE=3.269TECU, rel_dP=8.25e-03]  [EKF] iterating [analytical]:  15%|█▌        | 3/20 [00:18<01:20,  4.72s/it, RMSE=2.962TECU, rel_dP=5.93e-03]  [EKF] iterating [analytical]:  20%|██        | 4/20 [00:18<01:15,  4.74s/it, RMSE=2.962TECU, rel_dP=5.93e-03]  [EKF] iterating [analytical]:  20%|██        | 4/20 [00:23<01:15,  4.74s/it, RMSE=2.831TECU, rel_dP=4.84e-03]  [EKF] iterating [analytical]:  25%|██▌       | 5/20 [00:23<01:11,  4.76s/it, RMSE=2.831TECU, rel_dP=4.84e-03]  [EKF] iterating [analytical]:  25%|██▌       | 5/20 [00:28<01:11,  4.76s/it, RMSE=2.742TECU, rel_dP=4.18e-03]  [EKF] iterating [analytical]:  30%|███       | 6/20 [00:28<01:06,  4.76s/it, RMSE=2.742TECU, rel_dP=4.18e-03]  [EKF] iterating [analytical]:  30%|███       | 6/20 [00:32<01:06,  4.76s/it, RMSE=2.673TECU, rel_dP=3.71e-03]  [EKF] iterating [analytical]:  35%|███▌      | 7/20 [00:32<01:01,  4.73s/it, RMSE=2.673TECU, rel_dP=3.71e-03]  [EKF] iterating [analytical]:  35%|███▌      | 7/20 [00:37<01:01,  4.73s/it, RMSE=2.619TECU, rel_dP=3.35e-03]  [EKF] iterating [analytical]:  40%|████      | 8/20 [00:37<00:57,  4.78s/it, RMSE=2.619TECU, rel_dP=3.35e-03]  [EKF] iterating [analytical]:  40%|████      | 8/20 [00:42<00:57,  4.78s/it, RMSE=2.574TECU, rel_dP=3.06e-03]  [EKF] iterating [analytical]:  45%|████▌     | 9/20 [00:42<00:53,  4.89s/it, RMSE=2.574TECU, rel_dP=3.06e-03]  [EKF] iterating [analytical]:  45%|████▌     | 9/20 [00:48<00:53,  4.89s/it, RMSE=2.537TECU, rel_dP=2.82e-03]  [EKF] iterating [analytical]:  50%|█████     | 10/20 [00:48<00:50,  5.06s/it, RMSE=2.537TECU, rel_dP=2.82e-03]  [EKF] iterating [analytical]:  50%|█████     | 10/20 [00:53<00:50,  5.06s/it, RMSE=2.506TECU, rel_dP=2.61e-03]  [EKF] iterating [analytical]:  55%|█████▌    | 11/20 [00:53<00:45,  5.09s/it, RMSE=2.506TECU, rel_dP=2.61e-03]  [EKF] iterating [analytical]:  55%|█████▌    | 11/20 [00:58<00:45,  5.09s/it, RMSE=2.478TECU, rel_dP=2.43e-03]  [EKF] iterating [analytical]:  60%|██████    | 12/20 [00:58<00:40,  5.06s/it, RMSE=2.478TECU, rel_dP=2.43e-03]  [EKF] iterating [analytical]:  60%|██████    | 12/20 [01:04<00:40,  5.06s/it, RMSE=2.454TECU, rel_dP=2.28e-03]  [EKF] iterating [analytical]:  65%|██████▌   | 13/20 [01:04<00:37,  5.38s/it, RMSE=2.454TECU, rel_dP=2.28e-03]  [EKF] iterating [analytical]:  65%|██████▌   | 13/20 [01:12<00:37,  5.38s/it, RMSE=2.433TECU, rel_dP=2.14e-03]  [EKF] iterating [analytical]:  70%|███████   | 14/20 [01:12<00:36,  6.14s/it, RMSE=2.433TECU, rel_dP=2.14e-03]  [EKF] iterating [analytical]:  70%|███████   | 14/20 [01:22<00:36,  6.14s/it, RMSE=2.414TECU, rel_dP=2.02e-03]  [EKF] iterating [analytical]:  75%|███████▌  | 15/20 [01:22<00:35,  7.16s/it, RMSE=2.414TECU, rel_dP=2.02e-03]  [EKF] iterating [analytical]:  75%|███████▌  | 15/20 [01:29<00:35,  7.16s/it, RMSE=2.397TECU, rel_dP=1.91e-03]  [EKF] iterating [analytical]:  80%|████████  | 16/20 [01:29<00:28,  7.19s/it, RMSE=2.397TECU, rel_dP=1.91e-03]  [EKF] iterating [analytical]:  80%|████████  | 16/20 [01:36<00:28,  7.19s/it, RMSE=2.382TECU, rel_dP=1.82e-03]  [EKF] iterating [analytical]:  85%|████████▌ | 17/20 [01:36<00:21,  7.17s/it, RMSE=2.382TECU, rel_dP=1.82e-03]  [EKF] iterating [analytical]:  85%|████████▌ | 17/20 [01:44<00:21,  7.17s/it, RMSE=2.371TECU, rel_dP=1.72e-03]  [EKF] iterating [analytical]:  90%|█████████ | 18/20 [01:44<00:14,  7.35s/it, RMSE=2.371TECU, rel_dP=1.72e-03]  [EKF] iterating [analytical]:  90%|█████████ | 18/20 [01:51<00:14,  7.35s/it, RMSE=2.363TECU, rel_dP=1.66e-03]  [EKF] iterating [analytical]:  95%|█████████▌| 19/20 [01:51<00:07,  7.34s/it, RMSE=2.363TECU, rel_dP=1.66e-03]  [EKF] iterating [analytical]:  95%|█████████▌| 19/20 [01:58<00:07,  7.34s/it, RMSE=2.356TECU, rel_dP=1.60e-03]  [EKF] iterating [analytical]: 100%|██████████| 20/20 [01:58<00:00,  7.29s/it, RMSE=2.356TECU, rel_dP=1.60e-03]                                                                                                                  [EKF] Reached max_iter=20 without convergence  (final ||ΔP||/||P|| = 1.60e-03)
  [EKF] Posterior innovations  mean=-0.05  std=2.35  max_abs=26.77 TECU
  [EKF] Prior RMSE 15.838 TECU  →  Post RMSE 2.460 TECU
  [EKF] 629 arcs  |  8173 profile rays  |  5147 update rays  |  n_state = 1016
  [EKF] Prior innovations  mean=1.42  std=7.31  max_abs=54.90 TECU
  [EKF] iterating [analytical]:   0%|          | 0/20 [00:00<?, ?it/s]  [EKF] iterating [analytical]:   0%|          | 0/20 [00:39<?, ?it/s, RMSE=7.449TECU, rel_dP=2.95e-02]  [EKF] iterating [analytical]:   5%|▌         | 1/20 [00:39<12:22, 39.06s/it, RMSE=7.449TECU, rel_dP=2.95e-02]  [EKF] iterating [analytical]:   5%|▌         | 1/20 [01:17<12:22, 39.06s/it, RMSE=2.240TECU, rel_dP=1.39e-02]  [EKF] iterating [analytical]:  10%|█         | 2/20 [01:17<11:37, 38.76s/it, RMSE=2.240TECU, rel_dP=1.39e-02]  [EKF] iterating [analytical]:  10%|█         | 2/20 [01:55<11:37, 38.76s/it, RMSE=1.602TECU, rel_dP=8.30e-03]  [EKF] iterating [analytical]:  15%|█▌        | 3/20 [01:55<10:51, 38.35s/it, RMSE=1.602TECU, rel_dP=8.30e-03]  [EKF] iterating [analytical]:  15%|█▌        | 3/20 [02:30<10:51, 38.35s/it, RMSE=1.468TECU, rel_dP=6.03e-03]  [EKF] iterating [analytical]:  20%|██        | 4/20 [02:30<09:49, 36.85s/it, RMSE=1.468TECU, rel_dP=6.03e-03]  [EKF] iterating [analytical]:  20%|██        | 4/20 [03:11<09:49, 36.85s/it, RMSE=1.412TECU, rel_dP=4.98e-03]  [EKF] iterating [analytical]:  25%|██▌       | 5/20 [03:11<09:35, 38.38s/it, RMSE=1.412TECU, rel_dP=4.98e-03]  [EKF] iterating [analytical]:  25%|██▌       | 5/20 [03:49<09:35, 38.38s/it, RMSE=1.373TECU, rel_dP=4.36e-03]  [EKF] iterating [analytical]:  30%|███       | 6/20 [03:49<08:59, 38.52s/it, RMSE=1.373TECU, rel_dP=4.36e-03]  [EKF] iterating [analytical]:  30%|███       | 6/20 [04:23<08:59, 38.52s/it, RMSE=1.343TECU, rel_dP=3.91e-03]  [EKF] iterating [analytical]:  35%|███▌      | 7/20 [04:23<08:01, 37.00s/it, RMSE=1.343TECU, rel_dP=3.91e-03]  [EKF] iterating [analytical]:  35%|███▌      | 7/20 [04:57<08:01, 37.00s/it, RMSE=1.319TECU, rel_dP=3.57e-03]  [EKF] iterating [analytical]:  40%|████      | 8/20 [04:57<07:13, 36.12s/it, RMSE=1.319TECU, rel_dP=3.57e-03]  [EKF] iterating [analytical]:  40%|████      | 8/20 [05:30<07:13, 36.12s/it, RMSE=1.299TECU, rel_dP=3.29e-03]  [EKF] iterating [analytical]:  45%|████▌     | 9/20 [05:30<06:25, 35.08s/it, RMSE=1.299TECU, rel_dP=3.29e-03]  [EKF] iterating [analytical]:  45%|████▌     | 9/20 [06:13<06:25, 35.08s/it, RMSE=1.282TECU, rel_dP=3.05e-03]  [EKF] iterating [analytical]:  50%|█████     | 10/20 [06:13<06:13, 37.34s/it, RMSE=1.282TECU, rel_dP=3.05e-03]  [EKF] iterating [analytical]:  50%|█████     | 10/20 [07:18<06:13, 37.34s/it, RMSE=1.267TECU, rel_dP=2.84e-03]  [EKF] iterating [analytical]:  55%|█████▌    | 11/20 [07:18<06:53, 45.92s/it, RMSE=1.267TECU, rel_dP=2.84e-03]  [EKF] iterating [analytical]:  55%|█████▌    | 11/20 [07:44<06:53, 45.92s/it, RMSE=1.255TECU, rel_dP=2.65e-03]  [EKF] iterating [analytical]:  60%|██████    | 12/20 [07:44<05:17, 39.73s/it, RMSE=1.255TECU, rel_dP=2.65e-03]  [EKF] iterating [analytical]:  60%|██████    | 12/20 [08:11<05:17, 39.73s/it, RMSE=1.243TECU, rel_dP=2.48e-03]  [EKF] iterating [analytical]:  65%|██████▌   | 13/20 [08:11<04:10, 35.85s/it, RMSE=1.243TECU, rel_dP=2.48e-03]  [EKF] iterating [analytical]:  65%|██████▌   | 13/20 [08:37<04:10, 35.85s/it, RMSE=1.233TECU, rel_dP=2.34e-03]  [EKF] iterating [analytical]:  70%|███████   | 14/20 [08:37<03:18, 33.13s/it, RMSE=1.233TECU, rel_dP=2.34e-03]  [EKF] iterating [analytical]:  70%|███████   | 14/20 [09:03<03:18, 33.13s/it, RMSE=1.227TECU, rel_dP=2.21e-03]  [EKF] iterating [analytical]:  75%|███████▌  | 15/20 [09:03<02:33, 30.71s/it, RMSE=1.227TECU, rel_dP=2.21e-03]  [EKF] iterating [analytical]:  75%|███████▌  | 15/20 [09:28<02:33, 30.71s/it, RMSE=1.222TECU, rel_dP=2.10e-03]  [EKF] iterating [analytical]:  80%|████████  | 16/20 [09:28<01:56, 29.04s/it, RMSE=1.222TECU, rel_dP=2.10e-03]  [EKF] iterating [analytical]:  80%|████████  | 16/20 [09:55<01:56, 29.04s/it, RMSE=1.218TECU, rel_dP=2.03e-03]  [EKF] iterating [analytical]:  85%|████████▌ | 17/20 [09:55<01:25, 28.52s/it, RMSE=1.218TECU, rel_dP=2.03e-03]  [EKF] iterating [analytical]:  85%|████████▌ | 17/20 [10:21<01:25, 28.52s/it, RMSE=1.214TECU, rel_dP=1.96e-03]  [EKF] iterating [analytical]:  90%|█████████ | 18/20 [10:21<00:55, 27.89s/it, RMSE=1.214TECU, rel_dP=1.96e-03]  [EKF] iterating [analytical]:  90%|█████████ | 18/20 [10:48<00:55, 27.89s/it, RMSE=1.210TECU, rel_dP=1.90e-03]  [EKF] iterating [analytical]:  95%|█████████▌| 19/20 [10:48<00:27, 27.44s/it, RMSE=1.210TECU, rel_dP=1.90e-03]  [EKF] iterating [analytical]:  95%|█████████▌| 19/20 [11:15<00:27, 27.44s/it, RMSE=1.206TECU, rel_dP=1.85e-03]  [EKF] iterating [analytical]: 100%|██████████| 20/20 [11:15<00:00, 27.24s/it, RMSE=1.206TECU, rel_dP=1.85e-03]                                                                                                                  [EKF] Reached max_iter=20 without convergence  (final ||ΔP||/||P|| = 1.85e-03)
  [EKF] Posterior innovations  mean=-0.04  std=1.20  max_abs=26.81 TECU
  [EKF] Prior RMSE 11.296 TECU  →  Post RMSE 1.835 TECU

  [sweep 2026-02-12_0200] N_OCC=80  (RO arcs available=24, used=24)
  [EKF] 24 arcs  |  4132 profile rays  |  1106 update rays  |  n_state = 1016
  [EKF] Prior innovations  mean=5.07  std=15.06  max_abs=54.90 TECU
  [EKF] iterating [analytical]:   0%|          | 0/20 [00:00<?, ?it/s]  [EKF] iterating [analytical]:   0%|          | 0/20 [00:04<?, ?it/s, RMSE=15.891TECU, rel_dP=2.91e-02]  [EKF] iterating [analytical]:   5%|▌         | 1/20 [00:04<01:34,  4.99s/it, RMSE=15.891TECU, rel_dP=2.91e-02]  [EKF] iterating [analytical]:   5%|▌         | 1/20 [00:10<01:34,  4.99s/it, RMSE=4.685TECU, rel_dP=1.38e-02]   [EKF] iterating [analytical]:  10%|█         | 2/20 [00:10<01:30,  5.03s/it, RMSE=4.685TECU, rel_dP=1.38e-02]  [EKF] iterating [analytical]:  10%|█         | 2/20 [00:15<01:30,  5.03s/it, RMSE=3.269TECU, rel_dP=8.25e-03]  [EKF] iterating [analytical]:  15%|█▌        | 3/20 [00:15<01:25,  5.01s/it, RMSE=3.269TECU, rel_dP=8.25e-03]  [EKF] iterating [analytical]:  15%|█▌        | 3/20 [00:19<01:25,  5.01s/it, RMSE=2.962TECU, rel_dP=5.93e-03]  [EKF] iterating [analytical]:  20%|██        | 4/20 [00:19<01:16,  4.81s/it, RMSE=2.962TECU, rel_dP=5.93e-03]  [EKF] iterating [analytical]:  20%|██        | 4/20 [00:23<01:16,  4.81s/it, RMSE=2.831TECU, rel_dP=4.84e-03]  [EKF] iterating [analytical]:  25%|██▌       | 5/20 [00:23<01:09,  4.64s/it, RMSE=2.831TECU, rel_dP=4.84e-03]  [EKF] iterating [analytical]:  25%|██▌       | 5/20 [00:28<01:09,  4.64s/it, RMSE=2.742TECU, rel_dP=4.18e-03]  [EKF] iterating [analytical]:  30%|███       | 6/20 [00:28<01:05,  4.71s/it, RMSE=2.742TECU, rel_dP=4.18e-03]  [EKF] iterating [analytical]:  30%|███       | 6/20 [00:33<01:05,  4.71s/it, RMSE=2.673TECU, rel_dP=3.71e-03]  [EKF] iterating [analytical]:  35%|███▌      | 7/20 [00:33<01:03,  4.89s/it, RMSE=2.673TECU, rel_dP=3.71e-03]  [EKF] iterating [analytical]:  35%|███▌      | 7/20 [00:38<01:03,  4.89s/it, RMSE=2.619TECU, rel_dP=3.35e-03]  [EKF] iterating [analytical]:  40%|████      | 8/20 [00:38<00:58,  4.92s/it, RMSE=2.619TECU, rel_dP=3.35e-03]  [EKF] iterating [analytical]:  40%|████      | 8/20 [00:43<00:58,  4.92s/it, RMSE=2.574TECU, rel_dP=3.06e-03]  [EKF] iterating [analytical]:  45%|████▌     | 9/20 [00:43<00:53,  4.90s/it, RMSE=2.574TECU, rel_dP=3.06e-03]  [EKF] iterating [analytical]:  45%|████▌     | 9/20 [00:48<00:53,  4.90s/it, RMSE=2.537TECU, rel_dP=2.82e-03]  [EKF] iterating [analytical]:  50%|█████     | 10/20 [00:48<00:48,  4.86s/it, RMSE=2.537TECU, rel_dP=2.82e-03]  [EKF] iterating [analytical]:  50%|█████     | 10/20 [00:53<00:48,  4.86s/it, RMSE=2.506TECU, rel_dP=2.61e-03]  [EKF] iterating [analytical]:  55%|█████▌    | 11/20 [00:53<00:42,  4.76s/it, RMSE=2.506TECU, rel_dP=2.61e-03]  [EKF] iterating [analytical]:  55%|█████▌    | 11/20 [00:57<00:42,  4.76s/it, RMSE=2.478TECU, rel_dP=2.43e-03]  [EKF] iterating [analytical]:  60%|██████    | 12/20 [00:57<00:37,  4.74s/it, RMSE=2.478TECU, rel_dP=2.43e-03]  [EKF] iterating [analytical]:  60%|██████    | 12/20 [01:02<00:37,  4.74s/it, RMSE=2.454TECU, rel_dP=2.28e-03]  [EKF] iterating [analytical]:  65%|██████▌   | 13/20 [01:02<00:34,  4.87s/it, RMSE=2.454TECU, rel_dP=2.28e-03]  [EKF] iterating [analytical]:  65%|██████▌   | 13/20 [01:08<00:34,  4.87s/it, RMSE=2.433TECU, rel_dP=2.14e-03]  [EKF] iterating [analytical]:  70%|███████   | 14/20 [01:08<00:29,  4.98s/it, RMSE=2.433TECU, rel_dP=2.14e-03]  [EKF] iterating [analytical]:  70%|███████   | 14/20 [01:13<00:29,  4.98s/it, RMSE=2.414TECU, rel_dP=2.02e-03]  [EKF] iterating [analytical]:  75%|███████▌  | 15/20 [01:13<00:25,  5.12s/it, RMSE=2.414TECU, rel_dP=2.02e-03]  [EKF] iterating [analytical]:  75%|███████▌  | 15/20 [01:18<00:25,  5.12s/it, RMSE=2.397TECU, rel_dP=1.91e-03]  [EKF] iterating [analytical]:  80%|████████  | 16/20 [01:18<00:20,  5.18s/it, RMSE=2.397TECU, rel_dP=1.91e-03]  [EKF] iterating [analytical]:  80%|████████  | 16/20 [01:24<00:20,  5.18s/it, RMSE=2.382TECU, rel_dP=1.82e-03]  [EKF] iterating [analytical]:  85%|████████▌ | 17/20 [01:24<00:15,  5.16s/it, RMSE=2.382TECU, rel_dP=1.82e-03]  [EKF] iterating [analytical]:  85%|████████▌ | 17/20 [01:29<00:15,  5.16s/it, RMSE=2.371TECU, rel_dP=1.72e-03]  [EKF] iterating [analytical]:  90%|█████████ | 18/20 [01:29<00:10,  5.13s/it, RMSE=2.371TECU, rel_dP=1.72e-03]  [EKF] iterating [analytical]:  90%|█████████ | 18/20 [01:34<00:10,  5.13s/it, RMSE=2.363TECU, rel_dP=1.66e-03]  [EKF] iterating [analytical]:  95%|█████████▌| 19/20 [01:34<00:05,  5.17s/it, RMSE=2.363TECU, rel_dP=1.66e-03]  [EKF] iterating [analytical]:  95%|█████████▌| 19/20 [01:39<00:05,  5.17s/it, RMSE=2.356TECU, rel_dP=1.60e-03]  [EKF] iterating [analytical]: 100%|██████████| 20/20 [01:39<00:00,  5.09s/it, RMSE=2.356TECU, rel_dP=1.60e-03]                                                                                                                  [EKF] Reached max_iter=20 without convergence  (final ||ΔP||/||P|| = 1.60e-03)
  [EKF] Posterior innovations  mean=-0.05  std=2.35  max_abs=26.77 TECU
  [EKF] Prior RMSE 15.838 TECU  →  Post RMSE 2.460 TECU
  [EKF] 629 arcs  |  8173 profile rays  |  5147 update rays  |  n_state = 1016
  [EKF] Prior innovations  mean=1.42  std=7.31  max_abs=54.90 TECU
  [EKF] iterating [analytical]:   0%|          | 0/20 [00:00<?, ?it/s]  [EKF] iterating [analytical]:   0%|          | 0/20 [00:27<?, ?it/s, RMSE=7.449TECU, rel_dP=2.95e-02]  [EKF] iterating [analytical]:   5%|▌         | 1/20 [00:27<08:43, 27.55s/it, RMSE=7.449TECU, rel_dP=2.95e-02]  [EKF] iterating [analytical]:   5%|▌         | 1/20 [00:53<08:43, 27.55s/it, RMSE=2.240TECU, rel_dP=1.39e-02]  [EKF] iterating [analytical]:  10%|█         | 2/20 [00:53<07:57, 26.55s/it, RMSE=2.240TECU, rel_dP=1.39e-02]  [EKF] iterating [analytical]:  10%|█         | 2/20 [01:27<07:57, 26.55s/it, RMSE=1.602TECU, rel_dP=8.30e-03]  [EKF] iterating [analytical]:  15%|█▌        | 3/20 [01:27<08:26, 29.78s/it, RMSE=1.602TECU, rel_dP=8.30e-03]  [EKF] iterating [analytical]:  15%|█▌        | 3/20 [02:04<08:26, 29.78s/it, RMSE=1.468TECU, rel_dP=6.03e-03]  [EKF] iterating [analytical]:  20%|██        | 4/20 [02:04<08:44, 32.77s/it, RMSE=1.468TECU, rel_dP=6.03e-03]  [EKF] iterating [analytical]:  20%|██        | 4/20 [02:41<08:44, 32.77s/it, RMSE=1.412TECU, rel_dP=4.98e-03]  [EKF] iterating [analytical]:  25%|██▌       | 5/20 [02:41<08:35, 34.36s/it, RMSE=1.412TECU, rel_dP=4.98e-03]  [EKF] iterating [analytical]:  25%|██▌       | 5/20 [03:17<08:35, 34.36s/it, RMSE=1.373TECU, rel_dP=4.36e-03]  [EKF] iterating [analytical]:  30%|███       | 6/20 [03:17<08:08, 34.93s/it, RMSE=1.373TECU, rel_dP=4.36e-03]  [EKF] iterating [analytical]:  30%|███       | 6/20 [03:54<08:08, 34.93s/it, RMSE=1.343TECU, rel_dP=3.91e-03]  [EKF] iterating [analytical]:  35%|███▌      | 7/20 [03:54<07:40, 35.45s/it, RMSE=1.343TECU, rel_dP=3.91e-03]  [EKF] iterating [analytical]:  35%|███▌      | 7/20 [04:18<07:40, 35.45s/it, RMSE=1.319TECU, rel_dP=3.57e-03]  [EKF] iterating [analytical]:  40%|████      | 8/20 [04:18<06:21, 31.79s/it, RMSE=1.319TECU, rel_dP=3.57e-03]  [EKF] iterating [analytical]:  40%|████      | 8/20 [04:42<06:21, 31.79s/it, RMSE=1.299TECU, rel_dP=3.29e-03]  [EKF] iterating [analytical]:  45%|████▌     | 9/20 [04:42<05:23, 29.40s/it, RMSE=1.299TECU, rel_dP=3.29e-03]  [EKF] iterating [analytical]:  45%|████▌     | 9/20 [05:06<05:23, 29.40s/it, RMSE=1.282TECU, rel_dP=3.05e-03]  [EKF] iterating [analytical]:  50%|█████     | 10/20 [05:06<04:37, 27.73s/it, RMSE=1.282TECU, rel_dP=3.05e-03]  [EKF] iterating [analytical]:  50%|█████     | 10/20 [05:30<04:37, 27.73s/it, RMSE=1.267TECU, rel_dP=2.84e-03]  [EKF] iterating [analytical]:  55%|█████▌    | 11/20 [05:30<03:59, 26.58s/it, RMSE=1.267TECU, rel_dP=2.84e-03]  [EKF] iterating [analytical]:  55%|█████▌    | 11/20 [05:54<03:59, 26.58s/it, RMSE=1.255TECU, rel_dP=2.65e-03]  [EKF] iterating [analytical]:  60%|██████    | 12/20 [05:54<03:27, 25.90s/it, RMSE=1.255TECU, rel_dP=2.65e-03]  [EKF] iterating [analytical]:  60%|██████    | 12/20 [06:18<03:27, 25.90s/it, RMSE=1.243TECU, rel_dP=2.48e-03]  [EKF] iterating [analytical]:  65%|██████▌   | 13/20 [06:18<02:57, 25.37s/it, RMSE=1.243TECU, rel_dP=2.48e-03]  [EKF] iterating [analytical]:  65%|██████▌   | 13/20 [06:43<02:57, 25.37s/it, RMSE=1.233TECU, rel_dP=2.34e-03]  [EKF] iterating [analytical]:  70%|███████   | 14/20 [06:43<02:30, 25.14s/it, RMSE=1.233TECU, rel_dP=2.34e-03]  [EKF] iterating [analytical]:  70%|███████   | 14/20 [07:07<02:30, 25.14s/it, RMSE=1.227TECU, rel_dP=2.21e-03]  [EKF] iterating [analytical]:  75%|███████▌  | 15/20 [07:07<02:04, 24.81s/it, RMSE=1.227TECU, rel_dP=2.21e-03]  [EKF] iterating [analytical]:  75%|███████▌  | 15/20 [07:31<02:04, 24.81s/it, RMSE=1.222TECU, rel_dP=2.10e-03]  [EKF] iterating [analytical]:  80%|████████  | 16/20 [07:31<01:38, 24.59s/it, RMSE=1.222TECU, rel_dP=2.10e-03]  [EKF] iterating [analytical]:  80%|████████  | 16/20 [07:55<01:38, 24.59s/it, RMSE=1.218TECU, rel_dP=2.03e-03]  [EKF] iterating [analytical]:  85%|████████▌ | 17/20 [07:55<01:13, 24.36s/it, RMSE=1.218TECU, rel_dP=2.03e-03]  [EKF] iterating [analytical]:  85%|████████▌ | 17/20 [08:19<01:13, 24.36s/it, RMSE=1.214TECU, rel_dP=1.96e-03]  [EKF] iterating [analytical]:  90%|█████████ | 18/20 [08:19<00:48, 24.25s/it, RMSE=1.214TECU, rel_dP=1.96e-03]  [EKF] iterating [analytical]:  90%|█████████ | 18/20 [08:42<00:48, 24.25s/it, RMSE=1.210TECU, rel_dP=1.90e-03]  [EKF] iterating [analytical]:  95%|█████████▌| 19/20 [08:42<00:24, 24.11s/it, RMSE=1.210TECU, rel_dP=1.90e-03]  [EKF] iterating [analytical]:  95%|█████████▌| 19/20 [09:06<00:24, 24.11s/it, RMSE=1.206TECU, rel_dP=1.85e-03]  [EKF] iterating [analytical]: 100%|██████████| 20/20 [09:06<00:00, 24.02s/it, RMSE=1.206TECU, rel_dP=1.85e-03]                                                                                                                  [EKF] Reached max_iter=20 without convergence  (final ||ΔP||/||P|| = 1.85e-03)
  [EKF] Posterior innovations  mean=-0.04  std=1.20  max_abs=26.81 TECU
  [EKF] Prior RMSE 11.296 TECU  →  Post RMSE 1.835 TECU

  [sweep 2026-02-12_0200] N_OCC=90  (RO arcs available=24, used=24)
  [EKF] 24 arcs  |  4132 profile rays  |  1106 update rays  |  n_state = 1016
  [EKF] Prior innovations  mean=5.07  std=15.06  max_abs=54.90 TECU
  [EKF] iterating [analytical]:   0%|          | 0/20 [00:00<?, ?it/s]  [EKF] iterating [analytical]:   0%|          | 0/20 [00:04<?, ?it/s, RMSE=15.891TECU, rel_dP=2.91e-02]  [EKF] iterating [analytical]:   5%|▌         | 1/20 [00:04<01:20,  4.24s/it, RMSE=15.891TECU, rel_dP=2.91e-02]  [EKF] iterating [analytical]:   5%|▌         | 1/20 [00:08<01:20,  4.24s/it, RMSE=4.685TECU, rel_dP=1.38e-02]   [EKF] iterating [analytical]:  10%|█         | 2/20 [00:08<01:19,  4.44s/it, RMSE=4.685TECU, rel_dP=1.38e-02]  [EKF] iterating [analytical]:  10%|█         | 2/20 [00:13<01:19,  4.44s/it, RMSE=3.269TECU, rel_dP=8.25e-03]  [EKF] iterating [analytical]:  15%|█▌        | 3/20 [00:13<01:13,  4.33s/it, RMSE=3.269TECU, rel_dP=8.25e-03]  [EKF] iterating [analytical]:  15%|█▌        | 3/20 [00:17<01:13,  4.33s/it, RMSE=2.962TECU, rel_dP=5.93e-03]  [EKF] iterating [analytical]:  20%|██        | 4/20 [00:17<01:08,  4.31s/it, RMSE=2.962TECU, rel_dP=5.93e-03]  [EKF] iterating [analytical]:  20%|██        | 4/20 [00:21<01:08,  4.31s/it, RMSE=2.831TECU, rel_dP=4.84e-03]  [EKF] iterating [analytical]:  25%|██▌       | 5/20 [00:21<01:04,  4.30s/it, RMSE=2.831TECU, rel_dP=4.84e-03]  [EKF] iterating [analytical]:  25%|██▌       | 5/20 [00:25<01:04,  4.30s/it, RMSE=2.742TECU, rel_dP=4.18e-03]  [EKF] iterating [analytical]:  30%|███       | 6/20 [00:25<01:00,  4.31s/it, RMSE=2.742TECU, rel_dP=4.18e-03]  [EKF] iterating [analytical]:  30%|███       | 6/20 [00:30<01:00,  4.31s/it, RMSE=2.673TECU, rel_dP=3.71e-03]  [EKF] iterating [analytical]:  35%|███▌      | 7/20 [00:30<00:55,  4.26s/it, RMSE=2.673TECU, rel_dP=3.71e-03]  [EKF] iterating [analytical]:  35%|███▌      | 7/20 [00:34<00:55,  4.26s/it, RMSE=2.619TECU, rel_dP=3.35e-03]  [EKF] iterating [analytical]:  40%|████      | 8/20 [00:34<00:51,  4.25s/it, RMSE=2.619TECU, rel_dP=3.35e-03]  [EKF] iterating [analytical]:  40%|████      | 8/20 [00:38<00:51,  4.25s/it, RMSE=2.574TECU, rel_dP=3.06e-03]  [EKF] iterating [analytical]:  45%|████▌     | 9/20 [00:38<00:46,  4.25s/it, RMSE=2.574TECU, rel_dP=3.06e-03]  [EKF] iterating [analytical]:  45%|████▌     | 9/20 [00:42<00:46,  4.25s/it, RMSE=2.537TECU, rel_dP=2.82e-03]  [EKF] iterating [analytical]:  50%|█████     | 10/20 [00:42<00:42,  4.21s/it, RMSE=2.537TECU, rel_dP=2.82e-03]  [EKF] iterating [analytical]:  50%|█████     | 10/20 [00:46<00:42,  4.21s/it, RMSE=2.506TECU, rel_dP=2.61e-03]  [EKF] iterating [analytical]:  55%|█████▌    | 11/20 [00:46<00:37,  4.21s/it, RMSE=2.506TECU, rel_dP=2.61e-03]  [EKF] iterating [analytical]:  55%|█████▌    | 11/20 [00:51<00:37,  4.21s/it, RMSE=2.478TECU, rel_dP=2.43e-03]  [EKF] iterating [analytical]:  60%|██████    | 12/20 [00:51<00:33,  4.25s/it, RMSE=2.478TECU, rel_dP=2.43e-03]  [EKF] iterating [analytical]:  60%|██████    | 12/20 [00:55<00:33,  4.25s/it, RMSE=2.454TECU, rel_dP=2.28e-03]  [EKF] iterating [analytical]:  65%|██████▌   | 13/20 [00:55<00:29,  4.24s/it, RMSE=2.454TECU, rel_dP=2.28e-03]  [EKF] iterating [analytical]:  65%|██████▌   | 13/20 [00:59<00:29,  4.24s/it, RMSE=2.433TECU, rel_dP=2.14e-03]  [EKF] iterating [analytical]:  70%|███████   | 14/20 [00:59<00:25,  4.24s/it, RMSE=2.433TECU, rel_dP=2.14e-03]  [EKF] iterating [analytical]:  70%|███████   | 14/20 [01:03<00:25,  4.24s/it, RMSE=2.414TECU, rel_dP=2.02e-03]  [EKF] iterating [analytical]:  75%|███████▌  | 15/20 [01:03<00:21,  4.25s/it, RMSE=2.414TECU, rel_dP=2.02e-03]  [EKF] iterating [analytical]:  75%|███████▌  | 15/20 [01:08<00:21,  4.25s/it, RMSE=2.397TECU, rel_dP=1.91e-03]  [EKF] iterating [analytical]:  80%|████████  | 16/20 [01:08<00:17,  4.28s/it, RMSE=2.397TECU, rel_dP=1.91e-03]  [EKF] iterating [analytical]:  80%|████████  | 16/20 [01:12<00:17,  4.28s/it, RMSE=2.382TECU, rel_dP=1.82e-03]  [EKF] iterating [analytical]:  85%|████████▌ | 17/20 [01:12<00:12,  4.33s/it, RMSE=2.382TECU, rel_dP=1.82e-03]  [EKF] iterating [analytical]:  85%|████████▌ | 17/20 [01:16<00:12,  4.33s/it, RMSE=2.371TECU, rel_dP=1.72e-03]  [EKF] iterating [analytical]:  90%|█████████ | 18/20 [01:16<00:08,  4.29s/it, RMSE=2.371TECU, rel_dP=1.72e-03]  [EKF] iterating [analytical]:  90%|█████████ | 18/20 [01:21<00:08,  4.29s/it, RMSE=2.363TECU, rel_dP=1.66e-03]  [EKF] iterating [analytical]:  95%|█████████▌| 19/20 [01:21<00:04,  4.26s/it, RMSE=2.363TECU, rel_dP=1.66e-03]  [EKF] iterating [analytical]:  95%|█████████▌| 19/20 [01:25<00:04,  4.26s/it, RMSE=2.356TECU, rel_dP=1.60e-03]  [EKF] iterating [analytical]: 100%|██████████| 20/20 [01:25<00:00,  4.28s/it, RMSE=2.356TECU, rel_dP=1.60e-03]                                                                                                                  [EKF] Reached max_iter=20 without convergence  (final ||ΔP||/||P|| = 1.60e-03)
  [EKF] Posterior innovations  mean=-0.05  std=2.35  max_abs=26.77 TECU
  [EKF] Prior RMSE 15.838 TECU  →  Post RMSE 2.460 TECU
  [EKF] 629 arcs  |  8173 profile rays  |  5147 update rays  |  n_state = 1016
  [EKF] Prior innovations  mean=1.42  std=7.31  max_abs=54.90 TECU
  [EKF] iterating [analytical]:   0%|          | 0/20 [00:00<?, ?it/s]  [EKF] iterating [analytical]:   0%|          | 0/20 [00:23<?, ?it/s, RMSE=7.449TECU, rel_dP=2.95e-02]  [EKF] iterating [analytical]:   5%|▌         | 1/20 [00:23<07:29, 23.67s/it, RMSE=7.449TECU, rel_dP=2.95e-02]  [EKF] iterating [analytical]:   5%|▌         | 1/20 [00:47<07:29, 23.67s/it, RMSE=2.240TECU, rel_dP=1.39e-02]  [EKF] iterating [analytical]:  10%|█         | 2/20 [00:47<07:07, 23.75s/it, RMSE=2.240TECU, rel_dP=1.39e-02]  [EKF] iterating [analytical]:  10%|█         | 2/20 [01:11<07:07, 23.75s/it, RMSE=1.602TECU, rel_dP=8.30e-03]  [EKF] iterating [analytical]:  15%|█▌        | 3/20 [01:11<06:43, 23.73s/it, RMSE=1.602TECU, rel_dP=8.30e-03]  [EKF] iterating [analytical]:  15%|█▌        | 3/20 [01:35<06:43, 23.73s/it, RMSE=1.468TECU, rel_dP=6.03e-03]  [EKF] iterating [analytical]:  20%|██        | 4/20 [01:35<06:20, 23.79s/it, RMSE=1.468TECU, rel_dP=6.03e-03]  [EKF] iterating [analytical]:  20%|██        | 4/20 [01:58<06:20, 23.79s/it, RMSE=1.412TECU, rel_dP=4.98e-03]  [EKF] iterating [analytical]:  25%|██▌       | 5/20 [01:58<05:56, 23.77s/it, RMSE=1.412TECU, rel_dP=4.98e-03]  [EKF] iterating [analytical]:  25%|██▌       | 5/20 [02:22<05:56, 23.77s/it, RMSE=1.373TECU, rel_dP=4.36e-03]  [EKF] iterating [analytical]:  30%|███       | 6/20 [02:22<05:34, 23.88s/it, RMSE=1.373TECU, rel_dP=4.36e-03]  [EKF] iterating [analytical]:  30%|███       | 6/20 [02:47<05:34, 23.88s/it, RMSE=1.343TECU, rel_dP=3.91e-03]  [EKF] iterating [analytical]:  35%|███▌      | 7/20 [02:47<05:13, 24.10s/it, RMSE=1.343TECU, rel_dP=3.91e-03]  [EKF] iterating [analytical]:  35%|███▌      | 7/20 [03:11<05:13, 24.10s/it, RMSE=1.319TECU, rel_dP=3.57e-03]  [EKF] iterating [analytical]:  40%|████      | 8/20 [03:11<04:50, 24.20s/it, RMSE=1.319TECU, rel_dP=3.57e-03]  [EKF] iterating [analytical]:  40%|████      | 8/20 [03:35<04:50, 24.20s/it, RMSE=1.299TECU, rel_dP=3.29e-03]  [EKF] iterating [analytical]:  45%|████▌     | 9/20 [03:35<04:25, 24.10s/it, RMSE=1.299TECU, rel_dP=3.29e-03]  [EKF] iterating [analytical]:  45%|████▌     | 9/20 [03:59<04:25, 24.10s/it, RMSE=1.282TECU, rel_dP=3.05e-03]  [EKF] iterating [analytical]:  50%|█████     | 10/20 [03:59<03:59, 23.99s/it, RMSE=1.282TECU, rel_dP=3.05e-03]  [EKF] iterating [analytical]:  50%|█████     | 10/20 [04:23<03:59, 23.99s/it, RMSE=1.267TECU, rel_dP=2.84e-03]  [EKF] iterating [analytical]:  55%|█████▌    | 11/20 [04:23<03:35, 23.96s/it, RMSE=1.267TECU, rel_dP=2.84e-03]  [EKF] iterating [analytical]:  55%|█████▌    | 11/20 [04:48<03:35, 23.96s/it, RMSE=1.255TECU, rel_dP=2.65e-03]  [EKF] iterating [analytical]:  60%|██████    | 12/20 [04:48<03:13, 24.21s/it, RMSE=1.255TECU, rel_dP=2.65e-03]  [EKF] iterating [analytical]:  60%|██████    | 12/20 [05:13<03:13, 24.21s/it, RMSE=1.243TECU, rel_dP=2.48e-03]  [EKF] iterating [analytical]:  65%|██████▌   | 13/20 [05:13<02:50, 24.43s/it, RMSE=1.243TECU, rel_dP=2.48e-03]  [EKF] iterating [analytical]:  65%|██████▌   | 13/20 [05:37<02:50, 24.43s/it, RMSE=1.233TECU, rel_dP=2.34e-03]  [EKF] iterating [analytical]:  70%|███████   | 14/20 [05:37<02:26, 24.38s/it, RMSE=1.233TECU, rel_dP=2.34e-03]  [EKF] iterating [analytical]:  70%|███████   | 14/20 [06:01<02:26, 24.38s/it, RMSE=1.227TECU, rel_dP=2.21e-03]  [EKF] iterating [analytical]:  75%|███████▌  | 15/20 [06:01<02:02, 24.42s/it, RMSE=1.227TECU, rel_dP=2.21e-03]  [EKF] iterating [analytical]:  75%|███████▌  | 15/20 [06:26<02:02, 24.42s/it, RMSE=1.222TECU, rel_dP=2.10e-03]  [EKF] iterating [analytical]:  80%|████████  | 16/20 [06:26<01:37, 24.41s/it, RMSE=1.222TECU, rel_dP=2.10e-03]  [EKF] iterating [analytical]:  80%|████████  | 16/20 [06:50<01:37, 24.41s/it, RMSE=1.218TECU, rel_dP=2.03e-03]  [EKF] iterating [analytical]:  85%|████████▌ | 17/20 [06:50<01:13, 24.34s/it, RMSE=1.218TECU, rel_dP=2.03e-03]  [EKF] iterating [analytical]:  85%|████████▌ | 17/20 [07:17<01:13, 24.34s/it, RMSE=1.214TECU, rel_dP=1.96e-03]  [EKF] iterating [analytical]:  90%|█████████ | 18/20 [07:17<00:50, 25.14s/it, RMSE=1.214TECU, rel_dP=1.96e-03]  [EKF] iterating [analytical]:  90%|█████████ | 18/20 [07:41<00:50, 25.14s/it, RMSE=1.210TECU, rel_dP=1.90e-03]  [EKF] iterating [analytical]:  95%|█████████▌| 19/20 [07:41<00:24, 24.95s/it, RMSE=1.210TECU, rel_dP=1.90e-03]  [EKF] iterating [analytical]:  95%|█████████▌| 19/20 [08:07<00:24, 24.95s/it, RMSE=1.206TECU, rel_dP=1.85e-03]  [EKF] iterating [analytical]: 100%|██████████| 20/20 [08:07<00:00, 25.07s/it, RMSE=1.206TECU, rel_dP=1.85e-03]                                                                                                                  [EKF] Reached max_iter=20 without convergence  (final ||ΔP||/||P|| = 1.85e-03)
  [EKF] Posterior innovations  mean=-0.04  std=1.20  max_abs=26.81 TECU
  [EKF] Prior RMSE 11.296 TECU  →  Post RMSE 1.835 TECU

  [sweep 2026-02-12_0200] N_OCC=100  (RO arcs available=24, used=24)
  [EKF] 24 arcs  |  4132 profile rays  |  1106 update rays  |  n_state = 1016
  [EKF] Prior innovations  mean=5.07  std=15.06  max_abs=54.90 TECU
  [EKF] iterating [analytical]:   0%|          | 0/20 [00:00<?, ?it/s]  [EKF] iterating [analytical]:   0%|          | 0/20 [00:04<?, ?it/s, RMSE=15.891TECU, rel_dP=2.91e-02]  [EKF] iterating [analytical]:   5%|▌         | 1/20 [00:04<01:21,  4.29s/it, RMSE=15.891TECU, rel_dP=2.91e-02]  [EKF] iterating [analytical]:   5%|▌         | 1/20 [00:08<01:21,  4.29s/it, RMSE=4.685TECU, rel_dP=1.38e-02]   [EKF] iterating [analytical]:  10%|█         | 2/20 [00:08<01:20,  4.45s/it, RMSE=4.685TECU, rel_dP=1.38e-02]  [EKF] iterating [analytical]:  10%|█         | 2/20 [00:13<01:20,  4.45s/it, RMSE=3.269TECU, rel_dP=8.25e-03]  [EKF] iterating [analytical]:  15%|█▌        | 3/20 [00:13<01:15,  4.44s/it, RMSE=3.269TECU, rel_dP=8.25e-03]  [EKF] iterating [analytical]:  15%|█▌        | 3/20 [00:17<01:15,  4.44s/it, RMSE=2.962TECU, rel_dP=5.93e-03]  [EKF] iterating [analytical]:  20%|██        | 4/20 [00:17<01:11,  4.45s/it, RMSE=2.962TECU, rel_dP=5.93e-03]  [EKF] iterating [analytical]:  20%|██        | 4/20 [00:22<01:11,  4.45s/it, RMSE=2.831TECU, rel_dP=4.84e-03]  [EKF] iterating [analytical]:  25%|██▌       | 5/20 [00:22<01:10,  4.67s/it, RMSE=2.831TECU, rel_dP=4.84e-03]  [EKF] iterating [analytical]:  25%|██▌       | 5/20 [00:27<01:10,  4.67s/it, RMSE=2.742TECU, rel_dP=4.18e-03]  [EKF] iterating [analytical]:  30%|███       | 6/20 [00:27<01:03,  4.54s/it, RMSE=2.742TECU, rel_dP=4.18e-03]  [EKF] iterating [analytical]:  30%|███       | 6/20 [00:31<01:03,  4.54s/it, RMSE=2.673TECU, rel_dP=3.71e-03]  [EKF] iterating [analytical]:  35%|███▌      | 7/20 [00:31<00:59,  4.59s/it, RMSE=2.673TECU, rel_dP=3.71e-03]  [EKF] iterating [analytical]:  35%|███▌      | 7/20 [00:36<00:59,  4.59s/it, RMSE=2.619TECU, rel_dP=3.35e-03]  [EKF] iterating [analytical]:  40%|████      | 8/20 [00:36<00:54,  4.54s/it, RMSE=2.619TECU, rel_dP=3.35e-03]  [EKF] iterating [analytical]:  40%|████      | 8/20 [00:40<00:54,  4.54s/it, RMSE=2.574TECU, rel_dP=3.06e-03]  [EKF] iterating [analytical]:  45%|████▌     | 9/20 [00:40<00:49,  4.54s/it, RMSE=2.574TECU, rel_dP=3.06e-03]  [EKF] iterating [analytical]:  45%|████▌     | 9/20 [00:45<00:49,  4.54s/it, RMSE=2.537TECU, rel_dP=2.82e-03]  [EKF] iterating [analytical]:  50%|█████     | 10/20 [00:45<00:45,  4.52s/it, RMSE=2.537TECU, rel_dP=2.82e-03]  [EKF] iterating [analytical]:  50%|█████     | 10/20 [00:49<00:45,  4.52s/it, RMSE=2.506TECU, rel_dP=2.61e-03]  [EKF] iterating [analytical]:  55%|█████▌    | 11/20 [00:49<00:41,  4.57s/it, RMSE=2.506TECU, rel_dP=2.61e-03]  [EKF] iterating [analytical]:  55%|█████▌    | 11/20 [00:54<00:41,  4.57s/it, RMSE=2.478TECU, rel_dP=2.43e-03]  [EKF] iterating [analytical]:  60%|██████    | 12/20 [00:54<00:36,  4.54s/it, RMSE=2.478TECU, rel_dP=2.43e-03]  [EKF] iterating [analytical]:  60%|██████    | 12/20 [00:59<00:36,  4.54s/it, RMSE=2.454TECU, rel_dP=2.28e-03]  [EKF] iterating [analytical]:  65%|██████▌   | 13/20 [00:59<00:31,  4.57s/it, RMSE=2.454TECU, rel_dP=2.28e-03]  [EKF] iterating [analytical]:  65%|██████▌   | 13/20 [01:04<00:31,  4.57s/it, RMSE=2.433TECU, rel_dP=2.14e-03]  [EKF] iterating [analytical]:  70%|███████   | 14/20 [01:04<00:28,  4.73s/it, RMSE=2.433TECU, rel_dP=2.14e-03]  [EKF] iterating [analytical]:  70%|███████   | 14/20 [01:09<00:28,  4.73s/it, RMSE=2.414TECU, rel_dP=2.02e-03]  [EKF] iterating [analytical]:  75%|███████▌  | 15/20 [01:09<00:23,  4.79s/it, RMSE=2.414TECU, rel_dP=2.02e-03]  [EKF] iterating [analytical]:  75%|███████▌  | 15/20 [01:14<00:23,  4.79s/it, RMSE=2.397TECU, rel_dP=1.91e-03]  [EKF] iterating [analytical]:  80%|████████  | 16/20 [01:14<00:19,  4.87s/it, RMSE=2.397TECU, rel_dP=1.91e-03]  [EKF] iterating [analytical]:  80%|████████  | 16/20 [01:18<00:19,  4.87s/it, RMSE=2.382TECU, rel_dP=1.82e-03]  [EKF] iterating [analytical]:  85%|████████▌ | 17/20 [01:18<00:14,  4.84s/it, RMSE=2.382TECU, rel_dP=1.82e-03]  [EKF] iterating [analytical]:  85%|████████▌ | 17/20 [01:23<00:14,  4.84s/it, RMSE=2.371TECU, rel_dP=1.72e-03]  [EKF] iterating [analytical]:  90%|█████████ | 18/20 [01:23<00:09,  4.74s/it, RMSE=2.371TECU, rel_dP=1.72e-03]  [EKF] iterating [analytical]:  90%|█████████ | 18/20 [01:28<00:09,  4.74s/it, RMSE=2.363TECU, rel_dP=1.66e-03]  [EKF] iterating [analytical]:  95%|█████████▌| 19/20 [01:28<00:04,  4.79s/it, RMSE=2.363TECU, rel_dP=1.66e-03]  [EKF] iterating [analytical]:  95%|█████████▌| 19/20 [01:33<00:04,  4.79s/it, RMSE=2.356TECU, rel_dP=1.60e-03]  [EKF] iterating [analytical]: 100%|██████████| 20/20 [01:33<00:00,  4.87s/it, RMSE=2.356TECU, rel_dP=1.60e-03]                                                                                                                  [EKF] Reached max_iter=20 without convergence  (final ||ΔP||/||P|| = 1.60e-03)
  [EKF] Posterior innovations  mean=-0.05  std=2.35  max_abs=26.77 TECU
  [EKF] Prior RMSE 15.838 TECU  →  Post RMSE 2.460 TECU
  [EKF] 629 arcs  |  8173 profile rays  |  5147 update rays  |  n_state = 1016
  [EKF] Prior innovations  mean=1.42  std=7.31  max_abs=54.90 TECU
  [EKF] iterating [analytical]:   0%|          | 0/20 [00:00<?, ?it/s]  [EKF] iterating [analytical]:   0%|          | 0/20 [00:25<?, ?it/s, RMSE=7.449TECU, rel_dP=2.95e-02]  [EKF] iterating [analytical]:   5%|▌         | 1/20 [00:25<07:55, 25.04s/it, RMSE=7.449TECU, rel_dP=2.95e-02]  [EKF] iterating [analytical]:   5%|▌         | 1/20 [00:49<07:55, 25.04s/it, RMSE=2.240TECU, rel_dP=1.39e-02]  [EKF] iterating [analytical]:  10%|█         | 2/20 [00:49<07:23, 24.62s/it, RMSE=2.240TECU, rel_dP=1.39e-02]  [EKF] iterating [analytical]:  10%|█         | 2/20 [01:13<07:23, 24.62s/it, RMSE=1.602TECU, rel_dP=8.30e-03]  [EKF] iterating [analytical]:  15%|█▌        | 3/20 [01:13<06:52, 24.28s/it, RMSE=1.602TECU, rel_dP=8.30e-03]  [EKF] iterating [analytical]:  15%|█▌        | 3/20 [01:37<06:52, 24.28s/it, RMSE=1.468TECU, rel_dP=6.03e-03]  [EKF] iterating [analytical]:  20%|██        | 4/20 [01:37<06:27, 24.23s/it, RMSE=1.468TECU, rel_dP=6.03e-03]  [EKF] iterating [analytical]:  20%|██        | 4/20 [02:01<06:27, 24.23s/it, RMSE=1.412TECU, rel_dP=4.98e-03]  [EKF] iterating [analytical]:  25%|██▌       | 5/20 [02:01<06:02, 24.19s/it, RMSE=1.412TECU, rel_dP=4.98e-03]  [EKF] iterating [analytical]:  25%|██▌       | 5/20 [02:25<06:02, 24.19s/it, RMSE=1.373TECU, rel_dP=4.36e-03]  [EKF] iterating [analytical]:  30%|███       | 6/20 [02:25<05:38, 24.20s/it, RMSE=1.373TECU, rel_dP=4.36e-03]  [EKF] iterating [analytical]:  30%|███       | 6/20 [02:49<05:38, 24.20s/it, RMSE=1.343TECU, rel_dP=3.91e-03]  [EKF] iterating [analytical]:  35%|███▌      | 7/20 [02:49<05:14, 24.19s/it, RMSE=1.343TECU, rel_dP=3.91e-03]  [EKF] iterating [analytical]:  35%|███▌      | 7/20 [03:14<05:14, 24.19s/it, RMSE=1.319TECU, rel_dP=3.57e-03]  [EKF] iterating [analytical]:  40%|████      | 8/20 [03:14<04:51, 24.33s/it, RMSE=1.319TECU, rel_dP=3.57e-03]  [EKF] iterating [analytical]:  40%|████      | 8/20 [03:39<04:51, 24.33s/it, RMSE=1.299TECU, rel_dP=3.29e-03]  [EKF] iterating [analytical]:  45%|████▌     | 9/20 [03:39<04:28, 24.38s/it, RMSE=1.299TECU, rel_dP=3.29e-03]  [EKF] iterating [analytical]:  45%|████▌     | 9/20 [04:03<04:28, 24.38s/it, RMSE=1.282TECU, rel_dP=3.05e-03]  [EKF] iterating [analytical]:  50%|█████     | 10/20 [04:03<04:03, 24.35s/it, RMSE=1.282TECU, rel_dP=3.05e-03]  [EKF] iterating [analytical]:  50%|█████     | 10/20 [04:27<04:03, 24.35s/it, RMSE=1.267TECU, rel_dP=2.84e-03]  [EKF] iterating [analytical]:  55%|█████▌    | 11/20 [04:27<03:39, 24.37s/it, RMSE=1.267TECU, rel_dP=2.84e-03]  [EKF] iterating [analytical]:  55%|█████▌    | 11/20 [04:51<03:39, 24.37s/it, RMSE=1.255TECU, rel_dP=2.65e-03]  [EKF] iterating [analytical]:  60%|██████    | 12/20 [04:51<03:14, 24.33s/it, RMSE=1.255TECU, rel_dP=2.65e-03]  [EKF] iterating [analytical]:  60%|██████    | 12/20 [05:16<03:14, 24.33s/it, RMSE=1.243TECU, rel_dP=2.48e-03]  [EKF] iterating [analytical]:  65%|██████▌   | 13/20 [05:16<02:50, 24.33s/it, RMSE=1.243TECU, rel_dP=2.48e-03]  [EKF] iterating [analytical]:  65%|██████▌   | 13/20 [05:40<02:50, 24.33s/it, RMSE=1.233TECU, rel_dP=2.34e-03]  [EKF] iterating [analytical]:  70%|███████   | 14/20 [05:40<02:25, 24.32s/it, RMSE=1.233TECU, rel_dP=2.34e-03]  [EKF] iterating [analytical]:  70%|███████   | 14/20 [06:04<02:25, 24.32s/it, RMSE=1.227TECU, rel_dP=2.21e-03]  [EKF] iterating [analytical]:  75%|███████▌  | 15/20 [06:04<02:01, 24.21s/it, RMSE=1.227TECU, rel_dP=2.21e-03]  [EKF] iterating [analytical]:  75%|███████▌  | 15/20 [06:30<02:01, 24.21s/it, RMSE=1.222TECU, rel_dP=2.10e-03]  [EKF] iterating [analytical]:  80%|████████  | 16/20 [06:30<01:39, 24.84s/it, RMSE=1.222TECU, rel_dP=2.10e-03]  [EKF] iterating [analytical]:  80%|████████  | 16/20 [06:55<01:39, 24.84s/it, RMSE=1.218TECU, rel_dP=2.03e-03]  [EKF] iterating [analytical]:  85%|████████▌ | 17/20 [06:55<01:14, 24.92s/it, RMSE=1.218TECU, rel_dP=2.03e-03]  [EKF] iterating [analytical]:  85%|████████▌ | 17/20 [07:20<01:14, 24.92s/it, RMSE=1.214TECU, rel_dP=1.96e-03]  [EKF] iterating [analytical]:  90%|█████████ | 18/20 [07:20<00:49, 24.81s/it, RMSE=1.214TECU, rel_dP=1.96e-03]  [EKF] iterating [analytical]:  90%|█████████ | 18/20 [07:44<00:49, 24.81s/it, RMSE=1.210TECU, rel_dP=1.90e-03]  [EKF] iterating [analytical]:  95%|█████████▌| 19/20 [07:44<00:24, 24.61s/it, RMSE=1.210TECU, rel_dP=1.90e-03]  [EKF] iterating [analytical]:  95%|█████████▌| 19/20 [08:09<00:24, 24.61s/it, RMSE=1.206TECU, rel_dP=1.85e-03]  [EKF] iterating [analytical]: 100%|██████████| 20/20 [08:09<00:00, 24.83s/it, RMSE=1.206TECU, rel_dP=1.85e-03]                                                                                                                  [EKF] Reached max_iter=20 without convergence  (final ||ΔP||/||P|| = 1.85e-03)
  [EKF] Posterior innovations  mean=-0.04  std=1.20  max_abs=26.81 TECU
  [EKF] Prior RMSE 11.296 TECU  →  Post RMSE 1.835 TECU
  ✓ window contributed 60 rows (120 total).

######################################################################
#  2025.172 (summer_solstice)  —  /home/austinhunter/Downloads/PlanetiQ_Code/BC_Processing/podTc2/2025.172/
######################################################################
  Qualifying arcs: 1976 across 25 60-min bins (before ROI gate)
  Retained 0 windows (0 total arcs); dropped 6 (no ROI arcs) + 19 (< 16 arcs).
[skip] no windows retained for 2025.172.

######################################################################
#  2025.265 (autumn_equinox)  —  /home/austinhunter/Downloads/PlanetiQ_Code/BC_Processing/podTc2/2025.265/
######################################################################
  Qualifying arcs: 3540 across 25 60-min bins (before ROI gate)
    Window 2025-09-22_1100: 25 arcs  [C:5  E:7  G:13]
    Window 2025-09-22_1400: 19 arcs  [C:7  E:8  G:4]
  Retained 2 windows (44 total arcs); dropped 5 (no ROI arcs) + 18 (< 16 arcs).

------------------------------------------------------------------
  Window 1/2: 2025-09-22_1100 (25 arcs)
------------------------------------------------------------------
  [cache hit]  iri_2025_265_1100_5.0deg_lat20.0_88.0_lon-178.8_179.4.npz
  Building IRI truth grid [1-deg truth (sweep)]  (5204 pts, 13:00 UTC, F10.7+15) …
  Arc 1/25: 4 G8  172 epochs  TEC 48.2–242.9 TECU
  Arc 2/25: 4 E36  200 epochs  TEC 102.0–241.7 TECU
  Arc 3/25: 4 C40  163 epochs  TEC 97.7–263.0 TECU
  Arc 4/25: 4 G27  154 epochs  TEC 95.4–265.1 TECU
  Arc 5/25: 4 E33  147 epochs  TEC 80.5–174.8 TECU
  Arc 6/25: 4 C37  149 epochs  TEC 51.7–125.8 TECU
  Arc 7/25: 4 G30  190 epochs  TEC 51.7–159.5 TECU
  Arc 8/25: 4 E33  147 epochs  TEC 80.5–174.8 TECU
  Arc 9/25: 4 C39  186 epochs  TEC 79.3–278.2 TECU
  Arc 10/25: 4 G4  168 epochs  TEC 96.7–294.9 TECU
  Arc 11/25: 8 E27  177 epochs  TEC 58.4–220.3 TECU
  Arc 12/25: 8 C27  175 epochs  TEC 104.9–222.8 TECU
  Arc 13/25: 4 G30  190 epochs  TEC 51.7–159.5 TECU
  Arc 14/25: 8 E26  173 epochs  TEC 91.3–269.5 TECU
  Arc 15/25: 8 C37  143 epochs  TEC 96.3–208.4 TECU
  Arc 16/25: 4 G11  145 epochs  TEC 62.5–135.7 TECU
  Arc 17/25: 8 E8  181 epochs  TEC 33.6–210.6 TECU
  Arc 18/25: 4 G11  145 epochs  TEC 62.5–135.7 TECU
  Arc 19/25: 8 E36  180 epochs  TEC 88.9–172.3 TECU
  Arc 20/25: 4 G6  153 epochs  TEC 91.4–264.2 TECU
  Arc 21/25: 8 G30  146 epochs  TEC 93.8–179.7 TECU
  Arc 22/25: 8 G6  173 epochs  TEC 97.7–206.0 TECU
  Arc 23/25: 8 G18  177 epochs  TEC 112.6–233.3 TECU
  Arc 24/25: 8 G18  177 epochs  TEC 112.6–233.3 TECU
  Arc 25/25: 8 G31  152 epochs  TEC 93.5–218.5 TECU
  [IGS-sim] Resolved 9 station(s): ['TRO1', 'WUTH', 'NYA1', 'KIR0', 'SOD3', 'ALRT', 'SCOR', 'HOFN', 'REYK']
  [IGS-sim] Broadcast ephemeris: BRDC00IGS_R_20252650000_01D_MN.rnx
  [IGS-sim] 624/2007 (station, SV) pairs visible above 20° across 60-min window.
  IGS-sim arc 1/624: TRO1 TRO1_C06  8 rays  TEC 45.0–49.6 TECU
  IGS-sim arc 2/624: TRO1 TRO1_C09  8 rays  TEC 40.0–42.5 TECU
  IGS-sim arc 3/624: TRO1 TRO1_C11  5 rays  TEC 56.6–69.6 TECU
  IGS-sim arc 4/624: TRO1 TRO1_C16  8 rays  TEC 47.5–54.5 TECU
  IGS-sim arc 5/624: TRO1 TRO1_C21  8 rays  TEC 36.1–38.3 TECU
  IGS-sim arc 6/624: TRO1 TRO1_C22  8 rays  TEC 39.1–54.2 TECU
  IGS-sim arc 7/624: TRO1 TRO1_C28  2 rays  TEC 62.2–63.8 TECU
  IGS-sim arc 8/624: TRO1 TRO1_C36  8 rays  TEC 42.8–48.8 TECU
  IGS-sim arc 9/624: TRO1 TRO1_C39  8 rays  TEC 52.3–61.8 TECU
  IGS-sim arc 10/624: TRO1 TRO1_C42  5 rays  TEC 51.5–66.2 TECU
  IGS-sim arc 11/624: TRO1 TRO1_C43  7 rays  TEC 56.4–68.6 TECU
  IGS-sim arc 12/624: TRO1 TRO1_C45  4 rays  TEC 53.6–64.7 TECU
  IGS-sim arc 13/624: TRO1 TRO1_C46  7 rays  TEC 50.2–61.4 TECU
  IGS-sim arc 14/624: TRO1 TRO1_C49  8 rays  TEC 59.4–61.7 TECU
  IGS-sim arc 15/624: TRO1 TRO1_C50  8 rays  TEC 38.2–52.4 TECU
  IGS-sim arc 16/624: TRO1 TRO1_E02  8 rays  TEC 52.7–57.5 TECU
  IGS-sim arc 17/624: TRO1 TRO1_E02_1  8 rays  TEC 52.7–57.5 TECU
  IGS-sim arc 18/624: TRO1 TRO1_E02_2  8 rays  TEC 52.7–57.5 TECU
  IGS-sim arc 19/624: TRO1 TRO1_E02_3  8 rays  TEC 52.7–57.5 TECU
  IGS-sim arc 20/624: TRO1 TRO1_E07  8 rays  TEC 38.7–52.5 TECU
  IGS-sim arc 21/624: TRO1 TRO1_E07_1  8 rays  TEC 38.7–52.5 TECU
  IGS-sim arc 22/624: TRO1 TRO1_E07_2  8 rays  TEC 38.7–52.5 TECU
  IGS-sim arc 23/624: TRO1 TRO1_E07_3  8 rays  TEC 38.7–52.5 TECU
  IGS-sim arc 24/624: TRO1 TRO1_E10  8 rays  TEC 48.9–62.0 TECU
  IGS-sim arc 25/624: TRO1 TRO1_E10_1  8 rays  TEC 48.9–62.0 TECU
  IGS-sim arc 26/624: TRO1 TRO1_E10_2  8 rays  TEC 48.9–62.0 TECU
  IGS-sim arc 27/624: TRO1 TRO1_E10_3  8 rays  TEC 48.9–62.0 TECU
  IGS-sim arc 28/624: TRO1 TRO1_E12  8 rays  TEC 45.1–46.8 TECU
  IGS-sim arc 29/624: TRO1 TRO1_E12_1  8 rays  TEC 45.1–46.8 TECU
  IGS-sim arc 30/624: TRO1 TRO1_E12_2  8 rays  TEC 45.1–46.8 TECU
  IGS-sim arc 31/624: TRO1 TRO1_E12_3  8 rays  TEC 45.1–46.8 TECU
  IGS-sim arc 32/624: TRO1 TRO1_E19  5 rays  TEC 53.0–68.3 TECU
  IGS-sim arc 33/624: TRO1 TRO1_E19_1  5 rays  TEC 53.0–68.3 TECU
  IGS-sim arc 34/624: TRO1 TRO1_E19_2  5 rays  TEC 53.0–68.3 TECU
  IGS-sim arc 35/624: TRO1 TRO1_E19_3  5 rays  TEC 53.0–68.3 TECU
  IGS-sim arc 36/624: TRO1 TRO1_E29  8 rays  TEC 35.5–40.0 TECU
  IGS-sim arc 37/624: TRO1 TRO1_E29_1  8 rays  TEC 35.5–40.0 TECU
  IGS-sim arc 38/624: TRO1 TRO1_E29_2  8 rays  TEC 35.5–40.0 TECU
  IGS-sim arc 39/624: TRO1 TRO1_E29_3  8 rays  TEC 35.5–40.0 TECU
  IGS-sim arc 40/624: TRO1 TRO1_E30  7 rays  TEC 50.9–64.3 TECU
  IGS-sim arc 41/624: TRO1 TRO1_E30_1  7 rays  TEC 50.9–64.3 TECU
  IGS-sim arc 42/624: TRO1 TRO1_E30_2  7 rays  TEC 50.9–64.3 TECU
  IGS-sim arc 43/624: TRO1 TRO1_E30_3  7 rays  TEC 50.9–64.3 TECU
  IGS-sim arc 44/624: TRO1 TRO1_E33  7 rays  TEC 47.1–67.8 TECU
  IGS-sim arc 45/624: TRO1 TRO1_E33_1  7 rays  TEC 47.1–67.8 TECU
  IGS-sim arc 46/624: TRO1 TRO1_E33_2  7 rays  TEC 47.1–67.8 TECU
  IGS-sim arc 47/624: TRO1 TRO1_E33_3  7 rays  TEC 47.1–67.8 TECU
  IGS-sim arc 48/624: TRO1 TRO1_G04  6 rays  TEC 45.5–62.8 TECU
  IGS-sim arc 49/624: TRO1 TRO1_G05  4 rays  TEC 52.0–65.3 TECU
  IGS-sim arc 50/624: TRO1 TRO1_G06  2 rays  TEC 62.6–66.3 TECU
  IGS-sim arc 51/624: TRO1 TRO1_G07  8 rays  TEC 41.5–62.4 TECU
  IGS-sim arc 52/624: TRO1 TRO1_G09  8 rays  TEC 34.7–41.3 TECU
  IGS-sim arc 53/624: TRO1 TRO1_G11  8 rays  TEC 46.8–65.3 TECU
  IGS-sim arc 54/624: TRO1 TRO1_G16  8 rays  TEC 50.4–59.9 TECU
  IGS-sim arc 55/624: TRO1 TRO1_G21  8 rays  TEC 39.1–50.6 TECU
  IGS-sim arc 56/624: TRO1 TRO1_G26  5 rays  TEC 55.2–60.0 TECU
  IGS-sim arc 57/624: TRO1 TRO1_G29  5 rays  TEC 62.2–66.4 TECU
  IGS-sim arc 58/624: TRO1 TRO1_G30  2 rays  TEC 62.4–66.9 TECU
  IGS-sim arc 59/624: TRO1 TRO1_R01  8 rays  TEC 36.3–55.6 TECU
  IGS-sim arc 60/624: TRO1 TRO1_R07  4 rays  TEC 51.0–65.3 TECU
  IGS-sim arc 61/624: TRO1 TRO1_R08  8 rays  TEC 33.8–39.5 TECU
  IGS-sim arc 62/624: TRO1 TRO1_R09  8 rays  TEC 41.0–45.7 TECU
  IGS-sim arc 63/624: TRO1 TRO1_R10  8 rays  TEC 40.7–62.4 TECU
  IGS-sim arc 64/624: TRO1 TRO1_R16  2 rays  TEC 56.2–61.0 TECU
  IGS-sim arc 65/624: TRO1 TRO1_R17  8 rays  TEC 47.3–54.3 TECU
  IGS-sim arc 66/624: TRO1 TRO1_R18  2 rays  TEC 60.6–64.3 TECU
  IGS-sim arc 67/624: TRO1 TRO1_R24  7 rays  TEC 47.2–70.6 TECU
  IGS-sim arc 68/624: TRO1 TRO1_R26  8 rays  TEC 33.9–44.3 TECU
  IGS-sim arc 69/624: WUTH WUTH_C06  8 rays  TEC 39.2–43.7 TECU
  IGS-sim arc 70/624: WUTH WUTH_C09  8 rays  TEC 37.3–37.5 TECU
  IGS-sim arc 71/624: WUTH WUTH_C11  5 rays  TEC 57.0–66.7 TECU
  IGS-sim arc 72/624: WUTH WUTH_C16  8 rays  TEC 41.7–47.2 TECU
  IGS-sim arc 73/624: WUTH WUTH_C21  8 rays  TEC 35.6–38.4 TECU
  IGS-sim arc 74/624: WUTH WUTH_C22  8 rays  TEC 39.6–58.0 TECU
  IGS-sim arc 75/624: WUTH WUTH_C28  6 rays  TEC 53.1–59.5 TECU
  IGS-sim arc 76/624: WUTH WUTH_C36  8 rays  TEC 39.9–48.4 TECU
  IGS-sim arc 77/624: WUTH WUTH_C39  8 rays  TEC 44.4–53.0 TECU
  IGS-sim arc 78/624: WUTH WUTH_C42  6 rays  TEC 51.1–72.4 TECU
  IGS-sim arc 79/624: WUTH WUTH_C43  8 rays  TEC 52.3–67.7 TECU
  IGS-sim arc 80/624: WUTH WUTH_C45  2 rays  TEC 59.1–64.2 TECU
  IGS-sim arc 81/624: WUTH WUTH_C46  8 rays  TEC 43.5–55.1 TECU
  IGS-sim arc 82/624: WUTH WUTH_C49  8 rays  TEC 51.8–53.3 TECU
  IGS-sim arc 83/624: WUTH WUTH_C50  8 rays  TEC 38.4–52.1 TECU
  IGS-sim arc 84/624: WUTH WUTH_E02  8 rays  TEC 45.5–51.6 TECU
  IGS-sim arc 85/624: WUTH WUTH_E02_1  8 rays  TEC 45.5–51.6 TECU
  IGS-sim arc 86/624: WUTH WUTH_E02_2  8 rays  TEC 45.5–51.6 TECU
  IGS-sim arc 87/624: WUTH WUTH_E02_3  8 rays  TEC 45.5–51.6 TECU
  IGS-sim arc 88/624: WUTH WUTH_E07  8 rays  TEC 38.7–49.9 TECU
  IGS-sim arc 89/624: WUTH WUTH_E07_1  8 rays  TEC 38.7–49.9 TECU
  IGS-sim arc 90/624: WUTH WUTH_E07_2  8 rays  TEC 38.7–49.9 TECU
  IGS-sim arc 91/624: WUTH WUTH_E07_3  8 rays  TEC 38.7–49.9 TECU
  IGS-sim arc 92/624: WUTH WUTH_E10  8 rays  TEC 46.2–54.8 TECU
  IGS-sim arc 93/624: WUTH WUTH_E10_1  8 rays  TEC 46.2–54.8 TECU
  IGS-sim arc 94/624: WUTH WUTH_E10_2  8 rays  TEC 46.2–54.8 TECU
  IGS-sim arc 95/624: WUTH WUTH_E10_3  8 rays  TEC 46.2–54.8 TECU
  IGS-sim arc 96/624: WUTH WUTH_E11  4 rays  TEC 53.6–60.2 TECU
  IGS-sim arc 97/624: WUTH WUTH_E11_1  4 rays  TEC 53.6–60.2 TECU
  IGS-sim arc 98/624: WUTH WUTH_E11_2  4 rays  TEC 53.6–60.2 TECU
  IGS-sim arc 99/624: WUTH WUTH_E11_3  4 rays  TEC 53.6–60.2 TECU
  IGS-sim arc 100/624: WUTH WUTH_E12  8 rays  TEC 44.0–46.0 TECU
  IGS-sim arc 101/624: WUTH WUTH_E12_1  8 rays  TEC 44.0–46.0 TECU
  IGS-sim arc 102/624: WUTH WUTH_E12_2  8 rays  TEC 44.0–46.0 TECU
  IGS-sim arc 103/624: WUTH WUTH_E12_3  8 rays  TEC 44.0–46.0 TECU
  IGS-sim arc 104/624: WUTH WUTH_E14  2 rays  TEC 61.2–62.8 TECU
  IGS-sim arc 105/624: WUTH WUTH_E14_1  2 rays  TEC 61.2–62.8 TECU
  IGS-sim arc 106/624: WUTH WUTH_E14_2  2 rays  TEC 61.2–62.8 TECU
  IGS-sim arc 107/624: WUTH WUTH_E14_3  2 rays  TEC 61.2–62.8 TECU
  IGS-sim arc 108/624: WUTH WUTH_E19  5 rays  TEC 53.4–69.9 TECU
  IGS-sim arc 109/624: WUTH WUTH_E19_1  5 rays  TEC 53.4–69.9 TECU
  IGS-sim arc 110/624: WUTH WUTH_E19_2  5 rays  TEC 53.4–69.9 TECU
  IGS-sim arc 111/624: WUTH WUTH_E19_3  5 rays  TEC 53.4–69.9 TECU
  IGS-sim arc 112/624: WUTH WUTH_E29  8 rays  TEC 35.5–39.8 TECU
  IGS-sim arc 113/624: WUTH WUTH_E29_1  8 rays  TEC 35.5–39.8 TECU
  IGS-sim arc 114/624: WUTH WUTH_E29_2  8 rays  TEC 35.5–39.8 TECU
  IGS-sim arc 115/624: WUTH WUTH_E29_3  8 rays  TEC 35.5–39.8 TECU
  IGS-sim arc 116/624: WUTH WUTH_E30  6 rays  TEC 47.9–59.0 TECU
  IGS-sim arc 117/624: WUTH WUTH_E30_1  6 rays  TEC 47.9–59.0 TECU
  IGS-sim arc 118/624: WUTH WUTH_E30_2  6 rays  TEC 47.9–59.0 TECU
  IGS-sim arc 119/624: WUTH WUTH_E30_3  6 rays  TEC 47.9–59.0 TECU
  IGS-sim arc 120/624: WUTH WUTH_E33  6 rays  TEC 50.5–67.9 TECU
  IGS-sim arc 121/624: WUTH WUTH_E33_1  6 rays  TEC 50.5–67.9 TECU
  IGS-sim arc 122/624: WUTH WUTH_E33_2  6 rays  TEC 50.5–67.9 TECU
  IGS-sim arc 123/624: WUTH WUTH_E33_3  6 rays  TEC 50.5–67.9 TECU
  IGS-sim arc 124/624: WUTH WUTH_G04  6 rays  TEC 43.6–59.8 TECU
  IGS-sim arc 125/624: WUTH WUTH_G05  6 rays  TEC 51.0–67.4 TECU
  IGS-sim arc 126/624: WUTH WUTH_G07  7 rays  TEC 44.0–65.4 TECU
  IGS-sim arc 127/624: WUTH WUTH_G09  8 rays  TEC 34.8–41.0 TECU
  IGS-sim arc 128/624: WUTH WUTH_G11  8 rays  TEC 46.1–68.6 TECU
  IGS-sim arc 129/624: WUTH WUTH_G16  8 rays  TEC 44.5–55.6 TECU
  IGS-sim arc 130/624: WUTH WUTH_G21  8 rays  TEC 39.1–49.7 TECU
  IGS-sim arc 131/624: WUTH WUTH_G26  8 rays  TEC 45.6–58.8 TECU
  IGS-sim arc 132/624: WUTH WUTH_G29  8 rays  TEC 52.3–62.2 TECU
  IGS-sim arc 133/624: WUTH WUTH_R01  8 rays  TEC 34.7–54.4 TECU
  IGS-sim arc 134/624: WUTH WUTH_R07  3 rays  TEC 49.4–58.2 TECU
  IGS-sim arc 135/624: WUTH WUTH_R08  8 rays  TEC 32.3–40.4 TECU
  IGS-sim arc 136/624: WUTH WUTH_R09  8 rays  TEC 37.6–39.8 TECU
  IGS-sim arc 137/624: WUTH WUTH_R10  7 rays  TEC 40.3–61.9 TECU
  IGS-sim arc 138/624: WUTH WUTH_R16  4 rays  TEC 48.9–58.4 TECU
  IGS-sim arc 139/624: WUTH WUTH_R17  8 rays  TEC 43.4–47.9 TECU
  IGS-sim arc 140/624: WUTH WUTH_R18  4 rays  TEC 50.8–59.5 TECU
  IGS-sim arc 141/624: WUTH WUTH_R24  6 rays  TEC 47.3–64.2 TECU
  IGS-sim arc 142/624: WUTH WUTH_R26  8 rays  TEC 33.5–45.1 TECU
  IGS-sim arc 143/624: NYA1 NYA1_C06  8 rays  TEC 39.8–44.7 TECU
  IGS-sim arc 144/624: NYA1 NYA1_C09  8 rays  TEC 37.4–39.9 TECU
  IGS-sim arc 145/624: NYA1 NYA1_C11  5 rays  TEC 54.2–70.4 TECU
  IGS-sim arc 146/624: NYA1 NYA1_C16  8 rays  TEC 42.7–45.4 TECU
  IGS-sim arc 147/624: NYA1 NYA1_C21  8 rays  TEC 36.3–40.6 TECU
  IGS-sim arc 148/624: NYA1 NYA1_C22  8 rays  TEC 40.6–58.7 TECU
  IGS-sim arc 149/624: NYA1 NYA1_C28  7 rays  TEC 48.7–55.8 TECU
  IGS-sim arc 150/624: NYA1 NYA1_C36  8 rays  TEC 39.4–49.9 TECU
  IGS-sim arc 151/624: NYA1 NYA1_C39  8 rays  TEC 45.1–51.0 TECU
  IGS-sim arc 152/624: NYA1 NYA1_C42  6 rays  TEC 50.7–68.3 TECU
  IGS-sim arc 153/624: NYA1 NYA1_C43  8 rays  TEC 48.2–63.5 TECU
  IGS-sim arc 154/624: NYA1 NYA1_C46  8 rays  TEC 43.1–54.2 TECU
  IGS-sim arc 155/624: NYA1 NYA1_C49  8 rays  TEC 48.0–49.6 TECU
  IGS-sim arc 156/624: NYA1 NYA1_C50  8 rays  TEC 40.8–53.3 TECU
  IGS-sim arc 157/624: NYA1 NYA1_E02  8 rays  TEC 45.3–48.5 TECU
  IGS-sim arc 158/624: NYA1 NYA1_E02_1  8 rays  TEC 45.3–48.5 TECU
  IGS-sim arc 159/624: NYA1 NYA1_E02_2  8 rays  TEC 45.3–48.5 TECU
  IGS-sim arc 160/624: NYA1 NYA1_E02_3  8 rays  TEC 45.3–48.5 TECU
  IGS-sim arc 161/624: NYA1 NYA1_E07  8 rays  TEC 38.0–50.8 TECU
  IGS-sim arc 162/624: NYA1 NYA1_E07_1  8 rays  TEC 38.0–50.8 TECU
  IGS-sim arc 163/624: NYA1 NYA1_E07_2  8 rays  TEC 38.0–50.8 TECU
  IGS-sim arc 164/624: NYA1 NYA1_E07_3  8 rays  TEC 38.0–50.8 TECU
  IGS-sim arc 165/624: NYA1 NYA1_E10  8 rays  TEC 42.8–48.7 TECU
  IGS-sim arc 166/624: NYA1 NYA1_E10_1  8 rays  TEC 42.8–48.7 TECU
  IGS-sim arc 167/624: NYA1 NYA1_E10_2  8 rays  TEC 42.8–48.7 TECU
  IGS-sim arc 168/624: NYA1 NYA1_E10_3  8 rays  TEC 42.8–48.7 TECU
  IGS-sim arc 169/624: NYA1 NYA1_E11  5 rays  TEC 49.7–57.0 TECU
  IGS-sim arc 170/624: NYA1 NYA1_E11_1  5 rays  TEC 49.7–57.0 TECU
  IGS-sim arc 171/624: NYA1 NYA1_E11_2  5 rays  TEC 49.7–57.0 TECU
  IGS-sim arc 172/624: NYA1 NYA1_E11_3  5 rays  TEC 49.7–57.0 TECU
  IGS-sim arc 173/624: NYA1 NYA1_E12  8 rays  TEC 43.3–46.7 TECU
  IGS-sim arc 174/624: NYA1 NYA1_E12_1  8 rays  TEC 43.3–46.7 TECU
  IGS-sim arc 175/624: NYA1 NYA1_E12_2  8 rays  TEC 43.3–46.7 TECU
  IGS-sim arc 176/624: NYA1 NYA1_E12_3  8 rays  TEC 43.3–46.7 TECU
  IGS-sim arc 177/624: NYA1 NYA1_E14  3 rays  TEC 55.7–61.7 TECU
  IGS-sim arc 178/624: NYA1 NYA1_E14_1  3 rays  TEC 55.7–61.7 TECU
  IGS-sim arc 179/624: NYA1 NYA1_E14_2  3 rays  TEC 55.7–61.7 TECU
  IGS-sim arc 180/624: NYA1 NYA1_E14_3  3 rays  TEC 55.7–61.7 TECU
  IGS-sim arc 181/624: NYA1 NYA1_E19  4 rays  TEC 55.7–64.4 TECU
  IGS-sim arc 182/624: NYA1 NYA1_E19_1  4 rays  TEC 55.7–64.4 TECU
  IGS-sim arc 183/624: NYA1 NYA1_E19_2  4 rays  TEC 55.7–64.4 TECU
  IGS-sim arc 184/624: NYA1 NYA1_E19_3  4 rays  TEC 55.7–64.4 TECU
  IGS-sim arc 185/624: NYA1 NYA1_E29  8 rays  TEC 35.7–42.4 TECU
  IGS-sim arc 186/624: NYA1 NYA1_E29_1  8 rays  TEC 35.7–42.4 TECU
  IGS-sim arc 187/624: NYA1 NYA1_E29_2  8 rays  TEC 35.7–42.4 TECU
  IGS-sim arc 188/624: NYA1 NYA1_E29_3  8 rays  TEC 35.7–42.4 TECU
  IGS-sim arc 189/624: NYA1 NYA1_E30  6 rays  TEC 46.9–59.2 TECU
  IGS-sim arc 190/624: NYA1 NYA1_E30_1  6 rays  TEC 46.9–59.2 TECU
  IGS-sim arc 191/624: NYA1 NYA1_E30_2  6 rays  TEC 46.9–59.2 TECU
  IGS-sim arc 192/624: NYA1 NYA1_E30_3  6 rays  TEC 46.9–59.2 TECU
  IGS-sim arc 193/624: NYA1 NYA1_E33  5 rays  TEC 51.8–64.8 TECU
  IGS-sim arc 194/624: NYA1 NYA1_E33_1  5 rays  TEC 51.8–64.8 TECU
  IGS-sim arc 195/624: NYA1 NYA1_E33_2  5 rays  TEC 51.8–64.8 TECU
  IGS-sim arc 196/624: NYA1 NYA1_E33_3  5 rays  TEC 51.8–64.8 TECU
  IGS-sim arc 197/624: NYA1 NYA1_G04  5 rays  TEC 44.6–55.8 TECU
  IGS-sim arc 198/624: NYA1 NYA1_G05  6 rays  TEC 47.2–63.4 TECU
  IGS-sim arc 199/624: NYA1 NYA1_G07  6 rays  TEC 44.7–63.5 TECU
  IGS-sim arc 200/624: NYA1 NYA1_G09  8 rays  TEC 35.5–42.2 TECU
  IGS-sim arc 201/624: NYA1 NYA1_G11  8 rays  TEC 48.0–66.8 TECU
  IGS-sim arc 202/624: NYA1 NYA1_G16  8 rays  TEC 44.8–55.1 TECU
  IGS-sim arc 203/624: NYA1 NYA1_G21  8 rays  TEC 41.5–48.4 TECU
  IGS-sim arc 204/624: NYA1 NYA1_G26  8 rays  TEC 47.2–54.4 TECU
  IGS-sim arc 205/624: NYA1 NYA1_G29  8 rays  TEC 48.5–58.5 TECU
  IGS-sim arc 206/624: NYA1 NYA1_R01  8 rays  TEC 36.6–55.3 TECU
  IGS-sim arc 207/624: NYA1 NYA1_R07  3 rays  TEC 50.6–59.7 TECU
  IGS-sim arc 208/624: NYA1 NYA1_R08  8 rays  TEC 33.1–40.1 TECU
  IGS-sim arc 209/624: NYA1 NYA1_R09  8 rays  TEC 37.9–40.9 TECU
  IGS-sim arc 210/624: NYA1 NYA1_R10  7 rays  TEC 41.3–62.8 TECU
  IGS-sim arc 211/624: NYA1 NYA1_R16  5 rays  TEC 45.1–55.6 TECU
  IGS-sim arc 212/624: NYA1 NYA1_R17  8 rays  TEC 40.4–44.2 TECU
  IGS-sim arc 213/624: NYA1 NYA1_R18  4 rays  TEC 46.8–55.3 TECU
  IGS-sim arc 214/624: NYA1 NYA1_R24  6 rays  TEC 46.4–66.7 TECU
  IGS-sim arc 215/624: NYA1 NYA1_R26  8 rays  TEC 34.0–44.7 TECU
  IGS-sim arc 216/624: KIR0 KIR0_C06  8 rays  TEC 45.0–49.9 TECU
  IGS-sim arc 217/624: KIR0 KIR0_C09  8 rays  TEC 39.8–42.3 TECU
  IGS-sim arc 218/624: KIR0 KIR0_C11  4 rays  TEC 58.8–68.4 TECU
  IGS-sim arc 219/624: KIR0 KIR0_C16  8 rays  TEC 48.2–55.1 TECU
  IGS-sim arc 220/624: KIR0 KIR0_C21  8 rays  TEC 34.8–38.3 TECU
  IGS-sim arc 221/624: KIR0 KIR0_C22  8 rays  TEC 37.3–51.9 TECU
  IGS-sim arc 222/624: KIR0 KIR0_C36  8 rays  TEC 41.2–46.6 TECU
  IGS-sim arc 223/624: KIR0 KIR0_C39  8 rays  TEC 53.4–64.3 TECU
  IGS-sim arc 224/624: KIR0 KIR0_C42  5 rays  TEC 54.6–69.7 TECU
  IGS-sim arc 225/624: KIR0 KIR0_C43  6 rays  TEC 59.7–67.6 TECU
  IGS-sim arc 226/624: KIR0 KIR0_C45  5 rays  TEC 50.7–64.8 TECU
  IGS-sim arc 227/624: KIR0 KIR0_C46  6 rays  TEC 52.3–62.5 TECU
  IGS-sim arc 228/624: KIR0 KIR0_C49  8 rays  TEC 61.5–66.0 TECU
  IGS-sim arc 229/624: KIR0 KIR0_C50  8 rays  TEC 38.3–54.8 TECU
  IGS-sim arc 230/624: KIR0 KIR0_E02  8 rays  TEC 55.5–61.9 TECU
  IGS-sim arc 231/624: KIR0 KIR0_E02_1  8 rays  TEC 55.5–61.9 TECU
  IGS-sim arc 232/624: KIR0 KIR0_E02_2  8 rays  TEC 55.5–61.9 TECU
  IGS-sim arc 233/624: KIR0 KIR0_E02_3  8 rays  TEC 55.5–61.9 TECU
  IGS-sim arc 234/624: KIR0 KIR0_E07  8 rays  TEC 38.8–50.5 TECU
  IGS-sim arc 235/624: KIR0 KIR0_E07_1  8 rays  TEC 38.8–50.5 TECU
  IGS-sim arc 236/624: KIR0 KIR0_E07_2  8 rays  TEC 38.8–50.5 TECU
  IGS-sim arc 237/624: KIR0 KIR0_E07_3  8 rays  TEC 38.8–50.5 TECU
  IGS-sim arc 238/624: KIR0 KIR0_E10  8 rays  TEC 51.7–64.5 TECU
  IGS-sim arc 239/624: KIR0 KIR0_E10_1  8 rays  TEC 51.7–64.5 TECU
  IGS-sim arc 240/624: KIR0 KIR0_E10_2  8 rays  TEC 51.7–64.5 TECU
  IGS-sim arc 241/624: KIR0 KIR0_E10_3  8 rays  TEC 51.7–64.5 TECU
  IGS-sim arc 242/624: KIR0 KIR0_E12  8 rays  TEC 46.6–49.8 TECU
  IGS-sim arc 243/624: KIR0 KIR0_E12_1  8 rays  TEC 46.6–49.8 TECU
  IGS-sim arc 244/624: KIR0 KIR0_E12_2  8 rays  TEC 46.6–49.8 TECU
  IGS-sim arc 245/624: KIR0 KIR0_E12_3  8 rays  TEC 46.6–49.8 TECU
  IGS-sim arc 246/624: KIR0 KIR0_E19  5 rays  TEC 53.1–68.2 TECU
  IGS-sim arc 247/624: KIR0 KIR0_E19_1  5 rays  TEC 53.1–68.2 TECU
  IGS-sim arc 248/624: KIR0 KIR0_E19_2  5 rays  TEC 53.1–68.2 TECU
  IGS-sim arc 249/624: KIR0 KIR0_E19_3  5 rays  TEC 53.1–68.2 TECU
  IGS-sim arc 250/624: KIR0 KIR0_E29  8 rays  TEC 35.0–38.5 TECU
  IGS-sim arc 251/624: KIR0 KIR0_E29_1  8 rays  TEC 35.0–38.5 TECU
  IGS-sim arc 252/624: KIR0 KIR0_E29_2  8 rays  TEC 35.0–38.5 TECU
  IGS-sim arc 253/624: KIR0 KIR0_E29_3  8 rays  TEC 35.0–38.5 TECU
  IGS-sim arc 254/624: KIR0 KIR0_E30  7 rays  TEC 50.6–63.8 TECU
  IGS-sim arc 255/624: KIR0 KIR0_E30_1  7 rays  TEC 50.6–63.8 TECU
  IGS-sim arc 256/624: KIR0 KIR0_E30_2  7 rays  TEC 50.6–63.8 TECU
  IGS-sim arc 257/624: KIR0 KIR0_E30_3  7 rays  TEC 50.6–63.8 TECU
  IGS-sim arc 258/624: KIR0 KIR0_E33  8 rays  TEC 46.4–68.4 TECU
  IGS-sim arc 259/624: KIR0 KIR0_E33_1  8 rays  TEC 46.4–68.4 TECU
  IGS-sim arc 260/624: KIR0 KIR0_E33_2  8 rays  TEC 46.4–68.4 TECU
  IGS-sim arc 261/624: KIR0 KIR0_E33_3  8 rays  TEC 46.4–68.4 TECU
  IGS-sim arc 262/624: KIR0 KIR0_G04  7 rays  TEC 44.9–66.3 TECU
  IGS-sim arc 263/624: KIR0 KIR0_G05  4 rays  TEC 55.0–67.7 TECU
  IGS-sim arc 264/624: KIR0 KIR0_G06  3 rays  TEC 60.2–70.2 TECU
  IGS-sim arc 265/624: KIR0 KIR0_G07  8 rays  TEC 39.6–58.0 TECU
  IGS-sim arc 266/624: KIR0 KIR0_G09  8 rays  TEC 34.2–39.7 TECU
  IGS-sim arc 267/624: KIR0 KIR0_G11  8 rays  TEC 47.5–64.8 TECU
  IGS-sim arc 268/624: KIR0 KIR0_G16  8 rays  TEC 50.9–59.3 TECU
  IGS-sim arc 269/624: KIR0 KIR0_G21  8 rays  TEC 39.3–52.3 TECU
  IGS-sim arc 270/624: KIR0 KIR0_G26  5 rays  TEC 58.2–64.6 TECU
  IGS-sim arc 271/624: KIR0 KIR0_G29  3 rays  TEC 65.3–66.9 TECU
  IGS-sim arc 272/624: KIR0 KIR0_G30  3 rays  TEC 59.3–68.7 TECU
  IGS-sim arc 273/624: KIR0 KIR0_R01  8 rays  TEC 37.6–57.3 TECU
  IGS-sim arc 274/624: KIR0 KIR0_R07  4 rays  TEC 50.1–63.5 TECU
  IGS-sim arc 275/624: KIR0 KIR0_R08  8 rays  TEC 33.5–38.8 TECU
  IGS-sim arc 276/624: KIR0 KIR0_R09  8 rays  TEC 41.0–47.9 TECU
  IGS-sim arc 277/624: KIR0 KIR0_R10  8 rays  TEC 39.1–59.0 TECU
  IGS-sim arc 278/624: KIR0 KIR0_R16  2 rays  TEC 58.7–62.6 TECU
  IGS-sim arc 279/624: KIR0 KIR0_R17  8 rays  TEC 49.2–56.7 TECU
  IGS-sim arc 280/624: KIR0 KIR0_R24  7 rays  TEC 48.4–72.3 TECU
  IGS-sim arc 281/624: KIR0 KIR0_R26  8 rays  TEC 33.6–42.5 TECU
  IGS-sim arc 282/624: SOD3 SOD3_C06  8 rays  TEC 42.0–47.3 TECU
  IGS-sim arc 283/624: SOD3 SOD3_C09  8 rays  TEC 37.1–39.4 TECU
  IGS-sim arc 284/624: SOD3 SOD3_C11  3 rays  TEC 62.2–67.8 TECU
  IGS-sim arc 285/624: SOD3 SOD3_C16  8 rays  TEC 47.1–52.1 TECU
  IGS-sim arc 286/624: SOD3 SOD3_C21  8 rays  TEC 35.2–39.3 TECU
  IGS-sim arc 287/624: SOD3 SOD3_C22  8 rays  TEC 36.3–49.9 TECU
  IGS-sim arc 288/624: SOD3 SOD3_C36  8 rays  TEC 39.8–43.9 TECU
  IGS-sim arc 289/624: SOD3 SOD3_C39  8 rays  TEC 51.8–60.4 TECU
  IGS-sim arc 290/624: SOD3 SOD3_C42  4 rays  TEC 55.4–67.8 TECU
  IGS-sim arc 291/624: SOD3 SOD3_C43  5 rays  TEC 62.2–67.8 TECU
  IGS-sim arc 292/624: SOD3 SOD3_C45  5 rays  TEC 48.3–63.1 TECU
  IGS-sim arc 293/624: SOD3 SOD3_C46  7 rays  TEC 49.6–63.8 TECU
  IGS-sim arc 294/624: SOD3 SOD3_C49  7 rays  TEC 61.9–64.0 TECU
  IGS-sim arc 295/624: SOD3 SOD3_C50  8 rays  TEC 39.3–55.4 TECU
  IGS-sim arc 296/624: SOD3 SOD3_E02  8 rays  TEC 53.1–60.6 TECU
  IGS-sim arc 297/624: SOD3 SOD3_E02_1  8 rays  TEC 53.1–60.6 TECU
  IGS-sim arc 298/624: SOD3 SOD3_E02_2  8 rays  TEC 53.1–60.6 TECU
  IGS-sim arc 299/624: SOD3 SOD3_E02_3  8 rays  TEC 53.1–60.6 TECU
  IGS-sim arc 300/624: SOD3 SOD3_E07  8 rays  TEC 36.8–47.4 TECU
  IGS-sim arc 301/624: SOD3 SOD3_E07_1  8 rays  TEC 36.8–47.4 TECU
  IGS-sim arc 302/624: SOD3 SOD3_E07_2  8 rays  TEC 36.8–47.4 TECU
  IGS-sim arc 303/624: SOD3 SOD3_E07_3  8 rays  TEC 36.8–47.4 TECU
  IGS-sim arc 304/624: SOD3 SOD3_E10  8 rays  TEC 53.7–65.0 TECU
  IGS-sim arc 305/624: SOD3 SOD3_E10_1  8 rays  TEC 53.7–65.0 TECU
  IGS-sim arc 306/624: SOD3 SOD3_E10_2  8 rays  TEC 53.7–65.0 TECU
  IGS-sim arc 307/624: SOD3 SOD3_E10_3  8 rays  TEC 53.7–65.0 TECU
  IGS-sim arc 308/624: SOD3 SOD3_E12  8 rays  TEC 48.3–51.8 TECU
  IGS-sim arc 309/624: SOD3 SOD3_E12_1  8 rays  TEC 48.3–51.8 TECU
  IGS-sim arc 310/624: SOD3 SOD3_E12_2  8 rays  TEC 48.3–51.8 TECU
  IGS-sim arc 311/624: SOD3 SOD3_E12_3  8 rays  TEC 48.3–51.8 TECU
  IGS-sim arc 312/624: SOD3 SOD3_E19  5 rays  TEC 54.7–69.2 TECU
  IGS-sim arc 313/624: SOD3 SOD3_E19_1  5 rays  TEC 54.7–69.2 TECU
  IGS-sim arc 314/624: SOD3 SOD3_E19_2  5 rays  TEC 54.7–69.2 TECU
  IGS-sim arc 315/624: SOD3 SOD3_E19_3  5 rays  TEC 54.7–69.2 TECU
  IGS-sim arc 316/624: SOD3 SOD3_E29  8 rays  TEC 34.5–39.2 TECU
  IGS-sim arc 317/624: SOD3 SOD3_E29_1  8 rays  TEC 34.5–39.2 TECU
  IGS-sim arc 318/624: SOD3 SOD3_E29_2  8 rays  TEC 34.5–39.2 TECU
  IGS-sim arc 319/624: SOD3 SOD3_E29_3  8 rays  TEC 34.5–39.2 TECU
  IGS-sim arc 320/624: SOD3 SOD3_E30  8 rays  TEC 47.5–63.6 TECU
  IGS-sim arc 321/624: SOD3 SOD3_E30_1  8 rays  TEC 47.5–63.6 TECU
  IGS-sim arc 322/624: SOD3 SOD3_E30_2  8 rays  TEC 47.5–63.6 TECU
  IGS-sim arc 323/624: SOD3 SOD3_E30_3  8 rays  TEC 47.5–63.6 TECU
  IGS-sim arc 324/624: SOD3 SOD3_E33  7 rays  TEC 47.6–66.1 TECU
  IGS-sim arc 325/624: SOD3 SOD3_E33_1  7 rays  TEC 47.6–66.1 TECU
  IGS-sim arc 326/624: SOD3 SOD3_E33_2  7 rays  TEC 47.6–66.1 TECU
  IGS-sim arc 327/624: SOD3 SOD3_E33_3  7 rays  TEC 47.6–66.1 TECU
  IGS-sim arc 328/624: SOD3 SOD3_G04  7 rays  TEC 42.3–61.4 TECU
  IGS-sim arc 329/624: SOD3 SOD3_G05  3 rays  TEC 58.4–66.2 TECU
  IGS-sim arc 330/624: SOD3 SOD3_G06  2 rays  TEC 61.1–65.4 TECU
  IGS-sim arc 331/624: SOD3 SOD3_G07  8 rays  TEC 38.8–57.3 TECU
  IGS-sim arc 332/624: SOD3 SOD3_G09  8 rays  TEC 33.5–38.4 TECU
  IGS-sim arc 333/624: SOD3 SOD3_G11  8 rays  TEC 48.8–66.4 TECU
  IGS-sim arc 334/624: SOD3 SOD3_G16  8 rays  TEC 49.0–56.2 TECU
  IGS-sim arc 335/624: SOD3 SOD3_G21  8 rays  TEC 40.3–55.3 TECU
  IGS-sim arc 336/624: SOD3 SOD3_G26  5 rays  TEC 55.6–63.2 TECU
  IGS-sim arc 337/624: SOD3 SOD3_G30  2 rays  TEC 58.9–63.4 TECU
  IGS-sim arc 338/624: SOD3 SOD3_R01  8 rays  TEC 37.5–60.3 TECU
  IGS-sim arc 339/624: SOD3 SOD3_R07  5 rays  TEC 47.5–65.0 TECU
  IGS-sim arc 340/624: SOD3 SOD3_R08  8 rays  TEC 32.9–36.9 TECU
  IGS-sim arc 341/624: SOD3 SOD3_R09  8 rays  TEC 39.6–45.7 TECU
  IGS-sim arc 342/624: SOD3 SOD3_R10  8 rays  TEC 37.8–56.5 TECU
  IGS-sim arc 343/624: SOD3 SOD3_R16  2 rays  TEC 58.9–62.3 TECU
  IGS-sim arc 344/624: SOD3 SOD3_R17  8 rays  TEC 49.9–56.5 TECU
  IGS-sim arc 345/624: SOD3 SOD3_R24  6 rays  TEC 49.0–68.1 TECU
  IGS-sim arc 346/624: SOD3 SOD3_R26  8 rays  TEC 32.9–40.2 TECU
  IGS-sim arc 347/624: ALRT ALRT_C06  8 rays  TEC 36.4–39.7 TECU
  IGS-sim arc 348/624: ALRT ALRT_C09  8 rays  TEC 37.4–38.1 TECU
  IGS-sim arc 349/624: ALRT ALRT_C11  6 rays  TEC 42.1–57.3 TECU
  IGS-sim arc 350/624: ALRT ALRT_C14  2 rays  TEC 51.7–55.6 TECU
  IGS-sim arc 351/624: ALRT ALRT_C16  8 rays  TEC 36.8–40.7 TECU
  IGS-sim arc 352/624: ALRT ALRT_C21  8 rays  TEC 34.4–38.0 TECU
  IGS-sim arc 353/624: ALRT ALRT_C22  5 rays  TEC 46.0–60.7 TECU
  IGS-sim arc 354/624: ALRT ALRT_C28  8 rays  TEC 32.8–40.1 TECU
  IGS-sim arc 355/624: ALRT ALRT_C36  7 rays  TEC 42.1–55.9 TECU
  IGS-sim arc 356/624: ALRT ALRT_C39  8 rays  TEC 37.9–44.6 TECU
  IGS-sim arc 357/624: ALRT ALRT_C42  8 rays  TEC 38.8–56.6 TECU
  IGS-sim arc 358/624: ALRT ALRT_C43  8 rays  TEC 33.8–45.3 TECU
  IGS-sim arc 359/624: ALRT ALRT_C46  8 rays  TEC 37.9–40.9 TECU
  IGS-sim arc 360/624: ALRT ALRT_C49  8 rays  TEC 32.6–35.0 TECU
  IGS-sim arc 361/624: ALRT ALRT_C50  8 rays  TEC 34.3–42.6 TECU
  IGS-sim arc 362/624: ALRT ALRT_E02  8 rays  TEC 34.7–38.7 TECU
  IGS-sim arc 363/624: ALRT ALRT_E02_1  8 rays  TEC 34.7–38.7 TECU
  IGS-sim arc 364/624: ALRT ALRT_E02_2  8 rays  TEC 34.7–38.7 TECU
  IGS-sim arc 365/624: ALRT ALRT_E02_3  8 rays  TEC 34.7–38.7 TECU
  IGS-sim arc 366/624: ALRT ALRT_E07  7 rays  TEC 41.7–52.6 TECU
  IGS-sim arc 367/624: ALRT ALRT_E07_1  7 rays  TEC 41.7–52.6 TECU
  IGS-sim arc 368/624: ALRT ALRT_E07_2  7 rays  TEC 41.7–52.6 TECU
  IGS-sim arc 369/624: ALRT ALRT_E07_3  7 rays  TEC 41.7–52.6 TECU
  IGS-sim arc 370/624: ALRT ALRT_E10  8 rays  TEC 31.5–34.3 TECU
  IGS-sim arc 371/624: ALRT ALRT_E10_1  8 rays  TEC 31.5–34.3 TECU
  IGS-sim arc 372/624: ALRT ALRT_E10_2  8 rays  TEC 31.5–34.3 TECU
  IGS-sim arc 373/624: ALRT ALRT_E10_3  8 rays  TEC 31.5–34.3 TECU
  IGS-sim arc 374/624: ALRT ALRT_E11  8 rays  TEC 33.8–42.1 TECU
  IGS-sim arc 375/624: ALRT ALRT_E11_1  8 rays  TEC 33.8–42.1 TECU
  IGS-sim arc 376/624: ALRT ALRT_E11_2  8 rays  TEC 33.8–42.1 TECU
  IGS-sim arc 377/624: ALRT ALRT_E11_3  8 rays  TEC 33.8–42.1 TECU
  IGS-sim arc 378/624: ALRT ALRT_E12  8 rays  TEC 30.8–35.2 TECU
  IGS-sim arc 379/624: ALRT ALRT_E12_1  8 rays  TEC 30.8–35.2 TECU
  IGS-sim arc 380/624: ALRT ALRT_E12_2  8 rays  TEC 30.8–35.2 TECU
  IGS-sim arc 381/624: ALRT ALRT_E12_3  8 rays  TEC 30.8–35.2 TECU
  IGS-sim arc 382/624: ALRT ALRT_E14  7 rays  TEC 38.1–49.7 TECU
  IGS-sim arc 383/624: ALRT ALRT_E14_1  7 rays  TEC 38.1–49.7 TECU
  IGS-sim arc 384/624: ALRT ALRT_E14_2  7 rays  TEC 38.1–49.7 TECU
  IGS-sim arc 385/624: ALRT ALRT_E14_3  7 rays  TEC 38.1–49.7 TECU
  IGS-sim arc 386/624: ALRT ALRT_E19  4 rays  TEC 47.3–58.6 TECU
  IGS-sim arc 387/624: ALRT ALRT_E19_1  4 rays  TEC 47.3–58.6 TECU
  IGS-sim arc 388/624: ALRT ALRT_E19_2  4 rays  TEC 47.3–58.6 TECU
  IGS-sim arc 389/624: ALRT ALRT_E19_3  4 rays  TEC 47.3–58.6 TECU
  IGS-sim arc 390/624: ALRT ALRT_E25  6 rays  TEC 38.8–44.2 TECU
  IGS-sim arc 391/624: ALRT ALRT_E25_1  6 rays  TEC 38.8–44.2 TECU
  IGS-sim arc 392/624: ALRT ALRT_E25_2  6 rays  TEC 38.8–44.2 TECU
  IGS-sim arc 393/624: ALRT ALRT_E25_3  6 rays  TEC 38.8–44.2 TECU
  IGS-sim arc 394/624: ALRT ALRT_E29  8 rays  TEC 37.8–42.7 TECU
  IGS-sim arc 395/624: ALRT ALRT_E29_1  8 rays  TEC 37.8–42.7 TECU
  IGS-sim arc 396/624: ALRT ALRT_E29_2  8 rays  TEC 37.8–42.7 TECU
  IGS-sim arc 397/624: ALRT ALRT_E29_3  8 rays  TEC 37.8–42.7 TECU
  IGS-sim arc 398/624: ALRT ALRT_E30  2 rays  TEC 49.5–50.6 TECU
  IGS-sim arc 399/624: ALRT ALRT_E30_1  2 rays  TEC 49.5–50.6 TECU
  IGS-sim arc 400/624: ALRT ALRT_E30_2  2 rays  TEC 49.5–50.6 TECU
  IGS-sim arc 401/624: ALRT ALRT_E30_3  2 rays  TEC 49.5–50.6 TECU
  IGS-sim arc 402/624: ALRT ALRT_E33  4 rays  TEC 49.7–64.8 TECU
  IGS-sim arc 403/624: ALRT ALRT_E33_1  4 rays  TEC 49.7–64.8 TECU
  IGS-sim arc 404/624: ALRT ALRT_E33_2  4 rays  TEC 49.7–64.8 TECU
  IGS-sim arc 405/624: ALRT ALRT_E33_3  4 rays  TEC 49.7–64.8 TECU
  IGS-sim arc 406/624: ALRT ALRT_G04  3 rays  TEC 49.4–55.1 TECU
  IGS-sim arc 407/624: ALRT ALRT_G05  8 rays  TEC 34.6–48.0 TECU
  IGS-sim arc 408/624: ALRT ALRT_G07  3 rays  TEC 52.6–62.1 TECU
  IGS-sim arc 409/624: ALRT ALRT_G09  8 rays  TEC 38.3–48.3 TECU
  IGS-sim arc 410/624: ALRT ALRT_G11  7 rays  TEC 39.9–59.3 TECU
  IGS-sim arc 411/624: ALRT ALRT_G16  6 rays  TEC 39.5–49.6 TECU
  IGS-sim arc 412/624: ALRT ALRT_G21  8 rays  TEC 34.2–37.1 TECU
  IGS-sim arc 413/624: ALRT ALRT_G26  8 rays  TEC 37.6–39.4 TECU
  IGS-sim arc 414/624: ALRT ALRT_G29  8 rays  TEC 33.6–38.4 TECU
  IGS-sim arc 415/624: ALRT ALRT_R01  8 rays  TEC 32.1–42.7 TECU
  IGS-sim arc 416/624: ALRT ALRT_R02  2 rays  TEC 49.8–54.9 TECU
  IGS-sim arc 417/624: ALRT ALRT_R08  8 rays  TEC 32.8–46.0 TECU
  IGS-sim arc 418/624: ALRT ALRT_R09  8 rays  TEC 33.8–41.1 TECU
  IGS-sim arc 419/624: ALRT ALRT_R10  3 rays  TEC 47.2–55.0 TECU
  IGS-sim arc 420/624: ALRT ALRT_R16  7 rays  TEC 33.8–43.6 TECU
  IGS-sim arc 421/624: ALRT ALRT_R17  8 rays  TEC 29.2–31.1 TECU
  IGS-sim arc 422/624: ALRT ALRT_R18  6 rays  TEC 33.9–43.1 TECU
  IGS-sim arc 423/624: ALRT ALRT_R24  7 rays  TEC 37.0–61.7 TECU
  IGS-sim arc 424/624: ALRT ALRT_R26  8 rays  TEC 34.1–53.1 TECU
  IGS-sim arc 425/624: SCOR SCOR_C06  8 rays  TEC 54.6–60.7 TECU
  IGS-sim arc 426/624: SCOR SCOR_C09  8 rays  TEC 48.8–51.7 TECU
  IGS-sim arc 427/624: SCOR SCOR_C11  8 rays  TEC 44.5–63.2 TECU
  IGS-sim arc 428/624: SCOR SCOR_C14  2 rays  TEC 62.9–65.5 TECU
  IGS-sim arc 429/624: SCOR SCOR_C16  7 rays  TEC 59.0–67.9 TECU
  IGS-sim arc 430/624: SCOR SCOR_C21  8 rays  TEC 36.6–36.8 TECU
  IGS-sim arc 431/624: SCOR SCOR_C22  6 rays  TEC 48.3–65.7 TECU
  IGS-sim arc 432/624: SCOR SCOR_C28  5 rays  TEC 58.9–68.9 TECU
  IGS-sim arc 433/624: SCOR SCOR_C34  3 rays  TEC 58.7–65.5 TECU
  IGS-sim arc 434/624: SCOR SCOR_C36  8 rays  TEC 53.2–65.5 TECU
  IGS-sim arc 435/624: SCOR SCOR_C39  3 rays  TEC 67.2–69.9 TECU
  IGS-sim arc 436/624: SCOR SCOR_C42  8 rays  TEC 42.3–61.2 TECU
  IGS-sim arc 437/624: SCOR SCOR_C43  8 rays  TEC 48.0–54.4 TECU
  IGS-sim arc 438/624: SCOR SCOR_C46  4 rays  TEC 65.5–67.7 TECU
  IGS-sim arc 439/624: SCOR SCOR_C49  8 rays  TEC 51.1–56.5 TECU
  IGS-sim arc 440/624: SCOR SCOR_C50  8 rays  TEC 36.6–42.4 TECU
  IGS-sim arc 441/624: SCOR SCOR_E02  8 rays  TEC 64.8–68.3 TECU
  IGS-sim arc 442/624: SCOR SCOR_E02_1  8 rays  TEC 64.8–68.3 TECU
  IGS-sim arc 443/624: SCOR SCOR_E02_2  8 rays  TEC 64.8–68.3 TECU
  IGS-sim arc 444/624: SCOR SCOR_E02_3  8 rays  TEC 64.8–68.3 TECU
  IGS-sim arc 445/624: SCOR SCOR_E07  7 rays  TEC 48.5–68.3 TECU
  IGS-sim arc 446/624: SCOR SCOR_E07_1  7 rays  TEC 48.5–68.3 TECU
  IGS-sim arc 447/624: SCOR SCOR_E07_2  7 rays  TEC 48.5–68.3 TECU
  IGS-sim arc 448/624: SCOR SCOR_E07_3  7 rays  TEC 48.5–68.3 TECU
  IGS-sim arc 449/624: SCOR SCOR_E10  8 rays  TEC 40.9–53.5 TECU
  IGS-sim arc 450/624: SCOR SCOR_E10_1  8 rays  TEC 40.9–53.5 TECU
  IGS-sim arc 451/624: SCOR SCOR_E10_2  8 rays  TEC 40.9–53.5 TECU
  IGS-sim arc 452/624: SCOR SCOR_E10_3  8 rays  TEC 40.9–53.5 TECU
  IGS-sim arc 453/624: SCOR SCOR_E11  5 rays  TEC 57.0–68.1 TECU
  IGS-sim arc 454/624: SCOR SCOR_E11_1  5 rays  TEC 57.0–68.1 TECU
  IGS-sim arc 455/624: SCOR SCOR_E11_2  5 rays  TEC 57.0–68.1 TECU
  IGS-sim arc 456/624: SCOR SCOR_E11_3  5 rays  TEC 57.0–68.1 TECU
  IGS-sim arc 457/624: SCOR SCOR_E12  8 rays  TEC 38.3–40.7 TECU
  IGS-sim arc 458/624: SCOR SCOR_E12_1  8 rays  TEC 38.3–40.7 TECU
  IGS-sim arc 459/624: SCOR SCOR_E12_2  8 rays  TEC 38.3–40.7 TECU
  IGS-sim arc 460/624: SCOR SCOR_E12_3  8 rays  TEC 38.3–40.7 TECU
  IGS-sim arc 461/624: SCOR SCOR_E14  6 rays  TEC 62.6–71.8 TECU
  IGS-sim arc 462/624: SCOR SCOR_E14_1  6 rays  TEC 62.6–71.8 TECU
  IGS-sim arc 463/624: SCOR SCOR_E14_2  6 rays  TEC 62.6–71.8 TECU
  IGS-sim arc 464/624: SCOR SCOR_E14_3  6 rays  TEC 62.6–71.8 TECU
  IGS-sim arc 465/624: SCOR SCOR_E19  8 rays  TEC 44.4–65.3 TECU
  IGS-sim arc 466/624: SCOR SCOR_E19_1  8 rays  TEC 44.4–65.3 TECU
  IGS-sim arc 467/624: SCOR SCOR_E19_2  8 rays  TEC 44.4–65.3 TECU
  IGS-sim arc 468/624: SCOR SCOR_E19_3  8 rays  TEC 44.4–65.3 TECU
  IGS-sim arc 469/624: SCOR SCOR_E29  8 rays  TEC 38.1–40.2 TECU
  IGS-sim arc 470/624: SCOR SCOR_E29_1  8 rays  TEC 38.1–40.2 TECU
  IGS-sim arc 471/624: SCOR SCOR_E29_2  8 rays  TEC 38.1–40.2 TECU
  IGS-sim arc 472/624: SCOR SCOR_E29_3  8 rays  TEC 38.1–40.2 TECU
  IGS-sim arc 473/624: SCOR SCOR_E33  8 rays  TEC 44.3–67.1 TECU
  IGS-sim arc 474/624: SCOR SCOR_E33_1  8 rays  TEC 44.3–67.1 TECU
  IGS-sim arc 475/624: SCOR SCOR_E33_2  8 rays  TEC 44.3–67.1 TECU
  IGS-sim arc 476/624: SCOR SCOR_E33_3  8 rays  TEC 44.3–67.1 TECU
  IGS-sim arc 477/624: SCOR SCOR_G04  2 rays  TEC 60.9–66.1 TECU
  IGS-sim arc 478/624: SCOR SCOR_G05  8 rays  TEC 43.8–68.0 TECU
  IGS-sim arc 479/624: SCOR SCOR_G06  3 rays  TEC 57.3–69.7 TECU
  IGS-sim arc 480/624: SCOR SCOR_G07  8 rays  TEC 48.2–71.2 TECU
  IGS-sim arc 481/624: SCOR SCOR_G09  8 rays  TEC 39.2–51.6 TECU
  IGS-sim arc 482/624: SCOR SCOR_G11  8 rays  TEC 39.4–53.1 TECU
  IGS-sim arc 483/624: SCOR SCOR_G16  4 rays  TEC 65.6–68.3 TECU
  IGS-sim arc 484/624: SCOR SCOR_G21  8 rays  TEC 35.5–41.3 TECU
  IGS-sim arc 485/624: SCOR SCOR_G26  3 rays  TEC 68.3–69.9 TECU
  IGS-sim arc 486/624: SCOR SCOR_G29  8 rays  TEC 55.7–62.5 TECU
  IGS-sim arc 487/624: SCOR SCOR_G30  2 rays  TEC 65.1–70.4 TECU
  IGS-sim arc 488/624: SCOR SCOR_R01  8 rays  TEC 34.5–43.9 TECU
  IGS-sim arc 489/624: SCOR SCOR_R02  3 rays  TEC 57.9–68.8 TECU
  IGS-sim arc 490/624: SCOR SCOR_R08  8 rays  TEC 36.5–50.8 TECU
  IGS-sim arc 491/624: SCOR SCOR_R09  8 rays  TEC 50.0–56.6 TECU
  IGS-sim arc 492/624: SCOR SCOR_R10  5 rays  TEC 52.0–66.5 TECU
  IGS-sim arc 493/624: SCOR SCOR_R16  3 rays  TEC 61.7–67.6 TECU
  IGS-sim arc 494/624: SCOR SCOR_R17  8 rays  TEC 41.2–51.9 TECU
  IGS-sim arc 495/624: SCOR SCOR_R18  2 rays  TEC 61.3–64.4 TECU
  IGS-sim arc 496/624: SCOR SCOR_R24  8 rays  TEC 38.6–59.3 TECU
  IGS-sim arc 497/624: SCOR SCOR_R26  8 rays  TEC 38.7–58.0 TECU
  IGS-sim arc 498/624: HOFN HOFN_C06  8 rays  TEC 57.7–66.5 TECU
  IGS-sim arc 499/624: HOFN HOFN_C09  8 rays  TEC 51.6–56.3 TECU
  IGS-sim arc 500/624: HOFN HOFN_C11  8 rays  TEC 45.7–62.8 TECU
  IGS-sim arc 501/624: HOFN HOFN_C14  2 rays  TEC 67.1–70.7 TECU
  IGS-sim arc 502/624: HOFN HOFN_C16  4 rays  TEC 63.5–69.2 TECU
  IGS-sim arc 503/624: HOFN HOFN_C21  8 rays  TEC 35.9–37.6 TECU
  IGS-sim arc 504/624: HOFN HOFN_C22  7 rays  TEC 47.9–68.8 TECU
  IGS-sim arc 505/624: HOFN HOFN_C28  2 rays  TEC 66.6–70.3 TECU
  IGS-sim arc 506/624: HOFN HOFN_C34  4 rays  TEC 55.9–67.6 TECU
  IGS-sim arc 507/624: HOFN HOFN_C36  8 rays  TEC 57.0–66.5 TECU
  IGS-sim arc 508/624: HOFN HOFN_C42  8 rays  TEC 43.1–63.8 TECU
  IGS-sim arc 509/624: HOFN HOFN_C43  8 rays  TEC 48.7–55.0 TECU
  IGS-sim arc 510/624: HOFN HOFN_C45  3 rays  TEC 63.3–70.3 TECU
  IGS-sim arc 511/624: HOFN HOFN_C49  8 rays  TEC 52.1–61.9 TECU
  IGS-sim arc 512/624: HOFN HOFN_C50  8 rays  TEC 36.1–43.1 TECU
  IGS-sim arc 513/624: HOFN HOFN_E07  7 rays  TEC 51.5–70.8 TECU
  IGS-sim arc 514/624: HOFN HOFN_E07_1  7 rays  TEC 51.5–70.8 TECU
  IGS-sim arc 515/624: HOFN HOFN_E07_2  7 rays  TEC 51.5–70.8 TECU
  IGS-sim arc 516/624: HOFN HOFN_E07_3  7 rays  TEC 51.5–70.8 TECU
  IGS-sim arc 517/624: HOFN HOFN_E10  8 rays  TEC 44.2–55.2 TECU
  IGS-sim arc 518/624: HOFN HOFN_E10_1  8 rays  TEC 44.2–55.2 TECU
  IGS-sim arc 519/624: HOFN HOFN_E10_2  8 rays  TEC 44.2–55.2 TECU
  IGS-sim arc 520/624: HOFN HOFN_E10_3  8 rays  TEC 44.2–55.2 TECU
  IGS-sim arc 521/624: HOFN HOFN_E11  3 rays  TEC 62.2–69.3 TECU
  IGS-sim arc 522/624: HOFN HOFN_E11_1  3 rays  TEC 62.2–69.3 TECU
  IGS-sim arc 523/624: HOFN HOFN_E11_2  3 rays  TEC 62.2–69.3 TECU
  IGS-sim arc 524/624: HOFN HOFN_E11_3  3 rays  TEC 62.2–69.3 TECU
  IGS-sim arc 525/624: HOFN HOFN_E12  8 rays  TEC 39.6–42.4 TECU
  IGS-sim arc 526/624: HOFN HOFN_E12_1  8 rays  TEC 39.6–42.4 TECU
  IGS-sim arc 527/624: HOFN HOFN_E12_2  8 rays  TEC 39.6–42.4 TECU
  IGS-sim arc 528/624: HOFN HOFN_E12_3  8 rays  TEC 39.6–42.4 TECU
  IGS-sim arc 529/624: HOFN HOFN_E14  3 rays  TEC 67.1–68.2 TECU
  IGS-sim arc 530/624: HOFN HOFN_E14_1  3 rays  TEC 67.1–68.2 TECU
  IGS-sim arc 531/624: HOFN HOFN_E14_2  3 rays  TEC 67.1–68.2 TECU
  IGS-sim arc 532/624: HOFN HOFN_E14_3  3 rays  TEC 67.1–68.2 TECU
  IGS-sim arc 533/624: HOFN HOFN_E19  8 rays  TEC 42.8–60.4 TECU
  IGS-sim arc 534/624: HOFN HOFN_E19_1  8 rays  TEC 42.8–60.4 TECU
  IGS-sim arc 535/624: HOFN HOFN_E19_2  8 rays  TEC 42.8–60.4 TECU
  IGS-sim arc 536/624: HOFN HOFN_E19_3  8 rays  TEC 42.8–60.4 TECU
  IGS-sim arc 537/624: HOFN HOFN_E29  8 rays  TEC 37.3–37.8 TECU
  IGS-sim arc 538/624: HOFN HOFN_E29_1  8 rays  TEC 37.3–37.8 TECU
  IGS-sim arc 539/624: HOFN HOFN_E29_2  8 rays  TEC 37.3–37.8 TECU
  IGS-sim arc 540/624: HOFN HOFN_E29_3  8 rays  TEC 37.3–37.8 TECU
  IGS-sim arc 541/624: HOFN HOFN_E33  8 rays  TEC 40.9–57.9 TECU
  IGS-sim arc 542/624: HOFN HOFN_E33_1  8 rays  TEC 40.9–57.9 TECU
  IGS-sim arc 543/624: HOFN HOFN_E33_2  8 rays  TEC 40.9–57.9 TECU
  IGS-sim arc 544/624: HOFN HOFN_E33_3  8 rays  TEC 40.9–57.9 TECU
  IGS-sim arc 545/624: HOFN HOFN_G04  2 rays  TEC 63.5–68.2 TECU
  IGS-sim arc 546/624: HOFN HOFN_G05  7 rays  TEC 45.2–65.5 TECU
  IGS-sim arc 547/624: HOFN HOFN_G06  5 rays  TEC 52.9–70.7 TECU
  IGS-sim arc 548/624: HOFN HOFN_G07  8 rays  TEC 45.2–62.5 TECU
  IGS-sim arc 549/624: HOFN HOFN_G09  8 rays  TEC 39.6–53.0 TECU
  IGS-sim arc 550/624: HOFN HOFN_G11  8 rays  TEC 39.9–50.9 TECU
  IGS-sim arc 551/624: HOFN HOFN_G21  8 rays  TEC 36.0–42.3 TECU
  IGS-sim arc 552/624: HOFN HOFN_G29  8 rays  TEC 60.8–64.4 TECU
  IGS-sim arc 553/624: HOFN HOFN_G30  4 rays  TEC 55.9–70.1 TECU
  IGS-sim arc 554/624: HOFN HOFN_R01  8 rays  TEC 35.2–45.0 TECU
  IGS-sim arc 555/624: HOFN HOFN_R02  3 rays  TEC 60.3–72.7 TECU
  IGS-sim arc 556/624: HOFN HOFN_R08  8 rays  TEC 36.0–51.4 TECU
  IGS-sim arc 557/624: HOFN HOFN_R09  8 rays  TEC 54.6–60.4 TECU
  IGS-sim arc 558/624: HOFN HOFN_R10  6 rays  TEC 52.1–70.6 TECU
  IGS-sim arc 559/624: HOFN HOFN_R17  8 rays  TEC 42.6–56.1 TECU
  IGS-sim arc 560/624: HOFN HOFN_R24  8 rays  TEC 39.7–56.8 TECU
  IGS-sim arc 561/624: HOFN HOFN_R26  8 rays  TEC 39.1–58.5 TECU
  IGS-sim arc 562/624: REYK REYK_C06  7 rays  TEC 60.4–69.1 TECU
  IGS-sim arc 563/624: REYK REYK_C09  8 rays  TEC 53.3–55.9 TECU
  IGS-sim arc 564/624: REYK REYK_C11  8 rays  TEC 43.4–59.8 TECU
  IGS-sim arc 565/624: REYK REYK_C14  3 rays  TEC 60.7–70.0 TECU
  IGS-sim arc 566/624: REYK REYK_C16  2 rays  TEC 66.6–69.2 TECU
  IGS-sim arc 567/624: REYK REYK_C21  8 rays  TEC 35.5–37.7 TECU
  IGS-sim arc 568/624: REYK REYK_C22  6 rays  TEC 50.2–69.2 TECU
  IGS-sim arc 569/624: REYK REYK_C28  2 rays  TEC 65.0–66.5 TECU
  IGS-sim arc 570/624: REYK REYK_C34  5 rays  TEC 54.8–71.2 TECU
  IGS-sim arc 571/624: REYK REYK_C36  8 rays  TEC 59.8–71.1 TECU
  IGS-sim arc 572/624: REYK REYK_C42  8 rays  TEC 40.9–59.1 TECU
  IGS-sim arc 573/624: REYK REYK_C43  8 rays  TEC 45.6–51.6 TECU
  IGS-sim arc 574/624: REYK REYK_C45  2 rays  TEC 68.4–71.3 TECU
  IGS-sim arc 575/624: REYK REYK_C49  8 rays  TEC 49.2–59.5 TECU
  IGS-sim arc 576/624: REYK REYK_C50  8 rays  TEC 35.6–41.1 TECU
  IGS-sim arc 577/624: REYK REYK_E07  6 rays  TEC 53.4–69.8 TECU
  IGS-sim arc 578/624: REYK REYK_E07_1  6 rays  TEC 53.4–69.8 TECU
  IGS-sim arc 579/624: REYK REYK_E07_2  6 rays  TEC 53.4–69.8 TECU
  IGS-sim arc 580/624: REYK REYK_E07_3  6 rays  TEC 53.4–69.8 TECU
  IGS-sim arc 581/624: REYK REYK_E10  8 rays  TEC 41.5–53.6 TECU
  IGS-sim arc 582/624: REYK REYK_E10_1  8 rays  TEC 41.5–53.6 TECU
  IGS-sim arc 583/624: REYK REYK_E10_2  8 rays  TEC 41.5–53.6 TECU
  IGS-sim arc 584/624: REYK REYK_E10_3  8 rays  TEC 41.5–53.6 TECU
  IGS-sim arc 585/624: REYK REYK_E11  3 rays  TEC 57.9–65.9 TECU
  IGS-sim arc 586/624: REYK REYK_E11_1  3 rays  TEC 57.9–65.9 TECU
  IGS-sim arc 587/624: REYK REYK_E11_2  3 rays  TEC 57.9–65.9 TECU
  IGS-sim arc 588/624: REYK REYK_E11_3  3 rays  TEC 57.9–65.9 TECU
  IGS-sim arc 589/624: REYK REYK_E12  8 rays  TEC 38.6–40.2 TECU
  IGS-sim arc 590/624: REYK REYK_E12_1  8 rays  TEC 38.6–40.2 TECU
  IGS-sim arc 591/624: REYK REYK_E12_2  8 rays  TEC 38.6–40.2 TECU
  IGS-sim arc 592/624: REYK REYK_E12_3  8 rays  TEC 38.6–40.2 TECU
  IGS-sim arc 593/624: REYK REYK_E14  5 rays  TEC 63.8–68.7 TECU
  IGS-sim arc 594/624: REYK REYK_E14_1  5 rays  TEC 63.8–68.7 TECU
  IGS-sim arc 595/624: REYK REYK_E14_2  5 rays  TEC 63.8–68.7 TECU
  IGS-sim arc 596/624: REYK REYK_E14_3  5 rays  TEC 63.8–68.7 TECU
  IGS-sim arc 597/624: REYK REYK_E19  8 rays  TEC 41.1–58.3 TECU
  IGS-sim arc 598/624: REYK REYK_E19_1  8 rays  TEC 41.1–58.3 TECU
  IGS-sim arc 599/624: REYK REYK_E19_2  8 rays  TEC 41.1–58.3 TECU
  IGS-sim arc 600/624: REYK REYK_E19_3  8 rays  TEC 41.1–58.3 TECU
  IGS-sim arc 601/624: REYK REYK_E29  8 rays  TEC 37.4–39.0 TECU
  IGS-sim arc 602/624: REYK REYK_E29_1  8 rays  TEC 37.4–39.0 TECU
  IGS-sim arc 603/624: REYK REYK_E29_2  8 rays  TEC 37.4–39.0 TECU
  IGS-sim arc 604/624: REYK REYK_E29_3  8 rays  TEC 37.4–39.0 TECU
  IGS-sim arc 605/624: REYK REYK_E33  8 rays  TEC 40.9–58.2 TECU
  IGS-sim arc 606/624: REYK REYK_E33_1  8 rays  TEC 40.9–58.2 TECU
  IGS-sim arc 607/624: REYK REYK_E33_2  8 rays  TEC 40.9–58.2 TECU
  IGS-sim arc 608/624: REYK REYK_E33_3  8 rays  TEC 40.9–58.2 TECU
  IGS-sim arc 609/624: REYK REYK_G05  8 rays  TEC 42.7–65.4 TECU
  IGS-sim arc 610/624: REYK REYK_G06  5 rays  TEC 53.3–71.5 TECU
  IGS-sim arc 611/624: REYK REYK_G07  8 rays  TEC 46.4–65.6 TECU
  IGS-sim arc 612/624: REYK REYK_G09  8 rays  TEC 40.0–55.4 TECU
  IGS-sim arc 613/624: REYK REYK_G11  8 rays  TEC 38.1–50.4 TECU
  IGS-sim arc 614/624: REYK REYK_G21  8 rays  TEC 35.6–40.0 TECU
  IGS-sim arc 615/624: REYK REYK_G29  8 rays  TEC 58.6–61.1 TECU
  IGS-sim arc 616/624: REYK REYK_G30  4 rays  TEC 58.1–72.9 TECU
  IGS-sim arc 617/624: REYK REYK_R01  8 rays  TEC 34.8–42.9 TECU
  IGS-sim arc 618/624: REYK REYK_R02  3 rays  TEC 55.9–66.5 TECU
  IGS-sim arc 619/624: REYK REYK_R08  8 rays  TEC 37.1–53.8 TECU
  IGS-sim arc 620/624: REYK REYK_R09  8 rays  TEC 56.3–61.5 TECU
  IGS-sim arc 621/624: REYK REYK_R10  5 rays  TEC 55.5–69.8 TECU
  IGS-sim arc 622/624: REYK REYK_R17  8 rays  TEC 40.1–54.1 TECU
  IGS-sim arc 623/624: REYK REYK_R24  8 rays  TEC 38.8–54.6 TECU
  IGS-sim arc 624/624: REYK REYK_R26  8 rays  TEC 39.3–62.1 TECU

  [sweep 2025-09-22_1100] igs_only EKF (624 IGS arcs) …
  [EKF] 624 arcs  |  4204 profile rays  |  4204 update rays  |  n_state = 1672
  [EKF] Prior innovations  mean=7.86  std=3.79  max_abs=24.22 TECU
  [EKF] iterating [analytical]:   0%|          | 0/20 [00:00<?, ?it/s]  [EKF] iterating [analytical]:   0%|          | 0/20 [00:29<?, ?it/s, RMSE=8.723TECU, rel_dP=1.00e-02]  [EKF] iterating [analytical]:   5%|▌         | 1/20 [00:29<09:29, 29.98s/it, RMSE=8.723TECU, rel_dP=1.00e-02]  [EKF] iterating [analytical]:   5%|▌         | 1/20 [00:55<09:29, 29.98s/it, RMSE=1.547TECU, rel_dP=2.28e-03]  [EKF] iterating [analytical]:  10%|█         | 2/20 [00:55<08:07, 27.08s/it, RMSE=1.547TECU, rel_dP=2.28e-03]  [EKF] iterating [analytical]:  10%|█         | 2/20 [01:19<08:07, 27.08s/it, RMSE=1.165TECU, rel_dP=1.66e-03]  [EKF] iterating [analytical]:  15%|█▌        | 3/20 [01:19<07:19, 25.84s/it, RMSE=1.165TECU, rel_dP=1.66e-03]  [EKF] iterating [analytical]:  15%|█▌        | 3/20 [01:41<07:19, 25.84s/it, RMSE=1.136TECU, rel_dP=1.44e-03]  [EKF] iterating [analytical]:  20%|██        | 4/20 [01:41<06:29, 24.35s/it, RMSE=1.136TECU, rel_dP=1.44e-03]  [EKF] iterating [analytical]:  20%|██        | 4/20 [02:03<06:29, 24.35s/it, RMSE=1.129TECU, rel_dP=1.30e-03]  [EKF] iterating [analytical]:  25%|██▌       | 5/20 [02:03<05:55, 23.68s/it, RMSE=1.129TECU, rel_dP=1.30e-03]  [EKF] iterating [analytical]:  25%|██▌       | 5/20 [02:27<05:55, 23.68s/it, RMSE=1.123TECU, rel_dP=1.20e-03]  [EKF] iterating [analytical]:  30%|███       | 6/20 [02:27<05:29, 23.51s/it, RMSE=1.123TECU, rel_dP=1.20e-03]  [EKF] iterating [analytical]:  30%|███       | 6/20 [02:50<05:29, 23.51s/it, RMSE=1.119TECU, rel_dP=1.12e-03]  [EKF] iterating [analytical]:  35%|███▌      | 7/20 [02:50<05:05, 23.52s/it, RMSE=1.119TECU, rel_dP=1.12e-03]  [EKF] iterating [analytical]:  35%|███▌      | 7/20 [03:12<05:05, 23.52s/it, RMSE=1.115TECU, rel_dP=1.05e-03]  [EKF] iterating [analytical]:  40%|████      | 8/20 [03:12<04:36, 23.06s/it, RMSE=1.115TECU, rel_dP=1.05e-03]  [EKF] iterating [analytical]:  40%|████      | 8/20 [03:37<04:36, 23.06s/it, RMSE=1.112TECU, rel_dP=9.91e-04]  [EKF] iterating [analytical]:  45%|████▌     | 9/20 [03:37<04:19, 23.58s/it, RMSE=1.112TECU, rel_dP=9.91e-04]  [EKF] iterating [analytical]:  45%|████▌     | 9/20 [03:59<04:19, 23.58s/it, RMSE=1.109TECU, rel_dP=9.38e-04]  [EKF] iterating [analytical]:  50%|█████     | 10/20 [03:59<03:49, 22.96s/it, RMSE=1.109TECU, rel_dP=9.38e-04]  [EKF] iterating [analytical]:  50%|█████     | 10/20 [04:20<03:49, 22.96s/it, RMSE=1.107TECU, rel_dP=8.91e-04]  [EKF] iterating [analytical]:  55%|█████▌    | 11/20 [04:20<03:22, 22.52s/it, RMSE=1.107TECU, rel_dP=8.91e-04]  [EKF] iterating [analytical]:  55%|█████▌    | 11/20 [04:41<03:22, 22.52s/it, RMSE=1.104TECU, rel_dP=8.48e-04]  [EKF] iterating [analytical]:  60%|██████    | 12/20 [04:41<02:56, 22.07s/it, RMSE=1.104TECU, rel_dP=8.48e-04]  [EKF] iterating [analytical]:  60%|██████    | 12/20 [05:01<02:56, 22.07s/it, RMSE=1.102TECU, rel_dP=8.14e-04]  [EKF] iterating [analytical]:  65%|██████▌   | 13/20 [05:01<02:30, 21.54s/it, RMSE=1.102TECU, rel_dP=8.14e-04]  [EKF] iterating [analytical]:  65%|██████▌   | 13/20 [05:23<02:30, 21.54s/it, RMSE=1.101TECU, rel_dP=7.85e-04]  [EKF] iterating [analytical]:  70%|███████   | 14/20 [05:23<02:08, 21.45s/it, RMSE=1.101TECU, rel_dP=7.85e-04]  [EKF] iterating [analytical]:  70%|███████   | 14/20 [05:43<02:08, 21.45s/it, RMSE=1.099TECU, rel_dP=7.58e-04]  [EKF] iterating [analytical]:  75%|███████▌  | 15/20 [05:43<01:45, 21.07s/it, RMSE=1.099TECU, rel_dP=7.58e-04]  [EKF] iterating [analytical]:  75%|███████▌  | 15/20 [06:03<01:45, 21.07s/it, RMSE=1.097TECU, rel_dP=7.34e-04]  [EKF] iterating [analytical]:  80%|████████  | 16/20 [06:03<01:23, 20.85s/it, RMSE=1.097TECU, rel_dP=7.34e-04]  [EKF] iterating [analytical]:  80%|████████  | 16/20 [06:23<01:23, 20.85s/it, RMSE=1.096TECU, rel_dP=7.14e-04]  [EKF] iterating [analytical]:  85%|████████▌ | 17/20 [06:23<01:01, 20.60s/it, RMSE=1.096TECU, rel_dP=7.14e-04]  [EKF] iterating [analytical]:  85%|████████▌ | 17/20 [06:44<01:01, 20.60s/it, RMSE=1.095TECU, rel_dP=6.96e-04]  [EKF] iterating [analytical]:  90%|█████████ | 18/20 [06:44<00:41, 20.64s/it, RMSE=1.095TECU, rel_dP=6.96e-04]  [EKF] iterating [analytical]:  90%|█████████ | 18/20 [07:04<00:41, 20.64s/it, RMSE=1.093TECU, rel_dP=6.80e-04]  [EKF] iterating [analytical]:  95%|█████████▌| 19/20 [07:04<00:20, 20.56s/it, RMSE=1.093TECU, rel_dP=6.80e-04]  [EKF] iterating [analytical]:  95%|█████████▌| 19/20 [07:25<00:20, 20.56s/it, RMSE=1.092TECU, rel_dP=6.65e-04]  [EKF] iterating [analytical]: 100%|██████████| 20/20 [07:25<00:00, 20.48s/it, RMSE=1.092TECU, rel_dP=6.65e-04]                                                                                                                  [EKF] Reached max_iter=20 without convergence  (final ||ΔP||/||P|| = 6.65e-04)
  [EKF] Posterior innovations  mean=0.02  std=1.09  max_abs=9.99 TECU
  [EKF] Prior RMSE 8.723 TECU  →  Post RMSE 1.091 TECU

  [sweep 2025-09-22_1100] N_OCC=10  (RO arcs available=25, used=10)
  [EKF] 10 arcs  |  1676 profile rays  |  468 update rays  |  n_state = 1672
  [EKF] Prior innovations  mean=14.87  std=22.45  max_abs=67.41 TECU
  [EKF] iterating [analytical]:   0%|          | 0/20 [00:00<?, ?it/s]  [EKF] iterating [analytical]:   0%|          | 0/20 [00:01<?, ?it/s, RMSE=26.932TECU, rel_dP=1.51e-02]  [EKF] iterating [analytical]:   5%|▌         | 1/20 [00:01<00:35,  1.85s/it, RMSE=26.932TECU, rel_dP=1.51e-02]  [EKF] iterating [analytical]:   5%|▌         | 1/20 [00:03<00:35,  1.85s/it, RMSE=5.011TECU, rel_dP=5.74e-03]   [EKF] iterating [analytical]:  10%|█         | 2/20 [00:03<00:33,  1.85s/it, RMSE=5.011TECU, rel_dP=5.74e-03]  [EKF] iterating [analytical]:  10%|█         | 2/20 [00:05<00:33,  1.85s/it, RMSE=2.259TECU, rel_dP=3.31e-03]  [EKF] iterating [analytical]:  15%|█▌        | 3/20 [00:05<00:31,  1.88s/it, RMSE=2.259TECU, rel_dP=3.31e-03]  [EKF] iterating [analytical]:  15%|█▌        | 3/20 [00:07<00:31,  1.88s/it, RMSE=1.767TECU, rel_dP=2.38e-03]  [EKF] iterating [analytical]:  20%|██        | 4/20 [00:07<00:29,  1.82s/it, RMSE=1.767TECU, rel_dP=2.38e-03]  [EKF] iterating [analytical]:  20%|██        | 4/20 [00:09<00:29,  1.82s/it, RMSE=1.598TECU, rel_dP=1.92e-03]  [EKF] iterating [analytical]:  25%|██▌       | 5/20 [00:09<00:27,  1.82s/it, RMSE=1.598TECU, rel_dP=1.92e-03]  [EKF] iterating [analytical]:  25%|██▌       | 5/20 [00:11<00:27,  1.82s/it, RMSE=1.497TECU, rel_dP=1.65e-03]  [EKF] iterating [analytical]:  30%|███       | 6/20 [00:11<00:25,  1.85s/it, RMSE=1.497TECU, rel_dP=1.65e-03]  [EKF] iterating [analytical]:  30%|███       | 6/20 [00:12<00:25,  1.85s/it, RMSE=1.425TECU, rel_dP=1.46e-03]  [EKF] iterating [analytical]:  35%|███▌      | 7/20 [00:12<00:24,  1.86s/it, RMSE=1.425TECU, rel_dP=1.46e-03]  [EKF] iterating [analytical]:  35%|███▌      | 7/20 [00:14<00:24,  1.86s/it, RMSE=1.369TECU, rel_dP=1.32e-03]  [EKF] iterating [analytical]:  40%|████      | 8/20 [00:14<00:22,  1.87s/it, RMSE=1.369TECU, rel_dP=1.32e-03]  [EKF] iterating [analytical]:  40%|████      | 8/20 [00:16<00:22,  1.87s/it, RMSE=1.323TECU, rel_dP=1.20e-03]  [EKF] iterating [analytical]:  45%|████▌     | 9/20 [00:16<00:20,  1.84s/it, RMSE=1.323TECU, rel_dP=1.20e-03]  [EKF] iterating [analytical]:  45%|████▌     | 9/20 [00:18<00:20,  1.84s/it, RMSE=1.284TECU, rel_dP=1.11e-03]  [EKF] iterating [analytical]:  50%|█████     | 10/20 [00:18<00:18,  1.86s/it, RMSE=1.284TECU, rel_dP=1.11e-03]  [EKF] iterating [analytical]:  50%|█████     | 10/20 [00:20<00:18,  1.86s/it, RMSE=1.251TECU, rel_dP=1.03e-03]  [EKF] iterating [analytical]:  55%|█████▌    | 11/20 [00:20<00:16,  1.86s/it, RMSE=1.251TECU, rel_dP=1.03e-03]  [EKF] iterating [analytical]:  55%|█████▌    | 11/20 [00:22<00:16,  1.86s/it, RMSE=1.222TECU, rel_dP=9.59e-04]  [EKF] iterating [analytical]:  60%|██████    | 12/20 [00:22<00:14,  1.86s/it, RMSE=1.222TECU, rel_dP=9.59e-04]  [EKF] iterating [analytical]:  60%|██████    | 12/20 [00:24<00:14,  1.86s/it, RMSE=1.197TECU, rel_dP=8.98e-04]  [EKF] iterating [analytical]:  65%|██████▌   | 13/20 [00:24<00:13,  1.87s/it, RMSE=1.197TECU, rel_dP=8.98e-04]  [EKF] iterating [analytical]:  65%|██████▌   | 13/20 [00:25<00:13,  1.87s/it, RMSE=1.174TECU, rel_dP=8.44e-04]  [EKF] iterating [analytical]:  70%|███████   | 14/20 [00:25<00:11,  1.87s/it, RMSE=1.174TECU, rel_dP=8.44e-04]  [EKF] iterating [analytical]:  70%|███████   | 14/20 [00:27<00:11,  1.87s/it, RMSE=1.154TECU, rel_dP=7.96e-04]  [EKF] iterating [analytical]:  75%|███████▌  | 15/20 [00:27<00:09,  1.89s/it, RMSE=1.154TECU, rel_dP=7.96e-04]  [EKF] iterating [analytical]:  75%|███████▌  | 15/20 [00:29<00:09,  1.89s/it, RMSE=1.135TECU, rel_dP=7.53e-04]  [EKF] iterating [analytical]:  80%|████████  | 16/20 [00:29<00:07,  1.90s/it, RMSE=1.135TECU, rel_dP=7.53e-04]  [EKF] iterating [analytical]:  80%|████████  | 16/20 [00:31<00:07,  1.90s/it, RMSE=1.119TECU, rel_dP=7.14e-04]  [EKF] iterating [analytical]:  85%|████████▌ | 17/20 [00:31<00:05,  1.89s/it, RMSE=1.119TECU, rel_dP=7.14e-04]  [EKF] iterating [analytical]:  85%|████████▌ | 17/20 [00:33<00:05,  1.89s/it, RMSE=1.104TECU, rel_dP=6.79e-04]  [EKF] iterating [analytical]:  90%|█████████ | 18/20 [00:33<00:03,  1.85s/it, RMSE=1.104TECU, rel_dP=6.79e-04]  [EKF] iterating [analytical]:  90%|█████████ | 18/20 [00:35<00:03,  1.85s/it, RMSE=1.090TECU, rel_dP=6.48e-04]  [EKF] iterating [analytical]:  95%|█████████▌| 19/20 [00:35<00:01,  1.86s/it, RMSE=1.090TECU, rel_dP=6.48e-04]  [EKF] iterating [analytical]:  95%|█████████▌| 19/20 [00:37<00:01,  1.86s/it, RMSE=1.077TECU, rel_dP=6.19e-04]  [EKF] iterating [analytical]: 100%|██████████| 20/20 [00:37<00:00,  1.87s/it, RMSE=1.077TECU, rel_dP=6.19e-04]                                                                                                                  [EKF] Reached max_iter=20 without convergence  (final ||ΔP||/||P|| = 6.19e-04)
  [EKF] Posterior innovations  mean=0.03  std=1.07  max_abs=6.73 TECU
  [EKF] Prior RMSE 27.849 TECU  →  Post RMSE 1.063 TECU
  [EKF] 634 arcs  |  5880 profile rays  |  4672 update rays  |  n_state = 1672
  [EKF] Prior innovations  mean=8.56  std=8.24  max_abs=67.41 TECU
  [EKF] iterating [analytical]:   0%|          | 0/20 [00:00<?, ?it/s]  [EKF] iterating [analytical]:   0%|          | 0/20 [00:22<?, ?it/s, RMSE=11.880TECU, rel_dP=2.14e-02]  [EKF] iterating [analytical]:   5%|▌         | 1/20 [00:22<07:13, 22.80s/it, RMSE=11.880TECU, rel_dP=2.14e-02]  [EKF] iterating [analytical]:   5%|▌         | 1/20 [00:45<07:13, 22.80s/it, RMSE=2.973TECU, rel_dP=9.80e-03]   [EKF] iterating [analytical]:  10%|█         | 2/20 [00:45<06:46, 22.57s/it, RMSE=2.973TECU, rel_dP=9.80e-03]  [EKF] iterating [analytical]:  10%|█         | 2/20 [01:07<06:46, 22.57s/it, RMSE=1.512TECU, rel_dP=5.91e-03]  [EKF] iterating [analytical]:  15%|█▌        | 3/20 [01:07<06:23, 22.55s/it, RMSE=1.512TECU, rel_dP=5.91e-03]  [EKF] iterating [analytical]:  15%|█▌        | 3/20 [01:30<06:23, 22.55s/it, RMSE=1.305TECU, rel_dP=4.13e-03]  [EKF] iterating [analytical]:  20%|██        | 4/20 [01:30<06:01, 22.62s/it, RMSE=1.305TECU, rel_dP=4.13e-03]  [EKF] iterating [analytical]:  20%|██        | 4/20 [01:52<06:01, 22.62s/it, RMSE=1.254TECU, rel_dP=3.16e-03]  [EKF] iterating [analytical]:  25%|██▌       | 5/20 [01:52<05:38, 22.56s/it, RMSE=1.254TECU, rel_dP=3.16e-03]  [EKF] iterating [analytical]:  25%|██▌       | 5/20 [02:15<05:38, 22.56s/it, RMSE=1.229TECU, rel_dP=2.56e-03]  [EKF] iterating [analytical]:  30%|███       | 6/20 [02:15<05:15, 22.54s/it, RMSE=1.229TECU, rel_dP=2.56e-03]  [EKF] iterating [analytical]:  30%|███       | 6/20 [02:37<05:15, 22.54s/it, RMSE=1.211TECU, rel_dP=2.17e-03]  [EKF] iterating [analytical]:  35%|███▌      | 7/20 [02:37<04:53, 22.54s/it, RMSE=1.211TECU, rel_dP=2.17e-03]  [EKF] iterating [analytical]:  35%|███▌      | 7/20 [03:00<04:53, 22.54s/it, RMSE=1.199TECU, rel_dP=1.89e-03]  [EKF] iterating [analytical]:  40%|████      | 8/20 [03:00<04:31, 22.66s/it, RMSE=1.199TECU, rel_dP=1.89e-03]  [EKF] iterating [analytical]:  40%|████      | 8/20 [03:23<04:31, 22.66s/it, RMSE=1.190TECU, rel_dP=1.69e-03]  [EKF] iterating [analytical]:  45%|████▌     | 9/20 [03:23<04:09, 22.69s/it, RMSE=1.190TECU, rel_dP=1.69e-03]  [EKF] iterating [analytical]:  45%|████▌     | 9/20 [03:45<04:09, 22.69s/it, RMSE=1.182TECU, rel_dP=1.53e-03]  [EKF] iterating [analytical]:  50%|█████     | 10/20 [03:45<03:45, 22.57s/it, RMSE=1.182TECU, rel_dP=1.53e-03]  [EKF] iterating [analytical]:  50%|█████     | 10/20 [04:08<03:45, 22.57s/it, RMSE=1.175TECU, rel_dP=1.41e-03]  [EKF] iterating [analytical]:  55%|█████▌    | 11/20 [04:08<03:22, 22.54s/it, RMSE=1.175TECU, rel_dP=1.41e-03]  [EKF] iterating [analytical]:  55%|█████▌    | 11/20 [04:30<03:22, 22.54s/it, RMSE=1.170TECU, rel_dP=1.32e-03]  [EKF] iterating [analytical]:  60%|██████    | 12/20 [04:30<02:59, 22.49s/it, RMSE=1.170TECU, rel_dP=1.32e-03]  [EKF] iterating [analytical]:  60%|██████    | 12/20 [04:53<02:59, 22.49s/it, RMSE=1.165TECU, rel_dP=1.24e-03]  [EKF] iterating [analytical]:  65%|██████▌   | 13/20 [04:53<02:37, 22.45s/it, RMSE=1.165TECU, rel_dP=1.24e-03]  [EKF] iterating [analytical]:  65%|██████▌   | 13/20 [05:15<02:37, 22.45s/it, RMSE=1.161TECU, rel_dP=1.17e-03]  [EKF] iterating [analytical]:  70%|███████   | 14/20 [05:15<02:14, 22.48s/it, RMSE=1.161TECU, rel_dP=1.17e-03]  [EKF] iterating [analytical]:  70%|███████   | 14/20 [05:37<02:14, 22.48s/it, RMSE=1.157TECU, rel_dP=1.12e-03]  [EKF] iterating [analytical]:  75%|███████▌  | 15/20 [05:37<01:52, 22.42s/it, RMSE=1.157TECU, rel_dP=1.12e-03]  [EKF] iterating [analytical]:  75%|███████▌  | 15/20 [06:00<01:52, 22.42s/it, RMSE=1.153TECU, rel_dP=1.07e-03]  [EKF] iterating [analytical]:  80%|████████  | 16/20 [06:00<01:30, 22.57s/it, RMSE=1.153TECU, rel_dP=1.07e-03]  [EKF] iterating [analytical]:  80%|████████  | 16/20 [06:23<01:30, 22.57s/it, RMSE=1.150TECU, rel_dP=1.03e-03]  [EKF] iterating [analytical]:  85%|████████▌ | 17/20 [06:23<01:07, 22.53s/it, RMSE=1.150TECU, rel_dP=1.03e-03]  [EKF] iterating [analytical]:  85%|████████▌ | 17/20 [06:46<01:07, 22.53s/it, RMSE=1.147TECU, rel_dP=9.91e-04]  [EKF] iterating [analytical]:  90%|█████████ | 18/20 [06:46<00:45, 22.61s/it, RMSE=1.147TECU, rel_dP=9.91e-04]  [EKF] iterating [analytical]:  90%|█████████ | 18/20 [07:08<00:45, 22.61s/it, RMSE=1.145TECU, rel_dP=9.57e-04]  [EKF] iterating [analytical]:  95%|█████████▌| 19/20 [07:08<00:22, 22.69s/it, RMSE=1.145TECU, rel_dP=9.57e-04]  [EKF] iterating [analytical]:  95%|█████████▌| 19/20 [07:31<00:22, 22.69s/it, RMSE=1.142TECU, rel_dP=9.25e-04]  [EKF] iterating [analytical]: 100%|██████████| 20/20 [07:31<00:00, 22.75s/it, RMSE=1.142TECU, rel_dP=9.25e-04]                                                                                                                  [EKF] Reached max_iter=20 without convergence  (final ||ΔP||/||P|| = 9.25e-04)
  [EKF] Posterior innovations  mean=0.02  std=1.14  max_abs=9.86 TECU
  [EKF] Prior RMSE 16.597 TECU  →  Post RMSE 1.195 TECU

  [sweep 2025-09-22_1100] N_OCC=20  (RO arcs available=25, used=20)
  [EKF] 20 arcs  |  3338 profile rays  |  929 update rays  |  n_state = 1672
  [EKF] Prior innovations  mean=16.39  std=22.79  max_abs=67.41 TECU
  [EKF] iterating [analytical]:   0%|          | 0/20 [00:00<?, ?it/s]  [EKF] iterating [analytical]:   0%|          | 0/20 [00:03<?, ?it/s, RMSE=28.068TECU, rel_dP=2.35e-02]  [EKF] iterating [analytical]:   5%|▌         | 1/20 [00:03<01:07,  3.54s/it, RMSE=28.068TECU, rel_dP=2.35e-02]  [EKF] iterating [analytical]:   5%|▌         | 1/20 [00:07<01:07,  3.54s/it, RMSE=6.440TECU, rel_dP=1.05e-02]   [EKF] iterating [analytical]:  10%|█         | 2/20 [00:07<01:04,  3.56s/it, RMSE=6.440TECU, rel_dP=1.05e-02]  [EKF] iterating [analytical]:  10%|█         | 2/20 [00:10<01:04,  3.56s/it, RMSE=2.858TECU, rel_dP=5.66e-03]  [EKF] iterating [analytical]:  15%|█▌        | 3/20 [00:10<01:00,  3.57s/it, RMSE=2.858TECU, rel_dP=5.66e-03]  [EKF] iterating [analytical]:  15%|█▌        | 3/20 [00:14<01:00,  3.57s/it, RMSE=2.223TECU, rel_dP=3.82e-03]  [EKF] iterating [analytical]:  20%|██        | 4/20 [00:14<00:57,  3.57s/it, RMSE=2.223TECU, rel_dP=3.82e-03]  [EKF] iterating [analytical]:  20%|██        | 4/20 [00:17<00:57,  3.57s/it, RMSE=2.047TECU, rel_dP=2.98e-03]  [EKF] iterating [analytical]:  25%|██▌       | 5/20 [00:17<00:53,  3.56s/it, RMSE=2.047TECU, rel_dP=2.98e-03]  [EKF] iterating [analytical]:  25%|██▌       | 5/20 [00:21<00:53,  3.56s/it, RMSE=1.954TECU, rel_dP=2.48e-03]  [EKF] iterating [analytical]:  30%|███       | 6/20 [00:21<00:50,  3.59s/it, RMSE=1.954TECU, rel_dP=2.48e-03]  [EKF] iterating [analytical]:  30%|███       | 6/20 [00:25<00:50,  3.59s/it, RMSE=1.891TECU, rel_dP=2.14e-03]  [EKF] iterating [analytical]:  35%|███▌      | 7/20 [00:25<00:46,  3.61s/it, RMSE=1.891TECU, rel_dP=2.14e-03]  [EKF] iterating [analytical]:  35%|███▌      | 7/20 [00:28<00:46,  3.61s/it, RMSE=1.845TECU, rel_dP=1.89e-03]  [EKF] iterating [analytical]:  40%|████      | 8/20 [00:28<00:43,  3.60s/it, RMSE=1.845TECU, rel_dP=1.89e-03]  [EKF] iterating [analytical]:  40%|████      | 8/20 [00:32<00:43,  3.60s/it, RMSE=1.808TECU, rel_dP=1.71e-03]  [EKF] iterating [analytical]:  45%|████▌     | 9/20 [00:32<00:39,  3.60s/it, RMSE=1.808TECU, rel_dP=1.71e-03]  [EKF] iterating [analytical]:  45%|████▌     | 9/20 [00:35<00:39,  3.60s/it, RMSE=1.779TECU, rel_dP=1.56e-03]  [EKF] iterating [analytical]:  50%|█████     | 10/20 [00:35<00:35,  3.60s/it, RMSE=1.779TECU, rel_dP=1.56e-03]  [EKF] iterating [analytical]:  50%|█████     | 10/20 [00:39<00:35,  3.60s/it, RMSE=1.754TECU, rel_dP=1.45e-03]  [EKF] iterating [analytical]:  55%|█████▌    | 11/20 [00:39<00:32,  3.60s/it, RMSE=1.754TECU, rel_dP=1.45e-03]  [EKF] iterating [analytical]:  55%|█████▌    | 11/20 [00:43<00:32,  3.60s/it, RMSE=1.733TECU, rel_dP=1.36e-03]  [EKF] iterating [analytical]:  60%|██████    | 12/20 [00:43<00:29,  3.64s/it, RMSE=1.733TECU, rel_dP=1.36e-03]  [EKF] iterating [analytical]:  60%|██████    | 12/20 [00:46<00:29,  3.64s/it, RMSE=1.714TECU, rel_dP=1.29e-03]  [EKF] iterating [analytical]:  65%|██████▌   | 13/20 [00:46<00:25,  3.63s/it, RMSE=1.714TECU, rel_dP=1.29e-03]  [EKF] iterating [analytical]:  65%|██████▌   | 13/20 [00:50<00:25,  3.63s/it, RMSE=1.697TECU, rel_dP=1.23e-03]  [EKF] iterating [analytical]:  70%|███████   | 14/20 [00:50<00:21,  3.63s/it, RMSE=1.697TECU, rel_dP=1.23e-03]  [EKF] iterating [analytical]:  70%|███████   | 14/20 [00:54<00:21,  3.63s/it, RMSE=1.682TECU, rel_dP=1.19e-03]  [EKF] iterating [analytical]:  75%|███████▌  | 15/20 [00:54<00:18,  3.61s/it, RMSE=1.682TECU, rel_dP=1.19e-03]  [EKF] iterating [analytical]:  75%|███████▌  | 15/20 [00:57<00:18,  3.61s/it, RMSE=1.667TECU, rel_dP=1.15e-03]  [EKF] iterating [analytical]:  80%|████████  | 16/20 [00:57<00:14,  3.60s/it, RMSE=1.667TECU, rel_dP=1.15e-03]  [EKF] iterating [analytical]:  80%|████████  | 16/20 [01:01<00:14,  3.60s/it, RMSE=1.654TECU, rel_dP=1.11e-03]  [EKF] iterating [analytical]:  85%|████████▌ | 17/20 [01:01<00:10,  3.60s/it, RMSE=1.654TECU, rel_dP=1.11e-03]  [EKF] iterating [analytical]:  85%|████████▌ | 17/20 [01:04<00:10,  3.60s/it, RMSE=1.642TECU, rel_dP=1.08e-03]  [EKF] iterating [analytical]:  90%|█████████ | 18/20 [01:04<00:07,  3.63s/it, RMSE=1.642TECU, rel_dP=1.08e-03]  [EKF] iterating [analytical]:  90%|█████████ | 18/20 [01:08<00:07,  3.63s/it, RMSE=1.630TECU, rel_dP=1.06e-03]  [EKF] iterating [analytical]:  95%|█████████▌| 19/20 [01:08<00:03,  3.61s/it, RMSE=1.630TECU, rel_dP=1.06e-03]  [EKF] iterating [analytical]:  95%|█████████▌| 19/20 [01:12<00:03,  3.61s/it, RMSE=1.619TECU, rel_dP=1.04e-03]  [EKF] iterating [analytical]: 100%|██████████| 20/20 [01:12<00:00,  3.62s/it, RMSE=1.619TECU, rel_dP=1.04e-03]                                                                                                                  [EKF] Reached max_iter=20 without convergence  (final ||ΔP||/||P|| = 1.04e-03)
  [EKF] Posterior innovations  mean=0.03  std=1.61  max_abs=15.39 TECU
  [EKF] Prior RMSE 28.606 TECU  →  Post RMSE 1.723 TECU
  [EKF] 644 arcs  |  7542 profile rays  |  5133 update rays  |  n_state = 1672
  [EKF] Prior innovations  mean=9.40  std=10.79  max_abs=67.41 TECU
  [EKF] iterating [analytical]:   0%|          | 0/20 [00:00<?, ?it/s]  [EKF] iterating [analytical]:   0%|          | 0/20 [00:24<?, ?it/s, RMSE=14.314TECU, rel_dP=2.63e-02]  [EKF] iterating [analytical]:   5%|▌         | 1/20 [00:24<07:50, 24.76s/it, RMSE=14.314TECU, rel_dP=2.63e-02]  [EKF] iterating [analytical]:   5%|▌         | 1/20 [00:49<07:50, 24.76s/it, RMSE=3.914TECU, rel_dP=1.25e-02]   [EKF] iterating [analytical]:  10%|█         | 2/20 [00:49<07:28, 24.94s/it, RMSE=3.914TECU, rel_dP=1.25e-02]  [EKF] iterating [analytical]:  10%|█         | 2/20 [01:14<07:28, 24.94s/it, RMSE=1.890TECU, rel_dP=7.32e-03]  [EKF] iterating [analytical]:  15%|█▌        | 3/20 [01:14<07:04, 24.99s/it, RMSE=1.890TECU, rel_dP=7.32e-03]  [EKF] iterating [analytical]:  15%|█▌        | 3/20 [01:39<07:04, 24.99s/it, RMSE=1.582TECU, rel_dP=5.32e-03]  [EKF] iterating [analytical]:  20%|██        | 4/20 [01:39<06:37, 24.87s/it, RMSE=1.582TECU, rel_dP=5.32e-03]  [EKF] iterating [analytical]:  20%|██        | 4/20 [02:04<06:37, 24.87s/it, RMSE=1.504TECU, rel_dP=4.31e-03]  [EKF] iterating [analytical]:  25%|██▌       | 5/20 [02:04<06:12, 24.83s/it, RMSE=1.504TECU, rel_dP=4.31e-03]  [EKF] iterating [analytical]:  25%|██▌       | 5/20 [02:29<06:12, 24.83s/it, RMSE=1.460TECU, rel_dP=3.68e-03]  [EKF] iterating [analytical]:  30%|███       | 6/20 [02:29<05:47, 24.85s/it, RMSE=1.460TECU, rel_dP=3.68e-03]  [EKF] iterating [analytical]:  30%|███       | 6/20 [02:53<05:47, 24.85s/it, RMSE=1.428TECU, rel_dP=3.25e-03]  [EKF] iterating [analytical]:  35%|███▌      | 7/20 [02:53<05:22, 24.80s/it, RMSE=1.428TECU, rel_dP=3.25e-03]  [EKF] iterating [analytical]:  35%|███▌      | 7/20 [03:18<05:22, 24.80s/it, RMSE=1.404TECU, rel_dP=2.92e-03]  [EKF] iterating [analytical]:  40%|████      | 8/20 [03:18<04:57, 24.76s/it, RMSE=1.404TECU, rel_dP=2.92e-03]  [EKF] iterating [analytical]:  40%|████      | 8/20 [03:43<04:57, 24.76s/it, RMSE=1.383TECU, rel_dP=2.66e-03]  [EKF] iterating [analytical]:  45%|████▌     | 9/20 [03:43<04:32, 24.74s/it, RMSE=1.383TECU, rel_dP=2.66e-03]  [EKF] iterating [analytical]:  45%|████▌     | 9/20 [04:08<04:32, 24.74s/it, RMSE=1.367TECU, rel_dP=2.44e-03]  [EKF] iterating [analytical]:  50%|█████     | 10/20 [04:08<04:08, 24.83s/it, RMSE=1.367TECU, rel_dP=2.44e-03]  [EKF] iterating [analytical]:  50%|█████     | 10/20 [04:33<04:08, 24.83s/it, RMSE=1.353TECU, rel_dP=2.26e-03]  [EKF] iterating [analytical]:  55%|█████▌    | 11/20 [04:33<03:43, 24.82s/it, RMSE=1.353TECU, rel_dP=2.26e-03]  [EKF] iterating [analytical]:  55%|█████▌    | 11/20 [04:57<03:43, 24.82s/it, RMSE=1.341TECU, rel_dP=2.11e-03]  [EKF] iterating [analytical]:  60%|██████    | 12/20 [04:57<03:18, 24.79s/it, RMSE=1.341TECU, rel_dP=2.11e-03]  [EKF] iterating [analytical]:  60%|██████    | 12/20 [05:22<03:18, 24.79s/it, RMSE=1.330TECU, rel_dP=1.98e-03]  [EKF] iterating [analytical]:  65%|██████▌   | 13/20 [05:22<02:53, 24.81s/it, RMSE=1.330TECU, rel_dP=1.98e-03]  [EKF] iterating [analytical]:  65%|██████▌   | 13/20 [05:47<02:53, 24.81s/it, RMSE=1.321TECU, rel_dP=1.86e-03]  [EKF] iterating [analytical]:  70%|███████   | 14/20 [05:47<02:29, 24.89s/it, RMSE=1.321TECU, rel_dP=1.86e-03]  [EKF] iterating [analytical]:  70%|███████   | 14/20 [06:12<02:29, 24.89s/it, RMSE=1.313TECU, rel_dP=1.75e-03]  [EKF] iterating [analytical]:  75%|███████▌  | 15/20 [06:12<02:04, 24.81s/it, RMSE=1.313TECU, rel_dP=1.75e-03]  [EKF] iterating [analytical]:  75%|███████▌  | 15/20 [06:37<02:04, 24.81s/it, RMSE=1.305TECU, rel_dP=1.66e-03]  [EKF] iterating [analytical]:  80%|████████  | 16/20 [06:37<01:39, 24.85s/it, RMSE=1.305TECU, rel_dP=1.66e-03]  [EKF] iterating [analytical]:  80%|████████  | 16/20 [07:02<01:39, 24.85s/it, RMSE=1.299TECU, rel_dP=1.58e-03]  [EKF] iterating [analytical]:  85%|████████▌ | 17/20 [07:02<01:14, 24.97s/it, RMSE=1.299TECU, rel_dP=1.58e-03]  [EKF] iterating [analytical]:  85%|████████▌ | 17/20 [07:28<01:14, 24.97s/it, RMSE=1.293TECU, rel_dP=1.51e-03]  [EKF] iterating [analytical]:  90%|█████████ | 18/20 [07:28<00:50, 25.34s/it, RMSE=1.293TECU, rel_dP=1.51e-03]  [EKF] iterating [analytical]:  90%|█████████ | 18/20 [07:53<00:50, 25.34s/it, RMSE=1.288TECU, rel_dP=1.44e-03]  [EKF] iterating [analytical]:  95%|█████████▌| 19/20 [07:53<00:25, 25.26s/it, RMSE=1.288TECU, rel_dP=1.44e-03]  [EKF] iterating [analytical]:  95%|█████████▌| 19/20 [08:19<00:25, 25.26s/it, RMSE=1.283TECU, rel_dP=1.39e-03]  [EKF] iterating [analytical]: 100%|██████████| 20/20 [08:19<00:00, 25.40s/it, RMSE=1.283TECU, rel_dP=1.39e-03]                                                                                                                  [EKF] Reached max_iter=20 without convergence  (final ||ΔP||/||P|| = 1.39e-03)
  [EKF] Posterior innovations  mean=-0.01  std=1.28  max_abs=15.10 TECU
  [EKF] Prior RMSE 20.114 TECU  →  Post RMSE 1.553 TECU

  [sweep 2025-09-22_1100] N_OCC=30  (RO arcs available=25, used=25)
  [EKF] 25 arcs  |  4163 profile rays  |  1152 update rays  |  n_state = 1672
  [EKF] Prior innovations  mean=21.51  std=23.80  max_abs=67.41 TECU
  [EKF] iterating [analytical]:   0%|          | 0/20 [00:00<?, ?it/s]  [EKF] iterating [analytical]:   0%|          | 0/20 [00:04<?, ?it/s, RMSE=32.079TECU, rel_dP=2.88e-02]  [EKF] iterating [analytical]:   5%|▌         | 1/20 [00:04<01:23,  4.38s/it, RMSE=32.079TECU, rel_dP=2.88e-02]  [EKF] iterating [analytical]:   5%|▌         | 1/20 [00:08<01:23,  4.38s/it, RMSE=7.560TECU, rel_dP=1.23e-02]   [EKF] iterating [analytical]:  10%|█         | 2/20 [00:08<01:18,  4.37s/it, RMSE=7.560TECU, rel_dP=1.23e-02]  [EKF] iterating [analytical]:  10%|█         | 2/20 [00:13<01:18,  4.37s/it, RMSE=3.171TECU, rel_dP=6.85e-03]  [EKF] iterating [analytical]:  15%|█▌        | 3/20 [00:13<01:20,  4.72s/it, RMSE=3.171TECU, rel_dP=6.85e-03]  [EKF] iterating [analytical]:  15%|█▌        | 3/20 [00:18<01:20,  4.72s/it, RMSE=2.423TECU, rel_dP=4.81e-03]  [EKF] iterating [analytical]:  20%|██        | 4/20 [00:18<01:13,  4.62s/it, RMSE=2.423TECU, rel_dP=4.81e-03]  [EKF] iterating [analytical]:  20%|██        | 4/20 [00:23<01:13,  4.62s/it, RMSE=2.219TECU, rel_dP=3.82e-03]  [EKF] iterating [analytical]:  25%|██▌       | 5/20 [00:23<01:09,  4.66s/it, RMSE=2.219TECU, rel_dP=3.82e-03]  [EKF] iterating [analytical]:  25%|██▌       | 5/20 [00:27<01:09,  4.66s/it, RMSE=2.106TECU, rel_dP=3.21e-03]  [EKF] iterating [analytical]:  30%|███       | 6/20 [00:27<01:06,  4.74s/it, RMSE=2.106TECU, rel_dP=3.21e-03]  [EKF] iterating [analytical]:  30%|███       | 6/20 [00:32<01:06,  4.74s/it, RMSE=2.027TECU, rel_dP=2.79e-03]  [EKF] iterating [analytical]:  35%|███▌      | 7/20 [00:32<01:02,  4.78s/it, RMSE=2.027TECU, rel_dP=2.79e-03]  [EKF] iterating [analytical]:  35%|███▌      | 7/20 [00:37<01:02,  4.78s/it, RMSE=1.967TECU, rel_dP=2.47e-03]  [EKF] iterating [analytical]:  40%|████      | 8/20 [00:37<00:57,  4.76s/it, RMSE=1.967TECU, rel_dP=2.47e-03]  [EKF] iterating [analytical]:  40%|████      | 8/20 [00:42<00:57,  4.76s/it, RMSE=1.918TECU, rel_dP=2.22e-03]  [EKF] iterating [analytical]:  45%|████▌     | 9/20 [00:42<00:54,  4.92s/it, RMSE=1.918TECU, rel_dP=2.22e-03]  [EKF] iterating [analytical]:  45%|████▌     | 9/20 [00:47<00:54,  4.92s/it, RMSE=1.878TECU, rel_dP=2.03e-03]  [EKF] iterating [analytical]:  50%|█████     | 10/20 [00:47<00:48,  4.89s/it, RMSE=1.878TECU, rel_dP=2.03e-03]  [EKF] iterating [analytical]:  50%|█████     | 10/20 [00:52<00:48,  4.89s/it, RMSE=1.845TECU, rel_dP=1.87e-03]  [EKF] iterating [analytical]:  55%|█████▌    | 11/20 [00:52<00:43,  4.89s/it, RMSE=1.845TECU, rel_dP=1.87e-03]  [EKF] iterating [analytical]:  55%|█████▌    | 11/20 [00:57<00:43,  4.89s/it, RMSE=1.816TECU, rel_dP=1.74e-03]  [EKF] iterating [analytical]:  60%|██████    | 12/20 [00:57<00:38,  4.78s/it, RMSE=1.816TECU, rel_dP=1.74e-03]  [EKF] iterating [analytical]:  60%|██████    | 12/20 [01:01<00:38,  4.78s/it, RMSE=1.791TECU, rel_dP=1.63e-03]  [EKF] iterating [analytical]:  65%|██████▌   | 13/20 [01:01<00:33,  4.78s/it, RMSE=1.791TECU, rel_dP=1.63e-03]  [EKF] iterating [analytical]:  65%|██████▌   | 13/20 [01:06<00:33,  4.78s/it, RMSE=1.768TECU, rel_dP=1.54e-03]  [EKF] iterating [analytical]:  70%|███████   | 14/20 [01:06<00:28,  4.80s/it, RMSE=1.768TECU, rel_dP=1.54e-03]  [EKF] iterating [analytical]:  70%|███████   | 14/20 [01:11<00:28,  4.80s/it, RMSE=1.748TECU, rel_dP=1.47e-03]  [EKF] iterating [analytical]:  75%|███████▌  | 15/20 [01:11<00:23,  4.71s/it, RMSE=1.748TECU, rel_dP=1.47e-03]  [EKF] iterating [analytical]:  75%|███████▌  | 15/20 [01:16<00:23,  4.71s/it, RMSE=1.730TECU, rel_dP=1.41e-03]  [EKF] iterating [analytical]:  80%|████████  | 16/20 [01:16<00:19,  4.80s/it, RMSE=1.730TECU, rel_dP=1.41e-03]  [EKF] iterating [analytical]:  80%|████████  | 16/20 [01:20<00:19,  4.80s/it, RMSE=1.714TECU, rel_dP=1.35e-03]  [EKF] iterating [analytical]:  85%|████████▌ | 17/20 [01:20<00:14,  4.79s/it, RMSE=1.714TECU, rel_dP=1.35e-03]  [EKF] iterating [analytical]:  85%|████████▌ | 17/20 [01:25<00:14,  4.79s/it, RMSE=1.698TECU, rel_dP=1.31e-03]  [EKF] iterating [analytical]:  90%|█████████ | 18/20 [01:25<00:09,  4.75s/it, RMSE=1.698TECU, rel_dP=1.31e-03]  [EKF] iterating [analytical]:  90%|█████████ | 18/20 [01:30<00:09,  4.75s/it, RMSE=1.684TECU, rel_dP=1.27e-03]  [EKF] iterating [analytical]:  95%|█████████▌| 19/20 [01:30<00:04,  4.84s/it, RMSE=1.684TECU, rel_dP=1.27e-03]  [EKF] iterating [analytical]:  95%|█████████▌| 19/20 [01:35<00:04,  4.84s/it, RMSE=1.670TECU, rel_dP=1.23e-03]  [EKF] iterating [analytical]: 100%|██████████| 20/20 [01:35<00:00,  4.77s/it, RMSE=1.670TECU, rel_dP=1.23e-03]                                                                                                                  [EKF] Reached max_iter=20 without convergence  (final ||ΔP||/||P|| = 1.23e-03)
  [EKF] Posterior innovations  mean=0.04  std=1.66  max_abs=14.51 TECU
  [EKF] Prior RMSE 32.770 TECU  →  Post RMSE 1.761 TECU
  [EKF] 649 arcs  |  8367 profile rays  |  5356 update rays  |  n_state = 1672
  [EKF] Prior innovations  mean=10.79  std=12.83  max_abs=67.41 TECU
  [EKF] iterating [analytical]:   0%|          | 0/20 [00:00<?, ?it/s]  [EKF] iterating [analytical]:   0%|          | 0/20 [00:25<?, ?it/s, RMSE=16.765TECU, rel_dP=3.00e-02]  [EKF] iterating [analytical]:   5%|▌         | 1/20 [00:25<08:11, 25.87s/it, RMSE=16.765TECU, rel_dP=3.00e-02]  [EKF] iterating [analytical]:   5%|▌         | 1/20 [00:51<08:11, 25.87s/it, RMSE=4.516TECU, rel_dP=1.33e-02]   [EKF] iterating [analytical]:  10%|█         | 2/20 [00:51<07:46, 25.93s/it, RMSE=4.516TECU, rel_dP=1.33e-02]  [EKF] iterating [analytical]:  10%|█         | 2/20 [01:18<07:46, 25.93s/it, RMSE=2.029TECU, rel_dP=7.62e-03]  [EKF] iterating [analytical]:  15%|█▌        | 3/20 [01:18<07:27, 26.32s/it, RMSE=2.029TECU, rel_dP=7.62e-03]  [EKF] iterating [analytical]:  15%|█▌        | 3/20 [01:44<07:27, 26.32s/it, RMSE=1.661TECU, rel_dP=5.40e-03]  [EKF] iterating [analytical]:  20%|██        | 4/20 [01:44<06:56, 26.02s/it, RMSE=1.661TECU, rel_dP=5.40e-03]  [EKF] iterating [analytical]:  20%|██        | 4/20 [02:10<06:56, 26.02s/it, RMSE=1.578TECU, rel_dP=4.28e-03]  [EKF] iterating [analytical]:  25%|██▌       | 5/20 [02:10<06:33, 26.23s/it, RMSE=1.578TECU, rel_dP=4.28e-03]  [EKF] iterating [analytical]:  25%|██▌       | 5/20 [02:36<06:33, 26.23s/it, RMSE=1.535TECU, rel_dP=3.61e-03]  [EKF] iterating [analytical]:  30%|███       | 6/20 [02:36<06:06, 26.15s/it, RMSE=1.535TECU, rel_dP=3.61e-03]  [EKF] iterating [analytical]:  30%|███       | 6/20 [03:02<06:06, 26.15s/it, RMSE=1.505TECU, rel_dP=3.15e-03]  [EKF] iterating [analytical]:  35%|███▌      | 7/20 [03:02<05:38, 26.01s/it, RMSE=1.505TECU, rel_dP=3.15e-03]  [EKF] iterating [analytical]:  35%|███▌      | 7/20 [03:28<05:38, 26.01s/it, RMSE=1.483TECU, rel_dP=2.81e-03]  [EKF] iterating [analytical]:  40%|████      | 8/20 [03:28<05:10, 25.90s/it, RMSE=1.483TECU, rel_dP=2.81e-03]  [EKF] iterating [analytical]:  40%|████      | 8/20 [03:54<05:10, 25.90s/it, RMSE=1.466TECU, rel_dP=2.56e-03]  [EKF] iterating [analytical]:  45%|████▌     | 9/20 [03:54<04:45, 25.95s/it, RMSE=1.466TECU, rel_dP=2.56e-03]  [EKF] iterating [analytical]:  45%|████▌     | 9/20 [04:20<04:45, 25.95s/it, RMSE=1.451TECU, rel_dP=2.36e-03]  [EKF] iterating [analytical]:  50%|█████     | 10/20 [04:20<04:19, 25.95s/it, RMSE=1.451TECU, rel_dP=2.36e-03]  [EKF] iterating [analytical]:  50%|█████     | 10/20 [04:46<04:19, 25.95s/it, RMSE=1.439TECU, rel_dP=2.21e-03]  [EKF] iterating [analytical]:  55%|█████▌    | 11/20 [04:46<03:53, 25.92s/it, RMSE=1.439TECU, rel_dP=2.21e-03]  [EKF] iterating [analytical]:  55%|█████▌    | 11/20 [05:12<03:53, 25.92s/it, RMSE=1.429TECU, rel_dP=2.08e-03]  [EKF] iterating [analytical]:  60%|██████    | 12/20 [05:12<03:29, 26.22s/it, RMSE=1.429TECU, rel_dP=2.08e-03]  [EKF] iterating [analytical]:  60%|██████    | 12/20 [05:38<03:29, 26.22s/it, RMSE=1.419TECU, rel_dP=1.97e-03]  [EKF] iterating [analytical]:  65%|██████▌   | 13/20 [05:38<03:02, 26.11s/it, RMSE=1.419TECU, rel_dP=1.97e-03]  [EKF] iterating [analytical]:  65%|██████▌   | 13/20 [06:04<03:02, 26.11s/it, RMSE=1.411TECU, rel_dP=1.88e-03]  [EKF] iterating [analytical]:  70%|███████   | 14/20 [06:04<02:36, 26.00s/it, RMSE=1.411TECU, rel_dP=1.88e-03]  [EKF] iterating [analytical]:  70%|███████   | 14/20 [06:30<02:36, 26.00s/it, RMSE=1.404TECU, rel_dP=1.81e-03]  [EKF] iterating [analytical]:  75%|███████▌  | 15/20 [06:30<02:10, 26.04s/it, RMSE=1.404TECU, rel_dP=1.81e-03]  [EKF] iterating [analytical]:  75%|███████▌  | 15/20 [06:56<02:10, 26.04s/it, RMSE=1.397TECU, rel_dP=1.74e-03]  [EKF] iterating [analytical]:  80%|████████  | 16/20 [06:56<01:44, 26.00s/it, RMSE=1.397TECU, rel_dP=1.74e-03]  [EKF] iterating [analytical]:  80%|████████  | 16/20 [07:22<01:44, 26.00s/it, RMSE=1.391TECU, rel_dP=1.69e-03]  [EKF] iterating [analytical]:  85%|████████▌ | 17/20 [07:22<01:18, 26.11s/it, RMSE=1.391TECU, rel_dP=1.69e-03]  [EKF] iterating [analytical]:  85%|████████▌ | 17/20 [07:49<01:18, 26.11s/it, RMSE=1.385TECU, rel_dP=1.64e-03]  [EKF] iterating [analytical]:  90%|█████████ | 18/20 [07:49<00:52, 26.15s/it, RMSE=1.385TECU, rel_dP=1.64e-03]  [EKF] iterating [analytical]:  90%|█████████ | 18/20 [08:15<00:52, 26.15s/it, RMSE=1.379TECU, rel_dP=1.60e-03]  [EKF] iterating [analytical]:  95%|█████████▌| 19/20 [08:15<00:26, 26.09s/it, RMSE=1.379TECU, rel_dP=1.60e-03]  [EKF] iterating [analytical]:  95%|█████████▌| 19/20 [08:40<00:26, 26.09s/it, RMSE=1.374TECU, rel_dP=1.56e-03]  [EKF] iterating [analytical]: 100%|██████████| 20/20 [08:40<00:00, 25.94s/it, RMSE=1.374TECU, rel_dP=1.56e-03]                                                                                                                  [EKF] Reached max_iter=20 without convergence  (final ||ΔP||/||P|| = 1.56e-03)
  [EKF] Posterior innovations  mean=0.01  std=1.37  max_abs=15.77 TECU
  [EKF] Prior RMSE 23.928 TECU  →  Post RMSE 1.655 TECU

  [sweep 2025-09-22_1100] N_OCC=40  (RO arcs available=25, used=25)
  [EKF] 25 arcs  |  4163 profile rays  |  1152 update rays  |  n_state = 1672
  [EKF] Prior innovations  mean=21.51  std=23.80  max_abs=67.41 TECU
  [EKF] iterating [analytical]:   0%|          | 0/20 [00:00<?, ?it/s]  [EKF] iterating [analytical]:   0%|          | 0/20 [00:04<?, ?it/s, RMSE=32.079TECU, rel_dP=2.88e-02]  [EKF] iterating [analytical]:   5%|▌         | 1/20 [00:04<01:34,  4.98s/it, RMSE=32.079TECU, rel_dP=2.88e-02]  [EKF] iterating [analytical]:   5%|▌         | 1/20 [00:09<01:34,  4.98s/it, RMSE=7.560TECU, rel_dP=1.23e-02]   [EKF] iterating [analytical]:  10%|█         | 2/20 [00:09<01:26,  4.81s/it, RMSE=7.560TECU, rel_dP=1.23e-02]  [EKF] iterating [analytical]:  10%|█         | 2/20 [00:14<01:26,  4.81s/it, RMSE=3.171TECU, rel_dP=6.85e-03]  [EKF] iterating [analytical]:  15%|█▌        | 3/20 [00:14<01:21,  4.79s/it, RMSE=3.171TECU, rel_dP=6.85e-03]  [EKF] iterating [analytical]:  15%|█▌        | 3/20 [00:19<01:21,  4.79s/it, RMSE=2.423TECU, rel_dP=4.81e-03]  [EKF] iterating [analytical]:  20%|██        | 4/20 [00:19<01:15,  4.72s/it, RMSE=2.423TECU, rel_dP=4.81e-03]  [EKF] iterating [analytical]:  20%|██        | 4/20 [00:23<01:15,  4.72s/it, RMSE=2.219TECU, rel_dP=3.82e-03]  [EKF] iterating [analytical]:  25%|██▌       | 5/20 [00:23<01:10,  4.69s/it, RMSE=2.219TECU, rel_dP=3.82e-03]  [EKF] iterating [analytical]:  25%|██▌       | 5/20 [00:28<01:10,  4.69s/it, RMSE=2.106TECU, rel_dP=3.21e-03]  [EKF] iterating [analytical]:  30%|███       | 6/20 [00:28<01:06,  4.73s/it, RMSE=2.106TECU, rel_dP=3.21e-03]  [EKF] iterating [analytical]:  30%|███       | 6/20 [00:33<01:06,  4.73s/it, RMSE=2.027TECU, rel_dP=2.79e-03]  [EKF] iterating [analytical]:  35%|███▌      | 7/20 [00:33<01:00,  4.66s/it, RMSE=2.027TECU, rel_dP=2.79e-03]  [EKF] iterating [analytical]:  35%|███▌      | 7/20 [00:37<01:00,  4.66s/it, RMSE=1.967TECU, rel_dP=2.47e-03]  [EKF] iterating [analytical]:  40%|████      | 8/20 [00:37<00:56,  4.67s/it, RMSE=1.967TECU, rel_dP=2.47e-03]  [EKF] iterating [analytical]:  40%|████      | 8/20 [00:42<00:56,  4.67s/it, RMSE=1.918TECU, rel_dP=2.22e-03]  [EKF] iterating [analytical]:  45%|████▌     | 9/20 [00:42<00:52,  4.77s/it, RMSE=1.918TECU, rel_dP=2.22e-03]  [EKF] iterating [analytical]:  45%|████▌     | 9/20 [00:47<00:52,  4.77s/it, RMSE=1.878TECU, rel_dP=2.03e-03]  [EKF] iterating [analytical]:  50%|█████     | 10/20 [00:47<00:48,  4.81s/it, RMSE=1.878TECU, rel_dP=2.03e-03]  [EKF] iterating [analytical]:  50%|█████     | 10/20 [00:52<00:48,  4.81s/it, RMSE=1.845TECU, rel_dP=1.87e-03]  [EKF] iterating [analytical]:  55%|█████▌    | 11/20 [00:52<00:44,  4.92s/it, RMSE=1.845TECU, rel_dP=1.87e-03]  [EKF] iterating [analytical]:  55%|█████▌    | 11/20 [00:57<00:44,  4.92s/it, RMSE=1.816TECU, rel_dP=1.74e-03]  [EKF] iterating [analytical]:  60%|██████    | 12/20 [00:57<00:38,  4.80s/it, RMSE=1.816TECU, rel_dP=1.74e-03]  [EKF] iterating [analytical]:  60%|██████    | 12/20 [01:02<00:38,  4.80s/it, RMSE=1.791TECU, rel_dP=1.63e-03]  [EKF] iterating [analytical]:  65%|██████▌   | 13/20 [01:02<00:33,  4.80s/it, RMSE=1.791TECU, rel_dP=1.63e-03]  [EKF] iterating [analytical]:  65%|██████▌   | 13/20 [01:06<00:33,  4.80s/it, RMSE=1.768TECU, rel_dP=1.54e-03]  [EKF] iterating [analytical]:  70%|███████   | 14/20 [01:06<00:28,  4.75s/it, RMSE=1.768TECU, rel_dP=1.54e-03]  [EKF] iterating [analytical]:  70%|███████   | 14/20 [01:11<00:28,  4.75s/it, RMSE=1.748TECU, rel_dP=1.47e-03]  [EKF] iterating [analytical]:  75%|███████▌  | 15/20 [01:11<00:23,  4.69s/it, RMSE=1.748TECU, rel_dP=1.47e-03]  [EKF] iterating [analytical]:  75%|███████▌  | 15/20 [01:15<00:23,  4.69s/it, RMSE=1.730TECU, rel_dP=1.41e-03]  [EKF] iterating [analytical]:  80%|████████  | 16/20 [01:15<00:18,  4.60s/it, RMSE=1.730TECU, rel_dP=1.41e-03]  [EKF] iterating [analytical]:  80%|████████  | 16/20 [01:20<00:18,  4.60s/it, RMSE=1.714TECU, rel_dP=1.35e-03]  [EKF] iterating [analytical]:  85%|████████▌ | 17/20 [01:20<00:13,  4.66s/it, RMSE=1.714TECU, rel_dP=1.35e-03]  [EKF] iterating [analytical]:  85%|████████▌ | 17/20 [01:25<00:13,  4.66s/it, RMSE=1.698TECU, rel_dP=1.31e-03]  [EKF] iterating [analytical]:  90%|█████████ | 18/20 [01:25<00:09,  4.83s/it, RMSE=1.698TECU, rel_dP=1.31e-03]  [EKF] iterating [analytical]:  90%|█████████ | 18/20 [01:30<00:09,  4.83s/it, RMSE=1.684TECU, rel_dP=1.27e-03]  [EKF] iterating [analytical]:  95%|█████████▌| 19/20 [01:30<00:04,  4.82s/it, RMSE=1.684TECU, rel_dP=1.27e-03]  [EKF] iterating [analytical]:  95%|█████████▌| 19/20 [01:35<00:04,  4.82s/it, RMSE=1.670TECU, rel_dP=1.23e-03]  [EKF] iterating [analytical]: 100%|██████████| 20/20 [01:35<00:00,  4.75s/it, RMSE=1.670TECU, rel_dP=1.23e-03]                                                                                                                  [EKF] Reached max_iter=20 without convergence  (final ||ΔP||/||P|| = 1.23e-03)
  [EKF] Posterior innovations  mean=0.04  std=1.66  max_abs=14.51 TECU
  [EKF] Prior RMSE 32.770 TECU  →  Post RMSE 1.761 TECU
  [EKF] 649 arcs  |  8367 profile rays  |  5356 update rays  |  n_state = 1672
  [EKF] Prior innovations  mean=10.79  std=12.83  max_abs=67.41 TECU
  [EKF] iterating [analytical]:   0%|          | 0/20 [00:00<?, ?it/s]  [EKF] iterating [analytical]:   0%|          | 0/20 [00:26<?, ?it/s, RMSE=16.765TECU, rel_dP=3.00e-02]  [EKF] iterating [analytical]:   5%|▌         | 1/20 [00:26<08:21, 26.41s/it, RMSE=16.765TECU, rel_dP=3.00e-02]  [EKF] iterating [analytical]:   5%|▌         | 1/20 [00:53<08:21, 26.41s/it, RMSE=4.516TECU, rel_dP=1.33e-02]   [EKF] iterating [analytical]:  10%|█         | 2/20 [00:53<07:59, 26.65s/it, RMSE=4.516TECU, rel_dP=1.33e-02]  [EKF] iterating [analytical]:  10%|█         | 2/20 [01:19<07:59, 26.65s/it, RMSE=2.029TECU, rel_dP=7.62e-03]  [EKF] iterating [analytical]:  15%|█▌        | 3/20 [01:19<07:28, 26.40s/it, RMSE=2.029TECU, rel_dP=7.62e-03]  [EKF] iterating [analytical]:  15%|█▌        | 3/20 [01:45<07:28, 26.40s/it, RMSE=1.661TECU, rel_dP=5.40e-03]  [EKF] iterating [analytical]:  20%|██        | 4/20 [01:45<07:02, 26.40s/it, RMSE=1.661TECU, rel_dP=5.40e-03]  [EKF] iterating [analytical]:  20%|██        | 4/20 [02:11<07:02, 26.40s/it, RMSE=1.578TECU, rel_dP=4.28e-03]  [EKF] iterating [analytical]:  25%|██▌       | 5/20 [02:11<06:32, 26.19s/it, RMSE=1.578TECU, rel_dP=4.28e-03]  [EKF] iterating [analytical]:  25%|██▌       | 5/20 [02:37<06:32, 26.19s/it, RMSE=1.535TECU, rel_dP=3.61e-03]  [EKF] iterating [analytical]:  30%|███       | 6/20 [02:37<06:05, 26.10s/it, RMSE=1.535TECU, rel_dP=3.61e-03]  [EKF] iterating [analytical]:  30%|███       | 6/20 [03:03<06:05, 26.10s/it, RMSE=1.505TECU, rel_dP=3.15e-03]  [EKF] iterating [analytical]:  35%|███▌      | 7/20 [03:03<05:40, 26.17s/it, RMSE=1.505TECU, rel_dP=3.15e-03]  [EKF] iterating [analytical]:  35%|███▌      | 7/20 [03:29<05:40, 26.17s/it, RMSE=1.483TECU, rel_dP=2.81e-03]  [EKF] iterating [analytical]:  40%|████      | 8/20 [03:29<05:13, 26.13s/it, RMSE=1.483TECU, rel_dP=2.81e-03]  [EKF] iterating [analytical]:  40%|████      | 8/20 [03:55<05:13, 26.13s/it, RMSE=1.466TECU, rel_dP=2.56e-03]  [EKF] iterating [analytical]:  45%|████▌     | 9/20 [03:55<04:46, 26.05s/it, RMSE=1.466TECU, rel_dP=2.56e-03]  [EKF] iterating [analytical]:  45%|████▌     | 9/20 [04:21<04:46, 26.05s/it, RMSE=1.451TECU, rel_dP=2.36e-03]  [EKF] iterating [analytical]:  50%|█████     | 10/20 [04:21<04:19, 25.95s/it, RMSE=1.451TECU, rel_dP=2.36e-03]  [EKF] iterating [analytical]:  50%|█████     | 10/20 [04:48<04:19, 25.95s/it, RMSE=1.439TECU, rel_dP=2.21e-03]  [EKF] iterating [analytical]:  55%|█████▌    | 11/20 [04:48<03:55, 26.19s/it, RMSE=1.439TECU, rel_dP=2.21e-03]  [EKF] iterating [analytical]:  55%|█████▌    | 11/20 [05:14<03:55, 26.19s/it, RMSE=1.429TECU, rel_dP=2.08e-03]  [EKF] iterating [analytical]:  60%|██████    | 12/20 [05:14<03:30, 26.35s/it, RMSE=1.429TECU, rel_dP=2.08e-03]  [EKF] iterating [analytical]:  60%|██████    | 12/20 [05:40<03:30, 26.35s/it, RMSE=1.419TECU, rel_dP=1.97e-03]  [EKF] iterating [analytical]:  65%|██████▌   | 13/20 [05:40<03:03, 26.14s/it, RMSE=1.419TECU, rel_dP=1.97e-03]  [EKF] iterating [analytical]:  65%|██████▌   | 13/20 [06:06<03:03, 26.14s/it, RMSE=1.411TECU, rel_dP=1.88e-03]  [EKF] iterating [analytical]:  70%|███████   | 14/20 [06:06<02:36, 26.05s/it, RMSE=1.411TECU, rel_dP=1.88e-03]  [EKF] iterating [analytical]:  70%|███████   | 14/20 [06:32<02:36, 26.05s/it, RMSE=1.404TECU, rel_dP=1.81e-03]  [EKF] iterating [analytical]:  75%|███████▌  | 15/20 [06:32<02:10, 26.05s/it, RMSE=1.404TECU, rel_dP=1.81e-03]  [EKF] iterating [analytical]:  75%|███████▌  | 15/20 [06:58<02:10, 26.05s/it, RMSE=1.397TECU, rel_dP=1.74e-03]  [EKF] iterating [analytical]:  80%|████████  | 16/20 [06:58<01:43, 25.95s/it, RMSE=1.397TECU, rel_dP=1.74e-03]  [EKF] iterating [analytical]:  80%|████████  | 16/20 [07:23<01:43, 25.95s/it, RMSE=1.391TECU, rel_dP=1.69e-03]  [EKF] iterating [analytical]:  85%|████████▌ | 17/20 [07:23<01:17, 25.91s/it, RMSE=1.391TECU, rel_dP=1.69e-03]  [EKF] iterating [analytical]:  85%|████████▌ | 17/20 [07:50<01:17, 25.91s/it, RMSE=1.385TECU, rel_dP=1.64e-03]  [EKF] iterating [analytical]:  90%|█████████ | 18/20 [07:50<00:51, 25.99s/it, RMSE=1.385TECU, rel_dP=1.64e-03]  [EKF] iterating [analytical]:  90%|█████████ | 18/20 [08:15<00:51, 25.99s/it, RMSE=1.379TECU, rel_dP=1.60e-03]  [EKF] iterating [analytical]:  95%|█████████▌| 19/20 [08:15<00:25, 25.95s/it, RMSE=1.379TECU, rel_dP=1.60e-03]  [EKF] iterating [analytical]:  95%|█████████▌| 19/20 [08:41<00:25, 25.95s/it, RMSE=1.374TECU, rel_dP=1.56e-03]  [EKF] iterating [analytical]: 100%|██████████| 20/20 [08:41<00:00, 25.94s/it, RMSE=1.374TECU, rel_dP=1.56e-03]                                                                                                                  [EKF] Reached max_iter=20 without convergence  (final ||ΔP||/||P|| = 1.56e-03)
  [EKF] Posterior innovations  mean=0.01  std=1.37  max_abs=15.77 TECU
  [EKF] Prior RMSE 23.928 TECU  →  Post RMSE 1.655 TECU

  [sweep 2025-09-22_1100] N_OCC=50  (RO arcs available=25, used=25)
  [EKF] 25 arcs  |  4163 profile rays  |  1152 update rays  |  n_state = 1672
  [EKF] Prior innovations  mean=21.51  std=23.80  max_abs=67.41 TECU
  [EKF] iterating [analytical]:   0%|          | 0/20 [00:00<?, ?it/s]  [EKF] iterating [analytical]:   0%|          | 0/20 [00:04<?, ?it/s, RMSE=32.079TECU, rel_dP=2.88e-02]  [EKF] iterating [analytical]:   5%|▌         | 1/20 [00:04<01:26,  4.55s/it, RMSE=32.079TECU, rel_dP=2.88e-02]  [EKF] iterating [analytical]:   5%|▌         | 1/20 [00:09<01:26,  4.55s/it, RMSE=7.560TECU, rel_dP=1.23e-02]   [EKF] iterating [analytical]:  10%|█         | 2/20 [00:09<01:24,  4.67s/it, RMSE=7.560TECU, rel_dP=1.23e-02]  [EKF] iterating [analytical]:  10%|█         | 2/20 [00:14<01:24,  4.67s/it, RMSE=3.171TECU, rel_dP=6.85e-03]  [EKF] iterating [analytical]:  15%|█▌        | 3/20 [00:14<01:20,  4.75s/it, RMSE=3.171TECU, rel_dP=6.85e-03]  [EKF] iterating [analytical]:  15%|█▌        | 3/20 [00:18<01:20,  4.75s/it, RMSE=2.423TECU, rel_dP=4.81e-03]  [EKF] iterating [analytical]:  20%|██        | 4/20 [00:18<01:15,  4.73s/it, RMSE=2.423TECU, rel_dP=4.81e-03]  [EKF] iterating [analytical]:  20%|██        | 4/20 [00:23<01:15,  4.73s/it, RMSE=2.219TECU, rel_dP=3.82e-03]  [EKF] iterating [analytical]:  25%|██▌       | 5/20 [00:23<01:11,  4.79s/it, RMSE=2.219TECU, rel_dP=3.82e-03]  [EKF] iterating [analytical]:  25%|██▌       | 5/20 [00:28<01:11,  4.79s/it, RMSE=2.106TECU, rel_dP=3.21e-03]  [EKF] iterating [analytical]:  30%|███       | 6/20 [00:28<01:06,  4.75s/it, RMSE=2.106TECU, rel_dP=3.21e-03]  [EKF] iterating [analytical]:  30%|███       | 6/20 [00:32<01:06,  4.75s/it, RMSE=2.027TECU, rel_dP=2.79e-03]  [EKF] iterating [analytical]:  35%|███▌      | 7/20 [00:32<01:00,  4.66s/it, RMSE=2.027TECU, rel_dP=2.79e-03]  [EKF] iterating [analytical]:  35%|███▌      | 7/20 [00:37<01:00,  4.66s/it, RMSE=1.967TECU, rel_dP=2.47e-03]  [EKF] iterating [analytical]:  40%|████      | 8/20 [00:37<00:55,  4.65s/it, RMSE=1.967TECU, rel_dP=2.47e-03]  [EKF] iterating [analytical]:  40%|████      | 8/20 [00:42<00:55,  4.65s/it, RMSE=1.918TECU, rel_dP=2.22e-03]  [EKF] iterating [analytical]:  45%|████▌     | 9/20 [00:42<00:50,  4.62s/it, RMSE=1.918TECU, rel_dP=2.22e-03]  [EKF] iterating [analytical]:  45%|████▌     | 9/20 [00:47<00:50,  4.62s/it, RMSE=1.878TECU, rel_dP=2.03e-03]  [EKF] iterating [analytical]:  50%|█████     | 10/20 [00:47<00:48,  4.84s/it, RMSE=1.878TECU, rel_dP=2.03e-03]  [EKF] iterating [analytical]:  50%|█████     | 10/20 [00:52<00:48,  4.84s/it, RMSE=1.845TECU, rel_dP=1.87e-03]  [EKF] iterating [analytical]:  55%|█████▌    | 11/20 [00:52<00:43,  4.83s/it, RMSE=1.845TECU, rel_dP=1.87e-03]  [EKF] iterating [analytical]:  55%|█████▌    | 11/20 [00:56<00:43,  4.83s/it, RMSE=1.816TECU, rel_dP=1.74e-03]  [EKF] iterating [analytical]:  60%|██████    | 12/20 [00:56<00:38,  4.80s/it, RMSE=1.816TECU, rel_dP=1.74e-03]  [EKF] iterating [analytical]:  60%|██████    | 12/20 [01:01<00:38,  4.80s/it, RMSE=1.791TECU, rel_dP=1.63e-03]  [EKF] iterating [analytical]:  65%|██████▌   | 13/20 [01:01<00:33,  4.75s/it, RMSE=1.791TECU, rel_dP=1.63e-03]  [EKF] iterating [analytical]:  65%|██████▌   | 13/20 [01:06<00:33,  4.75s/it, RMSE=1.768TECU, rel_dP=1.54e-03]  [EKF] iterating [analytical]:  70%|███████   | 14/20 [01:06<00:28,  4.68s/it, RMSE=1.768TECU, rel_dP=1.54e-03]  [EKF] iterating [analytical]:  70%|███████   | 14/20 [01:10<00:28,  4.68s/it, RMSE=1.748TECU, rel_dP=1.47e-03]  [EKF] iterating [analytical]:  75%|███████▌  | 15/20 [01:10<00:23,  4.61s/it, RMSE=1.748TECU, rel_dP=1.47e-03]  [EKF] iterating [analytical]:  75%|███████▌  | 15/20 [01:15<00:23,  4.61s/it, RMSE=1.730TECU, rel_dP=1.41e-03]  [EKF] iterating [analytical]:  80%|████████  | 16/20 [01:15<00:18,  4.67s/it, RMSE=1.730TECU, rel_dP=1.41e-03]  [EKF] iterating [analytical]:  80%|████████  | 16/20 [01:20<00:18,  4.67s/it, RMSE=1.714TECU, rel_dP=1.35e-03]  [EKF] iterating [analytical]:  85%|████████▌ | 17/20 [01:20<00:14,  4.68s/it, RMSE=1.714TECU, rel_dP=1.35e-03]  [EKF] iterating [analytical]:  85%|████████▌ | 17/20 [01:24<00:14,  4.68s/it, RMSE=1.698TECU, rel_dP=1.31e-03]  [EKF] iterating [analytical]:  90%|█████████ | 18/20 [01:24<00:09,  4.70s/it, RMSE=1.698TECU, rel_dP=1.31e-03]  [EKF] iterating [analytical]:  90%|█████████ | 18/20 [01:29<00:09,  4.70s/it, RMSE=1.684TECU, rel_dP=1.27e-03]  [EKF] iterating [analytical]:  95%|█████████▌| 19/20 [01:29<00:04,  4.62s/it, RMSE=1.684TECU, rel_dP=1.27e-03]  [EKF] iterating [analytical]:  95%|█████████▌| 19/20 [01:34<00:04,  4.62s/it, RMSE=1.670TECU, rel_dP=1.23e-03]  [EKF] iterating [analytical]: 100%|██████████| 20/20 [01:34<00:00,  4.68s/it, RMSE=1.670TECU, rel_dP=1.23e-03]                                                                                                                  [EKF] Reached max_iter=20 without convergence  (final ||ΔP||/||P|| = 1.23e-03)
  [EKF] Posterior innovations  mean=0.04  std=1.66  max_abs=14.51 TECU
  [EKF] Prior RMSE 32.770 TECU  →  Post RMSE 1.761 TECU
  [EKF] 649 arcs  |  8367 profile rays  |  5356 update rays  |  n_state = 1672
  [EKF] Prior innovations  mean=10.79  std=12.83  max_abs=67.41 TECU
  [EKF] iterating [analytical]:   0%|          | 0/20 [00:00<?, ?it/s]  [EKF] iterating [analytical]:   0%|          | 0/20 [00:25<?, ?it/s, RMSE=16.765TECU, rel_dP=3.00e-02]  [EKF] iterating [analytical]:   5%|▌         | 1/20 [00:25<08:03, 25.44s/it, RMSE=16.765TECU, rel_dP=3.00e-02]  [EKF] iterating [analytical]:   5%|▌         | 1/20 [00:51<08:03, 25.44s/it, RMSE=4.516TECU, rel_dP=1.33e-02]   [EKF] iterating [analytical]:  10%|█         | 2/20 [00:51<07:42, 25.69s/it, RMSE=4.516TECU, rel_dP=1.33e-02]  [EKF] iterating [analytical]:  10%|█         | 2/20 [01:17<07:42, 25.69s/it, RMSE=2.029TECU, rel_dP=7.62e-03]  [EKF] iterating [analytical]:  15%|█▌        | 3/20 [01:17<07:19, 25.87s/it, RMSE=2.029TECU, rel_dP=7.62e-03]  [EKF] iterating [analytical]:  15%|█▌        | 3/20 [01:43<07:19, 25.87s/it, RMSE=1.661TECU, rel_dP=5.40e-03]  [EKF] iterating [analytical]:  20%|██        | 4/20 [01:43<06:55, 25.95s/it, RMSE=1.661TECU, rel_dP=5.40e-03]  [EKF] iterating [analytical]:  20%|██        | 4/20 [02:09<06:55, 25.95s/it, RMSE=1.578TECU, rel_dP=4.28e-03]  [EKF] iterating [analytical]:  25%|██▌       | 5/20 [02:09<06:30, 26.03s/it, RMSE=1.578TECU, rel_dP=4.28e-03]  [EKF] iterating [analytical]:  25%|██▌       | 5/20 [02:35<06:30, 26.03s/it, RMSE=1.535TECU, rel_dP=3.61e-03]  [EKF] iterating [analytical]:  30%|███       | 6/20 [02:35<06:02, 25.93s/it, RMSE=1.535TECU, rel_dP=3.61e-03]  [EKF] iterating [analytical]:  30%|███       | 6/20 [03:01<06:02, 25.93s/it, RMSE=1.505TECU, rel_dP=3.15e-03]  [EKF] iterating [analytical]:  35%|███▌      | 7/20 [03:01<05:38, 26.03s/it, RMSE=1.505TECU, rel_dP=3.15e-03]  [EKF] iterating [analytical]:  35%|███▌      | 7/20 [03:29<05:38, 26.03s/it, RMSE=1.483TECU, rel_dP=2.81e-03]  [EKF] iterating [analytical]:  40%|████      | 8/20 [03:29<05:17, 26.46s/it, RMSE=1.483TECU, rel_dP=2.81e-03]  [EKF] iterating [analytical]:  40%|████      | 8/20 [03:58<05:17, 26.46s/it, RMSE=1.466TECU, rel_dP=2.56e-03]  [EKF] iterating [analytical]:  45%|████▌     | 9/20 [03:58<05:00, 27.35s/it, RMSE=1.466TECU, rel_dP=2.56e-03]  [EKF] iterating [analytical]:  45%|████▌     | 9/20 [04:28<05:00, 27.35s/it, RMSE=1.451TECU, rel_dP=2.36e-03]  [EKF] iterating [analytical]:  50%|█████     | 10/20 [04:28<04:43, 28.36s/it, RMSE=1.451TECU, rel_dP=2.36e-03]  [EKF] iterating [analytical]:  50%|█████     | 10/20 [04:59<04:43, 28.36s/it, RMSE=1.439TECU, rel_dP=2.21e-03]  [EKF] iterating [analytical]:  55%|█████▌    | 11/20 [04:59<04:20, 28.91s/it, RMSE=1.439TECU, rel_dP=2.21e-03]  [EKF] iterating [analytical]:  55%|█████▌    | 11/20 [05:29<04:20, 28.91s/it, RMSE=1.429TECU, rel_dP=2.08e-03]  [EKF] iterating [analytical]:  60%|██████    | 12/20 [05:29<03:55, 29.41s/it, RMSE=1.429TECU, rel_dP=2.08e-03]  [EKF] iterating [analytical]:  60%|██████    | 12/20 [06:03<03:55, 29.41s/it, RMSE=1.419TECU, rel_dP=1.97e-03]  [EKF] iterating [analytical]:  65%|██████▌   | 13/20 [06:03<03:35, 30.80s/it, RMSE=1.419TECU, rel_dP=1.97e-03]  [EKF] iterating [analytical]:  65%|██████▌   | 13/20 [06:34<03:35, 30.80s/it, RMSE=1.411TECU, rel_dP=1.88e-03]  [EKF] iterating [analytical]:  70%|███████   | 14/20 [06:34<03:05, 30.89s/it, RMSE=1.411TECU, rel_dP=1.88e-03]  [EKF] iterating [analytical]:  70%|███████   | 14/20 [07:06<03:05, 30.89s/it, RMSE=1.404TECU, rel_dP=1.81e-03]  [EKF] iterating [analytical]:  75%|███████▌  | 15/20 [07:06<02:35, 31.01s/it, RMSE=1.404TECU, rel_dP=1.81e-03]  [EKF] iterating [analytical]:  75%|███████▌  | 15/20 [07:38<02:35, 31.01s/it, RMSE=1.397TECU, rel_dP=1.74e-03]  [EKF] iterating [analytical]:  80%|████████  | 16/20 [07:38<02:05, 31.41s/it, RMSE=1.397TECU, rel_dP=1.74e-03]  [EKF] iterating [analytical]:  80%|████████  | 16/20 [08:10<02:05, 31.41s/it, RMSE=1.391TECU, rel_dP=1.69e-03]  [EKF] iterating [analytical]:  85%|████████▌ | 17/20 [08:10<01:34, 31.54s/it, RMSE=1.391TECU, rel_dP=1.69e-03]  [EKF] iterating [analytical]:  85%|████████▌ | 17/20 [08:41<01:34, 31.54s/it, RMSE=1.385TECU, rel_dP=1.64e-03]  [EKF] iterating [analytical]:  90%|█████████ | 18/20 [08:41<01:02, 31.35s/it, RMSE=1.385TECU, rel_dP=1.64e-03]  [EKF] iterating [analytical]:  90%|█████████ | 18/20 [09:12<01:02, 31.35s/it, RMSE=1.379TECU, rel_dP=1.60e-03]  [EKF] iterating [analytical]:  95%|█████████▌| 19/20 [09:12<00:31, 31.34s/it, RMSE=1.379TECU, rel_dP=1.60e-03]  [EKF] iterating [analytical]:  95%|█████████▌| 19/20 [09:44<00:31, 31.34s/it, RMSE=1.374TECU, rel_dP=1.56e-03]  [EKF] iterating [analytical]: 100%|██████████| 20/20 [09:44<00:00, 31.42s/it, RMSE=1.374TECU, rel_dP=1.56e-03]                                                                                                                  [EKF] Reached max_iter=20 without convergence  (final ||ΔP||/||P|| = 1.56e-03)
  [EKF] Posterior innovations  mean=0.01  std=1.37  max_abs=15.77 TECU
  [EKF] Prior RMSE 23.928 TECU  →  Post RMSE 1.655 TECU

  [sweep 2025-09-22_1100] N_OCC=60  (RO arcs available=25, used=25)
  [EKF] 25 arcs  |  4163 profile rays  |  1152 update rays  |  n_state = 1672
  [EKF] Prior innovations  mean=21.51  std=23.80  max_abs=67.41 TECU
  [EKF] iterating [analytical]:   0%|          | 0/20 [00:00<?, ?it/s]  [EKF] iterating [analytical]:   0%|          | 0/20 [00:05<?, ?it/s, RMSE=32.079TECU, rel_dP=2.88e-02]  [EKF] iterating [analytical]:   5%|▌         | 1/20 [00:05<01:47,  5.64s/it, RMSE=32.079TECU, rel_dP=2.88e-02]  [EKF] iterating [analytical]:   5%|▌         | 1/20 [00:10<01:47,  5.64s/it, RMSE=7.560TECU, rel_dP=1.23e-02]   [EKF] iterating [analytical]:  10%|█         | 2/20 [00:10<01:38,  5.47s/it, RMSE=7.560TECU, rel_dP=1.23e-02]  [EKF] iterating [analytical]:  10%|█         | 2/20 [00:16<01:38,  5.47s/it, RMSE=3.171TECU, rel_dP=6.85e-03]  [EKF] iterating [analytical]:  15%|█▌        | 3/20 [00:16<01:31,  5.36s/it, RMSE=3.171TECU, rel_dP=6.85e-03]  [EKF] iterating [analytical]:  15%|█▌        | 3/20 [00:21<01:31,  5.36s/it, RMSE=2.423TECU, rel_dP=4.81e-03]  [EKF] iterating [analytical]:  20%|██        | 4/20 [00:21<01:26,  5.43s/it, RMSE=2.423TECU, rel_dP=4.81e-03]  [EKF] iterating [analytical]:  20%|██        | 4/20 [00:27<01:26,  5.43s/it, RMSE=2.219TECU, rel_dP=3.82e-03]  [EKF] iterating [analytical]:  25%|██▌       | 5/20 [00:27<01:23,  5.55s/it, RMSE=2.219TECU, rel_dP=3.82e-03]  [EKF] iterating [analytical]:  25%|██▌       | 5/20 [00:32<01:23,  5.55s/it, RMSE=2.106TECU, rel_dP=3.21e-03]  [EKF] iterating [analytical]:  30%|███       | 6/20 [00:32<01:15,  5.38s/it, RMSE=2.106TECU, rel_dP=3.21e-03]  [EKF] iterating [analytical]:  30%|███       | 6/20 [00:37<01:15,  5.38s/it, RMSE=2.027TECU, rel_dP=2.79e-03]  [EKF] iterating [analytical]:  35%|███▌      | 7/20 [00:37<01:08,  5.28s/it, RMSE=2.027TECU, rel_dP=2.79e-03]  [EKF] iterating [analytical]:  35%|███▌      | 7/20 [00:42<01:08,  5.28s/it, RMSE=1.967TECU, rel_dP=2.47e-03]  [EKF] iterating [analytical]:  40%|████      | 8/20 [00:42<01:02,  5.18s/it, RMSE=1.967TECU, rel_dP=2.47e-03]  [EKF] iterating [analytical]:  40%|████      | 8/20 [00:47<01:02,  5.18s/it, RMSE=1.918TECU, rel_dP=2.22e-03]  [EKF] iterating [analytical]:  45%|████▌     | 9/20 [00:47<00:56,  5.18s/it, RMSE=1.918TECU, rel_dP=2.22e-03]  [EKF] iterating [analytical]:  45%|████▌     | 9/20 [00:52<00:56,  5.18s/it, RMSE=1.878TECU, rel_dP=2.03e-03]  [EKF] iterating [analytical]:  50%|█████     | 10/20 [00:52<00:50,  5.07s/it, RMSE=1.878TECU, rel_dP=2.03e-03]  [EKF] iterating [analytical]:  50%|█████     | 10/20 [00:57<00:50,  5.07s/it, RMSE=1.845TECU, rel_dP=1.87e-03]  [EKF] iterating [analytical]:  55%|█████▌    | 11/20 [00:57<00:45,  5.09s/it, RMSE=1.845TECU, rel_dP=1.87e-03]  [EKF] iterating [analytical]:  55%|█████▌    | 11/20 [01:02<00:45,  5.09s/it, RMSE=1.816TECU, rel_dP=1.74e-03]  [EKF] iterating [analytical]:  60%|██████    | 12/20 [01:02<00:40,  5.08s/it, RMSE=1.816TECU, rel_dP=1.74e-03]  [EKF] iterating [analytical]:  60%|██████    | 12/20 [01:07<00:40,  5.08s/it, RMSE=1.791TECU, rel_dP=1.63e-03]  [EKF] iterating [analytical]:  65%|██████▌   | 13/20 [01:07<00:34,  4.98s/it, RMSE=1.791TECU, rel_dP=1.63e-03]  [EKF] iterating [analytical]:  65%|██████▌   | 13/20 [01:13<00:34,  4.98s/it, RMSE=1.768TECU, rel_dP=1.54e-03]  [EKF] iterating [analytical]:  70%|███████   | 14/20 [01:13<00:31,  5.19s/it, RMSE=1.768TECU, rel_dP=1.54e-03]  [EKF] iterating [analytical]:  70%|███████   | 14/20 [01:18<00:31,  5.19s/it, RMSE=1.748TECU, rel_dP=1.47e-03]  [EKF] iterating [analytical]:  75%|███████▌  | 15/20 [01:18<00:25,  5.08s/it, RMSE=1.748TECU, rel_dP=1.47e-03]  [EKF] iterating [analytical]:  75%|███████▌  | 15/20 [01:23<00:25,  5.08s/it, RMSE=1.730TECU, rel_dP=1.41e-03]  [EKF] iterating [analytical]:  80%|████████  | 16/20 [01:23<00:21,  5.31s/it, RMSE=1.730TECU, rel_dP=1.41e-03]  [EKF] iterating [analytical]:  80%|████████  | 16/20 [01:28<00:21,  5.31s/it, RMSE=1.714TECU, rel_dP=1.35e-03]  [EKF] iterating [analytical]:  85%|████████▌ | 17/20 [01:28<00:15,  5.18s/it, RMSE=1.714TECU, rel_dP=1.35e-03]  [EKF] iterating [analytical]:  85%|████████▌ | 17/20 [01:34<00:15,  5.18s/it, RMSE=1.698TECU, rel_dP=1.31e-03]  [EKF] iterating [analytical]:  90%|█████████ | 18/20 [01:34<00:10,  5.26s/it, RMSE=1.698TECU, rel_dP=1.31e-03]  [EKF] iterating [analytical]:  90%|█████████ | 18/20 [01:39<00:10,  5.26s/it, RMSE=1.684TECU, rel_dP=1.27e-03]  [EKF] iterating [analytical]:  95%|█████████▌| 19/20 [01:39<00:05,  5.23s/it, RMSE=1.684TECU, rel_dP=1.27e-03]  [EKF] iterating [analytical]:  95%|█████████▌| 19/20 [01:44<00:05,  5.23s/it, RMSE=1.670TECU, rel_dP=1.23e-03]  [EKF] iterating [analytical]: 100%|██████████| 20/20 [01:44<00:00,  5.25s/it, RMSE=1.670TECU, rel_dP=1.23e-03]                                                                                                                  [EKF] Reached max_iter=20 without convergence  (final ||ΔP||/||P|| = 1.23e-03)
  [EKF] Posterior innovations  mean=0.04  std=1.66  max_abs=14.51 TECU
  [EKF] Prior RMSE 32.770 TECU  →  Post RMSE 1.761 TECU
  [EKF] 649 arcs  |  8367 profile rays  |  5356 update rays  |  n_state = 1672
  [EKF] Prior innovations  mean=10.79  std=12.83  max_abs=67.41 TECU
  [EKF] iterating [analytical]:   0%|          | 0/20 [00:00<?, ?it/s]  [EKF] iterating [analytical]:   0%|          | 0/20 [00:29<?, ?it/s, RMSE=16.765TECU, rel_dP=3.00e-02]  [EKF] iterating [analytical]:   5%|▌         | 1/20 [00:29<09:28, 29.93s/it, RMSE=16.765TECU, rel_dP=3.00e-02]  [EKF] iterating [analytical]:   5%|▌         | 1/20 [00:58<09:28, 29.93s/it, RMSE=4.516TECU, rel_dP=1.33e-02]   [EKF] iterating [analytical]:  10%|█         | 2/20 [00:58<08:45, 29.19s/it, RMSE=4.516TECU, rel_dP=1.33e-02]  [EKF] iterating [analytical]:  10%|█         | 2/20 [01:29<08:45, 29.19s/it, RMSE=2.029TECU, rel_dP=7.62e-03]  [EKF] iterating [analytical]:  15%|█▌        | 3/20 [01:29<08:30, 30.05s/it, RMSE=2.029TECU, rel_dP=7.62e-03]  [EKF] iterating [analytical]:  15%|█▌        | 3/20 [01:59<08:30, 30.05s/it, RMSE=1.661TECU, rel_dP=5.40e-03]  [EKF] iterating [analytical]:  20%|██        | 4/20 [01:59<07:57, 29.85s/it, RMSE=1.661TECU, rel_dP=5.40e-03]  [EKF] iterating [analytical]:  20%|██        | 4/20 [02:26<07:57, 29.85s/it, RMSE=1.578TECU, rel_dP=4.28e-03]  [EKF] iterating [analytical]:  25%|██▌       | 5/20 [02:26<07:14, 28.99s/it, RMSE=1.578TECU, rel_dP=4.28e-03]  [EKF] iterating [analytical]:  25%|██▌       | 5/20 [02:55<07:14, 28.99s/it, RMSE=1.535TECU, rel_dP=3.61e-03]  [EKF] iterating [analytical]:  30%|███       | 6/20 [02:55<06:43, 28.79s/it, RMSE=1.535TECU, rel_dP=3.61e-03]  [EKF] iterating [analytical]:  30%|███       | 6/20 [03:24<06:43, 28.79s/it, RMSE=1.505TECU, rel_dP=3.15e-03]  [EKF] iterating [analytical]:  35%|███▌      | 7/20 [03:24<06:15, 28.86s/it, RMSE=1.505TECU, rel_dP=3.15e-03]  [EKF] iterating [analytical]:  35%|███▌      | 7/20 [03:52<06:15, 28.86s/it, RMSE=1.483TECU, rel_dP=2.81e-03]  [EKF] iterating [analytical]:  40%|████      | 8/20 [03:52<05:43, 28.65s/it, RMSE=1.483TECU, rel_dP=2.81e-03]  [EKF] iterating [analytical]:  40%|████      | 8/20 [04:25<05:43, 28.65s/it, RMSE=1.466TECU, rel_dP=2.56e-03]  [EKF] iterating [analytical]:  45%|████▌     | 9/20 [04:25<05:29, 29.92s/it, RMSE=1.466TECU, rel_dP=2.56e-03]  [EKF] iterating [analytical]:  45%|████▌     | 9/20 [04:56<05:29, 29.92s/it, RMSE=1.451TECU, rel_dP=2.36e-03]  [EKF] iterating [analytical]:  50%|█████     | 10/20 [04:56<05:04, 30.48s/it, RMSE=1.451TECU, rel_dP=2.36e-03]  [EKF] iterating [analytical]:  50%|█████     | 10/20 [05:29<05:04, 30.48s/it, RMSE=1.439TECU, rel_dP=2.21e-03]  [EKF] iterating [analytical]:  55%|█████▌    | 11/20 [05:29<04:41, 31.26s/it, RMSE=1.439TECU, rel_dP=2.21e-03]  [EKF] iterating [analytical]:  55%|█████▌    | 11/20 [05:58<04:41, 31.26s/it, RMSE=1.429TECU, rel_dP=2.08e-03]  [EKF] iterating [analytical]:  60%|██████    | 12/20 [05:58<04:02, 30.34s/it, RMSE=1.429TECU, rel_dP=2.08e-03]  [EKF] iterating [analytical]:  60%|██████    | 12/20 [06:25<04:02, 30.34s/it, RMSE=1.419TECU, rel_dP=1.97e-03]  [EKF] iterating [analytical]:  65%|██████▌   | 13/20 [06:25<03:27, 29.60s/it, RMSE=1.419TECU, rel_dP=1.97e-03]  [EKF] iterating [analytical]:  65%|██████▌   | 13/20 [06:55<03:27, 29.60s/it, RMSE=1.411TECU, rel_dP=1.88e-03]  [EKF] iterating [analytical]:  70%|███████   | 14/20 [06:55<02:57, 29.53s/it, RMSE=1.411TECU, rel_dP=1.88e-03]  [EKF] iterating [analytical]:  70%|███████   | 14/20 [07:22<02:57, 29.53s/it, RMSE=1.404TECU, rel_dP=1.81e-03]  [EKF] iterating [analytical]:  75%|███████▌  | 15/20 [07:22<02:24, 28.92s/it, RMSE=1.404TECU, rel_dP=1.81e-03]  [EKF] iterating [analytical]:  75%|███████▌  | 15/20 [07:50<02:24, 28.92s/it, RMSE=1.397TECU, rel_dP=1.74e-03]  [EKF] iterating [analytical]:  80%|████████  | 16/20 [07:50<01:54, 28.71s/it, RMSE=1.397TECU, rel_dP=1.74e-03]  [EKF] iterating [analytical]:  80%|████████  | 16/20 [08:20<01:54, 28.71s/it, RMSE=1.391TECU, rel_dP=1.69e-03]  [EKF] iterating [analytical]:  85%|████████▌ | 17/20 [08:20<01:26, 28.89s/it, RMSE=1.391TECU, rel_dP=1.69e-03]  [EKF] iterating [analytical]:  85%|████████▌ | 17/20 [08:48<01:26, 28.89s/it, RMSE=1.385TECU, rel_dP=1.64e-03]  [EKF] iterating [analytical]:  90%|█████████ | 18/20 [08:48<00:57, 28.64s/it, RMSE=1.385TECU, rel_dP=1.64e-03]  [EKF] iterating [analytical]:  90%|█████████ | 18/20 [09:16<00:57, 28.64s/it, RMSE=1.379TECU, rel_dP=1.60e-03]  [EKF] iterating [analytical]:  95%|█████████▌| 19/20 [09:16<00:28, 28.42s/it, RMSE=1.379TECU, rel_dP=1.60e-03]  [EKF] iterating [analytical]:  95%|█████████▌| 19/20 [09:46<00:28, 28.42s/it, RMSE=1.374TECU, rel_dP=1.56e-03]  [EKF] iterating [analytical]: 100%|██████████| 20/20 [09:46<00:00, 28.96s/it, RMSE=1.374TECU, rel_dP=1.56e-03]                                                                                                                  [EKF] Reached max_iter=20 without convergence  (final ||ΔP||/||P|| = 1.56e-03)
  [EKF] Posterior innovations  mean=0.01  std=1.37  max_abs=15.77 TECU
  [EKF] Prior RMSE 23.928 TECU  →  Post RMSE 1.655 TECU

  [sweep 2025-09-22_1100] N_OCC=70  (RO arcs available=25, used=25)
  [EKF] 25 arcs  |  4163 profile rays  |  1152 update rays  |  n_state = 1672
  [EKF] Prior innovations  mean=21.51  std=23.80  max_abs=67.41 TECU
  [EKF] iterating [analytical]:   0%|          | 0/20 [00:00<?, ?it/s]  [EKF] iterating [analytical]:   0%|          | 0/20 [00:05<?, ?it/s, RMSE=32.079TECU, rel_dP=2.88e-02]  [EKF] iterating [analytical]:   5%|▌         | 1/20 [00:05<01:49,  5.74s/it, RMSE=32.079TECU, rel_dP=2.88e-02]  [EKF] iterating [analytical]:   5%|▌         | 1/20 [00:11<01:49,  5.74s/it, RMSE=7.560TECU, rel_dP=1.23e-02]   [EKF] iterating [analytical]:  10%|█         | 2/20 [00:11<01:47,  5.96s/it, RMSE=7.560TECU, rel_dP=1.23e-02]  [EKF] iterating [analytical]:  10%|█         | 2/20 [00:18<01:47,  5.96s/it, RMSE=3.171TECU, rel_dP=6.85e-03]  [EKF] iterating [analytical]:  15%|█▌        | 3/20 [00:18<01:46,  6.29s/it, RMSE=3.171TECU, rel_dP=6.85e-03]  [EKF] iterating [analytical]:  15%|█▌        | 3/20 [00:24<01:46,  6.29s/it, RMSE=2.423TECU, rel_dP=4.81e-03]  [EKF] iterating [analytical]:  20%|██        | 4/20 [00:24<01:35,  5.99s/it, RMSE=2.423TECU, rel_dP=4.81e-03]  [EKF] iterating [analytical]:  20%|██        | 4/20 [00:29<01:35,  5.99s/it, RMSE=2.219TECU, rel_dP=3.82e-03]  [EKF] iterating [analytical]:  25%|██▌       | 5/20 [00:29<01:27,  5.83s/it, RMSE=2.219TECU, rel_dP=3.82e-03]  [EKF] iterating [analytical]:  25%|██▌       | 5/20 [00:35<01:27,  5.83s/it, RMSE=2.106TECU, rel_dP=3.21e-03]  [EKF] iterating [analytical]:  30%|███       | 6/20 [00:35<01:22,  5.91s/it, RMSE=2.106TECU, rel_dP=3.21e-03]  [EKF] iterating [analytical]:  30%|███       | 6/20 [00:41<01:22,  5.91s/it, RMSE=2.027TECU, rel_dP=2.79e-03]  [EKF] iterating [analytical]:  35%|███▌      | 7/20 [00:41<01:17,  5.98s/it, RMSE=2.027TECU, rel_dP=2.79e-03]  [EKF] iterating [analytical]:  35%|███▌      | 7/20 [00:46<01:17,  5.98s/it, RMSE=1.967TECU, rel_dP=2.47e-03]  [EKF] iterating [analytical]:  40%|████      | 8/20 [00:46<01:08,  5.72s/it, RMSE=1.967TECU, rel_dP=2.47e-03]  [EKF] iterating [analytical]:  40%|████      | 8/20 [00:52<01:08,  5.72s/it, RMSE=1.918TECU, rel_dP=2.22e-03]  [EKF] iterating [analytical]:  45%|████▌     | 9/20 [00:52<01:02,  5.70s/it, RMSE=1.918TECU, rel_dP=2.22e-03]  [EKF] iterating [analytical]:  45%|████▌     | 9/20 [00:58<01:02,  5.70s/it, RMSE=1.878TECU, rel_dP=2.03e-03]  [EKF] iterating [analytical]:  50%|█████     | 10/20 [00:58<00:57,  5.77s/it, RMSE=1.878TECU, rel_dP=2.03e-03]  [EKF] iterating [analytical]:  50%|█████     | 10/20 [01:04<00:57,  5.77s/it, RMSE=1.845TECU, rel_dP=1.87e-03]  [EKF] iterating [analytical]:  55%|█████▌    | 11/20 [01:04<00:53,  5.97s/it, RMSE=1.845TECU, rel_dP=1.87e-03]  [EKF] iterating [analytical]:  55%|█████▌    | 11/20 [01:10<00:53,  5.97s/it, RMSE=1.816TECU, rel_dP=1.74e-03]  [EKF] iterating [analytical]:  60%|██████    | 12/20 [01:10<00:47,  5.95s/it, RMSE=1.816TECU, rel_dP=1.74e-03]  [EKF] iterating [analytical]:  60%|██████    | 12/20 [01:16<00:47,  5.95s/it, RMSE=1.791TECU, rel_dP=1.63e-03]  [EKF] iterating [analytical]:  65%|██████▌   | 13/20 [01:16<00:41,  5.94s/it, RMSE=1.791TECU, rel_dP=1.63e-03]  [EKF] iterating [analytical]:  65%|██████▌   | 13/20 [01:21<00:41,  5.94s/it, RMSE=1.768TECU, rel_dP=1.54e-03]  [EKF] iterating [analytical]:  70%|███████   | 14/20 [01:21<00:34,  5.69s/it, RMSE=1.768TECU, rel_dP=1.54e-03]  [EKF] iterating [analytical]:  70%|███████   | 14/20 [01:27<00:34,  5.69s/it, RMSE=1.748TECU, rel_dP=1.47e-03]  [EKF] iterating [analytical]:  75%|███████▌  | 15/20 [01:27<00:28,  5.62s/it, RMSE=1.748TECU, rel_dP=1.47e-03]  [EKF] iterating [analytical]:  75%|███████▌  | 15/20 [01:32<00:28,  5.62s/it, RMSE=1.730TECU, rel_dP=1.41e-03]  [EKF] iterating [analytical]:  80%|████████  | 16/20 [01:32<00:22,  5.61s/it, RMSE=1.730TECU, rel_dP=1.41e-03]  [EKF] iterating [analytical]:  80%|████████  | 16/20 [01:38<00:22,  5.61s/it, RMSE=1.714TECU, rel_dP=1.35e-03]  [EKF] iterating [analytical]:  85%|████████▌ | 17/20 [01:38<00:16,  5.47s/it, RMSE=1.714TECU, rel_dP=1.35e-03]  [EKF] iterating [analytical]:  85%|████████▌ | 17/20 [01:42<00:16,  5.47s/it, RMSE=1.698TECU, rel_dP=1.31e-03]  [EKF] iterating [analytical]:  90%|█████████ | 18/20 [01:42<00:10,  5.24s/it, RMSE=1.698TECU, rel_dP=1.31e-03]  [EKF] iterating [analytical]:  90%|█████████ | 18/20 [01:47<00:10,  5.24s/it, RMSE=1.684TECU, rel_dP=1.27e-03]  [EKF] iterating [analytical]:  95%|█████████▌| 19/20 [01:47<00:05,  5.02s/it, RMSE=1.684TECU, rel_dP=1.27e-03]  [EKF] iterating [analytical]:  95%|█████████▌| 19/20 [01:52<00:05,  5.02s/it, RMSE=1.670TECU, rel_dP=1.23e-03]  [EKF] iterating [analytical]: 100%|██████████| 20/20 [01:52<00:00,  5.04s/it, RMSE=1.670TECU, rel_dP=1.23e-03]                                                                                                                  [EKF] Reached max_iter=20 without convergence  (final ||ΔP||/||P|| = 1.23e-03)
  [EKF] Posterior innovations  mean=0.04  std=1.66  max_abs=14.51 TECU
  [EKF] Prior RMSE 32.770 TECU  →  Post RMSE 1.761 TECU
  [EKF] 649 arcs  |  8367 profile rays  |  5356 update rays  |  n_state = 1672
  [EKF] Prior innovations  mean=10.79  std=12.83  max_abs=67.41 TECU
  [EKF] iterating [analytical]:   0%|          | 0/20 [00:00<?, ?it/s]  [EKF] iterating [analytical]:   0%|          | 0/20 [00:29<?, ?it/s, RMSE=16.765TECU, rel_dP=3.00e-02]  [EKF] iterating [analytical]:   5%|▌         | 1/20 [00:29<09:29, 29.97s/it, RMSE=16.765TECU, rel_dP=3.00e-02]  [EKF] iterating [analytical]:   5%|▌         | 1/20 [00:57<09:29, 29.97s/it, RMSE=4.516TECU, rel_dP=1.33e-02]   [EKF] iterating [analytical]:  10%|█         | 2/20 [00:57<08:38, 28.81s/it, RMSE=4.516TECU, rel_dP=1.33e-02]  [EKF] iterating [analytical]:  10%|█         | 2/20 [01:26<08:38, 28.81s/it, RMSE=2.029TECU, rel_dP=7.62e-03]  [EKF] iterating [analytical]:  15%|█▌        | 3/20 [01:26<08:11, 28.88s/it, RMSE=2.029TECU, rel_dP=7.62e-03]  [EKF] iterating [analytical]:  15%|█▌        | 3/20 [01:54<08:11, 28.88s/it, RMSE=1.661TECU, rel_dP=5.40e-03]  [EKF] iterating [analytical]:  20%|██        | 4/20 [01:54<07:32, 28.26s/it, RMSE=1.661TECU, rel_dP=5.40e-03]  [EKF] iterating [analytical]:  20%|██        | 4/20 [02:26<07:32, 28.26s/it, RMSE=1.578TECU, rel_dP=4.28e-03]  [EKF] iterating [analytical]:  25%|██▌       | 5/20 [02:26<07:24, 29.61s/it, RMSE=1.578TECU, rel_dP=4.28e-03]  [EKF] iterating [analytical]:  25%|██▌       | 5/20 [03:03<07:24, 29.61s/it, RMSE=1.535TECU, rel_dP=3.61e-03]  [EKF] iterating [analytical]:  30%|███       | 6/20 [03:03<07:30, 32.16s/it, RMSE=1.535TECU, rel_dP=3.61e-03]  [EKF] iterating [analytical]:  30%|███       | 6/20 [03:37<07:30, 32.16s/it, RMSE=1.505TECU, rel_dP=3.15e-03]  [EKF] iterating [analytical]:  35%|███▌      | 7/20 [03:37<07:06, 32.78s/it, RMSE=1.505TECU, rel_dP=3.15e-03]  [EKF] iterating [analytical]:  35%|███▌      | 7/20 [04:07<07:06, 32.78s/it, RMSE=1.483TECU, rel_dP=2.81e-03]  [EKF] iterating [analytical]:  40%|████      | 8/20 [04:07<06:22, 31.85s/it, RMSE=1.483TECU, rel_dP=2.81e-03]  [EKF] iterating [analytical]:  40%|████      | 8/20 [04:36<06:22, 31.85s/it, RMSE=1.466TECU, rel_dP=2.56e-03]  [EKF] iterating [analytical]:  45%|████▌     | 9/20 [04:36<05:41, 31.07s/it, RMSE=1.466TECU, rel_dP=2.56e-03]  [EKF] iterating [analytical]:  45%|████▌     | 9/20 [05:05<05:41, 31.07s/it, RMSE=1.451TECU, rel_dP=2.36e-03]  [EKF] iterating [analytical]:  50%|█████     | 10/20 [05:05<05:05, 30.52s/it, RMSE=1.451TECU, rel_dP=2.36e-03]  [EKF] iterating [analytical]:  50%|█████     | 10/20 [05:34<05:05, 30.52s/it, RMSE=1.439TECU, rel_dP=2.21e-03]  [EKF] iterating [analytical]:  55%|█████▌    | 11/20 [05:34<04:29, 29.91s/it, RMSE=1.439TECU, rel_dP=2.21e-03]  [EKF] iterating [analytical]:  55%|█████▌    | 11/20 [06:01<04:29, 29.91s/it, RMSE=1.429TECU, rel_dP=2.08e-03]  [EKF] iterating [analytical]:  60%|██████    | 12/20 [06:01<03:53, 29.15s/it, RMSE=1.429TECU, rel_dP=2.08e-03]  [EKF] iterating [analytical]:  60%|██████    | 12/20 [06:28<03:53, 29.15s/it, RMSE=1.419TECU, rel_dP=1.97e-03]  [EKF] iterating [analytical]:  65%|██████▌   | 13/20 [06:28<03:19, 28.48s/it, RMSE=1.419TECU, rel_dP=1.97e-03]  [EKF] iterating [analytical]:  65%|██████▌   | 13/20 [06:56<03:19, 28.48s/it, RMSE=1.411TECU, rel_dP=1.88e-03]  [EKF] iterating [analytical]:  70%|███████   | 14/20 [06:56<02:49, 28.31s/it, RMSE=1.411TECU, rel_dP=1.88e-03]  [EKF] iterating [analytical]:  70%|███████   | 14/20 [07:25<02:49, 28.31s/it, RMSE=1.404TECU, rel_dP=1.81e-03]  [EKF] iterating [analytical]:  75%|███████▌  | 15/20 [07:25<02:22, 28.57s/it, RMSE=1.404TECU, rel_dP=1.81e-03]  [EKF] iterating [analytical]:  75%|███████▌  | 15/20 [07:54<02:22, 28.57s/it, RMSE=1.397TECU, rel_dP=1.74e-03]  [EKF] iterating [analytical]:  80%|████████  | 16/20 [07:54<01:54, 28.53s/it, RMSE=1.397TECU, rel_dP=1.74e-03]  [EKF] iterating [analytical]:  80%|████████  | 16/20 [08:21<01:54, 28.53s/it, RMSE=1.391TECU, rel_dP=1.69e-03]  [EKF] iterating [analytical]:  85%|████████▌ | 17/20 [08:21<01:24, 28.06s/it, RMSE=1.391TECU, rel_dP=1.69e-03]  [EKF] iterating [analytical]:  85%|████████▌ | 17/20 [08:47<01:24, 28.06s/it, RMSE=1.385TECU, rel_dP=1.64e-03]  [EKF] iterating [analytical]:  90%|█████████ | 18/20 [08:47<00:54, 27.39s/it, RMSE=1.385TECU, rel_dP=1.64e-03]  [EKF] iterating [analytical]:  90%|█████████ | 18/20 [09:14<00:54, 27.39s/it, RMSE=1.379TECU, rel_dP=1.60e-03]  [EKF] iterating [analytical]:  95%|█████████▌| 19/20 [09:14<00:27, 27.33s/it, RMSE=1.379TECU, rel_dP=1.60e-03]  [EKF] iterating [analytical]:  95%|█████████▌| 19/20 [09:42<00:27, 27.33s/it, RMSE=1.374TECU, rel_dP=1.56e-03]  [EKF] iterating [analytical]: 100%|██████████| 20/20 [09:42<00:00, 27.52s/it, RMSE=1.374TECU, rel_dP=1.56e-03]                                                                                                                  [EKF] Reached max_iter=20 without convergence  (final ||ΔP||/||P|| = 1.56e-03)
  [EKF] Posterior innovations  mean=0.01  std=1.37  max_abs=15.77 TECU
  [EKF] Prior RMSE 23.928 TECU  →  Post RMSE 1.655 TECU

  [sweep 2025-09-22_1100] N_OCC=80  (RO arcs available=25, used=25)
  [EKF] 25 arcs  |  4163 profile rays  |  1152 update rays  |  n_state = 1672
  [EKF] Prior innovations  mean=21.51  std=23.80  max_abs=67.41 TECU
  [EKF] iterating [analytical]:   0%|          | 0/20 [00:00<?, ?it/s]  [EKF] iterating [analytical]:   0%|          | 0/20 [00:04<?, ?it/s, RMSE=32.079TECU, rel_dP=2.88e-02]  [EKF] iterating [analytical]:   5%|▌         | 1/20 [00:04<01:33,  4.89s/it, RMSE=32.079TECU, rel_dP=2.88e-02]  [EKF] iterating [analytical]:   5%|▌         | 1/20 [00:10<01:33,  4.89s/it, RMSE=7.560TECU, rel_dP=1.23e-02]   [EKF] iterating [analytical]:  10%|█         | 2/20 [00:10<01:32,  5.14s/it, RMSE=7.560TECU, rel_dP=1.23e-02]  [EKF] iterating [analytical]:  10%|█         | 2/20 [00:15<01:32,  5.14s/it, RMSE=3.171TECU, rel_dP=6.85e-03]  [EKF] iterating [analytical]:  15%|█▌        | 3/20 [00:15<01:25,  5.06s/it, RMSE=3.171TECU, rel_dP=6.85e-03]  [EKF] iterating [analytical]:  15%|█▌        | 3/20 [00:20<01:25,  5.06s/it, RMSE=2.423TECU, rel_dP=4.81e-03]  [EKF] iterating [analytical]:  20%|██        | 4/20 [00:20<01:19,  4.98s/it, RMSE=2.423TECU, rel_dP=4.81e-03]  [EKF] iterating [analytical]:  20%|██        | 4/20 [00:24<01:19,  4.98s/it, RMSE=2.219TECU, rel_dP=3.82e-03]  [EKF] iterating [analytical]:  25%|██▌       | 5/20 [00:24<01:12,  4.82s/it, RMSE=2.219TECU, rel_dP=3.82e-03]  [EKF] iterating [analytical]:  25%|██▌       | 5/20 [00:29<01:12,  4.82s/it, RMSE=2.106TECU, rel_dP=3.21e-03]  [EKF] iterating [analytical]:  30%|███       | 6/20 [00:29<01:07,  4.82s/it, RMSE=2.106TECU, rel_dP=3.21e-03]  [EKF] iterating [analytical]:  30%|███       | 6/20 [00:34<01:07,  4.82s/it, RMSE=2.027TECU, rel_dP=2.79e-03]  [EKF] iterating [analytical]:  35%|███▌      | 7/20 [00:34<01:02,  4.83s/it, RMSE=2.027TECU, rel_dP=2.79e-03]  [EKF] iterating [analytical]:  35%|███▌      | 7/20 [00:39<01:02,  4.83s/it, RMSE=1.967TECU, rel_dP=2.47e-03]  [EKF] iterating [analytical]:  40%|████      | 8/20 [00:39<00:58,  4.88s/it, RMSE=1.967TECU, rel_dP=2.47e-03]  [EKF] iterating [analytical]:  40%|████      | 8/20 [00:44<00:58,  4.88s/it, RMSE=1.918TECU, rel_dP=2.22e-03]  [EKF] iterating [analytical]:  45%|████▌     | 9/20 [00:44<00:54,  4.92s/it, RMSE=1.918TECU, rel_dP=2.22e-03]  [EKF] iterating [analytical]:  45%|████▌     | 9/20 [00:49<00:54,  4.92s/it, RMSE=1.878TECU, rel_dP=2.03e-03]  [EKF] iterating [analytical]:  50%|█████     | 10/20 [00:49<00:49,  4.91s/it, RMSE=1.878TECU, rel_dP=2.03e-03]  [EKF] iterating [analytical]:  50%|█████     | 10/20 [00:53<00:49,  4.91s/it, RMSE=1.845TECU, rel_dP=1.87e-03]  [EKF] iterating [analytical]:  55%|█████▌    | 11/20 [00:53<00:43,  4.81s/it, RMSE=1.845TECU, rel_dP=1.87e-03]  [EKF] iterating [analytical]:  55%|█████▌    | 11/20 [00:58<00:43,  4.81s/it, RMSE=1.816TECU, rel_dP=1.74e-03]  [EKF] iterating [analytical]:  60%|██████    | 12/20 [00:58<00:38,  4.85s/it, RMSE=1.816TECU, rel_dP=1.74e-03]  [EKF] iterating [analytical]:  60%|██████    | 12/20 [01:03<00:38,  4.85s/it, RMSE=1.791TECU, rel_dP=1.63e-03]  [EKF] iterating [analytical]:  65%|██████▌   | 13/20 [01:03<00:33,  4.75s/it, RMSE=1.791TECU, rel_dP=1.63e-03]  [EKF] iterating [analytical]:  65%|██████▌   | 13/20 [01:08<00:33,  4.75s/it, RMSE=1.768TECU, rel_dP=1.54e-03]  [EKF] iterating [analytical]:  70%|███████   | 14/20 [01:08<00:29,  4.87s/it, RMSE=1.768TECU, rel_dP=1.54e-03]  [EKF] iterating [analytical]:  70%|███████   | 14/20 [01:12<00:29,  4.87s/it, RMSE=1.748TECU, rel_dP=1.47e-03]  [EKF] iterating [analytical]:  75%|███████▌  | 15/20 [01:12<00:23,  4.78s/it, RMSE=1.748TECU, rel_dP=1.47e-03]  [EKF] iterating [analytical]:  75%|███████▌  | 15/20 [01:17<00:23,  4.78s/it, RMSE=1.730TECU, rel_dP=1.41e-03]  [EKF] iterating [analytical]:  80%|████████  | 16/20 [01:17<00:18,  4.72s/it, RMSE=1.730TECU, rel_dP=1.41e-03]  [EKF] iterating [analytical]:  80%|████████  | 16/20 [01:22<00:18,  4.72s/it, RMSE=1.714TECU, rel_dP=1.35e-03]  [EKF] iterating [analytical]:  85%|████████▌ | 17/20 [01:22<00:14,  4.87s/it, RMSE=1.714TECU, rel_dP=1.35e-03]  [EKF] iterating [analytical]:  85%|████████▌ | 17/20 [01:27<00:14,  4.87s/it, RMSE=1.698TECU, rel_dP=1.31e-03]  [EKF] iterating [analytical]:  90%|█████████ | 18/20 [01:27<00:09,  4.86s/it, RMSE=1.698TECU, rel_dP=1.31e-03]  [EKF] iterating [analytical]:  90%|█████████ | 18/20 [01:32<00:09,  4.86s/it, RMSE=1.684TECU, rel_dP=1.27e-03]  [EKF] iterating [analytical]:  95%|█████████▌| 19/20 [01:32<00:04,  4.81s/it, RMSE=1.684TECU, rel_dP=1.27e-03]  [EKF] iterating [analytical]:  95%|█████████▌| 19/20 [01:37<00:04,  4.81s/it, RMSE=1.670TECU, rel_dP=1.23e-03]  [EKF] iterating [analytical]: 100%|██████████| 20/20 [01:37<00:00,  4.94s/it, RMSE=1.670TECU, rel_dP=1.23e-03]                                                                                                                  [EKF] Reached max_iter=20 without convergence  (final ||ΔP||/||P|| = 1.23e-03)
  [EKF] Posterior innovations  mean=0.04  std=1.66  max_abs=14.51 TECU
  [EKF] Prior RMSE 32.770 TECU  →  Post RMSE 1.761 TECU
  [EKF] 649 arcs  |  8367 profile rays  |  5356 update rays  |  n_state = 1672
  [EKF] Prior innovations  mean=10.79  std=12.83  max_abs=67.41 TECU
  [EKF] iterating [analytical]:   0%|          | 0/20 [00:00<?, ?it/s]  [EKF] iterating [analytical]:   0%|          | 0/20 [00:27<?, ?it/s, RMSE=16.765TECU, rel_dP=3.00e-02]  [EKF] iterating [analytical]:   5%|▌         | 1/20 [00:27<08:49, 27.89s/it, RMSE=16.765TECU, rel_dP=3.00e-02]  [EKF] iterating [analytical]:   5%|▌         | 1/20 [00:54<08:49, 27.89s/it, RMSE=4.516TECU, rel_dP=1.33e-02]   [EKF] iterating [analytical]:  10%|█         | 2/20 [00:54<08:07, 27.08s/it, RMSE=4.516TECU, rel_dP=1.33e-02]  [EKF] iterating [analytical]:  10%|█         | 2/20 [01:22<08:07, 27.08s/it, RMSE=2.029TECU, rel_dP=7.62e-03]  [EKF] iterating [analytical]:  15%|█▌        | 3/20 [01:22<07:50, 27.70s/it, RMSE=2.029TECU, rel_dP=7.62e-03]  [EKF] iterating [analytical]:  15%|█▌        | 3/20 [01:49<07:50, 27.70s/it, RMSE=1.661TECU, rel_dP=5.40e-03]  [EKF] iterating [analytical]:  20%|██        | 4/20 [01:49<07:18, 27.43s/it, RMSE=1.661TECU, rel_dP=5.40e-03]  [EKF] iterating [analytical]:  20%|██        | 4/20 [02:17<07:18, 27.43s/it, RMSE=1.578TECU, rel_dP=4.28e-03]  [EKF] iterating [analytical]:  25%|██▌       | 5/20 [02:17<06:50, 27.39s/it, RMSE=1.578TECU, rel_dP=4.28e-03]  [EKF] iterating [analytical]:  25%|██▌       | 5/20 [02:44<06:50, 27.39s/it, RMSE=1.535TECU, rel_dP=3.61e-03]  [EKF] iterating [analytical]:  30%|███       | 6/20 [02:44<06:22, 27.35s/it, RMSE=1.535TECU, rel_dP=3.61e-03]  [EKF] iterating [analytical]:  30%|███       | 6/20 [03:13<06:22, 27.35s/it, RMSE=1.505TECU, rel_dP=3.15e-03]  [EKF] iterating [analytical]:  35%|███▌      | 7/20 [03:13<06:01, 27.81s/it, RMSE=1.505TECU, rel_dP=3.15e-03]  [EKF] iterating [analytical]:  35%|███▌      | 7/20 [03:41<06:01, 27.81s/it, RMSE=1.483TECU, rel_dP=2.81e-03]  [EKF] iterating [analytical]:  40%|████      | 8/20 [03:41<05:34, 27.89s/it, RMSE=1.483TECU, rel_dP=2.81e-03]  [EKF] iterating [analytical]:  40%|████      | 8/20 [04:09<05:34, 27.89s/it, RMSE=1.466TECU, rel_dP=2.56e-03]  [EKF] iterating [analytical]:  45%|████▌     | 9/20 [04:09<05:07, 27.95s/it, RMSE=1.466TECU, rel_dP=2.56e-03]  [EKF] iterating [analytical]:  45%|████▌     | 9/20 [04:36<05:07, 27.95s/it, RMSE=1.451TECU, rel_dP=2.36e-03]  [EKF] iterating [analytical]:  50%|█████     | 10/20 [04:36<04:38, 27.85s/it, RMSE=1.451TECU, rel_dP=2.36e-03]  [EKF] iterating [analytical]:  50%|█████     | 10/20 [05:04<04:38, 27.85s/it, RMSE=1.439TECU, rel_dP=2.21e-03]  [EKF] iterating [analytical]:  55%|█████▌    | 11/20 [05:04<04:10, 27.81s/it, RMSE=1.439TECU, rel_dP=2.21e-03]  [EKF] iterating [analytical]:  55%|█████▌    | 11/20 [05:31<04:10, 27.81s/it, RMSE=1.429TECU, rel_dP=2.08e-03]  [EKF] iterating [analytical]:  60%|██████    | 12/20 [05:31<03:40, 27.60s/it, RMSE=1.429TECU, rel_dP=2.08e-03]  [EKF] iterating [analytical]:  60%|██████    | 12/20 [06:00<03:40, 27.60s/it, RMSE=1.419TECU, rel_dP=1.97e-03]  [EKF] iterating [analytical]:  65%|██████▌   | 13/20 [06:00<03:14, 27.79s/it, RMSE=1.419TECU, rel_dP=1.97e-03]  [EKF] iterating [analytical]:  65%|██████▌   | 13/20 [06:28<03:14, 27.79s/it, RMSE=1.411TECU, rel_dP=1.88e-03]  [EKF] iterating [analytical]:  70%|███████   | 14/20 [06:28<02:47, 27.96s/it, RMSE=1.411TECU, rel_dP=1.88e-03]  [EKF] iterating [analytical]:  70%|███████   | 14/20 [06:56<02:47, 27.96s/it, RMSE=1.404TECU, rel_dP=1.81e-03]  [EKF] iterating [analytical]:  75%|███████▌  | 15/20 [06:56<02:19, 27.87s/it, RMSE=1.404TECU, rel_dP=1.81e-03]  [EKF] iterating [analytical]:  75%|███████▌  | 15/20 [07:23<02:19, 27.87s/it, RMSE=1.397TECU, rel_dP=1.74e-03]  [EKF] iterating [analytical]:  80%|████████  | 16/20 [07:23<01:50, 27.68s/it, RMSE=1.397TECU, rel_dP=1.74e-03]  [EKF] iterating [analytical]:  80%|████████  | 16/20 [07:50<01:50, 27.68s/it, RMSE=1.391TECU, rel_dP=1.69e-03]  [EKF] iterating [analytical]:  85%|████████▌ | 17/20 [07:50<01:22, 27.53s/it, RMSE=1.391TECU, rel_dP=1.69e-03]  [EKF] iterating [analytical]:  85%|████████▌ | 17/20 [08:19<01:22, 27.53s/it, RMSE=1.385TECU, rel_dP=1.64e-03]  [EKF] iterating [analytical]:  90%|█████████ | 18/20 [08:19<00:55, 27.95s/it, RMSE=1.385TECU, rel_dP=1.64e-03]  [EKF] iterating [analytical]:  90%|█████████ | 18/20 [08:46<00:55, 27.95s/it, RMSE=1.379TECU, rel_dP=1.60e-03]  [EKF] iterating [analytical]:  95%|█████████▌| 19/20 [08:46<00:27, 27.58s/it, RMSE=1.379TECU, rel_dP=1.60e-03]  [EKF] iterating [analytical]:  95%|█████████▌| 19/20 [09:12<00:27, 27.58s/it, RMSE=1.374TECU, rel_dP=1.56e-03]  [EKF] iterating [analytical]: 100%|██████████| 20/20 [09:12<00:00, 27.12s/it, RMSE=1.374TECU, rel_dP=1.56e-03]                                                                                                                  [EKF] Reached max_iter=20 without convergence  (final ||ΔP||/||P|| = 1.56e-03)
  [EKF] Posterior innovations  mean=0.01  std=1.37  max_abs=15.77 TECU
  [EKF] Prior RMSE 23.928 TECU  →  Post RMSE 1.655 TECU

  [sweep 2025-09-22_1100] N_OCC=90  (RO arcs available=25, used=25)
  [EKF] 25 arcs  |  4163 profile rays  |  1152 update rays  |  n_state = 1672
  [EKF] Prior innovations  mean=21.51  std=23.80  max_abs=67.41 TECU
  [EKF] iterating [analytical]:   0%|          | 0/20 [00:00<?, ?it/s]  [EKF] iterating [analytical]:   0%|          | 0/20 [00:04<?, ?it/s, RMSE=32.079TECU, rel_dP=2.88e-02]  [EKF] iterating [analytical]:   5%|▌         | 1/20 [00:04<01:31,  4.80s/it, RMSE=32.079TECU, rel_dP=2.88e-02]  [EKF] iterating [analytical]:   5%|▌         | 1/20 [00:09<01:31,  4.80s/it, RMSE=7.560TECU, rel_dP=1.23e-02]   [EKF] iterating [analytical]:  10%|█         | 2/20 [00:09<01:28,  4.92s/it, RMSE=7.560TECU, rel_dP=1.23e-02]  [EKF] iterating [analytical]:  10%|█         | 2/20 [00:15<01:28,  4.92s/it, RMSE=3.171TECU, rel_dP=6.85e-03]  [EKF] iterating [analytical]:  15%|█▌        | 3/20 [00:15<01:25,  5.05s/it, RMSE=3.171TECU, rel_dP=6.85e-03]  [EKF] iterating [analytical]:  15%|█▌        | 3/20 [00:20<01:25,  5.05s/it, RMSE=2.423TECU, rel_dP=4.81e-03]  [EKF] iterating [analytical]:  20%|██        | 4/20 [00:20<01:20,  5.03s/it, RMSE=2.423TECU, rel_dP=4.81e-03]  [EKF] iterating [analytical]:  20%|██        | 4/20 [00:25<01:20,  5.03s/it, RMSE=2.219TECU, rel_dP=3.82e-03]  [EKF] iterating [analytical]:  25%|██▌       | 5/20 [00:25<01:17,  5.16s/it, RMSE=2.219TECU, rel_dP=3.82e-03]  [EKF] iterating [analytical]:  25%|██▌       | 5/20 [00:30<01:17,  5.16s/it, RMSE=2.106TECU, rel_dP=3.21e-03]  [EKF] iterating [analytical]:  30%|███       | 6/20 [00:30<01:10,  5.04s/it, RMSE=2.106TECU, rel_dP=3.21e-03]  [EKF] iterating [analytical]:  30%|███       | 6/20 [00:35<01:10,  5.04s/it, RMSE=2.027TECU, rel_dP=2.79e-03]  [EKF] iterating [analytical]:  35%|███▌      | 7/20 [00:35<01:05,  5.05s/it, RMSE=2.027TECU, rel_dP=2.79e-03]  [EKF] iterating [analytical]:  35%|███▌      | 7/20 [00:40<01:05,  5.05s/it, RMSE=1.967TECU, rel_dP=2.47e-03]  [EKF] iterating [analytical]:  40%|████      | 8/20 [00:40<01:00,  5.05s/it, RMSE=1.967TECU, rel_dP=2.47e-03]  [EKF] iterating [analytical]:  40%|████      | 8/20 [00:45<01:00,  5.05s/it, RMSE=1.918TECU, rel_dP=2.22e-03]  [EKF] iterating [analytical]:  45%|████▌     | 9/20 [00:45<00:54,  4.94s/it, RMSE=1.918TECU, rel_dP=2.22e-03]  [EKF] iterating [analytical]:  45%|████▌     | 9/20 [00:49<00:54,  4.94s/it, RMSE=1.878TECU, rel_dP=2.03e-03]  [EKF] iterating [analytical]:  50%|█████     | 10/20 [00:49<00:49,  4.95s/it, RMSE=1.878TECU, rel_dP=2.03e-03]  [EKF] iterating [analytical]:  50%|█████     | 10/20 [00:55<00:49,  4.95s/it, RMSE=1.845TECU, rel_dP=1.87e-03]  [EKF] iterating [analytical]:  55%|█████▌    | 11/20 [00:55<00:44,  4.97s/it, RMSE=1.845TECU, rel_dP=1.87e-03]  [EKF] iterating [analytical]:  55%|█████▌    | 11/20 [01:00<00:44,  4.97s/it, RMSE=1.816TECU, rel_dP=1.74e-03]  [EKF] iterating [analytical]:  60%|██████    | 12/20 [01:00<00:40,  5.04s/it, RMSE=1.816TECU, rel_dP=1.74e-03]  [EKF] iterating [analytical]:  60%|██████    | 12/20 [01:05<00:40,  5.04s/it, RMSE=1.791TECU, rel_dP=1.63e-03]  [EKF] iterating [analytical]:  65%|██████▌   | 13/20 [01:05<00:34,  4.96s/it, RMSE=1.791TECU, rel_dP=1.63e-03]  [EKF] iterating [analytical]:  65%|██████▌   | 13/20 [01:09<00:34,  4.96s/it, RMSE=1.768TECU, rel_dP=1.54e-03]  [EKF] iterating [analytical]:  70%|███████   | 14/20 [01:09<00:29,  4.93s/it, RMSE=1.768TECU, rel_dP=1.54e-03]  [EKF] iterating [analytical]:  70%|███████   | 14/20 [01:14<00:29,  4.93s/it, RMSE=1.748TECU, rel_dP=1.47e-03]  [EKF] iterating [analytical]:  75%|███████▌  | 15/20 [01:14<00:24,  4.92s/it, RMSE=1.748TECU, rel_dP=1.47e-03]  [EKF] iterating [analytical]:  75%|███████▌  | 15/20 [01:19<00:24,  4.92s/it, RMSE=1.730TECU, rel_dP=1.41e-03]  [EKF] iterating [analytical]:  80%|████████  | 16/20 [01:19<00:19,  4.89s/it, RMSE=1.730TECU, rel_dP=1.41e-03]  [EKF] iterating [analytical]:  80%|████████  | 16/20 [01:24<00:19,  4.89s/it, RMSE=1.714TECU, rel_dP=1.35e-03]  [EKF] iterating [analytical]:  85%|████████▌ | 17/20 [01:24<00:14,  4.85s/it, RMSE=1.714TECU, rel_dP=1.35e-03]  [EKF] iterating [analytical]:  85%|████████▌ | 17/20 [01:29<00:14,  4.85s/it, RMSE=1.698TECU, rel_dP=1.31e-03]  [EKF] iterating [analytical]:  90%|█████████ | 18/20 [01:29<00:09,  4.95s/it, RMSE=1.698TECU, rel_dP=1.31e-03]  [EKF] iterating [analytical]:  90%|█████████ | 18/20 [01:34<00:09,  4.95s/it, RMSE=1.684TECU, rel_dP=1.27e-03]  [EKF] iterating [analytical]:  95%|█████████▌| 19/20 [01:34<00:04,  4.99s/it, RMSE=1.684TECU, rel_dP=1.27e-03]  [EKF] iterating [analytical]:  95%|█████████▌| 19/20 [01:40<00:04,  4.99s/it, RMSE=1.670TECU, rel_dP=1.23e-03]  [EKF] iterating [analytical]: 100%|██████████| 20/20 [01:40<00:00,  5.15s/it, RMSE=1.670TECU, rel_dP=1.23e-03]                                                                                                                  [EKF] Reached max_iter=20 without convergence  (final ||ΔP||/||P|| = 1.23e-03)
  [EKF] Posterior innovations  mean=0.04  std=1.66  max_abs=14.51 TECU
  [EKF] Prior RMSE 32.770 TECU  →  Post RMSE 1.761 TECU
  [EKF] 649 arcs  |  8367 profile rays  |  5356 update rays  |  n_state = 1672
  [EKF] Prior innovations  mean=10.79  std=12.83  max_abs=67.41 TECU
  [EKF] iterating [analytical]:   0%|          | 0/20 [00:00<?, ?it/s]  [EKF] iterating [analytical]:   0%|          | 0/20 [00:26<?, ?it/s, RMSE=16.765TECU, rel_dP=3.00e-02]  [EKF] iterating [analytical]:   5%|▌         | 1/20 [00:26<08:25, 26.59s/it, RMSE=16.765TECU, rel_dP=3.00e-02]  [EKF] iterating [analytical]:   5%|▌         | 1/20 [00:54<08:25, 26.59s/it, RMSE=4.516TECU, rel_dP=1.33e-02]   [EKF] iterating [analytical]:  10%|█         | 2/20 [00:54<08:11, 27.33s/it, RMSE=4.516TECU, rel_dP=1.33e-02]  [EKF] iterating [analytical]:  10%|█         | 2/20 [01:22<08:11, 27.33s/it, RMSE=2.029TECU, rel_dP=7.62e-03]  [EKF] iterating [analytical]:  15%|█▌        | 3/20 [01:22<07:49, 27.64s/it, RMSE=2.029TECU, rel_dP=7.62e-03]  [EKF] iterating [analytical]:  15%|█▌        | 3/20 [01:51<07:49, 27.64s/it, RMSE=1.661TECU, rel_dP=5.40e-03]  [EKF] iterating [analytical]:  20%|██        | 4/20 [01:51<07:33, 28.32s/it, RMSE=1.661TECU, rel_dP=5.40e-03]  [EKF] iterating [analytical]:  20%|██        | 4/20 [02:19<07:33, 28.32s/it, RMSE=1.578TECU, rel_dP=4.28e-03]  [EKF] iterating [analytical]:  25%|██▌       | 5/20 [02:19<07:01, 28.11s/it, RMSE=1.578TECU, rel_dP=4.28e-03]  [EKF] iterating [analytical]:  25%|██▌       | 5/20 [02:46<07:01, 28.11s/it, RMSE=1.535TECU, rel_dP=3.61e-03]  [EKF] iterating [analytical]:  30%|███       | 6/20 [02:46<06:26, 27.61s/it, RMSE=1.535TECU, rel_dP=3.61e-03]  [EKF] iterating [analytical]:  30%|███       | 6/20 [03:13<06:26, 27.61s/it, RMSE=1.505TECU, rel_dP=3.15e-03]  [EKF] iterating [analytical]:  35%|███▌      | 7/20 [03:13<05:56, 27.40s/it, RMSE=1.505TECU, rel_dP=3.15e-03]  [EKF] iterating [analytical]:  35%|███▌      | 7/20 [03:39<05:56, 27.40s/it, RMSE=1.483TECU, rel_dP=2.81e-03]  [EKF] iterating [analytical]:  40%|████      | 8/20 [03:39<05:24, 27.06s/it, RMSE=1.483TECU, rel_dP=2.81e-03]  [EKF] iterating [analytical]:  40%|████      | 8/20 [04:05<05:24, 27.06s/it, RMSE=1.466TECU, rel_dP=2.56e-03]  [EKF] iterating [analytical]:  45%|████▌     | 9/20 [04:05<04:54, 26.75s/it, RMSE=1.466TECU, rel_dP=2.56e-03]  [EKF] iterating [analytical]:  45%|████▌     | 9/20 [04:31<04:54, 26.75s/it, RMSE=1.451TECU, rel_dP=2.36e-03]  [EKF] iterating [analytical]:  50%|█████     | 10/20 [04:31<04:24, 26.43s/it, RMSE=1.451TECU, rel_dP=2.36e-03]  [EKF] iterating [analytical]:  50%|█████     | 10/20 [04:57<04:24, 26.43s/it, RMSE=1.439TECU, rel_dP=2.21e-03]  [EKF] iterating [analytical]:  55%|█████▌    | 11/20 [04:57<03:56, 26.28s/it, RMSE=1.439TECU, rel_dP=2.21e-03]  [EKF] iterating [analytical]:  55%|█████▌    | 11/20 [05:23<03:56, 26.28s/it, RMSE=1.429TECU, rel_dP=2.08e-03]  [EKF] iterating [analytical]:  60%|██████    | 12/20 [05:23<03:30, 26.34s/it, RMSE=1.429TECU, rel_dP=2.08e-03]  [EKF] iterating [analytical]:  60%|██████    | 12/20 [05:49<03:30, 26.34s/it, RMSE=1.419TECU, rel_dP=1.97e-03]  [EKF] iterating [analytical]:  65%|██████▌   | 13/20 [05:49<03:03, 26.25s/it, RMSE=1.419TECU, rel_dP=1.97e-03]  [EKF] iterating [analytical]:  65%|██████▌   | 13/20 [06:16<03:03, 26.25s/it, RMSE=1.411TECU, rel_dP=1.88e-03]  [EKF] iterating [analytical]:  70%|███████   | 14/20 [06:16<02:37, 26.27s/it, RMSE=1.411TECU, rel_dP=1.88e-03]  [EKF] iterating [analytical]:  70%|███████   | 14/20 [06:41<02:37, 26.27s/it, RMSE=1.404TECU, rel_dP=1.81e-03]  [EKF] iterating [analytical]:  75%|███████▌  | 15/20 [06:41<02:10, 26.08s/it, RMSE=1.404TECU, rel_dP=1.81e-03]  [EKF] iterating [analytical]:  75%|███████▌  | 15/20 [07:07<02:10, 26.08s/it, RMSE=1.397TECU, rel_dP=1.74e-03]  [EKF] iterating [analytical]:  80%|████████  | 16/20 [07:07<01:43, 25.87s/it, RMSE=1.397TECU, rel_dP=1.74e-03]  [EKF] iterating [analytical]:  80%|████████  | 16/20 [07:32<01:43, 25.87s/it, RMSE=1.391TECU, rel_dP=1.69e-03]  [EKF] iterating [analytical]:  85%|████████▌ | 17/20 [07:32<01:17, 25.76s/it, RMSE=1.391TECU, rel_dP=1.69e-03]  [EKF] iterating [analytical]:  85%|████████▌ | 17/20 [07:58<01:17, 25.76s/it, RMSE=1.385TECU, rel_dP=1.64e-03]  [EKF] iterating [analytical]:  90%|█████████ | 18/20 [07:58<00:51, 25.67s/it, RMSE=1.385TECU, rel_dP=1.64e-03]  [EKF] iterating [analytical]:  90%|█████████ | 18/20 [08:22<00:51, 25.67s/it, RMSE=1.379TECU, rel_dP=1.60e-03]  [EKF] iterating [analytical]:  95%|█████████▌| 19/20 [08:22<00:25, 25.46s/it, RMSE=1.379TECU, rel_dP=1.60e-03]  [EKF] iterating [analytical]:  95%|█████████▌| 19/20 [08:48<00:25, 25.46s/it, RMSE=1.374TECU, rel_dP=1.56e-03]  [EKF] iterating [analytical]: 100%|██████████| 20/20 [08:48<00:00, 25.44s/it, RMSE=1.374TECU, rel_dP=1.56e-03]                                                                                                                  [EKF] Reached max_iter=20 without convergence  (final ||ΔP||/||P|| = 1.56e-03)
  [EKF] Posterior innovations  mean=0.01  std=1.37  max_abs=15.77 TECU
  [EKF] Prior RMSE 23.928 TECU  →  Post RMSE 1.655 TECU

  [sweep 2025-09-22_1100] N_OCC=100  (RO arcs available=25, used=25)
  [EKF] 25 arcs  |  4163 profile rays  |  1152 update rays  |  n_state = 1672
  [EKF] Prior innovations  mean=21.51  std=23.80  max_abs=67.41 TECU
  [EKF] iterating [analytical]:   0%|          | 0/20 [00:00<?, ?it/s]  [EKF] iterating [analytical]:   0%|          | 0/20 [00:04<?, ?it/s, RMSE=32.079TECU, rel_dP=2.88e-02]  [EKF] iterating [analytical]:   5%|▌         | 1/20 [00:04<01:26,  4.54s/it, RMSE=32.079TECU, rel_dP=2.88e-02]  [EKF] iterating [analytical]:   5%|▌         | 1/20 [00:09<01:26,  4.54s/it, RMSE=7.560TECU, rel_dP=1.23e-02]   [EKF] iterating [analytical]:  10%|█         | 2/20 [00:09<01:23,  4.63s/it, RMSE=7.560TECU, rel_dP=1.23e-02]  [EKF] iterating [analytical]:  10%|█         | 2/20 [00:13<01:23,  4.63s/it, RMSE=3.171TECU, rel_dP=6.85e-03]  [EKF] iterating [analytical]:  15%|█▌        | 3/20 [00:13<01:16,  4.51s/it, RMSE=3.171TECU, rel_dP=6.85e-03]  [EKF] iterating [analytical]:  15%|█▌        | 3/20 [00:17<01:16,  4.51s/it, RMSE=2.423TECU, rel_dP=4.81e-03]  [EKF] iterating [analytical]:  20%|██        | 4/20 [00:17<01:11,  4.46s/it, RMSE=2.423TECU, rel_dP=4.81e-03]  [EKF] iterating [analytical]:  20%|██        | 4/20 [00:22<01:11,  4.46s/it, RMSE=2.219TECU, rel_dP=3.82e-03]  [EKF] iterating [analytical]:  25%|██▌       | 5/20 [00:22<01:06,  4.46s/it, RMSE=2.219TECU, rel_dP=3.82e-03]  [EKF] iterating [analytical]:  25%|██▌       | 5/20 [00:26<01:06,  4.46s/it, RMSE=2.106TECU, rel_dP=3.21e-03]  [EKF] iterating [analytical]:  30%|███       | 6/20 [00:26<01:02,  4.45s/it, RMSE=2.106TECU, rel_dP=3.21e-03]  [EKF] iterating [analytical]:  30%|███       | 6/20 [00:31<01:02,  4.45s/it, RMSE=2.027TECU, rel_dP=2.79e-03]  [EKF] iterating [analytical]:  35%|███▌      | 7/20 [00:31<00:58,  4.51s/it, RMSE=2.027TECU, rel_dP=2.79e-03]  [EKF] iterating [analytical]:  35%|███▌      | 7/20 [00:35<00:58,  4.51s/it, RMSE=1.967TECU, rel_dP=2.47e-03]  [EKF] iterating [analytical]:  40%|████      | 8/20 [00:35<00:54,  4.50s/it, RMSE=1.967TECU, rel_dP=2.47e-03]  [EKF] iterating [analytical]:  40%|████      | 8/20 [00:40<00:54,  4.50s/it, RMSE=1.918TECU, rel_dP=2.22e-03]  [EKF] iterating [analytical]:  45%|████▌     | 9/20 [00:40<00:49,  4.46s/it, RMSE=1.918TECU, rel_dP=2.22e-03]  [EKF] iterating [analytical]:  45%|████▌     | 9/20 [00:44<00:49,  4.46s/it, RMSE=1.878TECU, rel_dP=2.03e-03]  [EKF] iterating [analytical]:  50%|█████     | 10/20 [00:44<00:44,  4.49s/it, RMSE=1.878TECU, rel_dP=2.03e-03]  [EKF] iterating [analytical]:  50%|█████     | 10/20 [00:49<00:44,  4.49s/it, RMSE=1.845TECU, rel_dP=1.87e-03]  [EKF] iterating [analytical]:  55%|█████▌    | 11/20 [00:49<00:41,  4.63s/it, RMSE=1.845TECU, rel_dP=1.87e-03]  [EKF] iterating [analytical]:  55%|█████▌    | 11/20 [00:54<00:41,  4.63s/it, RMSE=1.816TECU, rel_dP=1.74e-03]  [EKF] iterating [analytical]:  60%|██████    | 12/20 [00:54<00:37,  4.63s/it, RMSE=1.816TECU, rel_dP=1.74e-03]  [EKF] iterating [analytical]:  60%|██████    | 12/20 [00:59<00:37,  4.63s/it, RMSE=1.791TECU, rel_dP=1.63e-03]  [EKF] iterating [analytical]:  65%|██████▌   | 13/20 [00:59<00:32,  4.64s/it, RMSE=1.791TECU, rel_dP=1.63e-03]  [EKF] iterating [analytical]:  65%|██████▌   | 13/20 [01:03<00:32,  4.64s/it, RMSE=1.768TECU, rel_dP=1.54e-03]  [EKF] iterating [analytical]:  70%|███████   | 14/20 [01:03<00:27,  4.62s/it, RMSE=1.768TECU, rel_dP=1.54e-03]  [EKF] iterating [analytical]:  70%|███████   | 14/20 [01:08<00:27,  4.62s/it, RMSE=1.748TECU, rel_dP=1.47e-03]  [EKF] iterating [analytical]:  75%|███████▌  | 15/20 [01:08<00:22,  4.53s/it, RMSE=1.748TECU, rel_dP=1.47e-03]  [EKF] iterating [analytical]:  75%|███████▌  | 15/20 [01:12<00:22,  4.53s/it, RMSE=1.730TECU, rel_dP=1.41e-03]  [EKF] iterating [analytical]:  80%|████████  | 16/20 [01:12<00:17,  4.48s/it, RMSE=1.730TECU, rel_dP=1.41e-03]  [EKF] iterating [analytical]:  80%|████████  | 16/20 [01:16<00:17,  4.48s/it, RMSE=1.714TECU, rel_dP=1.35e-03]  [EKF] iterating [analytical]:  85%|████████▌ | 17/20 [01:16<00:13,  4.48s/it, RMSE=1.714TECU, rel_dP=1.35e-03]  [EKF] iterating [analytical]:  85%|████████▌ | 17/20 [01:21<00:13,  4.48s/it, RMSE=1.698TECU, rel_dP=1.31e-03]  [EKF] iterating [analytical]:  90%|█████████ | 18/20 [01:21<00:08,  4.46s/it, RMSE=1.698TECU, rel_dP=1.31e-03]  [EKF] iterating [analytical]:  90%|█████████ | 18/20 [01:25<00:08,  4.46s/it, RMSE=1.684TECU, rel_dP=1.27e-03]  [EKF] iterating [analytical]:  95%|█████████▌| 19/20 [01:25<00:04,  4.49s/it, RMSE=1.684TECU, rel_dP=1.27e-03]  [EKF] iterating [analytical]:  95%|█████████▌| 19/20 [01:30<00:04,  4.49s/it, RMSE=1.670TECU, rel_dP=1.23e-03]  [EKF] iterating [analytical]: 100%|██████████| 20/20 [01:30<00:00,  4.52s/it, RMSE=1.670TECU, rel_dP=1.23e-03]                                                                                                                  [EKF] Reached max_iter=20 without convergence  (final ||ΔP||/||P|| = 1.23e-03)
  [EKF] Posterior innovations  mean=0.04  std=1.66  max_abs=14.51 TECU
  [EKF] Prior RMSE 32.770 TECU  →  Post RMSE 1.761 TECU
  [EKF] 649 arcs  |  8367 profile rays  |  5356 update rays  |  n_state = 1672
  [EKF] Prior innovations  mean=10.79  std=12.83  max_abs=67.41 TECU
  [EKF] iterating [analytical]:   0%|          | 0/20 [00:00<?, ?it/s]  [EKF] iterating [analytical]:   0%|          | 0/20 [00:25<?, ?it/s, RMSE=16.765TECU, rel_dP=3.00e-02]  [EKF] iterating [analytical]:   5%|▌         | 1/20 [00:25<07:59, 25.24s/it, RMSE=16.765TECU, rel_dP=3.00e-02]  [EKF] iterating [analytical]:   5%|▌         | 1/20 [00:50<07:59, 25.24s/it, RMSE=4.516TECU, rel_dP=1.33e-02]   [EKF] iterating [analytical]:  10%|█         | 2/20 [00:50<07:34, 25.27s/it, RMSE=4.516TECU, rel_dP=1.33e-02]  [EKF] iterating [analytical]:  10%|█         | 2/20 [01:16<07:34, 25.27s/it, RMSE=2.029TECU, rel_dP=7.62e-03]  [EKF] iterating [analytical]:  15%|█▌        | 3/20 [01:16<07:14, 25.57s/it, RMSE=2.029TECU, rel_dP=7.62e-03]  [EKF] iterating [analytical]:  15%|█▌        | 3/20 [01:41<07:14, 25.57s/it, RMSE=1.661TECU, rel_dP=5.40e-03]  [EKF] iterating [analytical]:  20%|██        | 4/20 [01:41<06:47, 25.47s/it, RMSE=1.661TECU, rel_dP=5.40e-03]  [EKF] iterating [analytical]:  20%|██        | 4/20 [02:06<06:47, 25.47s/it, RMSE=1.578TECU, rel_dP=4.28e-03]  [EKF] iterating [analytical]:  25%|██▌       | 5/20 [02:06<06:20, 25.37s/it, RMSE=1.578TECU, rel_dP=4.28e-03]  [EKF] iterating [analytical]:  25%|██▌       | 5/20 [02:32<06:20, 25.37s/it, RMSE=1.535TECU, rel_dP=3.61e-03]  [EKF] iterating [analytical]:  30%|███       | 6/20 [02:32<05:55, 25.40s/it, RMSE=1.535TECU, rel_dP=3.61e-03]  [EKF] iterating [analytical]:  30%|███       | 6/20 [02:57<05:55, 25.40s/it, RMSE=1.505TECU, rel_dP=3.15e-03]  [EKF] iterating [analytical]:  35%|███▌      | 7/20 [02:57<05:30, 25.40s/it, RMSE=1.505TECU, rel_dP=3.15e-03]  [EKF] iterating [analytical]:  35%|███▌      | 7/20 [03:23<05:30, 25.40s/it, RMSE=1.483TECU, rel_dP=2.81e-03]  [EKF] iterating [analytical]:  40%|████      | 8/20 [03:23<05:04, 25.36s/it, RMSE=1.483TECU, rel_dP=2.81e-03]  [EKF] iterating [analytical]:  40%|████      | 8/20 [03:48<05:04, 25.36s/it, RMSE=1.466TECU, rel_dP=2.56e-03]  [EKF] iterating [analytical]:  45%|████▌     | 9/20 [03:48<04:38, 25.35s/it, RMSE=1.466TECU, rel_dP=2.56e-03]  [EKF] iterating [analytical]:  45%|████▌     | 9/20 [04:13<04:38, 25.35s/it, RMSE=1.451TECU, rel_dP=2.36e-03]  [EKF] iterating [analytical]:  50%|█████     | 10/20 [04:13<04:12, 25.23s/it, RMSE=1.451TECU, rel_dP=2.36e-03]  [EKF] iterating [analytical]:  50%|█████     | 10/20 [04:38<04:12, 25.23s/it, RMSE=1.439TECU, rel_dP=2.21e-03]  [EKF] iterating [analytical]:  55%|█████▌    | 11/20 [04:38<03:46, 25.14s/it, RMSE=1.439TECU, rel_dP=2.21e-03]  [EKF] iterating [analytical]:  55%|█████▌    | 11/20 [05:03<03:46, 25.14s/it, RMSE=1.429TECU, rel_dP=2.08e-03]  [EKF] iterating [analytical]:  60%|██████    | 12/20 [05:03<03:20, 25.09s/it, RMSE=1.429TECU, rel_dP=2.08e-03]  [EKF] iterating [analytical]:  60%|██████    | 12/20 [05:28<03:20, 25.09s/it, RMSE=1.419TECU, rel_dP=1.97e-03]  [EKF] iterating [analytical]:  65%|██████▌   | 13/20 [05:28<02:56, 25.20s/it, RMSE=1.419TECU, rel_dP=1.97e-03]  [EKF] iterating [analytical]:  65%|██████▌   | 13/20 [05:54<02:56, 25.20s/it, RMSE=1.411TECU, rel_dP=1.88e-03]  [EKF] iterating [analytical]:  70%|███████   | 14/20 [05:54<02:31, 25.26s/it, RMSE=1.411TECU, rel_dP=1.88e-03]  [EKF] iterating [analytical]:  70%|███████   | 14/20 [06:19<02:31, 25.26s/it, RMSE=1.404TECU, rel_dP=1.81e-03]  [EKF] iterating [analytical]:  75%|███████▌  | 15/20 [06:19<02:05, 25.17s/it, RMSE=1.404TECU, rel_dP=1.81e-03]  [EKF] iterating [analytical]:  75%|███████▌  | 15/20 [06:44<02:05, 25.17s/it, RMSE=1.397TECU, rel_dP=1.74e-03]  [EKF] iterating [analytical]:  80%|████████  | 16/20 [06:44<01:40, 25.19s/it, RMSE=1.397TECU, rel_dP=1.74e-03]  [EKF] iterating [analytical]:  80%|████████  | 16/20 [07:09<01:40, 25.19s/it, RMSE=1.391TECU, rel_dP=1.69e-03]  [EKF] iterating [analytical]:  85%|████████▌ | 17/20 [07:09<01:15, 25.12s/it, RMSE=1.391TECU, rel_dP=1.69e-03]  [EKF] iterating [analytical]:  85%|████████▌ | 17/20 [07:34<01:15, 25.12s/it, RMSE=1.385TECU, rel_dP=1.64e-03]  [EKF] iterating [analytical]:  90%|█████████ | 18/20 [07:34<00:50, 25.17s/it, RMSE=1.385TECU, rel_dP=1.64e-03]  [EKF] iterating [analytical]:  90%|█████████ | 18/20 [07:59<00:50, 25.17s/it, RMSE=1.379TECU, rel_dP=1.60e-03]  [EKF] iterating [analytical]:  95%|█████████▌| 19/20 [07:59<00:25, 25.12s/it, RMSE=1.379TECU, rel_dP=1.60e-03]  [EKF] iterating [analytical]:  95%|█████████▌| 19/20 [08:24<00:25, 25.12s/it, RMSE=1.374TECU, rel_dP=1.56e-03]  [EKF] iterating [analytical]: 100%|██████████| 20/20 [08:24<00:00, 25.11s/it, RMSE=1.374TECU, rel_dP=1.56e-03]                                                                                                                  [EKF] Reached max_iter=20 without convergence  (final ||ΔP||/||P|| = 1.56e-03)
  [EKF] Posterior innovations  mean=0.01  std=1.37  max_abs=15.77 TECU
  [EKF] Prior RMSE 23.928 TECU  →  Post RMSE 1.655 TECU
  ✓ window contributed 60 rows (180 total).

------------------------------------------------------------------
  Window 2/2: 2025-09-22_1400 (19 arcs)
------------------------------------------------------------------
  [cache hit]  iri_2025_265_1400_5.0deg_lat27.2_88.0_lon-177.6_174.7.npz
  Building IRI truth grid [1-deg truth (sweep)]  (4430 pts, 16:00 UTC, F10.7+15) …
  Arc 1/19: 4 E15  186 epochs  TEC 85.4–188.7 TECU
  Arc 2/19: 4 C36  149 epochs  TEC 61.0–136.1 TECU
  Arc 3/19: 4 G18  148 epochs  TEC 50.9–123.6 TECU
  Arc 4/19: 4 E29  153 epochs  TEC 81.1–222.9 TECU
  Arc 5/19: 4 C21  173 epochs  TEC 26.7–203.6 TECU
  Arc 6/19: 4 G18  148 epochs  TEC 50.9–123.6 TECU
  Arc 7/19: 4 E9  190 epochs  TEC 50.8–118.0 TECU
  Arc 8/19: 4 C28  143 epochs  TEC 104.4–198.2 TECU
  Arc 9/19: 4 G24  183 epochs  TEC 63.5–165.7 TECU
  Arc 10/19: 4 E9  190 epochs  TEC 50.8–118.0 TECU
  Arc 11/19: 4 C25  141 epochs  TEC 100.8–250.5 TECU
  Arc 12/19: 4 G24  183 epochs  TEC 63.5–165.7 TECU
  Arc 13/19: 4 E11  142 epochs  TEC 62.5–144.7 TECU
  Arc 14/19: 5 C39  187 epochs  TEC 81.2–176.5 TECU
  Arc 15/19: 4 E11  142 epochs  TEC 62.5–144.7 TECU
  Arc 16/19: 5 C29  147 epochs  TEC 95.1–225.6 TECU
  Arc 17/19: 5 E2  175 epochs  TEC 42.5–176.7 TECU
  Arc 18/19: 5 C36  186 epochs  TEC 94.5–202.3 TECU
  Arc 19/19: 5 E12  139 epochs  TEC 101.8–217.1 TECU
  [IGS-sim] Resolved 9 station(s): ['TRO1', 'WUTH', 'NYA1', 'KIR0', 'SOD3', 'ALRT', 'SCOR', 'HOFN', 'REYK']
  [IGS-sim] Broadcast ephemeris: BRDC00IGS_R_20252650000_01D_MN.rnx
  [IGS-sim] 613/2007 (station, SV) pairs visible above 20° across 60-min window.
  IGS-sim arc 1/613: TRO1 TRO1_C07  8 rays  TEC 41.2–49.1 TECU
  IGS-sim arc 2/613: TRO1 TRO1_C09  8 rays  TEC 41.1–48.3 TECU
  IGS-sim arc 3/613: TRO1 TRO1_C10  5 rays  TEC 43.8–48.3 TECU
  IGS-sim arc 4/613: TRO1 TRO1_C14  8 rays  TEC 31.8–33.5 TECU
  IGS-sim arc 5/613: TRO1 TRO1_C21  2 rays  TEC 49.6–53.4 TECU
  IGS-sim arc 6/613: TRO1 TRO1_C24  2 rays  TEC 55.0–59.0 TECU
  IGS-sim arc 7/613: TRO1 TRO1_C26  8 rays  TEC 29.7–38.7 TECU
  IGS-sim arc 8/613: TRO1 TRO1_C27  2 rays  TEC 52.8–54.6 TECU
  IGS-sim arc 9/613: TRO1 TRO1_C30  5 rays  TEC 46.7–48.0 TECU
  IGS-sim arc 10/613: TRO1 TRO1_C33  8 rays  TEC 34.4–43.3 TECU
  IGS-sim arc 11/613: TRO1 TRO1_C40  8 rays  TEC 39.1–46.8 TECU
  IGS-sim arc 12/613: TRO1 TRO1_C42  8 rays  TEC 31.6–40.2 TECU
  IGS-sim arc 13/613: TRO1 TRO1_C45  8 rays  TEC 31.6–39.4 TECU
  IGS-sim arc 14/613: TRO1 TRO1_C50  7 rays  TEC 36.6–53.8 TECU
  IGS-sim arc 15/613: TRO1 TRO1_E04  8 rays  TEC 36.2–51.8 TECU
  IGS-sim arc 16/613: TRO1 TRO1_E04_1  8 rays  TEC 36.2–51.8 TECU
  IGS-sim arc 17/613: TRO1 TRO1_E04_2  8 rays  TEC 36.2–51.8 TECU
  IGS-sim arc 18/613: TRO1 TRO1_E04_3  8 rays  TEC 36.2–51.8 TECU
  IGS-sim arc 19/613: TRO1 TRO1_E06  2 rays  TEC 53.8–59.9 TECU
  IGS-sim arc 20/613: TRO1 TRO1_E06_1  2 rays  TEC 53.8–59.9 TECU
  IGS-sim arc 21/613: TRO1 TRO1_E06_2  2 rays  TEC 53.8–59.9 TECU
  IGS-sim arc 22/613: TRO1 TRO1_E06_3  2 rays  TEC 53.8–59.9 TECU
  IGS-sim arc 23/613: TRO1 TRO1_E11  5 rays  TEC 45.4–57.0 TECU
  IGS-sim arc 24/613: TRO1 TRO1_E11_1  5 rays  TEC 45.4–57.0 TECU
  IGS-sim arc 25/613: TRO1 TRO1_E11_2  5 rays  TEC 45.4–57.0 TECU
  IGS-sim arc 26/613: TRO1 TRO1_E11_3  5 rays  TEC 45.4–57.0 TECU
  IGS-sim arc 27/613: TRO1 TRO1_E19  8 rays  TEC 29.4–31.2 TECU
  IGS-sim arc 28/613: TRO1 TRO1_E19_1  8 rays  TEC 29.4–31.2 TECU
  IGS-sim arc 29/613: TRO1 TRO1_E19_2  8 rays  TEC 29.4–31.2 TECU
  IGS-sim arc 30/613: TRO1 TRO1_E19_3  8 rays  TEC 29.4–31.2 TECU
  IGS-sim arc 31/613: TRO1 TRO1_E21  8 rays  TEC 36.8–53.4 TECU
  IGS-sim arc 32/613: TRO1 TRO1_E21_1  8 rays  TEC 36.8–53.4 TECU
  IGS-sim arc 33/613: TRO1 TRO1_E21_2  8 rays  TEC 36.8–53.4 TECU
  IGS-sim arc 34/613: TRO1 TRO1_E21_3  8 rays  TEC 36.8–53.4 TECU
  IGS-sim arc 35/613: TRO1 TRO1_E27  8 rays  TEC 32.8–34.2 TECU
  IGS-sim arc 36/613: TRO1 TRO1_E27_1  8 rays  TEC 32.8–34.2 TECU
  IGS-sim arc 37/613: TRO1 TRO1_E27_2  8 rays  TEC 32.8–34.2 TECU
  IGS-sim arc 38/613: TRO1 TRO1_E27_3  8 rays  TEC 32.8–34.2 TECU
  IGS-sim arc 39/613: TRO1 TRO1_E29  6 rays  TEC 37.9–50.6 TECU
  IGS-sim arc 40/613: TRO1 TRO1_E29_1  6 rays  TEC 37.9–50.6 TECU
  IGS-sim arc 41/613: TRO1 TRO1_E29_2  6 rays  TEC 37.9–50.6 TECU
  IGS-sim arc 42/613: TRO1 TRO1_E29_3  6 rays  TEC 37.9–50.6 TECU
  IGS-sim arc 43/613: TRO1 TRO1_E30  3 rays  TEC 42.4–47.2 TECU
  IGS-sim arc 44/613: TRO1 TRO1_E30_1  3 rays  TEC 42.4–47.2 TECU
  IGS-sim arc 45/613: TRO1 TRO1_E30_2  3 rays  TEC 42.4–47.2 TECU
  IGS-sim arc 46/613: TRO1 TRO1_E30_3  3 rays  TEC 42.4–47.2 TECU
  IGS-sim arc 47/613: TRO1 TRO1_E36  8 rays  TEC 47.0–49.6 TECU
  IGS-sim arc 48/613: TRO1 TRO1_E36_1  8 rays  TEC 47.0–49.6 TECU
  IGS-sim arc 49/613: TRO1 TRO1_E36_2  8 rays  TEC 47.0–49.6 TECU
  IGS-sim arc 50/613: TRO1 TRO1_E36_3  8 rays  TEC 47.0–49.6 TECU
  IGS-sim arc 51/613: TRO1 TRO1_G05  7 rays  TEC 39.4–57.7 TECU
  IGS-sim arc 52/613: TRO1 TRO1_G07  8 rays  TEC 33.7–47.9 TECU
  IGS-sim arc 53/613: TRO1 TRO1_G08  8 rays  TEC 42.0–45.3 TECU
  IGS-sim arc 54/613: TRO1 TRO1_G13  8 rays  TEC 30.0–35.0 TECU
  IGS-sim arc 55/613: TRO1 TRO1_G14  8 rays  TEC 34.7–52.8 TECU
  IGS-sim arc 56/613: TRO1 TRO1_G15  8 rays  TEC 34.8–51.8 TECU
  IGS-sim arc 57/613: TRO1 TRO1_G18  5 rays  TEC 50.7–57.4 TECU
  IGS-sim arc 58/613: TRO1 TRO1_G21  2 rays  TEC 52.3–56.9 TECU
  IGS-sim arc 59/613: TRO1 TRO1_G22  5 rays  TEC 42.0–57.0 TECU
  IGS-sim arc 60/613: TRO1 TRO1_G23  4 rays  TEC 47.7–55.3 TECU
  IGS-sim arc 61/613: TRO1 TRO1_G27  5 rays  TEC 45.5–51.2 TECU
  IGS-sim arc 62/613: TRO1 TRO1_G30  8 rays  TEC 28.9–33.4 TECU
  IGS-sim arc 63/613: TRO1 TRO1_R01  5 rays  TEC 38.1–52.9 TECU
  IGS-sim arc 64/613: TRO1 TRO1_R02  8 rays  TEC 28.4–32.8 TECU
  IGS-sim arc 65/613: TRO1 TRO1_R03  8 rays  TEC 33.4–57.9 TECU
  IGS-sim arc 66/613: TRO1 TRO1_R10  2 rays  TEC 43.7–47.2 TECU
  IGS-sim arc 67/613: TRO1 TRO1_R11  8 rays  TEC 28.9–34.6 TECU
  IGS-sim arc 68/613: TRO1 TRO1_R12  8 rays  TEC 30.0–47.0 TECU
  IGS-sim arc 69/613: TRO1 TRO1_R19  8 rays  TEC 42.5–53.1 TECU
  IGS-sim arc 70/613: TRO1 TRO1_R20  4 rays  TEC 41.1–45.0 TECU
  IGS-sim arc 71/613: TRO1 TRO1_R25  8 rays  TEC 42.0–57.6 TECU
  IGS-sim arc 72/613: WUTH WUTH_C07  7 rays  TEC 40.6–45.3 TECU
  IGS-sim arc 73/613: WUTH WUTH_C09  8 rays  TEC 38.0–45.2 TECU
  IGS-sim arc 74/613: WUTH WUTH_C10  4 rays  TEC 44.3–45.9 TECU
  IGS-sim arc 75/613: WUTH WUTH_C14  8 rays  TEC 32.6–34.1 TECU
  IGS-sim arc 76/613: WUTH WUTH_C26  8 rays  TEC 30.8–43.0 TECU
  IGS-sim arc 77/613: WUTH WUTH_C27  6 rays  TEC 44.4–53.0 TECU
  IGS-sim arc 78/613: WUTH WUTH_C30  8 rays  TEC 41.3–47.5 TECU
  IGS-sim arc 79/613: WUTH WUTH_C33  8 rays  TEC 34.3–42.7 TECU
  IGS-sim arc 80/613: WUTH WUTH_C40  8 rays  TEC 36.4–43.8 TECU
  IGS-sim arc 81/613: WUTH WUTH_C42  8 rays  TEC 31.8–44.8 TECU
  IGS-sim arc 82/613: WUTH WUTH_C45  8 rays  TEC 31.1–36.4 TECU
  IGS-sim arc 83/613: WUTH WUTH_C47  2 rays  TEC 43.2–43.6 TECU
  IGS-sim arc 84/613: WUTH WUTH_C50  5 rays  TEC 41.0–51.6 TECU
  IGS-sim arc 85/613: WUTH WUTH_E04  8 rays  TEC 37.7–53.4 TECU
  IGS-sim arc 86/613: WUTH WUTH_E04_1  8 rays  TEC 37.7–53.4 TECU
  IGS-sim arc 87/613: WUTH WUTH_E04_2  8 rays  TEC 37.7–53.4 TECU
  IGS-sim arc 88/613: WUTH WUTH_E04_3  8 rays  TEC 37.7–53.4 TECU
  IGS-sim arc 89/613: WUTH WUTH_E06  3 rays  TEC 52.0–58.7 TECU
  IGS-sim arc 90/613: WUTH WUTH_E06_1  3 rays  TEC 52.0–58.7 TECU
  IGS-sim arc 91/613: WUTH WUTH_E06_2  3 rays  TEC 52.0–58.7 TECU
  IGS-sim arc 92/613: WUTH WUTH_E06_3  3 rays  TEC 52.0–58.7 TECU
  IGS-sim arc 93/613: WUTH WUTH_E11  6 rays  TEC 44.7–59.6 TECU
  IGS-sim arc 94/613: WUTH WUTH_E11_1  6 rays  TEC 44.7–59.6 TECU
  IGS-sim arc 95/613: WUTH WUTH_E11_2  6 rays  TEC 44.7–59.6 TECU
  IGS-sim arc 96/613: WUTH WUTH_E11_3  6 rays  TEC 44.7–59.6 TECU
  IGS-sim arc 97/613: WUTH WUTH_E19  8 rays  TEC 29.3–32.3 TECU
  IGS-sim arc 98/613: WUTH WUTH_E19_1  8 rays  TEC 29.3–32.3 TECU
  IGS-sim arc 99/613: WUTH WUTH_E19_2  8 rays  TEC 29.3–32.3 TECU
  IGS-sim arc 100/613: WUTH WUTH_E19_3  8 rays  TEC 29.3–32.3 TECU
  IGS-sim arc 101/613: WUTH WUTH_E21  6 rays  TEC 38.2–51.8 TECU
  IGS-sim arc 102/613: WUTH WUTH_E21_1  6 rays  TEC 38.2–51.8 TECU
  IGS-sim arc 103/613: WUTH WUTH_E21_2  6 rays  TEC 38.2–51.8 TECU
  IGS-sim arc 104/613: WUTH WUTH_E21_3  6 rays  TEC 38.2–51.8 TECU
  IGS-sim arc 105/613: WUTH WUTH_E27  8 rays  TEC 32.1–34.0 TECU
  IGS-sim arc 106/613: WUTH WUTH_E27_1  8 rays  TEC 32.1–34.0 TECU
  IGS-sim arc 107/613: WUTH WUTH_E27_2  8 rays  TEC 32.1–34.0 TECU
  IGS-sim arc 108/613: WUTH WUTH_E27_3  8 rays  TEC 32.1–34.0 TECU
  IGS-sim arc 109/613: WUTH WUTH_E29  4 rays  TEC 40.2–46.5 TECU
  IGS-sim arc 110/613: WUTH WUTH_E29_1  4 rays  TEC 40.2–46.5 TECU
  IGS-sim arc 111/613: WUTH WUTH_E29_2  4 rays  TEC 40.2–46.5 TECU
  IGS-sim arc 112/613: WUTH WUTH_E29_3  4 rays  TEC 40.2–46.5 TECU
  IGS-sim arc 113/613: WUTH WUTH_E30  5 rays  TEC 40.5–47.1 TECU
  IGS-sim arc 114/613: WUTH WUTH_E30_1  5 rays  TEC 40.5–47.1 TECU
  IGS-sim arc 115/613: WUTH WUTH_E30_2  5 rays  TEC 40.5–47.1 TECU
  IGS-sim arc 116/613: WUTH WUTH_E30_3  5 rays  TEC 40.5–47.1 TECU
  IGS-sim arc 117/613: WUTH WUTH_E36  8 rays  TEC 40.0–42.4 TECU
  IGS-sim arc 118/613: WUTH WUTH_E36_1  8 rays  TEC 40.0–42.4 TECU
  IGS-sim arc 119/613: WUTH WUTH_E36_2  8 rays  TEC 40.0–42.4 TECU
  IGS-sim arc 120/613: WUTH WUTH_E36_3  8 rays  TEC 40.0–42.4 TECU
  IGS-sim arc 121/613: WUTH WUTH_G05  6 rays  TEC 40.9–58.3 TECU
  IGS-sim arc 122/613: WUTH WUTH_G07  8 rays  TEC 33.3–46.0 TECU
  IGS-sim arc 123/613: WUTH WUTH_G08  8 rays  TEC 38.1–41.0 TECU
  IGS-sim arc 124/613: WUTH WUTH_G13  8 rays  TEC 30.1–35.5 TECU
  IGS-sim arc 125/613: WUTH WUTH_G14  6 rays  TEC 37.1–50.3 TECU
  IGS-sim arc 126/613: WUTH WUTH_G15  8 rays  TEC 35.9–50.3 TECU
  IGS-sim arc 127/613: WUTH WUTH_G18  7 rays  TEC 44.0–57.1 TECU
  IGS-sim arc 128/613: WUTH WUTH_G22  3 rays  TEC 45.5–53.4 TECU
  IGS-sim arc 129/613: WUTH WUTH_G23  6 rays  TEC 41.4–51.8 TECU
  IGS-sim arc 130/613: WUTH WUTH_G27  8 rays  TEC 41.1–48.9 TECU
  IGS-sim arc 131/613: WUTH WUTH_G30  8 rays  TEC 29.4–33.3 TECU
  IGS-sim arc 132/613: WUTH WUTH_R01  3 rays  TEC 40.7–47.6 TECU
  IGS-sim arc 133/613: WUTH WUTH_R02  8 rays  TEC 28.4–34.3 TECU
  IGS-sim arc 134/613: WUTH WUTH_R03  8 rays  TEC 34.3–51.2 TECU
  IGS-sim arc 135/613: WUTH WUTH_R10  3 rays  TEC 41.3–46.2 TECU
  IGS-sim arc 136/613: WUTH WUTH_R11  8 rays  TEC 27.2–32.0 TECU
  IGS-sim arc 137/613: WUTH WUTH_R12  8 rays  TEC 31.2–51.0 TECU
  IGS-sim arc 138/613: WUTH WUTH_R18  2 rays  TEC 51.8–56.0 TECU
  IGS-sim arc 139/613: WUTH WUTH_R19  8 rays  TEC 37.5–45.1 TECU
  IGS-sim arc 140/613: WUTH WUTH_R20  6 rays  TEC 38.0–46.9 TECU
  IGS-sim arc 141/613: WUTH WUTH_R25  8 rays  TEC 36.6–50.1 TECU
  IGS-sim arc 142/613: NYA1 NYA1_C07  6 rays  TEC 39.8–45.4 TECU
  IGS-sim arc 143/613: NYA1 NYA1_C09  8 rays  TEC 38.8–43.8 TECU
  IGS-sim arc 144/613: NYA1 NYA1_C10  3 rays  TEC 44.1–46.8 TECU
  IGS-sim arc 145/613: NYA1 NYA1_C14  8 rays  TEC 33.9–37.7 TECU
  IGS-sim arc 146/613: NYA1 NYA1_C26  8 rays  TEC 33.3–44.6 TECU
  IGS-sim arc 147/613: NYA1 NYA1_C27  7 rays  TEC 42.3–52.2 TECU
  IGS-sim arc 148/613: NYA1 NYA1_C30  8 rays  TEC 39.9–45.7 TECU
  IGS-sim arc 149/613: NYA1 NYA1_C33  8 rays  TEC 33.8–39.8 TECU
  IGS-sim arc 150/613: NYA1 NYA1_C40  8 rays  TEC 37.0–43.0 TECU
  IGS-sim arc 151/613: NYA1 NYA1_C41  2 rays  TEC 51.2–55.1 TECU
  IGS-sim arc 152/613: NYA1 NYA1_C42  8 rays  TEC 35.4–46.5 TECU
  IGS-sim arc 153/613: NYA1 NYA1_C45  8 rays  TEC 32.9–38.4 TECU
  IGS-sim arc 154/613: NYA1 NYA1_C47  3 rays  TEC 44.6–46.3 TECU
  IGS-sim arc 155/613: NYA1 NYA1_C50  5 rays  TEC 41.7–55.1 TECU
  IGS-sim arc 156/613: NYA1 NYA1_E04  8 rays  TEC 37.1–49.3 TECU
  IGS-sim arc 157/613: NYA1 NYA1_E04_1  8 rays  TEC 37.1–49.3 TECU
  IGS-sim arc 158/613: NYA1 NYA1_E04_2  8 rays  TEC 37.1–49.3 TECU
  IGS-sim arc 159/613: NYA1 NYA1_E04_3  8 rays  TEC 37.1–49.3 TECU
  IGS-sim arc 160/613: NYA1 NYA1_E06  3 rays  TEC 50.8–57.2 TECU
  IGS-sim arc 161/613: NYA1 NYA1_E06_1  3 rays  TEC 50.8–57.2 TECU
  IGS-sim arc 162/613: NYA1 NYA1_E06_2  3 rays  TEC 50.8–57.2 TECU
  IGS-sim arc 163/613: NYA1 NYA1_E06_3  3 rays  TEC 50.8–57.2 TECU
  IGS-sim arc 164/613: NYA1 NYA1_E11  6 rays  TEC 43.5–56.2 TECU
  IGS-sim arc 165/613: NYA1 NYA1_E11_1  6 rays  TEC 43.5–56.2 TECU
  IGS-sim arc 166/613: NYA1 NYA1_E11_2  6 rays  TEC 43.5–56.2 TECU
  IGS-sim arc 167/613: NYA1 NYA1_E11_3  6 rays  TEC 43.5–56.2 TECU
  IGS-sim arc 168/613: NYA1 NYA1_E19  8 rays  TEC 30.9–34.2 TECU
  IGS-sim arc 169/613: NYA1 NYA1_E19_1  8 rays  TEC 30.9–34.2 TECU
  IGS-sim arc 170/613: NYA1 NYA1_E19_2  8 rays  TEC 30.9–34.2 TECU
  IGS-sim arc 171/613: NYA1 NYA1_E19_3  8 rays  TEC 30.9–34.2 TECU
  IGS-sim arc 172/613: NYA1 NYA1_E21  5 rays  TEC 39.2–51.3 TECU
  IGS-sim arc 173/613: NYA1 NYA1_E21_1  5 rays  TEC 39.2–51.3 TECU
  IGS-sim arc 174/613: NYA1 NYA1_E21_2  5 rays  TEC 39.2–51.3 TECU
  IGS-sim arc 175/613: NYA1 NYA1_E21_3  5 rays  TEC 39.2–51.3 TECU
  IGS-sim arc 176/613: NYA1 NYA1_E27  8 rays  TEC 33.6–35.1 TECU
  IGS-sim arc 177/613: NYA1 NYA1_E27_1  8 rays  TEC 33.6–35.1 TECU
  IGS-sim arc 178/613: NYA1 NYA1_E27_2  8 rays  TEC 33.6–35.1 TECU
  IGS-sim arc 179/613: NYA1 NYA1_E27_3  8 rays  TEC 33.6–35.1 TECU
  IGS-sim arc 180/613: NYA1 NYA1_E29  4 rays  TEC 41.5–49.1 TECU
  IGS-sim arc 181/613: NYA1 NYA1_E29_1  4 rays  TEC 41.5–49.1 TECU
  IGS-sim arc 182/613: NYA1 NYA1_E29_2  4 rays  TEC 41.5–49.1 TECU
  IGS-sim arc 183/613: NYA1 NYA1_E29_3  4 rays  TEC 41.5–49.1 TECU
  IGS-sim arc 184/613: NYA1 NYA1_E30  6 rays  TEC 40.1–47.0 TECU
  IGS-sim arc 185/613: NYA1 NYA1_E30_1  6 rays  TEC 40.1–47.0 TECU
  IGS-sim arc 186/613: NYA1 NYA1_E30_2  6 rays  TEC 40.1–47.0 TECU
  IGS-sim arc 187/613: NYA1 NYA1_E30_3  6 rays  TEC 40.1–47.0 TECU
  IGS-sim arc 188/613: NYA1 NYA1_E34  2 rays  TEC 45.2–47.5 TECU
  IGS-sim arc 189/613: NYA1 NYA1_E34_1  2 rays  TEC 45.2–47.5 TECU
  IGS-sim arc 190/613: NYA1 NYA1_E34_2  2 rays  TEC 45.2–47.5 TECU
  IGS-sim arc 191/613: NYA1 NYA1_E34_3  2 rays  TEC 45.2–47.5 TECU
  IGS-sim arc 192/613: NYA1 NYA1_E36  8 rays  TEC 37.7–40.0 TECU
  IGS-sim arc 193/613: NYA1 NYA1_E36_1  8 rays  TEC 37.7–40.0 TECU
  IGS-sim arc 194/613: NYA1 NYA1_E36_2  8 rays  TEC 37.7–40.0 TECU
  IGS-sim arc 195/613: NYA1 NYA1_E36_3  8 rays  TEC 37.7–40.0 TECU
  IGS-sim arc 196/613: NYA1 NYA1_G05  5 rays  TEC 43.0–54.2 TECU
  IGS-sim arc 197/613: NYA1 NYA1_G07  8 rays  TEC 34.0–46.4 TECU
  IGS-sim arc 198/613: NYA1 NYA1_G08  8 rays  TEC 39.2–43.1 TECU
  IGS-sim arc 199/613: NYA1 NYA1_G13  8 rays  TEC 32.3–36.2 TECU
  IGS-sim arc 200/613: NYA1 NYA1_G14  6 rays  TEC 37.7–53.4 TECU
  IGS-sim arc 201/613: NYA1 NYA1_G15  8 rays  TEC 35.4–47.2 TECU
  IGS-sim arc 202/613: NYA1 NYA1_G18  7 rays  TEC 41.6–54.4 TECU
  IGS-sim arc 203/613: NYA1 NYA1_G22  2 rays  TEC 48.9–52.6 TECU
  IGS-sim arc 204/613: NYA1 NYA1_G23  7 rays  TEC 38.9–51.8 TECU
  IGS-sim arc 205/613: NYA1 NYA1_G27  8 rays  TEC 38.7–45.6 TECU
  IGS-sim arc 206/613: NYA1 NYA1_G30  8 rays  TEC 31.0–34.6 TECU
  IGS-sim arc 207/613: NYA1 NYA1_R01  3 rays  TEC 42.1–51.0 TECU
  IGS-sim arc 208/613: NYA1 NYA1_R02  8 rays  TEC 30.4–35.7 TECU
  IGS-sim arc 209/613: NYA1 NYA1_R03  8 rays  TEC 31.8–47.0 TECU
  IGS-sim arc 210/613: NYA1 NYA1_R10  3 rays  TEC 39.7–45.0 TECU
  IGS-sim arc 211/613: NYA1 NYA1_R11  8 rays  TEC 30.1–33.7 TECU
  IGS-sim arc 212/613: NYA1 NYA1_R12  8 rays  TEC 33.4–55.8 TECU
  IGS-sim arc 213/613: NYA1 NYA1_R18  2 rays  TEC 48.9–53.4 TECU
  IGS-sim arc 214/613: NYA1 NYA1_R19  8 rays  TEC 35.2–42.9 TECU
  IGS-sim arc 215/613: NYA1 NYA1_R20  6 rays  TEC 37.2–46.0 TECU
  IGS-sim arc 216/613: NYA1 NYA1_R25  8 rays  TEC 35.7–46.2 TECU
  IGS-sim arc 217/613: KIR0 KIR0_C07  8 rays  TEC 41.2–48.6 TECU
  IGS-sim arc 218/613: KIR0 KIR0_C09  8 rays  TEC 40.9–48.0 TECU
  IGS-sim arc 219/613: KIR0 KIR0_C10  6 rays  TEC 43.3–48.2 TECU
  IGS-sim arc 220/613: KIR0 KIR0_C14  8 rays  TEC 32.0–33.7 TECU
  IGS-sim arc 221/613: KIR0 KIR0_C21  3 rays  TEC 47.4–54.8 TECU
  IGS-sim arc 222/613: KIR0 KIR0_C24  2 rays  TEC 53.0–56.9 TECU
  IGS-sim arc 223/613: KIR0 KIR0_C26  8 rays  TEC 29.6–37.9 TECU
  IGS-sim arc 224/613: KIR0 KIR0_C30  4 rays  TEC 47.1–48.0 TECU
  IGS-sim arc 225/613: KIR0 KIR0_C33  8 rays  TEC 35.3–46.0 TECU
  IGS-sim arc 226/613: KIR0 KIR0_C40  8 rays  TEC 38.9–46.7 TECU
  IGS-sim arc 227/613: KIR0 KIR0_C42  8 rays  TEC 31.2–38.5 TECU
  IGS-sim arc 228/613: KIR0 KIR0_C45  8 rays  TEC 31.3–39.2 TECU
  IGS-sim arc 229/613: KIR0 KIR0_C50  8 rays  TEC 35.8–54.9 TECU
  IGS-sim arc 230/613: KIR0 KIR0_E04  8 rays  TEC 37.1–54.2 TECU
  IGS-sim arc 231/613: KIR0 KIR0_E04_1  8 rays  TEC 37.1–54.2 TECU
  IGS-sim arc 232/613: KIR0 KIR0_E04_2  8 rays  TEC 37.1–54.2 TECU
  IGS-sim arc 233/613: KIR0 KIR0_E04_3  8 rays  TEC 37.1–54.2 TECU
  IGS-sim arc 234/613: KIR0 KIR0_E11  5 rays  TEC 48.5–59.5 TECU
  IGS-sim arc 235/613: KIR0 KIR0_E11_1  5 rays  TEC 48.5–59.5 TECU
  IGS-sim arc 236/613: KIR0 KIR0_E11_2  5 rays  TEC 48.5–59.5 TECU
  IGS-sim arc 237/613: KIR0 KIR0_E11_3  5 rays  TEC 48.5–59.5 TECU
  IGS-sim arc 238/613: KIR0 KIR0_E19  8 rays  TEC 29.1–30.8 TECU
  IGS-sim arc 239/613: KIR0 KIR0_E19_1  8 rays  TEC 29.1–30.8 TECU
  IGS-sim arc 240/613: KIR0 KIR0_E19_2  8 rays  TEC 29.1–30.8 TECU
  IGS-sim arc 241/613: KIR0 KIR0_E19_3  8 rays  TEC 29.1–30.8 TECU
  IGS-sim arc 242/613: KIR0 KIR0_E21  8 rays  TEC 35.2–51.1 TECU
  IGS-sim arc 243/613: KIR0 KIR0_E21_1  8 rays  TEC 35.2–51.1 TECU
  IGS-sim arc 244/613: KIR0 KIR0_E21_2  8 rays  TEC 35.2–51.1 TECU
  IGS-sim arc 245/613: KIR0 KIR0_E21_3  8 rays  TEC 35.2–51.1 TECU
  IGS-sim arc 246/613: KIR0 KIR0_E27  8 rays  TEC 32.6–34.1 TECU
  IGS-sim arc 247/613: KIR0 KIR0_E27_1  8 rays  TEC 32.6–34.1 TECU
  IGS-sim arc 248/613: KIR0 KIR0_E27_2  8 rays  TEC 32.6–34.1 TECU
  IGS-sim arc 249/613: KIR0 KIR0_E27_3  8 rays  TEC 32.6–34.1 TECU
  IGS-sim arc 250/613: KIR0 KIR0_E29  7 rays  TEC 37.1–51.6 TECU
  IGS-sim arc 251/613: KIR0 KIR0_E29_1  7 rays  TEC 37.1–51.6 TECU
  IGS-sim arc 252/613: KIR0 KIR0_E29_2  7 rays  TEC 37.1–51.6 TECU
  IGS-sim arc 253/613: KIR0 KIR0_E29_3  7 rays  TEC 37.1–51.6 TECU
  IGS-sim arc 254/613: KIR0 KIR0_E30  3 rays  TEC 45.0–47.5 TECU
  IGS-sim arc 255/613: KIR0 KIR0_E30_1  3 rays  TEC 45.0–47.5 TECU
  IGS-sim arc 256/613: KIR0 KIR0_E30_2  3 rays  TEC 45.0–47.5 TECU
  IGS-sim arc 257/613: KIR0 KIR0_E30_3  3 rays  TEC 45.0–47.5 TECU
  IGS-sim arc 258/613: KIR0 KIR0_E36  8 rays  TEC 48.8–50.9 TECU
  IGS-sim arc 259/613: KIR0 KIR0_E36_1  8 rays  TEC 48.8–50.9 TECU
  IGS-sim arc 260/613: KIR0 KIR0_E36_2  8 rays  TEC 48.8–50.9 TECU
  IGS-sim arc 261/613: KIR0 KIR0_E36_3  8 rays  TEC 48.8–50.9 TECU
  IGS-sim arc 262/613: KIR0 KIR0_G05  8 rays  TEC 39.0–60.6 TECU
  IGS-sim arc 263/613: KIR0 KIR0_G07  8 rays  TEC 33.3–46.7 TECU
  IGS-sim arc 264/613: KIR0 KIR0_G08  8 rays  TEC 43.6–45.7 TECU
  IGS-sim arc 265/613: KIR0 KIR0_G13  8 rays  TEC 29.7–35.4 TECU
  IGS-sim arc 266/613: KIR0 KIR0_G14  8 rays  TEC 33.2–50.1 TECU
  IGS-sim arc 267/613: KIR0 KIR0_G15  8 rays  TEC 36.5–53.4 TECU
  IGS-sim arc 268/613: KIR0 KIR0_G18  4 rays  TEC 51.7–55.1 TECU
  IGS-sim arc 269/613: KIR0 KIR0_G21  2 rays  TEC 50.3–54.6 TECU
  IGS-sim arc 270/613: KIR0 KIR0_G22  5 rays  TEC 40.5–53.8 TECU
  IGS-sim arc 271/613: KIR0 KIR0_G23  3 rays  TEC 48.1–53.9 TECU
  IGS-sim arc 272/613: KIR0 KIR0_G27  4 rays  TEC 46.4–49.0 TECU
  IGS-sim arc 273/613: KIR0 KIR0_G30  8 rays  TEC 28.5–32.1 TECU
  IGS-sim arc 274/613: KIR0 KIR0_R01  6 rays  TEC 36.4–55.1 TECU
  IGS-sim arc 275/613: KIR0 KIR0_R02  8 rays  TEC 28.3–31.5 TECU
  IGS-sim arc 276/613: KIR0 KIR0_R03  7 rays  TEC 34.9–51.8 TECU
  IGS-sim arc 277/613: KIR0 KIR0_R10  2 rays  TEC 45.5–48.8 TECU
  IGS-sim arc 278/613: KIR0 KIR0_R11  8 rays  TEC 28.7–35.1 TECU
  IGS-sim arc 279/613: KIR0 KIR0_R12  8 rays  TEC 29.6–45.0 TECU
  IGS-sim arc 280/613: KIR0 KIR0_R19  8 rays  TEC 43.7–54.5 TECU
  IGS-sim arc 281/613: KIR0 KIR0_R20  4 rays  TEC 42.9–47.6 TECU
  IGS-sim arc 282/613: KIR0 KIR0_R25  7 rays  TEC 42.7–54.6 TECU
  IGS-sim arc 283/613: SOD3 SOD3_C07  8 rays  TEC 37.7–45.0 TECU
  IGS-sim arc 284/613: SOD3 SOD3_C09  8 rays  TEC 37.4–44.5 TECU
  IGS-sim arc 285/613: SOD3 SOD3_C10  7 rays  TEC 39.8–46.0 TECU
  IGS-sim arc 286/613: SOD3 SOD3_C14  8 rays  TEC 32.1–33.9 TECU
  IGS-sim arc 287/613: SOD3 SOD3_C21  3 rays  TEC 44.6–51.7 TECU
  IGS-sim arc 288/613: SOD3 SOD3_C24  2 rays  TEC 52.9–56.8 TECU
  IGS-sim arc 289/613: SOD3 SOD3_C26  8 rays  TEC 28.5–36.7 TECU
  IGS-sim arc 290/613: SOD3 SOD3_C30  5 rays  TEC 46.2–47.5 TECU
  IGS-sim arc 291/613: SOD3 SOD3_C33  8 rays  TEC 35.4–46.8 TECU
  IGS-sim arc 292/613: SOD3 SOD3_C40  8 rays  TEC 35.6–43.0 TECU
  IGS-sim arc 293/613: SOD3 SOD3_C42  8 rays  TEC 30.4–37.3 TECU
  IGS-sim arc 294/613: SOD3 SOD3_C45  8 rays  TEC 29.0–36.3 TECU
  IGS-sim arc 295/613: SOD3 SOD3_C50  8 rays  TEC 34.4–52.8 TECU
  IGS-sim arc 296/613: SOD3 SOD3_E04  8 rays  TEC 37.4–56.2 TECU
  IGS-sim arc 297/613: SOD3 SOD3_E04_1  8 rays  TEC 37.4–56.2 TECU
  IGS-sim arc 298/613: SOD3 SOD3_E04_2  8 rays  TEC 37.4–56.2 TECU
  IGS-sim arc 299/613: SOD3 SOD3_E04_3  8 rays  TEC 37.4–56.2 TECU
  IGS-sim arc 300/613: SOD3 SOD3_E11  4 rays  TEC 50.7–58.2 TECU
  IGS-sim arc 301/613: SOD3 SOD3_E11_1  4 rays  TEC 50.7–58.2 TECU
  IGS-sim arc 302/613: SOD3 SOD3_E11_2  4 rays  TEC 50.7–58.2 TECU
  IGS-sim arc 303/613: SOD3 SOD3_E11_3  4 rays  TEC 50.7–58.2 TECU
  IGS-sim arc 304/613: SOD3 SOD3_E19  8 rays  TEC 28.1–29.5 TECU
  IGS-sim arc 305/613: SOD3 SOD3_E19_1  8 rays  TEC 28.1–29.5 TECU
  IGS-sim arc 306/613: SOD3 SOD3_E19_2  8 rays  TEC 28.1–29.5 TECU
  IGS-sim arc 307/613: SOD3 SOD3_E19_3  8 rays  TEC 28.1–29.5 TECU
  IGS-sim arc 308/613: SOD3 SOD3_E21  8 rays  TEC 33.6–48.1 TECU
  IGS-sim arc 309/613: SOD3 SOD3_E21_1  8 rays  TEC 33.6–48.1 TECU
  IGS-sim arc 310/613: SOD3 SOD3_E21_2  8 rays  TEC 33.6–48.1 TECU
  IGS-sim arc 311/613: SOD3 SOD3_E21_3  8 rays  TEC 33.6–48.1 TECU
  IGS-sim arc 312/613: SOD3 SOD3_E27  8 rays  TEC 31.0–32.4 TECU
  IGS-sim arc 313/613: SOD3 SOD3_E27_1  8 rays  TEC 31.0–32.4 TECU
  IGS-sim arc 314/613: SOD3 SOD3_E27_2  8 rays  TEC 31.0–32.4 TECU
  IGS-sim arc 315/613: SOD3 SOD3_E27_3  8 rays  TEC 31.0–32.4 TECU
  IGS-sim arc 316/613: SOD3 SOD3_E29  8 rays  TEC 34.7–50.4 TECU
  IGS-sim arc 317/613: SOD3 SOD3_E29_1  8 rays  TEC 34.7–50.4 TECU
  IGS-sim arc 318/613: SOD3 SOD3_E29_2  8 rays  TEC 34.7–50.4 TECU
  IGS-sim arc 319/613: SOD3 SOD3_E29_3  8 rays  TEC 34.7–50.4 TECU
  IGS-sim arc 320/613: SOD3 SOD3_E30  3 rays  TEC 42.5–47.5 TECU
  IGS-sim arc 321/613: SOD3 SOD3_E30_1  3 rays  TEC 42.5–47.5 TECU
  IGS-sim arc 322/613: SOD3 SOD3_E30_2  3 rays  TEC 42.5–47.5 TECU
  IGS-sim arc 323/613: SOD3 SOD3_E30_3  3 rays  TEC 42.5–47.5 TECU
  IGS-sim arc 324/613: SOD3 SOD3_E36  8 rays  TEC 46.7–49.5 TECU
  IGS-sim arc 325/613: SOD3 SOD3_E36_1  8 rays  TEC 46.7–49.5 TECU
  IGS-sim arc 326/613: SOD3 SOD3_E36_2  8 rays  TEC 46.7–49.5 TECU
  IGS-sim arc 327/613: SOD3 SOD3_E36_3  8 rays  TEC 46.7–49.5 TECU
  IGS-sim arc 328/613: SOD3 SOD3_G05  7 rays  TEC 38.2–55.6 TECU
  IGS-sim arc 329/613: SOD3 SOD3_G07  8 rays  TEC 31.3–43.5 TECU
  IGS-sim arc 330/613: SOD3 SOD3_G08  8 rays  TEC 40.7–43.4 TECU
  IGS-sim arc 331/613: SOD3 SOD3_G13  8 rays  TEC 28.8–35.6 TECU
  IGS-sim arc 332/613: SOD3 SOD3_G14  8 rays  TEC 31.7–48.0 TECU
  IGS-sim arc 333/613: SOD3 SOD3_G15  8 rays  TEC 36.7–55.7 TECU
  IGS-sim arc 334/613: SOD3 SOD3_G18  3 rays  TEC 51.2–54.4 TECU
  IGS-sim arc 335/613: SOD3 SOD3_G21  2 rays  TEC 49.6–53.2 TECU
  IGS-sim arc 336/613: SOD3 SOD3_G22  5 rays  TEC 38.1–51.8 TECU
  IGS-sim arc 337/613: SOD3 SOD3_G23  3 rays  TEC 48.6–53.4 TECU
  IGS-sim arc 338/613: SOD3 SOD3_G27  4 rays  TEC 44.7–48.2 TECU
  IGS-sim arc 339/613: SOD3 SOD3_G30  8 rays  TEC 27.4–30.8 TECU
  IGS-sim arc 340/613: SOD3 SOD3_R01  6 rays  TEC 34.7–52.0 TECU
  IGS-sim arc 341/613: SOD3 SOD3_R02  8 rays  TEC 27.5–30.4 TECU
  IGS-sim arc 342/613: SOD3 SOD3_R03  7 rays  TEC 35.3–52.7 TECU
  IGS-sim arc 343/613: SOD3 SOD3_R10  2 rays  TEC 43.0–47.2 TECU
  IGS-sim arc 344/613: SOD3 SOD3_R11  8 rays  TEC 26.7–32.6 TECU
  IGS-sim arc 345/613: SOD3 SOD3_R12  8 rays  TEC 28.5–43.6 TECU
  IGS-sim arc 346/613: SOD3 SOD3_R19  7 rays  TEC 42.9–50.3 TECU
  IGS-sim arc 347/613: SOD3 SOD3_R20  5 rays  TEC 42.0–47.4 TECU
  IGS-sim arc 348/613: SOD3 SOD3_R25  6 rays  TEC 42.2–51.0 TECU
  IGS-sim arc 349/613: ALRT ALRT_C09  4 rays  TEC 43.3–47.6 TECU
  IGS-sim arc 350/613: ALRT ALRT_C14  8 rays  TEC 32.7–37.8 TECU
  IGS-sim arc 351/613: ALRT ALRT_C26  8 rays  TEC 39.7–56.0 TECU
  IGS-sim arc 352/613: ALRT ALRT_C27  8 rays  TEC 35.9–44.0 TECU
  IGS-sim arc 353/613: ALRT ALRT_C28  3 rays  TEC 50.3–56.8 TECU
  IGS-sim arc 354/613: ALRT ALRT_C30  8 rays  TEC 36.0–44.9 TECU
  IGS-sim arc 355/613: ALRT ALRT_C33  8 rays  TEC 31.1–34.3 TECU
  IGS-sim arc 356/613: ALRT ALRT_C40  5 rays  TEC 43.4–47.7 TECU
  IGS-sim arc 357/613: ALRT ALRT_C41  5 rays  TEC 41.8–53.5 TECU
  IGS-sim arc 358/613: ALRT ALRT_C42  7 rays  TEC 37.6–53.0 TECU
  IGS-sim arc 359/613: ALRT ALRT_C45  8 rays  TEC 37.8–43.4 TECU
  IGS-sim arc 360/613: ALRT ALRT_C47  2 rays  TEC 45.2–46.3 TECU
  IGS-sim arc 361/613: ALRT ALRT_E04  8 rays  TEC 34.3–43.6 TECU
  IGS-sim arc 362/613: ALRT ALRT_E04_1  8 rays  TEC 34.3–43.6 TECU
  IGS-sim arc 363/613: ALRT ALRT_E04_2  8 rays  TEC 34.3–43.6 TECU
  IGS-sim arc 364/613: ALRT ALRT_E04_3  8 rays  TEC 34.3–43.6 TECU
  IGS-sim arc 365/613: ALRT ALRT_E06  6 rays  TEC 41.6–57.1 TECU
  IGS-sim arc 366/613: ALRT ALRT_E06_1  6 rays  TEC 41.6–57.1 TECU
  IGS-sim arc 367/613: ALRT ALRT_E06_2  6 rays  TEC 41.6–57.1 TECU
  IGS-sim arc 368/613: ALRT ALRT_E06_3  6 rays  TEC 41.6–57.1 TECU
  IGS-sim arc 369/613: ALRT ALRT_E10  2 rays  TEC 52.9–58.0 TECU
  IGS-sim arc 370/613: ALRT ALRT_E10_1  2 rays  TEC 52.9–58.0 TECU
  IGS-sim arc 371/613: ALRT ALRT_E10_2  2 rays  TEC 52.9–58.0 TECU
  IGS-sim arc 372/613: ALRT ALRT_E10_3  2 rays  TEC 52.9–58.0 TECU
  IGS-sim arc 373/613: ALRT ALRT_E11  8 rays  TEC 35.9–54.2 TECU
  IGS-sim arc 374/613: ALRT ALRT_E11_1  8 rays  TEC 35.9–54.2 TECU
  IGS-sim arc 375/613: ALRT ALRT_E11_2  8 rays  TEC 35.9–54.2 TECU
  IGS-sim arc 376/613: ALRT ALRT_E11_3  8 rays  TEC 35.9–54.2 TECU
  IGS-sim arc 377/613: ALRT ALRT_E19  8 rays  TEC 33.6–41.3 TECU
  IGS-sim arc 378/613: ALRT ALRT_E19_1  8 rays  TEC 33.6–41.3 TECU
  IGS-sim arc 379/613: ALRT ALRT_E19_2  8 rays  TEC 33.6–41.3 TECU
  IGS-sim arc 380/613: ALRT ALRT_E19_3  8 rays  TEC 33.6–41.3 TECU
  IGS-sim arc 381/613: ALRT ALRT_E27  8 rays  TEC 37.7–42.4 TECU
  IGS-sim arc 382/613: ALRT ALRT_E27_1  8 rays  TEC 37.7–42.4 TECU
  IGS-sim arc 383/613: ALRT ALRT_E27_2  8 rays  TEC 37.7–42.4 TECU
  IGS-sim arc 384/613: ALRT ALRT_E27_3  8 rays  TEC 37.7–42.4 TECU
  IGS-sim arc 385/613: ALRT ALRT_E30  7 rays  TEC 38.7–46.1 TECU
  IGS-sim arc 386/613: ALRT ALRT_E30_1  7 rays  TEC 38.7–46.1 TECU
  IGS-sim arc 387/613: ALRT ALRT_E30_2  7 rays  TEC 38.7–46.1 TECU
  IGS-sim arc 388/613: ALRT ALRT_E30_3  7 rays  TEC 38.7–46.1 TECU
  IGS-sim arc 389/613: ALRT ALRT_E34  4 rays  TEC 41.3–47.8 TECU
  IGS-sim arc 390/613: ALRT ALRT_E34_1  4 rays  TEC 41.3–47.8 TECU
  IGS-sim arc 391/613: ALRT ALRT_E34_2  4 rays  TEC 41.3–47.8 TECU
  IGS-sim arc 392/613: ALRT ALRT_E34_3  4 rays  TEC 41.3–47.8 TECU
  IGS-sim arc 393/613: ALRT ALRT_E36  8 rays  TEC 32.8–34.3 TECU
  IGS-sim arc 394/613: ALRT ALRT_E36_1  8 rays  TEC 32.8–34.3 TECU
  IGS-sim arc 395/613: ALRT ALRT_E36_2  8 rays  TEC 32.8–34.3 TECU
  IGS-sim arc 396/613: ALRT ALRT_E36_3  8 rays  TEC 32.8–34.3 TECU
  IGS-sim arc 397/613: ALRT ALRT_G05  4 rays  TEC 46.2–57.1 TECU
  IGS-sim arc 398/613: ALRT ALRT_G07  5 rays  TEC 41.0–47.5 TECU
  IGS-sim arc 399/613: ALRT ALRT_G08  8 rays  TEC 38.4–46.3 TECU
  IGS-sim arc 400/613: ALRT ALRT_G13  8 rays  TEC 32.9–35.7 TECU
  IGS-sim arc 401/613: ALRT ALRT_G14  2 rays  TEC 50.7–53.4 TECU
  IGS-sim arc 402/613: ALRT ALRT_G15  8 rays  TEC 34.2–40.5 TECU
  IGS-sim arc 403/613: ALRT ALRT_G18  8 rays  TEC 34.4–47.4 TECU
  IGS-sim arc 404/613: ALRT ALRT_G23  8 rays  TEC 33.0–43.6 TECU
  IGS-sim arc 405/613: ALRT ALRT_G27  8 rays  TEC 37.0–39.7 TECU
  IGS-sim arc 406/613: ALRT ALRT_G30  8 rays  TEC 36.7–42.0 TECU
  IGS-sim arc 407/613: ALRT ALRT_R02  8 rays  TEC 30.8–45.0 TECU
  IGS-sim arc 408/613: ALRT ALRT_R03  8 rays  TEC 29.5–38.5 TECU
  IGS-sim arc 409/613: ALRT ALRT_R04  2 rays  TEC 47.5–51.4 TECU
  IGS-sim arc 410/613: ALRT ALRT_R10  4 rays  TEC 39.9–46.2 TECU
  IGS-sim arc 411/613: ALRT ALRT_R11  8 rays  TEC 32.3–35.8 TECU
  IGS-sim arc 412/613: ALRT ALRT_R12  5 rays  TEC 39.3–52.6 TECU
  IGS-sim arc 413/613: ALRT ALRT_R18  5 rays  TEC 39.9–59.3 TECU
  IGS-sim arc 414/613: ALRT ALRT_R19  8 rays  TEC 31.1–34.9 TECU
  IGS-sim arc 415/613: ALRT ALRT_R20  6 rays  TEC 34.4–45.3 TECU
  IGS-sim arc 416/613: ALRT ALRT_R25  8 rays  TEC 30.1–38.1 TECU
  IGS-sim arc 417/613: SCOR SCOR_C14  8 rays  TEC 34.0–36.0 TECU
  IGS-sim arc 418/613: SCOR SCOR_C24  3 rays  TEC 56.0–67.1 TECU
  IGS-sim arc 419/613: SCOR SCOR_C26  8 rays  TEC 38.8–48.0 TECU
  IGS-sim arc 420/613: SCOR SCOR_C27  8 rays  TEC 54.6–66.1 TECU
  IGS-sim arc 421/613: SCOR SCOR_C30  3 rays  TEC 57.3–60.0 TECU
  IGS-sim arc 422/613: SCOR SCOR_C33  8 rays  TEC 34.2–41.0 TECU
  IGS-sim arc 423/613: SCOR SCOR_C41  3 rays  TEC 59.8–67.9 TECU
  IGS-sim arc 424/613: SCOR SCOR_C42  8 rays  TEC 35.7–48.3 TECU
  IGS-sim arc 425/613: SCOR SCOR_C45  8 rays  TEC 44.8–58.6 TECU
  IGS-sim arc 426/613: SCOR SCOR_C50  5 rays  TEC 46.5–62.3 TECU
  IGS-sim arc 427/613: SCOR SCOR_E04  8 rays  TEC 35.7–45.7 TECU
  IGS-sim arc 428/613: SCOR SCOR_E04_1  8 rays  TEC 35.7–45.7 TECU
  IGS-sim arc 429/613: SCOR SCOR_E04_2  8 rays  TEC 35.7–45.7 TECU
  IGS-sim arc 430/613: SCOR SCOR_E04_3  8 rays  TEC 35.7–45.7 TECU
  IGS-sim arc 431/613: SCOR SCOR_E06  7 rays  TEC 46.3–67.1 TECU
  IGS-sim arc 432/613: SCOR SCOR_E06_1  7 rays  TEC 46.3–67.1 TECU
  IGS-sim arc 433/613: SCOR SCOR_E06_2  7 rays  TEC 46.3–67.1 TECU
  IGS-sim arc 434/613: SCOR SCOR_E06_3  7 rays  TEC 46.3–67.1 TECU
  IGS-sim arc 435/613: SCOR SCOR_E10  5 rays  TEC 50.8–68.8 TECU
  IGS-sim arc 436/613: SCOR SCOR_E10_1  5 rays  TEC 50.8–68.8 TECU
  IGS-sim arc 437/613: SCOR SCOR_E10_2  5 rays  TEC 50.8–68.8 TECU
  IGS-sim arc 438/613: SCOR SCOR_E10_3  5 rays  TEC 50.8–68.8 TECU
  IGS-sim arc 439/613: SCOR SCOR_E11  8 rays  TEC 42.5–55.4 TECU
  IGS-sim arc 440/613: SCOR SCOR_E11_1  8 rays  TEC 42.5–55.4 TECU
  IGS-sim arc 441/613: SCOR SCOR_E11_2  8 rays  TEC 42.5–55.4 TECU
  IGS-sim arc 442/613: SCOR SCOR_E11_3  8 rays  TEC 42.5–55.4 TECU
  IGS-sim arc 443/613: SCOR SCOR_E19  8 rays  TEC 33.5–40.7 TECU
  IGS-sim arc 444/613: SCOR SCOR_E19_1  8 rays  TEC 33.5–40.7 TECU
  IGS-sim arc 445/613: SCOR SCOR_E19_2  8 rays  TEC 33.5–40.7 TECU
  IGS-sim arc 446/613: SCOR SCOR_E19_3  8 rays  TEC 33.5–40.7 TECU
  IGS-sim arc 447/613: SCOR SCOR_E21  5 rays  TEC 51.8–62.1 TECU
  IGS-sim arc 448/613: SCOR SCOR_E21_1  5 rays  TEC 51.8–62.1 TECU
  IGS-sim arc 449/613: SCOR SCOR_E21_2  5 rays  TEC 51.8–62.1 TECU
  IGS-sim arc 450/613: SCOR SCOR_E21_3  5 rays  TEC 51.8–62.1 TECU
  IGS-sim arc 451/613: SCOR SCOR_E27  8 rays  TEC 46.9–50.2 TECU
  IGS-sim arc 452/613: SCOR SCOR_E27_1  8 rays  TEC 46.9–50.2 TECU
  IGS-sim arc 453/613: SCOR SCOR_E27_2  8 rays  TEC 46.9–50.2 TECU
  IGS-sim arc 454/613: SCOR SCOR_E27_3  8 rays  TEC 46.9–50.2 TECU
  IGS-sim arc 455/613: SCOR SCOR_E29  2 rays  TEC 57.2–59.0 TECU
  IGS-sim arc 456/613: SCOR SCOR_E29_1  2 rays  TEC 57.2–59.0 TECU
  IGS-sim arc 457/613: SCOR SCOR_E29_2  2 rays  TEC 57.2–59.0 TECU
  IGS-sim arc 458/613: SCOR SCOR_E29_3  2 rays  TEC 57.2–59.0 TECU
  IGS-sim arc 459/613: SCOR SCOR_E36  8 rays  TEC 47.7–54.3 TECU
  IGS-sim arc 460/613: SCOR SCOR_E36_1  8 rays  TEC 47.7–54.3 TECU
  IGS-sim arc 461/613: SCOR SCOR_E36_2  8 rays  TEC 47.7–54.3 TECU
  IGS-sim arc 462/613: SCOR SCOR_E36_3  8 rays  TEC 47.7–54.3 TECU
  IGS-sim arc 463/613: SCOR SCOR_G05  8 rays  TEC 40.2–65.8 TECU
  IGS-sim arc 464/613: SCOR SCOR_G07  4 rays  TEC 48.2–57.3 TECU
  IGS-sim arc 465/613: SCOR SCOR_G08  4 rays  TEC 60.2–61.8 TECU
  IGS-sim arc 466/613: SCOR SCOR_G13  8 rays  TEC 32.6–34.3 TECU
  IGS-sim arc 467/613: SCOR SCOR_G14  6 rays  TEC 47.9–62.9 TECU
  IGS-sim arc 468/613: SCOR SCOR_G15  8 rays  TEC 34.0–45.4 TECU
  IGS-sim arc 469/613: SCOR SCOR_G18  8 rays  TEC 48.7–56.2 TECU
  IGS-sim arc 470/613: SCOR SCOR_G22  2 rays  TEC 55.7–60.9 TECU
  IGS-sim arc 471/613: SCOR SCOR_G23  7 rays  TEC 47.1–63.7 TECU
  IGS-sim arc 472/613: SCOR SCOR_G27  5 rays  TEC 59.6–61.6 TECU
  IGS-sim arc 473/613: SCOR SCOR_G30  8 rays  TEC 38.0–47.8 TECU
  IGS-sim arc 474/613: SCOR SCOR_R01  2 rays  TEC 54.2–57.4 TECU
  IGS-sim arc 475/613: SCOR SCOR_R02  8 rays  TEC 32.2–40.7 TECU
  IGS-sim arc 476/613: SCOR SCOR_R03  8 rays  TEC 35.0–51.2 TECU
  IGS-sim arc 477/613: SCOR SCOR_R11  8 rays  TEC 38.2–51.1 TECU
  IGS-sim arc 478/613: SCOR SCOR_R12  8 rays  TEC 37.3–57.4 TECU
  IGS-sim arc 479/613: SCOR SCOR_R18  5 rays  TEC 50.1–65.6 TECU
  IGS-sim arc 480/613: SCOR SCOR_R19  8 rays  TEC 46.9–50.7 TECU
  IGS-sim arc 481/613: SCOR SCOR_R20  3 rays  TEC 55.3–60.5 TECU
  IGS-sim arc 482/613: SCOR SCOR_R25  8 rays  TEC 45.4–53.0 TECU
  IGS-sim arc 483/613: HOFN HOFN_C14  8 rays  TEC 34.4–36.3 TECU
  IGS-sim arc 484/613: HOFN HOFN_C24  5 rays  TEC 52.4–68.6 TECU
  IGS-sim arc 485/613: HOFN HOFN_C26  8 rays  TEC 38.9–45.3 TECU
  IGS-sim arc 486/613: HOFN HOFN_C27  4 rays  TEC 62.5–65.0 TECU
  IGS-sim arc 487/613: HOFN HOFN_C33  8 rays  TEC 36.0–43.2 TECU
  IGS-sim arc 488/613: HOFN HOFN_C42  8 rays  TEC 36.1–45.6 TECU
  IGS-sim arc 489/613: HOFN HOFN_C45  7 rays  TEC 47.9–59.5 TECU
  IGS-sim arc 490/613: HOFN HOFN_C50  7 rays  TEC 45.2–65.0 TECU
  IGS-sim arc 491/613: HOFN HOFN_E04  8 rays  TEC 37.5–46.5 TECU
  IGS-sim arc 492/613: HOFN HOFN_E04_1  8 rays  TEC 37.5–46.5 TECU
  IGS-sim arc 493/613: HOFN HOFN_E04_2  8 rays  TEC 37.5–46.5 TECU
  IGS-sim arc 494/613: HOFN HOFN_E04_3  8 rays  TEC 37.5–46.5 TECU
  IGS-sim arc 495/613: HOFN HOFN_E06  6 rays  TEC 50.1–67.1 TECU
  IGS-sim arc 496/613: HOFN HOFN_E06_1  6 rays  TEC 50.1–67.1 TECU
  IGS-sim arc 497/613: HOFN HOFN_E06_2  6 rays  TEC 50.1–67.1 TECU
  IGS-sim arc 498/613: HOFN HOFN_E06_3  6 rays  TEC 50.1–67.1 TECU
  IGS-sim arc 499/613: HOFN HOFN_E10  6 rays  TEC 51.3–69.5 TECU
  IGS-sim arc 500/613: HOFN HOFN_E10_1  6 rays  TEC 51.3–69.5 TECU
  IGS-sim arc 501/613: HOFN HOFN_E10_2  6 rays  TEC 51.3–69.5 TECU
  IGS-sim arc 502/613: HOFN HOFN_E10_3  6 rays  TEC 51.3–69.5 TECU
  IGS-sim arc 503/613: HOFN HOFN_E11  8 rays  TEC 45.3–58.4 TECU
  IGS-sim arc 504/613: HOFN HOFN_E11_1  8 rays  TEC 45.3–58.4 TECU
  IGS-sim arc 505/613: HOFN HOFN_E11_2  8 rays  TEC 45.3–58.4 TECU
  IGS-sim arc 506/613: HOFN HOFN_E11_3  8 rays  TEC 45.3–58.4 TECU
  IGS-sim arc 507/613: HOFN HOFN_E19  8 rays  TEC 35.1–40.4 TECU
  IGS-sim arc 508/613: HOFN HOFN_E19_1  8 rays  TEC 35.1–40.4 TECU
  IGS-sim arc 509/613: HOFN HOFN_E19_2  8 rays  TEC 35.1–40.4 TECU
  IGS-sim arc 510/613: HOFN HOFN_E19_3  8 rays  TEC 35.1–40.4 TECU
  IGS-sim arc 511/613: HOFN HOFN_E21  7 rays  TEC 49.3–66.8 TECU
  IGS-sim arc 512/613: HOFN HOFN_E21_1  7 rays  TEC 49.3–66.8 TECU
  IGS-sim arc 513/613: HOFN HOFN_E21_2  7 rays  TEC 49.3–66.8 TECU
  IGS-sim arc 514/613: HOFN HOFN_E21_3  7 rays  TEC 49.3–66.8 TECU
  IGS-sim arc 515/613: HOFN HOFN_E27  8 rays  TEC 51.4–53.6 TECU
  IGS-sim arc 516/613: HOFN HOFN_E27_1  8 rays  TEC 51.4–53.6 TECU
  IGS-sim arc 517/613: HOFN HOFN_E27_2  8 rays  TEC 51.4–53.6 TECU
  IGS-sim arc 518/613: HOFN HOFN_E27_3  8 rays  TEC 51.4–53.6 TECU
  IGS-sim arc 519/613: HOFN HOFN_E29  3 rays  TEC 57.7–64.2 TECU
  IGS-sim arc 520/613: HOFN HOFN_E29_1  3 rays  TEC 57.7–64.2 TECU
  IGS-sim arc 521/613: HOFN HOFN_E29_2  3 rays  TEC 57.7–64.2 TECU
  IGS-sim arc 522/613: HOFN HOFN_E29_3  3 rays  TEC 57.7–64.2 TECU
  IGS-sim arc 523/613: HOFN HOFN_E36  8 rays  TEC 51.0–60.6 TECU
  IGS-sim arc 524/613: HOFN HOFN_E36_1  8 rays  TEC 51.0–60.6 TECU
  IGS-sim arc 525/613: HOFN HOFN_E36_2  8 rays  TEC 51.0–60.6 TECU
  IGS-sim arc 526/613: HOFN HOFN_E36_3  8 rays  TEC 51.0–60.6 TECU
  IGS-sim arc 527/613: HOFN HOFN_G05  8 rays  TEC 38.7–57.9 TECU
  IGS-sim arc 528/613: HOFN HOFN_G07  4 rays  TEC 53.0–63.3 TECU
  IGS-sim arc 529/613: HOFN HOFN_G13  8 rays  TEC 33.8–35.6 TECU
  IGS-sim arc 530/613: HOFN HOFN_G14  8 rays  TEC 47.8–68.5 TECU
  IGS-sim arc 531/613: HOFN HOFN_G15  8 rays  TEC 35.6–47.5 TECU
  IGS-sim arc 532/613: HOFN HOFN_G18  8 rays  TEC 49.3–60.3 TECU
  IGS-sim arc 533/613: HOFN HOFN_G21  3 rays  TEC 55.4–65.1 TECU
  IGS-sim arc 534/613: HOFN HOFN_G22  4 rays  TEC 52.9–64.7 TECU
  IGS-sim arc 535/613: HOFN HOFN_G23  5 rays  TEC 48.1–63.9 TECU
  IGS-sim arc 536/613: HOFN HOFN_G30  8 rays  TEC 38.7–51.1 TECU
  IGS-sim arc 537/613: HOFN HOFN_R01  4 rays  TEC 52.4–66.1 TECU
  IGS-sim arc 538/613: HOFN HOFN_R02  8 rays  TEC 33.4–39.6 TECU
  IGS-sim arc 539/613: HOFN HOFN_R03  8 rays  TEC 35.8–52.7 TECU
  IGS-sim arc 540/613: HOFN HOFN_R11  8 rays  TEC 40.5–53.9 TECU
  IGS-sim arc 541/613: HOFN HOFN_R12  8 rays  TEC 37.4–51.9 TECU
  IGS-sim arc 542/613: HOFN HOFN_R13  3 rays  TEC 58.3–70.1 TECU
  IGS-sim arc 543/613: HOFN HOFN_R18  5 rays  TEC 51.7–70.7 TECU
  IGS-sim arc 544/613: HOFN HOFN_R19  8 rays  TEC 50.9–54.4 TECU
  IGS-sim arc 545/613: HOFN HOFN_R25  8 rays  TEC 47.4–55.2 TECU
  IGS-sim arc 546/613: REYK REYK_C14  8 rays  TEC 34.5–36.7 TECU
  IGS-sim arc 547/613: REYK REYK_C24  5 rays  TEC 53.3–69.8 TECU
  IGS-sim arc 548/613: REYK REYK_C26  8 rays  TEC 40.0–48.0 TECU
  IGS-sim arc 549/613: REYK REYK_C27  6 rays  TEC 62.4–66.9 TECU
  IGS-sim arc 550/613: REYK REYK_C33  8 rays  TEC 34.8–41.4 TECU
  IGS-sim arc 551/613: REYK REYK_C41  2 rays  TEC 62.1–66.8 TECU
  IGS-sim arc 552/613: REYK REYK_C42  8 rays  TEC 36.4–48.3 TECU
  IGS-sim arc 553/613: REYK REYK_C45  6 rays  TEC 50.8–60.0 TECU
  IGS-sim arc 554/613: REYK REYK_C50  6 rays  TEC 48.1–65.7 TECU
  IGS-sim arc 555/613: REYK REYK_E04  8 rays  TEC 36.0–44.4 TECU
  IGS-sim arc 556/613: REYK REYK_E04_1  8 rays  TEC 36.0–44.4 TECU
  IGS-sim arc 557/613: REYK REYK_E04_2  8 rays  TEC 36.0–44.4 TECU
  IGS-sim arc 558/613: REYK REYK_E04_3  8 rays  TEC 36.0–44.4 TECU
  IGS-sim arc 559/613: REYK REYK_E06  7 rays  TEC 47.9–68.0 TECU
  IGS-sim arc 560/613: REYK REYK_E06_1  7 rays  TEC 47.9–68.0 TECU
  IGS-sim arc 561/613: REYK REYK_E06_2  7 rays  TEC 47.9–68.0 TECU
  IGS-sim arc 562/613: REYK REYK_E06_3  7 rays  TEC 47.9–68.0 TECU
  IGS-sim arc 563/613: REYK REYK_E10  7 rays  TEC 49.5–72.4 TECU
  IGS-sim arc 564/613: REYK REYK_E10_1  7 rays  TEC 49.5–72.4 TECU
  IGS-sim arc 565/613: REYK REYK_E10_2  7 rays  TEC 49.5–72.4 TECU
  IGS-sim arc 566/613: REYK REYK_E10_3  7 rays  TEC 49.5–72.4 TECU
  IGS-sim arc 567/613: REYK REYK_E11  8 rays  TEC 43.2–55.9 TECU
  IGS-sim arc 568/613: REYK REYK_E11_1  8 rays  TEC 43.2–55.9 TECU
  IGS-sim arc 569/613: REYK REYK_E11_2  8 rays  TEC 43.2–55.9 TECU
  IGS-sim arc 570/613: REYK REYK_E11_3  8 rays  TEC 43.2–55.9 TECU
  IGS-sim arc 571/613: REYK REYK_E12  2 rays  TEC 66.6–70.2 TECU
  IGS-sim arc 572/613: REYK REYK_E12_1  2 rays  TEC 66.6–70.2 TECU
  IGS-sim arc 573/613: REYK REYK_E12_2  2 rays  TEC 66.6–70.2 TECU
  IGS-sim arc 574/613: REYK REYK_E12_3  2 rays  TEC 66.6–70.2 TECU
  IGS-sim arc 575/613: REYK REYK_E19  8 rays  TEC 35.6–41.8 TECU
  IGS-sim arc 576/613: REYK REYK_E19_1  8 rays  TEC 35.6–41.8 TECU
  IGS-sim arc 577/613: REYK REYK_E19_2  8 rays  TEC 35.6–41.8 TECU
  IGS-sim arc 578/613: REYK REYK_E19_3  8 rays  TEC 35.6–41.8 TECU
  IGS-sim arc 579/613: REYK REYK_E21  6 rays  TEC 54.1–68.4 TECU
  IGS-sim arc 580/613: REYK REYK_E21_1  6 rays  TEC 54.1–68.4 TECU
  IGS-sim arc 581/613: REYK REYK_E21_2  6 rays  TEC 54.1–68.4 TECU
  IGS-sim arc 582/613: REYK REYK_E21_3  6 rays  TEC 54.1–68.4 TECU
  IGS-sim arc 583/613: REYK REYK_E27  8 rays  TEC 53.4–55.1 TECU
  IGS-sim arc 584/613: REYK REYK_E27_1  8 rays  TEC 53.4–55.1 TECU
  IGS-sim arc 585/613: REYK REYK_E27_2  8 rays  TEC 53.4–55.1 TECU
  IGS-sim arc 586/613: REYK REYK_E27_3  8 rays  TEC 53.4–55.1 TECU
  IGS-sim arc 587/613: REYK REYK_E29  2 rays  TEC 63.2–67.2 TECU
  IGS-sim arc 588/613: REYK REYK_E29_1  2 rays  TEC 63.2–67.2 TECU
  IGS-sim arc 589/613: REYK REYK_E29_2  2 rays  TEC 63.2–67.2 TECU
  IGS-sim arc 590/613: REYK REYK_E29_3  2 rays  TEC 63.2–67.2 TECU
  IGS-sim arc 591/613: REYK REYK_E36  8 rays  TEC 51.8–59.3 TECU
  IGS-sim arc 592/613: REYK REYK_E36_1  8 rays  TEC 51.8–59.3 TECU
  IGS-sim arc 593/613: REYK REYK_E36_2  8 rays  TEC 51.8–59.3 TECU
  IGS-sim arc 594/613: REYK REYK_E36_3  8 rays  TEC 51.8–59.3 TECU
  IGS-sim arc 595/613: REYK REYK_G05  8 rays  TEC 39.0–60.0 TECU
  IGS-sim arc 596/613: REYK REYK_G07  3 rays  TEC 55.2–61.7 TECU
  IGS-sim arc 597/613: REYK REYK_G13  8 rays  TEC 34.1–35.9 TECU
  IGS-sim arc 598/613: REYK REYK_G14  7 rays  TEC 51.0–68.8 TECU
  IGS-sim arc 599/613: REYK REYK_G15  8 rays  TEC 35.5–45.5 TECU
  IGS-sim arc 600/613: REYK REYK_G18  8 rays  TEC 49.4–56.6 TECU
  IGS-sim arc 601/613: REYK REYK_G21  3 rays  TEC 58.3–68.7 TECU
  IGS-sim arc 602/613: REYK REYK_G22  3 rays  TEC 57.6–65.5 TECU
  IGS-sim arc 603/613: REYK REYK_G23  6 rays  TEC 47.9–65.1 TECU
  IGS-sim arc 604/613: REYK REYK_G30  8 rays  TEC 40.8–54.9 TECU
  IGS-sim arc 605/613: REYK REYK_R01  3 rays  TEC 57.3–67.3 TECU
  IGS-sim arc 606/613: REYK REYK_R02  8 rays  TEC 33.7–41.9 TECU
  IGS-sim arc 607/613: REYK REYK_R03  8 rays  TEC 35.5–50.2 TECU
  IGS-sim arc 608/613: REYK REYK_R11  8 rays  TEC 42.3–56.6 TECU
  IGS-sim arc 609/613: REYK REYK_R12  8 rays  TEC 38.3–54.8 TECU
  IGS-sim arc 610/613: REYK REYK_R13  2 rays  TEC 59.4–65.5 TECU
  IGS-sim arc 611/613: REYK REYK_R18  5 rays  TEC 49.4–65.6 TECU
  IGS-sim arc 612/613: REYK REYK_R19  8 rays  TEC 51.2–55.4 TECU
  IGS-sim arc 613/613: REYK REYK_R25  8 rays  TEC 47.4–53.9 TECU

  [sweep 2025-09-22_1400] igs_only EKF (613 IGS arcs) …
  [EKF] 613 arcs  |  3955 profile rays  |  3955 update rays  |  n_state = 1392
  [EKF] Prior innovations  mean=2.44  std=3.10  max_abs=11.58 TECU
  [EKF] iterating [analytical]:   0%|          | 0/20 [00:00<?, ?it/s]  [EKF] iterating [analytical]:   0%|          | 0/20 [00:18<?, ?it/s, RMSE=3.943TECU, rel_dP=5.22e-03]  [EKF] iterating [analytical]:   5%|▌         | 1/20 [00:18<05:54, 18.64s/it, RMSE=3.943TECU, rel_dP=5.22e-03]  [EKF] iterating [analytical]:   5%|▌         | 1/20 [00:37<05:54, 18.64s/it, RMSE=1.159TECU, rel_dP=2.46e-03]  [EKF] iterating [analytical]:  10%|█         | 2/20 [00:37<05:36, 18.67s/it, RMSE=1.159TECU, rel_dP=2.46e-03]  [EKF] iterating [analytical]:  10%|█         | 2/20 [00:55<05:36, 18.67s/it, RMSE=0.948TECU, rel_dP=2.04e-03]  [EKF] iterating [analytical]:  15%|█▌        | 3/20 [00:55<05:17, 18.67s/it, RMSE=0.948TECU, rel_dP=2.04e-03]  [EKF] iterating [analytical]:  15%|█▌        | 3/20 [01:15<05:17, 18.67s/it, RMSE=0.925TECU, rel_dP=1.83e-03]  [EKF] iterating [analytical]:  20%|██        | 4/20 [01:15<05:00, 18.80s/it, RMSE=0.925TECU, rel_dP=1.83e-03]  [EKF] iterating [analytical]:  20%|██        | 4/20 [01:33<05:00, 18.80s/it, RMSE=0.914TECU, rel_dP=1.67e-03]  [EKF] iterating [analytical]:  25%|██▌       | 5/20 [01:33<04:41, 18.77s/it, RMSE=0.914TECU, rel_dP=1.67e-03]  [EKF] iterating [analytical]:  25%|██▌       | 5/20 [01:53<04:41, 18.77s/it, RMSE=0.906TECU, rel_dP=1.55e-03]  [EKF] iterating [analytical]:  30%|███       | 6/20 [01:53<04:26, 19.00s/it, RMSE=0.906TECU, rel_dP=1.55e-03]  [EKF] iterating [analytical]:  30%|███       | 6/20 [02:12<04:26, 19.00s/it, RMSE=0.900TECU, rel_dP=1.45e-03]  [EKF] iterating [analytical]:  35%|███▌      | 7/20 [02:12<04:09, 19.18s/it, RMSE=0.900TECU, rel_dP=1.45e-03]  [EKF] iterating [analytical]:  35%|███▌      | 7/20 [02:31<04:09, 19.18s/it, RMSE=0.894TECU, rel_dP=1.36e-03]  [EKF] iterating [analytical]:  40%|████      | 8/20 [02:31<03:48, 19.08s/it, RMSE=0.894TECU, rel_dP=1.36e-03]  [EKF] iterating [analytical]:  40%|████      | 8/20 [02:52<03:48, 19.08s/it, RMSE=0.889TECU, rel_dP=1.29e-03]  [EKF] iterating [analytical]:  45%|████▌     | 9/20 [02:52<03:35, 19.55s/it, RMSE=0.889TECU, rel_dP=1.29e-03]  [EKF] iterating [analytical]:  45%|████▌     | 9/20 [03:11<03:35, 19.55s/it, RMSE=0.885TECU, rel_dP=1.22e-03]  [EKF] iterating [analytical]:  50%|█████     | 10/20 [03:11<03:13, 19.35s/it, RMSE=0.885TECU, rel_dP=1.22e-03]  [EKF] iterating [analytical]:  50%|█████     | 10/20 [03:29<03:13, 19.35s/it, RMSE=0.882TECU, rel_dP=1.16e-03]  [EKF] iterating [analytical]:  55%|█████▌    | 11/20 [03:29<02:52, 19.12s/it, RMSE=0.882TECU, rel_dP=1.16e-03]  [EKF] iterating [analytical]:  55%|█████▌    | 11/20 [03:48<02:52, 19.12s/it, RMSE=0.879TECU, rel_dP=1.11e-03]  [EKF] iterating [analytical]:  60%|██████    | 12/20 [03:48<02:32, 19.09s/it, RMSE=0.879TECU, rel_dP=1.11e-03]  [EKF] iterating [analytical]:  60%|██████    | 12/20 [04:07<02:32, 19.09s/it, RMSE=0.876TECU, rel_dP=1.07e-03]  [EKF] iterating [analytical]:  65%|██████▌   | 13/20 [04:07<02:12, 18.94s/it, RMSE=0.876TECU, rel_dP=1.07e-03]  [EKF] iterating [analytical]:  65%|██████▌   | 13/20 [04:26<02:12, 18.94s/it, RMSE=0.873TECU, rel_dP=1.04e-03]  [EKF] iterating [analytical]:  70%|███████   | 14/20 [04:26<01:53, 18.94s/it, RMSE=0.873TECU, rel_dP=1.04e-03]  [EKF] iterating [analytical]:  70%|███████   | 14/20 [04:45<01:53, 18.94s/it, RMSE=0.871TECU, rel_dP=1.00e-03]  [EKF] iterating [analytical]:  75%|███████▌  | 15/20 [04:45<01:34, 18.91s/it, RMSE=0.871TECU, rel_dP=1.00e-03]  [EKF] iterating [analytical]:  75%|███████▌  | 15/20 [05:03<01:34, 18.91s/it, RMSE=0.869TECU, rel_dP=9.71e-04]  [EKF] iterating [analytical]:  80%|████████  | 16/20 [05:03<01:15, 18.84s/it, RMSE=0.869TECU, rel_dP=9.71e-04]  [EKF] iterating [analytical]:  80%|████████  | 16/20 [05:22<01:15, 18.84s/it, RMSE=0.867TECU, rel_dP=9.42e-04]  [EKF] iterating [analytical]:  85%|████████▌ | 17/20 [05:22<00:56, 18.76s/it, RMSE=0.867TECU, rel_dP=9.42e-04]  [EKF] iterating [analytical]:  85%|████████▌ | 17/20 [05:41<00:56, 18.76s/it, RMSE=0.865TECU, rel_dP=9.13e-04]  [EKF] iterating [analytical]:  90%|█████████ | 18/20 [05:41<00:37, 18.83s/it, RMSE=0.865TECU, rel_dP=9.13e-04]  [EKF] iterating [analytical]:  90%|█████████ | 18/20 [05:59<00:37, 18.83s/it, RMSE=0.863TECU, rel_dP=8.88e-04]  [EKF] iterating [analytical]:  95%|█████████▌| 19/20 [05:59<00:18, 18.76s/it, RMSE=0.863TECU, rel_dP=8.88e-04]  [EKF] iterating [analytical]:  95%|█████████▌| 19/20 [06:18<00:18, 18.76s/it, RMSE=0.862TECU, rel_dP=8.64e-04]  [EKF] iterating [analytical]: 100%|██████████| 20/20 [06:18<00:00, 18.79s/it, RMSE=0.862TECU, rel_dP=8.64e-04]                                                                                                                  [EKF] Reached max_iter=20 without convergence  (final ||ΔP||/||P|| = 8.64e-04)
  [EKF] Posterior innovations  mean=0.03  std=0.86  max_abs=9.23 TECU
  [EKF] Prior RMSE 3.943 TECU  →  Post RMSE 0.860 TECU

  [sweep 2025-09-22_1400] N_OCC=10  (RO arcs available=19, used=10)
  [EKF] 10 arcs  |  1663 profile rays  |  476 update rays  |  n_state = 1392
  [EKF] Prior innovations  mean=2.95  std=16.73  max_abs=44.29 TECU
  [EKF] iterating [analytical]:   0%|          | 0/20 [00:00<?, ?it/s]  [EKF] iterating [analytical]:   0%|          | 0/20 [00:01<?, ?it/s, RMSE=16.992TECU, rel_dP=1.80e-02]  [EKF] iterating [analytical]:   5%|▌         | 1/20 [00:01<00:34,  1.81s/it, RMSE=16.992TECU, rel_dP=1.80e-02]  [EKF] iterating [analytical]:   5%|▌         | 1/20 [00:03<00:34,  1.81s/it, RMSE=4.741TECU, rel_dP=8.88e-03]   [EKF] iterating [analytical]:  10%|█         | 2/20 [00:03<00:33,  1.88s/it, RMSE=4.741TECU, rel_dP=8.88e-03]  [EKF] iterating [analytical]:  10%|█         | 2/20 [00:05<00:33,  1.88s/it, RMSE=2.546TECU, rel_dP=4.94e-03]  [EKF] iterating [analytical]:  15%|█▌        | 3/20 [00:05<00:31,  1.83s/it, RMSE=2.546TECU, rel_dP=4.94e-03]  [EKF] iterating [analytical]:  15%|█▌        | 3/20 [00:07<00:31,  1.83s/it, RMSE=2.055TECU, rel_dP=3.53e-03]  [EKF] iterating [analytical]:  20%|██        | 4/20 [00:07<00:29,  1.84s/it, RMSE=2.055TECU, rel_dP=3.53e-03]  [EKF] iterating [analytical]:  20%|██        | 4/20 [00:09<00:29,  1.84s/it, RMSE=1.856TECU, rel_dP=2.82e-03]  [EKF] iterating [analytical]:  25%|██▌       | 5/20 [00:09<00:27,  1.86s/it, RMSE=1.856TECU, rel_dP=2.82e-03]  [EKF] iterating [analytical]:  25%|██▌       | 5/20 [00:11<00:27,  1.86s/it, RMSE=1.731TECU, rel_dP=2.34e-03]  [EKF] iterating [analytical]:  30%|███       | 6/20 [00:11<00:26,  1.88s/it, RMSE=1.731TECU, rel_dP=2.34e-03]  [EKF] iterating [analytical]:  30%|███       | 6/20 [00:13<00:26,  1.88s/it, RMSE=1.642TECU, rel_dP=1.98e-03]  [EKF] iterating [analytical]:  35%|███▌      | 7/20 [00:13<00:24,  1.88s/it, RMSE=1.642TECU, rel_dP=1.98e-03]  [EKF] iterating [analytical]:  35%|███▌      | 7/20 [00:14<00:24,  1.88s/it, RMSE=1.576TECU, rel_dP=1.72e-03]  [EKF] iterating [analytical]:  40%|████      | 8/20 [00:14<00:22,  1.88s/it, RMSE=1.576TECU, rel_dP=1.72e-03]  [EKF] iterating [analytical]:  40%|████      | 8/20 [00:16<00:22,  1.88s/it, RMSE=1.525TECU, rel_dP=1.52e-03]  [EKF] iterating [analytical]:  45%|████▌     | 9/20 [00:16<00:20,  1.87s/it, RMSE=1.525TECU, rel_dP=1.52e-03]  [EKF] iterating [analytical]:  45%|████▌     | 9/20 [00:18<00:20,  1.87s/it, RMSE=1.485TECU, rel_dP=1.37e-03]  [EKF] iterating [analytical]:  50%|█████     | 10/20 [00:18<00:18,  1.83s/it, RMSE=1.485TECU, rel_dP=1.37e-03]  [EKF] iterating [analytical]:  50%|█████     | 10/20 [00:20<00:18,  1.83s/it, RMSE=1.451TECU, rel_dP=1.26e-03]  [EKF] iterating [analytical]:  55%|█████▌    | 11/20 [00:20<00:16,  1.83s/it, RMSE=1.451TECU, rel_dP=1.26e-03]  [EKF] iterating [analytical]:  55%|█████▌    | 11/20 [00:22<00:16,  1.83s/it, RMSE=1.423TECU, rel_dP=1.16e-03]  [EKF] iterating [analytical]:  60%|██████    | 12/20 [00:22<00:14,  1.84s/it, RMSE=1.423TECU, rel_dP=1.16e-03]  [EKF] iterating [analytical]:  60%|██████    | 12/20 [00:23<00:14,  1.84s/it, RMSE=1.398TECU, rel_dP=1.08e-03]  [EKF] iterating [analytical]:  65%|██████▌   | 13/20 [00:23<00:12,  1.82s/it, RMSE=1.398TECU, rel_dP=1.08e-03]  [EKF] iterating [analytical]:  65%|██████▌   | 13/20 [00:25<00:12,  1.82s/it, RMSE=1.376TECU, rel_dP=1.02e-03]  [EKF] iterating [analytical]:  70%|███████   | 14/20 [00:25<00:11,  1.84s/it, RMSE=1.376TECU, rel_dP=1.02e-03]  [EKF] iterating [analytical]:  70%|███████   | 14/20 [00:27<00:11,  1.84s/it, RMSE=1.357TECU, rel_dP=9.57e-04]  [EKF] iterating [analytical]:  75%|███████▌  | 15/20 [00:27<00:09,  1.83s/it, RMSE=1.357TECU, rel_dP=9.57e-04]  [EKF] iterating [analytical]:  75%|███████▌  | 15/20 [00:29<00:09,  1.83s/it, RMSE=1.340TECU, rel_dP=9.04e-04]  [EKF] iterating [analytical]:  80%|████████  | 16/20 [00:29<00:07,  1.81s/it, RMSE=1.340TECU, rel_dP=9.04e-04]  [EKF] iterating [analytical]:  80%|████████  | 16/20 [00:31<00:07,  1.81s/it, RMSE=1.324TECU, rel_dP=8.56e-04]  [EKF] iterating [analytical]:  85%|████████▌ | 17/20 [00:31<00:05,  1.87s/it, RMSE=1.324TECU, rel_dP=8.56e-04]  [EKF] iterating [analytical]:  85%|████████▌ | 17/20 [00:33<00:05,  1.87s/it, RMSE=1.310TECU, rel_dP=8.13e-04]  [EKF] iterating [analytical]:  90%|█████████ | 18/20 [00:33<00:03,  1.89s/it, RMSE=1.310TECU, rel_dP=8.13e-04]  [EKF] iterating [analytical]:  90%|█████████ | 18/20 [00:35<00:03,  1.89s/it, RMSE=1.297TECU, rel_dP=7.74e-04]  [EKF] iterating [analytical]:  95%|█████████▌| 19/20 [00:35<00:01,  1.93s/it, RMSE=1.297TECU, rel_dP=7.74e-04]  [EKF] iterating [analytical]:  95%|█████████▌| 19/20 [00:37<00:01,  1.93s/it, RMSE=1.285TECU, rel_dP=7.37e-04]  [EKF] iterating [analytical]: 100%|██████████| 20/20 [00:37<00:00,  1.95s/it, RMSE=1.285TECU, rel_dP=7.37e-04]                                                                                                                  [EKF] Reached max_iter=20 without convergence  (final ||ΔP||/||P|| = 7.37e-04)
  [EKF] Posterior innovations  mean=0.00  std=1.27  max_abs=8.73 TECU
  [EKF] Prior RMSE 16.931 TECU  →  Post RMSE 1.285 TECU
  [EKF] 623 arcs  |  5618 profile rays  |  4431 update rays  |  n_state = 1392
  [EKF] Prior innovations  mean=2.49  std=6.22  max_abs=44.29 TECU
  [EKF] iterating [analytical]:   0%|          | 0/20 [00:00<?, ?it/s]  [EKF] iterating [analytical]:   0%|          | 0/20 [00:23<?, ?it/s, RMSE=6.700TECU, rel_dP=2.36e-02]  [EKF] iterating [analytical]:   5%|▌         | 1/20 [00:23<07:23, 23.36s/it, RMSE=6.700TECU, rel_dP=2.36e-02]  [EKF] iterating [analytical]:   5%|▌         | 1/20 [00:45<07:23, 23.36s/it, RMSE=2.267TECU, rel_dP=1.25e-02]  [EKF] iterating [analytical]:  10%|█         | 2/20 [00:45<06:47, 22.65s/it, RMSE=2.267TECU, rel_dP=1.25e-02]  [EKF] iterating [analytical]:  10%|█         | 2/20 [01:09<06:47, 22.65s/it, RMSE=1.360TECU, rel_dP=7.03e-03]  [EKF] iterating [analytical]:  15%|█▌        | 3/20 [01:09<06:37, 23.39s/it, RMSE=1.360TECU, rel_dP=7.03e-03]  [EKF] iterating [analytical]:  15%|█▌        | 3/20 [01:34<06:37, 23.39s/it, RMSE=1.168TECU, rel_dP=4.75e-03]  [EKF] iterating [analytical]:  20%|██        | 4/20 [01:34<06:23, 23.97s/it, RMSE=1.168TECU, rel_dP=4.75e-03]  [EKF] iterating [analytical]:  20%|██        | 4/20 [01:57<06:23, 23.97s/it, RMSE=1.104TECU, rel_dP=3.62e-03]  [EKF] iterating [analytical]:  25%|██▌       | 5/20 [01:57<05:53, 23.57s/it, RMSE=1.104TECU, rel_dP=3.62e-03]  [EKF] iterating [analytical]:  25%|██▌       | 5/20 [02:21<05:53, 23.57s/it, RMSE=1.068TECU, rel_dP=2.92e-03]  [EKF] iterating [analytical]:  30%|███       | 6/20 [02:21<05:32, 23.75s/it, RMSE=1.068TECU, rel_dP=2.92e-03]  [EKF] iterating [analytical]:  30%|███       | 6/20 [02:44<05:32, 23.75s/it, RMSE=1.045TECU, rel_dP=2.43e-03]  [EKF] iterating [analytical]:  35%|███▌      | 7/20 [02:44<05:03, 23.36s/it, RMSE=1.045TECU, rel_dP=2.43e-03]  [EKF] iterating [analytical]:  35%|███▌      | 7/20 [03:31<05:03, 23.36s/it, RMSE=1.028TECU, rel_dP=2.70e-34]                                                                                                                 [EKF] iterating [analytical]:  35%|███▌      | 7/20 [03:31<05:03, 23.36s/it, RMSE=1.028TECU, rel_dP=2.70e-34]                                                                                                                 [EKF] Converged at iteration 8  (||ΔP||/||P|| = 2.70e-34 < tol=5.0e-04)
  [EKF] Posterior innovations  mean=0.03  std=1.03  max_abs=9.01 TECU
  [EKF] Prior RMSE 9.788 TECU  →  Post RMSE 1.209 TECU

  [sweep 2025-09-22_1400] N_OCC=20  (RO arcs available=19, used=19)
  [EKF] 19 arcs  |  3105 profile rays  |  905 update rays  |  n_state = 1392
  [EKF] Prior innovations  mean=6.61  std=17.82  max_abs=58.43 TECU
  [EKF] iterating [analytical]:   0%|          | 0/20 [00:00<?, ?it/s]  [EKF] iterating [analytical]:   0%|          | 0/20 [00:03<?, ?it/s, RMSE=19.008TECU, rel_dP=3.00e-02]  [EKF] iterating [analytical]:   5%|▌         | 1/20 [00:03<01:03,  3.34s/it, RMSE=19.008TECU, rel_dP=3.00e-02]  [EKF] iterating [analytical]:   5%|▌         | 1/20 [00:06<01:03,  3.34s/it, RMSE=6.952TECU, rel_dP=1.59e-02]   [EKF] iterating [analytical]:  10%|█         | 2/20 [00:06<01:00,  3.38s/it, RMSE=6.952TECU, rel_dP=1.59e-02]  [EKF] iterating [analytical]:  10%|█         | 2/20 [00:10<01:00,  3.38s/it, RMSE=3.055TECU, rel_dP=8.43e-03]  [EKF] iterating [analytical]:  15%|█▌        | 3/20 [00:10<00:57,  3.39s/it, RMSE=3.055TECU, rel_dP=8.43e-03]  [EKF] iterating [analytical]:  15%|█▌        | 3/20 [00:13<00:57,  3.39s/it, RMSE=2.050TECU, rel_dP=5.41e-03]  [EKF] iterating [analytical]:  20%|██        | 4/20 [00:13<00:54,  3.42s/it, RMSE=2.050TECU, rel_dP=5.41e-03]  [EKF] iterating [analytical]:  20%|██        | 4/20 [00:17<00:54,  3.42s/it, RMSE=1.763TECU, rel_dP=3.94e-03]  [EKF] iterating [analytical]:  25%|██▌       | 5/20 [00:17<00:51,  3.42s/it, RMSE=1.763TECU, rel_dP=3.94e-03]  [EKF] iterating [analytical]:  25%|██▌       | 5/20 [00:20<00:51,  3.42s/it, RMSE=1.621TECU, rel_dP=3.08e-03]  [EKF] iterating [analytical]:  30%|███       | 6/20 [00:20<00:48,  3.50s/it, RMSE=1.621TECU, rel_dP=3.08e-03]  [EKF] iterating [analytical]:  30%|███       | 6/20 [00:24<00:48,  3.50s/it, RMSE=1.530TECU, rel_dP=2.52e-03]  [EKF] iterating [analytical]:  35%|███▌      | 7/20 [00:24<00:45,  3.53s/it, RMSE=1.530TECU, rel_dP=2.52e-03]  [EKF] iterating [analytical]:  35%|███▌      | 7/20 [00:27<00:45,  3.53s/it, RMSE=1.465TECU, rel_dP=2.13e-03]  [EKF] iterating [analytical]:  40%|████      | 8/20 [00:27<00:42,  3.51s/it, RMSE=1.465TECU, rel_dP=2.13e-03]  [EKF] iterating [analytical]:  40%|████      | 8/20 [00:31<00:42,  3.51s/it, RMSE=1.415TECU, rel_dP=1.85e-03]  [EKF] iterating [analytical]:  45%|████▌     | 9/20 [00:31<00:38,  3.50s/it, RMSE=1.415TECU, rel_dP=1.85e-03]  [EKF] iterating [analytical]:  45%|████▌     | 9/20 [00:34<00:38,  3.50s/it, RMSE=1.375TECU, rel_dP=1.63e-03]  [EKF] iterating [analytical]:  50%|█████     | 10/20 [00:34<00:34,  3.47s/it, RMSE=1.375TECU, rel_dP=1.63e-03]  [EKF] iterating [analytical]:  50%|█████     | 10/20 [00:38<00:34,  3.47s/it, RMSE=1.343TECU, rel_dP=1.47e-03]  [EKF] iterating [analytical]:  55%|█████▌    | 11/20 [00:38<00:31,  3.51s/it, RMSE=1.343TECU, rel_dP=1.47e-03]  [EKF] iterating [analytical]:  55%|█████▌    | 11/20 [00:41<00:31,  3.51s/it, RMSE=1.316TECU, rel_dP=1.34e-03]  [EKF] iterating [analytical]:  60%|██████    | 12/20 [00:41<00:27,  3.49s/it, RMSE=1.316TECU, rel_dP=1.34e-03]  [EKF] iterating [analytical]:  60%|██████    | 12/20 [00:45<00:27,  3.49s/it, RMSE=1.293TECU, rel_dP=1.23e-03]  [EKF] iterating [analytical]:  65%|██████▌   | 13/20 [00:45<00:24,  3.52s/it, RMSE=1.293TECU, rel_dP=1.23e-03]  [EKF] iterating [analytical]:  65%|██████▌   | 13/20 [00:48<00:24,  3.52s/it, RMSE=1.273TECU, rel_dP=1.15e-03]  [EKF] iterating [analytical]:  70%|███████   | 14/20 [00:48<00:20,  3.49s/it, RMSE=1.273TECU, rel_dP=1.15e-03]  [EKF] iterating [analytical]:  70%|███████   | 14/20 [00:52<00:20,  3.49s/it, RMSE=1.255TECU, rel_dP=1.08e-03]  [EKF] iterating [analytical]:  75%|███████▌  | 15/20 [00:52<00:17,  3.51s/it, RMSE=1.255TECU, rel_dP=1.08e-03]  [EKF] iterating [analytical]:  75%|███████▌  | 15/20 [00:55<00:17,  3.51s/it, RMSE=1.239TECU, rel_dP=1.01e-03]  [EKF] iterating [analytical]:  80%|████████  | 16/20 [00:55<00:14,  3.50s/it, RMSE=1.239TECU, rel_dP=1.01e-03]  [EKF] iterating [analytical]:  80%|████████  | 16/20 [00:59<00:14,  3.50s/it, RMSE=1.225TECU, rel_dP=9.60e-04]  [EKF] iterating [analytical]:  85%|████████▌ | 17/20 [00:59<00:10,  3.48s/it, RMSE=1.225TECU, rel_dP=9.60e-04]  [EKF] iterating [analytical]:  85%|████████▌ | 17/20 [01:02<00:10,  3.48s/it, RMSE=1.212TECU, rel_dP=9.12e-04]  [EKF] iterating [analytical]:  90%|█████████ | 18/20 [01:02<00:06,  3.48s/it, RMSE=1.212TECU, rel_dP=9.12e-04]  [EKF] iterating [analytical]:  90%|█████████ | 18/20 [01:06<00:06,  3.48s/it, RMSE=1.200TECU, rel_dP=8.71e-04]  [EKF] iterating [analytical]:  95%|█████████▌| 19/20 [01:06<00:03,  3.49s/it, RMSE=1.200TECU, rel_dP=8.71e-04]  [EKF] iterating [analytical]:  95%|█████████▌| 19/20 [01:09<00:03,  3.49s/it, RMSE=1.189TECU, rel_dP=8.33e-04]  [EKF] iterating [analytical]: 100%|██████████| 20/20 [01:09<00:00,  3.49s/it, RMSE=1.189TECU, rel_dP=8.33e-04]                                                                                                                  [EKF] Reached max_iter=20 without convergence  (final ||ΔP||/||P|| = 8.33e-04)
  [EKF] Posterior innovations  mean=0.02  std=1.18  max_abs=8.41 TECU
  [EKF] Prior RMSE 18.922 TECU  →  Post RMSE 1.243 TECU
  [EKF] 632 arcs  |  7060 profile rays  |  4860 update rays  |  n_state = 1392
  [EKF] Prior innovations  mean=3.22  std=8.34  max_abs=58.43 TECU
  [EKF] iterating [analytical]:   0%|          | 0/20 [00:00<?, ?it/s]  [EKF] iterating [analytical]:   0%|          | 0/20 [00:23<?, ?it/s, RMSE=8.941TECU, rel_dP=3.21e-02]  [EKF] iterating [analytical]:   5%|▌         | 1/20 [00:23<07:28, 23.59s/it, RMSE=8.941TECU, rel_dP=3.21e-02]  [EKF] iterating [analytical]:   5%|▌         | 1/20 [00:48<07:28, 23.59s/it, RMSE=3.800TECU, rel_dP=1.73e-02]  [EKF] iterating [analytical]:  10%|█         | 2/20 [00:48<07:22, 24.60s/it, RMSE=3.800TECU, rel_dP=1.73e-02]  [EKF] iterating [analytical]:  10%|█         | 2/20 [01:12<07:22, 24.60s/it, RMSE=1.885TECU, rel_dP=9.24e-03]  [EKF] iterating [analytical]:  15%|█▌        | 3/20 [01:12<06:49, 24.11s/it, RMSE=1.885TECU, rel_dP=9.24e-03]  [EKF] iterating [analytical]:  15%|█▌        | 3/20 [01:35<06:49, 24.11s/it, RMSE=1.427TECU, rel_dP=6.04e-03]  [EKF] iterating [analytical]:  20%|██        | 4/20 [01:35<06:17, 23.62s/it, RMSE=1.427TECU, rel_dP=6.04e-03]  [EKF] iterating [analytical]:  20%|██        | 4/20 [02:21<06:17, 23.62s/it, RMSE=1.319TECU, rel_dP=3.17e-34]                                                                                                                 [EKF] iterating [analytical]:  20%|██        | 4/20 [02:21<06:17, 23.62s/it, RMSE=1.319TECU, rel_dP=3.17e-34]                                                                                                                 [EKF] Converged at iteration 5  (||ΔP||/||P|| = 3.17e-34 < tol=5.0e-04)
  [EKF] Posterior innovations  mean=0.07  std=1.32  max_abs=9.83 TECU
  [EKF] Prior RMSE 12.891 TECU  →  Post RMSE 1.634 TECU

  [sweep 2025-09-22_1400] N_OCC=30  (RO arcs available=19, used=19)
  [EKF] 19 arcs  |  3105 profile rays  |  905 update rays  |  n_state = 1392
  [EKF] Prior innovations  mean=6.61  std=17.82  max_abs=58.43 TECU
  [EKF] iterating [analytical]:   0%|          | 0/20 [00:00<?, ?it/s]  [EKF] iterating [analytical]:   0%|          | 0/20 [00:03<?, ?it/s, RMSE=19.008TECU, rel_dP=3.00e-02]  [EKF] iterating [analytical]:   5%|▌         | 1/20 [00:03<01:07,  3.56s/it, RMSE=19.008TECU, rel_dP=3.00e-02]  [EKF] iterating [analytical]:   5%|▌         | 1/20 [00:07<01:07,  3.56s/it, RMSE=6.952TECU, rel_dP=1.59e-02]   [EKF] iterating [analytical]:  10%|█         | 2/20 [00:07<01:06,  3.68s/it, RMSE=6.952TECU, rel_dP=1.59e-02]  [EKF] iterating [analytical]:  10%|█         | 2/20 [00:11<01:06,  3.68s/it, RMSE=3.055TECU, rel_dP=8.43e-03]  [EKF] iterating [analytical]:  15%|█▌        | 3/20 [00:11<01:03,  3.73s/it, RMSE=3.055TECU, rel_dP=8.43e-03]  [EKF] iterating [analytical]:  15%|█▌        | 3/20 [00:14<01:03,  3.73s/it, RMSE=2.050TECU, rel_dP=5.41e-03]  [EKF] iterating [analytical]:  20%|██        | 4/20 [00:14<00:57,  3.62s/it, RMSE=2.050TECU, rel_dP=5.41e-03]  [EKF] iterating [analytical]:  20%|██        | 4/20 [00:18<00:57,  3.62s/it, RMSE=1.763TECU, rel_dP=3.94e-03]  [EKF] iterating [analytical]:  25%|██▌       | 5/20 [00:18<00:53,  3.57s/it, RMSE=1.763TECU, rel_dP=3.94e-03]  [EKF] iterating [analytical]:  25%|██▌       | 5/20 [00:21<00:53,  3.57s/it, RMSE=1.621TECU, rel_dP=3.08e-03]  [EKF] iterating [analytical]:  30%|███       | 6/20 [00:21<00:49,  3.55s/it, RMSE=1.621TECU, rel_dP=3.08e-03]  [EKF] iterating [analytical]:  30%|███       | 6/20 [00:25<00:49,  3.55s/it, RMSE=1.530TECU, rel_dP=2.52e-03]  [EKF] iterating [analytical]:  35%|███▌      | 7/20 [00:25<00:45,  3.52s/it, RMSE=1.530TECU, rel_dP=2.52e-03]  [EKF] iterating [analytical]:  35%|███▌      | 7/20 [00:28<00:45,  3.52s/it, RMSE=1.465TECU, rel_dP=2.13e-03]  [EKF] iterating [analytical]:  40%|████      | 8/20 [00:28<00:42,  3.52s/it, RMSE=1.465TECU, rel_dP=2.13e-03]  [EKF] iterating [analytical]:  40%|████      | 8/20 [00:31<00:42,  3.52s/it, RMSE=1.415TECU, rel_dP=1.85e-03]  [EKF] iterating [analytical]:  45%|████▌     | 9/20 [00:31<00:38,  3.50s/it, RMSE=1.415TECU, rel_dP=1.85e-03]  [EKF] iterating [analytical]:  45%|████▌     | 9/20 [00:35<00:38,  3.50s/it, RMSE=1.375TECU, rel_dP=1.63e-03]  [EKF] iterating [analytical]:  50%|█████     | 10/20 [00:35<00:34,  3.47s/it, RMSE=1.375TECU, rel_dP=1.63e-03]  [EKF] iterating [analytical]:  50%|█████     | 10/20 [00:38<00:34,  3.47s/it, RMSE=1.343TECU, rel_dP=1.47e-03]  [EKF] iterating [analytical]:  55%|█████▌    | 11/20 [00:38<00:31,  3.50s/it, RMSE=1.343TECU, rel_dP=1.47e-03]  [EKF] iterating [analytical]:  55%|█████▌    | 11/20 [00:42<00:31,  3.50s/it, RMSE=1.316TECU, rel_dP=1.34e-03]  [EKF] iterating [analytical]:  60%|██████    | 12/20 [00:42<00:28,  3.57s/it, RMSE=1.316TECU, rel_dP=1.34e-03]  [EKF] iterating [analytical]:  60%|██████    | 12/20 [00:46<00:28,  3.57s/it, RMSE=1.293TECU, rel_dP=1.23e-03]  [EKF] iterating [analytical]:  65%|██████▌   | 13/20 [00:46<00:25,  3.65s/it, RMSE=1.293TECU, rel_dP=1.23e-03]  [EKF] iterating [analytical]:  65%|██████▌   | 13/20 [00:50<00:25,  3.65s/it, RMSE=1.273TECU, rel_dP=1.15e-03]  [EKF] iterating [analytical]:  70%|███████   | 14/20 [00:50<00:21,  3.64s/it, RMSE=1.273TECU, rel_dP=1.15e-03]  [EKF] iterating [analytical]:  70%|███████   | 14/20 [00:53<00:21,  3.64s/it, RMSE=1.255TECU, rel_dP=1.08e-03]  [EKF] iterating [analytical]:  75%|███████▌  | 15/20 [00:53<00:18,  3.65s/it, RMSE=1.255TECU, rel_dP=1.08e-03]  [EKF] iterating [analytical]:  75%|███████▌  | 15/20 [00:57<00:18,  3.65s/it, RMSE=1.239TECU, rel_dP=1.01e-03]  [EKF] iterating [analytical]:  80%|████████  | 16/20 [00:57<00:14,  3.64s/it, RMSE=1.239TECU, rel_dP=1.01e-03]  [EKF] iterating [analytical]:  80%|████████  | 16/20 [01:01<00:14,  3.64s/it, RMSE=1.225TECU, rel_dP=9.60e-04]  [EKF] iterating [analytical]:  85%|████████▌ | 17/20 [01:01<00:10,  3.67s/it, RMSE=1.225TECU, rel_dP=9.60e-04]  [EKF] iterating [analytical]:  85%|████████▌ | 17/20 [01:04<00:10,  3.67s/it, RMSE=1.212TECU, rel_dP=9.12e-04]  [EKF] iterating [analytical]:  90%|█████████ | 18/20 [01:04<00:07,  3.68s/it, RMSE=1.212TECU, rel_dP=9.12e-04]  [EKF] iterating [analytical]:  90%|█████████ | 18/20 [01:08<00:07,  3.68s/it, RMSE=1.200TECU, rel_dP=8.71e-04]  [EKF] iterating [analytical]:  95%|█████████▌| 19/20 [01:08<00:03,  3.65s/it, RMSE=1.200TECU, rel_dP=8.71e-04]  [EKF] iterating [analytical]:  95%|█████████▌| 19/20 [01:12<00:03,  3.65s/it, RMSE=1.189TECU, rel_dP=8.33e-04]  [EKF] iterating [analytical]: 100%|██████████| 20/20 [01:12<00:00,  3.69s/it, RMSE=1.189TECU, rel_dP=8.33e-04]                                                                                                                  [EKF] Reached max_iter=20 without convergence  (final ||ΔP||/||P|| = 8.33e-04)
  [EKF] Posterior innovations  mean=0.02  std=1.18  max_abs=8.41 TECU
  [EKF] Prior RMSE 18.922 TECU  →  Post RMSE 1.243 TECU
  [EKF] 632 arcs  |  7060 profile rays  |  4860 update rays  |  n_state = 1392
  [EKF] Prior innovations  mean=3.22  std=8.34  max_abs=58.43 TECU
  [EKF] iterating [analytical]:   0%|          | 0/20 [00:00<?, ?it/s]  [EKF] iterating [analytical]:   0%|          | 0/20 [00:22<?, ?it/s, RMSE=8.941TECU, rel_dP=3.21e-02]  [EKF] iterating [analytical]:   5%|▌         | 1/20 [00:22<07:11, 22.72s/it, RMSE=8.941TECU, rel_dP=3.21e-02]  [EKF] iterating [analytical]:   5%|▌         | 1/20 [00:45<07:11, 22.72s/it, RMSE=3.800TECU, rel_dP=1.73e-02]  [EKF] iterating [analytical]:  10%|█         | 2/20 [00:45<06:50, 22.83s/it, RMSE=3.800TECU, rel_dP=1.73e-02]  [EKF] iterating [analytical]:  10%|█         | 2/20 [01:08<06:50, 22.83s/it, RMSE=1.885TECU, rel_dP=9.24e-03]  [EKF] iterating [analytical]:  15%|█▌        | 3/20 [01:08<06:30, 22.97s/it, RMSE=1.885TECU, rel_dP=9.24e-03]  [EKF] iterating [analytical]:  15%|█▌        | 3/20 [01:32<06:30, 22.97s/it, RMSE=1.427TECU, rel_dP=6.04e-03]  [EKF] iterating [analytical]:  20%|██        | 4/20 [01:32<06:10, 23.14s/it, RMSE=1.427TECU, rel_dP=6.04e-03]  [EKF] iterating [analytical]:  20%|██        | 4/20 [02:18<06:10, 23.14s/it, RMSE=1.319TECU, rel_dP=3.17e-34]                                                                                                                 [EKF] iterating [analytical]:  20%|██        | 4/20 [02:18<06:10, 23.14s/it, RMSE=1.319TECU, rel_dP=3.17e-34]                                                                                                                 [EKF] Converged at iteration 5  (||ΔP||/||P|| = 3.17e-34 < tol=5.0e-04)
  [EKF] Posterior innovations  mean=0.07  std=1.32  max_abs=9.83 TECU
  [EKF] Prior RMSE 12.891 TECU  →  Post RMSE 1.634 TECU

  [sweep 2025-09-22_1400] N_OCC=40  (RO arcs available=19, used=19)
  [EKF] 19 arcs  |  3105 profile rays  |  905 update rays  |  n_state = 1392
  [EKF] Prior innovations  mean=6.61  std=17.82  max_abs=58.43 TECU
  [EKF] iterating [analytical]:   0%|          | 0/20 [00:00<?, ?it/s]  [EKF] iterating [analytical]:   0%|          | 0/20 [00:03<?, ?it/s, RMSE=19.008TECU, rel_dP=3.00e-02]  [EKF] iterating [analytical]:   5%|▌         | 1/20 [00:03<01:04,  3.42s/it, RMSE=19.008TECU, rel_dP=3.00e-02]  [EKF] iterating [analytical]:   5%|▌         | 1/20 [00:06<01:04,  3.42s/it, RMSE=6.952TECU, rel_dP=1.59e-02]   [EKF] iterating [analytical]:  10%|█         | 2/20 [00:06<01:01,  3.42s/it, RMSE=6.952TECU, rel_dP=1.59e-02]  [EKF] iterating [analytical]:  10%|█         | 2/20 [00:10<01:01,  3.42s/it, RMSE=3.055TECU, rel_dP=8.43e-03]  [EKF] iterating [analytical]:  15%|█▌        | 3/20 [00:10<00:59,  3.49s/it, RMSE=3.055TECU, rel_dP=8.43e-03]  [EKF] iterating [analytical]:  15%|█▌        | 3/20 [00:13<00:59,  3.49s/it, RMSE=2.050TECU, rel_dP=5.41e-03]  [EKF] iterating [analytical]:  20%|██        | 4/20 [00:13<00:55,  3.50s/it, RMSE=2.050TECU, rel_dP=5.41e-03]  [EKF] iterating [analytical]:  20%|██        | 4/20 [00:17<00:55,  3.50s/it, RMSE=1.763TECU, rel_dP=3.94e-03]  [EKF] iterating [analytical]:  25%|██▌       | 5/20 [00:17<00:53,  3.54s/it, RMSE=1.763TECU, rel_dP=3.94e-03]  [EKF] iterating [analytical]:  25%|██▌       | 5/20 [00:21<00:53,  3.54s/it, RMSE=1.621TECU, rel_dP=3.08e-03]  [EKF] iterating [analytical]:  30%|███       | 6/20 [00:21<00:49,  3.57s/it, RMSE=1.621TECU, rel_dP=3.08e-03]  [EKF] iterating [analytical]:  30%|███       | 6/20 [00:24<00:49,  3.57s/it, RMSE=1.530TECU, rel_dP=2.52e-03]  [EKF] iterating [analytical]:  35%|███▌      | 7/20 [00:24<00:46,  3.60s/it, RMSE=1.530TECU, rel_dP=2.52e-03]  [EKF] iterating [analytical]:  35%|███▌      | 7/20 [00:28<00:46,  3.60s/it, RMSE=1.465TECU, rel_dP=2.13e-03]  [EKF] iterating [analytical]:  40%|████      | 8/20 [00:28<00:42,  3.57s/it, RMSE=1.465TECU, rel_dP=2.13e-03]  [EKF] iterating [analytical]:  40%|████      | 8/20 [00:31<00:42,  3.57s/it, RMSE=1.415TECU, rel_dP=1.85e-03]  [EKF] iterating [analytical]:  45%|████▌     | 9/20 [00:31<00:38,  3.53s/it, RMSE=1.415TECU, rel_dP=1.85e-03]  [EKF] iterating [analytical]:  45%|████▌     | 9/20 [00:35<00:38,  3.53s/it, RMSE=1.375TECU, rel_dP=1.63e-03]  [EKF] iterating [analytical]:  50%|█████     | 10/20 [00:35<00:34,  3.49s/it, RMSE=1.375TECU, rel_dP=1.63e-03]  [EKF] iterating [analytical]:  50%|█████     | 10/20 [00:38<00:34,  3.49s/it, RMSE=1.343TECU, rel_dP=1.47e-03]  [EKF] iterating [analytical]:  55%|█████▌    | 11/20 [00:38<00:31,  3.48s/it, RMSE=1.343TECU, rel_dP=1.47e-03]  [EKF] iterating [analytical]:  55%|█████▌    | 11/20 [00:42<00:31,  3.48s/it, RMSE=1.316TECU, rel_dP=1.34e-03]  [EKF] iterating [analytical]:  60%|██████    | 12/20 [00:42<00:28,  3.61s/it, RMSE=1.316TECU, rel_dP=1.34e-03]  [EKF] iterating [analytical]:  60%|██████    | 12/20 [00:46<00:28,  3.61s/it, RMSE=1.293TECU, rel_dP=1.23e-03]  [EKF] iterating [analytical]:  65%|██████▌   | 13/20 [00:46<00:25,  3.70s/it, RMSE=1.293TECU, rel_dP=1.23e-03]  [EKF] iterating [analytical]:  65%|██████▌   | 13/20 [00:50<00:25,  3.70s/it, RMSE=1.273TECU, rel_dP=1.15e-03]  [EKF] iterating [analytical]:  70%|███████   | 14/20 [00:50<00:22,  3.70s/it, RMSE=1.273TECU, rel_dP=1.15e-03]  [EKF] iterating [analytical]:  70%|███████   | 14/20 [00:53<00:22,  3.70s/it, RMSE=1.255TECU, rel_dP=1.08e-03]  [EKF] iterating [analytical]:  75%|███████▌  | 15/20 [00:53<00:18,  3.70s/it, RMSE=1.255TECU, rel_dP=1.08e-03]  [EKF] iterating [analytical]:  75%|███████▌  | 15/20 [00:57<00:18,  3.70s/it, RMSE=1.239TECU, rel_dP=1.01e-03]  [EKF] iterating [analytical]:  80%|████████  | 16/20 [00:57<00:14,  3.71s/it, RMSE=1.239TECU, rel_dP=1.01e-03]  [EKF] iterating [analytical]:  80%|████████  | 16/20 [01:01<00:14,  3.71s/it, RMSE=1.225TECU, rel_dP=9.60e-04]  [EKF] iterating [analytical]:  85%|████████▌ | 17/20 [01:01<00:11,  3.67s/it, RMSE=1.225TECU, rel_dP=9.60e-04]  [EKF] iterating [analytical]:  85%|████████▌ | 17/20 [01:04<00:11,  3.67s/it, RMSE=1.212TECU, rel_dP=9.12e-04]  [EKF] iterating [analytical]:  90%|█████████ | 18/20 [01:04<00:07,  3.60s/it, RMSE=1.212TECU, rel_dP=9.12e-04]  [EKF] iterating [analytical]:  90%|█████████ | 18/20 [01:08<00:07,  3.60s/it, RMSE=1.200TECU, rel_dP=8.71e-04]  [EKF] iterating [analytical]:  95%|█████████▌| 19/20 [01:08<00:03,  3.54s/it, RMSE=1.200TECU, rel_dP=8.71e-04]  [EKF] iterating [analytical]:  95%|█████████▌| 19/20 [01:11<00:03,  3.54s/it, RMSE=1.189TECU, rel_dP=8.33e-04]  [EKF] iterating [analytical]: 100%|██████████| 20/20 [01:11<00:00,  3.53s/it, RMSE=1.189TECU, rel_dP=8.33e-04]                                                                                                                  [EKF] Reached max_iter=20 without convergence  (final ||ΔP||/||P|| = 8.33e-04)
  [EKF] Posterior innovations  mean=0.02  std=1.18  max_abs=8.41 TECU
  [EKF] Prior RMSE 18.922 TECU  →  Post RMSE 1.243 TECU
  [EKF] 632 arcs  |  7060 profile rays  |  4860 update rays  |  n_state = 1392
  [EKF] Prior innovations  mean=3.22  std=8.34  max_abs=58.43 TECU
  [EKF] iterating [analytical]:   0%|          | 0/20 [00:00<?, ?it/s]  [EKF] iterating [analytical]:   0%|          | 0/20 [00:22<?, ?it/s, RMSE=8.941TECU, rel_dP=3.21e-02]  [EKF] iterating [analytical]:   5%|▌         | 1/20 [00:22<07:06, 22.43s/it, RMSE=8.941TECU, rel_dP=3.21e-02]  [EKF] iterating [analytical]:   5%|▌         | 1/20 [00:46<07:06, 22.43s/it, RMSE=3.800TECU, rel_dP=1.73e-02]  [EKF] iterating [analytical]:  10%|█         | 2/20 [00:46<06:57, 23.20s/it, RMSE=3.800TECU, rel_dP=1.73e-02]  [EKF] iterating [analytical]:  10%|█         | 2/20 [01:09<06:57, 23.20s/it, RMSE=1.885TECU, rel_dP=9.24e-03]  [EKF] iterating [analytical]:  15%|█▌        | 3/20 [01:09<06:36, 23.34s/it, RMSE=1.885TECU, rel_dP=9.24e-03]  [EKF] iterating [analytical]:  15%|█▌        | 3/20 [01:34<06:36, 23.34s/it, RMSE=1.427TECU, rel_dP=6.04e-03]  [EKF] iterating [analytical]:  20%|██        | 4/20 [01:34<06:19, 23.75s/it, RMSE=1.427TECU, rel_dP=6.04e-03]  [EKF] iterating [analytical]:  20%|██        | 4/20 [02:21<06:19, 23.75s/it, RMSE=1.319TECU, rel_dP=3.17e-34]                                                                                                                 [EKF] iterating [analytical]:  20%|██        | 4/20 [02:21<06:19, 23.75s/it, RMSE=1.319TECU, rel_dP=3.17e-34]                                                                                                                 [EKF] Converged at iteration 5  (||ΔP||/||P|| = 3.17e-34 < tol=5.0e-04)
  [EKF] Posterior innovations  mean=0.07  std=1.32  max_abs=9.83 TECU
  [EKF] Prior RMSE 12.891 TECU  →  Post RMSE 1.634 TECU

  [sweep 2025-09-22_1400] N_OCC=50  (RO arcs available=19, used=19)
  [EKF] 19 arcs  |  3105 profile rays  |  905 update rays  |  n_state = 1392
  [EKF] Prior innovations  mean=6.61  std=17.82  max_abs=58.43 TECU
  [EKF] iterating [analytical]:   0%|          | 0/20 [00:00<?, ?it/s]  [EKF] iterating [analytical]:   0%|          | 0/20 [00:03<?, ?it/s, RMSE=19.008TECU, rel_dP=3.00e-02]  [EKF] iterating [analytical]:   5%|▌         | 1/20 [00:03<01:04,  3.38s/it, RMSE=19.008TECU, rel_dP=3.00e-02]  [EKF] iterating [analytical]:   5%|▌         | 1/20 [00:06<01:04,  3.38s/it, RMSE=6.952TECU, rel_dP=1.59e-02]   [EKF] iterating [analytical]:  10%|█         | 2/20 [00:06<01:01,  3.43s/it, RMSE=6.952TECU, rel_dP=1.59e-02]  [EKF] iterating [analytical]:  10%|█         | 2/20 [00:10<01:01,  3.43s/it, RMSE=3.055TECU, rel_dP=8.43e-03]  [EKF] iterating [analytical]:  15%|█▌        | 3/20 [00:10<00:58,  3.41s/it, RMSE=3.055TECU, rel_dP=8.43e-03]  [EKF] iterating [analytical]:  15%|█▌        | 3/20 [00:13<00:58,  3.41s/it, RMSE=2.050TECU, rel_dP=5.41e-03]  [EKF] iterating [analytical]:  20%|██        | 4/20 [00:13<00:55,  3.44s/it, RMSE=2.050TECU, rel_dP=5.41e-03]  [EKF] iterating [analytical]:  20%|██        | 4/20 [00:17<00:55,  3.44s/it, RMSE=1.763TECU, rel_dP=3.94e-03]  [EKF] iterating [analytical]:  25%|██▌       | 5/20 [00:17<00:52,  3.47s/it, RMSE=1.763TECU, rel_dP=3.94e-03]  [EKF] iterating [analytical]:  25%|██▌       | 5/20 [00:20<00:52,  3.47s/it, RMSE=1.621TECU, rel_dP=3.08e-03]  [EKF] iterating [analytical]:  30%|███       | 6/20 [00:20<00:48,  3.46s/it, RMSE=1.621TECU, rel_dP=3.08e-03]  [EKF] iterating [analytical]:  30%|███       | 6/20 [00:24<00:48,  3.46s/it, RMSE=1.530TECU, rel_dP=2.52e-03]  [EKF] iterating [analytical]:  35%|███▌      | 7/20 [00:24<00:45,  3.46s/it, RMSE=1.530TECU, rel_dP=2.52e-03]  [EKF] iterating [analytical]:  35%|███▌      | 7/20 [00:27<00:45,  3.46s/it, RMSE=1.465TECU, rel_dP=2.13e-03]  [EKF] iterating [analytical]:  40%|████      | 8/20 [00:27<00:41,  3.46s/it, RMSE=1.465TECU, rel_dP=2.13e-03]  [EKF] iterating [analytical]:  40%|████      | 8/20 [00:31<00:41,  3.46s/it, RMSE=1.415TECU, rel_dP=1.85e-03]  [EKF] iterating [analytical]:  45%|████▌     | 9/20 [00:31<00:38,  3.47s/it, RMSE=1.415TECU, rel_dP=1.85e-03]  [EKF] iterating [analytical]:  45%|████▌     | 9/20 [00:34<00:38,  3.47s/it, RMSE=1.375TECU, rel_dP=1.63e-03]  [EKF] iterating [analytical]:  50%|█████     | 10/20 [00:34<00:35,  3.52s/it, RMSE=1.375TECU, rel_dP=1.63e-03]  [EKF] iterating [analytical]:  50%|█████     | 10/20 [00:38<00:35,  3.52s/it, RMSE=1.343TECU, rel_dP=1.47e-03]  [EKF] iterating [analytical]:  55%|█████▌    | 11/20 [00:38<00:32,  3.57s/it, RMSE=1.343TECU, rel_dP=1.47e-03]  [EKF] iterating [analytical]:  55%|█████▌    | 11/20 [00:41<00:32,  3.57s/it, RMSE=1.316TECU, rel_dP=1.34e-03]  [EKF] iterating [analytical]:  60%|██████    | 12/20 [00:41<00:28,  3.54s/it, RMSE=1.316TECU, rel_dP=1.34e-03]  [EKF] iterating [analytical]:  60%|██████    | 12/20 [00:45<00:28,  3.54s/it, RMSE=1.293TECU, rel_dP=1.23e-03]  [EKF] iterating [analytical]:  65%|██████▌   | 13/20 [00:45<00:24,  3.53s/it, RMSE=1.293TECU, rel_dP=1.23e-03]  [EKF] iterating [analytical]:  65%|██████▌   | 13/20 [00:49<00:24,  3.53s/it, RMSE=1.273TECU, rel_dP=1.15e-03]  [EKF] iterating [analytical]:  70%|███████   | 14/20 [00:49<00:22,  3.67s/it, RMSE=1.273TECU, rel_dP=1.15e-03]  [EKF] iterating [analytical]:  70%|███████   | 14/20 [00:53<00:22,  3.67s/it, RMSE=1.255TECU, rel_dP=1.08e-03]  [EKF] iterating [analytical]:  75%|███████▌  | 15/20 [00:53<00:18,  3.72s/it, RMSE=1.255TECU, rel_dP=1.08e-03]  [EKF] iterating [analytical]:  75%|███████▌  | 15/20 [00:56<00:18,  3.72s/it, RMSE=1.239TECU, rel_dP=1.01e-03]  [EKF] iterating [analytical]:  80%|████████  | 16/20 [00:56<00:14,  3.63s/it, RMSE=1.239TECU, rel_dP=1.01e-03]  [EKF] iterating [analytical]:  80%|████████  | 16/20 [01:00<00:14,  3.63s/it, RMSE=1.225TECU, rel_dP=9.60e-04]  [EKF] iterating [analytical]:  85%|████████▌ | 17/20 [01:00<00:10,  3.58s/it, RMSE=1.225TECU, rel_dP=9.60e-04]  [EKF] iterating [analytical]:  85%|████████▌ | 17/20 [01:03<00:10,  3.58s/it, RMSE=1.212TECU, rel_dP=9.12e-04]  [EKF] iterating [analytical]:  90%|█████████ | 18/20 [01:03<00:07,  3.54s/it, RMSE=1.212TECU, rel_dP=9.12e-04]  [EKF] iterating [analytical]:  90%|█████████ | 18/20 [01:07<00:07,  3.54s/it, RMSE=1.200TECU, rel_dP=8.71e-04]  [EKF] iterating [analytical]:  95%|█████████▌| 19/20 [01:07<00:03,  3.52s/it, RMSE=1.200TECU, rel_dP=8.71e-04]  [EKF] iterating [analytical]:  95%|█████████▌| 19/20 [01:10<00:03,  3.52s/it, RMSE=1.189TECU, rel_dP=8.33e-04]  [EKF] iterating [analytical]: 100%|██████████| 20/20 [01:10<00:00,  3.52s/it, RMSE=1.189TECU, rel_dP=8.33e-04]                                                                                                                  [EKF] Reached max_iter=20 without convergence  (final ||ΔP||/||P|| = 8.33e-04)
  [EKF] Posterior innovations  mean=0.02  std=1.18  max_abs=8.41 TECU
  [EKF] Prior RMSE 18.922 TECU  →  Post RMSE 1.243 TECU
  [EKF] 632 arcs  |  7060 profile rays  |  4860 update rays  |  n_state = 1392
  [EKF] Prior innovations  mean=3.22  std=8.34  max_abs=58.43 TECU
  [EKF] iterating [analytical]:   0%|          | 0/20 [00:00<?, ?it/s]  [EKF] iterating [analytical]:   0%|          | 0/20 [00:24<?, ?it/s, RMSE=8.941TECU, rel_dP=3.21e-02]  [EKF] iterating [analytical]:   5%|▌         | 1/20 [00:24<07:36, 24.01s/it, RMSE=8.941TECU, rel_dP=3.21e-02]  [EKF] iterating [analytical]:   5%|▌         | 1/20 [00:47<07:36, 24.01s/it, RMSE=3.800TECU, rel_dP=1.73e-02]  [EKF] iterating [analytical]:  10%|█         | 2/20 [00:47<07:02, 23.47s/it, RMSE=3.800TECU, rel_dP=1.73e-02]  [EKF] iterating [analytical]:  10%|█         | 2/20 [01:12<07:02, 23.47s/it, RMSE=1.885TECU, rel_dP=9.24e-03]  [EKF] iterating [analytical]:  15%|█▌        | 3/20 [01:12<06:52, 24.27s/it, RMSE=1.885TECU, rel_dP=9.24e-03]  [EKF] iterating [analytical]:  15%|█▌        | 3/20 [01:35<06:52, 24.27s/it, RMSE=1.427TECU, rel_dP=6.04e-03]  [EKF] iterating [analytical]:  20%|██        | 4/20 [01:35<06:22, 23.89s/it, RMSE=1.427TECU, rel_dP=6.04e-03]  [EKF] iterating [analytical]:  20%|██        | 4/20 [02:28<06:22, 23.89s/it, RMSE=1.319TECU, rel_dP=3.17e-34]                                                                                                                 [EKF] iterating [analytical]:  20%|██        | 4/20 [02:28<06:22, 23.89s/it, RMSE=1.319TECU, rel_dP=3.17e-34]                                                                                                                 [EKF] Converged at iteration 5  (||ΔP||/||P|| = 3.17e-34 < tol=5.0e-04)
  [EKF] Posterior innovations  mean=0.07  std=1.32  max_abs=9.83 TECU
  [EKF] Prior RMSE 12.891 TECU  →  Post RMSE 1.634 TECU

  [sweep 2025-09-22_1400] N_OCC=60  (RO arcs available=19, used=19)
  [EKF] 19 arcs  |  3105 profile rays  |  905 update rays  |  n_state = 1392
  [EKF] Prior innovations  mean=6.61  std=17.82  max_abs=58.43 TECU
  [EKF] iterating [analytical]:   0%|          | 0/20 [00:00<?, ?it/s]  [EKF] iterating [analytical]:   0%|          | 0/20 [00:03<?, ?it/s, RMSE=19.008TECU, rel_dP=3.00e-02]  [EKF] iterating [analytical]:   5%|▌         | 1/20 [00:03<01:08,  3.59s/it, RMSE=19.008TECU, rel_dP=3.00e-02]  [EKF] iterating [analytical]:   5%|▌         | 1/20 [00:07<01:08,  3.59s/it, RMSE=6.952TECU, rel_dP=1.59e-02]   [EKF] iterating [analytical]:  10%|█         | 2/20 [00:07<01:03,  3.51s/it, RMSE=6.952TECU, rel_dP=1.59e-02]  [EKF] iterating [analytical]:  10%|█         | 2/20 [00:10<01:03,  3.51s/it, RMSE=3.055TECU, rel_dP=8.43e-03]  [EKF] iterating [analytical]:  15%|█▌        | 3/20 [00:10<01:00,  3.56s/it, RMSE=3.055TECU, rel_dP=8.43e-03]  [EKF] iterating [analytical]:  15%|█▌        | 3/20 [00:14<01:00,  3.56s/it, RMSE=2.050TECU, rel_dP=5.41e-03]  [EKF] iterating [analytical]:  20%|██        | 4/20 [00:14<00:56,  3.54s/it, RMSE=2.050TECU, rel_dP=5.41e-03]  [EKF] iterating [analytical]:  20%|██        | 4/20 [00:17<00:56,  3.54s/it, RMSE=1.763TECU, rel_dP=3.94e-03]  [EKF] iterating [analytical]:  25%|██▌       | 5/20 [00:17<00:52,  3.53s/it, RMSE=1.763TECU, rel_dP=3.94e-03]  [EKF] iterating [analytical]:  25%|██▌       | 5/20 [00:21<00:52,  3.53s/it, RMSE=1.621TECU, rel_dP=3.08e-03]  [EKF] iterating [analytical]:  30%|███       | 6/20 [00:21<00:49,  3.55s/it, RMSE=1.621TECU, rel_dP=3.08e-03]  [EKF] iterating [analytical]:  30%|███       | 6/20 [00:24<00:49,  3.55s/it, RMSE=1.530TECU, rel_dP=2.52e-03]  [EKF] iterating [analytical]:  35%|███▌      | 7/20 [00:24<00:45,  3.53s/it, RMSE=1.530TECU, rel_dP=2.52e-03]  [EKF] iterating [analytical]:  35%|███▌      | 7/20 [00:28<00:45,  3.53s/it, RMSE=1.465TECU, rel_dP=2.13e-03]  [EKF] iterating [analytical]:  40%|████      | 8/20 [00:28<00:42,  3.54s/it, RMSE=1.465TECU, rel_dP=2.13e-03]  [EKF] iterating [analytical]:  40%|████      | 8/20 [00:31<00:42,  3.54s/it, RMSE=1.415TECU, rel_dP=1.85e-03]  [EKF] iterating [analytical]:  45%|████▌     | 9/20 [00:31<00:38,  3.51s/it, RMSE=1.415TECU, rel_dP=1.85e-03]  [EKF] iterating [analytical]:  45%|████▌     | 9/20 [00:35<00:38,  3.51s/it, RMSE=1.375TECU, rel_dP=1.63e-03]  [EKF] iterating [analytical]:  50%|█████     | 10/20 [00:35<00:35,  3.56s/it, RMSE=1.375TECU, rel_dP=1.63e-03]  [EKF] iterating [analytical]:  50%|█████     | 10/20 [00:39<00:35,  3.56s/it, RMSE=1.343TECU, rel_dP=1.47e-03]  [EKF] iterating [analytical]:  55%|█████▌    | 11/20 [00:39<00:32,  3.58s/it, RMSE=1.343TECU, rel_dP=1.47e-03]  [EKF] iterating [analytical]:  55%|█████▌    | 11/20 [00:42<00:32,  3.58s/it, RMSE=1.316TECU, rel_dP=1.34e-03]  [EKF] iterating [analytical]:  60%|██████    | 12/20 [00:42<00:28,  3.56s/it, RMSE=1.316TECU, rel_dP=1.34e-03]  [EKF] iterating [analytical]:  60%|██████    | 12/20 [00:46<00:28,  3.56s/it, RMSE=1.293TECU, rel_dP=1.23e-03]  [EKF] iterating [analytical]:  65%|██████▌   | 13/20 [00:46<00:24,  3.55s/it, RMSE=1.293TECU, rel_dP=1.23e-03]  [EKF] iterating [analytical]:  65%|██████▌   | 13/20 [00:49<00:24,  3.55s/it, RMSE=1.273TECU, rel_dP=1.15e-03]  [EKF] iterating [analytical]:  70%|███████   | 14/20 [00:49<00:21,  3.59s/it, RMSE=1.273TECU, rel_dP=1.15e-03]  [EKF] iterating [analytical]:  70%|███████   | 14/20 [00:53<00:21,  3.59s/it, RMSE=1.255TECU, rel_dP=1.08e-03]  [EKF] iterating [analytical]:  75%|███████▌  | 15/20 [00:53<00:17,  3.55s/it, RMSE=1.255TECU, rel_dP=1.08e-03]  [EKF] iterating [analytical]:  75%|███████▌  | 15/20 [00:56<00:17,  3.55s/it, RMSE=1.239TECU, rel_dP=1.01e-03]  [EKF] iterating [analytical]:  80%|████████  | 16/20 [00:56<00:14,  3.52s/it, RMSE=1.239TECU, rel_dP=1.01e-03]  [EKF] iterating [analytical]:  80%|████████  | 16/20 [01:00<00:14,  3.52s/it, RMSE=1.225TECU, rel_dP=9.60e-04]  [EKF] iterating [analytical]:  85%|████████▌ | 17/20 [01:00<00:10,  3.62s/it, RMSE=1.225TECU, rel_dP=9.60e-04]  [EKF] iterating [analytical]:  85%|████████▌ | 17/20 [01:04<00:10,  3.62s/it, RMSE=1.212TECU, rel_dP=9.12e-04]  [EKF] iterating [analytical]:  90%|█████████ | 18/20 [01:04<00:07,  3.64s/it, RMSE=1.212TECU, rel_dP=9.12e-04]  [EKF] iterating [analytical]:  90%|█████████ | 18/20 [01:07<00:07,  3.64s/it, RMSE=1.200TECU, rel_dP=8.71e-04]  [EKF] iterating [analytical]:  95%|█████████▌| 19/20 [01:07<00:03,  3.58s/it, RMSE=1.200TECU, rel_dP=8.71e-04]  [EKF] iterating [analytical]:  95%|█████████▌| 19/20 [01:11<00:03,  3.58s/it, RMSE=1.189TECU, rel_dP=8.33e-04]  [EKF] iterating [analytical]: 100%|██████████| 20/20 [01:11<00:00,  3.54s/it, RMSE=1.189TECU, rel_dP=8.33e-04]                                                                                                                  [EKF] Reached max_iter=20 without convergence  (final ||ΔP||/||P|| = 8.33e-04)
  [EKF] Posterior innovations  mean=0.02  std=1.18  max_abs=8.41 TECU
  [EKF] Prior RMSE 18.922 TECU  →  Post RMSE 1.243 TECU
  [EKF] 632 arcs  |  7060 profile rays  |  4860 update rays  |  n_state = 1392
  [EKF] Prior innovations  mean=3.22  std=8.34  max_abs=58.43 TECU
  [EKF] iterating [analytical]:   0%|          | 0/20 [00:00<?, ?it/s]  [EKF] iterating [analytical]:   0%|          | 0/20 [00:22<?, ?it/s, RMSE=8.941TECU, rel_dP=3.21e-02]  [EKF] iterating [analytical]:   5%|▌         | 1/20 [00:22<07:08, 22.56s/it, RMSE=8.941TECU, rel_dP=3.21e-02]  [EKF] iterating [analytical]:   5%|▌         | 1/20 [00:45<07:08, 22.56s/it, RMSE=3.800TECU, rel_dP=1.73e-02]  [EKF] iterating [analytical]:  10%|█         | 2/20 [00:45<06:49, 22.75s/it, RMSE=3.800TECU, rel_dP=1.73e-02]  [EKF] iterating [analytical]:  10%|█         | 2/20 [01:08<06:49, 22.75s/it, RMSE=1.885TECU, rel_dP=9.24e-03]  [EKF] iterating [analytical]:  15%|█▌        | 3/20 [01:08<06:29, 22.92s/it, RMSE=1.885TECU, rel_dP=9.24e-03]  [EKF] iterating [analytical]:  15%|█▌        | 3/20 [01:31<06:29, 22.92s/it, RMSE=1.427TECU, rel_dP=6.04e-03]  [EKF] iterating [analytical]:  20%|██        | 4/20 [01:31<06:06, 22.91s/it, RMSE=1.427TECU, rel_dP=6.04e-03]  [EKF] iterating [analytical]:  20%|██        | 4/20 [02:22<06:06, 22.91s/it, RMSE=1.319TECU, rel_dP=3.17e-34]                                                                                                                 [EKF] iterating [analytical]:  20%|██        | 4/20 [02:22<06:06, 22.91s/it, RMSE=1.319TECU, rel_dP=3.17e-34]                                                                                                                 [EKF] Converged at iteration 5  (||ΔP||/||P|| = 3.17e-34 < tol=5.0e-04)
  [EKF] Posterior innovations  mean=0.07  std=1.32  max_abs=9.83 TECU
  [EKF] Prior RMSE 12.891 TECU  →  Post RMSE 1.634 TECU

  [sweep 2025-09-22_1400] N_OCC=70  (RO arcs available=19, used=19)
  [EKF] 19 arcs  |  3105 profile rays  |  905 update rays  |  n_state = 1392
  [EKF] Prior innovations  mean=6.61  std=17.82  max_abs=58.43 TECU
  [EKF] iterating [analytical]:   0%|          | 0/20 [00:00<?, ?it/s]  [EKF] iterating [analytical]:   0%|          | 0/20 [00:03<?, ?it/s, RMSE=19.008TECU, rel_dP=3.00e-02]  [EKF] iterating [analytical]:   5%|▌         | 1/20 [00:03<01:06,  3.51s/it, RMSE=19.008TECU, rel_dP=3.00e-02]  [EKF] iterating [analytical]:   5%|▌         | 1/20 [00:07<01:06,  3.51s/it, RMSE=6.952TECU, rel_dP=1.59e-02]   [EKF] iterating [analytical]:  10%|█         | 2/20 [00:07<01:03,  3.54s/it, RMSE=6.952TECU, rel_dP=1.59e-02]  [EKF] iterating [analytical]:  10%|█         | 2/20 [00:10<01:03,  3.54s/it, RMSE=3.055TECU, rel_dP=8.43e-03]  [EKF] iterating [analytical]:  15%|█▌        | 3/20 [00:10<00:59,  3.50s/it, RMSE=3.055TECU, rel_dP=8.43e-03]  [EKF] iterating [analytical]:  15%|█▌        | 3/20 [00:13<00:59,  3.50s/it, RMSE=2.050TECU, rel_dP=5.41e-03]  [EKF] iterating [analytical]:  20%|██        | 4/20 [00:13<00:55,  3.48s/it, RMSE=2.050TECU, rel_dP=5.41e-03]  [EKF] iterating [analytical]:  20%|██        | 4/20 [00:17<00:55,  3.48s/it, RMSE=1.763TECU, rel_dP=3.94e-03]  [EKF] iterating [analytical]:  25%|██▌       | 5/20 [00:17<00:52,  3.50s/it, RMSE=1.763TECU, rel_dP=3.94e-03]  [EKF] iterating [analytical]:  25%|██▌       | 5/20 [00:21<00:52,  3.50s/it, RMSE=1.621TECU, rel_dP=3.08e-03]  [EKF] iterating [analytical]:  30%|███       | 6/20 [00:21<00:49,  3.51s/it, RMSE=1.621TECU, rel_dP=3.08e-03]  [EKF] iterating [analytical]:  30%|███       | 6/20 [00:24<00:49,  3.51s/it, RMSE=1.530TECU, rel_dP=2.52e-03]  [EKF] iterating [analytical]:  35%|███▌      | 7/20 [00:24<00:45,  3.54s/it, RMSE=1.530TECU, rel_dP=2.52e-03]  [EKF] iterating [analytical]:  35%|███▌      | 7/20 [00:28<00:45,  3.54s/it, RMSE=1.465TECU, rel_dP=2.13e-03]  [EKF] iterating [analytical]:  40%|████      | 8/20 [00:28<00:42,  3.51s/it, RMSE=1.465TECU, rel_dP=2.13e-03]  [EKF] iterating [analytical]:  40%|████      | 8/20 [00:31<00:42,  3.51s/it, RMSE=1.415TECU, rel_dP=1.85e-03]  [EKF] iterating [analytical]:  45%|████▌     | 9/20 [00:31<00:38,  3.51s/it, RMSE=1.415TECU, rel_dP=1.85e-03]  [EKF] iterating [analytical]:  45%|████▌     | 9/20 [00:35<00:38,  3.51s/it, RMSE=1.375TECU, rel_dP=1.63e-03]  [EKF] iterating [analytical]:  50%|█████     | 10/20 [00:35<00:35,  3.57s/it, RMSE=1.375TECU, rel_dP=1.63e-03]  [EKF] iterating [analytical]:  50%|█████     | 10/20 [00:38<00:35,  3.57s/it, RMSE=1.343TECU, rel_dP=1.47e-03]  [EKF] iterating [analytical]:  55%|█████▌    | 11/20 [00:38<00:31,  3.54s/it, RMSE=1.343TECU, rel_dP=1.47e-03]  [EKF] iterating [analytical]:  55%|█████▌    | 11/20 [00:42<00:31,  3.54s/it, RMSE=1.316TECU, rel_dP=1.34e-03]  [EKF] iterating [analytical]:  60%|██████    | 12/20 [00:42<00:28,  3.59s/it, RMSE=1.316TECU, rel_dP=1.34e-03]  [EKF] iterating [analytical]:  60%|██████    | 12/20 [00:46<00:28,  3.59s/it, RMSE=1.293TECU, rel_dP=1.23e-03]  [EKF] iterating [analytical]:  65%|██████▌   | 13/20 [00:46<00:25,  3.60s/it, RMSE=1.293TECU, rel_dP=1.23e-03]  [EKF] iterating [analytical]:  65%|██████▌   | 13/20 [00:49<00:25,  3.60s/it, RMSE=1.273TECU, rel_dP=1.15e-03]  [EKF] iterating [analytical]:  70%|███████   | 14/20 [00:49<00:21,  3.55s/it, RMSE=1.273TECU, rel_dP=1.15e-03]  [EKF] iterating [analytical]:  70%|███████   | 14/20 [00:52<00:21,  3.55s/it, RMSE=1.255TECU, rel_dP=1.08e-03]  [EKF] iterating [analytical]:  75%|███████▌  | 15/20 [00:52<00:17,  3.51s/it, RMSE=1.255TECU, rel_dP=1.08e-03]  [EKF] iterating [analytical]:  75%|███████▌  | 15/20 [00:56<00:17,  3.51s/it, RMSE=1.239TECU, rel_dP=1.01e-03]  [EKF] iterating [analytical]:  80%|████████  | 16/20 [00:56<00:13,  3.47s/it, RMSE=1.239TECU, rel_dP=1.01e-03]  [EKF] iterating [analytical]:  80%|████████  | 16/20 [00:59<00:13,  3.47s/it, RMSE=1.225TECU, rel_dP=9.60e-04]  [EKF] iterating [analytical]:  85%|████████▌ | 17/20 [00:59<00:10,  3.48s/it, RMSE=1.225TECU, rel_dP=9.60e-04]  [EKF] iterating [analytical]:  85%|████████▌ | 17/20 [01:03<00:10,  3.48s/it, RMSE=1.212TECU, rel_dP=9.12e-04]  [EKF] iterating [analytical]:  90%|█████████ | 18/20 [01:03<00:06,  3.48s/it, RMSE=1.212TECU, rel_dP=9.12e-04]  [EKF] iterating [analytical]:  90%|█████████ | 18/20 [01:06<00:06,  3.48s/it, RMSE=1.200TECU, rel_dP=8.71e-04]  [EKF] iterating [analytical]:  95%|█████████▌| 19/20 [01:06<00:03,  3.48s/it, RMSE=1.200TECU, rel_dP=8.71e-04]  [EKF] iterating [analytical]:  95%|█████████▌| 19/20 [01:10<00:03,  3.48s/it, RMSE=1.189TECU, rel_dP=8.33e-04]  [EKF] iterating [analytical]: 100%|██████████| 20/20 [01:10<00:00,  3.46s/it, RMSE=1.189TECU, rel_dP=8.33e-04]                                                                                                                  [EKF] Reached max_iter=20 without convergence  (final ||ΔP||/||P|| = 8.33e-04)
  [EKF] Posterior innovations  mean=0.02  std=1.18  max_abs=8.41 TECU
  [EKF] Prior RMSE 18.922 TECU  →  Post RMSE 1.243 TECU
  [EKF] 632 arcs  |  7060 profile rays  |  4860 update rays  |  n_state = 1392
  [EKF] Prior innovations  mean=3.22  std=8.34  max_abs=58.43 TECU
  [EKF] iterating [analytical]:   0%|          | 0/20 [00:00<?, ?it/s]  [EKF] iterating [analytical]:   0%|          | 0/20 [00:22<?, ?it/s, RMSE=8.941TECU, rel_dP=3.21e-02]  [EKF] iterating [analytical]:   5%|▌         | 1/20 [00:22<07:09, 22.62s/it, RMSE=8.941TECU, rel_dP=3.21e-02]  [EKF] iterating [analytical]:   5%|▌         | 1/20 [00:45<07:09, 22.62s/it, RMSE=3.800TECU, rel_dP=1.73e-02]  [EKF] iterating [analytical]:  10%|█         | 2/20 [00:45<06:45, 22.55s/it, RMSE=3.800TECU, rel_dP=1.73e-02]  [EKF] iterating [analytical]:  10%|█         | 2/20 [01:08<06:45, 22.55s/it, RMSE=1.885TECU, rel_dP=9.24e-03]  [EKF] iterating [analytical]:  15%|█▌        | 3/20 [01:08<06:26, 22.75s/it, RMSE=1.885TECU, rel_dP=9.24e-03]  [EKF] iterating [analytical]:  15%|█▌        | 3/20 [01:30<06:26, 22.75s/it, RMSE=1.427TECU, rel_dP=6.04e-03]  [EKF] iterating [analytical]:  20%|██        | 4/20 [01:30<06:02, 22.67s/it, RMSE=1.427TECU, rel_dP=6.04e-03]  [EKF] iterating [analytical]:  20%|██        | 4/20 [02:14<06:02, 22.67s/it, RMSE=1.319TECU, rel_dP=3.17e-34]                                                                                                                 [EKF] iterating [analytical]:  20%|██        | 4/20 [02:14<06:02, 22.67s/it, RMSE=1.319TECU, rel_dP=3.17e-34]                                                                                                                 [EKF] Converged at iteration 5  (||ΔP||/||P|| = 3.17e-34 < tol=5.0e-04)
  [EKF] Posterior innovations  mean=0.07  std=1.32  max_abs=9.83 TECU
  [EKF] Prior RMSE 12.891 TECU  →  Post RMSE 1.634 TECU

  [sweep 2025-09-22_1400] N_OCC=80  (RO arcs available=19, used=19)
  [EKF] 19 arcs  |  3105 profile rays  |  905 update rays  |  n_state = 1392
  [EKF] Prior innovations  mean=6.61  std=17.82  max_abs=58.43 TECU
  [EKF] iterating [analytical]:   0%|          | 0/20 [00:00<?, ?it/s]  [EKF] iterating [analytical]:   0%|          | 0/20 [00:03<?, ?it/s, RMSE=19.008TECU, rel_dP=3.00e-02]  [EKF] iterating [analytical]:   5%|▌         | 1/20 [00:03<01:05,  3.44s/it, RMSE=19.008TECU, rel_dP=3.00e-02]  [EKF] iterating [analytical]:   5%|▌         | 1/20 [00:06<01:05,  3.44s/it, RMSE=6.952TECU, rel_dP=1.59e-02]   [EKF] iterating [analytical]:  10%|█         | 2/20 [00:06<01:03,  3.50s/it, RMSE=6.952TECU, rel_dP=1.59e-02]  [EKF] iterating [analytical]:  10%|█         | 2/20 [00:10<01:03,  3.50s/it, RMSE=3.055TECU, rel_dP=8.43e-03]  [EKF] iterating [analytical]:  15%|█▌        | 3/20 [00:10<00:59,  3.49s/it, RMSE=3.055TECU, rel_dP=8.43e-03]  [EKF] iterating [analytical]:  15%|█▌        | 3/20 [00:14<00:59,  3.49s/it, RMSE=2.050TECU, rel_dP=5.41e-03]  [EKF] iterating [analytical]:  20%|██        | 4/20 [00:14<00:56,  3.55s/it, RMSE=2.050TECU, rel_dP=5.41e-03]  [EKF] iterating [analytical]:  20%|██        | 4/20 [00:17<00:56,  3.55s/it, RMSE=1.763TECU, rel_dP=3.94e-03]  [EKF] iterating [analytical]:  25%|██▌       | 5/20 [00:17<00:53,  3.59s/it, RMSE=1.763TECU, rel_dP=3.94e-03]  [EKF] iterating [analytical]:  25%|██▌       | 5/20 [00:21<00:53,  3.59s/it, RMSE=1.621TECU, rel_dP=3.08e-03]  [EKF] iterating [analytical]:  30%|███       | 6/20 [00:21<00:49,  3.56s/it, RMSE=1.621TECU, rel_dP=3.08e-03]  [EKF] iterating [analytical]:  30%|███       | 6/20 [00:24<00:49,  3.56s/it, RMSE=1.530TECU, rel_dP=2.52e-03]  [EKF] iterating [analytical]:  35%|███▌      | 7/20 [00:24<00:45,  3.54s/it, RMSE=1.530TECU, rel_dP=2.52e-03]  [EKF] iterating [analytical]:  35%|███▌      | 7/20 [00:28<00:45,  3.54s/it, RMSE=1.465TECU, rel_dP=2.13e-03]  [EKF] iterating [analytical]:  40%|████      | 8/20 [00:28<00:42,  3.51s/it, RMSE=1.465TECU, rel_dP=2.13e-03]  [EKF] iterating [analytical]:  40%|████      | 8/20 [00:31<00:42,  3.51s/it, RMSE=1.415TECU, rel_dP=1.85e-03]  [EKF] iterating [analytical]:  45%|████▌     | 9/20 [00:31<00:39,  3.55s/it, RMSE=1.415TECU, rel_dP=1.85e-03]  [EKF] iterating [analytical]:  45%|████▌     | 9/20 [00:35<00:39,  3.55s/it, RMSE=1.375TECU, rel_dP=1.63e-03]  [EKF] iterating [analytical]:  50%|█████     | 10/20 [00:35<00:35,  3.54s/it, RMSE=1.375TECU, rel_dP=1.63e-03]  [EKF] iterating [analytical]:  50%|█████     | 10/20 [00:38<00:35,  3.54s/it, RMSE=1.343TECU, rel_dP=1.47e-03]  [EKF] iterating [analytical]:  55%|█████▌    | 11/20 [00:38<00:31,  3.50s/it, RMSE=1.343TECU, rel_dP=1.47e-03]  [EKF] iterating [analytical]:  55%|█████▌    | 11/20 [00:42<00:31,  3.50s/it, RMSE=1.316TECU, rel_dP=1.34e-03]  [EKF] iterating [analytical]:  60%|██████    | 12/20 [00:42<00:27,  3.48s/it, RMSE=1.316TECU, rel_dP=1.34e-03]  [EKF] iterating [analytical]:  60%|██████    | 12/20 [00:45<00:27,  3.48s/it, RMSE=1.293TECU, rel_dP=1.23e-03]  [EKF] iterating [analytical]:  65%|██████▌   | 13/20 [00:45<00:24,  3.45s/it, RMSE=1.293TECU, rel_dP=1.23e-03]  [EKF] iterating [analytical]:  65%|██████▌   | 13/20 [00:49<00:24,  3.45s/it, RMSE=1.273TECU, rel_dP=1.15e-03]  [EKF] iterating [analytical]:  70%|███████   | 14/20 [00:49<00:20,  3.44s/it, RMSE=1.273TECU, rel_dP=1.15e-03]  [EKF] iterating [analytical]:  70%|███████   | 14/20 [00:52<00:20,  3.44s/it, RMSE=1.255TECU, rel_dP=1.08e-03]  [EKF] iterating [analytical]:  75%|███████▌  | 15/20 [00:52<00:17,  3.47s/it, RMSE=1.255TECU, rel_dP=1.08e-03]  [EKF] iterating [analytical]:  75%|███████▌  | 15/20 [00:55<00:17,  3.47s/it, RMSE=1.239TECU, rel_dP=1.01e-03]  [EKF] iterating [analytical]:  80%|████████  | 16/20 [00:55<00:13,  3.44s/it, RMSE=1.239TECU, rel_dP=1.01e-03]  [EKF] iterating [analytical]:  80%|████████  | 16/20 [00:59<00:13,  3.44s/it, RMSE=1.225TECU, rel_dP=9.60e-04]  [EKF] iterating [analytical]:  85%|████████▌ | 17/20 [00:59<00:10,  3.47s/it, RMSE=1.225TECU, rel_dP=9.60e-04]  [EKF] iterating [analytical]:  85%|████████▌ | 17/20 [01:03<00:10,  3.47s/it, RMSE=1.212TECU, rel_dP=9.12e-04]  [EKF] iterating [analytical]:  90%|█████████ | 18/20 [01:03<00:07,  3.53s/it, RMSE=1.212TECU, rel_dP=9.12e-04]  [EKF] iterating [analytical]:  90%|█████████ | 18/20 [01:06<00:07,  3.53s/it, RMSE=1.200TECU, rel_dP=8.71e-04]  [EKF] iterating [analytical]:  95%|█████████▌| 19/20 [01:06<00:03,  3.61s/it, RMSE=1.200TECU, rel_dP=8.71e-04]  [EKF] iterating [analytical]:  95%|█████████▌| 19/20 [01:10<00:03,  3.61s/it, RMSE=1.189TECU, rel_dP=8.33e-04]  [EKF] iterating [analytical]: 100%|██████████| 20/20 [01:10<00:00,  3.68s/it, RMSE=1.189TECU, rel_dP=8.33e-04]                                                                                                                  [EKF] Reached max_iter=20 without convergence  (final ||ΔP||/||P|| = 8.33e-04)
  [EKF] Posterior innovations  mean=0.02  std=1.18  max_abs=8.41 TECU
  [EKF] Prior RMSE 18.922 TECU  →  Post RMSE 1.243 TECU
  [EKF] 632 arcs  |  7060 profile rays  |  4860 update rays  |  n_state = 1392
  [EKF] Prior innovations  mean=3.22  std=8.34  max_abs=58.43 TECU
  [EKF] iterating [analytical]:   0%|          | 0/20 [00:00<?, ?it/s]  [EKF] iterating [analytical]:   0%|          | 0/20 [00:22<?, ?it/s, RMSE=8.941TECU, rel_dP=3.21e-02]  [EKF] iterating [analytical]:   5%|▌         | 1/20 [00:22<07:12, 22.75s/it, RMSE=8.941TECU, rel_dP=3.21e-02]  [EKF] iterating [analytical]:   5%|▌         | 1/20 [00:45<07:12, 22.75s/it, RMSE=3.800TECU, rel_dP=1.73e-02]  [EKF] iterating [analytical]:  10%|█         | 2/20 [00:45<06:48, 22.71s/it, RMSE=3.800TECU, rel_dP=1.73e-02]  [EKF] iterating [analytical]:  10%|█         | 2/20 [01:07<06:48, 22.71s/it, RMSE=1.885TECU, rel_dP=9.24e-03]  [EKF] iterating [analytical]:  15%|█▌        | 3/20 [01:07<06:23, 22.59s/it, RMSE=1.885TECU, rel_dP=9.24e-03]  [EKF] iterating [analytical]:  15%|█▌        | 3/20 [01:30<06:23, 22.59s/it, RMSE=1.427TECU, rel_dP=6.04e-03]  [EKF] iterating [analytical]:  20%|██        | 4/20 [01:30<06:03, 22.70s/it, RMSE=1.427TECU, rel_dP=6.04e-03]  [EKF] iterating [analytical]:  20%|██        | 4/20 [02:22<06:03, 22.70s/it, RMSE=1.319TECU, rel_dP=3.17e-34]                                                                                                                 [EKF] iterating [analytical]:  20%|██        | 4/20 [02:22<06:03, 22.70s/it, RMSE=1.319TECU, rel_dP=3.17e-34]                                                                                                                 [EKF] Converged at iteration 5  (||ΔP||/||P|| = 3.17e-34 < tol=5.0e-04)
  [EKF] Posterior innovations  mean=0.07  std=1.32  max_abs=9.83 TECU
  [EKF] Prior RMSE 12.891 TECU  →  Post RMSE 1.634 TECU

  [sweep 2025-09-22_1400] N_OCC=90  (RO arcs available=19, used=19)
  [EKF] 19 arcs  |  3105 profile rays  |  905 update rays  |  n_state = 1392
  [EKF] Prior innovations  mean=6.61  std=17.82  max_abs=58.43 TECU
  [EKF] iterating [analytical]:   0%|          | 0/20 [00:00<?, ?it/s]  [EKF] iterating [analytical]:   0%|          | 0/20 [00:03<?, ?it/s, RMSE=19.008TECU, rel_dP=3.00e-02]  [EKF] iterating [analytical]:   5%|▌         | 1/20 [00:03<01:07,  3.58s/it, RMSE=19.008TECU, rel_dP=3.00e-02]  [EKF] iterating [analytical]:   5%|▌         | 1/20 [00:07<01:07,  3.58s/it, RMSE=6.952TECU, rel_dP=1.59e-02]   [EKF] iterating [analytical]:  10%|█         | 2/20 [00:07<01:05,  3.62s/it, RMSE=6.952TECU, rel_dP=1.59e-02]  [EKF] iterating [analytical]:  10%|█         | 2/20 [00:10<01:05,  3.62s/it, RMSE=3.055TECU, rel_dP=8.43e-03]  [EKF] iterating [analytical]:  15%|█▌        | 3/20 [00:10<01:01,  3.60s/it, RMSE=3.055TECU, rel_dP=8.43e-03]  [EKF] iterating [analytical]:  15%|█▌        | 3/20 [00:14<01:01,  3.60s/it, RMSE=2.050TECU, rel_dP=5.41e-03]  [EKF] iterating [analytical]:  20%|██        | 4/20 [00:14<00:57,  3.60s/it, RMSE=2.050TECU, rel_dP=5.41e-03]  [EKF] iterating [analytical]:  20%|██        | 4/20 [00:17<00:57,  3.60s/it, RMSE=1.763TECU, rel_dP=3.94e-03]  [EKF] iterating [analytical]:  25%|██▌       | 5/20 [00:17<00:53,  3.58s/it, RMSE=1.763TECU, rel_dP=3.94e-03]  [EKF] iterating [analytical]:  25%|██▌       | 5/20 [00:21<00:53,  3.58s/it, RMSE=1.621TECU, rel_dP=3.08e-03]  [EKF] iterating [analytical]:  30%|███       | 6/20 [00:21<00:50,  3.61s/it, RMSE=1.621TECU, rel_dP=3.08e-03]  [EKF] iterating [analytical]:  30%|███       | 6/20 [00:25<00:50,  3.61s/it, RMSE=1.530TECU, rel_dP=2.52e-03]  [EKF] iterating [analytical]:  35%|███▌      | 7/20 [00:25<00:46,  3.59s/it, RMSE=1.530TECU, rel_dP=2.52e-03]  [EKF] iterating [analytical]:  35%|███▌      | 7/20 [00:28<00:46,  3.59s/it, RMSE=1.465TECU, rel_dP=2.13e-03]  [EKF] iterating [analytical]:  40%|████      | 8/20 [00:28<00:43,  3.60s/it, RMSE=1.465TECU, rel_dP=2.13e-03]  [EKF] iterating [analytical]:  40%|████      | 8/20 [00:32<00:43,  3.60s/it, RMSE=1.415TECU, rel_dP=1.85e-03]  [EKF] iterating [analytical]:  45%|████▌     | 9/20 [00:32<00:39,  3.57s/it, RMSE=1.415TECU, rel_dP=1.85e-03]  [EKF] iterating [analytical]:  45%|████▌     | 9/20 [00:35<00:39,  3.57s/it, RMSE=1.375TECU, rel_dP=1.63e-03]  [EKF] iterating [analytical]:  50%|█████     | 10/20 [00:35<00:35,  3.55s/it, RMSE=1.375TECU, rel_dP=1.63e-03]  [EKF] iterating [analytical]:  50%|█████     | 10/20 [00:39<00:35,  3.55s/it, RMSE=1.343TECU, rel_dP=1.47e-03]  [EKF] iterating [analytical]:  55%|█████▌    | 11/20 [00:39<00:32,  3.56s/it, RMSE=1.343TECU, rel_dP=1.47e-03]  [EKF] iterating [analytical]:  55%|█████▌    | 11/20 [00:42<00:32,  3.56s/it, RMSE=1.316TECU, rel_dP=1.34e-03]  [EKF] iterating [analytical]:  60%|██████    | 12/20 [00:42<00:28,  3.54s/it, RMSE=1.316TECU, rel_dP=1.34e-03]  [EKF] iterating [analytical]:  60%|██████    | 12/20 [00:46<00:28,  3.54s/it, RMSE=1.293TECU, rel_dP=1.23e-03]  [EKF] iterating [analytical]:  65%|██████▌   | 13/20 [00:46<00:24,  3.54s/it, RMSE=1.293TECU, rel_dP=1.23e-03]  [EKF] iterating [analytical]:  65%|██████▌   | 13/20 [00:49<00:24,  3.54s/it, RMSE=1.273TECU, rel_dP=1.15e-03]  [EKF] iterating [analytical]:  70%|███████   | 14/20 [00:49<00:21,  3.55s/it, RMSE=1.273TECU, rel_dP=1.15e-03]  [EKF] iterating [analytical]:  70%|███████   | 14/20 [00:53<00:21,  3.55s/it, RMSE=1.255TECU, rel_dP=1.08e-03]  [EKF] iterating [analytical]:  75%|███████▌  | 15/20 [00:53<00:17,  3.52s/it, RMSE=1.255TECU, rel_dP=1.08e-03]  [EKF] iterating [analytical]:  75%|███████▌  | 15/20 [00:57<00:17,  3.52s/it, RMSE=1.239TECU, rel_dP=1.01e-03]  [EKF] iterating [analytical]:  80%|████████  | 16/20 [00:57<00:14,  3.57s/it, RMSE=1.239TECU, rel_dP=1.01e-03]  [EKF] iterating [analytical]:  80%|████████  | 16/20 [01:00<00:14,  3.57s/it, RMSE=1.225TECU, rel_dP=9.60e-04]  [EKF] iterating [analytical]:  85%|████████▌ | 17/20 [01:00<00:10,  3.65s/it, RMSE=1.225TECU, rel_dP=9.60e-04]  [EKF] iterating [analytical]:  85%|████████▌ | 17/20 [01:04<00:10,  3.65s/it, RMSE=1.212TECU, rel_dP=9.12e-04]  [EKF] iterating [analytical]:  90%|█████████ | 18/20 [01:04<00:07,  3.76s/it, RMSE=1.212TECU, rel_dP=9.12e-04]  [EKF] iterating [analytical]:  90%|█████████ | 18/20 [01:08<00:07,  3.76s/it, RMSE=1.200TECU, rel_dP=8.71e-04]  [EKF] iterating [analytical]:  95%|█████████▌| 19/20 [01:08<00:03,  3.78s/it, RMSE=1.200TECU, rel_dP=8.71e-04]  [EKF] iterating [analytical]:  95%|█████████▌| 19/20 [01:12<00:03,  3.78s/it, RMSE=1.189TECU, rel_dP=8.33e-04]  [EKF] iterating [analytical]: 100%|██████████| 20/20 [01:12<00:00,  3.76s/it, RMSE=1.189TECU, rel_dP=8.33e-04]                                                                                                                  [EKF] Reached max_iter=20 without convergence  (final ||ΔP||/||P|| = 8.33e-04)
  [EKF] Posterior innovations  mean=0.02  std=1.18  max_abs=8.41 TECU
  [EKF] Prior RMSE 18.922 TECU  →  Post RMSE 1.243 TECU
  [EKF] 632 arcs  |  7060 profile rays  |  4860 update rays  |  n_state = 1392
  [EKF] Prior innovations  mean=3.22  std=8.34  max_abs=58.43 TECU
  [EKF] iterating [analytical]:   0%|          | 0/20 [00:00<?, ?it/s]  [EKF] iterating [analytical]:   0%|          | 0/20 [00:23<?, ?it/s, RMSE=8.941TECU, rel_dP=3.21e-02]  [EKF] iterating [analytical]:   5%|▌         | 1/20 [00:23<07:25, 23.44s/it, RMSE=8.941TECU, rel_dP=3.21e-02]  [EKF] iterating [analytical]:   5%|▌         | 1/20 [00:47<07:25, 23.44s/it, RMSE=3.800TECU, rel_dP=1.73e-02]  [EKF] iterating [analytical]:  10%|█         | 2/20 [00:47<07:08, 23.82s/it, RMSE=3.800TECU, rel_dP=1.73e-02]  [EKF] iterating [analytical]:  10%|█         | 2/20 [01:12<07:08, 23.82s/it, RMSE=1.885TECU, rel_dP=9.24e-03]  [EKF] iterating [analytical]:  15%|█▌        | 3/20 [01:12<06:57, 24.55s/it, RMSE=1.885TECU, rel_dP=9.24e-03]  [EKF] iterating [analytical]:  15%|█▌        | 3/20 [01:39<06:57, 24.55s/it, RMSE=1.427TECU, rel_dP=6.04e-03]  [EKF] iterating [analytical]:  20%|██        | 4/20 [01:39<06:42, 25.15s/it, RMSE=1.427TECU, rel_dP=6.04e-03]  [EKF] iterating [analytical]:  20%|██        | 4/20 [03:00<06:42, 25.15s/it, RMSE=1.319TECU, rel_dP=3.17e-34]                                                                                                                 [EKF] iterating [analytical]:  20%|██        | 4/20 [03:00<06:42, 25.15s/it, RMSE=1.319TECU, rel_dP=3.17e-34]                                                                                                                 [EKF] Converged at iteration 5  (||ΔP||/||P|| = 3.17e-34 < tol=5.0e-04)
  [EKF] Posterior innovations  mean=0.07  std=1.32  max_abs=9.83 TECU
  [EKF] Prior RMSE 12.891 TECU  →  Post RMSE 1.634 TECU

  [sweep 2025-09-22_1400] N_OCC=100  (RO arcs available=19, used=19)
  [EKF] 19 arcs  |  3105 profile rays  |  905 update rays  |  n_state = 1392
  [EKF] Prior innovations  mean=6.61  std=17.82  max_abs=58.43 TECU
  [EKF] iterating [analytical]:   0%|          | 0/20 [00:00<?, ?it/s]  [EKF] iterating [analytical]:   0%|          | 0/20 [00:03<?, ?it/s, RMSE=19.008TECU, rel_dP=3.00e-02]  [EKF] iterating [analytical]:   5%|▌         | 1/20 [00:03<01:07,  3.54s/it, RMSE=19.008TECU, rel_dP=3.00e-02]  [EKF] iterating [analytical]:   5%|▌         | 1/20 [00:07<01:07,  3.54s/it, RMSE=6.952TECU, rel_dP=1.59e-02]   [EKF] iterating [analytical]:  10%|█         | 2/20 [00:07<01:03,  3.51s/it, RMSE=6.952TECU, rel_dP=1.59e-02]  [EKF] iterating [analytical]:  10%|█         | 2/20 [00:10<01:03,  3.51s/it, RMSE=3.055TECU, rel_dP=8.43e-03]  [EKF] iterating [analytical]:  15%|█▌        | 3/20 [00:10<00:59,  3.52s/it, RMSE=3.055TECU, rel_dP=8.43e-03]  [EKF] iterating [analytical]:  15%|█▌        | 3/20 [00:14<00:59,  3.52s/it, RMSE=2.050TECU, rel_dP=5.41e-03]  [EKF] iterating [analytical]:  20%|██        | 4/20 [00:14<00:56,  3.51s/it, RMSE=2.050TECU, rel_dP=5.41e-03]  [EKF] iterating [analytical]:  20%|██        | 4/20 [00:17<00:56,  3.51s/it, RMSE=1.763TECU, rel_dP=3.94e-03]  [EKF] iterating [analytical]:  25%|██▌       | 5/20 [00:17<00:52,  3.51s/it, RMSE=1.763TECU, rel_dP=3.94e-03]  [EKF] iterating [analytical]:  25%|██▌       | 5/20 [00:21<00:52,  3.51s/it, RMSE=1.621TECU, rel_dP=3.08e-03]  [EKF] iterating [analytical]:  30%|███       | 6/20 [00:21<00:49,  3.54s/it, RMSE=1.621TECU, rel_dP=3.08e-03]  [EKF] iterating [analytical]:  30%|███       | 6/20 [00:24<00:49,  3.54s/it, RMSE=1.530TECU, rel_dP=2.52e-03]  [EKF] iterating [analytical]:  35%|███▌      | 7/20 [00:24<00:45,  3.52s/it, RMSE=1.530TECU, rel_dP=2.52e-03]  [EKF] iterating [analytical]:  35%|███▌      | 7/20 [00:28<00:45,  3.52s/it, RMSE=1.465TECU, rel_dP=2.13e-03]  [EKF] iterating [analytical]:  40%|████      | 8/20 [00:28<00:43,  3.61s/it, RMSE=1.465TECU, rel_dP=2.13e-03]  [EKF] iterating [analytical]:  40%|████      | 8/20 [00:32<00:43,  3.61s/it, RMSE=1.415TECU, rel_dP=1.85e-03]  [EKF] iterating [analytical]:  45%|████▌     | 9/20 [00:32<00:40,  3.65s/it, RMSE=1.415TECU, rel_dP=1.85e-03]  [EKF] iterating [analytical]:  45%|████▌     | 9/20 [00:35<00:40,  3.65s/it, RMSE=1.375TECU, rel_dP=1.63e-03]  [EKF] iterating [analytical]:  50%|█████     | 10/20 [00:35<00:36,  3.69s/it, RMSE=1.375TECU, rel_dP=1.63e-03]  [EKF] iterating [analytical]:  50%|█████     | 10/20 [00:39<00:36,  3.69s/it, RMSE=1.343TECU, rel_dP=1.47e-03]  [EKF] iterating [analytical]:  55%|█████▌    | 11/20 [00:39<00:33,  3.69s/it, RMSE=1.343TECU, rel_dP=1.47e-03]  [EKF] iterating [analytical]:  55%|█████▌    | 11/20 [00:43<00:33,  3.69s/it, RMSE=1.316TECU, rel_dP=1.34e-03]  [EKF] iterating [analytical]:  60%|██████    | 12/20 [00:43<00:29,  3.70s/it, RMSE=1.316TECU, rel_dP=1.34e-03]  [EKF] iterating [analytical]:  60%|██████    | 12/20 [00:47<00:29,  3.70s/it, RMSE=1.293TECU, rel_dP=1.23e-03]  [EKF] iterating [analytical]:  65%|██████▌   | 13/20 [00:47<00:25,  3.71s/it, RMSE=1.293TECU, rel_dP=1.23e-03]  [EKF] iterating [analytical]:  65%|██████▌   | 13/20 [00:50<00:25,  3.71s/it, RMSE=1.273TECU, rel_dP=1.15e-03]  [EKF] iterating [analytical]:  70%|███████   | 14/20 [00:50<00:22,  3.69s/it, RMSE=1.273TECU, rel_dP=1.15e-03]  [EKF] iterating [analytical]:  70%|███████   | 14/20 [00:54<00:22,  3.69s/it, RMSE=1.255TECU, rel_dP=1.08e-03]  [EKF] iterating [analytical]:  75%|███████▌  | 15/20 [00:54<00:18,  3.70s/it, RMSE=1.255TECU, rel_dP=1.08e-03]  [EKF] iterating [analytical]:  75%|███████▌  | 15/20 [00:58<00:18,  3.70s/it, RMSE=1.239TECU, rel_dP=1.01e-03]  [EKF] iterating [analytical]:  80%|████████  | 16/20 [00:58<00:14,  3.70s/it, RMSE=1.239TECU, rel_dP=1.01e-03]  [EKF] iterating [analytical]:  80%|████████  | 16/20 [01:01<00:14,  3.70s/it, RMSE=1.225TECU, rel_dP=9.60e-04]  [EKF] iterating [analytical]:  85%|████████▌ | 17/20 [01:01<00:11,  3.68s/it, RMSE=1.225TECU, rel_dP=9.60e-04]  [EKF] iterating [analytical]:  85%|████████▌ | 17/20 [01:05<00:11,  3.68s/it, RMSE=1.212TECU, rel_dP=9.12e-04]  [EKF] iterating [analytical]:  90%|█████████ | 18/20 [01:05<00:07,  3.69s/it, RMSE=1.212TECU, rel_dP=9.12e-04]  [EKF] iterating [analytical]:  90%|█████████ | 18/20 [01:09<00:07,  3.69s/it, RMSE=1.200TECU, rel_dP=8.71e-04]  [EKF] iterating [analytical]:  95%|█████████▌| 19/20 [01:09<00:03,  3.68s/it, RMSE=1.200TECU, rel_dP=8.71e-04]  [EKF] iterating [analytical]:  95%|█████████▌| 19/20 [01:12<00:03,  3.68s/it, RMSE=1.189TECU, rel_dP=8.33e-04]  [EKF] iterating [analytical]: 100%|██████████| 20/20 [01:12<00:00,  3.66s/it, RMSE=1.189TECU, rel_dP=8.33e-04]                                                                                                                  [EKF] Reached max_iter=20 without convergence  (final ||ΔP||/||P|| = 8.33e-04)
  [EKF] Posterior innovations  mean=0.02  std=1.18  max_abs=8.41 TECU
  [EKF] Prior RMSE 18.922 TECU  →  Post RMSE 1.243 TECU
  [EKF] 632 arcs  |  7060 profile rays  |  4860 update rays  |  n_state = 1392
  [EKF] Prior innovations  mean=3.22  std=8.34  max_abs=58.43 TECU
  [EKF] iterating [analytical]:   0%|          | 0/20 [00:00<?, ?it/s]  [EKF] iterating [analytical]:   0%|          | 0/20 [00:23<?, ?it/s, RMSE=8.941TECU, rel_dP=3.21e-02]  [EKF] iterating [analytical]:   5%|▌         | 1/20 [00:23<07:17, 23.01s/it, RMSE=8.941TECU, rel_dP=3.21e-02]  [EKF] iterating [analytical]:   5%|▌         | 1/20 [00:45<07:17, 23.01s/it, RMSE=3.800TECU, rel_dP=1.73e-02]  [EKF] iterating [analytical]:  10%|█         | 2/20 [00:45<06:50, 22.80s/it, RMSE=3.800TECU, rel_dP=1.73e-02]  [EKF] iterating [analytical]:  10%|█         | 2/20 [01:08<06:50, 22.80s/it, RMSE=1.885TECU, rel_dP=9.24e-03]  [EKF] iterating [analytical]:  15%|█▌        | 3/20 [01:08<06:29, 22.91s/it, RMSE=1.885TECU, rel_dP=9.24e-03]  [EKF] iterating [analytical]:  15%|█▌        | 3/20 [01:31<06:29, 22.91s/it, RMSE=1.427TECU, rel_dP=6.04e-03]  [EKF] iterating [analytical]:  20%|██        | 4/20 [01:31<06:06, 22.89s/it, RMSE=1.427TECU, rel_dP=6.04e-03]  [EKF] iterating [analytical]:  20%|██        | 4/20 [02:19<06:06, 22.89s/it, RMSE=1.319TECU, rel_dP=3.17e-34]                                                                                                                 [EKF] iterating [analytical]:  20%|██        | 4/20 [02:19<06:06, 22.89s/it, RMSE=1.319TECU, rel_dP=3.17e-34]                                                                                                                 [EKF] Converged at iteration 5  (||ΔP||/||P|| = 3.17e-34 < tol=5.0e-04)
  [EKF] Posterior innovations  mean=0.07  std=1.32  max_abs=9.83 TECU
  [EKF] Prior RMSE 12.891 TECU  →  Post RMSE 1.634 TECU
  ✓ window contributed 60 rows (240 total).

######################################################################
#  2025.352 (winter_solstice)  —  /home/austinhunter/Downloads/PlanetiQ_Code/BC_Processing/podTc2/2025.352/
######################################################################
  Qualifying arcs: 3431 across 24 60-min bins (before ROI gate)
    Window 2025-12-18_0100: 21 arcs  [C:9  E:6  G:6]
  Retained 1 windows (21 total arcs); dropped 2 (no ROI arcs) + 21 (< 16 arcs).

------------------------------------------------------------------
  Window 1/1: 2025-12-18_0100 (21 arcs)
------------------------------------------------------------------
  Building IRI grid  (221 pts, 5.0°)…
  [cache write] iri_2025_352_0100_5.0deg_lat5.6_88.0_lon-177.6_179.4.npz
  Building IRI truth grid [1-deg truth (sweep)]  (5562 pts, 03:00 UTC, F10.7+15) …
  Arc 1/21: 4 C28  175 epochs  TEC 7.0–65.1 TECU
  Arc 2/21: 4 E7  193 epochs  TEC 6.6–73.4 TECU
  Arc 3/21: 4 G9  187 epochs  TEC 7.6–77.4 TECU
  Arc 4/21: 4 C32  179 epochs  TEC 11.7–72.3 TECU
  Arc 5/21: 4 E25  180 epochs  TEC 12.4–85.7 TECU
  Arc 6/21: 5 G4  153 epochs  TEC 10.7–77.8 TECU
  Arc 7/21: 4 C24  192 epochs  TEC 8.8–71.1 TECU
  Arc 8/21: 8 E25  145 epochs  TEC 11.5–49.8 TECU
  Arc 9/21: 5 G10  175 epochs  TEC 18.3–105.4 TECU
  Arc 10/21: 4 C42  147 epochs  TEC 10.7–73.4 TECU
  Arc 11/21: 8 E9  139 epochs  TEC 12.6–83.4 TECU
  Arc 12/21: 8 G26  151 epochs  TEC 19.2–64.3 TECU
  Arc 13/21: 5 C32  147 epochs  TEC 10.4–71.4 TECU
  Arc 14/21: 8 E16  139 epochs  TEC 11.0–65.2 TECU
  Arc 15/21: 8 G29  182 epochs  TEC 17.9–101.6 TECU
  Arc 16/21: 5 C38  156 epochs  TEC 16.7–92.8 TECU
  Arc 17/21: 8 E5  179 epochs  TEC 10.1–61.3 TECU
  Arc 18/21: 8 G32  175 epochs  TEC 10.4–63.8 TECU
  Arc 19/21: 8 C42  175 epochs  TEC 10.9–56.8 TECU
  Arc 20/21: 8 C24  152 epochs  TEC 10.5–53.7 TECU
  Arc 21/21: 8 C32  172 epochs  TEC 10.8–56.7 TECU
  [IGS-sim] Resolved 9 station(s): ['TRO1', 'WUTH', 'NYA1', 'KIR0', 'SOD3', 'ALRT', 'SCOR', 'HOFN', 'REYK']
  [IGS-sim] Broadcast ephemeris: BRDC00IGS_R_20253520000_01D_MN.rnx
  [IGS-sim] 578/1980 (station, SV) pairs visible above 20° across 60-min window.
  IGS-sim arc 1/578: TRO1 TRO1_C06  8 rays  TEC 4.7–5.7 TECU
  IGS-sim arc 2/578: TRO1 TRO1_C09  6 rays  TEC 5.0–6.0 TECU
  IGS-sim arc 3/578: TRO1 TRO1_C14  8 rays  TEC 3.9–5.3 TECU
  IGS-sim arc 4/578: TRO1 TRO1_C16  8 rays  TEC 4.8–5.6 TECU
  IGS-sim arc 5/578: TRO1 TRO1_C26  5 rays  TEC 6.7–7.1 TECU
  IGS-sim arc 6/578: TRO1 TRO1_C27  8 rays  TEC 4.3–4.8 TECU
  IGS-sim arc 7/578: TRO1 TRO1_C28  6 rays  TEC 4.7–6.3 TECU
  IGS-sim arc 8/578: TRO1 TRO1_C30  8 rays  TEC 5.9–9.8 TECU
  IGS-sim arc 9/578: TRO1 TRO1_C33  8 rays  TEC 3.5–3.9 TECU
  IGS-sim arc 10/578: TRO1 TRO1_C39  8 rays  TEC 4.7–5.1 TECU
  IGS-sim arc 11/578: TRO1 TRO1_C41  8 rays  TEC 3.9–5.5 TECU
  IGS-sim arc 12/578: TRO1 TRO1_C42  3 rays  TEC 5.6–6.5 TECU
  IGS-sim arc 13/578: TRO1 TRO1_C45  3 rays  TEC 8.9–9.6 TECU
  IGS-sim arc 14/578: TRO1 TRO1_E03  8 rays  TEC 3.8–3.9 TECU
  IGS-sim arc 15/578: TRO1 TRO1_E03_1  8 rays  TEC 3.8–3.9 TECU
  IGS-sim arc 16/578: TRO1 TRO1_E03_2  8 rays  TEC 3.8–3.9 TECU
  IGS-sim arc 17/578: TRO1 TRO1_E03_3  8 rays  TEC 3.8–3.9 TECU
  IGS-sim arc 18/578: TRO1 TRO1_E05  7 rays  TEC 5.1–7.3 TECU
  IGS-sim arc 19/578: TRO1 TRO1_E05_1  7 rays  TEC 5.1–7.3 TECU
  IGS-sim arc 20/578: TRO1 TRO1_E05_2  7 rays  TEC 5.1–7.3 TECU
  IGS-sim arc 21/578: TRO1 TRO1_E05_3  7 rays  TEC 5.1–7.3 TECU
  IGS-sim arc 22/578: TRO1 TRO1_E08  6 rays  TEC 4.5–5.9 TECU
  IGS-sim arc 23/578: TRO1 TRO1_E08_1  6 rays  TEC 4.5–5.9 TECU
  IGS-sim arc 24/578: TRO1 TRO1_E08_2  6 rays  TEC 4.5–5.9 TECU
  IGS-sim arc 25/578: TRO1 TRO1_E08_3  6 rays  TEC 4.5–5.9 TECU
  IGS-sim arc 26/578: TRO1 TRO1_E13  8 rays  TEC 3.7–4.2 TECU
  IGS-sim arc 27/578: TRO1 TRO1_E13_1  8 rays  TEC 3.7–4.2 TECU
  IGS-sim arc 28/578: TRO1 TRO1_E13_2  8 rays  TEC 3.7–4.2 TECU
  IGS-sim arc 29/578: TRO1 TRO1_E13_3  8 rays  TEC 3.7–4.2 TECU
  IGS-sim arc 30/578: TRO1 TRO1_E15  8 rays  TEC 3.9–5.0 TECU
  IGS-sim arc 31/578: TRO1 TRO1_E15_1  8 rays  TEC 3.9–5.0 TECU
  IGS-sim arc 32/578: TRO1 TRO1_E15_2  8 rays  TEC 3.9–5.0 TECU
  IGS-sim arc 33/578: TRO1 TRO1_E15_3  8 rays  TEC 3.9–5.0 TECU
  IGS-sim arc 34/578: TRO1 TRO1_E23  4 rays  TEC 8.6–10.2 TECU
  IGS-sim arc 35/578: TRO1 TRO1_E23_1  4 rays  TEC 8.6–10.2 TECU
  IGS-sim arc 36/578: TRO1 TRO1_E23_2  4 rays  TEC 8.6–10.2 TECU
  IGS-sim arc 37/578: TRO1 TRO1_E23_3  4 rays  TEC 8.6–10.2 TECU
  IGS-sim arc 38/578: TRO1 TRO1_E26  5 rays  TEC 6.7–9.2 TECU
  IGS-sim arc 39/578: TRO1 TRO1_E26_1  5 rays  TEC 6.7–9.2 TECU
  IGS-sim arc 40/578: TRO1 TRO1_E26_2  5 rays  TEC 6.7–9.2 TECU
  IGS-sim arc 41/578: TRO1 TRO1_E26_3  5 rays  TEC 6.7–9.2 TECU
  IGS-sim arc 42/578: TRO1 TRO1_E31  6 rays  TEC 8.7–9.0 TECU
  IGS-sim arc 43/578: TRO1 TRO1_E31_1  6 rays  TEC 8.7–9.0 TECU
  IGS-sim arc 44/578: TRO1 TRO1_E31_2  6 rays  TEC 8.7–9.0 TECU
  IGS-sim arc 45/578: TRO1 TRO1_E31_3  6 rays  TEC 8.7–9.0 TECU
  IGS-sim arc 46/578: TRO1 TRO1_G01  8 rays  TEC 3.7–4.6 TECU
  IGS-sim arc 47/578: TRO1 TRO1_G02  5 rays  TEC 4.6–5.7 TECU
  IGS-sim arc 48/578: TRO1 TRO1_G03  8 rays  TEC 3.5–4.5 TECU
  IGS-sim arc 49/578: TRO1 TRO1_G04  3 rays  TEC 5.5–6.4 TECU
  IGS-sim arc 50/578: TRO1 TRO1_G06  2 rays  TEC 8.1–9.3 TECU
  IGS-sim arc 51/578: TRO1 TRO1_G12  4 rays  TEC 9.1–9.3 TECU
  IGS-sim arc 52/578: TRO1 TRO1_G17  8 rays  TEC 5.5–6.3 TECU
  IGS-sim arc 53/578: TRO1 TRO1_G19  8 rays  TEC 5.9–7.1 TECU
  IGS-sim arc 54/578: TRO1 TRO1_G28  8 rays  TEC 4.9–5.7 TECU
  IGS-sim arc 55/578: TRO1 TRO1_G31  3 rays  TEC 5.3–5.8 TECU
  IGS-sim arc 56/578: TRO1 TRO1_G32  6 rays  TEC 5.1–7.1 TECU
  IGS-sim arc 57/578: TRO1 TRO1_R04  8 rays  TEC 4.0–6.5 TECU
  IGS-sim arc 58/578: TRO1 TRO1_R05  8 rays  TEC 3.4–3.8 TECU
  IGS-sim arc 59/578: TRO1 TRO1_R06  3 rays  TEC 5.9–7.0 TECU
  IGS-sim arc 60/578: TRO1 TRO1_R12  3 rays  TEC 8.6–10.4 TECU
  IGS-sim arc 61/578: TRO1 TRO1_R13  8 rays  TEC 6.4–7.6 TECU
  IGS-sim arc 62/578: TRO1 TRO1_R14  3 rays  TEC 6.1–6.7 TECU
  IGS-sim arc 63/578: TRO1 TRO1_R20  8 rays  TEC 3.8–5.6 TECU
  IGS-sim arc 64/578: TRO1 TRO1_R21  8 rays  TEC 3.8–4.5 TECU
  IGS-sim arc 65/578: TRO1 TRO1_R22  3 rays  TEC 7.3–9.3 TECU
  IGS-sim arc 66/578: TRO1 TRO1_R27  6 rays  TEC 4.7–7.0 TECU
  IGS-sim arc 67/578: TRO1 TRO1_R28  8 rays  TEC 3.8–5.4 TECU
  IGS-sim arc 68/578: WUTH WUTH_C06  8 rays  TEC 6.6–8.0 TECU
  IGS-sim arc 69/578: WUTH WUTH_C09  4 rays  TEC 7.3–7.8 TECU
  IGS-sim arc 70/578: WUTH WUTH_C14  8 rays  TEC 5.5–7.3 TECU
  IGS-sim arc 71/578: WUTH WUTH_C16  8 rays  TEC 6.5–7.7 TECU
  IGS-sim arc 72/578: WUTH WUTH_C26  7 rays  TEC 8.5–9.8 TECU
  IGS-sim arc 73/578: WUTH WUTH_C27  8 rays  TEC 6.1–7.2 TECU
  IGS-sim arc 74/578: WUTH WUTH_C28  3 rays  TEC 7.1–7.7 TECU
  IGS-sim arc 75/578: WUTH WUTH_C30  8 rays  TEC 7.7–11.3 TECU
  IGS-sim arc 76/578: WUTH WUTH_C33  8 rays  TEC 5.1–5.5 TECU
  IGS-sim arc 77/578: WUTH WUTH_C39  8 rays  TEC 6.5–7.0 TECU
  IGS-sim arc 78/578: WUTH WUTH_C41  8 rays  TEC 5.8–8.2 TECU
  IGS-sim arc 79/578: WUTH WUTH_C42  4 rays  TEC 7.6–9.1 TECU
  IGS-sim arc 80/578: WUTH WUTH_C45  7 rays  TEC 10.2–13.8 TECU
  IGS-sim arc 81/578: WUTH WUTH_C47  3 rays  TEC 11.7–14.2 TECU
  IGS-sim arc 82/578: WUTH WUTH_E03  8 rays  TEC 5.4–5.8 TECU
  IGS-sim arc 83/578: WUTH WUTH_E03_1  8 rays  TEC 5.4–5.8 TECU
  IGS-sim arc 84/578: WUTH WUTH_E03_2  8 rays  TEC 5.4–5.8 TECU
  IGS-sim arc 85/578: WUTH WUTH_E03_3  8 rays  TEC 5.4–5.8 TECU
  IGS-sim arc 86/578: WUTH WUTH_E05  8 rays  TEC 6.8–9.9 TECU
  IGS-sim arc 87/578: WUTH WUTH_E05_1  8 rays  TEC 6.8–9.9 TECU
  IGS-sim arc 88/578: WUTH WUTH_E05_2  8 rays  TEC 6.8–9.9 TECU
  IGS-sim arc 89/578: WUTH WUTH_E05_3  8 rays  TEC 6.8–9.9 TECU
  IGS-sim arc 90/578: WUTH WUTH_E08  4 rays  TEC 7.0–7.9 TECU
  IGS-sim arc 91/578: WUTH WUTH_E08_1  4 rays  TEC 7.0–7.9 TECU
  IGS-sim arc 92/578: WUTH WUTH_E08_2  4 rays  TEC 7.0–7.9 TECU
  IGS-sim arc 93/578: WUTH WUTH_E08_3  4 rays  TEC 7.0–7.9 TECU
  IGS-sim arc 94/578: WUTH WUTH_E13  8 rays  TEC 5.4–5.8 TECU
  IGS-sim arc 95/578: WUTH WUTH_E13_1  8 rays  TEC 5.4–5.8 TECU
  IGS-sim arc 96/578: WUTH WUTH_E13_2  8 rays  TEC 5.4–5.8 TECU
  IGS-sim arc 97/578: WUTH WUTH_E13_3  8 rays  TEC 5.4–5.8 TECU
  IGS-sim arc 98/578: WUTH WUTH_E15  8 rays  TEC 5.8–7.2 TECU
  IGS-sim arc 99/578: WUTH WUTH_E15_1  8 rays  TEC 5.8–7.2 TECU
  IGS-sim arc 100/578: WUTH WUTH_E15_2  8 rays  TEC 5.8–7.2 TECU
  IGS-sim arc 101/578: WUTH WUTH_E15_3  8 rays  TEC 5.8–7.2 TECU
  IGS-sim arc 102/578: WUTH WUTH_E23  6 rays  TEC 10.1–13.0 TECU
  IGS-sim arc 103/578: WUTH WUTH_E23_1  6 rays  TEC 10.1–13.0 TECU
  IGS-sim arc 104/578: WUTH WUTH_E23_2  6 rays  TEC 10.1–13.0 TECU
  IGS-sim arc 105/578: WUTH WUTH_E23_3  6 rays  TEC 10.1–13.0 TECU
  IGS-sim arc 106/578: WUTH WUTH_E26  6 rays  TEC 8.6–12.4 TECU
  IGS-sim arc 107/578: WUTH WUTH_E26_1  6 rays  TEC 8.6–12.4 TECU
  IGS-sim arc 108/578: WUTH WUTH_E26_2  6 rays  TEC 8.6–12.4 TECU
  IGS-sim arc 109/578: WUTH WUTH_E26_3  6 rays  TEC 8.6–12.4 TECU
  IGS-sim arc 110/578: WUTH WUTH_E31  8 rays  TEC 9.8–11.3 TECU
  IGS-sim arc 111/578: WUTH WUTH_E31_1  8 rays  TEC 9.8–11.3 TECU
  IGS-sim arc 112/578: WUTH WUTH_E31_2  8 rays  TEC 9.8–11.3 TECU
  IGS-sim arc 113/578: WUTH WUTH_E31_3  8 rays  TEC 9.8–11.3 TECU
  IGS-sim arc 114/578: WUTH WUTH_G01  8 rays  TEC 5.5–6.8 TECU
  IGS-sim arc 115/578: WUTH WUTH_G02  3 rays  TEC 6.8–7.5 TECU
  IGS-sim arc 116/578: WUTH WUTH_G03  8 rays  TEC 5.1–6.4 TECU
  IGS-sim arc 117/578: WUTH WUTH_G06  4 rays  TEC 10.1–13.5 TECU
  IGS-sim arc 118/578: WUTH WUTH_G12  8 rays  TEC 10.3–12.0 TECU
  IGS-sim arc 119/578: WUTH WUTH_G17  8 rays  TEC 7.3–8.7 TECU
  IGS-sim arc 120/578: WUTH WUTH_G19  8 rays  TEC 7.7–8.6 TECU
  IGS-sim arc 121/578: WUTH WUTH_G25  3 rays  TEC 10.7–11.4 TECU
  IGS-sim arc 122/578: WUTH WUTH_G28  8 rays  TEC 6.7–8.1 TECU
  IGS-sim arc 123/578: WUTH WUTH_G32  7 rays  TEC 6.7–9.9 TECU
  IGS-sim arc 124/578: WUTH WUTH_R04  8 rays  TEC 5.5–8.5 TECU
  IGS-sim arc 125/578: WUTH WUTH_R05  8 rays  TEC 5.0–5.5 TECU
  IGS-sim arc 126/578: WUTH WUTH_R06  2 rays  TEC 8.6–9.5 TECU
  IGS-sim arc 127/578: WUTH WUTH_R12  4 rays  TEC 9.9–12.7 TECU
  IGS-sim arc 128/578: WUTH WUTH_R13  8 rays  TEC 7.8–9.1 TECU
  IGS-sim arc 129/578: WUTH WUTH_R14  4 rays  TEC 7.9–9.3 TECU
  IGS-sim arc 130/578: WUTH WUTH_R20  7 rays  TEC 5.7–7.6 TECU
  IGS-sim arc 131/578: WUTH WUTH_R21  8 rays  TEC 5.4–5.8 TECU
  IGS-sim arc 132/578: WUTH WUTH_R22  5 rays  TEC 8.7–14.3 TECU
  IGS-sim arc 133/578: WUTH WUTH_R27  4 rays  TEC 6.9–8.5 TECU
  IGS-sim arc 134/578: WUTH WUTH_R28  7 rays  TEC 5.5–7.6 TECU
  IGS-sim arc 135/578: NYA1 NYA1_C06  8 rays  TEC 7.4–8.8 TECU
  IGS-sim arc 136/578: NYA1 NYA1_C09  3 rays  TEC 8.3–8.6 TECU
  IGS-sim arc 137/578: NYA1 NYA1_C14  8 rays  TEC 6.3–8.0 TECU
  IGS-sim arc 138/578: NYA1 NYA1_C16  8 rays  TEC 7.3–8.7 TECU
  IGS-sim arc 139/578: NYA1 NYA1_C26  7 rays  TEC 9.2–10.8 TECU
  IGS-sim arc 140/578: NYA1 NYA1_C27  8 rays  TEC 6.9–8.1 TECU
  IGS-sim arc 141/578: NYA1 NYA1_C28  3 rays  TEC 8.1–8.9 TECU
  IGS-sim arc 142/578: NYA1 NYA1_C30  8 rays  TEC 8.3–11.8 TECU
  IGS-sim arc 143/578: NYA1 NYA1_C33  8 rays  TEC 5.8–6.2 TECU
  IGS-sim arc 144/578: NYA1 NYA1_C39  8 rays  TEC 7.3–7.8 TECU
  IGS-sim arc 145/578: NYA1 NYA1_C41  8 rays  TEC 6.6–9.4 TECU
  IGS-sim arc 146/578: NYA1 NYA1_C42  4 rays  TEC 8.5–10.0 TECU
  IGS-sim arc 147/578: NYA1 NYA1_C45  8 rays  TEC 10.6–15.3 TECU
  IGS-sim arc 148/578: NYA1 NYA1_C47  3 rays  TEC 12.2–14.5 TECU
  IGS-sim arc 149/578: NYA1 NYA1_E03  8 rays  TEC 6.2–6.6 TECU
  IGS-sim arc 150/578: NYA1 NYA1_E03_1  8 rays  TEC 6.2–6.6 TECU
  IGS-sim arc 151/578: NYA1 NYA1_E03_2  8 rays  TEC 6.2–6.6 TECU
  IGS-sim arc 152/578: NYA1 NYA1_E03_3  8 rays  TEC 6.2–6.6 TECU
  IGS-sim arc 153/578: NYA1 NYA1_E05  8 rays  TEC 7.6–10.8 TECU
  IGS-sim arc 154/578: NYA1 NYA1_E05_1  8 rays  TEC 7.6–10.8 TECU
  IGS-sim arc 155/578: NYA1 NYA1_E05_2  8 rays  TEC 7.6–10.8 TECU
  IGS-sim arc 156/578: NYA1 NYA1_E05_3  8 rays  TEC 7.6–10.8 TECU
  IGS-sim arc 157/578: NYA1 NYA1_E08  3 rays  TEC 8.0–8.7 TECU
  IGS-sim arc 158/578: NYA1 NYA1_E08_1  3 rays  TEC 8.0–8.7 TECU
  IGS-sim arc 159/578: NYA1 NYA1_E08_2  3 rays  TEC 8.0–8.7 TECU
  IGS-sim arc 160/578: NYA1 NYA1_E08_3  3 rays  TEC 8.0–8.7 TECU
  IGS-sim arc 161/578: NYA1 NYA1_E13  8 rays  TEC 6.0–6.4 TECU
  IGS-sim arc 162/578: NYA1 NYA1_E13_1  8 rays  TEC 6.0–6.4 TECU
  IGS-sim arc 163/578: NYA1 NYA1_E13_2  8 rays  TEC 6.0–6.4 TECU
  IGS-sim arc 164/578: NYA1 NYA1_E13_3  8 rays  TEC 6.0–6.4 TECU
  IGS-sim arc 165/578: NYA1 NYA1_E15  7 rays  TEC 6.5–8.3 TECU
  IGS-sim arc 166/578: NYA1 NYA1_E15_1  7 rays  TEC 6.5–8.3 TECU
  IGS-sim arc 167/578: NYA1 NYA1_E15_2  7 rays  TEC 6.5–8.3 TECU
  IGS-sim arc 168/578: NYA1 NYA1_E15_3  7 rays  TEC 6.5–8.3 TECU
  IGS-sim arc 169/578: NYA1 NYA1_E23  7 rays  TEC 10.7–14.6 TECU
  IGS-sim arc 170/578: NYA1 NYA1_E23_1  7 rays  TEC 10.7–14.6 TECU
  IGS-sim arc 171/578: NYA1 NYA1_E23_2  7 rays  TEC 10.7–14.6 TECU
  IGS-sim arc 172/578: NYA1 NYA1_E23_3  7 rays  TEC 10.7–14.6 TECU
  IGS-sim arc 173/578: NYA1 NYA1_E26  7 rays  TEC 9.2–14.2 TECU
  IGS-sim arc 174/578: NYA1 NYA1_E26_1  7 rays  TEC 9.2–14.2 TECU
  IGS-sim arc 175/578: NYA1 NYA1_E26_2  7 rays  TEC 9.2–14.2 TECU
  IGS-sim arc 176/578: NYA1 NYA1_E26_3  7 rays  TEC 9.2–14.2 TECU
  IGS-sim arc 177/578: NYA1 NYA1_E31  8 rays  TEC 10.4–11.9 TECU
  IGS-sim arc 178/578: NYA1 NYA1_E31_1  8 rays  TEC 10.4–11.9 TECU
  IGS-sim arc 179/578: NYA1 NYA1_E31_2  8 rays  TEC 10.4–11.9 TECU
  IGS-sim arc 180/578: NYA1 NYA1_E31_3  8 rays  TEC 10.4–11.9 TECU
  IGS-sim arc 181/578: NYA1 NYA1_G01  8 rays  TEC 6.1–7.9 TECU
  IGS-sim arc 182/578: NYA1 NYA1_G02  2 rays  TEC 7.9–8.1 TECU
  IGS-sim arc 183/578: NYA1 NYA1_G03  8 rays  TEC 5.8–7.3 TECU
  IGS-sim arc 184/578: NYA1 NYA1_G06  4 rays  TEC 10.7–14.0 TECU
  IGS-sim arc 185/578: NYA1 NYA1_G12  8 rays  TEC 11.0–12.7 TECU
  IGS-sim arc 186/578: NYA1 NYA1_G17  8 rays  TEC 8.0–9.6 TECU
  IGS-sim arc 187/578: NYA1 NYA1_G19  8 rays  TEC 8.4–9.1 TECU
  IGS-sim arc 188/578: NYA1 NYA1_G25  3 rays  TEC 11.3–12.3 TECU
  IGS-sim arc 189/578: NYA1 NYA1_G28  7 rays  TEC 7.5–8.7 TECU
  IGS-sim arc 190/578: NYA1 NYA1_G32  7 rays  TEC 7.5–10.8 TECU
  IGS-sim arc 191/578: NYA1 NYA1_R04  8 rays  TEC 6.1–9.4 TECU
  IGS-sim arc 192/578: NYA1 NYA1_R05  8 rays  TEC 5.6–6.2 TECU
  IGS-sim arc 193/578: NYA1 NYA1_R06  2 rays  TEC 9.7–10.6 TECU
  IGS-sim arc 194/578: NYA1 NYA1_R12  5 rays  TEC 10.4–14.5 TECU
  IGS-sim arc 195/578: NYA1 NYA1_R13  8 rays  TEC 8.4–9.4 TECU
  IGS-sim arc 196/578: NYA1 NYA1_R14  4 rays  TEC 8.8–10.4 TECU
  IGS-sim arc 197/578: NYA1 NYA1_R20  6 rays  TEC 6.5–8.5 TECU
  IGS-sim arc 198/578: NYA1 NYA1_R21  8 rays  TEC 6.0–6.5 TECU
  IGS-sim arc 199/578: NYA1 NYA1_R22  5 rays  TEC 9.2–14.2 TECU
  IGS-sim arc 200/578: NYA1 NYA1_R27  4 rays  TEC 7.7–9.8 TECU
  IGS-sim arc 201/578: NYA1 NYA1_R28  7 rays  TEC 6.3–8.5 TECU
  IGS-sim arc 202/578: KIR0 KIR0_C06  8 rays  TEC 4.4–5.3 TECU
  IGS-sim arc 203/578: KIR0 KIR0_C09  6 rays  TEC 4.7–5.5 TECU
  IGS-sim arc 204/578: KIR0 KIR0_C14  8 rays  TEC 3.6–4.9 TECU
  IGS-sim arc 205/578: KIR0 KIR0_C16  8 rays  TEC 4.4–5.1 TECU
  IGS-sim arc 206/578: KIR0 KIR0_C26  5 rays  TEC 6.3–6.6 TECU
  IGS-sim arc 207/578: KIR0 KIR0_C27  8 rays  TEC 4.0–4.4 TECU
  IGS-sim arc 208/578: KIR0 KIR0_C28  6 rays  TEC 4.3–5.7 TECU
  IGS-sim arc 209/578: KIR0 KIR0_C30  7 rays  TEC 5.6–8.7 TECU
  IGS-sim arc 210/578: KIR0 KIR0_C33  8 rays  TEC 3.2–3.5 TECU
  IGS-sim arc 211/578: KIR0 KIR0_C39  8 rays  TEC 4.4–4.7 TECU
  IGS-sim arc 212/578: KIR0 KIR0_C41  8 rays  TEC 3.6–5.0 TECU
  IGS-sim arc 213/578: KIR0 KIR0_C42  3 rays  TEC 5.2–6.0 TECU
  IGS-sim arc 214/578: KIR0 KIR0_E03  8 rays  TEC 3.4–3.5 TECU
  IGS-sim arc 215/578: KIR0 KIR0_E03_1  8 rays  TEC 3.4–3.5 TECU
  IGS-sim arc 216/578: KIR0 KIR0_E03_2  8 rays  TEC 3.4–3.5 TECU
  IGS-sim arc 217/578: KIR0 KIR0_E03_3  8 rays  TEC 3.4–3.5 TECU
  IGS-sim arc 218/578: KIR0 KIR0_E05  7 rays  TEC 4.8–6.9 TECU
  IGS-sim arc 219/578: KIR0 KIR0_E05_1  7 rays  TEC 4.8–6.9 TECU
  IGS-sim arc 220/578: KIR0 KIR0_E05_2  7 rays  TEC 4.8–6.9 TECU
  IGS-sim arc 221/578: KIR0 KIR0_E05_3  7 rays  TEC 4.8–6.9 TECU
  IGS-sim arc 222/578: KIR0 KIR0_E08  7 rays  TEC 4.1–5.7 TECU
  IGS-sim arc 223/578: KIR0 KIR0_E08_1  7 rays  TEC 4.1–5.7 TECU
  IGS-sim arc 224/578: KIR0 KIR0_E08_2  7 rays  TEC 4.1–5.7 TECU
  IGS-sim arc 225/578: KIR0 KIR0_E08_3  7 rays  TEC 4.1–5.7 TECU
  IGS-sim arc 226/578: KIR0 KIR0_E13  8 rays  TEC 3.4–3.9 TECU
  IGS-sim arc 227/578: KIR0 KIR0_E13_1  8 rays  TEC 3.4–3.9 TECU
  IGS-sim arc 228/578: KIR0 KIR0_E13_2  8 rays  TEC 3.4–3.9 TECU
  IGS-sim arc 229/578: KIR0 KIR0_E13_3  8 rays  TEC 3.4–3.9 TECU
  IGS-sim arc 230/578: KIR0 KIR0_E15  8 rays  TEC 3.5–4.7 TECU
  IGS-sim arc 231/578: KIR0 KIR0_E15_1  8 rays  TEC 3.5–4.7 TECU
  IGS-sim arc 232/578: KIR0 KIR0_E15_2  8 rays  TEC 3.5–4.7 TECU
  IGS-sim arc 233/578: KIR0 KIR0_E15_3  8 rays  TEC 3.5–4.7 TECU
  IGS-sim arc 234/578: KIR0 KIR0_E23  3 rays  TEC 8.3–9.3 TECU
  IGS-sim arc 235/578: KIR0 KIR0_E23_1  3 rays  TEC 8.3–9.3 TECU
  IGS-sim arc 236/578: KIR0 KIR0_E23_2  3 rays  TEC 8.3–9.3 TECU
  IGS-sim arc 237/578: KIR0 KIR0_E23_3  3 rays  TEC 8.3–9.3 TECU
  IGS-sim arc 238/578: KIR0 KIR0_E26  4 rays  TEC 6.3–8.1 TECU
  IGS-sim arc 239/578: KIR0 KIR0_E26_1  4 rays  TEC 6.3–8.1 TECU
  IGS-sim arc 240/578: KIR0 KIR0_E26_2  4 rays  TEC 6.3–8.1 TECU
  IGS-sim arc 241/578: KIR0 KIR0_E26_3  4 rays  TEC 6.3–8.1 TECU
  IGS-sim arc 242/578: KIR0 KIR0_E31  5 rays  TEC 8.2–8.7 TECU
  IGS-sim arc 243/578: KIR0 KIR0_E31_1  5 rays  TEC 8.2–8.7 TECU
  IGS-sim arc 244/578: KIR0 KIR0_E31_2  5 rays  TEC 8.2–8.7 TECU
  IGS-sim arc 245/578: KIR0 KIR0_E31_3  5 rays  TEC 8.2–8.7 TECU
  IGS-sim arc 246/578: KIR0 KIR0_G01  8 rays  TEC 3.4–4.2 TECU
  IGS-sim arc 247/578: KIR0 KIR0_G02  5 rays  TEC 4.2–5.2 TECU
  IGS-sim arc 248/578: KIR0 KIR0_G03  8 rays  TEC 3.2–4.1 TECU
  IGS-sim arc 249/578: KIR0 KIR0_G04  3 rays  TEC 5.0–5.8 TECU
  IGS-sim arc 250/578: KIR0 KIR0_G06  2 rays  TEC 8.1–8.9 TECU
  IGS-sim arc 251/578: KIR0 KIR0_G17  8 rays  TEC 5.1–5.8 TECU
  IGS-sim arc 252/578: KIR0 KIR0_G19  8 rays  TEC 5.5–6.7 TECU
  IGS-sim arc 253/578: KIR0 KIR0_G28  8 rays  TEC 4.5–5.3 TECU
  IGS-sim arc 254/578: KIR0 KIR0_G31  3 rays  TEC 4.8–5.3 TECU
  IGS-sim arc 255/578: KIR0 KIR0_G32  6 rays  TEC 4.7–6.7 TECU
  IGS-sim arc 256/578: KIR0 KIR0_R04  8 rays  TEC 3.7–6.1 TECU
  IGS-sim arc 257/578: KIR0 KIR0_R05  8 rays  TEC 3.2–3.4 TECU
  IGS-sim arc 258/578: KIR0 KIR0_R06  3 rays  TEC 5.3–6.4 TECU
  IGS-sim arc 259/578: KIR0 KIR0_R12  2 rays  TEC 8.2–9.2 TECU
  IGS-sim arc 260/578: KIR0 KIR0_R13  8 rays  TEC 6.0–7.5 TECU
  IGS-sim arc 261/578: KIR0 KIR0_R14  3 rays  TEC 5.6–6.2 TECU
  IGS-sim arc 262/578: KIR0 KIR0_R20  8 rays  TEC 3.5–5.1 TECU
  IGS-sim arc 263/578: KIR0 KIR0_R21  8 rays  TEC 3.5–4.2 TECU
  IGS-sim arc 264/578: KIR0 KIR0_R22  3 rays  TEC 6.9–9.4 TECU
  IGS-sim arc 265/578: KIR0 KIR0_R27  6 rays  TEC 4.2–6.4 TECU
  IGS-sim arc 266/578: KIR0 KIR0_R28  8 rays  TEC 3.4–5.0 TECU
  IGS-sim arc 267/578: SOD3 SOD3_C06  8 rays  TEC 4.1–4.9 TECU
  IGS-sim arc 268/578: SOD3 SOD3_C09  8 rays  TEC 4.3–5.7 TECU
  IGS-sim arc 269/578: SOD3 SOD3_C14  8 rays  TEC 3.3–4.5 TECU
  IGS-sim arc 270/578: SOD3 SOD3_C16  8 rays  TEC 4.0–4.7 TECU
  IGS-sim arc 271/578: SOD3 SOD3_C26  6 rays  TEC 5.8–6.4 TECU
  IGS-sim arc 272/578: SOD3 SOD3_C27  8 rays  TEC 3.8–4.2 TECU
  IGS-sim arc 273/578: SOD3 SOD3_C28  6 rays  TEC 4.0–5.4 TECU
  IGS-sim arc 274/578: SOD3 SOD3_C30  7 rays  TEC 5.4–8.4 TECU
  IGS-sim arc 275/578: SOD3 SOD3_C33  8 rays  TEC 3.0–3.2 TECU
  IGS-sim arc 276/578: SOD3 SOD3_C39  8 rays  TEC 4.0–4.4 TECU
  IGS-sim arc 277/578: SOD3 SOD3_C41  8 rays  TEC 3.4–4.7 TECU
  IGS-sim arc 278/578: SOD3 SOD3_C42  4 rays  TEC 4.8–6.1 TECU
  IGS-sim arc 279/578: SOD3 SOD3_E03  8 rays  TEC 3.2–3.3 TECU
  IGS-sim arc 280/578: SOD3 SOD3_E03_1  8 rays  TEC 3.2–3.3 TECU
  IGS-sim arc 281/578: SOD3 SOD3_E03_2  8 rays  TEC 3.2–3.3 TECU
  IGS-sim arc 282/578: SOD3 SOD3_E03_3  8 rays  TEC 3.2–3.3 TECU
  IGS-sim arc 283/578: SOD3 SOD3_E05  7 rays  TEC 4.4–6.3 TECU
  IGS-sim arc 284/578: SOD3 SOD3_E05_1  7 rays  TEC 4.4–6.3 TECU
  IGS-sim arc 285/578: SOD3 SOD3_E05_2  7 rays  TEC 4.4–6.3 TECU
  IGS-sim arc 286/578: SOD3 SOD3_E05_3  7 rays  TEC 4.4–6.3 TECU
  IGS-sim arc 287/578: SOD3 SOD3_E08  7 rays  TEC 3.9–5.4 TECU
  IGS-sim arc 288/578: SOD3 SOD3_E08_1  7 rays  TEC 3.9–5.4 TECU
  IGS-sim arc 289/578: SOD3 SOD3_E08_2  7 rays  TEC 3.9–5.4 TECU
  IGS-sim arc 290/578: SOD3 SOD3_E08_3  7 rays  TEC 3.9–5.4 TECU
  IGS-sim arc 291/578: SOD3 SOD3_E13  8 rays  TEC 3.2–3.7 TECU
  IGS-sim arc 292/578: SOD3 SOD3_E13_1  8 rays  TEC 3.2–3.7 TECU
  IGS-sim arc 293/578: SOD3 SOD3_E13_2  8 rays  TEC 3.2–3.7 TECU
  IGS-sim arc 294/578: SOD3 SOD3_E13_3  8 rays  TEC 3.2–3.7 TECU
  IGS-sim arc 295/578: SOD3 SOD3_E15  8 rays  TEC 3.3–4.3 TECU
  IGS-sim arc 296/578: SOD3 SOD3_E15_1  8 rays  TEC 3.3–4.3 TECU
  IGS-sim arc 297/578: SOD3 SOD3_E15_2  8 rays  TEC 3.3–4.3 TECU
  IGS-sim arc 298/578: SOD3 SOD3_E15_3  8 rays  TEC 3.3–4.3 TECU
  IGS-sim arc 299/578: SOD3 SOD3_E23  2 rays  TEC 7.9–8.7 TECU
  IGS-sim arc 300/578: SOD3 SOD3_E23_1  2 rays  TEC 7.9–8.7 TECU
  IGS-sim arc 301/578: SOD3 SOD3_E23_2  2 rays  TEC 7.9–8.7 TECU
  IGS-sim arc 302/578: SOD3 SOD3_E23_3  2 rays  TEC 7.9–8.7 TECU
  IGS-sim arc 303/578: SOD3 SOD3_E26  4 rays  TEC 6.1–8.3 TECU
  IGS-sim arc 304/578: SOD3 SOD3_E26_1  4 rays  TEC 6.1–8.3 TECU
  IGS-sim arc 305/578: SOD3 SOD3_E26_2  4 rays  TEC 6.1–8.3 TECU
  IGS-sim arc 306/578: SOD3 SOD3_E26_3  4 rays  TEC 6.1–8.3 TECU
  IGS-sim arc 307/578: SOD3 SOD3_E31  4 rays  TEC 7.7–8.2 TECU
  IGS-sim arc 308/578: SOD3 SOD3_E31_1  4 rays  TEC 7.7–8.2 TECU
  IGS-sim arc 309/578: SOD3 SOD3_E31_2  4 rays  TEC 7.7–8.2 TECU
  IGS-sim arc 310/578: SOD3 SOD3_E31_3  4 rays  TEC 7.7–8.2 TECU
  IGS-sim arc 311/578: SOD3 SOD3_G01  8 rays  TEC 3.2–3.9 TECU
  IGS-sim arc 312/578: SOD3 SOD3_G02  6 rays  TEC 3.9–5.3 TECU
  IGS-sim arc 313/578: SOD3 SOD3_G03  8 rays  TEC 3.0–3.9 TECU
  IGS-sim arc 314/578: SOD3 SOD3_G04  3 rays  TEC 4.7–5.5 TECU
  IGS-sim arc 315/578: SOD3 SOD3_G17  8 rays  TEC 4.9–5.6 TECU
  IGS-sim arc 316/578: SOD3 SOD3_G19  8 rays  TEC 5.5–6.5 TECU
  IGS-sim arc 317/578: SOD3 SOD3_G28  8 rays  TEC 4.1–5.0 TECU
  IGS-sim arc 318/578: SOD3 SOD3_G31  4 rays  TEC 4.4–5.3 TECU
  IGS-sim arc 319/578: SOD3 SOD3_G32  6 rays  TEC 4.3–6.2 TECU
  IGS-sim arc 320/578: SOD3 SOD3_R04  8 rays  TEC 3.4–5.7 TECU
  IGS-sim arc 321/578: SOD3 SOD3_R05  8 rays  TEC 2.9–3.2 TECU
  IGS-sim arc 322/578: SOD3 SOD3_R06  3 rays  TEC 5.1–6.1 TECU
  IGS-sim arc 323/578: SOD3 SOD3_R13  8 rays  TEC 5.6–7.0 TECU
  IGS-sim arc 324/578: SOD3 SOD3_R14  4 rays  TEC 5.2–6.3 TECU
  IGS-sim arc 325/578: SOD3 SOD3_R20  8 rays  TEC 3.3–4.8 TECU
  IGS-sim arc 326/578: SOD3 SOD3_R21  8 rays  TEC 3.3–3.9 TECU
  IGS-sim arc 327/578: SOD3 SOD3_R22  2 rays  TEC 7.0–7.7 TECU
  IGS-sim arc 328/578: SOD3 SOD3_R27  6 rays  TEC 4.0–6.1 TECU
  IGS-sim arc 329/578: SOD3 SOD3_R28  8 rays  TEC 3.2–4.7 TECU
  IGS-sim arc 330/578: ALRT ALRT_C06  4 rays  TEC 15.1–16.4 TECU
  IGS-sim arc 331/578: ALRT ALRT_C14  8 rays  TEC 11.5–16.0 TECU
  IGS-sim arc 332/578: ALRT ALRT_C16  6 rays  TEC 14.5–16.8 TECU
  IGS-sim arc 333/578: ALRT ALRT_C26  6 rays  TEC 12.9–17.3 TECU
  IGS-sim arc 334/578: ALRT ALRT_C27  8 rays  TEC 9.7–13.2 TECU
  IGS-sim arc 335/578: ALRT ALRT_C29  3 rays  TEC 13.0–14.6 TECU
  IGS-sim arc 336/578: ALRT ALRT_C30  8 rays  TEC 9.0–10.1 TECU
  IGS-sim arc 337/578: ALRT ALRT_C33  8 rays  TEC 10.7–11.5 TECU
  IGS-sim arc 338/578: ALRT ALRT_C36  3 rays  TEC 12.7–14.1 TECU
  IGS-sim arc 339/578: ALRT ALRT_C39  8 rays  TEC 12.7–15.2 TECU
  IGS-sim arc 340/578: ALRT ALRT_C41  7 rays  TEC 11.2–15.0 TECU
  IGS-sim arc 341/578: ALRT ALRT_C42  3 rays  TEC 15.3–17.5 TECU
  IGS-sim arc 342/578: ALRT ALRT_C45  8 rays  TEC 10.5–11.8 TECU
  IGS-sim arc 343/578: ALRT ALRT_C47  7 rays  TEC 10.2–13.6 TECU
  IGS-sim arc 344/578: ALRT ALRT_E03  8 rays  TEC 11.5–13.4 TECU
  IGS-sim arc 345/578: ALRT ALRT_E03_1  8 rays  TEC 11.5–13.4 TECU
  IGS-sim arc 346/578: ALRT ALRT_E03_2  8 rays  TEC 11.5–13.4 TECU
  IGS-sim arc 347/578: ALRT ALRT_E03_3  8 rays  TEC 11.5–13.4 TECU
  IGS-sim arc 348/578: ALRT ALRT_E05  8 rays  TEC 12.2–15.8 TECU
  IGS-sim arc 349/578: ALRT ALRT_E05_1  8 rays  TEC 12.2–15.8 TECU
  IGS-sim arc 350/578: ALRT ALRT_E05_2  8 rays  TEC 12.2–15.8 TECU
  IGS-sim arc 351/578: ALRT ALRT_E05_3  8 rays  TEC 12.2–15.8 TECU
  IGS-sim arc 352/578: ALRT ALRT_E13  8 rays  TEC 9.0–9.9 TECU
  IGS-sim arc 353/578: ALRT ALRT_E13_1  8 rays  TEC 9.0–9.9 TECU
  IGS-sim arc 354/578: ALRT ALRT_E13_2  8 rays  TEC 9.0–9.9 TECU
  IGS-sim arc 355/578: ALRT ALRT_E13_3  8 rays  TEC 9.0–9.9 TECU
  IGS-sim arc 356/578: ALRT ALRT_E15  3 rays  TEC 13.4–15.1 TECU
  IGS-sim arc 357/578: ALRT ALRT_E15_1  3 rays  TEC 13.4–15.1 TECU
  IGS-sim arc 358/578: ALRT ALRT_E15_2  3 rays  TEC 13.4–15.1 TECU
  IGS-sim arc 359/578: ALRT ALRT_E15_3  3 rays  TEC 13.4–15.1 TECU
  IGS-sim arc 360/578: ALRT ALRT_E23  8 rays  TEC 9.7–12.4 TECU
  IGS-sim arc 361/578: ALRT ALRT_E23_1  8 rays  TEC 9.7–12.4 TECU
  IGS-sim arc 362/578: ALRT ALRT_E23_2  8 rays  TEC 9.7–12.4 TECU
  IGS-sim arc 363/578: ALRT ALRT_E23_3  8 rays  TEC 9.7–12.4 TECU
  IGS-sim arc 364/578: ALRT ALRT_E26  8 rays  TEC 9.6–12.7 TECU
  IGS-sim arc 365/578: ALRT ALRT_E26_1  8 rays  TEC 9.6–12.7 TECU
  IGS-sim arc 366/578: ALRT ALRT_E26_2  8 rays  TEC 9.6–12.7 TECU
  IGS-sim arc 367/578: ALRT ALRT_E26_3  8 rays  TEC 9.6–12.7 TECU
  IGS-sim arc 368/578: ALRT ALRT_E31  8 rays  TEC 9.8–11.3 TECU
  IGS-sim arc 369/578: ALRT ALRT_E31_1  8 rays  TEC 9.8–11.3 TECU
  IGS-sim arc 370/578: ALRT ALRT_E31_2  8 rays  TEC 9.8–11.3 TECU
  IGS-sim arc 371/578: ALRT ALRT_E31_3  8 rays  TEC 9.8–11.3 TECU
  IGS-sim arc 372/578: ALRT ALRT_G01  6 rays  TEC 11.2–14.7 TECU
  IGS-sim arc 373/578: ALRT ALRT_G03  8 rays  TEC 9.7–11.1 TECU
  IGS-sim arc 374/578: ALRT ALRT_G06  7 rays  TEC 10.0–14.0 TECU
  IGS-sim arc 375/578: ALRT ALRT_G12  8 rays  TEC 10.1–12.6 TECU
  IGS-sim arc 376/578: ALRT ALRT_G17  8 rays  TEC 9.3–12.2 TECU
  IGS-sim arc 377/578: ALRT ALRT_G19  8 rays  TEC 9.0–9.7 TECU
  IGS-sim arc 378/578: ALRT ALRT_G25  4 rays  TEC 13.2–16.1 TECU
  IGS-sim arc 379/578: ALRT ALRT_G28  4 rays  TEC 14.1–16.4 TECU
  IGS-sim arc 380/578: ALRT ALRT_G32  7 rays  TEC 12.6–16.9 TECU
  IGS-sim arc 381/578: ALRT ALRT_R04  8 rays  TEC 10.3–15.8 TECU
  IGS-sim arc 382/578: ALRT ALRT_R05  8 rays  TEC 9.5–11.5 TECU
  IGS-sim arc 383/578: ALRT ALRT_R12  8 rays  TEC 9.3–14.0 TECU
  IGS-sim arc 384/578: ALRT ALRT_R13  8 rays  TEC 9.3–10.7 TECU
  IGS-sim arc 385/578: ALRT ALRT_R14  3 rays  TEC 14.6–17.6 TECU
  IGS-sim arc 386/578: ALRT ALRT_R20  4 rays  TEC 12.2–15.0 TECU
  IGS-sim arc 387/578: ALRT ALRT_R21  8 rays  TEC 8.2–10.0 TECU
  IGS-sim arc 388/578: ALRT ALRT_R22  8 rays  TEC 8.9–13.8 TECU
  IGS-sim arc 389/578: ALRT ALRT_R27  3 rays  TEC 12.8–14.9 TECU
  IGS-sim arc 390/578: ALRT ALRT_R28  4 rays  TEC 11.8–14.9 TECU
  IGS-sim arc 391/578: SCOR SCOR_C06  2 rays  TEC 10.6–10.9 TECU
  IGS-sim arc 392/578: SCOR SCOR_C14  7 rays  TEC 8.2–11.2 TECU
  IGS-sim arc 393/578: SCOR SCOR_C16  3 rays  TEC 10.7–10.9 TECU
  IGS-sim arc 394/578: SCOR SCOR_C27  8 rays  TEC 6.2–7.4 TECU
  IGS-sim arc 395/578: SCOR SCOR_C28  4 rays  TEC 8.5–9.9 TECU
  IGS-sim arc 396/578: SCOR SCOR_C30  8 rays  TEC 7.1–9.5 TECU
  IGS-sim arc 397/578: SCOR SCOR_C33  8 rays  TEC 6.9–8.0 TECU
  IGS-sim arc 398/578: SCOR SCOR_C39  8 rays  TEC 10.2–11.5 TECU
  IGS-sim arc 399/578: SCOR SCOR_C41  8 rays  TEC 6.6–8.6 TECU
  IGS-sim arc 400/578: SCOR SCOR_C45  7 rays  TEC 12.5–13.9 TECU
  IGS-sim arc 401/578: SCOR SCOR_C47  4 rays  TEC 10.2–12.8 TECU
  IGS-sim arc 402/578: SCOR SCOR_E03  8 rays  TEC 7.8–8.2 TECU
  IGS-sim arc 403/578: SCOR SCOR_E03_1  8 rays  TEC 7.8–8.2 TECU
  IGS-sim arc 404/578: SCOR SCOR_E03_2  8 rays  TEC 7.8–8.2 TECU
  IGS-sim arc 405/578: SCOR SCOR_E03_3  8 rays  TEC 7.8–8.2 TECU
  IGS-sim arc 406/578: SCOR SCOR_E05  4 rays  TEC 10.8–12.6 TECU
  IGS-sim arc 407/578: SCOR SCOR_E05_1  4 rays  TEC 10.8–12.6 TECU
  IGS-sim arc 408/578: SCOR SCOR_E05_2  4 rays  TEC 10.8–12.6 TECU
  IGS-sim arc 409/578: SCOR SCOR_E05_3  4 rays  TEC 10.8–12.6 TECU
  IGS-sim arc 410/578: SCOR SCOR_E08  5 rays  TEC 8.5–10.2 TECU
  IGS-sim arc 411/578: SCOR SCOR_E08_1  5 rays  TEC 8.5–10.2 TECU
  IGS-sim arc 412/578: SCOR SCOR_E08_2  5 rays  TEC 8.5–10.2 TECU
  IGS-sim arc 413/578: SCOR SCOR_E08_3  5 rays  TEC 8.5–10.2 TECU
  IGS-sim arc 414/578: SCOR SCOR_E13  8 rays  TEC 5.9–6.1 TECU
  IGS-sim arc 415/578: SCOR SCOR_E13_1  8 rays  TEC 5.9–6.1 TECU
  IGS-sim arc 416/578: SCOR SCOR_E13_2  8 rays  TEC 5.9–6.1 TECU
  IGS-sim arc 417/578: SCOR SCOR_E13_3  8 rays  TEC 5.9–6.1 TECU
  IGS-sim arc 418/578: SCOR SCOR_E15  6 rays  TEC 7.8–9.9 TECU
  IGS-sim arc 419/578: SCOR SCOR_E15_1  6 rays  TEC 7.8–9.9 TECU
  IGS-sim arc 420/578: SCOR SCOR_E15_2  6 rays  TEC 7.8–9.9 TECU
  IGS-sim arc 421/578: SCOR SCOR_E15_3  6 rays  TEC 7.8–9.9 TECU
  IGS-sim arc 422/578: SCOR SCOR_E23  8 rays  TEC 9.0–11.1 TECU
  IGS-sim arc 423/578: SCOR SCOR_E23_1  8 rays  TEC 9.0–11.1 TECU
  IGS-sim arc 424/578: SCOR SCOR_E23_2  8 rays  TEC 9.0–11.1 TECU
  IGS-sim arc 425/578: SCOR SCOR_E23_3  8 rays  TEC 9.0–11.1 TECU
  IGS-sim arc 426/578: SCOR SCOR_E26  8 rays  TEC 7.5–10.9 TECU
  IGS-sim arc 427/578: SCOR SCOR_E26_1  8 rays  TEC 7.5–10.9 TECU
  IGS-sim arc 428/578: SCOR SCOR_E26_2  8 rays  TEC 7.5–10.9 TECU
  IGS-sim arc 429/578: SCOR SCOR_E26_3  8 rays  TEC 7.5–10.9 TECU
  IGS-sim arc 430/578: SCOR SCOR_E31  8 rays  TEC 10.8–13.7 TECU
  IGS-sim arc 431/578: SCOR SCOR_E31_1  8 rays  TEC 10.8–13.7 TECU
  IGS-sim arc 432/578: SCOR SCOR_E31_2  8 rays  TEC 10.8–13.7 TECU
  IGS-sim arc 433/578: SCOR SCOR_E31_3  8 rays  TEC 10.8–13.7 TECU
  IGS-sim arc 434/578: SCOR SCOR_G01  8 rays  TEC 6.7–9.2 TECU
  IGS-sim arc 435/578: SCOR SCOR_G02  2 rays  TEC 9.3–10.0 TECU
  IGS-sim arc 436/578: SCOR SCOR_G03  8 rays  TEC 6.1–6.7 TECU
  IGS-sim arc 437/578: SCOR SCOR_G04  2 rays  TEC 9.6–10.1 TECU
  IGS-sim arc 438/578: SCOR SCOR_G06  6 rays  TEC 8.5–12.3 TECU
  IGS-sim arc 439/578: SCOR SCOR_G12  6 rays  TEC 11.5–14.0 TECU
  IGS-sim arc 440/578: SCOR SCOR_G17  8 rays  TEC 6.7–7.6 TECU
  IGS-sim arc 441/578: SCOR SCOR_G19  8 rays  TEC 7.0–7.9 TECU
  IGS-sim arc 442/578: SCOR SCOR_G22  2 rays  TEC 11.5–12.3 TECU
  IGS-sim arc 443/578: SCOR SCOR_G28  3 rays  TEC 10.8–11.2 TECU
  IGS-sim arc 444/578: SCOR SCOR_G32  3 rays  TEC 10.8–12.2 TECU
  IGS-sim arc 445/578: SCOR SCOR_R04  6 rays  TEC 8.1–11.8 TECU
  IGS-sim arc 446/578: SCOR SCOR_R05  8 rays  TEC 6.4–6.7 TECU
  IGS-sim arc 447/578: SCOR SCOR_R06  4 rays  TEC 8.2–10.6 TECU
  IGS-sim arc 448/578: SCOR SCOR_R12  7 rays  TEC 9.4–13.3 TECU
  IGS-sim arc 449/578: SCOR SCOR_R13  8 rays  TEC 10.0–11.4 TECU
  IGS-sim arc 450/578: SCOR SCOR_R20  7 rays  TEC 7.0–10.0 TECU
  IGS-sim arc 451/578: SCOR SCOR_R21  8 rays  TEC 5.9–6.2 TECU
  IGS-sim arc 452/578: SCOR SCOR_R22  6 rays  TEC 8.3–12.8 TECU
  IGS-sim arc 453/578: SCOR SCOR_R27  6 rays  TEC 7.1–10.2 TECU
  IGS-sim arc 454/578: SCOR SCOR_R28  7 rays  TEC 6.9–9.9 TECU
  IGS-sim arc 455/578: HOFN HOFN_C14  6 rays  TEC 7.1–9.1 TECU
  IGS-sim arc 456/578: HOFN HOFN_C16  2 rays  TEC 8.9–9.2 TECU
  IGS-sim arc 457/578: HOFN HOFN_C27  8 rays  TEC 5.2–5.9 TECU
  IGS-sim arc 458/578: HOFN HOFN_C28  6 rays  TEC 6.7–8.9 TECU
  IGS-sim arc 459/578: HOFN HOFN_C30  8 rays  TEC 6.3–9.2 TECU
  IGS-sim arc 460/578: HOFN HOFN_C33  8 rays  TEC 5.7–6.8 TECU
  IGS-sim arc 461/578: HOFN HOFN_C39  6 rays  TEC 9.0–9.6 TECU
  IGS-sim arc 462/578: HOFN HOFN_C41  8 rays  TEC 5.3–6.7 TECU
  IGS-sim arc 463/578: HOFN HOFN_C47  3 rays  TEC 10.1–11.9 TECU
  IGS-sim arc 464/578: HOFN HOFN_E03  8 rays  TEC 6.5–6.7 TECU
  IGS-sim arc 465/578: HOFN HOFN_E03_1  8 rays  TEC 6.5–6.7 TECU
  IGS-sim arc 466/578: HOFN HOFN_E03_2  8 rays  TEC 6.5–6.7 TECU
  IGS-sim arc 467/578: HOFN HOFN_E03_3  8 rays  TEC 6.5–6.7 TECU
  IGS-sim arc 468/578: HOFN HOFN_E05  2 rays  TEC 9.9–10.4 TECU
  IGS-sim arc 469/578: HOFN HOFN_E05_1  2 rays  TEC 9.9–10.4 TECU
  IGS-sim arc 470/578: HOFN HOFN_E05_2  2 rays  TEC 9.9–10.4 TECU
  IGS-sim arc 471/578: HOFN HOFN_E05_3  2 rays  TEC 9.9–10.4 TECU
  IGS-sim arc 472/578: HOFN HOFN_E08  7 rays  TEC 6.7–9.1 TECU
  IGS-sim arc 473/578: HOFN HOFN_E08_1  7 rays  TEC 6.7–9.1 TECU
  IGS-sim arc 474/578: HOFN HOFN_E08_2  7 rays  TEC 6.7–9.1 TECU
  IGS-sim arc 475/578: HOFN HOFN_E08_3  7 rays  TEC 6.7–9.1 TECU
  IGS-sim arc 476/578: HOFN HOFN_E13  8 rays  TEC 5.0–5.1 TECU
  IGS-sim arc 477/578: HOFN HOFN_E13_1  8 rays  TEC 5.0–5.1 TECU
  IGS-sim arc 478/578: HOFN HOFN_E13_2  8 rays  TEC 5.0–5.1 TECU
  IGS-sim arc 479/578: HOFN HOFN_E13_3  8 rays  TEC 5.0–5.1 TECU
  IGS-sim arc 480/578: HOFN HOFN_E15  8 rays  TEC 6.4–8.5 TECU
  IGS-sim arc 481/578: HOFN HOFN_E15_1  8 rays  TEC 6.4–8.5 TECU
  IGS-sim arc 482/578: HOFN HOFN_E15_2  8 rays  TEC 6.4–8.5 TECU
  IGS-sim arc 483/578: HOFN HOFN_E15_3  8 rays  TEC 6.4–8.5 TECU
  IGS-sim arc 484/578: HOFN HOFN_E18  2 rays  TEC 9.0–9.9 TECU
  IGS-sim arc 485/578: HOFN HOFN_E18_1  2 rays  TEC 9.0–9.9 TECU
  IGS-sim arc 486/578: HOFN HOFN_E18_2  2 rays  TEC 9.0–9.9 TECU
  IGS-sim arc 487/578: HOFN HOFN_E18_3  2 rays  TEC 9.0–9.9 TECU
  IGS-sim arc 488/578: HOFN HOFN_E23  8 rays  TEC 8.5–10.4 TECU
  IGS-sim arc 489/578: HOFN HOFN_E23_1  8 rays  TEC 8.5–10.4 TECU
  IGS-sim arc 490/578: HOFN HOFN_E23_2  8 rays  TEC 8.5–10.4 TECU
  IGS-sim arc 491/578: HOFN HOFN_E23_3  8 rays  TEC 8.5–10.4 TECU
  IGS-sim arc 492/578: HOFN HOFN_E26  8 rays  TEC 6.8–10.0 TECU
  IGS-sim arc 493/578: HOFN HOFN_E26_1  8 rays  TEC 6.8–10.0 TECU
  IGS-sim arc 494/578: HOFN HOFN_E26_2  8 rays  TEC 6.8–10.0 TECU
  IGS-sim arc 495/578: HOFN HOFN_E26_3  8 rays  TEC 6.8–10.0 TECU
  IGS-sim arc 496/578: HOFN HOFN_E31  4 rays  TEC 10.9–11.7 TECU
  IGS-sim arc 497/578: HOFN HOFN_E31_1  4 rays  TEC 10.9–11.7 TECU
  IGS-sim arc 498/578: HOFN HOFN_E31_2  4 rays  TEC 10.9–11.7 TECU
  IGS-sim arc 499/578: HOFN HOFN_E31_3  4 rays  TEC 10.9–11.7 TECU
  IGS-sim arc 500/578: HOFN HOFN_G01  8 rays  TEC 5.4–7.1 TECU
  IGS-sim arc 501/578: HOFN HOFN_G02  3 rays  TEC 7.5–8.4 TECU
  IGS-sim arc 502/578: HOFN HOFN_G03  8 rays  TEC 5.0–5.4 TECU
  IGS-sim arc 503/578: HOFN HOFN_G04  4 rays  TEC 7.4–9.2 TECU
  IGS-sim arc 504/578: HOFN HOFN_G06  5 rays  TEC 7.9–10.9 TECU
  IGS-sim arc 505/578: HOFN HOFN_G12  2 rays  TEC 11.8–12.0 TECU
  IGS-sim arc 506/578: HOFN HOFN_G17  8 rays  TEC 5.8–6.3 TECU
  IGS-sim arc 507/578: HOFN HOFN_G19  8 rays  TEC 6.1–7.4 TECU
  IGS-sim arc 508/578: HOFN HOFN_G22  2 rays  TEC 10.2–10.9 TECU
  IGS-sim arc 509/578: HOFN HOFN_G28  2 rays  TEC 9.5–9.6 TECU
  IGS-sim arc 510/578: HOFN HOFN_R04  5 rays  TEC 7.2–9.8 TECU
  IGS-sim arc 511/578: HOFN HOFN_R05  8 rays  TEC 5.3–5.7 TECU
  IGS-sim arc 512/578: HOFN HOFN_R06  6 rays  TEC 6.6–10.2 TECU
  IGS-sim arc 513/578: HOFN HOFN_R12  5 rays  TEC 9.3–11.4 TECU
  IGS-sim arc 514/578: HOFN HOFN_R13  8 rays  TEC 10.0–11.4 TECU
  IGS-sim arc 515/578: HOFN HOFN_R20  8 rays  TEC 5.6–8.7 TECU
  IGS-sim arc 516/578: HOFN HOFN_R21  8 rays  TEC 5.0–5.4 TECU
  IGS-sim arc 517/578: HOFN HOFN_R22  5 rays  TEC 7.8–11.5 TECU
  IGS-sim arc 518/578: HOFN HOFN_R27  8 rays  TEC 5.7–9.6 TECU
  IGS-sim arc 519/578: HOFN HOFN_R28  8 rays  TEC 5.5–8.5 TECU
  IGS-sim arc 520/578: REYK REYK_C14  5 rays  TEC 8.1–9.9 TECU
  IGS-sim arc 521/578: REYK REYK_C27  8 rays  TEC 5.4–6.3 TECU
  IGS-sim arc 522/578: REYK REYK_C28  6 rays  TEC 7.4–9.9 TECU
  IGS-sim arc 523/578: REYK REYK_C30  8 rays  TEC 6.4–8.8 TECU
  IGS-sim arc 524/578: REYK REYK_C33  8 rays  TEC 6.3–7.8 TECU
  IGS-sim arc 525/578: REYK REYK_C39  4 rays  TEC 10.3–10.8 TECU
  IGS-sim arc 526/578: REYK REYK_C41  8 rays  TEC 5.8–7.2 TECU
  IGS-sim arc 527/578: REYK REYK_C47  4 rays  TEC 9.8–12.2 TECU
  IGS-sim arc 528/578: REYK REYK_E03  8 rays  TEC 7.4–7.7 TECU
  IGS-sim arc 529/578: REYK REYK_E03_1  8 rays  TEC 7.4–7.7 TECU
  IGS-sim arc 530/578: REYK REYK_E03_2  8 rays  TEC 7.4–7.7 TECU
  IGS-sim arc 531/578: REYK REYK_E03_3  8 rays  TEC 7.4–7.7 TECU
  IGS-sim arc 532/578: REYK REYK_E08  6 rays  TEC 7.4–9.7 TECU
  IGS-sim arc 533/578: REYK REYK_E08_1  6 rays  TEC 7.4–9.7 TECU
  IGS-sim arc 534/578: REYK REYK_E08_2  6 rays  TEC 7.4–9.7 TECU
  IGS-sim arc 535/578: REYK REYK_E08_3  6 rays  TEC 7.4–9.7 TECU
  IGS-sim arc 536/578: REYK REYK_E13  8 rays  TEC 5.3–5.4 TECU
  IGS-sim arc 537/578: REYK REYK_E13_1  8 rays  TEC 5.3–5.4 TECU
  IGS-sim arc 538/578: REYK REYK_E13_2  8 rays  TEC 5.3–5.4 TECU
  IGS-sim arc 539/578: REYK REYK_E13_3  8 rays  TEC 5.3–5.4 TECU
  IGS-sim arc 540/578: REYK REYK_E15  7 rays  TEC 7.2–9.3 TECU
  IGS-sim arc 541/578: REYK REYK_E15_1  7 rays  TEC 7.2–9.3 TECU
  IGS-sim arc 542/578: REYK REYK_E15_2  7 rays  TEC 7.2–9.3 TECU
  IGS-sim arc 543/578: REYK REYK_E15_3  7 rays  TEC 7.2–9.3 TECU
  IGS-sim arc 544/578: REYK REYK_E21  2 rays  TEC 10.0–10.7 TECU
  IGS-sim arc 545/578: REYK REYK_E21_1  2 rays  TEC 10.0–10.7 TECU
  IGS-sim arc 546/578: REYK REYK_E21_2  2 rays  TEC 10.0–10.7 TECU
  IGS-sim arc 547/578: REYK REYK_E21_3  2 rays  TEC 10.0–10.7 TECU
  IGS-sim arc 548/578: REYK REYK_E23  8 rays  TEC 8.3–9.9 TECU
  IGS-sim arc 549/578: REYK REYK_E23_1  8 rays  TEC 8.3–9.9 TECU
  IGS-sim arc 550/578: REYK REYK_E23_2  8 rays  TEC 8.3–9.9 TECU
  IGS-sim arc 551/578: REYK REYK_E23_3  8 rays  TEC 8.3–9.9 TECU
  IGS-sim arc 552/578: REYK REYK_E26  8 rays  TEC 6.7–9.5 TECU
  IGS-sim arc 553/578: REYK REYK_E26_1  8 rays  TEC 6.7–9.5 TECU
  IGS-sim arc 554/578: REYK REYK_E26_2  8 rays  TEC 6.7–9.5 TECU
  IGS-sim arc 555/578: REYK REYK_E26_3  8 rays  TEC 6.7–9.5 TECU
  IGS-sim arc 556/578: REYK REYK_E31  5 rays  TEC 10.9–12.5 TECU
  IGS-sim arc 557/578: REYK REYK_E31_1  5 rays  TEC 10.9–12.5 TECU
  IGS-sim arc 558/578: REYK REYK_E31_2  5 rays  TEC 10.9–12.5 TECU
  IGS-sim arc 559/578: REYK REYK_E31_3  5 rays  TEC 10.9–12.5 TECU
  IGS-sim arc 560/578: REYK REYK_G01  8 rays  TEC 5.9–8.2 TECU
  IGS-sim arc 561/578: REYK REYK_G02  2 rays  TEC 8.7–9.1 TECU
  IGS-sim arc 562/578: REYK REYK_G03  8 rays  TEC 5.4–5.7 TECU
  IGS-sim arc 563/578: REYK REYK_G04  4 rays  TEC 8.1–10.0 TECU
  IGS-sim arc 564/578: REYK REYK_G06  6 rays  TEC 7.7–11.1 TECU
  IGS-sim arc 565/578: REYK REYK_G12  3 rays  TEC 11.8–12.5 TECU
  IGS-sim arc 566/578: REYK REYK_G17  8 rays  TEC 5.9–6.5 TECU
  IGS-sim arc 567/578: REYK REYK_G19  8 rays  TEC 6.2–7.3 TECU
  IGS-sim arc 568/578: REYK REYK_G22  3 rays  TEC 9.8–11.2 TECU
  IGS-sim arc 569/578: REYK REYK_R04  5 rays  TEC 8.0–11.2 TECU
  IGS-sim arc 570/578: REYK REYK_R05  8 rays  TEC 5.8–6.4 TECU
  IGS-sim arc 571/578: REYK REYK_R06  6 rays  TEC 6.9–10.6 TECU
  IGS-sim arc 572/578: REYK REYK_R12  6 rays  TEC 9.2–11.6 TECU
  IGS-sim arc 573/578: REYK REYK_R13  8 rays  TEC 10.2–12.3 TECU
  IGS-sim arc 574/578: REYK REYK_R20  8 rays  TEC 6.2–9.7 TECU
  IGS-sim arc 575/578: REYK REYK_R21  8 rays  TEC 5.3–5.5 TECU
  IGS-sim arc 576/578: REYK REYK_R22  6 rays  TEC 7.8–12.2 TECU
  IGS-sim arc 577/578: REYK REYK_R27  8 rays  TEC 6.1–10.2 TECU
  IGS-sim arc 578/578: REYK REYK_R28  8 rays  TEC 6.2–9.6 TECU

  [sweep 2025-12-18_0100] igs_only EKF (578 IGS arcs) …
  [EKF] 578 arcs  |  3719 profile rays  |  3719 update rays  |  n_state = 1768
  [EKF] Prior innovations  mean=-0.16  std=1.33  max_abs=4.40 TECU
  [EKF] iterating [analytical]:   0%|          | 0/20 [00:00<?, ?it/s]  [EKF] iterating [analytical]:   0%|          | 0/20 [00:18<?, ?it/s, RMSE=1.339TECU, rel_dP=5.24e-03]  [EKF] iterating [analytical]:   5%|▌         | 1/20 [00:18<05:46, 18.23s/it, RMSE=1.339TECU, rel_dP=5.24e-03]  [EKF] iterating [analytical]:   5%|▌         | 1/20 [00:36<05:46, 18.23s/it, RMSE=0.483TECU, rel_dP=1.74e-03]  [EKF] iterating [analytical]:  10%|█         | 2/20 [00:36<05:28, 18.24s/it, RMSE=0.483TECU, rel_dP=1.74e-03]  [EKF] iterating [analytical]:  10%|█         | 2/20 [00:54<05:28, 18.24s/it, RMSE=0.338TECU, rel_dP=7.35e-04]  [EKF] iterating [analytical]:  15%|█▌        | 3/20 [00:54<05:06, 18.04s/it, RMSE=0.338TECU, rel_dP=7.35e-04]  [EKF] iterating [analytical]:  15%|█▌        | 3/20 [01:12<05:06, 18.04s/it, RMSE=0.320TECU, rel_dP=4.37e-04]                                                                                                                 [EKF] iterating [analytical]:  15%|█▌        | 3/20 [01:12<05:06, 18.04s/it, RMSE=0.320TECU, rel_dP=4.37e-04]                                                                                                                 [EKF] Converged at iteration 4  (||ΔP||/||P|| = 4.37e-04 < tol=5.0e-04)
  [EKF] Posterior innovations  mean=-0.00  std=0.32  max_abs=2.58 TECU
  [EKF] Prior RMSE 1.339 TECU  →  Post RMSE 0.316 TECU

  [sweep 2025-12-18_0100] N_OCC=10  (RO arcs available=21, used=10)
  [EKF] 10 arcs  |  1726 profile rays  |  466 update rays  |  n_state = 1768
  [EKF] Prior innovations  mean=3.28  std=8.44  max_abs=36.55 TECU
  [EKF] iterating [analytical]:   0%|          | 0/20 [00:00<?, ?it/s]  [EKF] iterating [analytical]:   0%|          | 0/20 [00:02<?, ?it/s, RMSE=9.050TECU, rel_dP=1.33e-02]  [EKF] iterating [analytical]:   5%|▌         | 1/20 [00:02<00:40,  2.15s/it, RMSE=9.050TECU, rel_dP=1.33e-02]  [EKF] iterating [analytical]:   5%|▌         | 1/20 [00:04<00:40,  2.15s/it, RMSE=3.107TECU, rel_dP=6.54e-03]  [EKF] iterating [analytical]:  10%|█         | 2/20 [00:04<00:37,  2.11s/it, RMSE=3.107TECU, rel_dP=6.54e-03]  [EKF] iterating [analytical]:  10%|█         | 2/20 [00:06<00:37,  2.11s/it, RMSE=2.102TECU, rel_dP=4.17e-03]  [EKF] iterating [analytical]:  15%|█▌        | 3/20 [00:06<00:34,  2.04s/it, RMSE=2.102TECU, rel_dP=4.17e-03]  [EKF] iterating [analytical]:  15%|█▌        | 3/20 [00:08<00:34,  2.04s/it, RMSE=1.881TECU, rel_dP=3.04e-03]  [EKF] iterating [analytical]:  20%|██        | 4/20 [00:08<00:32,  2.01s/it, RMSE=1.881TECU, rel_dP=3.04e-03]  [EKF] iterating [analytical]:  20%|██        | 4/20 [00:09<00:32,  2.01s/it, RMSE=1.781TECU, rel_dP=2.40e-03]  [EKF] iterating [analytical]:  25%|██▌       | 5/20 [00:09<00:29,  1.94s/it, RMSE=1.781TECU, rel_dP=2.40e-03]  [EKF] iterating [analytical]:  25%|██▌       | 5/20 [00:11<00:29,  1.94s/it, RMSE=1.717TECU, rel_dP=1.99e-03]  [EKF] iterating [analytical]:  30%|███       | 6/20 [00:11<00:26,  1.92s/it, RMSE=1.717TECU, rel_dP=1.99e-03]  [EKF] iterating [analytical]:  30%|███       | 6/20 [00:13<00:26,  1.92s/it, RMSE=1.670TECU, rel_dP=1.72e-03]  [EKF] iterating [analytical]:  35%|███▌      | 7/20 [00:13<00:24,  1.88s/it, RMSE=1.670TECU, rel_dP=1.72e-03]  [EKF] iterating [analytical]:  35%|███▌      | 7/20 [00:15<00:24,  1.88s/it, RMSE=1.633TECU, rel_dP=1.53e-03]  [EKF] iterating [analytical]:  40%|████      | 8/20 [00:15<00:22,  1.87s/it, RMSE=1.633TECU, rel_dP=1.53e-03]  [EKF] iterating [analytical]:  40%|████      | 8/20 [00:17<00:22,  1.87s/it, RMSE=1.602TECU, rel_dP=1.39e-03]  [EKF] iterating [analytical]:  45%|████▌     | 9/20 [00:17<00:20,  1.87s/it, RMSE=1.602TECU, rel_dP=1.39e-03]  [EKF] iterating [analytical]:  45%|████▌     | 9/20 [00:19<00:20,  1.87s/it, RMSE=1.576TECU, rel_dP=1.29e-03]  [EKF] iterating [analytical]:  50%|█████     | 10/20 [00:19<00:18,  1.86s/it, RMSE=1.576TECU, rel_dP=1.29e-03]  [EKF] iterating [analytical]:  50%|█████     | 10/20 [00:21<00:18,  1.86s/it, RMSE=1.553TECU, rel_dP=1.21e-03]  [EKF] iterating [analytical]:  55%|█████▌    | 11/20 [00:21<00:16,  1.88s/it, RMSE=1.553TECU, rel_dP=1.21e-03]  [EKF] iterating [analytical]:  55%|█████▌    | 11/20 [00:23<00:16,  1.88s/it, RMSE=1.534TECU, rel_dP=1.16e-03]  [EKF] iterating [analytical]:  60%|██████    | 12/20 [00:23<00:15,  1.89s/it, RMSE=1.534TECU, rel_dP=1.16e-03]  [EKF] iterating [analytical]:  60%|██████    | 12/20 [00:24<00:15,  1.89s/it, RMSE=1.517TECU, rel_dP=1.12e-03]  [EKF] iterating [analytical]:  65%|██████▌   | 13/20 [00:24<00:13,  1.87s/it, RMSE=1.517TECU, rel_dP=1.12e-03]  [EKF] iterating [analytical]:  65%|██████▌   | 13/20 [00:26<00:13,  1.87s/it, RMSE=1.502TECU, rel_dP=1.08e-03]  [EKF] iterating [analytical]:  70%|███████   | 14/20 [00:26<00:11,  1.86s/it, RMSE=1.502TECU, rel_dP=1.08e-03]  [EKF] iterating [analytical]:  70%|███████   | 14/20 [00:28<00:11,  1.86s/it, RMSE=1.488TECU, rel_dP=1.05e-03]  [EKF] iterating [analytical]:  75%|███████▌  | 15/20 [00:28<00:09,  1.85s/it, RMSE=1.488TECU, rel_dP=1.05e-03]  [EKF] iterating [analytical]:  75%|███████▌  | 15/20 [00:30<00:09,  1.85s/it, RMSE=1.474TECU, rel_dP=1.03e-03]  [EKF] iterating [analytical]:  80%|████████  | 16/20 [00:30<00:07,  1.84s/it, RMSE=1.474TECU, rel_dP=1.03e-03]  [EKF] iterating [analytical]:  80%|████████  | 16/20 [00:32<00:07,  1.84s/it, RMSE=1.461TECU, rel_dP=1.01e-03]  [EKF] iterating [analytical]:  85%|████████▌ | 17/20 [00:32<00:05,  1.82s/it, RMSE=1.461TECU, rel_dP=1.01e-03]  [EKF] iterating [analytical]:  85%|████████▌ | 17/20 [00:33<00:05,  1.82s/it, RMSE=1.449TECU, rel_dP=9.88e-04]  [EKF] iterating [analytical]:  90%|█████████ | 18/20 [00:33<00:03,  1.81s/it, RMSE=1.449TECU, rel_dP=9.88e-04]  [EKF] iterating [analytical]:  90%|█████████ | 18/20 [00:35<00:03,  1.81s/it, RMSE=1.437TECU, rel_dP=9.71e-04]  [EKF] iterating [analytical]:  95%|█████████▌| 19/20 [00:35<00:01,  1.80s/it, RMSE=1.437TECU, rel_dP=9.71e-04]  [EKF] iterating [analytical]:  95%|█████████▌| 19/20 [00:37<00:01,  1.80s/it, RMSE=1.426TECU, rel_dP=9.56e-04]  [EKF] iterating [analytical]: 100%|██████████| 20/20 [00:37<00:00,  1.83s/it, RMSE=1.426TECU, rel_dP=9.56e-04]                                                                                                                  [EKF] Reached max_iter=20 without convergence  (final ||ΔP||/||P|| = 9.56e-04)
  [EKF] Posterior innovations  mean=-0.07  std=1.41  max_abs=13.83 TECU
  [EKF] Prior RMSE 9.279 TECU  →  Post RMSE 1.404 TECU
  [EKF] 588 arcs  |  5445 profile rays  |  4185 update rays  |  n_state = 1768
  [EKF] Prior innovations  mean=0.22  std=3.27  max_abs=36.55 TECU
  [EKF] iterating [analytical]:   0%|          | 0/20 [00:00<?, ?it/s]  [EKF] iterating [analytical]:   0%|          | 0/20 [00:19<?, ?it/s, RMSE=3.273TECU, rel_dP=1.38e-02]  [EKF] iterating [analytical]:   5%|▌         | 1/20 [00:19<06:12, 19.59s/it, RMSE=3.273TECU, rel_dP=1.38e-02]  [EKF] iterating [analytical]:   5%|▌         | 1/20 [00:39<06:12, 19.59s/it, RMSE=1.156TECU, rel_dP=6.73e-03]  [EKF] iterating [analytical]:  10%|█         | 2/20 [00:39<05:54, 19.67s/it, RMSE=1.156TECU, rel_dP=6.73e-03]  [EKF] iterating [analytical]:  10%|█         | 2/20 [00:59<05:54, 19.67s/it, RMSE=0.804TECU, rel_dP=4.15e-03]  [EKF] iterating [analytical]:  15%|█▌        | 3/20 [00:59<05:35, 19.75s/it, RMSE=0.804TECU, rel_dP=4.15e-03]  [EKF] iterating [analytical]:  15%|█▌        | 3/20 [01:19<05:35, 19.75s/it, RMSE=0.729TECU, rel_dP=2.98e-03]  [EKF] iterating [analytical]:  20%|██        | 4/20 [01:19<05:18, 19.92s/it, RMSE=0.729TECU, rel_dP=2.98e-03]  [EKF] iterating [analytical]:  20%|██        | 4/20 [01:39<05:18, 19.92s/it, RMSE=0.695TECU, rel_dP=2.37e-03]  [EKF] iterating [analytical]:  25%|██▌       | 5/20 [01:39<04:59, 19.96s/it, RMSE=0.695TECU, rel_dP=2.37e-03]  [EKF] iterating [analytical]:  25%|██▌       | 5/20 [01:59<04:59, 19.96s/it, RMSE=0.674TECU, rel_dP=2.00e-03]  [EKF] iterating [analytical]:  30%|███       | 6/20 [01:59<04:41, 20.08s/it, RMSE=0.674TECU, rel_dP=2.00e-03]  [EKF] iterating [analytical]:  30%|███       | 6/20 [02:20<04:41, 20.08s/it, RMSE=0.660TECU, rel_dP=1.78e-03]  [EKF] iterating [analytical]:  35%|███▌      | 7/20 [02:20<04:23, 20.28s/it, RMSE=0.660TECU, rel_dP=1.78e-03]  [EKF] iterating [analytical]:  35%|███▌      | 7/20 [02:40<04:23, 20.28s/it, RMSE=0.650TECU, rel_dP=1.65e-03]  [EKF] iterating [analytical]:  40%|████      | 8/20 [02:40<04:03, 20.30s/it, RMSE=0.650TECU, rel_dP=1.65e-03]  [EKF] iterating [analytical]:  40%|████      | 8/20 [03:01<04:03, 20.30s/it, RMSE=0.642TECU, rel_dP=1.55e-03]  [EKF] iterating [analytical]:  45%|████▌     | 9/20 [03:01<03:44, 20.41s/it, RMSE=0.642TECU, rel_dP=1.55e-03]  [EKF] iterating [analytical]:  45%|████▌     | 9/20 [03:21<03:44, 20.41s/it, RMSE=0.635TECU, rel_dP=1.47e-03]  [EKF] iterating [analytical]:  50%|█████     | 10/20 [03:21<03:23, 20.33s/it, RMSE=0.635TECU, rel_dP=1.47e-03]  [EKF] iterating [analytical]:  50%|█████     | 10/20 [03:42<03:23, 20.33s/it, RMSE=0.630TECU, rel_dP=1.41e-03]  [EKF] iterating [analytical]:  55%|█████▌    | 11/20 [03:42<03:04, 20.45s/it, RMSE=0.630TECU, rel_dP=1.41e-03]  [EKF] iterating [analytical]:  55%|█████▌    | 11/20 [04:02<03:04, 20.45s/it, RMSE=0.624TECU, rel_dP=1.36e-03]  [EKF] iterating [analytical]:  60%|██████    | 12/20 [04:02<02:43, 20.49s/it, RMSE=0.624TECU, rel_dP=1.36e-03]  [EKF] iterating [analytical]:  60%|██████    | 12/20 [04:23<02:43, 20.49s/it, RMSE=0.619TECU, rel_dP=1.32e-03]  [EKF] iterating [analytical]:  65%|██████▌   | 13/20 [04:23<02:23, 20.50s/it, RMSE=0.619TECU, rel_dP=1.32e-03]  [EKF] iterating [analytical]:  65%|██████▌   | 13/20 [04:43<02:23, 20.50s/it, RMSE=0.615TECU, rel_dP=1.29e-03]  [EKF] iterating [analytical]:  70%|███████   | 14/20 [04:43<02:03, 20.53s/it, RMSE=0.615TECU, rel_dP=1.29e-03]  [EKF] iterating [analytical]:  70%|███████   | 14/20 [05:04<02:03, 20.53s/it, RMSE=0.610TECU, rel_dP=1.25e-03]  [EKF] iterating [analytical]:  75%|███████▌  | 15/20 [05:04<01:43, 20.67s/it, RMSE=0.610TECU, rel_dP=1.25e-03]  [EKF] iterating [analytical]:  75%|███████▌  | 15/20 [05:25<01:43, 20.67s/it, RMSE=0.606TECU, rel_dP=1.23e-03]  [EKF] iterating [analytical]:  80%|████████  | 16/20 [05:25<01:22, 20.59s/it, RMSE=0.606TECU, rel_dP=1.23e-03]  [EKF] iterating [analytical]:  80%|████████  | 16/20 [05:46<01:22, 20.59s/it, RMSE=0.602TECU, rel_dP=1.20e-03]  [EKF] iterating [analytical]:  85%|████████▌ | 17/20 [05:46<01:01, 20.62s/it, RMSE=0.602TECU, rel_dP=1.20e-03]  [EKF] iterating [analytical]:  85%|████████▌ | 17/20 [06:06<01:01, 20.62s/it, RMSE=0.598TECU, rel_dP=1.18e-03]  [EKF] iterating [analytical]:  90%|█████████ | 18/20 [06:06<00:41, 20.60s/it, RMSE=0.598TECU, rel_dP=1.18e-03]  [EKF] iterating [analytical]:  90%|█████████ | 18/20 [06:26<00:41, 20.60s/it, RMSE=0.594TECU, rel_dP=1.15e-03]  [EKF] iterating [analytical]:  95%|█████████▌| 19/20 [06:26<00:20, 20.54s/it, RMSE=0.594TECU, rel_dP=1.15e-03]  [EKF] iterating [analytical]:  95%|█████████▌| 19/20 [06:47<00:20, 20.54s/it, RMSE=0.591TECU, rel_dP=1.13e-03]  [EKF] iterating [analytical]: 100%|██████████| 20/20 [06:47<00:00, 20.53s/it, RMSE=0.591TECU, rel_dP=1.13e-03]                                                                                                                  [EKF] Reached max_iter=20 without convergence  (final ||ΔP||/||P|| = 1.13e-03)
  [EKF] Posterior innovations  mean=-0.04  std=0.59  max_abs=14.18 TECU
  [EKF] Prior RMSE 5.340 TECU  →  Post RMSE 0.866 TECU

  [sweep 2025-12-18_0100] N_OCC=20  (RO arcs available=21, used=20)
  [EKF] 20 arcs  |  3321 profile rays  |  911 update rays  |  n_state = 1768
  [EKF] Prior innovations  mean=4.25  std=8.24  max_abs=36.55 TECU
  [EKF] iterating [analytical]:   0%|          | 0/20 [00:00<?, ?it/s]  [EKF] iterating [analytical]:   0%|          | 0/20 [00:03<?, ?it/s, RMSE=9.275TECU, rel_dP=1.80e-02]  [EKF] iterating [analytical]:   5%|▌         | 1/20 [00:03<01:11,  3.75s/it, RMSE=9.275TECU, rel_dP=1.80e-02]  [EKF] iterating [analytical]:   5%|▌         | 1/20 [00:07<01:11,  3.75s/it, RMSE=3.256TECU, rel_dP=7.54e-03]  [EKF] iterating [analytical]:  10%|█         | 2/20 [00:07<01:06,  3.68s/it, RMSE=3.256TECU, rel_dP=7.54e-03]  [EKF] iterating [analytical]:  10%|█         | 2/20 [00:10<01:06,  3.68s/it, RMSE=2.363TECU, rel_dP=4.66e-03]  [EKF] iterating [analytical]:  15%|█▌        | 3/20 [00:10<01:01,  3.64s/it, RMSE=2.363TECU, rel_dP=4.66e-03]  [EKF] iterating [analytical]:  15%|█▌        | 3/20 [00:14<01:01,  3.64s/it, RMSE=2.180TECU, rel_dP=3.51e-03]  [EKF] iterating [analytical]:  20%|██        | 4/20 [00:14<00:57,  3.60s/it, RMSE=2.180TECU, rel_dP=3.51e-03]  [EKF] iterating [analytical]:  20%|██        | 4/20 [00:18<00:57,  3.60s/it, RMSE=2.099TECU, rel_dP=2.94e-03]  [EKF] iterating [analytical]:  25%|██▌       | 5/20 [00:18<00:54,  3.64s/it, RMSE=2.099TECU, rel_dP=2.94e-03]  [EKF] iterating [analytical]:  25%|██▌       | 5/20 [00:21<00:54,  3.64s/it, RMSE=2.045TECU, rel_dP=2.58e-03]  [EKF] iterating [analytical]:  30%|███       | 6/20 [00:21<00:51,  3.68s/it, RMSE=2.045TECU, rel_dP=2.58e-03]  [EKF] iterating [analytical]:  30%|███       | 6/20 [00:25<00:51,  3.68s/it, RMSE=2.003TECU, rel_dP=2.34e-03]  [EKF] iterating [analytical]:  35%|███▌      | 7/20 [00:25<00:47,  3.68s/it, RMSE=2.003TECU, rel_dP=2.34e-03]  [EKF] iterating [analytical]:  35%|███▌      | 7/20 [00:29<00:47,  3.68s/it, RMSE=1.970TECU, rel_dP=2.16e-03]  [EKF] iterating [analytical]:  40%|████      | 8/20 [00:29<00:43,  3.64s/it, RMSE=1.970TECU, rel_dP=2.16e-03]  [EKF] iterating [analytical]:  40%|████      | 8/20 [00:32<00:43,  3.64s/it, RMSE=1.941TECU, rel_dP=2.01e-03]  [EKF] iterating [analytical]:  45%|████▌     | 9/20 [00:32<00:39,  3.61s/it, RMSE=1.941TECU, rel_dP=2.01e-03]  [EKF] iterating [analytical]:  45%|████▌     | 9/20 [00:36<00:39,  3.61s/it, RMSE=1.917TECU, rel_dP=1.90e-03]  [EKF] iterating [analytical]:  50%|█████     | 10/20 [00:36<00:35,  3.58s/it, RMSE=1.917TECU, rel_dP=1.90e-03]  [EKF] iterating [analytical]:  50%|█████     | 10/20 [00:39<00:35,  3.58s/it, RMSE=1.896TECU, rel_dP=1.80e-03]  [EKF] iterating [analytical]:  55%|█████▌    | 11/20 [00:39<00:32,  3.58s/it, RMSE=1.896TECU, rel_dP=1.80e-03]  [EKF] iterating [analytical]:  55%|█████▌    | 11/20 [00:43<00:32,  3.58s/it, RMSE=1.878TECU, rel_dP=1.72e-03]  [EKF] iterating [analytical]:  60%|██████    | 12/20 [00:43<00:28,  3.57s/it, RMSE=1.878TECU, rel_dP=1.72e-03]  [EKF] iterating [analytical]:  60%|██████    | 12/20 [00:47<00:28,  3.57s/it, RMSE=1.861TECU, rel_dP=1.65e-03]  [EKF] iterating [analytical]:  65%|██████▌   | 13/20 [00:47<00:25,  3.57s/it, RMSE=1.861TECU, rel_dP=1.65e-03]  [EKF] iterating [analytical]:  65%|██████▌   | 13/20 [00:50<00:25,  3.57s/it, RMSE=1.846TECU, rel_dP=1.58e-03]  [EKF] iterating [analytical]:  70%|███████   | 14/20 [00:50<00:21,  3.61s/it, RMSE=1.846TECU, rel_dP=1.58e-03]  [EKF] iterating [analytical]:  70%|███████   | 14/20 [00:54<00:21,  3.61s/it, RMSE=1.832TECU, rel_dP=1.53e-03]  [EKF] iterating [analytical]:  75%|███████▌  | 15/20 [00:54<00:18,  3.60s/it, RMSE=1.832TECU, rel_dP=1.53e-03]  [EKF] iterating [analytical]:  75%|███████▌  | 15/20 [00:57<00:18,  3.60s/it, RMSE=1.819TECU, rel_dP=1.48e-03]  [EKF] iterating [analytical]:  80%|████████  | 16/20 [00:57<00:14,  3.57s/it, RMSE=1.819TECU, rel_dP=1.48e-03]  [EKF] iterating [analytical]:  80%|████████  | 16/20 [01:01<00:14,  3.57s/it, RMSE=1.807TECU, rel_dP=1.43e-03]  [EKF] iterating [analytical]:  85%|████████▌ | 17/20 [01:01<00:10,  3.57s/it, RMSE=1.807TECU, rel_dP=1.43e-03]  [EKF] iterating [analytical]:  85%|████████▌ | 17/20 [01:04<00:10,  3.57s/it, RMSE=1.796TECU, rel_dP=1.39e-03]  [EKF] iterating [analytical]:  90%|█████████ | 18/20 [01:04<00:07,  3.54s/it, RMSE=1.796TECU, rel_dP=1.39e-03]  [EKF] iterating [analytical]:  90%|█████████ | 18/20 [01:08<00:07,  3.54s/it, RMSE=1.785TECU, rel_dP=1.35e-03]  [EKF] iterating [analytical]:  95%|█████████▌| 19/20 [01:08<00:03,  3.52s/it, RMSE=1.785TECU, rel_dP=1.35e-03]  [EKF] iterating [analytical]:  95%|█████████▌| 19/20 [01:11<00:03,  3.52s/it, RMSE=1.775TECU, rel_dP=1.32e-03]  [EKF] iterating [analytical]: 100%|██████████| 20/20 [01:11<00:00,  3.55s/it, RMSE=1.775TECU, rel_dP=1.32e-03]                                                                                                                  [EKF] Reached max_iter=20 without convergence  (final ||ΔP||/||P|| = 1.32e-03)
  [EKF] Posterior innovations  mean=-0.04  std=1.77  max_abs=14.03 TECU
  [EKF] Prior RMSE 9.458 TECU  →  Post RMSE 1.761 TECU
  [EKF] 598 arcs  |  7040 profile rays  |  4630 update rays  |  n_state = 1768
  [EKF] Prior innovations  mean=0.71  std=4.23  max_abs=36.55 TECU
  [EKF] iterating [analytical]:   0%|          | 0/20 [00:00<?, ?it/s]  [EKF] iterating [analytical]:   0%|          | 0/20 [00:21<?, ?it/s, RMSE=4.286TECU, rel_dP=1.84e-02]  [EKF] iterating [analytical]:   5%|▌         | 1/20 [00:21<06:49, 21.54s/it, RMSE=4.286TECU, rel_dP=1.84e-02]  [EKF] iterating [analytical]:   5%|▌         | 1/20 [00:43<06:49, 21.54s/it, RMSE=1.529TECU, rel_dP=7.78e-03]  [EKF] iterating [analytical]:  10%|█         | 2/20 [00:43<06:30, 21.71s/it, RMSE=1.529TECU, rel_dP=7.78e-03]  [EKF] iterating [analytical]:  10%|█         | 2/20 [01:05<06:30, 21.71s/it, RMSE=1.118TECU, rel_dP=4.77e-03]  [EKF] iterating [analytical]:  15%|█▌        | 3/20 [01:05<06:11, 21.82s/it, RMSE=1.118TECU, rel_dP=4.77e-03]  [EKF] iterating [analytical]:  15%|█▌        | 3/20 [01:26<06:11, 21.82s/it, RMSE=1.034TECU, rel_dP=3.58e-03]  [EKF] iterating [analytical]:  20%|██        | 4/20 [01:26<05:46, 21.68s/it, RMSE=1.034TECU, rel_dP=3.58e-03]  [EKF] iterating [analytical]:  20%|██        | 4/20 [01:48<05:46, 21.68s/it, RMSE=0.996TECU, rel_dP=2.99e-03]  [EKF] iterating [analytical]:  25%|██▌       | 5/20 [01:48<05:25, 21.72s/it, RMSE=0.996TECU, rel_dP=2.99e-03]  [EKF] iterating [analytical]:  25%|██▌       | 5/20 [02:10<05:25, 21.72s/it, RMSE=0.972TECU, rel_dP=2.63e-03]  [EKF] iterating [analytical]:  30%|███       | 6/20 [02:10<05:03, 21.67s/it, RMSE=0.972TECU, rel_dP=2.63e-03]  [EKF] iterating [analytical]:  30%|███       | 6/20 [02:32<05:03, 21.67s/it, RMSE=0.955TECU, rel_dP=2.39e-03]  [EKF] iterating [analytical]:  35%|███▌      | 7/20 [02:32<04:43, 21.81s/it, RMSE=0.955TECU, rel_dP=2.39e-03]  [EKF] iterating [analytical]:  35%|███▌      | 7/20 [02:54<04:43, 21.81s/it, RMSE=0.941TECU, rel_dP=2.22e-03]  [EKF] iterating [analytical]:  40%|████      | 8/20 [02:54<04:22, 21.87s/it, RMSE=0.941TECU, rel_dP=2.22e-03]  [EKF] iterating [analytical]:  40%|████      | 8/20 [03:16<04:22, 21.87s/it, RMSE=0.929TECU, rel_dP=2.08e-03]  [EKF] iterating [analytical]:  45%|████▌     | 9/20 [03:16<04:00, 21.88s/it, RMSE=0.929TECU, rel_dP=2.08e-03]  [EKF] iterating [analytical]:  45%|████▌     | 9/20 [03:38<04:00, 21.88s/it, RMSE=0.919TECU, rel_dP=1.96e-03]  [EKF] iterating [analytical]:  50%|█████     | 10/20 [03:38<03:38, 21.88s/it, RMSE=0.919TECU, rel_dP=1.96e-03]  [EKF] iterating [analytical]:  50%|█████     | 10/20 [04:00<03:38, 21.88s/it, RMSE=0.910TECU, rel_dP=1.86e-03]  [EKF] iterating [analytical]:  55%|█████▌    | 11/20 [04:00<03:18, 22.04s/it, RMSE=0.910TECU, rel_dP=1.86e-03]  [EKF] iterating [analytical]:  55%|█████▌    | 11/20 [04:22<03:18, 22.04s/it, RMSE=0.903TECU, rel_dP=1.77e-03]  [EKF] iterating [analytical]:  60%|██████    | 12/20 [04:22<02:56, 22.06s/it, RMSE=0.903TECU, rel_dP=1.77e-03]  [EKF] iterating [analytical]:  60%|██████    | 12/20 [04:44<02:56, 22.06s/it, RMSE=0.896TECU, rel_dP=1.70e-03]  [EKF] iterating [analytical]:  65%|██████▌   | 13/20 [04:44<02:33, 21.98s/it, RMSE=0.896TECU, rel_dP=1.70e-03]  [EKF] iterating [analytical]:  65%|██████▌   | 13/20 [05:06<02:33, 21.98s/it, RMSE=0.889TECU, rel_dP=1.64e-03]  [EKF] iterating [analytical]:  70%|███████   | 14/20 [05:06<02:12, 22.02s/it, RMSE=0.889TECU, rel_dP=1.64e-03]  [EKF] iterating [analytical]:  70%|███████   | 14/20 [05:28<02:12, 22.02s/it, RMSE=0.883TECU, rel_dP=1.58e-03]  [EKF] iterating [analytical]:  75%|███████▌  | 15/20 [05:28<01:49, 21.97s/it, RMSE=0.883TECU, rel_dP=1.58e-03]  [EKF] iterating [analytical]:  75%|███████▌  | 15/20 [05:50<01:49, 21.97s/it, RMSE=0.878TECU, rel_dP=1.53e-03]  [EKF] iterating [analytical]:  80%|████████  | 16/20 [05:50<01:27, 21.97s/it, RMSE=0.878TECU, rel_dP=1.53e-03]  [EKF] iterating [analytical]:  80%|████████  | 16/20 [06:12<01:27, 21.97s/it, RMSE=0.872TECU, rel_dP=1.48e-03]  [EKF] iterating [analytical]:  85%|████████▌ | 17/20 [06:12<01:05, 21.96s/it, RMSE=0.872TECU, rel_dP=1.48e-03]  [EKF] iterating [analytical]:  85%|████████▌ | 17/20 [06:33<01:05, 21.96s/it, RMSE=0.868TECU, rel_dP=1.44e-03]  [EKF] iterating [analytical]:  90%|█████████ | 18/20 [06:33<00:43, 21.91s/it, RMSE=0.868TECU, rel_dP=1.44e-03]  [EKF] iterating [analytical]:  90%|█████████ | 18/20 [06:55<00:43, 21.91s/it, RMSE=0.863TECU, rel_dP=1.39e-03]  [EKF] iterating [analytical]:  95%|█████████▌| 19/20 [06:55<00:21, 21.94s/it, RMSE=0.863TECU, rel_dP=1.39e-03]  [EKF] iterating [analytical]:  95%|█████████▌| 19/20 [07:17<00:21, 21.94s/it, RMSE=0.859TECU, rel_dP=1.36e-03]  [EKF] iterating [analytical]: 100%|██████████| 20/20 [07:17<00:00, 21.85s/it, RMSE=0.859TECU, rel_dP=1.36e-03]                                                                                                                  [EKF] Reached max_iter=20 without convergence  (final ||ΔP||/||P|| = 1.36e-03)
  [EKF] Posterior innovations  mean=-0.04  std=0.85  max_abs=14.37 TECU
  [EKF] Prior RMSE 6.568 TECU  →  Post RMSE 1.253 TECU

  [sweep 2025-12-18_0100] N_OCC=30  (RO arcs available=21, used=21)
  [EKF] 21 arcs  |  3493 profile rays  |  955 update rays  |  n_state = 1768
  [EKF] Prior innovations  mean=4.08  std=8.12  max_abs=36.55 TECU
  [EKF] iterating [analytical]:   0%|          | 0/20 [00:00<?, ?it/s]  [EKF] iterating [analytical]:   0%|          | 0/20 [00:03<?, ?it/s, RMSE=9.088TECU, rel_dP=1.78e-02]  [EKF] iterating [analytical]:   5%|▌         | 1/20 [00:03<01:07,  3.57s/it, RMSE=9.088TECU, rel_dP=1.78e-02]  [EKF] iterating [analytical]:   5%|▌         | 1/20 [00:07<01:07,  3.57s/it, RMSE=3.200TECU, rel_dP=7.39e-03]  [EKF] iterating [analytical]:  10%|█         | 2/20 [00:07<01:04,  3.59s/it, RMSE=3.200TECU, rel_dP=7.39e-03]  [EKF] iterating [analytical]:  10%|█         | 2/20 [00:10<01:04,  3.59s/it, RMSE=2.332TECU, rel_dP=4.49e-03]  [EKF] iterating [analytical]:  15%|█▌        | 3/20 [00:10<01:02,  3.67s/it, RMSE=2.332TECU, rel_dP=4.49e-03]  [EKF] iterating [analytical]:  15%|█▌        | 3/20 [00:14<01:02,  3.67s/it, RMSE=2.158TECU, rel_dP=3.38e-03]  [EKF] iterating [analytical]:  20%|██        | 4/20 [00:14<00:58,  3.67s/it, RMSE=2.158TECU, rel_dP=3.38e-03]  [EKF] iterating [analytical]:  20%|██        | 4/20 [00:18<00:58,  3.67s/it, RMSE=2.082TECU, rel_dP=2.85e-03]  [EKF] iterating [analytical]:  25%|██▌       | 5/20 [00:18<00:55,  3.69s/it, RMSE=2.082TECU, rel_dP=2.85e-03]  [EKF] iterating [analytical]:  25%|██▌       | 5/20 [00:21<00:55,  3.69s/it, RMSE=2.032TECU, rel_dP=2.54e-03]  [EKF] iterating [analytical]:  30%|███       | 6/20 [00:21<00:51,  3.68s/it, RMSE=2.032TECU, rel_dP=2.54e-03]  [EKF] iterating [analytical]:  30%|███       | 6/20 [00:25<00:51,  3.68s/it, RMSE=1.993TECU, rel_dP=2.33e-03]  [EKF] iterating [analytical]:  35%|███▌      | 7/20 [00:25<00:48,  3.70s/it, RMSE=1.993TECU, rel_dP=2.33e-03]  [EKF] iterating [analytical]:  35%|███▌      | 7/20 [00:29<00:48,  3.70s/it, RMSE=1.961TECU, rel_dP=2.17e-03]  [EKF] iterating [analytical]:  40%|████      | 8/20 [00:29<00:44,  3.68s/it, RMSE=1.961TECU, rel_dP=2.17e-03]  [EKF] iterating [analytical]:  40%|████      | 8/20 [00:33<00:44,  3.68s/it, RMSE=1.934TECU, rel_dP=2.05e-03]  [EKF] iterating [analytical]:  45%|████▌     | 9/20 [00:33<00:40,  3.67s/it, RMSE=1.934TECU, rel_dP=2.05e-03]  [EKF] iterating [analytical]:  45%|████▌     | 9/20 [00:36<00:40,  3.67s/it, RMSE=1.909TECU, rel_dP=1.94e-03]  [EKF] iterating [analytical]:  50%|█████     | 10/20 [00:36<00:36,  3.68s/it, RMSE=1.909TECU, rel_dP=1.94e-03]  [EKF] iterating [analytical]:  50%|█████     | 10/20 [00:40<00:36,  3.68s/it, RMSE=1.888TECU, rel_dP=1.84e-03]  [EKF] iterating [analytical]:  55%|█████▌    | 11/20 [00:40<00:33,  3.67s/it, RMSE=1.888TECU, rel_dP=1.84e-03]  [EKF] iterating [analytical]:  55%|█████▌    | 11/20 [00:44<00:33,  3.67s/it, RMSE=1.870TECU, rel_dP=1.77e-03]  [EKF] iterating [analytical]:  60%|██████    | 12/20 [00:44<00:29,  3.67s/it, RMSE=1.870TECU, rel_dP=1.77e-03]  [EKF] iterating [analytical]:  60%|██████    | 12/20 [00:47<00:29,  3.67s/it, RMSE=1.853TECU, rel_dP=1.70e-03]  [EKF] iterating [analytical]:  65%|██████▌   | 13/20 [00:47<00:25,  3.66s/it, RMSE=1.853TECU, rel_dP=1.70e-03]  [EKF] iterating [analytical]:  65%|██████▌   | 13/20 [00:51<00:25,  3.66s/it, RMSE=1.838TECU, rel_dP=1.63e-03]  [EKF] iterating [analytical]:  70%|███████   | 14/20 [00:51<00:21,  3.65s/it, RMSE=1.838TECU, rel_dP=1.63e-03]  [EKF] iterating [analytical]:  70%|███████   | 14/20 [00:54<00:21,  3.65s/it, RMSE=1.824TECU, rel_dP=1.58e-03]  [EKF] iterating [analytical]:  75%|███████▌  | 15/20 [00:54<00:18,  3.64s/it, RMSE=1.824TECU, rel_dP=1.58e-03]  [EKF] iterating [analytical]:  75%|███████▌  | 15/20 [00:58<00:18,  3.64s/it, RMSE=1.811TECU, rel_dP=1.52e-03]  [EKF] iterating [analytical]:  80%|████████  | 16/20 [00:58<00:14,  3.68s/it, RMSE=1.811TECU, rel_dP=1.52e-03]  [EKF] iterating [analytical]:  80%|████████  | 16/20 [01:02<00:14,  3.68s/it, RMSE=1.799TECU, rel_dP=1.47e-03]  [EKF] iterating [analytical]:  85%|████████▌ | 17/20 [01:02<00:11,  3.68s/it, RMSE=1.799TECU, rel_dP=1.47e-03]  [EKF] iterating [analytical]:  85%|████████▌ | 17/20 [01:06<00:11,  3.68s/it, RMSE=1.788TECU, rel_dP=1.43e-03]  [EKF] iterating [analytical]:  90%|█████████ | 18/20 [01:06<00:07,  3.71s/it, RMSE=1.788TECU, rel_dP=1.43e-03]  [EKF] iterating [analytical]:  90%|█████████ | 18/20 [01:09<00:07,  3.71s/it, RMSE=1.777TECU, rel_dP=1.39e-03]  [EKF] iterating [analytical]:  95%|█████████▌| 19/20 [01:09<00:03,  3.69s/it, RMSE=1.777TECU, rel_dP=1.39e-03]  [EKF] iterating [analytical]:  95%|█████████▌| 19/20 [01:13<00:03,  3.69s/it, RMSE=1.767TECU, rel_dP=1.35e-03]  [EKF] iterating [analytical]: 100%|██████████| 20/20 [01:13<00:00,  3.68s/it, RMSE=1.767TECU, rel_dP=1.35e-03]                                                                                                                  [EKF] Reached max_iter=20 without convergence  (final ||ΔP||/||P|| = 1.35e-03)
  [EKF] Posterior innovations  mean=-0.04  std=1.76  max_abs=14.50 TECU
  [EKF] Prior RMSE 9.253 TECU  →  Post RMSE 1.755 TECU
  [EKF] 599 arcs  |  7212 profile rays  |  4674 update rays  |  n_state = 1768
  [EKF] Prior innovations  mean=0.70  std=4.22  max_abs=36.55 TECU
  [EKF] iterating [analytical]:   0%|          | 0/20 [00:00<?, ?it/s]  [EKF] iterating [analytical]:   0%|          | 0/20 [00:21<?, ?it/s, RMSE=4.278TECU, rel_dP=1.84e-02]  [EKF] iterating [analytical]:   5%|▌         | 1/20 [00:21<06:55, 21.85s/it, RMSE=4.278TECU, rel_dP=1.84e-02]  [EKF] iterating [analytical]:   5%|▌         | 1/20 [00:43<06:55, 21.85s/it, RMSE=1.538TECU, rel_dP=7.67e-03]  [EKF] iterating [analytical]:  10%|█         | 2/20 [00:43<06:35, 21.97s/it, RMSE=1.538TECU, rel_dP=7.67e-03]  [EKF] iterating [analytical]:  10%|█         | 2/20 [01:05<06:35, 21.97s/it, RMSE=1.137TECU, rel_dP=4.62e-03]  [EKF] iterating [analytical]:  15%|█▌        | 3/20 [01:05<06:13, 22.00s/it, RMSE=1.137TECU, rel_dP=4.62e-03]  [EKF] iterating [analytical]:  15%|█▌        | 3/20 [01:27<06:13, 22.00s/it, RMSE=1.058TECU, rel_dP=3.48e-03]  [EKF] iterating [analytical]:  20%|██        | 4/20 [01:27<05:51, 21.98s/it, RMSE=1.058TECU, rel_dP=3.48e-03]  [EKF] iterating [analytical]:  20%|██        | 4/20 [01:49<05:51, 21.98s/it, RMSE=1.024TECU, rel_dP=2.94e-03]  [EKF] iterating [analytical]:  25%|██▌       | 5/20 [01:49<05:29, 21.94s/it, RMSE=1.024TECU, rel_dP=2.94e-03]  [EKF] iterating [analytical]:  25%|██▌       | 5/20 [02:11<05:29, 21.94s/it, RMSE=1.001TECU, rel_dP=2.62e-03]  [EKF] iterating [analytical]:  30%|███       | 6/20 [02:11<05:07, 21.98s/it, RMSE=1.001TECU, rel_dP=2.62e-03]  [EKF] iterating [analytical]:  30%|███       | 6/20 [02:33<05:07, 21.98s/it, RMSE=0.984TECU, rel_dP=2.40e-03]  [EKF] iterating [analytical]:  35%|███▌      | 7/20 [02:33<04:46, 22.00s/it, RMSE=0.984TECU, rel_dP=2.40e-03]  [EKF] iterating [analytical]:  35%|███▌      | 7/20 [02:55<04:46, 22.00s/it, RMSE=0.971TECU, rel_dP=2.25e-03]  [EKF] iterating [analytical]:  40%|████      | 8/20 [02:55<04:24, 22.00s/it, RMSE=0.971TECU, rel_dP=2.25e-03]  [EKF] iterating [analytical]:  40%|████      | 8/20 [03:17<04:24, 22.00s/it, RMSE=0.960TECU, rel_dP=2.13e-03]  [EKF] iterating [analytical]:  45%|████▌     | 9/20 [03:17<04:01, 22.00s/it, RMSE=0.960TECU, rel_dP=2.13e-03]  [EKF] iterating [analytical]:  45%|████▌     | 9/20 [03:39<04:01, 22.00s/it, RMSE=0.950TECU, rel_dP=2.03e-03]  [EKF] iterating [analytical]:  50%|█████     | 10/20 [03:39<03:40, 22.04s/it, RMSE=0.950TECU, rel_dP=2.03e-03]  [EKF] iterating [analytical]:  50%|█████     | 10/20 [04:02<03:40, 22.04s/it, RMSE=0.941TECU, rel_dP=1.94e-03]  [EKF] iterating [analytical]:  55%|█████▌    | 11/20 [04:02<03:18, 22.03s/it, RMSE=0.941TECU, rel_dP=1.94e-03]  [EKF] iterating [analytical]:  55%|█████▌    | 11/20 [04:23<03:18, 22.03s/it, RMSE=0.933TECU, rel_dP=1.86e-03]  [EKF] iterating [analytical]:  60%|██████    | 12/20 [04:23<02:55, 21.97s/it, RMSE=0.933TECU, rel_dP=1.86e-03]  [EKF] iterating [analytical]:  60%|██████    | 12/20 [04:45<02:55, 21.97s/it, RMSE=0.925TECU, rel_dP=1.79e-03]  [EKF] iterating [analytical]:  65%|██████▌   | 13/20 [04:45<02:33, 21.98s/it, RMSE=0.925TECU, rel_dP=1.79e-03]  [EKF] iterating [analytical]:  65%|██████▌   | 13/20 [05:07<02:33, 21.98s/it, RMSE=0.919TECU, rel_dP=1.73e-03]  [EKF] iterating [analytical]:  70%|███████   | 14/20 [05:07<02:12, 22.01s/it, RMSE=0.919TECU, rel_dP=1.73e-03]  [EKF] iterating [analytical]:  70%|███████   | 14/20 [05:29<02:12, 22.01s/it, RMSE=0.912TECU, rel_dP=1.67e-03]  [EKF] iterating [analytical]:  75%|███████▌  | 15/20 [05:29<01:49, 21.99s/it, RMSE=0.912TECU, rel_dP=1.67e-03]  [EKF] iterating [analytical]:  75%|███████▌  | 15/20 [05:52<01:49, 21.99s/it, RMSE=0.907TECU, rel_dP=1.62e-03]  [EKF] iterating [analytical]:  80%|████████  | 16/20 [05:52<01:28, 22.18s/it, RMSE=0.907TECU, rel_dP=1.62e-03]  [EKF] iterating [analytical]:  80%|████████  | 16/20 [06:15<01:28, 22.18s/it, RMSE=0.901TECU, rel_dP=1.57e-03]  [EKF] iterating [analytical]:  85%|████████▌ | 17/20 [06:15<01:07, 22.35s/it, RMSE=0.901TECU, rel_dP=1.57e-03]  [EKF] iterating [analytical]:  85%|████████▌ | 17/20 [06:37<01:07, 22.35s/it, RMSE=0.897TECU, rel_dP=1.52e-03]  [EKF] iterating [analytical]:  90%|█████████ | 18/20 [06:37<00:44, 22.43s/it, RMSE=0.897TECU, rel_dP=1.52e-03]  [EKF] iterating [analytical]:  90%|█████████ | 18/20 [06:59<00:44, 22.43s/it, RMSE=0.892TECU, rel_dP=1.48e-03]  [EKF] iterating [analytical]:  95%|█████████▌| 19/20 [06:59<00:22, 22.33s/it, RMSE=0.892TECU, rel_dP=1.48e-03]  [EKF] iterating [analytical]:  95%|█████████▌| 19/20 [07:22<00:22, 22.33s/it, RMSE=0.888TECU, rel_dP=1.44e-03]  [EKF] iterating [analytical]: 100%|██████████| 20/20 [07:22<00:00, 22.47s/it, RMSE=0.888TECU, rel_dP=1.44e-03]                                                                                                                  [EKF] Reached max_iter=20 without convergence  (final ||ΔP||/||P|| = 1.44e-03)
  [EKF] Posterior innovations  mean=-0.05  std=0.88  max_abs=14.81 TECU
  [EKF] Prior RMSE 6.511 TECU  →  Post RMSE 1.284 TECU

  [sweep 2025-12-18_0100] N_OCC=40  (RO arcs available=21, used=21)
  [EKF] 21 arcs  |  3493 profile rays  |  955 update rays  |  n_state = 1768
  [EKF] Prior innovations  mean=4.08  std=8.12  max_abs=36.55 TECU
  [EKF] iterating [analytical]:   0%|          | 0/20 [00:00<?, ?it/s]  [EKF] iterating [analytical]:   0%|          | 0/20 [00:03<?, ?it/s, RMSE=9.088TECU, rel_dP=1.78e-02]  [EKF] iterating [analytical]:   5%|▌         | 1/20 [00:03<01:08,  3.63s/it, RMSE=9.088TECU, rel_dP=1.78e-02]  [EKF] iterating [analytical]:   5%|▌         | 1/20 [00:07<01:08,  3.63s/it, RMSE=3.200TECU, rel_dP=7.39e-03]  [EKF] iterating [analytical]:  10%|█         | 2/20 [00:07<01:05,  3.66s/it, RMSE=3.200TECU, rel_dP=7.39e-03]  [EKF] iterating [analytical]:  10%|█         | 2/20 [00:10<01:05,  3.66s/it, RMSE=2.332TECU, rel_dP=4.49e-03]  [EKF] iterating [analytical]:  15%|█▌        | 3/20 [00:10<01:01,  3.63s/it, RMSE=2.332TECU, rel_dP=4.49e-03]  [EKF] iterating [analytical]:  15%|█▌        | 3/20 [00:14<01:01,  3.63s/it, RMSE=2.158TECU, rel_dP=3.38e-03]  [EKF] iterating [analytical]:  20%|██        | 4/20 [00:14<00:57,  3.62s/it, RMSE=2.158TECU, rel_dP=3.38e-03]  [EKF] iterating [analytical]:  20%|██        | 4/20 [00:18<00:57,  3.62s/it, RMSE=2.082TECU, rel_dP=2.85e-03]  [EKF] iterating [analytical]:  25%|██▌       | 5/20 [00:18<00:54,  3.62s/it, RMSE=2.082TECU, rel_dP=2.85e-03]  [EKF] iterating [analytical]:  25%|██▌       | 5/20 [00:21<00:54,  3.62s/it, RMSE=2.032TECU, rel_dP=2.54e-03]  [EKF] iterating [analytical]:  30%|███       | 6/20 [00:21<00:50,  3.63s/it, RMSE=2.032TECU, rel_dP=2.54e-03]  [EKF] iterating [analytical]:  30%|███       | 6/20 [00:25<00:50,  3.63s/it, RMSE=1.993TECU, rel_dP=2.33e-03]  [EKF] iterating [analytical]:  35%|███▌      | 7/20 [00:25<00:47,  3.65s/it, RMSE=1.993TECU, rel_dP=2.33e-03]  [EKF] iterating [analytical]:  35%|███▌      | 7/20 [00:29<00:47,  3.65s/it, RMSE=1.961TECU, rel_dP=2.17e-03]  [EKF] iterating [analytical]:  40%|████      | 8/20 [00:29<00:43,  3.66s/it, RMSE=1.961TECU, rel_dP=2.17e-03]  [EKF] iterating [analytical]:  40%|████      | 8/20 [00:32<00:43,  3.66s/it, RMSE=1.934TECU, rel_dP=2.05e-03]  [EKF] iterating [analytical]:  45%|████▌     | 9/20 [00:32<00:39,  3.63s/it, RMSE=1.934TECU, rel_dP=2.05e-03]  [EKF] iterating [analytical]:  45%|████▌     | 9/20 [00:36<00:39,  3.63s/it, RMSE=1.909TECU, rel_dP=1.94e-03]  [EKF] iterating [analytical]:  50%|█████     | 10/20 [00:36<00:36,  3.64s/it, RMSE=1.909TECU, rel_dP=1.94e-03]  [EKF] iterating [analytical]:  50%|█████     | 10/20 [00:40<00:36,  3.64s/it, RMSE=1.888TECU, rel_dP=1.84e-03]  [EKF] iterating [analytical]:  55%|█████▌    | 11/20 [00:40<00:32,  3.65s/it, RMSE=1.888TECU, rel_dP=1.84e-03]  [EKF] iterating [analytical]:  55%|█████▌    | 11/20 [00:43<00:32,  3.65s/it, RMSE=1.870TECU, rel_dP=1.77e-03]  [EKF] iterating [analytical]:  60%|██████    | 12/20 [00:43<00:29,  3.66s/it, RMSE=1.870TECU, rel_dP=1.77e-03]  [EKF] iterating [analytical]:  60%|██████    | 12/20 [00:47<00:29,  3.66s/it, RMSE=1.853TECU, rel_dP=1.70e-03]  [EKF] iterating [analytical]:  65%|██████▌   | 13/20 [00:47<00:25,  3.66s/it, RMSE=1.853TECU, rel_dP=1.70e-03]  [EKF] iterating [analytical]:  65%|██████▌   | 13/20 [00:50<00:25,  3.66s/it, RMSE=1.838TECU, rel_dP=1.63e-03]  [EKF] iterating [analytical]:  70%|███████   | 14/20 [00:50<00:21,  3.64s/it, RMSE=1.838TECU, rel_dP=1.63e-03]  [EKF] iterating [analytical]:  70%|███████   | 14/20 [00:54<00:21,  3.64s/it, RMSE=1.824TECU, rel_dP=1.58e-03]  [EKF] iterating [analytical]:  75%|███████▌  | 15/20 [00:54<00:18,  3.68s/it, RMSE=1.824TECU, rel_dP=1.58e-03]  [EKF] iterating [analytical]:  75%|███████▌  | 15/20 [00:58<00:18,  3.68s/it, RMSE=1.811TECU, rel_dP=1.52e-03]  [EKF] iterating [analytical]:  80%|████████  | 16/20 [00:58<00:14,  3.69s/it, RMSE=1.811TECU, rel_dP=1.52e-03]  [EKF] iterating [analytical]:  80%|████████  | 16/20 [01:02<00:14,  3.69s/it, RMSE=1.799TECU, rel_dP=1.47e-03]  [EKF] iterating [analytical]:  85%|████████▌ | 17/20 [01:02<00:11,  3.68s/it, RMSE=1.799TECU, rel_dP=1.47e-03]  [EKF] iterating [analytical]:  85%|████████▌ | 17/20 [01:05<00:11,  3.68s/it, RMSE=1.788TECU, rel_dP=1.43e-03]  [EKF] iterating [analytical]:  90%|█████████ | 18/20 [01:05<00:07,  3.70s/it, RMSE=1.788TECU, rel_dP=1.43e-03]  [EKF] iterating [analytical]:  90%|█████████ | 18/20 [01:09<00:07,  3.70s/it, RMSE=1.777TECU, rel_dP=1.39e-03]  [EKF] iterating [analytical]:  95%|█████████▌| 19/20 [01:09<00:03,  3.69s/it, RMSE=1.777TECU, rel_dP=1.39e-03]  [EKF] iterating [analytical]:  95%|█████████▌| 19/20 [01:13<00:03,  3.69s/it, RMSE=1.767TECU, rel_dP=1.35e-03]  [EKF] iterating [analytical]: 100%|██████████| 20/20 [01:13<00:00,  3.66s/it, RMSE=1.767TECU, rel_dP=1.35e-03]                                                                                                                  [EKF] Reached max_iter=20 without convergence  (final ||ΔP||/||P|| = 1.35e-03)
  [EKF] Posterior innovations  mean=-0.04  std=1.76  max_abs=14.50 TECU
  [EKF] Prior RMSE 9.253 TECU  →  Post RMSE 1.755 TECU
  [EKF] 599 arcs  |  7212 profile rays  |  4674 update rays  |  n_state = 1768
  [EKF] Prior innovations  mean=0.70  std=4.22  max_abs=36.55 TECU
  [EKF] iterating [analytical]:   0%|          | 0/20 [00:00<?, ?it/s]  [EKF] iterating [analytical]:   0%|          | 0/20 [00:22<?, ?it/s, RMSE=4.278TECU, rel_dP=1.84e-02]  [EKF] iterating [analytical]:   5%|▌         | 1/20 [00:22<07:05, 22.41s/it, RMSE=4.278TECU, rel_dP=1.84e-02]  [EKF] iterating [analytical]:   5%|▌         | 1/20 [00:44<07:05, 22.41s/it, RMSE=1.538TECU, rel_dP=7.67e-03]  [EKF] iterating [analytical]:  10%|█         | 2/20 [00:44<06:40, 22.24s/it, RMSE=1.538TECU, rel_dP=7.67e-03]  [EKF] iterating [analytical]:  10%|█         | 2/20 [01:07<06:40, 22.24s/it, RMSE=1.137TECU, rel_dP=4.62e-03]  [EKF] iterating [analytical]:  15%|█▌        | 3/20 [01:07<06:21, 22.46s/it, RMSE=1.137TECU, rel_dP=4.62e-03]  [EKF] iterating [analytical]:  15%|█▌        | 3/20 [01:29<06:21, 22.46s/it, RMSE=1.058TECU, rel_dP=3.48e-03]  [EKF] iterating [analytical]:  20%|██        | 4/20 [01:29<05:57, 22.33s/it, RMSE=1.058TECU, rel_dP=3.48e-03]  [EKF] iterating [analytical]:  20%|██        | 4/20 [01:51<05:57, 22.33s/it, RMSE=1.024TECU, rel_dP=2.94e-03]  [EKF] iterating [analytical]:  25%|██▌       | 5/20 [01:51<05:33, 22.24s/it, RMSE=1.024TECU, rel_dP=2.94e-03]  [EKF] iterating [analytical]:  25%|██▌       | 5/20 [02:13<05:33, 22.24s/it, RMSE=1.001TECU, rel_dP=2.62e-03]  [EKF] iterating [analytical]:  30%|███       | 6/20 [02:13<05:12, 22.31s/it, RMSE=1.001TECU, rel_dP=2.62e-03]  [EKF] iterating [analytical]:  30%|███       | 6/20 [02:36<05:12, 22.31s/it, RMSE=0.984TECU, rel_dP=2.40e-03]  [EKF] iterating [analytical]:  35%|███▌      | 7/20 [02:36<04:49, 22.29s/it, RMSE=0.984TECU, rel_dP=2.40e-03]  [EKF] iterating [analytical]:  35%|███▌      | 7/20 [02:58<04:49, 22.29s/it, RMSE=0.971TECU, rel_dP=2.25e-03]  [EKF] iterating [analytical]:  40%|████      | 8/20 [02:58<04:26, 22.23s/it, RMSE=0.971TECU, rel_dP=2.25e-03]  [EKF] iterating [analytical]:  40%|████      | 8/20 [03:20<04:26, 22.23s/it, RMSE=0.960TECU, rel_dP=2.13e-03]  [EKF] iterating [analytical]:  45%|████▌     | 9/20 [03:20<04:04, 22.24s/it, RMSE=0.960TECU, rel_dP=2.13e-03]  [EKF] iterating [analytical]:  45%|████▌     | 9/20 [03:42<04:04, 22.24s/it, RMSE=0.950TECU, rel_dP=2.03e-03]  [EKF] iterating [analytical]:  50%|█████     | 10/20 [03:42<03:42, 22.24s/it, RMSE=0.950TECU, rel_dP=2.03e-03]  [EKF] iterating [analytical]:  50%|█████     | 10/20 [04:04<03:42, 22.24s/it, RMSE=0.941TECU, rel_dP=1.94e-03]  [EKF] iterating [analytical]:  55%|█████▌    | 11/20 [04:04<03:19, 22.14s/it, RMSE=0.941TECU, rel_dP=1.94e-03]  [EKF] iterating [analytical]:  55%|█████▌    | 11/20 [04:26<03:19, 22.14s/it, RMSE=0.933TECU, rel_dP=1.86e-03]  [EKF] iterating [analytical]:  60%|██████    | 12/20 [04:26<02:56, 22.05s/it, RMSE=0.933TECU, rel_dP=1.86e-03]  [EKF] iterating [analytical]:  60%|██████    | 12/20 [04:48<02:56, 22.05s/it, RMSE=0.925TECU, rel_dP=1.79e-03]  [EKF] iterating [analytical]:  65%|██████▌   | 13/20 [04:48<02:33, 21.97s/it, RMSE=0.925TECU, rel_dP=1.79e-03]  [EKF] iterating [analytical]:  65%|██████▌   | 13/20 [05:10<02:33, 21.97s/it, RMSE=0.919TECU, rel_dP=1.73e-03]  [EKF] iterating [analytical]:  70%|███████   | 14/20 [05:10<02:11, 21.92s/it, RMSE=0.919TECU, rel_dP=1.73e-03]  [EKF] iterating [analytical]:  70%|███████   | 14/20 [05:32<02:11, 21.92s/it, RMSE=0.912TECU, rel_dP=1.67e-03]  [EKF] iterating [analytical]:  75%|███████▌  | 15/20 [05:32<01:50, 22.04s/it, RMSE=0.912TECU, rel_dP=1.67e-03]  [EKF] iterating [analytical]:  75%|███████▌  | 15/20 [05:54<01:50, 22.04s/it, RMSE=0.907TECU, rel_dP=1.62e-03]  [EKF] iterating [analytical]:  80%|████████  | 16/20 [05:54<01:28, 22.05s/it, RMSE=0.907TECU, rel_dP=1.62e-03]  [EKF] iterating [analytical]:  80%|████████  | 16/20 [06:17<01:28, 22.05s/it, RMSE=0.901TECU, rel_dP=1.57e-03]  [EKF] iterating [analytical]:  85%|████████▌ | 17/20 [06:17<01:06, 22.19s/it, RMSE=0.901TECU, rel_dP=1.57e-03]  [EKF] iterating [analytical]:  85%|████████▌ | 17/20 [06:39<01:06, 22.19s/it, RMSE=0.897TECU, rel_dP=1.52e-03]  [EKF] iterating [analytical]:  90%|█████████ | 18/20 [06:39<00:44, 22.24s/it, RMSE=0.897TECU, rel_dP=1.52e-03]  [EKF] iterating [analytical]:  90%|█████████ | 18/20 [07:01<00:44, 22.24s/it, RMSE=0.892TECU, rel_dP=1.48e-03]  [EKF] iterating [analytical]:  95%|█████████▌| 19/20 [07:01<00:22, 22.25s/it, RMSE=0.892TECU, rel_dP=1.48e-03]  [EKF] iterating [analytical]:  95%|█████████▌| 19/20 [07:23<00:22, 22.25s/it, RMSE=0.888TECU, rel_dP=1.44e-03]  [EKF] iterating [analytical]: 100%|██████████| 20/20 [07:23<00:00, 22.21s/it, RMSE=0.888TECU, rel_dP=1.44e-03]                                                                                                                  [EKF] Reached max_iter=20 without convergence  (final ||ΔP||/||P|| = 1.44e-03)
  [EKF] Posterior innovations  mean=-0.05  std=0.88  max_abs=14.81 TECU
  [EKF] Prior RMSE 6.511 TECU  →  Post RMSE 1.284 TECU

  [sweep 2025-12-18_0100] N_OCC=50  (RO arcs available=21, used=21)
  [EKF] 21 arcs  |  3493 profile rays  |  955 update rays  |  n_state = 1768
  [EKF] Prior innovations  mean=4.08  std=8.12  max_abs=36.55 TECU
  [EKF] iterating [analytical]:   0%|          | 0/20 [00:00<?, ?it/s]  [EKF] iterating [analytical]:   0%|          | 0/20 [00:03<?, ?it/s, RMSE=9.088TECU, rel_dP=1.78e-02]  [EKF] iterating [analytical]:   5%|▌         | 1/20 [00:03<01:10,  3.69s/it, RMSE=9.088TECU, rel_dP=1.78e-02]  [EKF] iterating [analytical]:   5%|▌         | 1/20 [00:07<01:10,  3.69s/it, RMSE=3.200TECU, rel_dP=7.39e-03]  [EKF] iterating [analytical]:  10%|█         | 2/20 [00:07<01:06,  3.68s/it, RMSE=3.200TECU, rel_dP=7.39e-03]  [EKF] iterating [analytical]:  10%|█         | 2/20 [00:11<01:06,  3.68s/it, RMSE=2.332TECU, rel_dP=4.49e-03]  [EKF] iterating [analytical]:  15%|█▌        | 3/20 [00:11<01:03,  3.71s/it, RMSE=2.332TECU, rel_dP=4.49e-03]  [EKF] iterating [analytical]:  15%|█▌        | 3/20 [00:14<01:03,  3.71s/it, RMSE=2.158TECU, rel_dP=3.38e-03]  [EKF] iterating [analytical]:  20%|██        | 4/20 [00:14<00:59,  3.73s/it, RMSE=2.158TECU, rel_dP=3.38e-03]  [EKF] iterating [analytical]:  20%|██        | 4/20 [00:18<00:59,  3.73s/it, RMSE=2.082TECU, rel_dP=2.85e-03]  [EKF] iterating [analytical]:  25%|██▌       | 5/20 [00:18<00:55,  3.70s/it, RMSE=2.082TECU, rel_dP=2.85e-03]  [EKF] iterating [analytical]:  25%|██▌       | 5/20 [00:22<00:55,  3.70s/it, RMSE=2.032TECU, rel_dP=2.54e-03]  [EKF] iterating [analytical]:  30%|███       | 6/20 [00:22<00:51,  3.69s/it, RMSE=2.032TECU, rel_dP=2.54e-03]  [EKF] iterating [analytical]:  30%|███       | 6/20 [00:25<00:51,  3.69s/it, RMSE=1.993TECU, rel_dP=2.33e-03]  [EKF] iterating [analytical]:  35%|███▌      | 7/20 [00:25<00:47,  3.66s/it, RMSE=1.993TECU, rel_dP=2.33e-03]  [EKF] iterating [analytical]:  35%|███▌      | 7/20 [00:29<00:47,  3.66s/it, RMSE=1.961TECU, rel_dP=2.17e-03]  [EKF] iterating [analytical]:  40%|████      | 8/20 [00:29<00:44,  3.69s/it, RMSE=1.961TECU, rel_dP=2.17e-03]  [EKF] iterating [analytical]:  40%|████      | 8/20 [00:33<00:44,  3.69s/it, RMSE=1.934TECU, rel_dP=2.05e-03]  [EKF] iterating [analytical]:  45%|████▌     | 9/20 [00:33<00:40,  3.69s/it, RMSE=1.934TECU, rel_dP=2.05e-03]  [EKF] iterating [analytical]:  45%|████▌     | 9/20 [00:36<00:40,  3.69s/it, RMSE=1.909TECU, rel_dP=1.94e-03]  [EKF] iterating [analytical]:  50%|█████     | 10/20 [00:36<00:36,  3.68s/it, RMSE=1.909TECU, rel_dP=1.94e-03]  [EKF] iterating [analytical]:  50%|█████     | 10/20 [00:40<00:36,  3.68s/it, RMSE=1.888TECU, rel_dP=1.84e-03]  [EKF] iterating [analytical]:  55%|█████▌    | 11/20 [00:40<00:33,  3.78s/it, RMSE=1.888TECU, rel_dP=1.84e-03]  [EKF] iterating [analytical]:  55%|█████▌    | 11/20 [00:44<00:33,  3.78s/it, RMSE=1.870TECU, rel_dP=1.77e-03]  [EKF] iterating [analytical]:  60%|██████    | 12/20 [00:44<00:29,  3.73s/it, RMSE=1.870TECU, rel_dP=1.77e-03]  [EKF] iterating [analytical]:  60%|██████    | 12/20 [00:48<00:29,  3.73s/it, RMSE=1.853TECU, rel_dP=1.70e-03]  [EKF] iterating [analytical]:  65%|██████▌   | 13/20 [00:48<00:26,  3.75s/it, RMSE=1.853TECU, rel_dP=1.70e-03]  [EKF] iterating [analytical]:  65%|██████▌   | 13/20 [00:51<00:26,  3.75s/it, RMSE=1.838TECU, rel_dP=1.63e-03]  [EKF] iterating [analytical]:  70%|███████   | 14/20 [00:51<00:22,  3.73s/it, RMSE=1.838TECU, rel_dP=1.63e-03]  [EKF] iterating [analytical]:  70%|███████   | 14/20 [00:55<00:22,  3.73s/it, RMSE=1.824TECU, rel_dP=1.58e-03]  [EKF] iterating [analytical]:  75%|███████▌  | 15/20 [00:55<00:18,  3.71s/it, RMSE=1.824TECU, rel_dP=1.58e-03]  [EKF] iterating [analytical]:  75%|███████▌  | 15/20 [00:59<00:18,  3.71s/it, RMSE=1.811TECU, rel_dP=1.52e-03]  [EKF] iterating [analytical]:  80%|████████  | 16/20 [00:59<00:14,  3.69s/it, RMSE=1.811TECU, rel_dP=1.52e-03]  [EKF] iterating [analytical]:  80%|████████  | 16/20 [01:02<00:14,  3.69s/it, RMSE=1.799TECU, rel_dP=1.47e-03]  [EKF] iterating [analytical]:  85%|████████▌ | 17/20 [01:02<00:11,  3.67s/it, RMSE=1.799TECU, rel_dP=1.47e-03]  [EKF] iterating [analytical]:  85%|████████▌ | 17/20 [01:06<00:11,  3.67s/it, RMSE=1.788TECU, rel_dP=1.43e-03]  [EKF] iterating [analytical]:  90%|█████████ | 18/20 [01:06<00:07,  3.67s/it, RMSE=1.788TECU, rel_dP=1.43e-03]  [EKF] iterating [analytical]:  90%|█████████ | 18/20 [01:10<00:07,  3.67s/it, RMSE=1.777TECU, rel_dP=1.39e-03]  [EKF] iterating [analytical]:  95%|█████████▌| 19/20 [01:10<00:03,  3.67s/it, RMSE=1.777TECU, rel_dP=1.39e-03]  [EKF] iterating [analytical]:  95%|█████████▌| 19/20 [01:13<00:03,  3.67s/it, RMSE=1.767TECU, rel_dP=1.35e-03]  [EKF] iterating [analytical]: 100%|██████████| 20/20 [01:13<00:00,  3.66s/it, RMSE=1.767TECU, rel_dP=1.35e-03]                                                                                                                  [EKF] Reached max_iter=20 without convergence  (final ||ΔP||/||P|| = 1.35e-03)
  [EKF] Posterior innovations  mean=-0.04  std=1.76  max_abs=14.50 TECU
  [EKF] Prior RMSE 9.253 TECU  →  Post RMSE 1.755 TECU
  [EKF] 599 arcs  |  7212 profile rays  |  4674 update rays  |  n_state = 1768
  [EKF] Prior innovations  mean=0.70  std=4.22  max_abs=36.55 TECU
  [EKF] iterating [analytical]:   0%|          | 0/20 [00:00<?, ?it/s]  [EKF] iterating [analytical]:   0%|          | 0/20 [00:23<?, ?it/s, RMSE=4.278TECU, rel_dP=1.84e-02]  [EKF] iterating [analytical]:   5%|▌         | 1/20 [00:23<07:22, 23.27s/it, RMSE=4.278TECU, rel_dP=1.84e-02]  [EKF] iterating [analytical]:   5%|▌         | 1/20 [00:45<07:22, 23.27s/it, RMSE=1.538TECU, rel_dP=7.67e-03]  [EKF] iterating [analytical]:  10%|█         | 2/20 [00:45<06:43, 22.44s/it, RMSE=1.538TECU, rel_dP=7.67e-03]  [EKF] iterating [analytical]:  10%|█         | 2/20 [01:07<06:43, 22.44s/it, RMSE=1.137TECU, rel_dP=4.62e-03]  [EKF] iterating [analytical]:  15%|█▌        | 3/20 [01:07<06:17, 22.19s/it, RMSE=1.137TECU, rel_dP=4.62e-03]  [EKF] iterating [analytical]:  15%|█▌        | 3/20 [01:29<06:17, 22.19s/it, RMSE=1.058TECU, rel_dP=3.48e-03]  [EKF] iterating [analytical]:  20%|██        | 4/20 [01:29<05:54, 22.13s/it, RMSE=1.058TECU, rel_dP=3.48e-03]  [EKF] iterating [analytical]:  20%|██        | 4/20 [01:51<05:54, 22.13s/it, RMSE=1.024TECU, rel_dP=2.94e-03]  [EKF] iterating [analytical]:  25%|██▌       | 5/20 [01:51<05:31, 22.08s/it, RMSE=1.024TECU, rel_dP=2.94e-03]  [EKF] iterating [analytical]:  25%|██▌       | 5/20 [02:13<05:31, 22.08s/it, RMSE=1.001TECU, rel_dP=2.62e-03]  [EKF] iterating [analytical]:  30%|███       | 6/20 [02:13<05:08, 22.07s/it, RMSE=1.001TECU, rel_dP=2.62e-03]  [EKF] iterating [analytical]:  30%|███       | 6/20 [02:35<05:08, 22.07s/it, RMSE=0.984TECU, rel_dP=2.40e-03]  [EKF] iterating [analytical]:  35%|███▌      | 7/20 [02:35<04:46, 22.05s/it, RMSE=0.984TECU, rel_dP=2.40e-03]  [EKF] iterating [analytical]:  35%|███▌      | 7/20 [02:57<04:46, 22.05s/it, RMSE=0.971TECU, rel_dP=2.25e-03]  [EKF] iterating [analytical]:  40%|████      | 8/20 [02:57<04:24, 22.05s/it, RMSE=0.971TECU, rel_dP=2.25e-03]  [EKF] iterating [analytical]:  40%|████      | 8/20 [03:19<04:24, 22.05s/it, RMSE=0.960TECU, rel_dP=2.13e-03]  [EKF] iterating [analytical]:  45%|████▌     | 9/20 [03:19<04:03, 22.17s/it, RMSE=0.960TECU, rel_dP=2.13e-03]  [EKF] iterating [analytical]:  45%|████▌     | 9/20 [03:41<04:03, 22.17s/it, RMSE=0.950TECU, rel_dP=2.03e-03]  [EKF] iterating [analytical]:  50%|█████     | 10/20 [03:41<03:42, 22.20s/it, RMSE=0.950TECU, rel_dP=2.03e-03]  [EKF] iterating [analytical]:  50%|█████     | 10/20 [04:04<03:42, 22.20s/it, RMSE=0.941TECU, rel_dP=1.94e-03]  [EKF] iterating [analytical]:  55%|█████▌    | 11/20 [04:04<03:19, 22.20s/it, RMSE=0.941TECU, rel_dP=1.94e-03]