/home/austinhunter/IonosphereTomography
=================================================================
  demo_group.py — Grouped Occultation KF Processing
=================================================================
  Scanning 3547 files for metadata …
  Found 3547 valid files across 494 geographic groups (48 30-min windows).

Batch date     : 2024-10-10
Time bins      : 30-minute windows
Lat bin size   : 30.0°  |  Lon bin size: 60.0°
Polar cap lat  : ±60.0°

Building global EDP cache for 2024-10-10 …
 -> IRI center inputs for 2024-10-10: F10.7=215.6, Ap=97, IG12=129.0, Rz12=160.9
 -> Building 24 hourly global grids with 12 workers ...
EDPS: (50, 1650, 50), N_geo: 1650EDPS: (50, 1650, 50), N_geo: 1650EDPS: (50, 1650, 50), N_geo: 1650


EDPS: (50, 1650, 50), N_geo: 1650
EDPS: (50, 1650, 50), N_geo: 1650
EDPS: (50, 1650, 50), N_geo: 1650
    [Hour 01] done (1/24)
    [Hour 05] done (2/24)
    [Hour 00] done (3/24)
    [Hour 03] done (4/24)
EDPS: (50, 1650, 50), N_geo: 1650EDPS: (50, 1650, 50), N_geo: 1650

EDPS: (50, 1650, 50), N_geo: 1650
EDPS: (50, 1650, 50), N_geo: 1650
    [Hour 07] done (5/24)
    [Hour 08] done (6/24)
EDPS: (50, 1650, 50), N_geo: 1650
EDPS: (50, 1650, 50), N_geo: 1650
    [Hour 09] done (7/24)
    [Hour 06] done (8/24)
    [Hour 04] done (9/24)
    [Hour 02] done (10/24)
    [Hour 11] done (11/24)
    [Hour 10] done (12/24)
EDPS: (50, 1650, 50), N_geo: 1650
    [Hour 12] done (13/24)
EDPS: (50, 1650, 50), N_geo: 1650
    [Hour 13] done (14/24)
EDPS: (50, 1650, 50), N_geo: 1650
    [Hour 14] done (15/24)
EDPS: (50, 1650, 50), N_geo: 1650
EDPS: (50, 1650, 50), N_geo: 1650
    [Hour 16] done (16/24)
    [Hour 15] done (17/24)
EDPS: (50, 1650, 50), N_geo: 1650
    [Hour 17] done (18/24)
EDPS: (50, 1650, 50), N_geo: 1650
    [Hour 18] done (19/24)
EDPS: (50, 1650, 50), N_geo: 1650
    [Hour 19] done (20/24)
EDPS: (50, 1650, 50), N_geo: 1650
    [Hour 20] done (21/24)
EDPS: (50, 1650, 50), N_geo: 1650
    [Hour 21] done (22/24)
EDPS: (50, 1650, 50), N_geo: 1650
    [Hour 22] done (23/24)
EDPS: (50, 1650, 50), N_geo: 1650
    [Hour 23] done (24/24)
EDPS: (50, 1650, 50), N_geo: 1650
EDPS: (50, 1650, 50), N_geo: 1650
EDPS: (50, 1650, 50), N_geo: 1650
EDPS: (50, 1650, 50), N_geo: 1650
EDPS: (50, 1650, 50), N_geo: 1650
EDPS: (50, 1650, 50), N_geo: 1650
EDPS: (50, 1650, 50), N_geo: 1650
EDPS: (50, 1650, 50), N_geo: 1650
EDPS: (50, 1650, 50), N_geo: 1650
EDPS: (50, 1650, 50), N_geo: 1650
EDPS: (50, 1650, 50), N_geo: 1650
EDPS: (50, 1650, 50), N_geo: 1650
EDPS: (50, 1650, 50), N_geo: 1650
EDPS: (50, 1650, 50), N_geo: 1650
EDPS: (50, 1650, 50), N_geo: 1650
EDPS: (50, 1650, 50), N_geo: 1650
EDPS: (50, 1650, 50), N_geo: 1650
EDPS: (50, 1650, 50), N_geo: 1650
EDPS: (50, 1650, 50), N_geo: 1650
EDPS: (50, 1650, 50), N_geo: 1650
EDPS: (50, 1650, 50), N_geo: 1650
EDPS: (50, 1650, 50), N_geo: 1650
EDPS: (50, 1650, 50), N_geo: 1650
EDPS: (50, 1650, 50), N_geo: 1650
 -> All 24 hourly global EDP grids loaded.
Global EDP cache ready.

Processing 494 groups …

[1/494]
────────────────────────────────────────────────────────────
  Group : 2024-10-10_0000__LAT+030_LON-120
  Window: 2024-10-10_0000  |  Region: LAT+030_LON-120  |  1 occultation(s)
────────────────────────────────────────────────────────────
E6 is rising
  Parsed 1/1 files successfully.
  Bounding box: lat [28.9, 82.4]  lon [-74.9, -32.8]  |  vertices: 49
  Final group: 1 occultation(s), 49 mesh vertices
  Saved trim diagnostic → ./Figures/GroupKF/group_2024-10-10_0000__LAT+030_LON-120_trim.png
  [1/1] Building H for GN05 00:00 (515 rays) …
  -> Building H Matrix (515 rays, parallel)...
  Combined H shape : (515, 2499)  (total rays = 515)
  Running sequential KF assimilation …
  [step 1/1] Assimilating GN05 00:00 (515 rays) …
  [!] Error in group 2024-10-10_0000__LAT+030_LON-120: podTc2_data must be provided when distance_localization=True (needed to compute ray midpoints for the localization matrix).

[2/494]
────────────────────────────────────────────────────────────
  Group : 2024-10-10_0000__LAT+000_LON-060
  Window: 2024-10-10_0000  |  Region: LAT+000_LON-060  |  7 occultation(s)
────────────────────────────────────────────────────────────
Data Flipped: E24 is setting
Data Flipped: G9 is setting
Data Flipped: E5 is setting
Data Flipped: G7 is setting
Data Flipped: R14 is setting
R3 is rising
Data not high enough. Skipping.
    [skip] podTc2_GN05.2024.284.00.09.0011.R07.01_0000.0001_nc — parse returned None
  Parsed 6/7 files successfully.
  Bounding box: lat [-10.4, 76.8]  lon [-91.4, -16.0]  |  vertices: 199
  Final group: 6 occultation(s), 199 mesh vertices
  Saved trim diagnostic → ./Figures/GroupKF/group_2024-10-10_0000__LAT+000_LON-060_trim.png
  [1/6] Building H for GN05 00:00 (214 rays) …
  -> Building H Matrix (214 rays, parallel)...
  [2/6] Building H for GN05 00:03 (286 rays) …
  -> Building H Matrix (286 rays, parallel)...
  [3/6] Building H for GN05 00:05 (153 rays) …
  -> Building H Matrix (153 rays, parallel)...
  [4/6] Building H for GN05 00:08 (132 rays) …
  -> Building H Matrix (132 rays, parallel)...
  [5/6] Building H for GN05 00:08 (90 rays) …
  -> Building H Matrix (90 rays, parallel)...
  [6/6] Building H for GN05 00:09 (797 rays) …
  -> Building H Matrix (797 rays, parallel)...
  Combined H shape : (1672, 10149)  (total rays = 1672)
  Running sequential KF assimilation …
  [step 1/6] Assimilating GN05 00:00 (214 rays) …
  [!] Error in group 2024-10-10_0000__LAT+000_LON-060: podTc2_data must be provided when distance_localization=True (needed to compute ray midpoints for the localization matrix).

[3/494]
────────────────────────────────────────────────────────────
  Group : 2024-10-10_0000__POLAR_N
  Window: 2024-10-10_0000  |  Region: POLAR_N  |  20 occultation(s)
────────────────────────────────────────────────────────────
G31 is rising
C27 is rising
C23 is rising
E33 is rising
R12 is rising
E9 is rising
G26 is rising
C28 is rising
C37 is rising
Data Flipped: E8 is setting
G4 is rising
Data Flipped: R15 is setting
Data Flipped: G15 is setting
Data Flipped: G14 is setting
Data Flipped: E15 is setting
Data Flipped: E7 is setting
Data Flipped: R20 is setting
Data Flipped: G11 is setting
Data Flipped: C45 is setting
Data Flipped: C44 is setting
  Parsed 20/20 files successfully.
  [polar] Bounding box: lat [40.1, 90.0]  lon [-180.0, 180.0]  |  vertices: 294
  Final group: 20 occultation(s), 294 mesh vertices
  Saved trim diagnostic → ./Figures/GroupKF/group_2024-10-10_0000__POLAR_N_trim.png
  [1/20] Building H for GN05 00:00 (363 rays) …
  -> Building H Matrix (363 rays, parallel)...
  [2/20] Building H for GN05 00:02 (507 rays) …
  -> Building H Matrix (507 rays, parallel)...
  [3/20] Building H for GN05 00:03 (393 rays) …
  -> Building H Matrix (393 rays, parallel)...
  [4/20] Building H for GN05 00:07 (502 rays) …
  -> Building H Matrix (502 rays, parallel)...
  [5/20] Building H for GN05 00:07 (404 rays) …
  -> Building H Matrix (404 rays, parallel)...
  [6/20] Building H for GN05 00:08 (633 rays) …
  -> Building H Matrix (633 rays, parallel)...
  [7/20] Building H for GN05 00:09 (445 rays) …
  -> Building H Matrix (445 rays, parallel)...
  [8/20] Building H for GN05 00:09 (440 rays) …
  -> Building H Matrix (440 rays, parallel)...
  [9/20] Building H for GN05 00:12 (369 rays) …
  -> Building H Matrix (369 rays, parallel)...
  [10/20] Building H for GN05 00:13 (416 rays) …
  -> Building H Matrix (416 rays, parallel)...
  [11/20] Building H for GN05 00:13 (679 rays) …
  -> Building H Matrix (679 rays, parallel)...
  [12/20] Building H for GN05 00:14 (436 rays) …
  -> Building H Matrix (436 rays, parallel)...
  [13/20] Building H for GN05 00:15 (609 rays) …
  -> Building H Matrix (609 rays, parallel)...
  [14/20] Building H for GN05 00:20 (596 rays) …
  -> Building H Matrix (596 rays, parallel)...
  [15/20] Building H for GN05 00:21 (445 rays) …
  -> Building H Matrix (445 rays, parallel)...
  [16/20] Building H for GN05 00:22 (617 rays) …
  -> Building H Matrix (617 rays, parallel)...
  [17/20] Building H for GN05 00:23 (504 rays) …
  -> Building H Matrix (504 rays, parallel)...
  [18/20] Building H for GN05 00:23 (446 rays) …
  -> Building H Matrix (446 rays, parallel)...
  [19/20] Building H for GN05 00:23 (388 rays) …
  -> Building H Matrix (388 rays, parallel)...
  [20/20] Building H for GN05 00:26 (509 rays) …
  -> Building H Matrix (509 rays, parallel)...
  Combined H shape : (9701, 14994)  (total rays = 9701)
  Running sequential KF assimilation …
  [step 1/20] Assimilating GN05 00:00 (363 rays) …
  [!] Error in group 2024-10-10_0000__POLAR_N: podTc2_data must be provided when distance_localization=True (needed to compute ray midpoints for the localization matrix).

[4/494]
────────────────────────────────────────────────────────────
  Group : 2024-10-10_0000__LAT+030_LON+120
  Window: 2024-10-10_0000  |  Region: LAT+030_LON+120  |  14 occultation(s)
────────────────────────────────────────────────────────────
Data Flipped: R7 is setting
Data Flipped: E2 is setting
Data Flipped: R16 is setting
Data Flipped: R19 is setting
Data Flipped: C35 is setting
Data Flipped: C40 is setting
Data Flipped: G24 is setting
G23 is rising
Data Flipped: C26 is setting
G8 is rising
G27 is rising
E31 is rising
E24 is rising
G9 is rising
  Parsed 14/14 files successfully.
  Bounding box: lat [8.0, 81.3]  lon [89.2, -55.6]  |  vertices: 418
  [trim] n_geo=418 > MAX_MESH_VERTICES=300 — dropping GN04 00:01 (82.3° from centroid)
  Bounding box: lat [8.0, 81.3]  lon [99.4, -55.6]  |  vertices: 399
  [trim] n_geo=399 > MAX_MESH_VERTICES=300 — dropping GN05 00:21 (65.4° from centroid)
  Bounding box: lat [8.6, 81.3]  lon [99.4, -55.6]  |  vertices: 394
  [trim] n_geo=394 > MAX_MESH_VERTICES=300 — dropping GN05 00:13 (67.6° from centroid)
  Bounding box: lat [8.6, 81.3]  lon [99.4, -55.6]  |  vertices: 394
  [trim] n_geo=394 > MAX_MESH_VERTICES=300 — dropping GN05 00:24 (68.2° from centroid)
  Bounding box: lat [8.6, 81.3]  lon [99.4, -55.6]  |  vertices: 394
  [trim] n_geo=394 > MAX_MESH_VERTICES=300 — dropping GN04 00:01 (74.5° from centroid)
  Bounding box: lat [8.6, 81.3]  lon [99.4, -55.6]  |  vertices: 394
  [trim] n_geo=394 > MAX_MESH_VERTICES=300 — dropping GN05 00:12 (72.2° from centroid)
  Bounding box: lat [8.6, 81.3]  lon [99.4, -55.6]  |  vertices: 394
  [trim] n_geo=394 > MAX_MESH_VERTICES=300 — dropping GN05 00:08 (78.0° from centroid)
  Bounding box: lat [8.6, 81.3]  lon [124.8, 178.2]  |  vertices: 101
  Final group: 7 occultation(s), 101 mesh vertices
  Saved trim diagnostic → ./Figures/GroupKF/group_2024-10-10_0000__LAT+030_LON+120_trim.png
  [1/7] Building H for GN04 00:01 (414 rays) …
  -> Building H Matrix (414 rays, parallel)...
  [2/7] Building H for GN04 00:04 (380 rays) …
  -> Building H Matrix (380 rays, parallel)...
  [3/7] Building H for GN04 00:05 (228 rays) …
  -> Building H Matrix (228 rays, parallel)...
  [4/7] Building H for GN04 00:06 (234 rays) …
  -> Building H Matrix (234 rays, parallel)...
  [5/7] Building H for GN04 00:06 (357 rays) …
  -> Building H Matrix (357 rays, parallel)...
  [6/7] Building H for GN04 00:09 (176 rays) …
  -> Building H Matrix (176 rays, parallel)...
  [7/7] Building H for GN05 00:14 (393 rays) …
  -> Building H Matrix (393 rays, parallel)...
  Combined H shape : (2182, 5151)  (total rays = 2182)
  Running sequential KF assimilation …
  [step 1/7] Assimilating GN04 00:01 (414 rays) …
  [!] Error in group 2024-10-10_0000__LAT+030_LON+120: podTc2_data must be provided when distance_localization=True (needed to compute ray midpoints for the localization matrix).

[5/494]
────────────────────────────────────────────────────────────
  Group : 2024-10-10_0000__LAT-030_LON+120
  Window: 2024-10-10_0000  |  Region: LAT-030_LON+120  |  18 occultation(s)
────────────────────────────────────────────────────────────
R5 is rising
E3 is rising
C38 is rising
C22 is rising
G5 is rising
G30 is rising
C21 is rising
C19 is rising
C36 is rising
E25 is rising
Data Flipped: R18 is setting
Data Flipped: E36 is setting
Data Flipped: G25 is setting
Data Flipped: R8 is setting
Data Flipped: C33 is setting
Data Flipped: E21 is setting
Data Flipped: G32 is setting
Data Flipped: E19 is setting
  Parsed 18/18 files successfully.
  Bounding box: lat [-61.4, 29.6]  lon [96.9, -29.5]  |  vertices: 734
  [trim] n_geo=734 > MAX_MESH_VERTICES=300 — dropping GN04 00:07 (89.4° from centroid)
  Bounding box: lat [-61.4, 29.6]  lon [96.9, -29.5]  |  vertices: 734
  [trim] n_geo=734 > MAX_MESH_VERTICES=300 — dropping GN04 00:10 (94.4° from centroid)
  Bounding box: lat [-61.4, 29.6]  lon [96.9, -29.5]  |  vertices: 734
  [trim] n_geo=734 > MAX_MESH_VERTICES=300 — dropping GN04 00:20 (64.1° from centroid)
  Bounding box: lat [-52.4, 29.6]  lon [100.2, 175.4]  |  vertices: 222
  Final group: 15 occultation(s), 222 mesh vertices
  Saved trim diagnostic → ./Figures/GroupKF/group_2024-10-10_0000__LAT-030_LON+120_trim.png
  [1/15] Building H for GN04 00:01 (383 rays) …
  -> Building H Matrix (383 rays, parallel)...
  [2/15] Building H for GN04 00:03 (343 rays) …
  -> Building H Matrix (343 rays, parallel)...
  [3/15] Building H for GN04 00:04 (408 rays) …
  -> Building H Matrix (408 rays, parallel)...
  [4/15] Building H for GN04 00:04 (405 rays) …
  -> Building H Matrix (405 rays, parallel)...
  [5/15] Building H for GN04 00:04 (410 rays) …
  -> Building H Matrix (410 rays, parallel)...
  [6/15] Building H for GN04 00:06 (389 rays) …
  -> Building H Matrix (389 rays, parallel)...
  [7/15] Building H for GN04 00:07 (421 rays) …
  -> Building H Matrix (421 rays, parallel)...
  [8/15] Building H for GN04 00:08 (456 rays) …
  -> Building H Matrix (456 rays, parallel)...
  [9/15] Building H for GN04 00:13 (534 rays) …
  -> Building H Matrix (534 rays, parallel)...
  [10/15] Building H for GN04 00:14 (601 rays) …
  -> Building H Matrix (601 rays, parallel)...
  [11/15] Building H for GN04 00:18 (472 rays) …
  -> Building H Matrix (472 rays, parallel)...
  [12/15] Building H for GN04 00:18 (563 rays) …
  -> Building H Matrix (563 rays, parallel)...
  [13/15] Building H for GN04 00:21 (646 rays) …
  -> Building H Matrix (646 rays, parallel)...
  [14/15] Building H for GN04 00:22 (410 rays) …
  -> Building H Matrix (410 rays, parallel)...
  [15/15] Building H for GN04 00:23 (386 rays) …
  -> Building H Matrix (386 rays, parallel)...
  Combined H shape : (6827, 11322)  (total rays = 6827)
  Running sequential KF assimilation …
  [step 1/15] Assimilating GN04 00:01 (383 rays) …
  [!] Error in group 2024-10-10_0000__LAT-030_LON+120: podTc2_data must be provided when distance_localization=True (needed to compute ray midpoints for the localization matrix).

[6/494]
────────────────────────────────────────────────────────────
  Group : 2024-10-10_0000__LAT-060_LON+120
  Window: 2024-10-10_0000  |  Region: LAT-060_LON+120  |  11 occultation(s)
────────────────────────────────────────────────────────────
R21 is rising
E13 is rising
E8 is rising
R15 is rising
Data Flipped: G3 is setting
Data Flipped: R1 is setting
Data Flipped: C25 is setting
Data Flipped: C41 is setting
Data Flipped: R2 is setting
Data Flipped: C32 is setting
Data Flipped: R17 is setting
  Parsed 11/11 files successfully.
  Bounding box: lat [-70.3, -6.4]  lon [87.7, -165.2]  |  vertices: 204
  Final group: 11 occultation(s), 204 mesh vertices
  Saved trim diagnostic → ./Figures/GroupKF/group_2024-10-10_0000__LAT-060_LON+120_trim.png
  [1/11] Building H for GN04 00:03 (561 rays) …
  -> Building H Matrix (561 rays, parallel)...
  [2/11] Building H for GN04 00:06 (471 rays) …
  -> Building H Matrix (471 rays, parallel)...
  [3/11] Building H for GN04 00:10 (375 rays) …
  -> Building H Matrix (375 rays, parallel)...
  [4/11] Building H for GN04 00:12 (471 rays) …
  -> Building H Matrix (471 rays, parallel)...
  [5/11] Building H for GN04 00:23 (563 rays) …
  -> Building H Matrix (563 rays, parallel)...
  [6/11] Building H for GN04 00:24 (383 rays) …
  -> Building H Matrix (383 rays, parallel)...
  [7/11] Building H for GN04 00:26 (447 rays) …
  -> Building H Matrix (447 rays, parallel)...
  [8/11] Building H for GN04 00:26 (415 rays) …
  -> Building H Matrix (415 rays, parallel)...
  [9/11] Building H for GN04 00:27 (443 rays) …
  -> Building H Matrix (443 rays, parallel)...
  [10/11] Building H for GN04 00:27 (422 rays) …
  -> Building H Matrix (422 rays, parallel)...
  [11/11] Building H for GN04 00:29 (569 rays) …
  -> Building H Matrix (569 rays, parallel)...
  Combined H shape : (5120, 10404)  (total rays = 5120)
  Running sequential KF assimilation …
  [step 1/11] Assimilating GN04 00:03 (561 rays) …
  [!] Error in group 2024-10-10_0000__LAT-060_LON+120: podTc2_data must be provided when distance_localization=True (needed to compute ray midpoints for the localization matrix).

[7/494]
────────────────────────────────────────────────────────────
  Group : 2024-10-10_0000__LAT+030_LON-060
  Window: 2024-10-10_0000  |  Region: LAT+030_LON-060  |  16 occultation(s)
────────────────────────────────────────────────────────────
Data Flipped: R5 is setting
Data Flipped: R21 is setting
Data Flipped: E3 is setting
Data Flipped: E13 is setting
Data Flipped: C38 is setting
Data Flipped: C34 is setting
Data Flipped: G5 is setting
Data Flipped: C22 is setting
Data Flipped: R4 is setting
Data Flipped: G29 is setting
Data Flipped: C21 is setting
Data Flipped: E25 is setting
Data Flipped: C19 is setting
Data Flipped: C42 is setting
Data Flipped: G30 is setting
Data Flipped: C36 is setting
  Parsed 16/16 files successfully.
  Bounding box: lat [13.8, 79.0]  lon [-0.4, -10.2]  |  vertices: 597
  [trim] n_geo=597 > MAX_MESH_VERTICES=300 — dropping GN05 00:09 (79.5° from centroid)
  Bounding box: lat [13.8, 79.0]  lon [-0.4, -10.2]  |  vertices: 597
  [trim] n_geo=597 > MAX_MESH_VERTICES=300 — dropping GN05 00:10 (29.7° from centroid)
  Bounding box: lat [13.8, 70.7]  lon [-85.9, 18.8]  |  vertices: 169
  Final group: 14 occultation(s), 169 mesh vertices
  Saved trim diagnostic → ./Figures/GroupKF/group_2024-10-10_0000__LAT+030_LON-060_trim.png
  [1/14] Building H for GN05 00:06 (367 rays) …
  -> Building H Matrix (367 rays, parallel)...
  [2/14] Building H for GN05 00:08 (467 rays) …
  -> Building H Matrix (467 rays, parallel)...
  [3/14] Building H for GN05 00:08 (329 rays) …
  -> Building H Matrix (329 rays, parallel)...
  [4/14] Building H for GN05 00:08 (539 rays) …
  -> Building H Matrix (539 rays, parallel)...
  [5/14] Building H for GN05 00:08 (281 rays) …
  -> Building H Matrix (281 rays, parallel)...
  [6/14] Building H for GN05 00:08 (725 rays) …
  -> Building H Matrix (725 rays, parallel)...
  [7/14] Building H for GN05 00:08 (446 rays) …
  -> Building H Matrix (446 rays, parallel)...
  [8/14] Building H for GN05 00:08 (399 rays) …
  -> Building H Matrix (399 rays, parallel)...
  [9/14] Building H for GN05 00:08 (220 rays) …
  -> Building H Matrix (220 rays, parallel)...
  [10/14] Building H for GN05 00:09 (417 rays) …
  -> Building H Matrix (417 rays, parallel)...
  [11/14] Building H for GN05 00:09 (631 rays) …
  -> Building H Matrix (631 rays, parallel)...
  [12/14] Building H for GN05 00:09 (510 rays) …
  -> Building H Matrix (510 rays, parallel)...
  [13/14] Building H for GN05 00:10 (375 rays) …
  -> Building H Matrix (375 rays, parallel)...
  [14/14] Building H for GN05 00:15 (244 rays) …
  -> Building H Matrix (244 rays, parallel)...
  Combined H shape : (5950, 8619)  (total rays = 5950)
  Running sequential KF assimilation …
  [step 1/14] Assimilating GN05 00:06 (367 rays) …
  [!] Error in group 2024-10-10_0000__LAT+030_LON-060: podTc2_data must be provided when distance_localization=True (needed to compute ray midpoints for the localization matrix).

[8/494]
────────────────────────────────────────────────────────────
  Group : 2024-10-10_0000__LAT+000_LON+120
  Window: 2024-10-10_0000  |  Region: LAT+000_LON+120  |  15 occultation(s)
────────────────────────────────────────────────────────────
Data Flipped: E30 is setting
Data Flipped: R9 is setting
Data Flipped: G17 is setting
Data Flipped: G12 is setting
Data Flipped: C29 is setting
Data Flipped: E27 is setting
Data Flipped: C24 is setting
Data Flipped: E29 is setting
R22 is rising
C43 is rising
E26 is rising
G18 is rising
E5 is rising
R14 is rising
G7 is rising
  Parsed 15/15 files successfully.
  Bounding box: lat [-24.6, 51.0]  lon [109.1, -165.4]  |  vertices: 234
  Final group: 15 occultation(s), 234 mesh vertices
  Saved trim diagnostic → ./Figures/GroupKF/group_2024-10-10_0000__LAT+000_LON+120_trim.png
  [1/15] Building H for GN04 00:08 (374 rays) …
  -> Building H Matrix (374 rays, parallel)...
  [2/15] Building H for GN04 00:10 (358 rays) …
  -> Building H Matrix (358 rays, parallel)...
  [3/15] Building H for GN04 00:12 (616 rays) …
  -> Building H Matrix (616 rays, parallel)...
  [4/15] Building H for GN04 00:13 (344 rays) …
  -> Building H Matrix (344 rays, parallel)...
  [5/15] Building H for GN04 00:13 (609 rays) …
  -> Building H Matrix (609 rays, parallel)...
  [6/15] Building H for GN04 00:13 (351 rays) …
  -> Building H Matrix (351 rays, parallel)...
  [7/15] Building H for GN04 00:14 (387 rays) …
  -> Building H Matrix (387 rays, parallel)...
  [8/15] Building H for GN04 00:15 (419 rays) …
  -> Building H Matrix (419 rays, parallel)...
  [9/15] Building H for GN05 00:20 (576 rays) …
  -> Building H Matrix (576 rays, parallel)...
  [10/15] Building H for GN05 00:21 (730 rays) …
  -> Building H Matrix (730 rays, parallel)...
  [11/15] Building H for GN05 00:22 (629 rays) …
  -> Building H Matrix (629 rays, parallel)...
  [12/15] Building H for GN05 00:23 (595 rays) …
  -> Building H Matrix (595 rays, parallel)...
  [13/15] Building H for GN05 00:25 (613 rays) …
  -> Building H Matrix (613 rays, parallel)...
  [14/15] Building H for GN05 00:25 (378 rays) …
  -> Building H Matrix (378 rays, parallel)...
  [15/15] Building H for GN05 00:26 (399 rays) …
  -> Building H Matrix (399 rays, parallel)...
  Combined H shape : (7378, 11934)  (total rays = 7378)
  Running sequential KF assimilation …
  [step 1/15] Assimilating GN04 00:08 (374 rays) …
  [!] Error in group 2024-10-10_0000__LAT+000_LON+120: podTc2_data must be provided when distance_localization=True (needed to compute ray midpoints for the localization matrix).

[9/494]
────────────────────────────────────────────────────────────
  Group : 2024-10-10_0000__LAT-060_LON+060
  Window: 2024-10-10_0000  |  Region: LAT-060_LON+060  |  5 occultation(s)
────────────────────────────────────────────────────────────
C34 is rising
G15 is rising
C42 is rising
Data Flipped: R11 is setting
R7 is rising
  Parsed 5/5 files successfully.
  Bounding box: lat [-85.2, -12.4]  lon [27.6, 141.9]  |  vertices: 205
  Final group: 5 occultation(s), 205 mesh vertices
  Saved trim diagnostic → ./Figures/GroupKF/group_2024-10-10_0000__LAT-060_LON+060_trim.png
  [1/5] Building H for GN04 00:08 (679 rays) …
  -> Building H Matrix (679 rays, parallel)...
  [2/5] Building H for GN04 00:15 (464 rays) …
  -> Building H Matrix (464 rays, parallel)...
  [3/5] Building H for GN04 00:20 (947 rays) …
  -> Building H Matrix (947 rays, parallel)...
  [4/5] Building H for GN04 00:27 (458 rays) …
  -> Building H Matrix (458 rays, parallel)...
  [5/5] Building H for GN04 00:29 (946 rays) …
  -> Building H Matrix (946 rays, parallel)...
  Combined H shape : (3494, 10455)  (total rays = 3494)
  Running sequential KF assimilation …
  [step 1/5] Assimilating GN04 00:08 (679 rays) …
  [!] Error in group 2024-10-10_0000__LAT-060_LON+060: podTc2_data must be provided when distance_localization=True (needed to compute ray midpoints for the localization matrix).

[10/494]
────────────────────────────────────────────────────────────
  Group : 2024-10-10_0000__POLAR_S
  Window: 2024-10-10_0000  |  Region: POLAR_S  |  12 occultation(s)
────────────────────────────────────────────────────────────
G29 is rising
E15 is rising
G11 is rising
R20 is rising
C45 is rising
E7 is rising
C44 is rising
G14 is rising
C39 is rising
R16 is rising
E2 is rising
G24 is rising
  Parsed 12/12 files successfully.
  [polar] Bounding box: lat [-90.0, -40.2]  lon [-180.0, 180.0]  |  vertices: 293
  Final group: 12 occultation(s), 293 mesh vertices
  Saved trim diagnostic → ./Figures/GroupKF/group_2024-10-10_0000__POLAR_S_trim.png
  [1/12] Building H for GN04 00:16 (962 rays) …
  -> Building H Matrix (962 rays, parallel)...
  [2/12] Building H for GN04 00:16 (442 rays) …
  -> Building H Matrix (442 rays, parallel)...
  [3/12] Building H for GN04 00:18 (463 rays) …
  -> Building H Matrix (463 rays, parallel)...
  [4/12] Building H for GN04 00:19 (460 rays) …
  -> Building H Matrix (460 rays, parallel)...
  [5/12] Building H for GN04 00:20 (436 rays) …
  -> Building H Matrix (436 rays, parallel)...
  [6/12] Building H for GN04 00:21 (480 rays) …
  -> Building H Matrix (480 rays, parallel)...
  [7/12] Building H for GN04 00:22 (447 rays) …
  -> Building H Matrix (447 rays, parallel)...
  [8/12] Building H for GN04 00:23 (573 rays) …
  -> Building H Matrix (573 rays, parallel)...
  [9/12] Building H for GN04 00:24 (376 rays) …
  -> Building H Matrix (376 rays, parallel)...
  [10/12] Building H for GN04 00:24 (460 rays) …
  -> Building H Matrix (460 rays, parallel)...
  [11/12] Building H for GN04 00:28 (748 rays) …
  -> Building H Matrix (748 rays, parallel)...
  [12/12] Building H for GN04 00:29 (366 rays) …
  -> Building H Matrix (366 rays, parallel)...
  Combined H shape : (6213, 14943)  (total rays = 6213)
  Running sequential KF assimilation …
  [step 1/12] Assimilating GN04 00:16 (962 rays) …
  [!] Error in group 2024-10-10_0000__POLAR_S: podTc2_data must be provided when distance_localization=True (needed to compute ray midpoints for the localization matrix).

[11/494]
────────────────────────────────────────────────────────────
  Group : 2024-10-10_0000__LAT+030_LON-180
  Window: 2024-10-10_0000  |  Region: LAT+030_LON-180  |  2 occultation(s)
────────────────────────────────────────────────────────────
Data Flipped: E2 is setting
Data Flipped: R16 is setting
  Parsed 2/2 files successfully.
  Bounding box: lat [32.9, 84.7]  lon [160.4, -126.8]  |  vertices: 75
  Final group: 2 occultation(s), 75 mesh vertices
  Saved trim diagnostic → ./Figures/GroupKF/group_2024-10-10_0000__LAT+030_LON-180_trim.png
  [1/2] Building H for GN05 00:27 (530 rays) …
  -> Building H Matrix (530 rays, parallel)...
  [2/2] Building H for GN05 00:27 (404 rays) …
  -> Building H Matrix (404 rays, parallel)...
  Combined H shape : (934, 3825)  (total rays = 934)
  Running sequential KF assimilation …
  [step 1/2] Assimilating GN05 00:27 (530 rays) …
  [!] Error in group 2024-10-10_0000__LAT+030_LON-180: podTc2_data must be provided when distance_localization=True (needed to compute ray midpoints for the localization matrix).

[12/494]
────────────────────────────────────────────────────────────
  Group : 2024-10-10_0000__LAT-060_LON-060
  Window: 2024-10-10_0000  |  Region: LAT-060_LON-060  |  2 occultation(s)
────────────────────────────────────────────────────────────
E34 is rising
G6 is rising
  Parsed 2/2 files successfully.
  Bounding box: lat [-63.7, -23.6]  lon [-97.4, -28.2]  |  vertices: 78
  Final group: 2 occultation(s), 78 mesh vertices
  Saved trim diagnostic → ./Figures/GroupKF/group_2024-10-10_0000__LAT-060_LON-060_trim.png
  [1/2] Building H for GN04 00:28 (575 rays) …
  -> Building H Matrix (575 rays, parallel)...
  [2/2] Building H for GN04 00:29 (590 rays) …
  -> Building H Matrix (590 rays, parallel)...
  Combined H shape : (1165, 3978)  (total rays = 1165)
  Running sequential KF assimilation …
  [step 1/2] Assimilating GN04 00:28 (575 rays) …
  [!] Error in group 2024-10-10_0000__LAT-060_LON-060: podTc2_data must be provided when distance_localization=True (needed to compute ray midpoints for the localization matrix).

[13/494]
────────────────────────────────────────────────────────────
  Group : 2024-10-10_0030__LAT-060_LON+060
  Window: 2024-10-10_0030  |  Region: LAT-060_LON+060  |  4 occultation(s)
────────────────────────────────────────────────────────────
Data Flipped: G28 is setting
R21 is rising
E7 is rising
R7 is rising
  Parsed 4/4 files successfully.
  Bounding box: lat [-82.5, 0.7]  lon [70.3, 145.1]  |  vertices: 172
  Final group: 4 occultation(s), 172 mesh vertices
  Saved trim diagnostic → ./Figures/GroupKF/group_2024-10-10_0030__LAT-060_LON+060_trim.png
  [1/4] Building H for GN04 00:30 (370 rays) …
  -> Building H Matrix (370 rays, parallel)...
  [2/4] Building H for GN05 00:38 (615 rays) …
  -> Building H Matrix (615 rays, parallel)...
  [3/4] Building H for GN05 00:48 (527 rays) …
  -> Building H Matrix (527 rays, parallel)...
  [4/4] Building H for GN05 00:50 (1011 rays) …
  -> Building H Matrix (1011 rays, parallel)...
  Combined H shape : (2523, 8772)  (total rays = 2523)
  Running sequential KF assimilation …
  [step 1/4] Assimilating GN04 00:30 (370 rays) …
  [!] Error in group 2024-10-10_0030__LAT-060_LON+060: podTc2_data must be provided when distance_localization=True (needed to compute ray midpoints for the localization matrix).

[14/494]
────────────────────────────────────────────────────────────
  Group : 2024-10-10_0030__LAT-060_LON+120
  Window: 2024-10-10_0030  |  Region: LAT-060_LON+120  |  16 occultation(s)
────────────────────────────────────────────────────────────
Data Flipped: E11 is setting
G5 is rising
E13 is rising
G15 is rising
G14 is rising
C45 is rising
Data Flipped: C20 is setting
Data Flipped: G3 is setting
Data Flipped: C25 is setting
Data Flipped: R1 is setting
Data Flipped: R11 is setting
Data Flipped: R2 is setting
Data Flipped: R3 is setting
Data Flipped: G28 is setting
Data Flipped: C41 is setting
Data Flipped: E4 is setting
  Parsed 16/16 files successfully.
  Bounding box: lat [-80.9, -6.0]  lon [91.2, -162.8]  |  vertices: 214
  Final group: 16 occultation(s), 214 mesh vertices
  Saved trim diagnostic → ./Figures/GroupKF/group_2024-10-10_0030__LAT-060_LON+120_trim.png
  [1/16] Building H for GN04 00:30 (472 rays) …
  -> Building H Matrix (472 rays, parallel)...
  [2/16] Building H for GN05 00:35 (433 rays) …
  -> Building H Matrix (433 rays, parallel)...
  [3/16] Building H for GN05 00:38 (494 rays) …
  -> Building H Matrix (494 rays, parallel)...
  [4/16] Building H for GN05 00:41 (472 rays) …
  -> Building H Matrix (472 rays, parallel)...
  [5/16] Building H for GN05 00:46 (647 rays) …
  -> Building H Matrix (647 rays, parallel)...
  [6/16] Building H for GN05 00:46 (422 rays) …
  -> Building H Matrix (422 rays, parallel)...
  [7/16] Building H for GN05 00:52 (918 rays) …
  -> Building H Matrix (918 rays, parallel)...
  [8/16] Building H for GN05 00:53 (527 rays) …
  -> Building H Matrix (527 rays, parallel)...
  [9/16] Building H for GN05 00:53 (425 rays) …
  -> Building H Matrix (425 rays, parallel)...
  [10/16] Building H for GN05 00:54 (423 rays) …
  -> Building H Matrix (423 rays, parallel)...
  [11/16] Building H for GN05 00:54 (419 rays) …
  -> Building H Matrix (419 rays, parallel)...
  [12/16] Building H for GN05 00:55 (436 rays) …
  -> Building H Matrix (436 rays, parallel)...
  [13/16] Building H for GN05 00:55 (910 rays) …
  -> Building H Matrix (910 rays, parallel)...
  [14/16] Building H for GN05 00:57 (382 rays) …
  -> Building H Matrix (382 rays, parallel)...
  [15/16] Building H for GN05 00:58 (369 rays) …
  -> Building H Matrix (369 rays, parallel)...
  [16/16] Building H for GN05 00:58 (394 rays) …
  -> Building H Matrix (394 rays, parallel)...
  Combined H shape : (8143, 10914)  (total rays = 8143)
  Running sequential KF assimilation …
  [step 1/16] Assimilating GN04 00:30 (472 rays) …
  [!] Error in group 2024-10-10_0030__LAT-060_LON+120: podTc2_data must be provided when distance_localization=True (needed to compute ray midpoints for the localization matrix).

[15/494]
────────────────────────────────────────────────────────────
  Group : 2024-10-10_0030__LAT-030_LON+120
  Window: 2024-10-10_0030  |  Region: LAT-030_LON+120  |  21 occultation(s)
────────────────────────────────────────────────────────────
R5 is rising
R4 is rising
E3 is rising
G30 is rising
C38 is rising
C22 is rising
C21 is rising
C36 is rising
E25 is rising
E8 is rising
R15 is rising
C19 is rising
C42 is rising
Data Flipped: C29 is setting
Data Flipped: E36 is setting
Data Flipped: R18 is setting
Data Flipped: R8 is setting
Data Flipped: E21 is setting
Data Flipped: G32 is setting
Data Flipped: E19 is setting
Data Flipped: C33 is setting
  Parsed 21/21 files successfully.
  Bounding box: lat [-83.2, 24.6]  lon [52.4, -151.0]  |  vertices: 506
  [trim] n_geo=506 > MAX_MESH_VERTICES=300 — dropping GN05 00:39 (87.3° from centroid)
  Bounding box: lat [-83.2, 24.6]  lon [52.4, -169.5]  |  vertices: 446
  [trim] n_geo=446 > MAX_MESH_VERTICES=300 — dropping GN05 00:36 (86.8° from centroid)
  Bounding box: lat [-83.2, 24.6]  lon [52.4, -169.5]  |  vertices: 446
  [trim] n_geo=446 > MAX_MESH_VERTICES=300 — dropping GN05 00:44 (90.5° from centroid)
  Bounding box: lat [-83.2, 23.8]  lon [52.4, -169.5]  |  vertices: 442
  [trim] n_geo=442 > MAX_MESH_VERTICES=300 — dropping GN05 00:31 (93.5° from centroid)
  Bounding box: lat [-83.2, 16.4]  lon [52.4, 178.8]  |  vertices: 370
  [trim] n_geo=370 > MAX_MESH_VERTICES=300 — dropping GN05 00:54 (41.1° from centroid)
  Bounding box: lat [-83.2, 16.4]  lon [53.2, 178.8]  |  vertices: 367
  [trim] n_geo=367 > MAX_MESH_VERTICES=300 — dropping GN05 00:48 (38.8° from centroid)
  Bounding box: lat [-56.1, 16.4]  lon [97.6, 178.8]  |  vertices: 207
  Final group: 15 occultation(s), 207 mesh vertices
  Saved trim diagnostic → ./Figures/GroupKF/group_2024-10-10_0030__LAT-030_LON+120_trim.png
  [1/15] Building H for GN05 00:31 (431 rays) …
  -> Building H Matrix (431 rays, parallel)...
  [2/15] Building H for GN05 00:32 (421 rays) …
  -> Building H Matrix (421 rays, parallel)...
  [3/15] Building H for GN05 00:33 (396 rays) …
  -> Building H Matrix (396 rays, parallel)...
  [4/15] Building H for GN05 00:34 (424 rays) …
  -> Building H Matrix (424 rays, parallel)...
  [5/15] Building H for GN05 00:34 (459 rays) …
  -> Building H Matrix (459 rays, parallel)...
  [6/15] Building H for GN05 00:34 (424 rays) …
  -> Building H Matrix (424 rays, parallel)...
  [7/15] Building H for GN05 00:35 (433 rays) …
  -> Building H Matrix (433 rays, parallel)...
  [8/15] Building H for GN05 00:37 (389 rays) …
  -> Building H Matrix (389 rays, parallel)...
  [9/15] Building H for GN05 00:37 (426 rays) …
  -> Building H Matrix (426 rays, parallel)...
  [10/15] Building H for GN05 00:41 (894 rays) …
  -> Building H Matrix (894 rays, parallel)...
  [11/15] Building H for GN05 00:46 (621 rays) …
  -> Building H Matrix (621 rays, parallel)...
  [12/15] Building H for GN05 00:46 (588 rays) …
  -> Building H Matrix (588 rays, parallel)...
  [13/15] Building H for GN05 00:51 (534 rays) …
  -> Building H Matrix (534 rays, parallel)...
  [14/15] Building H for GN05 00:51 (472 rays) …
  -> Building H Matrix (472 rays, parallel)...
  [15/15] Building H for GN05 00:52 (403 rays) …
  -> Building H Matrix (403 rays, parallel)...
  Combined H shape : (7315, 10557)  (total rays = 7315)
  Running sequential KF assimilation …
  [step 1/15] Assimilating GN05 00:31 (431 rays) …
  [!] Error in group 2024-10-10_0030__LAT-030_LON+120: podTc2_data must be provided when distance_localization=True (needed to compute ray midpoints for the localization matrix).

[16/494]
────────────────────────────────────────────────────────────
  Group : 2024-10-10_0030__POLAR_S
  Window: 2024-10-10_0030  |  Region: POLAR_S  |  26 occultation(s)
────────────────────────────────────────────────────────────
Data Flipped: E4 is setting
C26 is rising
R9 is rising
Data Flipped: C30 is setting
Data Flipped: E6 is setting
Data Flipped: E10 is setting
Data Flipped: G31 is setting
Data Flipped: C20 is setting
Data Flipped: R3 is setting
Data Flipped: E9 is setting
Data Flipped: C23 is setting
Data Flipped: G4 is setting
Data Flipped: E12 is setting
Data Flipped: R12 is setting
Data Flipped: R24 is setting
C34 is rising
E15 is rising
R16 is rising
G11 is rising
C39 is rising
R20 is rising
E2 is rising
C44 is rising
G29 is rising
G24 is rising
R9 is rising
  Parsed 26/26 files successfully.
  [polar] Bounding box: lat [-90.0, -39.8]  lon [-180.0, 180.0]  |  vertices: 297
  Final group: 26 occultation(s), 297 mesh vertices
  Saved trim diagnostic → ./Figures/GroupKF/group_2024-10-10_0030__POLAR_S_trim.png
  [1/26] Building H for GN04 00:31 (379 rays) …
  -> Building H Matrix (379 rays, parallel)...
  [2/26] Building H for GN04 00:32 (373 rays) …
  -> Building H Matrix (373 rays, parallel)...
  [3/26] Building H for GN04 00:33 (379 rays) …
  -> Building H Matrix (379 rays, parallel)...
  [4/26] Building H for GN04 00:34 (629 rays) …
  -> Building H Matrix (629 rays, parallel)...
  [5/26] Building H for GN04 00:34 (418 rays) …
  -> Building H Matrix (418 rays, parallel)...
  [6/26] Building H for GN04 00:36 (437 rays) …
  -> Building H Matrix (437 rays, parallel)...
  [7/26] Building H for GN04 00:37 (366 rays) …
  -> Building H Matrix (366 rays, parallel)...
  [8/26] Building H for GN04 00:38 (369 rays) …
  -> Building H Matrix (369 rays, parallel)...
  [9/26] Building H for GN04 00:38 (560 rays) …
  -> Building H Matrix (560 rays, parallel)...
  [10/26] Building H for GN04 00:39 (479 rays) …
  -> Building H Matrix (479 rays, parallel)...
  [11/26] Building H for GN04 00:39 (435 rays) …
  -> Building H Matrix (435 rays, parallel)...
  [12/26] Building H for GN04 00:40 (493 rays) …
  -> Building H Matrix (493 rays, parallel)...
  [13/26] Building H for GN04 00:41 (439 rays) …
  -> Building H Matrix (439 rays, parallel)...
  [14/26] Building H for GN04 00:43 (464 rays) …
  -> Building H Matrix (464 rays, parallel)...
  [15/26] Building H for GN04 00:43 (461 rays) …
  -> Building H Matrix (461 rays, parallel)...
  [16/26] Building H for GN05 00:43 (731 rays) …
  -> Building H Matrix (731 rays, parallel)...
  [17/26] Building H for GN05 00:49 (456 rays) …
  -> Building H Matrix (456 rays, parallel)...
  [18/26] Building H for GN05 00:50 (434 rays) …
  -> Building H Matrix (434 rays, parallel)...
  [19/26] Building H for GN05 00:51 (481 rays) …
  -> Building H Matrix (481 rays, parallel)...
  [20/26] Building H for GN05 00:53 (398 rays) …
  -> Building H Matrix (398 rays, parallel)...
  [21/26] Building H for GN05 00:53 (471 rays) …
  -> Building H Matrix (471 rays, parallel)...
  [22/26] Building H for GN05 00:53 (657 rays) …
  -> Building H Matrix (657 rays, parallel)...
  [23/26] Building H for GN05 00:55 (449 rays) …
  -> Building H Matrix (449 rays, parallel)...
  [24/26] Building H for GN05 00:55 (851 rays) …
  -> Building H Matrix (851 rays, parallel)...
  [25/26] Building H for GN05 00:56 (382 rays) …
  -> Building H Matrix (382 rays, parallel)...
  [26/26] Building H for GN05 00:59 (385 rays) …
  -> Building H Matrix (385 rays, parallel)...
  Combined H shape : (12376, 15147)  (total rays = 12376)
  Running sequential KF assimilation …
  [step 1/26] Assimilating GN04 00:31 (379 rays) …
  [!] Error in group 2024-10-10_0030__POLAR_S: podTc2_data must be provided when distance_localization=True (needed to compute ray midpoints for the localization matrix).

[17/494]
────────────────────────────────────────────────────────────
  Group : 2024-10-10_0030__LAT+030_LON+120
  Window: 2024-10-10_0030  |  Region: LAT+030_LON+120  |  6 occultation(s)
────────────────────────────────────────────────────────────
Data Flipped: E34 is setting
Data Flipped: G24 is setting
Data Flipped: G6 is setting
Data Flipped: C35 is setting
No valid descending tangent points found. Skipping.
    [skip] podTc2_GN05.2024.284.00.39.0022.C26.00_0000.0001_nc — parse returned None
Data Flipped: C40 is setting
  Parsed 5/6 files successfully.
  Bounding box: lat [18.4, 71.9]  lon [133.2, 175.3]  |  vertices: 62
  Final group: 5 occultation(s), 62 mesh vertices
  Saved trim diagnostic → ./Figures/GroupKF/group_2024-10-10_0030__LAT+030_LON+120_trim.png
  [1/5] Building H for GN05 00:31 (494 rays) …
  -> Building H Matrix (494 rays, parallel)...
  [2/5] Building H for GN05 00:33 (381 rays) …
  -> Building H Matrix (381 rays, parallel)...
  [3/5] Building H for GN05 00:34 (408 rays) …
  -> Building H Matrix (408 rays, parallel)...
  [4/5] Building H for GN05 00:39 (134 rays) …
  -> Building H Matrix (134 rays, parallel)...
  [5/5] Building H for GN05 00:39 (125 rays) …
  -> Building H Matrix (125 rays, parallel)...
  Combined H shape : (1542, 3162)  (total rays = 1542)
  Running sequential KF assimilation …
  [step 1/5] Assimilating GN05 00:31 (494 rays) …
  [!] Error in group 2024-10-10_0030__LAT+030_LON+120: podTc2_data must be provided when distance_localization=True (needed to compute ray midpoints for the localization matrix).

[18/494]
────────────────────────────────────────────────────────────
  Group : 2024-10-10_0030__LAT-060_LON-060
  Window: 2024-10-10_0030  |  Region: LAT-060_LON-060  |  14 occultation(s)
────────────────────────────────────────────────────────────
C35 is rising
C40 is rising
R19 is rising
E30 is rising
G12 is rising
E27 is rising
C24 is rising
E29 is rising
Data Flipped: C27 is setting
Data Flipped: C37 is setting
Data Flipped: G9 is setting
Data Flipped: E33 is setting
Data Flipped: G8 is setting
Data Flipped: E31 is setting
  Parsed 14/14 files successfully.
  Bounding box: lat [-82.3, -7.2]  lon [-101.5, 24.9]  |  vertices: 251
  Final group: 14 occultation(s), 251 mesh vertices
  Saved trim diagnostic → ./Figures/GroupKF/group_2024-10-10_0030__LAT-060_LON-060_trim.png
  [1/14] Building H for GN04 00:32 (468 rays) …
  -> Building H Matrix (468 rays, parallel)...
  [2/14] Building H for GN04 00:32 (425 rays) …
  -> Building H Matrix (425 rays, parallel)...
  [3/14] Building H for GN04 00:32 (509 rays) …
  -> Building H Matrix (509 rays, parallel)...
  [4/14] Building H for GN04 00:32 (427 rays) …
  -> Building H Matrix (427 rays, parallel)...
  [5/14] Building H for GN04 00:36 (383 rays) …
  -> Building H Matrix (383 rays, parallel)...
  [6/14] Building H for GN04 00:37 (389 rays) …
  -> Building H Matrix (389 rays, parallel)...
  [7/14] Building H for GN04 00:37 (374 rays) …
  -> Building H Matrix (374 rays, parallel)...
  [8/14] Building H for GN04 00:38 (556 rays) …
  -> Building H Matrix (556 rays, parallel)...
  [9/14] Building H for GN04 00:46 (441 rays) …
  -> Building H Matrix (441 rays, parallel)...
  [10/14] Building H for GN04 00:49 (373 rays) …
  -> Building H Matrix (373 rays, parallel)...
  [11/14] Building H for GN04 00:50 (551 rays) …
  -> Building H Matrix (551 rays, parallel)...
  [12/14] Building H for GN04 00:53 (579 rays) …
  -> Building H Matrix (579 rays, parallel)...
  [13/14] Building H for GN04 00:53 (419 rays) …
  -> Building H Matrix (419 rays, parallel)...
  [14/14] Building H for GN04 00:53 (424 rays) …
  -> Building H Matrix (424 rays, parallel)...
  Combined H shape : (6318, 12801)  (total rays = 6318)
  Running sequential KF assimilation …
  [step 1/14] Assimilating GN04 00:32 (468 rays) …
  [!] Error in group 2024-10-10_0030__LAT-060_LON-060: podTc2_data must be provided when distance_localization=True (needed to compute ray midpoints for the localization matrix).

[19/494]
────────────────────────────────────────────────────────────
  Group : 2024-10-10_0030__LAT+000_LON-060
  Window: 2024-10-10_0030  |  Region: LAT+000_LON-060  |  11 occultation(s)
────────────────────────────────────────────────────────────
Data Flipped: G10 is setting
R18 is rising
C29 is rising
E36 is rising
R1 is rising
C41 is rising
G3 is rising
R2 is rising
G28 is rising
C32 is rising
E4 is rising
  Parsed 11/11 files successfully.
    [skip] GN04 00:51 — only 48 valid rays
    [skip] GN04 00:53 — only 37 valid rays
  Bounding box: lat [-64.5, 38.4]  lon [64.6, -26.7]  |  vertices: 939
  [trim] n_geo=939 > MAX_MESH_VERTICES=300 — dropping GN04 00:33 (109.2° from centroid)
  Bounding box: lat [-13.1, 38.4]  lon [-67.7, -30.9]  |  vertices: 72
  Final group: 8 occultation(s), 72 mesh vertices
  Saved trim diagnostic → ./Figures/GroupKF/group_2024-10-10_0030__LAT+000_LON-060_trim.png
  [1/8] Building H for GN04 00:44 (271 rays) …
  -> Building H Matrix (271 rays, parallel)...
  [2/8] Building H for GN04 00:46 (300 rays) …
  -> Building H Matrix (300 rays, parallel)...
  [3/8] Building H for GN04 00:46 (210 rays) …
  -> Building H Matrix (210 rays, parallel)...
  [4/8] Building H for GN04 00:48 (258 rays) …
  -> Building H Matrix (258 rays, parallel)...
  [5/8] Building H for GN04 00:51 (143 rays) …
  -> Building H Matrix (143 rays, parallel)...
  [6/8] Building H for GN04 00:52 (113 rays) …
  -> Building H Matrix (113 rays, parallel)...
  [7/8] Building H for GN04 00:52 (148 rays) …
  -> Building H Matrix (148 rays, parallel)...
  [8/8] Building H for GN04 00:55 (126 rays) …
  -> Building H Matrix (126 rays, parallel)...
  Combined H shape : (1569, 3672)  (total rays = 1569)
  Running sequential KF assimilation …
  [step 1/8] Assimilating GN04 00:44 (271 rays) …
  [!] Error in group 2024-10-10_0030__LAT+000_LON-060: podTc2_data must be provided when distance_localization=True (needed to compute ray midpoints for the localization matrix).

[20/494]
────────────────────────────────────────────────────────────
  Group : 2024-10-10_0030__LAT+000_LON+120
  Window: 2024-10-10_0030  |  Region: LAT+000_LON+120  |  8 occultation(s)
────────────────────────────────────────────────────────────
Data Flipped: E30 is setting
Data Flipped: R19 is setting
Data Flipped: R9 is setting
Data Flipped: E27 is setting
Data Flipped: E29 is setting
Data Flipped: G17 is setting
Data Flipped: C24 is setting
Data Flipped: G12 is setting
  Parsed 8/8 files successfully.
  Bounding box: lat [-20.6, 56.2]  lon [110.4, -174.2]  |  vertices: 205
  Final group: 8 occultation(s), 205 mesh vertices
  Saved trim diagnostic → ./Figures/GroupKF/group_2024-10-10_0030__LAT+000_LON+120_trim.png
  [1/8] Building H for GN05 00:36 (381 rays) …
  -> Building H Matrix (381 rays, parallel)...
  [2/8] Building H for GN05 00:37 (470 rays) …
  -> Building H Matrix (470 rays, parallel)...
  [3/8] Building H for GN05 00:37 (361 rays) …
  -> Building H Matrix (361 rays, parallel)...
  [4/8] Building H for GN05 00:41 (407 rays) …
  -> Building H Matrix (407 rays, parallel)...
  [5/8] Building H for GN05 00:41 (603 rays) …
  -> Building H Matrix (603 rays, parallel)...
  [6/8] Building H for GN05 00:42 (812 rays) …
  -> Building H Matrix (812 rays, parallel)...
  [7/8] Building H for GN05 00:42 (385 rays) …
  -> Building H Matrix (385 rays, parallel)...
  [8/8] Building H for GN05 00:42 (302 rays) …
  -> Building H Matrix (302 rays, parallel)...
  Combined H shape : (3721, 10455)  (total rays = 3721)
  Running sequential KF assimilation …
  [step 1/8] Assimilating GN05 00:36 (381 rays) …
  [!] Error in group 2024-10-10_0030__LAT+000_LON+120: podTc2_data must be provided when distance_localization=True (needed to compute ray midpoints for the localization matrix).

[21/494]
────────────────────────────────────────────────────────────
  Group : 2024-10-10_0030__LAT+030_LON-180
  Window: 2024-10-10_0030  |  Region: LAT+030_LON-180  |  1 occultation(s)
────────────────────────────────────────────────────────────
No valid descending tangent points found. Skipping.
    [skip] podTc2_GN05.2024.284.00.39.0019.C39.00_0000.0001_nc — parse returned None

[22/494]
────────────────────────────────────────────────────────────
  Group : 2024-10-10_0030__LAT-030_LON-060
  Window: 2024-10-10_0030  |  Region: LAT-030_LON-060  |  9 occultation(s)
────────────────────────────────────────────────────────────
G25 is rising
R8 is rising
G17 is rising
G32 is rising
E19 is rising
E21 is rising
C25 is rising
R11 is rising
Data Flipped: C28 is setting
  Parsed 9/9 files successfully.
  Bounding box: lat [-54.1, 11.7]  lon [-56.7, -3.5]  |  vertices: 123
  Final group: 9 occultation(s), 123 mesh vertices
  Saved trim diagnostic → ./Figures/GroupKF/group_2024-10-10_0030__LAT-030_LON-060_trim.png
  [1/9] Building H for GN04 00:42 (312 rays) …
  -> Building H Matrix (312 rays, parallel)...
  [2/9] Building H for GN04 00:45 (561 rays) …
  -> Building H Matrix (561 rays, parallel)...
  [3/9] Building H for GN04 00:46 (59 rays) …
  -> Building H Matrix (59 rays, parallel)...
  [4/9] Building H for GN04 00:46 (148 rays) …
  -> Building H Matrix (148 rays, parallel)...
  [5/9] Building H for GN04 00:47 (130 rays) …
  -> Building H Matrix (130 rays, parallel)...
  [6/9] Building H for GN04 00:47 (232 rays) …
  -> Building H Matrix (232 rays, parallel)...
  [7/9] Building H for GN04 00:49 (239 rays) …
  -> Building H Matrix (239 rays, parallel)...
  [8/9] Building H for GN04 00:50 (235 rays) …
  -> Building H Matrix (235 rays, parallel)...
  [9/9] Building H for GN04 00:58 (221 rays) …
  -> Building H Matrix (221 rays, parallel)...
  Combined H shape : (2137, 6273)  (total rays = 2137)
  Running sequential KF assimilation …
  [step 1/9] Assimilating GN04 00:42 (312 rays) …
  [!] Error in group 2024-10-10_0030__LAT-030_LON-060: podTc2_data must be provided when distance_localization=True (needed to compute ray midpoints for the localization matrix).

[23/494]
────────────────────────────────────────────────────────────
  Group : 2024-10-10_0030__LAT-030_LON-120
  Window: 2024-10-10_0030  |  Region: LAT-030_LON-120  |  1 occultation(s)
────────────────────────────────────────────────────────────
Data Flipped: G26 is setting
  Parsed 1/1 files successfully.
  Bounding box: lat [-85.2, -34.0]  lon [-34.9, 53.2]  |  vertices: 88
  Final group: 1 occultation(s), 88 mesh vertices
  Saved trim diagnostic → ./Figures/GroupKF/group_2024-10-10_0030__LAT-030_LON-120_trim.png
  [1/1] Building H for GN04 00:45 (550 rays) …
  -> Building H Matrix (550 rays, parallel)...
  Combined H shape : (550, 4488)  (total rays = 550)
  Running sequential KF assimilation …
  [step 1/1] Assimilating GN04 00:45 (550 rays) …
  [!] Error in group 2024-10-10_0030__LAT-030_LON-120: podTc2_data must be provided when distance_localization=True (needed to compute ray midpoints for the localization matrix).

[24/494]
────────────────────────────────────────────────────────────
  Group : 2024-10-10_0030__LAT+030_LON-120
  Window: 2024-10-10_0030  |  Region: LAT+030_LON-120  |  3 occultation(s)
────────────────────────────────────────────────────────────
E11 is rising
E6 is rising
C20 is rising
  Parsed 3/3 files successfully.
  Bounding box: lat [10.1, 79.8]  lon [-94.3, -51.6]  |  vertices: 78
  Final group: 3 occultation(s), 78 mesh vertices
  Saved trim diagnostic → ./Figures/GroupKF/group_2024-10-10_0030__LAT+030_LON-120_trim.png
  [1/3] Building H for GN04 00:58 (440 rays) …
  -> Building H Matrix (440 rays, parallel)...
  [2/3] Building H for GN04 00:59 (382 rays) …
  -> Building H Matrix (382 rays, parallel)...
  [3/3] Building H for GN04 00:59 (588 rays) …
  -> Building H Matrix (588 rays, parallel)...
  Combined H shape : (1410, 3978)  (total rays = 1410)
  Running sequential KF assimilation …
  [step 1/3] Assimilating GN04 00:58 (440 rays) …
  [!] Error in group 2024-10-10_0030__LAT+030_LON-120: podTc2_data must be provided when distance_localization=True (needed to compute ray midpoints for the localization matrix).

[25/494]
────────────────────────────────────────────────────────────
  Group : 2024-10-10_0100__LAT-030_LON-060
  Window: 2024-10-10_0100  |  Region: LAT-030_LON-060  |  14 occultation(s)
────────────────────────────────────────────────────────────
Data Flipped: G27 is setting
Data Flipped: E5 is setting
Data Flipped: G7 is setting
R19 is rising
Data Flipped: R14 is setting
No valid descending tangent points found. Skipping.
    [skip] podTc2_GN04.2024.284.01.07.0020.E24.00_0000.0001_nc — parse returned None
E21 is rising
G32 is rising
E19 is rising
C25 is rising
R11 is rising
G28 is rising
Data not high enough. Skipping.
    [skip] podTc2_GN05.2024.284.01.22.0009.R04.00_0000.0001_nc — parse returned None
Data Flipped: G8 is setting
  Parsed 12/14 files successfully.
    [skip] GN04 01:03 — only 12 valid rays
    [skip] GN04 01:06 — only 48 valid rays
  Bounding box: lat [-45.5, 14.9]  lon [-59.9, -17.5]  |  vertices: 94
  Final group: 10 occultation(s), 94 mesh vertices
  Saved trim diagnostic → ./Figures/GroupKF/group_2024-10-10_0100__LAT-030_LON-060_trim.png
  [1/10] Building H for GN04 01:00 (223 rays) …
  -> Building H Matrix (223 rays, parallel)...
  [2/10] Building H for GN04 01:04 (140 rays) …
  -> Building H Matrix (140 rays, parallel)...
  [3/10] Building H for GN05 01:06 (353 rays) …
  -> Building H Matrix (353 rays, parallel)...
  [4/10] Building H for GN05 01:16 (222 rays) …
  -> Building H Matrix (222 rays, parallel)...
  [5/10] Building H for GN05 01:16 (258 rays) …
  -> Building H Matrix (258 rays, parallel)...
  [6/10] Building H for GN05 01:17 (326 rays) …
  -> Building H Matrix (326 rays, parallel)...
  [7/10] Building H for GN05 01:17 (169 rays) …
  -> Building H Matrix (169 rays, parallel)...
  [8/10] Building H for GN05 01:17 (183 rays) …
  -> Building H Matrix (183 rays, parallel)...
  [9/10] Building H for GN05 01:20 (227 rays) …
  -> Building H Matrix (227 rays, parallel)...
  [10/10] Building H for GN05 01:27 (278 rays) …
  -> Building H Matrix (278 rays, parallel)...
  Combined H shape : (2379, 4794)  (total rays = 2379)
  Running sequential KF assimilation …
  [step 1/10] Assimilating GN04 01:00 (223 rays) …
  [!] Error in group 2024-10-10_0100__LAT-030_LON-060: podTc2_data must be provided when distance_localization=True (needed to compute ray midpoints for the localization matrix).

[26/494]
────────────────────────────────────────────────────────────
  Group : 2024-10-10_0100__LAT+030_LON-060
  Window: 2024-10-10_0100  |  Region: LAT+030_LON-060  |  12 occultation(s)
────────────────────────────────────────────────────────────
G31 is rising
C23 is rising
R12 is rising
Data Flipped: R22 is setting
Data Flipped: E26 is setting
Data Flipped: C43 is setting
Data Flipped: G18 is setting
Data Flipped: C21 is setting
Data Flipped: C38 is setting
Data Flipped: C42 is setting
Data Flipped: R7 is setting
C23 is rising
  Parsed 12/12 files successfully.
  Bounding box: lat [12.7, 74.6]  lon [-87.7, 9.6]  |  vertices: 165
  Final group: 12 occultation(s), 165 mesh vertices
  Saved trim diagnostic → ./Figures/GroupKF/group_2024-10-10_0100__LAT+030_LON-060_trim.png
  [1/12] Building H for GN04 01:00 (381 rays) …
  -> Building H Matrix (381 rays, parallel)...
  [2/12] Building H for GN04 01:03 (461 rays) …
  -> Building H Matrix (461 rays, parallel)...
  [3/12] Building H for GN04 01:06 (488 rays) …
  -> Building H Matrix (488 rays, parallel)...
  [4/12] Building H for GN04 01:13 (387 rays) …
  -> Building H Matrix (387 rays, parallel)...
  [5/12] Building H for GN04 01:13 (359 rays) …
  -> Building H Matrix (359 rays, parallel)...
  [6/12] Building H for GN04 01:14 (570 rays) …
  -> Building H Matrix (570 rays, parallel)...
  [7/12] Building H for GN04 01:14 (517 rays) …
  -> Building H Matrix (517 rays, parallel)...
  [8/12] Building H for GN04 01:15 (386 rays) …
  -> Building H Matrix (386 rays, parallel)...
  [9/12] Building H for GN04 01:15 (399 rays) …
  -> Building H Matrix (399 rays, parallel)...
  [10/12] Building H for GN04 01:17 (455 rays) …
  -> Building H Matrix (455 rays, parallel)...
  [11/12] Building H for GN04 01:17 (565 rays) …
  -> Building H Matrix (565 rays, parallel)...
  [12/12] Building H for GN05 01:29 (429 rays) …
  -> Building H Matrix (429 rays, parallel)...
  Combined H shape : (5397, 8415)  (total rays = 5397)
  Running sequential KF assimilation …
  [step 1/12] Assimilating GN04 01:00 (381 rays) …
  [!] Error in group 2024-10-10_0100__LAT+030_LON-060: podTc2_data must be provided when distance_localization=True (needed to compute ray midpoints for the localization matrix).

[27/494]
────────────────────────────────────────────────────────────
  Group : 2024-10-10_0100__POLAR_S
  Window: 2024-10-10_0100  |  Region: POLAR_S  |  15 occultation(s)
────────────────────────────────────────────────────────────
C26 is rising
E30 is rising
Data Flipped: E6 is setting
Data Flipped: R17 is setting
Data Flipped: G31 is setting
Data Flipped: E9 is setting
Data Flipped: E11 is setting
Data Flipped: C23 is setting
Data Flipped: C30 is setting
Data Flipped: R12 is setting
Data Flipped: E10 is setting
Data Flipped: G4 is setting
Data Flipped: G26 is setting
Data Flipped: G9 is setting
Data Flipped: E12 is setting
  Parsed 15/15 files successfully.
  [polar] Bounding box: lat [-90.0, -40.4]  lon [-180.0, 180.0]  |  vertices: 291
  Final group: 15 occultation(s), 291 mesh vertices
  Saved trim diagnostic → ./Figures/GroupKF/group_2024-10-10_0100__POLAR_S_trim.png
  [1/15] Building H for GN05 01:00 (378 rays) …
  -> Building H Matrix (378 rays, parallel)...
  [2/15] Building H for GN05 01:00 (439 rays) …
  -> Building H Matrix (439 rays, parallel)...
  [3/15] Building H for GN05 01:01 (439 rays) …
  -> Building H Matrix (439 rays, parallel)...
  [4/15] Building H for GN05 01:03 (623 rays) …
  -> Building H Matrix (623 rays, parallel)...
  [5/15] Building H for GN05 01:04 (374 rays) …
  -> Building H Matrix (374 rays, parallel)...
  [6/15] Building H for GN05 01:05 (497 rays) …
  -> Building H Matrix (497 rays, parallel)...
  [7/15] Building H for GN05 01:06 (299 rays) …
  -> Building H Matrix (299 rays, parallel)...
  [8/15] Building H for GN05 01:06 (422 rays) …
  -> Building H Matrix (422 rays, parallel)...
  [9/15] Building H for GN05 01:08 (671 rays) …
  -> Building H Matrix (671 rays, parallel)...
  [10/15] Building H for GN05 01:08 (437 rays) …
  -> Building H Matrix (437 rays, parallel)...
  [11/15] Building H for GN05 01:09 (454 rays) …
  -> Building H Matrix (454 rays, parallel)...
  [12/15] Building H for GN05 01:10 (288 rays) …
  -> Building H Matrix (288 rays, parallel)...
  [13/15] Building H for GN05 01:10 (525 rays) …
  -> Building H Matrix (525 rays, parallel)...
  [14/15] Building H for GN05 01:13 (738 rays) …
  -> Building H Matrix (738 rays, parallel)...
  [15/15] Building H for GN05 01:13 (447 rays) …
  -> Building H Matrix (447 rays, parallel)...
  Combined H shape : (7031, 14841)  (total rays = 7031)
  Running sequential KF assimilation …
  [step 1/15] Assimilating GN05 01:00 (378 rays) …
  [!] Error in group 2024-10-10_0100__POLAR_S: podTc2_data must be provided when distance_localization=True (needed to compute ray midpoints for the localization matrix).

[28/494]
────────────────────────────────────────────────────────────
  Group : 2024-10-10_0100__LAT+030_LON-120
  Window: 2024-10-10_0100  |  Region: LAT+030_LON-120  |  8 occultation(s)
────────────────────────────────────────────────────────────
R17 is rising
R3 is rising
E9 is rising
G4 is rising
Data Flipped: E8 is setting
Data Flipped: G5 is setting
Data Flipped: C45 is setting
Data Flipped: E2 is setting
  Parsed 8/8 files successfully.
  Bounding box: lat [10.9, 84.3]  lon [-174.4, -51.7]  |  vertices: 226
  Final group: 8 occultation(s), 226 mesh vertices
  Saved trim diagnostic → ./Figures/GroupKF/group_2024-10-10_0100__LAT+030_LON-120_trim.png
  [1/8] Building H for GN04 01:00 (506 rays) …
  -> Building H Matrix (506 rays, parallel)...
  [2/8] Building H for GN04 01:02 (582 rays) …
  -> Building H Matrix (582 rays, parallel)...
  [3/8] Building H for GN04 01:03 (422 rays) …
  -> Building H Matrix (422 rays, parallel)...
  [4/8] Building H for GN04 01:04 (430 rays) …
  -> Building H Matrix (430 rays, parallel)...
  [5/8] Building H for GN04 01:16 (365 rays) …
  -> Building H Matrix (365 rays, parallel)...
  [6/8] Building H for GN04 01:18 (448 rays) …
  -> Building H Matrix (448 rays, parallel)...
  [7/8] Building H for GN04 01:20 (462 rays) …
  -> Building H Matrix (462 rays, parallel)...
  [8/8] Building H for GN04 01:25 (553 rays) …
  -> Building H Matrix (553 rays, parallel)...
  Combined H shape : (3768, 11526)  (total rays = 3768)
  Running sequential KF assimilation …
  [step 1/8] Assimilating GN04 01:00 (506 rays) …
  [!] Error in group 2024-10-10_0100__LAT+030_LON-120: podTc2_data must be provided when distance_localization=True (needed to compute ray midpoints for the localization matrix).

[29/494]
────────────────────────────────────────────────────────────
  Group : 2024-10-10_0100__LAT-060_LON+120
  Window: 2024-10-10_0100  |  Region: LAT-060_LON+120  |  1 occultation(s)
────────────────────────────────────────────────────────────
Data Flipped: C32 is setting
  Parsed 1/1 files successfully.
  Bounding box: lat [-63.7, -32.7]  lon [133.8, 145.7]  |  vertices: 9
  Final group: 1 occultation(s), 9 mesh vertices
  Saved trim diagnostic → ./Figures/GroupKF/group_2024-10-10_0100__LAT-060_LON+120_trim.png
  [1/1] Building H for GN05 01:00 (191 rays) …
  -> Building H Matrix (191 rays, parallel)...
  Combined H shape : (191, 459)  (total rays = 191)
  Running sequential KF assimilation …
  [step 1/1] Assimilating GN05 01:00 (191 rays) …
  [!] Error in group 2024-10-10_0100__LAT-060_LON+120: podTc2_data must be provided when distance_localization=True (needed to compute ray midpoints for the localization matrix).

[30/494]
────────────────────────────────────────────────────────────
  Group : 2024-10-10_0100__LAT-060_LON-060
  Window: 2024-10-10_0100  |  Region: LAT-060_LON-060  |  13 occultation(s)
────────────────────────────────────────────────────────────
E34 is rising
G6 is rising
C35 is rising
C40 is rising
G12 is rising
C24 is rising
E27 is rising
E29 is rising
Data Flipped: C37 is setting
Data Flipped: R24 is setting
Data Flipped: C27 is setting
Data Flipped: E5 is setting
Data Flipped: E31 is setting
  Parsed 13/13 files successfully.
  Bounding box: lat [-81.4, -10.6]  lon [-89.2, 19.2]  |  vertices: 200
  Final group: 13 occultation(s), 200 mesh vertices
  Saved trim diagnostic → ./Figures/GroupKF/group_2024-10-10_0100__LAT-060_LON-060_trim.png
  [1/13] Building H for GN05 01:01 (573 rays) …
  -> Building H Matrix (573 rays, parallel)...
  [2/13] Building H for GN05 01:02 (573 rays) …
  -> Building H Matrix (573 rays, parallel)...
  [3/13] Building H for GN05 01:03 (493 rays) …
  -> Building H Matrix (493 rays, parallel)...
  [4/13] Building H for GN05 01:03 (429 rays) …
  -> Building H Matrix (429 rays, parallel)...
  [5/13] Building H for GN05 01:05 (384 rays) …
  -> Building H Matrix (384 rays, parallel)...
  [6/13] Building H for GN05 01:05 (376 rays) …
  -> Building H Matrix (376 rays, parallel)...
  [7/13] Building H for GN05 01:06 (385 rays) …
  -> Building H Matrix (385 rays, parallel)...
  [8/13] Building H for GN05 01:08 (698 rays) …
  -> Building H Matrix (698 rays, parallel)...
  [9/13] Building H for GN05 01:16 (379 rays) …
  -> Building H Matrix (379 rays, parallel)...
  [10/13] Building H for GN05 01:18 (468 rays) …
  -> Building H Matrix (468 rays, parallel)...
  [11/13] Building H for GN05 01:19 (446 rays) …
  -> Building H Matrix (446 rays, parallel)...
  [12/13] Building H for GN05 01:20 (697 rays) …
  -> Building H Matrix (697 rays, parallel)...
  [13/13] Building H for GN05 01:21 (433 rays) …
  -> Building H Matrix (433 rays, parallel)...
  Combined H shape : (6334, 10200)  (total rays = 6334)
  Running sequential KF assimilation …
  [step 1/13] Assimilating GN05 01:01 (573 rays) …
  [!] Error in group 2024-10-10_0100__LAT-060_LON-060: podTc2_data must be provided when distance_localization=True (needed to compute ray midpoints for the localization matrix).

[31/494]
────────────────────────────────────────────────────────────
  Group : 2024-10-10_0100__POLAR_N
  Window: 2024-10-10_0100  |  Region: POLAR_N  |  16 occultation(s)
────────────────────────────────────────────────────────────
E10 is rising
C30 is rising
E12 is rising
G26 is rising
R24 is rising
C37 is rising
G9 is rising
C27 is rising
Data Flipped: G15 is setting
E31 is rising
E5 is rising
Data Flipped: R16 is setting
Data Flipped: E7 is setting
Data Flipped: E13 is setting
Data Flipped: R21 is setting
Data Flipped: C34 is setting
  Parsed 16/16 files successfully.
  [polar] Bounding box: lat [39.8, 90.0]  lon [-180.0, 180.0]  |  vertices: 297
  Final group: 16 occultation(s), 297 mesh vertices
  Saved trim diagnostic → ./Figures/GroupKF/group_2024-10-10_0100__POLAR_N_trim.png
  [1/16] Building H for GN04 01:04 (441 rays) …
  -> Building H Matrix (441 rays, parallel)...
  [2/16] Building H for GN04 01:06 (507 rays) …
  -> Building H Matrix (507 rays, parallel)...
  [3/16] Building H for GN04 01:09 (482 rays) …
  -> Building H Matrix (482 rays, parallel)...
  [4/16] Building H for GN04 01:10 (666 rays) …
  -> Building H Matrix (666 rays, parallel)...
  [5/16] Building H for GN04 01:12 (456 rays) …
  -> Building H Matrix (456 rays, parallel)...
  [6/16] Building H for GN04 01:13 (400 rays) …
  -> Building H Matrix (400 rays, parallel)...
  [7/16] Building H for GN04 01:14 (542 rays) …
  -> Building H Matrix (542 rays, parallel)...
  [8/16] Building H for GN04 01:14 (439 rays) …
  -> Building H Matrix (439 rays, parallel)...
  [9/16] Building H for GN04 01:19 (388 rays) …
  -> Building H Matrix (388 rays, parallel)...
  [10/16] Building H for GN04 01:19 (520 rays) …
  -> Building H Matrix (520 rays, parallel)...
  [11/16] Building H for GN04 01:19 (553 rays) …
  -> Building H Matrix (553 rays, parallel)...
  [12/16] Building H for GN04 01:22 (486 rays) …
  -> Building H Matrix (486 rays, parallel)...
  [13/16] Building H for GN04 01:22 (420 rays) …
  -> Building H Matrix (420 rays, parallel)...
  [14/16] Building H for GN04 01:23 (439 rays) …
  -> Building H Matrix (439 rays, parallel)...
  [15/16] Building H for GN04 01:26 (497 rays) …
  -> Building H Matrix (497 rays, parallel)...
  [16/16] Building H for GN04 01:28 (522 rays) …
  -> Building H Matrix (522 rays, parallel)...
  Combined H shape : (7758, 15147)  (total rays = 7758)
  Running sequential KF assimilation …
  [step 1/16] Assimilating GN04 01:04 (441 rays) …
  [!] Error in group 2024-10-10_0100__POLAR_N: podTc2_data must be provided when distance_localization=True (needed to compute ray midpoints for the localization matrix).

[32/494]
────────────────────────────────────────────────────────────
  Group : 2024-10-10_0100__LAT+000_LON-060
  Window: 2024-10-10_0100  |  Region: LAT+000_LON-060  |  21 occultation(s)
────────────────────────────────────────────────────────────
Data Flipped: G10 is setting
Data Flipped: G30 is setting
Data Flipped: R4 is setting
Data Flipped: E3 is setting
No valid descending tangent points found. Skipping.
    [skip] podTc2_GN04.2024.284.01.12.0020.E25.00_0000.0001_nc — parse returned None
Data Flipped: C36 is setting
Data Flipped: G23 is setting
R18 is rising
E36 is rising
R1 is rising
C29 is rising
R2 is rising
G3 is rising
C32 is rising
E4 is rising
G17 is rising
C41 is rising
C20 is rising
R3 is rising
E6 is rising
G31 is rising
  Parsed 20/21 files successfully.
  Bounding box: lat [-71.7, 63.3]  lon [42.2, -25.2]  |  vertices: 1235
  [trim] n_geo=1235 > MAX_MESH_VERTICES=300 — dropping GN05 01:10 (106.6° from centroid)
  Bounding box: lat [-26.4, 63.3]  lon [-68.9, -25.2]  |  vertices: 135
  Final group: 19 occultation(s), 135 mesh vertices
  Saved trim diagnostic → ./Figures/GroupKF/group_2024-10-10_0100__LAT+000_LON-060_trim.png
  [1/19] Building H for GN04 01:12 (105 rays) …
  -> Building H Matrix (105 rays, parallel)...
  [2/19] Building H for GN04 01:12 (144 rays) …
  -> Building H Matrix (144 rays, parallel)...
  [3/19] Building H for GN04 01:12 (161 rays) …
  -> Building H Matrix (161 rays, parallel)...
  [4/19] Building H for GN04 01:13 (106 rays) …
  -> Building H Matrix (106 rays, parallel)...
  [5/19] Building H for GN04 01:15 (287 rays) …
  -> Building H Matrix (287 rays, parallel)...
  [6/19] Building H for GN05 01:19 (195 rays) …
  -> Building H Matrix (195 rays, parallel)...
  [7/19] Building H for GN05 01:19 (194 rays) …
  -> Building H Matrix (194 rays, parallel)...
  [8/19] Building H for GN05 01:19 (278 rays) …
  -> Building H Matrix (278 rays, parallel)...
  [9/19] Building H for GN05 01:20 (220 rays) …
  -> Building H Matrix (220 rays, parallel)...
  [10/19] Building H for GN05 01:20 (170 rays) …
  -> Building H Matrix (170 rays, parallel)...
  [11/19] Building H for GN05 01:21 (110 rays) …
  -> Building H Matrix (110 rays, parallel)...
  [12/19] Building H for GN05 01:22 (152 rays) …
  -> Building H Matrix (152 rays, parallel)...
  [13/19] Building H for GN05 01:23 (147 rays) …
  -> Building H Matrix (147 rays, parallel)...
  [14/19] Building H for GN05 01:23 (629 rays) …
  -> Building H Matrix (629 rays, parallel)...
  [15/19] Building H for GN05 01:23 (154 rays) …
  -> Building H Matrix (154 rays, parallel)...
  [16/19] Building H for GN05 01:25 (156 rays) …
  -> Building H Matrix (156 rays, parallel)...
  [17/19] Building H for GN05 01:25 (199 rays) …
  -> Building H Matrix (199 rays, parallel)...
  [18/19] Building H for GN05 01:26 (288 rays) …
  -> Building H Matrix (288 rays, parallel)...
  [19/19] Building H for GN05 01:27 (113 rays) …
  -> Building H Matrix (113 rays, parallel)...
  Combined H shape : (3808, 6885)  (total rays = 3808)
  Running sequential KF assimilation …
  [step 1/19] Assimilating GN04 01:12 (105 rays) …
  [!] Error in group 2024-10-10_0100__LAT+000_LON-060: podTc2_data must be provided when distance_localization=True (needed to compute ray midpoints for the localization matrix).

[33/494]
────────────────────────────────────────────────────────────
  Group : 2024-10-10_0100__LAT+000_LON-120
  Window: 2024-10-10_0100  |  Region: LAT+000_LON-120  |  4 occultation(s)
────────────────────────────────────────────────────────────
Data Flipped: R15 is setting
Data Flipped: R5 is setting
Data Flipped: C22 is setting
Data Flipped: G14 is setting
  Parsed 4/4 files successfully.
  Bounding box: lat [9.8, 47.1]  lon [-96.7, -47.4]  |  vertices: 63
  Final group: 4 occultation(s), 63 mesh vertices
  Saved trim diagnostic → ./Figures/GroupKF/group_2024-10-10_0100__LAT+000_LON-120_trim.png
  [1/4] Building H for GN04 01:12 (274 rays) …
  -> Building H Matrix (274 rays, parallel)...
  [2/4] Building H for GN04 01:12 (239 rays) …
  -> Building H Matrix (239 rays, parallel)...
  [3/4] Building H for GN04 01:13 (484 rays) …
  -> Building H Matrix (484 rays, parallel)...
  [4/4] Building H for GN04 01:13 (475 rays) …
  -> Building H Matrix (475 rays, parallel)...
  Combined H shape : (1472, 3213)  (total rays = 1472)
  Running sequential KF assimilation …
  [step 1/4] Assimilating GN04 01:12 (274 rays) …
  [!] Error in group 2024-10-10_0100__LAT+000_LON-120: podTc2_data must be provided when distance_localization=True (needed to compute ray midpoints for the localization matrix).

[34/494]
────────────────────────────────────────────────────────────
  Group : 2024-10-10_0100__LAT+030_LON+120
  Window: 2024-10-10_0100  |  Region: LAT+030_LON+120  |  5 occultation(s)
────────────────────────────────────────────────────────────
G8 is rising
E24 is rising
G7 is rising
R14 is rising
G30 is rising
  Parsed 5/5 files successfully.
  Bounding box: lat [10.6, 78.2]  lon [111.5, -166.4]  |  vertices: 150
  Final group: 5 occultation(s), 150 mesh vertices
  Saved trim diagnostic → ./Figures/GroupKF/group_2024-10-10_0100__LAT+030_LON+120_trim.png
  [1/5] Building H for GN04 01:19 (426 rays) …
  -> Building H Matrix (426 rays, parallel)...
  [2/5] Building H for GN04 01:22 (382 rays) …
  -> Building H Matrix (382 rays, parallel)...
  [3/5] Building H for GN04 01:23 (370 rays) …
  -> Building H Matrix (370 rays, parallel)...
  [4/5] Building H for GN04 01:24 (364 rays) …
  -> Building H Matrix (364 rays, parallel)...
  [5/5] Building H for GN04 01:29 (344 rays) …
  -> Building H Matrix (344 rays, parallel)...
  Combined H shape : (1886, 7650)  (total rays = 1886)
  Running sequential KF assimilation …
  [step 1/5] Assimilating GN04 01:19 (426 rays) …
  [!] Error in group 2024-10-10_0100__LAT+030_LON+120: podTc2_data must be provided when distance_localization=True (needed to compute ray midpoints for the localization matrix).

[35/494]
────────────────────────────────────────────────────────────
  Group : 2024-10-10_0100__LAT+000_LON+060
  Window: 2024-10-10_0100  |  Region: LAT+000_LON+060  |  2 occultation(s)
────────────────────────────────────────────────────────────
C28 is rising
E33 is rising
  Parsed 2/2 files successfully.
  Bounding box: lat [-4.1, 46.4]  lon [86.1, 130.1]  |  vertices: 81
  Final group: 2 occultation(s), 81 mesh vertices
  Saved trim diagnostic → ./Figures/GroupKF/group_2024-10-10_0100__LAT+000_LON+060_trim.png
  [1/2] Building H for GN04 01:23 (565 rays) …
  -> Building H Matrix (565 rays, parallel)...
  [2/2] Building H for GN04 01:25 (548 rays) …
  -> Building H Matrix (548 rays, parallel)...
  Combined H shape : (1113, 4131)  (total rays = 1113)
  Running sequential KF assimilation …
  [step 1/2] Assimilating GN04 01:23 (565 rays) …
  [!] Error in group 2024-10-10_0100__LAT+000_LON+060: podTc2_data must be provided when distance_localization=True (needed to compute ray midpoints for the localization matrix).

[36/494]
────────────────────────────────────────────────────────────
  Group : 2024-10-10_0100__LAT+030_LON+060
  Window: 2024-10-10_0100  |  Region: LAT+030_LON+060  |  1 occultation(s)
────────────────────────────────────────────────────────────
G27 is rising
  Parsed 1/1 files successfully.
  Bounding box: lat [6.8, 48.4]  lon [83.4, 131.0]  |  vertices: 69
  Final group: 1 occultation(s), 69 mesh vertices
  Saved trim diagnostic → ./Figures/GroupKF/group_2024-10-10_0100__LAT+030_LON+060_trim.png
  [1/1] Building H for GN04 01:23 (549 rays) …
  -> Building H Matrix (549 rays, parallel)...
  Combined H shape : (549, 3519)  (total rays = 549)
  Running sequential KF assimilation …
  [step 1/1] Assimilating GN04 01:23 (549 rays) …
  [!] Error in group 2024-10-10_0100__LAT+030_LON+060: podTc2_data must be provided when distance_localization=True (needed to compute ray midpoints for the localization matrix).

[37/494]
────────────────────────────────────────────────────────────
  Group : 2024-10-10_0100__LAT+030_LON-180
  Window: 2024-10-10_0100  |  Region: LAT+030_LON-180  |  1 occultation(s)
────────────────────────────────────────────────────────────
R4 is rising
  Parsed 1/1 files successfully.
  Bounding box: lat [32.9, 66.2]  lon [129.5, -71.5]  |  vertices: 136
  Final group: 1 occultation(s), 136 mesh vertices
  Saved trim diagnostic → ./Figures/GroupKF/group_2024-10-10_0100__LAT+030_LON-180_trim.png
  [1/1] Building H for GN04 01:26 (925 rays) …
  -> Building H Matrix (925 rays, parallel)...
  Combined H shape : (925, 6936)  (total rays = 925)
  Running sequential KF assimilation …
  [step 1/1] Assimilating GN04 01:26 (925 rays) …
  [!] Error in group 2024-10-10_0100__LAT+030_LON-180: podTc2_data must be provided when distance_localization=True (needed to compute ray midpoints for the localization matrix).

[38/494]
────────────────────────────────────────────────────────────
  Group : 2024-10-10_0100__LAT+000_LON+120
  Window: 2024-10-10_0100  |  Region: LAT+000_LON+120  |  1 occultation(s)
────────────────────────────────────────────────────────────
E25 is rising
  Parsed 1/1 files successfully.
  Bounding box: lat [4.7, 41.8]  lon [118.8, 162.8]  |  vertices: 58
  Final group: 1 occultation(s), 58 mesh vertices
  Saved trim diagnostic → ./Figures/GroupKF/group_2024-10-10_0100__LAT+000_LON+120_trim.png
  [1/1] Building H for GN04 01:29 (449 rays) …
  -> Building H Matrix (449 rays, parallel)...
  Combined H shape : (449, 2958)  (total rays = 449)
  Running sequential KF assimilation …
  [step 1/1] Assimilating GN04 01:29 (449 rays) …
  [!] Error in group 2024-10-10_0100__LAT+000_LON+120: podTc2_data must be provided when distance_localization=True (needed to compute ray midpoints for the localization matrix).

[39/494]
────────────────────────────────────────────────────────────
  Group : 2024-10-10_0130__LAT-030_LON-060
  Window: 2024-10-10_0130  |  Region: LAT-030_LON-060  |  6 occultation(s)
────────────────────────────────────────────────────────────
Data Flipped: C28 is setting
Data Flipped: G27 is setting
Data Flipped: E33 is setting
Data Flipped: G7 is setting
Data Flipped: R14 is setting
No valid descending tangent points found. Skipping.
    [skip] podTc2_GN05.2024.284.01.36.0020.E24.00_0000.0001_nc — parse returned None
  Parsed 5/6 files successfully.
  Bounding box: lat [-35.5, 1.1]  lon [-51.9, -26.9]  |  vertices: 33
  Final group: 5 occultation(s), 33 mesh vertices
  Saved trim diagnostic → ./Figures/GroupKF/group_2024-10-10_0130__LAT-030_LON-060_trim.png
  [1/5] Building H for GN05 01:30 (243 rays) …
  -> Building H Matrix (243 rays, parallel)...
  [2/5] Building H for GN05 01:31 (236 rays) …
  -> Building H Matrix (236 rays, parallel)...
  [3/5] Building H for GN05 01:31 (259 rays) …
  -> Building H Matrix (259 rays, parallel)...
  [4/5] Building H for GN05 01:32 (113 rays) …
  -> Building H Matrix (113 rays, parallel)...
  [5/5] Building H for GN05 01:32 (137 rays) …
  -> Building H Matrix (137 rays, parallel)...
  Combined H shape : (988, 1683)  (total rays = 988)
  Running sequential KF assimilation …
  [step 1/5] Assimilating GN05 01:30 (243 rays) …
  [!] Error in group 2024-10-10_0130__LAT-030_LON-060: podTc2_data must be provided when distance_localization=True (needed to compute ray midpoints for the localization matrix).

[40/494]
────────────────────────────────────────────────────────────
  Group : 2024-10-10_0130__LAT+030_LON-120
  Window: 2024-10-10_0130  |  Region: LAT+030_LON-120  |  6 occultation(s)
────────────────────────────────────────────────────────────
E9 is rising
G4 is rising
G9 is rising
Data Flipped: E2 is setting
Data Flipped: C45 is setting
Data Flipped: R16 is setting
  Parsed 6/6 files successfully.
  Bounding box: lat [12.7, 84.0]  lon [-129.0, -48.7]  |  vertices: 143
  Final group: 6 occultation(s), 143 mesh vertices
  Saved trim diagnostic → ./Figures/GroupKF/group_2024-10-10_0130__LAT+030_LON-120_trim.png
  [1/6] Building H for GN05 01:30 (433 rays) …
  -> Building H Matrix (433 rays, parallel)...
  [2/6] Building H for GN05 01:30 (438 rays) …
  -> Building H Matrix (438 rays, parallel)...
  [3/6] Building H for GN05 01:39 (599 rays) …
  -> Building H Matrix (599 rays, parallel)...
  [4/6] Building H for GN05 01:47 (670 rays) …
  -> Building H Matrix (670 rays, parallel)...
  [5/6] Building H for GN05 01:48 (427 rays) …
  -> Building H Matrix (427 rays, parallel)...
  [6/6] Building H for GN05 01:49 (433 rays) …
  -> Building H Matrix (433 rays, parallel)...
  Combined H shape : (3000, 7293)  (total rays = 3000)
  Running sequential KF assimilation …
  [step 1/6] Assimilating GN05 01:30 (433 rays) …
  [!] Error in group 2024-10-10_0130__LAT+030_LON-120: podTc2_data must be provided when distance_localization=True (needed to compute ray midpoints for the localization matrix).

[41/494]
────────────────────────────────────────────────────────────
  Group : 2024-10-10_0130__LAT+000_LON+120
  Window: 2024-10-10_0130  |  Region: LAT+000_LON+120  |  12 occultation(s)
────────────────────────────────────────────────────────────
C36 is rising
E3 is rising
R15 is rising
R5 is rising
G14 is rising
Data Flipped: G12 is setting
Data Flipped: E27 is setting
Data Flipped: G25 is setting
Data Flipped: C35 is setting
No valid descending tangent points found. Skipping.
    [skip] podTc2_GN04.2024.284.01.48.0011.R08.00_0000.0001_nc — parse returned None
Data Flipped: E34 is setting
E25 is rising
  Parsed 11/12 files successfully.
  Bounding box: lat [-13.2, 52.5]  lon [109.7, 163.4]  |  vertices: 126
  Final group: 11 occultation(s), 126 mesh vertices
  Saved trim diagnostic → ./Figures/GroupKF/group_2024-10-10_0130__LAT+000_LON+120_trim.png
  [1/11] Building H for GN04 01:31 (396 rays) …
  -> Building H Matrix (396 rays, parallel)...
  [2/11] Building H for GN04 01:32 (437 rays) …
  -> Building H Matrix (437 rays, parallel)...
  [3/11] Building H for GN04 01:33 (382 rays) …
  -> Building H Matrix (382 rays, parallel)...
  [4/11] Building H for GN04 01:34 (610 rays) …
  -> Building H Matrix (610 rays, parallel)...
  [5/11] Building H for GN04 01:36 (554 rays) …
  -> Building H Matrix (554 rays, parallel)...
  [6/11] Building H for GN04 01:43 (382 rays) …
  -> Building H Matrix (382 rays, parallel)...
  [7/11] Building H for GN04 01:44 (370 rays) …
  -> Building H Matrix (370 rays, parallel)...
  [8/11] Building H for GN04 01:46 (368 rays) …
  -> Building H Matrix (368 rays, parallel)...
  [9/11] Building H for GN04 01:47 (565 rays) …
  -> Building H Matrix (565 rays, parallel)...
  [10/11] Building H for GN04 01:49 (603 rays) …
  -> Building H Matrix (603 rays, parallel)...
  [11/11] Building H for GN05 01:58 (379 rays) …
  -> Building H Matrix (379 rays, parallel)...
  Combined H shape : (5046, 6426)  (total rays = 5046)
  Running sequential KF assimilation …
  [step 1/11] Assimilating GN04 01:31 (396 rays) …
  [!] Error in group 2024-10-10_0130__LAT+000_LON+120: podTc2_data must be provided when distance_localization=True (needed to compute ray midpoints for the localization matrix).

[42/494]
────────────────────────────────────────────────────────────
  Group : 2024-10-10_0130__LAT+030_LON-060
  Window: 2024-10-10_0130  |  Region: LAT+030_LON-060  |  12 occultation(s)
────────────────────────────────────────────────────────────
R12 is rising
G26 is rising
Data Flipped: E8 is setting
Data Flipped: E26 is setting
Data Flipped: C42 is setting
Data Flipped: R22 is setting
Data Flipped: R7 is setting
Data Flipped: C21 is setting
Data Flipped: C43 is setting
Data Flipped: C38 is setting
Data Flipped: G15 is setting
Data Flipped: G18 is setting
  Parsed 12/12 files successfully.
  Bounding box: lat [17.9, 79.7]  lon [-81.9, 8.7]  |  vertices: 141
  Final group: 12 occultation(s), 141 mesh vertices
  Saved trim diagnostic → ./Figures/GroupKF/group_2024-10-10_0130__LAT+030_LON-060_trim.png
  [1/12] Building H for GN05 01:31 (416 rays) …
  -> Building H Matrix (416 rays, parallel)...
  [2/12] Building H for GN05 01:35 (571 rays) …
  -> Building H Matrix (571 rays, parallel)...
  [3/12] Building H for GN05 01:44 (380 rays) …
  -> Building H Matrix (380 rays, parallel)...
  [4/12] Building H for GN05 01:44 (485 rays) …
  -> Building H Matrix (485 rays, parallel)...
  [5/12] Building H for GN05 01:44 (480 rays) …
  -> Building H Matrix (480 rays, parallel)...
  [6/12] Building H for GN05 01:44 (603 rays) …
  -> Building H Matrix (603 rays, parallel)...
  [7/12] Building H for GN05 01:44 (482 rays) …
  -> Building H Matrix (482 rays, parallel)...
  [8/12] Building H for GN05 01:45 (406 rays) …
  -> Building H Matrix (406 rays, parallel)...
  [9/12] Building H for GN05 01:45 (860 rays) …
  -> Building H Matrix (860 rays, parallel)...
  [10/12] Building H for GN05 01:46 (409 rays) …
  -> Building H Matrix (409 rays, parallel)...
  [11/12] Building H for GN05 01:47 (390 rays) …
  -> Building H Matrix (390 rays, parallel)...
  [12/12] Building H for GN05 01:47 (569 rays) …
  -> Building H Matrix (569 rays, parallel)...
  Combined H shape : (6051, 7191)  (total rays = 6051)
  Running sequential KF assimilation …
  [step 1/12] Assimilating GN05 01:31 (416 rays) …
  [!] Error in group 2024-10-10_0130__LAT+030_LON-060: podTc2_data must be provided when distance_localization=True (needed to compute ray midpoints for the localization matrix).

[43/494]
────────────────────────────────────────────────────────────
  Group : 2024-10-10_0130__POLAR_N
  Window: 2024-10-10_0130  |  Region: POLAR_N  |  19 occultation(s)
────────────────────────────────────────────────────────────
E11 is rising
Data Flipped: G24 is setting
Data Flipped: E29 is setting
C39 is rising
R17 is rising
E10 is rising
C26 is rising
C30 is rising
C37 is rising
E12 is rising
E31 is rising
E5 is rising
Data Flipped: E7 is setting
G7 is rising
Data Flipped: G5 is setting
R14 is rising
Data Flipped: E13 is setting
Data Flipped: C39 is setting
Data Flipped: G24 is setting
  Parsed 19/19 files successfully.
  [polar] Bounding box: lat [39.7, 90.0]  lon [-180.0, 180.0]  |  vertices: 298
  Final group: 19 occultation(s), 298 mesh vertices
  Saved trim diagnostic → ./Figures/GroupKF/group_2024-10-10_0130__POLAR_N_trim.png
  [1/19] Building H for GN05 01:31 (408 rays) …
  -> Building H Matrix (408 rays, parallel)...
  [2/19] Building H for GN04 01:32 (348 rays) …
  -> Building H Matrix (348 rays, parallel)...
  [3/19] Building H for GN04 01:35 (537 rays) …
  -> Building H Matrix (537 rays, parallel)...
  [4/19] Building H for GN04 01:35 (67 rays) …
  -> Building H Matrix (67 rays, parallel)...
  [5/19] Building H for GN05 01:35 (470 rays) …
  -> Building H Matrix (470 rays, parallel)...
  [6/19] Building H for GN05 01:37 (447 rays) …
  -> Building H Matrix (447 rays, parallel)...
  [7/19] Building H for GN04 01:39 (57 rays) …
  -> Building H Matrix (57 rays, parallel)...
  [8/19] Building H for GN05 01:40 (501 rays) …
  -> Building H Matrix (501 rays, parallel)...
  [9/19] Building H for GN05 01:40 (392 rays) …
  -> Building H Matrix (392 rays, parallel)...
  [10/19] Building H for GN05 01:42 (485 rays) …
  -> Building H Matrix (485 rays, parallel)...
  [11/19] Building H for GN05 01:46 (516 rays) …
  -> Building H Matrix (516 rays, parallel)...
  [12/19] Building H for GN05 01:47 (658 rays) …
  -> Building H Matrix (658 rays, parallel)...
  [13/19] Building H for GN05 01:49 (434 rays) …
  -> Building H Matrix (434 rays, parallel)...
  [14/19] Building H for GN05 01:50 (383 rays) …
  -> Building H Matrix (383 rays, parallel)...
  [15/19] Building H for GN05 01:51 (499 rays) …
  -> Building H Matrix (499 rays, parallel)...
  [16/19] Building H for GN05 01:51 (370 rays) …
  -> Building H Matrix (370 rays, parallel)...
  [17/19] Building H for GN05 01:56 (449 rays) …
  -> Building H Matrix (449 rays, parallel)...
  [18/19] Building H for GN05 01:58 (385 rays) …
  -> Building H Matrix (385 rays, parallel)...
  [19/19] Building H for GN05 01:59 (358 rays) …
  -> Building H Matrix (358 rays, parallel)...
  Combined H shape : (7764, 15198)  (total rays = 7764)
  Running sequential KF assimilation …
  [step 1/19] Assimilating GN05 01:31 (408 rays) …
  [!] Error in group 2024-10-10_0130__POLAR_N: podTc2_data must be provided when distance_localization=True (needed to compute ray midpoints for the localization matrix).

[44/494]
────────────────────────────────────────────────────────────
  Group : 2024-10-10_0130__LAT+030_LON+120
  Window: 2024-10-10_0130  |  Region: LAT+030_LON+120  |  14 occultation(s)
────────────────────────────────────────────────────────────
Data Flipped: E15 is setting
Data Flipped: R9 is setting
Data Flipped: G11 is setting
Data Flipped: R20 is setting
Data Flipped: E30 is setting
Data Flipped: C40 is setting
R24 is rising
No valid descending tangent points found. Skipping.
    [skip] podTc2_GN04.2024.284.01.47.0025.C44.00_0000.0001_nc — parse returned None
C27 is rising
Data Flipped: C24 is setting
G8 is rising
E24 is rising
G30 is rising
C36 is rising
  Parsed 13/14 files successfully.
  Bounding box: lat [8.2, 84.2]  lon [96.9, -161.8]  |  vertices: 198
  Final group: 13 occultation(s), 198 mesh vertices
  Saved trim diagnostic → ./Figures/GroupKF/group_2024-10-10_0130__LAT+030_LON+120_trim.png
  [1/13] Building H for GN04 01:34 (480 rays) …
  -> Building H Matrix (480 rays, parallel)...
  [2/13] Building H for GN04 01:36 (417 rays) …
  -> Building H Matrix (417 rays, parallel)...
  [3/13] Building H for GN04 01:37 (545 rays) …
  -> Building H Matrix (545 rays, parallel)...
  [4/13] Building H for GN04 01:38 (454 rays) …
  -> Building H Matrix (454 rays, parallel)...
  [5/13] Building H for GN04 01:39 (449 rays) …
  -> Building H Matrix (449 rays, parallel)...
  [6/13] Building H for GN04 01:41 (378 rays) …
  -> Building H Matrix (378 rays, parallel)...
  [7/13] Building H for GN05 01:46 (463 rays) …
  -> Building H Matrix (463 rays, parallel)...
  [8/13] Building H for GN05 01:47 (447 rays) …
  -> Building H Matrix (447 rays, parallel)...
  [9/13] Building H for GN04 01:47 (72 rays) …
  -> Building H Matrix (72 rays, parallel)...
  [10/13] Building H for GN05 01:51 (447 rays) …
  -> Building H Matrix (447 rays, parallel)...
  [11/13] Building H for GN05 01:51 (389 rays) …
  -> Building H Matrix (389 rays, parallel)...
  [12/13] Building H for GN05 01:57 (397 rays) …
  -> Building H Matrix (397 rays, parallel)...
  [13/13] Building H for GN05 01:59 (366 rays) …
  -> Building H Matrix (366 rays, parallel)...
  Combined H shape : (5304, 10098)  (total rays = 5304)
  Running sequential KF assimilation …
  [step 1/13] Assimilating GN04 01:34 (480 rays) …
  [!] Error in group 2024-10-10_0130__LAT+030_LON+120: podTc2_data must be provided when distance_localization=True (needed to compute ray midpoints for the localization matrix).

[45/494]
────────────────────────────────────────────────────────────
  Group : 2024-10-10_0130__LAT+030_LON+060
  Window: 2024-10-10_0130  |  Region: LAT+030_LON+060  |  2 occultation(s)
────────────────────────────────────────────────────────────
Data Flipped: G29 is setting
G10 is rising
  Parsed 2/2 files successfully.
  Bounding box: lat [36.6, 79.3]  lon [94.7, 175.7]  |  vertices: 71
  Final group: 2 occultation(s), 71 mesh vertices
  Saved trim diagnostic → ./Figures/GroupKF/group_2024-10-10_0130__LAT+030_LON+060_trim.png
  [1/2] Building H for GN04 01:35 (536 rays) …
  -> Building H Matrix (536 rays, parallel)...
  [2/2] Building H for GN04 01:37 (495 rays) …
  -> Building H Matrix (495 rays, parallel)...
  Combined H shape : (1031, 3621)  (total rays = 1031)
  Running sequential KF assimilation …
  [step 1/2] Assimilating GN04 01:35 (536 rays) …
  [!] Error in group 2024-10-10_0130__LAT+030_LON+060: podTc2_data must be provided when distance_localization=True (needed to compute ray midpoints for the localization matrix).

[46/494]
────────────────────────────────────────────────────────────
  Group : 2024-10-10_0130__LAT-030_LON+060
  Window: 2024-10-10_0130  |  Region: LAT-030_LON+060  |  8 occultation(s)
────────────────────────────────────────────────────────────
G23 is rising
G15 is rising
C42 is rising
R7 is rising
Data Flipped: R11 is setting
Data Flipped: G28 is setting
Data Flipped: C41 is setting
Data Flipped: R1 is setting
  Parsed 8/8 files successfully.
  Bounding box: lat [-54.0, 17.2]  lon [73.4, 124.8]  |  vertices: 130
  Final group: 8 occultation(s), 130 mesh vertices
  Saved trim diagnostic → ./Figures/GroupKF/group_2024-10-10_0130__LAT-030_LON+060_trim.png
  [1/8] Building H for GN04 01:39 (541 rays) …
  -> Building H Matrix (541 rays, parallel)...
  [2/8] Building H for GN04 01:42 (371 rays) …
  -> Building H Matrix (371 rays, parallel)...
  [3/8] Building H for GN04 01:42 (418 rays) …
  -> Building H Matrix (418 rays, parallel)...
  [4/8] Building H for GN04 01:43 (384 rays) …
  -> Building H Matrix (384 rays, parallel)...
  [5/8] Building H for GN04 01:53 (307 rays) …
  -> Building H Matrix (307 rays, parallel)...
  [6/8] Building H for GN04 01:53 (384 rays) …
  -> Building H Matrix (384 rays, parallel)...
  [7/8] Building H for GN04 01:56 (902 rays) …
  -> Building H Matrix (902 rays, parallel)...
  [8/8] Building H for GN04 01:56 (502 rays) …
  -> Building H Matrix (502 rays, parallel)...
  Combined H shape : (3809, 6630)  (total rays = 3809)
  Running sequential KF assimilation …
  [step 1/8] Assimilating GN04 01:39 (541 rays) …
  [!] Error in group 2024-10-10_0130__LAT-030_LON+060: podTc2_data must be provided when distance_localization=True (needed to compute ray midpoints for the localization matrix).

[47/494]
────────────────────────────────────────────────────────────
  Group : 2024-10-10_0130__LAT+000_LON-060
  Window: 2024-10-10_0130  |  Region: LAT+000_LON-060  |  9 occultation(s)
────────────────────────────────────────────────────────────
Data Flipped: E25 is setting
Data Flipped: G30 is setting
Data Flipped: C36 is setting
Data Flipped: E3 is setting
Data Flipped: R15 is setting
Data Flipped: G23 is setting
R4 is rising
G17 is rising
C29 is rising
  Parsed 9/9 files successfully.
    [skip] GN05 01:41 — only 25 valid rays
  Bounding box: lat [-2.1, 83.7]  lon [169.8, -26.3]  |  vertices: 387
  [trim] n_geo=387 > MAX_MESH_VERTICES=300 — dropping GN05 01:43 (69.4° from centroid)
  Bounding box: lat [-2.1, 82.6]  lon [169.8, -26.3]  |  vertices: 386
  [trim] n_geo=386 > MAX_MESH_VERTICES=300 — dropping GN05 01:45 (45.9° from centroid)
  Bounding box: lat [-2.1, 64.9]  lon [-96.2, -26.3]  |  vertices: 152
  Final group: 6 occultation(s), 152 mesh vertices
  Saved trim diagnostic → ./Figures/GroupKF/group_2024-10-10_0130__LAT+000_LON-060_trim.png
  [1/6] Building H for GN05 01:39 (122 rays) …
  -> Building H Matrix (122 rays, parallel)...
  [2/6] Building H for GN05 01:41 (70 rays) …
  -> Building H Matrix (70 rays, parallel)...
  [3/6] Building H for GN05 01:42 (161 rays) …
  -> Building H Matrix (161 rays, parallel)...
  [4/6] Building H for GN05 01:42 (105 rays) …
  -> Building H Matrix (105 rays, parallel)...
  [5/6] Building H for GN05 01:43 (322 rays) …
  -> Building H Matrix (322 rays, parallel)...
  [6/6] Building H for GN05 01:45 (603 rays) …
  -> Building H Matrix (603 rays, parallel)...
  Combined H shape : (1383, 7752)  (total rays = 1383)
  Running sequential KF assimilation …
  [step 1/6] Assimilating GN05 01:39 (122 rays) …
  [!] Error in group 2024-10-10_0130__LAT+000_LON-060: podTc2_data must be provided when distance_localization=True (needed to compute ray midpoints for the localization matrix).

[48/494]
────────────────────────────────────────────────────────────
  Group : 2024-10-10_0130__LAT-030_LON+120
  Window: 2024-10-10_0130  |  Region: LAT-030_LON+120  |  8 occultation(s)
────────────────────────────────────────────────────────────
E8 is rising
C22 is rising
C21 is rising
C45 is rising
R16 is rising
E2 is rising
Data Flipped: G6 is setting
Data Flipped: R19 is setting
  Parsed 8/8 files successfully.
  Bounding box: lat [-45.7, 21.4]  lon [106.1, 161.5]  |  vertices: 137
  Final group: 8 occultation(s), 137 mesh vertices
  Saved trim diagnostic → ./Figures/GroupKF/group_2024-10-10_0130__LAT-030_LON+120_trim.png
  [1/8] Building H for GN04 01:39 (338 rays) …
  -> Building H Matrix (338 rays, parallel)...
  [2/8] Building H for GN04 01:40 (767 rays) …
  -> Building H Matrix (767 rays, parallel)...
  [3/8] Building H for GN04 01:40 (361 rays) …
  -> Building H Matrix (361 rays, parallel)...
  [4/8] Building H for GN04 01:44 (408 rays) …
  -> Building H Matrix (408 rays, parallel)...
  [5/8] Building H for GN04 01:46 (460 rays) …
  -> Building H Matrix (460 rays, parallel)...
  [6/8] Building H for GN04 01:48 (814 rays) …
  -> Building H Matrix (814 rays, parallel)...
  [7/8] Building H for GN04 01:52 (630 rays) …
  -> Building H Matrix (630 rays, parallel)...
  [8/8] Building H for GN04 01:56 (459 rays) …
  -> Building H Matrix (459 rays, parallel)...
  Combined H shape : (4237, 6987)  (total rays = 4237)
  Running sequential KF assimilation …
  [step 1/8] Assimilating GN04 01:39 (338 rays) …
  [!] Error in group 2024-10-10_0130__LAT-030_LON+120: podTc2_data must be provided when distance_localization=True (needed to compute ray midpoints for the localization matrix).

[49/494]
────────────────────────────────────────────────────────────
  Group : 2024-10-10_0130__LAT-060_LON+060
  Window: 2024-10-10_0130  |  Region: LAT-060_LON+060  |  9 occultation(s)
────────────────────────────────────────────────────────────
E26 is rising
R22 is rising
C38 is rising
G18 is rising
C43 is rising
E7 is rising
C33 is rising
R8 is rising
Data Flipped: R2 is setting
  Parsed 9/9 files successfully.
  Bounding box: lat [-83.0, -7.5]  lon [56.7, 123.2]  |  vertices: 131
  Final group: 9 occultation(s), 131 mesh vertices
  Saved trim diagnostic → ./Figures/GroupKF/group_2024-10-10_0130__LAT-060_LON+060_trim.png
  [1/9] Building H for GN04 01:41 (486 rays) …
  -> Building H Matrix (486 rays, parallel)...
  [2/9] Building H for GN04 01:42 (546 rays) …
  -> Building H Matrix (546 rays, parallel)...
  [3/9] Building H for GN04 01:42 (403 rays) …
  -> Building H Matrix (403 rays, parallel)...
  [4/9] Building H for GN04 01:44 (476 rays) …
  -> Building H Matrix (476 rays, parallel)...
  [5/9] Building H for GN04 01:47 (650 rays) …
  -> Building H Matrix (650 rays, parallel)...
  [6/9] Building H for GN04 01:47 (380 rays) …
  -> Building H Matrix (380 rays, parallel)...
  [7/9] Building H for GN04 01:57 (1040 rays) …
  -> Building H Matrix (1040 rays, parallel)...
  [8/9] Building H for GN04 01:58 (798 rays) …
  -> Building H Matrix (798 rays, parallel)...
  [9/9] Building H for GN04 01:59 (390 rays) …
  -> Building H Matrix (390 rays, parallel)...
  Combined H shape : (5169, 6681)  (total rays = 5169)
  Running sequential KF assimilation …
  [step 1/9] Assimilating GN04 01:41 (486 rays) …
  [!] Error in group 2024-10-10_0130__LAT-060_LON+060: podTc2_data must be provided when distance_localization=True (needed to compute ray midpoints for the localization matrix).

[50/494]
────────────────────────────────────────────────────────────
  Group : 2024-10-10_0130__LAT+000_LON-120
  Window: 2024-10-10_0130  |  Region: LAT+000_LON-120  |  4 occultation(s)
────────────────────────────────────────────────────────────
Data Flipped: G14 is setting
Data Flipped: R5 is setting
Data Flipped: C22 is setting
C19 is rising
  Parsed 4/4 files successfully.
  Bounding box: lat [11.7, 70.8]  lon [-115.7, -44.4]  |  vertices: 121
  Final group: 4 occultation(s), 121 mesh vertices
  Saved trim diagnostic → ./Figures/GroupKF/group_2024-10-10_0130__LAT+000_LON-120_trim.png
  [1/4] Building H for GN05 01:42 (340 rays) …
  -> Building H Matrix (340 rays, parallel)...
  [2/4] Building H for GN05 01:42 (390 rays) …
  -> Building H Matrix (390 rays, parallel)...
  [3/4] Building H for GN05 01:43 (657 rays) …
  -> Building H Matrix (657 rays, parallel)...
  [4/4] Building H for GN05 01:45 (758 rays) …
  -> Building H Matrix (758 rays, parallel)...
  Combined H shape : (2145, 6171)  (total rays = 2145)
  Running sequential KF assimilation …
  [step 1/4] Assimilating GN05 01:42 (340 rays) …
  [!] Error in group 2024-10-10_0130__LAT+000_LON-120: podTc2_data must be provided when distance_localization=True (needed to compute ray midpoints for the localization matrix).

[51/494]
────────────────────────────────────────────────────────────
  Group : 2024-10-10_0130__LAT-060_LON+120
  Window: 2024-10-10_0130  |  Region: LAT-060_LON+120  |  1 occultation(s)
────────────────────────────────────────────────────────────
G5 is rising
  Parsed 1/1 files successfully.
  Bounding box: lat [-72.6, -31.6]  lon [84.5, 151.8]  |  vertices: 67
  Final group: 1 occultation(s), 67 mesh vertices
  Saved trim diagnostic → ./Figures/GroupKF/group_2024-10-10_0130__LAT-060_LON+120_trim.png
  [1/1] Building H for GN04 01:46 (603 rays) …
  -> Building H Matrix (603 rays, parallel)...
  Combined H shape : (603, 3417)  (total rays = 603)
  Running sequential KF assimilation …
  [step 1/1] Assimilating GN04 01:46 (603 rays) …
  [!] Error in group 2024-10-10_0130__LAT-060_LON+120: podTc2_data must be provided when distance_localization=True (needed to compute ray midpoints for the localization matrix).

[52/494]
────────────────────────────────────────────────────────────
  Group : 2024-10-10_0130__LAT+000_LON+060
  Window: 2024-10-10_0130  |  Region: LAT+000_LON+060  |  8 occultation(s)
────────────────────────────────────────────────────────────
Data Flipped: G32 is setting
Data Flipped: E21 is setting
Data Flipped: C25 is setting
Data Flipped: E19 is setting
Data not high enough. Skipping.
    [skip] podTc2_GN04.2024.284.01.51.0009.G10.01_0000.0001_nc — parse returned None
G27 is rising
C28 is rising
E33 is rising
  Parsed 7/8 files successfully.
  Bounding box: lat [-19.2, 45.9]  lon [82.3, 134.5]  |  vertices: 125
  Final group: 7 occultation(s), 125 mesh vertices
  Saved trim diagnostic → ./Figures/GroupKF/group_2024-10-10_0130__LAT+000_LON+060_trim.png
  [1/7] Building H for GN04 01:46 (524 rays) …
  -> Building H Matrix (524 rays, parallel)...
  [2/7] Building H for GN04 01:50 (360 rays) …
  -> Building H Matrix (360 rays, parallel)...
  [3/7] Building H for GN04 01:50 (388 rays) …
  -> Building H Matrix (388 rays, parallel)...
  [4/7] Building H for GN04 01:51 (366 rays) …
  -> Building H Matrix (366 rays, parallel)...
  [5/7] Building H for GN05 01:55 (650 rays) …
  -> Building H Matrix (650 rays, parallel)...
  [6/7] Building H for GN05 01:55 (571 rays) …
  -> Building H Matrix (571 rays, parallel)...
  [7/7] Building H for GN05 01:58 (624 rays) …
  -> Building H Matrix (624 rays, parallel)...
  Combined H shape : (3483, 6375)  (total rays = 3483)
  Running sequential KF assimilation …
  [step 1/7] Assimilating GN04 01:46 (524 rays) …
  [!] Error in group 2024-10-10_0130__LAT+000_LON+060: podTc2_data must be provided when distance_localization=True (needed to compute ray midpoints for the localization matrix).

[53/494]
────────────────────────────────────────────────────────────
  Group : 2024-10-10_0130__POLAR_S
  Window: 2024-10-10_0130  |  Region: POLAR_S  |  8 occultation(s)
────────────────────────────────────────────────────────────
E13 is rising
G24 is rising
C39 is rising
R21 is rising
C26 is rising
C34 is rising
R9 is rising
E29 is rising
  Parsed 8/8 files successfully.
  [polar] Bounding box: lat [-90.0, -40.1]  lon [-180.0, 180.0]  |  vertices: 293
  Final group: 8 occultation(s), 293 mesh vertices
  Saved trim diagnostic → ./Figures/GroupKF/group_2024-10-10_0130__POLAR_S_trim.png
  [1/8] Building H for GN04 01:51 (438 rays) …
  -> Building H Matrix (438 rays, parallel)...
  [2/8] Building H for GN04 01:54 (358 rays) …
  -> Building H Matrix (358 rays, parallel)...
  [3/8] Building H for GN04 01:55 (370 rays) …
  -> Building H Matrix (370 rays, parallel)...
  [4/8] Building H for GN04 01:55 (297 rays) …
  -> Building H Matrix (297 rays, parallel)...
  [5/8] Building H for GN04 01:56 (427 rays) …
  -> Building H Matrix (427 rays, parallel)...
  [6/8] Building H for GN04 01:58 (220 rays) …
  -> Building H Matrix (220 rays, parallel)...
  [7/8] Building H for GN04 01:59 (457 rays) …
  -> Building H Matrix (457 rays, parallel)...
  [8/8] Building H for GN04 01:59 (500 rays) …
  -> Building H Matrix (500 rays, parallel)...
  Combined H shape : (3067, 14943)  (total rays = 3067)
  Running sequential KF assimilation …
  [step 1/8] Assimilating GN04 01:51 (438 rays) …
  [!] Error in group 2024-10-10_0130__POLAR_S: podTc2_data must be provided when distance_localization=True (needed to compute ray midpoints for the localization matrix).

[54/494]
────────────────────────────────────────────────────────────
  Group : 2024-10-10_0200__POLAR_N
  Window: 2024-10-10_0200  |  Region: POLAR_N  |  5 occultation(s)
────────────────────────────────────────────────────────────
Data Flipped: C26 is setting
Data Flipped: E29 is setting
Data Flipped: R21 is setting
Data Flipped: R9 is setting
Data Flipped: C34 is setting
  Parsed 5/5 files successfully.
  [polar] Bounding box: lat [39.9, 90.0]  lon [-180.0, 180.0]  |  vertices: 296
  Final group: 5 occultation(s), 296 mesh vertices
  Saved trim diagnostic → ./Figures/GroupKF/group_2024-10-10_0200__POLAR_N_trim.png
  [1/5] Building H for GN05 02:00 (383 rays) …
  -> Building H Matrix (383 rays, parallel)...
  [2/5] Building H for GN05 02:00 (621 rays) …
  -> Building H Matrix (621 rays, parallel)...
  [3/5] Building H for GN05 02:01 (501 rays) …
  -> Building H Matrix (501 rays, parallel)...
  [4/5] Building H for GN05 02:02 (405 rays) …
  -> Building H Matrix (405 rays, parallel)...
  [5/5] Building H for GN05 02:02 (514 rays) …
  -> Building H Matrix (514 rays, parallel)...
  Combined H shape : (2424, 15096)  (total rays = 2424)
  Running sequential KF assimilation …
  [step 1/5] Assimilating GN05 02:00 (383 rays) …
  [!] Error in group 2024-10-10_0200__POLAR_N: podTc2_data must be provided when distance_localization=True (needed to compute ray midpoints for the localization matrix).

[55/494]
────────────────────────────────────────────────────────────
  Group : 2024-10-10_0200__LAT+030_LON+120
  Window: 2024-10-10_0200  |  Region: LAT+030_LON+120  |  8 occultation(s)
────────────────────────────────────────────────────────────
No valid descending tangent points found. Skipping.
    [skip] podTc2_GN05.2024.284.02.00.0013.G10.01_0000.0001_nc — parse returned None
Data Flipped: E30 is setting
Data Flipped: E15 is setting
Data Flipped: C24 is setting
Data Flipped: G12 is setting
Data Flipped: G11 is setting
Data Flipped: G29 is setting
Data Flipped: C44 is setting
  Parsed 7/8 files successfully.
  Bounding box: lat [7.8, 82.8]  lon [114.8, 179.1]  |  vertices: 126
  Final group: 7 occultation(s), 126 mesh vertices
  Saved trim diagnostic → ./Figures/GroupKF/group_2024-10-10_0200__LAT+030_LON+120_trim.png
  [1/7] Building H for GN05 02:04 (512 rays) …
  -> Building H Matrix (512 rays, parallel)...
  [2/7] Building H for GN05 02:07 (486 rays) …
  -> Building H Matrix (486 rays, parallel)...
  [3/7] Building H for GN05 02:09 (361 rays) …
  -> Building H Matrix (361 rays, parallel)...
  [4/7] Building H for GN05 02:11 (394 rays) …
  -> Building H Matrix (394 rays, parallel)...
  [5/7] Building H for GN05 02:11 (547 rays) …
  -> Building H Matrix (547 rays, parallel)...
  [6/7] Building H for GN05 02:14 (221 rays) …
  -> Building H Matrix (221 rays, parallel)...
  [7/7] Building H for GN05 02:15 (189 rays) …
  -> Building H Matrix (189 rays, parallel)...
  Combined H shape : (2710, 6426)  (total rays = 2710)
  Running sequential KF assimilation …
  [step 1/7] Assimilating GN05 02:04 (512 rays) …
  [!] Error in group 2024-10-10_0200__LAT+030_LON+120: podTc2_data must be provided when distance_localization=True (needed to compute ray midpoints for the localization matrix).

[56/494]
────────────────────────────────────────────────────────────
  Group : 2024-10-10_0200__LAT+000_LON+120
  Window: 2024-10-10_0200  |  Region: LAT+000_LON+120  |  8 occultation(s)
────────────────────────────────────────────────────────────
R15 is rising
E3 is rising
G14 is rising
Data Flipped: R20 is setting
Data Flipped: E27 is setting
Data Flipped: C40 is setting
Data Flipped: C35 is setting
Data Flipped: R11 is setting
  Parsed 8/8 files successfully.
  Bounding box: lat [-20.0, 52.0]  lon [112.0, 168.5]  |  vertices: 146
  Final group: 8 occultation(s), 146 mesh vertices
  Saved trim diagnostic → ./Figures/GroupKF/group_2024-10-10_0200__LAT+000_LON+120_trim.png
  [1/8] Building H for GN05 02:00 (374 rays) …
  -> Building H Matrix (374 rays, parallel)...
  [2/8] Building H for GN05 02:03 (596 rays) …
  -> Building H Matrix (596 rays, parallel)...
  [3/8] Building H for GN05 02:03 (473 rays) …
  -> Building H Matrix (473 rays, parallel)...
  [4/8] Building H for GN05 02:13 (398 rays) …
  -> Building H Matrix (398 rays, parallel)...
  [5/8] Building H for GN05 02:14 (325 rays) …
  -> Building H Matrix (325 rays, parallel)...
  [6/8] Building H for GN05 02:15 (257 rays) …
  -> Building H Matrix (257 rays, parallel)...
  [7/8] Building H for GN05 02:19 (635 rays) …
  -> Building H Matrix (635 rays, parallel)...
  [8/8] Building H for GN05 02:20 (323 rays) …
  -> Building H Matrix (323 rays, parallel)...
  Combined H shape : (3381, 7446)  (total rays = 3381)
  Running sequential KF assimilation …
  [step 1/8] Assimilating GN05 02:00 (374 rays) …
  [!] Error in group 2024-10-10_0200__LAT+000_LON+120: podTc2_data must be provided when distance_localization=True (needed to compute ray midpoints for the localization matrix).

[57/494]
────────────────────────────────────────────────────────────
  Group : 2024-10-10_0200__LAT-060_LON+060
  Window: 2024-10-10_0200  |  Region: LAT-060_LON+060  |  16 occultation(s)
────────────────────────────────────────────────────────────
Data Flipped: E4 is setting
Data Flipped: G31 is setting
Data Flipped: G26 is setting
Data Flipped: C23 is setting
Data Flipped: C32 is setting
Data Flipped: R12 is setting
Data Flipped: E6 is setting
Data Flipped: G3 is setting
Data Flipped: E36 is setting
C38 is rising
E26 is rising
R22 is rising
G18 is rising
G24 is rising
E29 is rising
Data Flipped: R2 is setting
  Parsed 16/16 files successfully.
  Bounding box: lat [-84.6, -7.7]  lon [21.8, 166.6]  |  vertices: 288
  Final group: 16 occultation(s), 288 mesh vertices
  Saved trim diagnostic → ./Figures/GroupKF/group_2024-10-10_0200__LAT-060_LON+060_trim.png
  [1/16] Building H for GN04 02:01 (382 rays) …
  -> Building H Matrix (382 rays, parallel)...
  [2/16] Building H for GN04 02:01 (387 rays) …
  -> Building H Matrix (387 rays, parallel)...
  [3/16] Building H for GN04 02:02 (644 rays) …
  -> Building H Matrix (644 rays, parallel)...
  [4/16] Building H for GN04 02:02 (449 rays) …
  -> Building H Matrix (449 rays, parallel)...
  [5/16] Building H for GN04 02:02 (410 rays) …
  -> Building H Matrix (410 rays, parallel)...
  [6/16] Building H for GN04 02:03 (457 rays) …
  -> Building H Matrix (457 rays, parallel)...
  [7/16] Building H for GN04 02:04 (366 rays) …
  -> Building H Matrix (366 rays, parallel)...
  [8/16] Building H for GN04 02:04 (411 rays) …
  -> Building H Matrix (411 rays, parallel)...
  [9/16] Building H for GN04 02:05 (483 rays) …
  -> Building H Matrix (483 rays, parallel)...
  [10/16] Building H for GN05 02:14 (420 rays) …
  -> Building H Matrix (420 rays, parallel)...
  [11/16] Building H for GN05 02:14 (508 rays) …
  -> Building H Matrix (508 rays, parallel)...
  [12/16] Building H for GN05 02:17 (586 rays) …
  -> Building H Matrix (586 rays, parallel)...
  [13/16] Building H for GN05 02:17 (490 rays) …
  -> Building H Matrix (490 rays, parallel)...
  [14/16] Building H for GN05 02:21 (367 rays) …
  -> Building H Matrix (367 rays, parallel)...
  [15/16] Building H for GN05 02:26 (556 rays) …
  -> Building H Matrix (556 rays, parallel)...
  [16/16] Building H for GN05 02:29 (445 rays) …
  -> Building H Matrix (445 rays, parallel)...
  Combined H shape : (7361, 14688)  (total rays = 7361)
  Running sequential KF assimilation …
  [step 1/16] Assimilating GN04 02:01 (382 rays) …
  [!] Error in group 2024-10-10_0200__LAT-060_LON+060: podTc2_data must be provided when distance_localization=True (needed to compute ray midpoints for the localization matrix).

[58/494]
────────────────────────────────────────────────────────────
  Group : 2024-10-10_0200__LAT-060_LON+120
  Window: 2024-10-10_0200  |  Region: LAT-060_LON+120  |  7 occultation(s)
────────────────────────────────────────────────────────────
Data Flipped: R3 is setting
Data Flipped: C20 is setting
Data Flipped: C19 is setting
No valid descending tangent points found. Skipping.
    [skip] podTc2_GN04.2024.284.02.13.0011.E21.01_0000.0001_nc — parse returned None
C22 is rising
C26 is rising
Data Flipped: R19 is setting
  Parsed 6/7 files successfully.
  Bounding box: lat [-80.4, 8.0]  lon [65.8, -173.4]  |  vertices: 312
  [trim] n_geo=312 > MAX_MESH_VERTICES=300 — dropping GN05 02:16 (93.1° from centroid)
  Bounding box: lat [-80.4, -5.7]  lon [65.8, 171.8]  |  vertices: 216
  Final group: 5 occultation(s), 216 mesh vertices
  Saved trim diagnostic → ./Figures/GroupKF/group_2024-10-10_0200__LAT-060_LON+120_trim.png
  [1/5] Building H for GN04 02:03 (422 rays) …
  -> Building H Matrix (422 rays, parallel)...
  [2/5] Building H for GN04 02:04 (432 rays) …
  -> Building H Matrix (432 rays, parallel)...
  [3/5] Building H for GN04 02:05 (845 rays) …
  -> Building H Matrix (845 rays, parallel)...
  [4/5] Building H for GN05 02:23 (415 rays) …
  -> Building H Matrix (415 rays, parallel)...
  [5/5] Building H for GN05 02:29 (619 rays) …
  -> Building H Matrix (619 rays, parallel)...
  Combined H shape : (2733, 11016)  (total rays = 2733)
  Running sequential KF assimilation …
  [step 1/5] Assimilating GN04 02:03 (422 rays) …
  [!] Error in group 2024-10-10_0200__LAT-060_LON+120: podTc2_data must be provided when distance_localization=True (needed to compute ray midpoints for the localization matrix).

[59/494]
────────────────────────────────────────────────────────────
  Group : 2024-10-10_0200__POLAR_S
  Window: 2024-10-10_0200  |  Region: POLAR_S  |  22 occultation(s)
────────────────────────────────────────────────────────────
No valid descending tangent points found. Skipping.
    [skip] podTc2_GN04.2024.284.02.03.0021.E15.01_0000.0001_nc — parse returned None
No valid descending tangent points found. Skipping.
    [skip] podTc2_GN04.2024.284.02.04.0021.G29.01_0000.0001_nc — parse returned None
E30 is rising
No valid descending tangent points found. Skipping.
    [skip] podTc2_GN04.2024.284.02.07.0017.C24.01_0000.0001_nc — parse returned None
Data Flipped: E9 is setting
Data Flipped: G4 is setting
No valid descending tangent points found. Skipping.
    [skip] podTc2_GN04.2024.284.02.08.0017.G12.01_0000.0001_nc — parse returned None
Data Flipped: R4 is setting
Data Flipped: R18 is setting
G32 is rising
Data Flipped: G9 is setting
Data Flipped: C29 is setting
No valid descending tangent points found. Skipping.
    [skip] podTc2_GN04.2024.284.02.14.0010.E19.01_0000.0001_nc — parse returned None
Data Flipped: C37 is setting
Data Flipped: E11 is setting
Data Flipped: E5 is setting
Data Flipped: G17 is setting
G5 is rising
C43 is rising
C39 is rising
E13 is rising
R9 is rising
  Parsed 17/22 files successfully.
  [polar] Bounding box: lat [-90.0, -39.9]  lon [-180.0, 180.0]  |  vertices: 296
  Final group: 17 occultation(s), 296 mesh vertices
  Saved trim diagnostic → ./Figures/GroupKF/group_2024-10-10_0200__POLAR_S_trim.png
  [1/17] Building H for GN04 02:05 (354 rays) …
  -> Building H Matrix (354 rays, parallel)...
  [2/17] Building H for GN04 02:07 (381 rays) …
  -> Building H Matrix (381 rays, parallel)...
  [3/17] Building H for GN04 02:07 (375 rays) …
  -> Building H Matrix (375 rays, parallel)...
  [4/17] Building H for GN04 02:08 (692 rays) …
  -> Building H Matrix (692 rays, parallel)...
  [5/17] Building H for GN04 02:08 (541 rays) …
  -> Building H Matrix (541 rays, parallel)...
  [6/17] Building H for GN04 02:10 (198 rays) …
  -> Building H Matrix (198 rays, parallel)...
  [7/17] Building H for GN04 02:11 (442 rays) …
  -> Building H Matrix (442 rays, parallel)...
  [8/17] Building H for GN04 02:12 (470 rays) …
  -> Building H Matrix (470 rays, parallel)...
  [9/17] Building H for GN04 02:15 (431 rays) …
  -> Building H Matrix (431 rays, parallel)...
  [10/17] Building H for GN04 02:16 (434 rays) …
  -> Building H Matrix (434 rays, parallel)...
  [11/17] Building H for GN04 02:16 (494 rays) …
  -> Building H Matrix (494 rays, parallel)...
  [12/17] Building H for GN04 02:16 (498 rays) …
  -> Building H Matrix (498 rays, parallel)...
  [13/17] Building H for GN05 02:20 (741 rays) …
  -> Building H Matrix (741 rays, parallel)...
  [14/17] Building H for GN05 02:22 (682 rays) …
  -> Building H Matrix (682 rays, parallel)...
  [15/17] Building H for GN05 02:24 (384 rays) …
  -> Building H Matrix (384 rays, parallel)...
  [16/17] Building H for GN05 02:25 (452 rays) …
  -> Building H Matrix (452 rays, parallel)...
  [17/17] Building H for GN05 02:25 (431 rays) …
  -> Building H Matrix (431 rays, parallel)...
  Combined H shape : (8000, 15096)  (total rays = 8000)
  Running sequential KF assimilation …
  [step 1/17] Assimilating GN04 02:05 (354 rays) …
  [!] Error in group 2024-10-10_0200__POLAR_S: podTc2_data must be provided when distance_localization=True (needed to compute ray midpoints for the localization matrix).

[60/494]
────────────────────────────────────────────────────────────
  Group : 2024-10-10_0200__LAT-060_LON-060
  Window: 2024-10-10_0200  |  Region: LAT-060_LON-060  |  6 occultation(s)
────────────────────────────────────────────────────────────
No valid descending tangent points found. Skipping.
    [skip] podTc2_GN04.2024.284.02.08.0017.C44.01_0000.0001_nc — parse returned None
No valid descending tangent points found. Skipping.
    [skip] podTc2_GN04.2024.284.02.08.0016.R20.01_0000.0001_nc — parse returned None
No valid descending tangent points found. Skipping.
    [skip] podTc2_GN04.2024.284.02.08.0016.C40.01_0000.0001_nc — parse returned None
No valid descending tangent points found. Skipping.
    [skip] podTc2_GN04.2024.284.02.09.0016.G11.01_0000.0001_nc — parse returned None
No valid descending tangent points found. Skipping.
    [skip] podTc2_GN04.2024.284.02.09.0016.E27.01_0000.0001_nc — parse returned None
No valid descending tangent points found. Skipping.
    [skip] podTc2_GN04.2024.284.02.10.0014.G25.01_0000.0001_nc — parse returned None

[61/494]
────────────────────────────────────────────────────────────
  Group : 2024-10-10_0200__LAT-030_LON+060
  Window: 2024-10-10_0200  |  Region: LAT-030_LON+060  |  9 occultation(s)
────────────────────────────────────────────────────────────
G23 is rising
R7 is rising
C42 is rising
E7 is rising
C33 is rising
Data Flipped: G28 is setting
R8 is rising
Data Flipped: R1 is setting
Data Flipped: G31 is setting
  Parsed 9/9 files successfully.
  Bounding box: lat [-75.4, 23.3]  lon [72.1, 129.3]  |  vertices: 179
  Final group: 9 occultation(s), 179 mesh vertices
  Saved trim diagnostic → ./Figures/GroupKF/group_2024-10-10_0200__LAT-030_LON+060_trim.png
  [1/9] Building H for GN05 02:08 (457 rays) …
  -> Building H Matrix (457 rays, parallel)...
  [2/9] Building H for GN05 02:10 (380 rays) …
  -> Building H Matrix (380 rays, parallel)...
  [3/9] Building H for GN05 02:11 (380 rays) …
  -> Building H Matrix (380 rays, parallel)...
  [4/9] Building H for GN05 02:14 (393 rays) …
  -> Building H Matrix (393 rays, parallel)...
  [5/9] Building H for GN05 02:19 (966 rays) …
  -> Building H Matrix (966 rays, parallel)...
  [6/9] Building H for GN05 02:21 (392 rays) …
  -> Building H Matrix (392 rays, parallel)...
  [7/9] Building H for GN05 02:21 (830 rays) …
  -> Building H Matrix (830 rays, parallel)...
  [8/9] Building H for GN05 02:26 (2302 rays) …
  -> Building H Matrix (2302 rays, parallel)...
  [9/9] Building H for GN05 02:29 (393 rays) …
  -> Building H Matrix (393 rays, parallel)...
  Combined H shape : (6493, 9129)  (total rays = 6493)
  Running sequential KF assimilation …
  [step 1/9] Assimilating GN05 02:08 (457 rays) …
  [!] Error in group 2024-10-10_0200__LAT-030_LON+060: podTc2_data must be provided when distance_localization=True (needed to compute ray midpoints for the localization matrix).

[62/494]
────────────────────────────────────────────────────────────
  Group : 2024-10-10_0200__LAT-030_LON+120
  Window: 2024-10-10_0200  |  Region: LAT-030_LON+120  |  10 occultation(s)
────────────────────────────────────────────────────────────
R5 is rising
E8 is rising
C21 is rising
G15 is rising
C45 is rising
R16 is rising
E2 is rising
No valid descending tangent points found. Skipping.
    [skip] podTc2_GN04.2024.284.02.15.0010.R11.01_0000.0001_nc — parse returned None
Data Flipped: E34 is setting
Data Flipped: G6 is setting
  Parsed 9/10 files successfully.
  Bounding box: lat [-48.5, 37.9]  lon [108.9, 169.3]  |  vertices: 189
  Final group: 9 occultation(s), 189 mesh vertices
  Saved trim diagnostic → ./Figures/GroupKF/group_2024-10-10_0200__LAT-030_LON+120_trim.png
  [1/9] Building H for GN05 02:08 (1058 rays) …
  -> Building H Matrix (1058 rays, parallel)...
  [2/9] Building H for GN05 02:08 (371 rays) …
  -> Building H Matrix (371 rays, parallel)...
  [3/9] Building H for GN05 02:10 (460 rays) …
  -> Building H Matrix (460 rays, parallel)...
  [4/9] Building H for GN05 02:11 (362 rays) …
  -> Building H Matrix (362 rays, parallel)...
  [5/9] Building H for GN05 02:11 (390 rays) …
  -> Building H Matrix (390 rays, parallel)...
  [6/9] Building H for GN05 02:12 (375 rays) …
  -> Building H Matrix (375 rays, parallel)...
  [7/9] Building H for GN05 02:13 (622 rays) …
  -> Building H Matrix (622 rays, parallel)...
  [8/9] Building H for GN05 02:21 (615 rays) …
  -> Building H Matrix (615 rays, parallel)...
  [9/9] Building H for GN05 02:25 (653 rays) …
  -> Building H Matrix (653 rays, parallel)...
  Combined H shape : (4906, 9639)  (total rays = 4906)
  Running sequential KF assimilation …
  [step 1/9] Assimilating GN05 02:08 (1058 rays) …
  [!] Error in group 2024-10-10_0200__LAT-030_LON+120: podTc2_data must be provided when distance_localization=True (needed to compute ray midpoints for the localization matrix).

[63/494]
────────────────────────────────────────────────────────────
  Group : 2024-10-10_0200__LAT-030_LON-180
  Window: 2024-10-10_0200  |  Region: LAT-030_LON-180  |  1 occultation(s)
────────────────────────────────────────────────────────────
No valid descending tangent points found. Skipping.
    [skip] podTc2_GN04.2024.284.02.14.0011.C25.01_0000.0001_nc — parse returned None

[64/494]
────────────────────────────────────────────────────────────
  Group : 2024-10-10_0200__LAT+000_LON+060
  Window: 2024-10-10_0200  |  Region: LAT+000_LON+060  |  5 occultation(s)
────────────────────────────────────────────────────────────
No valid descending tangent points found. Skipping.
    [skip] podTc2_GN05.2024.284.02.14.0010.G05.00_0000.0001_nc — parse returned None
G10 is rising
Data Flipped: C25 is setting
Data Flipped: E21 is setting
Data Flipped: E19 is setting
  Parsed 4/5 files successfully.
  Bounding box: lat [-15.6, 48.3]  lon [84.6, 135.2]  |  vertices: 119
  Final group: 4 occultation(s), 119 mesh vertices
  Saved trim diagnostic → ./Figures/GroupKF/group_2024-10-10_0200__LAT+000_LON+060_trim.png
  [1/4] Building H for GN05 02:14 (981 rays) …
  -> Building H Matrix (981 rays, parallel)...
  [2/4] Building H for GN05 02:19 (384 rays) …
  -> Building H Matrix (384 rays, parallel)...
  [3/4] Building H for GN05 02:19 (350 rays) …
  -> Building H Matrix (350 rays, parallel)...
  [4/4] Building H for GN05 02:25 (158 rays) …
  -> Building H Matrix (158 rays, parallel)...
  Combined H shape : (1873, 6069)  (total rays = 1873)
  Running sequential KF assimilation …
  [step 1/4] Assimilating GN05 02:14 (981 rays) …
  [!] Error in group 2024-10-10_0200__LAT+000_LON+060: podTc2_data must be provided when distance_localization=True (needed to compute ray midpoints for the localization matrix).

[65/494]
────────────────────────────────────────────────────────────
  Group : 2024-10-10_0200__LAT+030_LON+060
  Window: 2024-10-10_0200  |  Region: LAT+030_LON+060  |  1 occultation(s)
────────────────────────────────────────────────────────────
Data Flipped: G32 is setting
  Parsed 1/1 files successfully.
  Bounding box: lat [9.8, 48.6]  lon [89.3, 138.8]  |  vertices: 66
  Final group: 1 occultation(s), 66 mesh vertices
  Saved trim diagnostic → ./Figures/GroupKF/group_2024-10-10_0200__LAT+030_LON+060_trim.png
  [1/1] Building H for GN05 02:14 (589 rays) …
  -> Building H Matrix (589 rays, parallel)...
  Combined H shape : (589, 3366)  (total rays = 589)
  Running sequential KF assimilation …
  [step 1/1] Assimilating GN05 02:14 (589 rays) …
  [!] Error in group 2024-10-10_0200__LAT+030_LON+060: podTc2_data must be provided when distance_localization=True (needed to compute ray midpoints for the localization matrix).

[66/494]
────────────────────────────────────────────────────────────
  Group : 2024-10-10_0200__LAT-060_LON-120
  Window: 2024-10-10_0200  |  Region: LAT-060_LON-120  |  1 occultation(s)
────────────────────────────────────────────────────────────
No valid descending tangent points found. Skipping.
    [skip] podTc2_GN04.2024.284.02.16.0008.G28.01_0000.0001_nc — parse returned None

[67/494]
────────────────────────────────────────────────────────────
  Group : 2024-10-10_0230__LAT-060_LON+060
  Window: 2024-10-10_0230  |  Region: LAT-060_LON+060  |  8 occultation(s)
────────────────────────────────────────────────────────────
Data Flipped: E4 is setting
Data Flipped: C23 is setting
Data Flipped: R12 is setting
Data Flipped: E6 is setting
Data Flipped: G4 is setting
Data Flipped: E9 is setting
Data Flipped: G3 is setting
Data Flipped: C32 is setting
  Parsed 8/8 files successfully.
  Bounding box: lat [-81.2, -8.8]  lon [47.1, 142.9]  |  vertices: 184
  Final group: 8 occultation(s), 184 mesh vertices
  Saved trim diagnostic → ./Figures/GroupKF/group_2024-10-10_0230__LAT-060_LON+060_trim.png
  [1/8] Building H for GN05 02:30 (409 rays) …
  -> Building H Matrix (409 rays, parallel)...
  [2/8] Building H for GN05 02:30 (426 rays) …
  -> Building H Matrix (426 rays, parallel)...
  [3/8] Building H for GN05 02:31 (418 rays) …
  -> Building H Matrix (418 rays, parallel)...
  [4/8] Building H for GN05 02:33 (385 rays) …
  -> Building H Matrix (385 rays, parallel)...
  [5/8] Building H for GN05 02:35 (387 rays) …
  -> Building H Matrix (387 rays, parallel)...
  [6/8] Building H for GN05 02:35 (394 rays) …
  -> Building H Matrix (394 rays, parallel)...
  [7/8] Building H for GN05 02:36 (445 rays) …
  -> Building H Matrix (445 rays, parallel)...
  [8/8] Building H for GN05 02:36 (239 rays) …
  -> Building H Matrix (239 rays, parallel)...
  Combined H shape : (3103, 9384)  (total rays = 3103)
  Running sequential KF assimilation …
  [step 1/8] Assimilating GN05 02:30 (409 rays) …
  [!] Error in group 2024-10-10_0230__LAT-060_LON+060: podTc2_data must be provided when distance_localization=True (needed to compute ray midpoints for the localization matrix).

[68/494]
────────────────────────────────────────────────────────────
  Group : 2024-10-10_0230__POLAR_S
  Window: 2024-10-10_0230  |  Region: POLAR_S  |  16 occultation(s)
────────────────────────────────────────────────────────────
R21 is rising
E30 is rising
C34 is rising
C24 is rising
G12 is rising
E27 is rising
Data Flipped: G9 is setting
G32 is rising
Data Flipped: E36 is setting
Data Flipped: E5 is setting
Data Flipped: C37 is setting
Data Flipped: R18 is setting
Data Flipped: C29 is setting
Data Flipped: E31 is setting
Data not high enough. Skipping.
    [skip] podTc2_GN05.2024.284.02.49.0008.C22.01_0000.0001_nc — parse returned None
Data Flipped: E11 is setting
  Parsed 15/16 files successfully.
  [polar] Bounding box: lat [-90.0, -39.9]  lon [-180.0, 180.0]  |  vertices: 296
  Final group: 15 occultation(s), 296 mesh vertices
  Saved trim diagnostic → ./Figures/GroupKF/group_2024-10-10_0230__POLAR_S_trim.png
  [1/15] Building H for GN05 02:30 (465 rays) …
  -> Building H Matrix (465 rays, parallel)...
  [2/15] Building H for GN05 02:30 (633 rays) …
  -> Building H Matrix (633 rays, parallel)...
  [3/15] Building H for GN05 02:31 (452 rays) …
  -> Building H Matrix (452 rays, parallel)...
  [4/15] Building H for GN05 02:35 (379 rays) …
  -> Building H Matrix (379 rays, parallel)...
  [5/15] Building H for GN05 02:35 (480 rays) …
  -> Building H Matrix (480 rays, parallel)...
  [6/15] Building H for GN05 02:37 (428 rays) …
  -> Building H Matrix (428 rays, parallel)...
  [7/15] Building H for GN05 02:38 (462 rays) …
  -> Building H Matrix (462 rays, parallel)...
  [8/15] Building H for GN05 02:38 (736 rays) …
  -> Building H Matrix (736 rays, parallel)...
  [9/15] Building H for GN05 02:38 (504 rays) …
  -> Building H Matrix (504 rays, parallel)...
  [10/15] Building H for GN05 02:42 (547 rays) …
  -> Building H Matrix (547 rays, parallel)...
  [11/15] Building H for GN05 02:42 (420 rays) …
  -> Building H Matrix (420 rays, parallel)...
  [12/15] Building H for GN05 02:43 (576 rays) …
  -> Building H Matrix (576 rays, parallel)...
  [13/15] Building H for GN05 02:44 (634 rays) …
  -> Building H Matrix (634 rays, parallel)...
  [14/15] Building H for GN05 02:46 (628 rays) …
  -> Building H Matrix (628 rays, parallel)...
  [15/15] Building H for GN05 02:49 (444 rays) …
  -> Building H Matrix (444 rays, parallel)...
  Combined H shape : (7788, 15096)  (total rays = 7788)
  Running sequential KF assimilation …
  [step 1/15] Assimilating GN05 02:30 (465 rays) …
  [!] Error in group 2024-10-10_0230__POLAR_S: podTc2_data must be provided when distance_localization=True (needed to compute ray midpoints for the localization matrix).

[69/494]
────────────────────────────────────────────────────────────
  Group : 2024-10-10_0230__LAT-060_LON+120
  Window: 2024-10-10_0230  |  Region: LAT-060_LON+120  |  4 occultation(s)
────────────────────────────────────────────────────────────
Data Flipped: C19 is setting
Data Flipped: R3 is setting
Data Flipped: R4 is setting
Data Flipped: C20 is setting
  Parsed 4/4 files successfully.
  Bounding box: lat [-70.1, -13.0]  lon [102.1, 172.6]  |  vertices: 116
  Final group: 4 occultation(s), 116 mesh vertices
  Saved trim diagnostic → ./Figures/GroupKF/group_2024-10-10_0230__LAT-060_LON+120_trim.png
  [1/4] Building H for GN05 02:31 (760 rays) …
  -> Building H Matrix (760 rays, parallel)...
  [2/4] Building H for GN05 02:31 (419 rays) …
  -> Building H Matrix (419 rays, parallel)...
  [3/4] Building H for GN05 02:32 (715 rays) …
  -> Building H Matrix (715 rays, parallel)...
  [4/4] Building H for GN05 02:33 (431 rays) …
  -> Building H Matrix (431 rays, parallel)...
  Combined H shape : (2325, 5916)  (total rays = 2325)
  Running sequential KF assimilation …
  [step 1/4] Assimilating GN05 02:31 (760 rays) …
  [!] Error in group 2024-10-10_0230__LAT-060_LON+120: podTc2_data must be provided when distance_localization=True (needed to compute ray midpoints for the localization matrix).

[70/494]
────────────────────────────────────────────────────────────
  Group : 2024-10-10_0230__LAT-030_LON-060
  Window: 2024-10-10_0230  |  Region: LAT-030_LON-060  |  3 occultation(s)
────────────────────────────────────────────────────────────
Data Flipped: C41 is setting
G31 is rising
G26 is rising
  Parsed 3/3 files successfully.
  Bounding box: lat [-74.9, 4.8]  lon [40.5, -40.4]  |  vertices: 672
  [trim] n_geo=672 > MAX_MESH_VERTICES=300 — dropping GN05 02:31 (94.2° from centroid)
  Bounding box: lat [-32.8, 4.8]  lon [-72.7, -40.4]  |  vertices: 46
  Final group: 2 occultation(s), 46 mesh vertices
  Saved trim diagnostic → ./Figures/GroupKF/group_2024-10-10_0230__LAT-030_LON-060_trim.png
  [1/2] Building H for GN05 02:52 (302 rays) …
  -> Building H Matrix (302 rays, parallel)...
  [2/2] Building H for GN05 02:54 (335 rays) …
  -> Building H Matrix (335 rays, parallel)...
  Combined H shape : (637, 2346)  (total rays = 637)
  Running sequential KF assimilation …
  [step 1/2] Assimilating GN05 02:52 (302 rays) …
  [!] Error in group 2024-10-10_0230__LAT-030_LON-060: podTc2_data must be provided when distance_localization=True (needed to compute ray midpoints for the localization matrix).

[71/494]
────────────────────────────────────────────────────────────
  Group : 2024-10-10_0230__LAT-030_LON+060
  Window: 2024-10-10_0230  |  Region: LAT-030_LON+060  |  1 occultation(s)
────────────────────────────────────────────────────────────
Data Flipped: G26 is setting
  Parsed 1/1 files successfully.
  Bounding box: lat [-46.5, -13.5]  lon [72.7, 122.4]  |  vertices: 56
  Final group: 1 occultation(s), 56 mesh vertices
  Saved trim diagnostic → ./Figures/GroupKF/group_2024-10-10_0230__LAT-030_LON+060_trim.png
  [1/1] Building H for GN05 02:31 (489 rays) …
  -> Building H Matrix (489 rays, parallel)...
  Combined H shape : (489, 2856)  (total rays = 489)
  Running sequential KF assimilation …
  [step 1/1] Assimilating GN05 02:31 (489 rays) …
  [!] Error in group 2024-10-10_0230__LAT-030_LON+060: podTc2_data must be provided when distance_localization=True (needed to compute ray midpoints for the localization matrix).

[72/494]
────────────────────────────────────────────────────────────
  Group : 2024-10-10_0230__LAT-060_LON-120
  Window: 2024-10-10_0230  |  Region: LAT-060_LON-120  |  6 occultation(s)
────────────────────────────────────────────────────────────
E15 is rising
C44 is rising
C40 is rising
R20 is rising
Data Flipped: G17 is setting
Data Flipped: C30 is setting
  Parsed 6/6 files successfully.
  Bounding box: lat [-81.3, -10.7]  lon [-112.6, 7.6]  |  vertices: 219
  Final group: 6 occultation(s), 219 mesh vertices
  Saved trim diagnostic → ./Figures/GroupKF/group_2024-10-10_0230__LAT-060_LON-120_trim.png
  [1/6] Building H for GN05 02:36 (560 rays) …
  -> Building H Matrix (560 rays, parallel)...
  [2/6] Building H for GN05 02:39 (513 rays) …
  -> Building H Matrix (513 rays, parallel)...
  [3/6] Building H for GN05 02:39 (406 rays) …
  -> Building H Matrix (406 rays, parallel)...
  [4/6] Building H for GN05 02:41 (368 rays) …
  -> Building H Matrix (368 rays, parallel)...
  [5/6] Building H for GN05 02:52 (738 rays) …
  -> Building H Matrix (738 rays, parallel)...
  [6/6] Building H for GN05 02:56 (442 rays) …
  -> Building H Matrix (442 rays, parallel)...
  Combined H shape : (3027, 11169)  (total rays = 3027)
  Running sequential KF assimilation …
  [step 1/6] Assimilating GN05 02:36 (560 rays) …
  [!] Error in group 2024-10-10_0230__LAT-060_LON-120: podTc2_data must be provided when distance_localization=True (needed to compute ray midpoints for the localization matrix).

[73/494]
────────────────────────────────────────────────────────────
  Group : 2024-10-10_0230__LAT-060_LON-060
  Window: 2024-10-10_0230  |  Region: LAT-060_LON-060  |  11 occultation(s)
────────────────────────────────────────────────────────────
G29 is rising
C25 is rising
R11 is rising
E21 is rising
G28 is rising
E19 is rising
Data Flipped: G7 is setting
Data Flipped: E10 is setting
Data Flipped: R14 is setting
Data Flipped: R17 is setting
Data Flipped: E24 is setting
  Parsed 11/11 files successfully.
  Bounding box: lat [-81.3, -13.0]  lon [-71.1, -2.7]  |  vertices: 121
  Final group: 11 occultation(s), 121 mesh vertices
  Saved trim diagnostic → ./Figures/GroupKF/group_2024-10-10_0230__LAT-060_LON-060_trim.png
  [1/11] Building H for GN05 02:37 (432 rays) …
  -> Building H Matrix (432 rays, parallel)...
  [2/11] Building H for GN05 02:42 (377 rays) …
  -> Building H Matrix (377 rays, parallel)...
  [3/11] Building H for GN05 02:42 (367 rays) …
  -> Building H Matrix (367 rays, parallel)...
  [4/11] Building H for GN05 02:43 (389 rays) …
  -> Building H Matrix (389 rays, parallel)...
  [5/11] Building H for GN05 02:44 (396 rays) …
  -> Building H Matrix (396 rays, parallel)...
  [6/11] Building H for GN05 02:48 (687 rays) …
  -> Building H Matrix (687 rays, parallel)...
  [7/11] Building H for GN05 02:53 (369 rays) …
  -> Building H Matrix (369 rays, parallel)...
  [8/11] Building H for GN05 02:54 (486 rays) …
  -> Building H Matrix (486 rays, parallel)...
  [9/11] Building H for GN05 02:55 (392 rays) …
  -> Building H Matrix (392 rays, parallel)...
  [10/11] Building H for GN05 02:57 (379 rays) …
  -> Building H Matrix (379 rays, parallel)...
  [11/11] Building H for GN05 02:58 (429 rays) …
  -> Building H Matrix (429 rays, parallel)...
  Combined H shape : (4703, 6171)  (total rays = 4703)
  Running sequential KF assimilation …
  [step 1/11] Assimilating GN05 02:37 (432 rays) …
  [!] Error in group 2024-10-10_0230__LAT-060_LON-060: podTc2_data must be provided when distance_localization=True (needed to compute ray midpoints for the localization matrix).

[74/494]
────────────────────────────────────────────────────────────
  Group : 2024-10-10_0230__LAT-030_LON-120
  Window: 2024-10-10_0230  |  Region: LAT-030_LON-120  |  3 occultation(s)
────────────────────────────────────────────────────────────
G11 is rising
C23 is rising
R12 is rising
  Parsed 3/3 files successfully.
  Bounding box: lat [-38.2, 8.1]  lon [-83.6, -46.8]  |  vertices: 64
  Final group: 3 occultation(s), 64 mesh vertices
  Saved trim diagnostic → ./Figures/GroupKF/group_2024-10-10_0230__LAT-030_LON-120_trim.png
  [1/3] Building H for GN05 02:43 (282 rays) …
  -> Building H Matrix (282 rays, parallel)...
  [2/3] Building H for GN05 02:53 (259 rays) …
  -> Building H Matrix (259 rays, parallel)...
  [3/3] Building H for GN05 02:53 (304 rays) …
  -> Building H Matrix (304 rays, parallel)...
  Combined H shape : (845, 3264)  (total rays = 845)
  Running sequential KF assimilation …
  [step 1/3] Assimilating GN05 02:43 (282 rays) …
  [!] Error in group 2024-10-10_0230__LAT-030_LON-120: podTc2_data must be provided when distance_localization=True (needed to compute ray midpoints for the localization matrix).

[75/494]
────────────────────────────────────────────────────────────
  Group : 2024-10-10_0230__LAT+000_LON-120
  Window: 2024-10-10_0230  |  Region: LAT+000_LON-120  |  8 occultation(s)
────────────────────────────────────────────────────────────
C35 is rising
E34 is rising
E4 is rising
R2 is rising
R3 is rising
E6 is rising
C20 is rising
G4 is rising
  Parsed 8/8 files successfully.
  Bounding box: lat [-13.1, 47.2]  lon [-90.8, -46.2]  |  vertices: 99
  Final group: 8 occultation(s), 99 mesh vertices
  Saved trim diagnostic → ./Figures/GroupKF/group_2024-10-10_0230__LAT+000_LON-120_trim.png
  [1/8] Building H for GN05 02:53 (358 rays) …
  -> Building H Matrix (358 rays, parallel)...
  [2/8] Building H for GN05 02:54 (227 rays) …
  -> Building H Matrix (227 rays, parallel)...
  [3/8] Building H for GN05 02:55 (305 rays) …
  -> Building H Matrix (305 rays, parallel)...
  [4/8] Building H for GN05 02:55 (301 rays) …
  -> Building H Matrix (301 rays, parallel)...
  [5/8] Building H for GN05 02:56 (320 rays) …
  -> Building H Matrix (320 rays, parallel)...
  [6/8] Building H for GN05 02:57 (310 rays) …
  -> Building H Matrix (310 rays, parallel)...
  [7/8] Building H for GN05 02:58 (400 rays) …
  -> Building H Matrix (400 rays, parallel)...
  [8/8] Building H for GN05 02:59 (381 rays) …
  -> Building H Matrix (381 rays, parallel)...
  Combined H shape : (2602, 5049)  (total rays = 2602)
  Running sequential KF assimilation …
  [step 1/8] Assimilating GN05 02:53 (358 rays) …
  [!] Error in group 2024-10-10_0230__LAT+000_LON-120: podTc2_data must be provided when distance_localization=True (needed to compute ray midpoints for the localization matrix).

[76/494]
────────────────────────────────────────────────────────────
  Group : 2024-10-10_0230__LAT+030_LON-120
  Window: 2024-10-10_0230  |  Region: LAT+030_LON-120  |  1 occultation(s)
────────────────────────────────────────────────────────────
G6 is rising
  Parsed 1/1 files successfully.
  Bounding box: lat [9.8, 62.2]  lon [-100.8, -73.6]  |  vertices: 45
  Final group: 1 occultation(s), 45 mesh vertices
  Saved trim diagnostic → ./Figures/GroupKF/group_2024-10-10_0230__LAT+030_LON-120_trim.png
  [1/1] Building H for GN05 02:58 (565 rays) …
  -> Building H Matrix (565 rays, parallel)...
  Combined H shape : (565, 2295)  (total rays = 565)
  Running sequential KF assimilation …
  [step 1/1] Assimilating GN05 02:58 (565 rays) …
  [!] Error in group 2024-10-10_0230__LAT+030_LON-120: podTc2_data must be provided when distance_localization=True (needed to compute ray midpoints for the localization matrix).

[77/494]
────────────────────────────────────────────────────────────
  Group : 2024-10-10_0300__LAT+000_LON-120
  Window: 2024-10-10_0300  |  Region: LAT+000_LON-120  |  10 occultation(s)
────────────────────────────────────────────────────────────
E9 is rising
C32 is rising
R4 is rising
C19 is rising
G9 is rising
Data Flipped: R16 is setting
Data Flipped: E2 is setting
Data Flipped: C45 is setting
Data Flipped: E8 is setting
C22 is rising
  Parsed 10/10 files successfully.
  Bounding box: lat [-5.7, 85.3]  lon [-169.9, -37.6]  |  vertices: 332
  [trim] n_geo=332 > MAX_MESH_VERTICES=300 — dropping GN05 03:20 (60.8° from centroid)
  Bounding box: lat [-5.7, 49.5]  lon [-98.9, -37.6]  |  vertices: 121
  Final group: 9 occultation(s), 121 mesh vertices
  Saved trim diagnostic → ./Figures/GroupKF/group_2024-10-10_0300__LAT+000_LON-120_trim.png
  [1/9] Building H for GN05 03:00 (379 rays) …
  -> Building H Matrix (379 rays, parallel)...
  [2/9] Building H for GN05 03:00 (565 rays) …
  -> Building H Matrix (565 rays, parallel)...
  [3/9] Building H for GN05 03:00 (203 rays) …
  -> Building H Matrix (203 rays, parallel)...
  [4/9] Building H for GN05 03:01 (372 rays) …
  -> Building H Matrix (372 rays, parallel)...
  [5/9] Building H for GN05 03:03 (271 rays) …
  -> Building H Matrix (271 rays, parallel)...
  [6/9] Building H for GN05 03:14 (295 rays) …
  -> Building H Matrix (295 rays, parallel)...
  [7/9] Building H for GN05 03:16 (179 rays) …
  -> Building H Matrix (179 rays, parallel)...
  [8/9] Building H for GN05 03:16 (181 rays) …
  -> Building H Matrix (181 rays, parallel)...
  [9/9] Building H for GN05 03:16 (315 rays) …
  -> Building H Matrix (315 rays, parallel)...
  Combined H shape : (2760, 6171)  (total rays = 2760)
  Running sequential KF assimilation …
  [step 1/9] Assimilating GN05 03:00 (379 rays) …
  [!] Error in group 2024-10-10_0300__LAT+000_LON-120: podTc2_data must be provided when distance_localization=True (needed to compute ray midpoints for the localization matrix).

[78/494]
────────────────────────────────────────────────────────────
  Group : 2024-10-10_0300__LAT-060_LON-120
  Window: 2024-10-10_0300  |  Region: LAT-060_LON-120  |  1 occultation(s)
────────────────────────────────────────────────────────────
Data Flipped: G30 is setting
  Parsed 1/1 files successfully.
  Bounding box: lat [-56.0, -20.4]  lon [-76.9, -51.9]  |  vertices: 28
  Final group: 1 occultation(s), 28 mesh vertices
  Saved trim diagnostic → ./Figures/GroupKF/group_2024-10-10_0300__LAT-060_LON-120_trim.png
  [1/1] Building H for GN05 03:01 (258 rays) …
  -> Building H Matrix (258 rays, parallel)...
  Combined H shape : (258, 1428)  (total rays = 258)
  Running sequential KF assimilation …
  [step 1/1] Assimilating GN05 03:01 (258 rays) …
  [!] Error in group 2024-10-10_0300__LAT-060_LON-120: podTc2_data must be provided when distance_localization=True (needed to compute ray midpoints for the localization matrix).

[79/494]
────────────────────────────────────────────────────────────
  Group : 2024-10-10_0300__LAT+030_LON-120
  Window: 2024-10-10_0300  |  Region: LAT+030_LON-120  |  19 occultation(s)
────────────────────────────────────────────────────────────
R19 is rising
G3 is rising
C37 is rising
E5 is rising
Data Flipped: G15 is setting
Data Flipped: E33 is setting
Data Flipped: R7 is setting
Data Flipped: C21 is setting
Data Flipped: R8 is setting
Data Flipped: C33 is setting
Data Flipped: E7 is setting
Data Flipped: C42 is setting
R5 is rising
Data Flipped: G23 is setting
Data Flipped: R9 is setting
Data Flipped: C26 is setting
Data Flipped: G24 is setting
Data Flipped: E30 is setting
Data Flipped: G27 is setting
  Parsed 19/19 files successfully.
  Bounding box: lat [10.3, 78.6]  lon [111.9, -25.8]  |  vertices: 407
  [trim] n_geo=407 > MAX_MESH_VERTICES=300 — dropping GN05 03:26 (78.0° from centroid)
  Bounding box: lat [10.3, 78.6]  lon [-147.5, -25.8]  |  vertices: 222
  Final group: 18 occultation(s), 222 mesh vertices
  Saved trim diagnostic → ./Figures/GroupKF/group_2024-10-10_0300__LAT+030_LON-120_trim.png
  [1/18] Building H for GN05 03:02 (601 rays) …
  -> Building H Matrix (601 rays, parallel)...
  [2/18] Building H for GN05 03:04 (535 rays) …
  -> Building H Matrix (535 rays, parallel)...
  [3/18] Building H for GN05 03:06 (428 rays) …
  -> Building H Matrix (428 rays, parallel)...
  [4/18] Building H for GN05 03:08 (449 rays) …
  -> Building H Matrix (449 rays, parallel)...
  [5/18] Building H for GN05 03:18 (459 rays) …
  -> Building H Matrix (459 rays, parallel)...
  [6/18] Building H for GN05 03:18 (579 rays) …
  -> Building H Matrix (579 rays, parallel)...
  [7/18] Building H for GN05 03:19 (399 rays) …
  -> Building H Matrix (399 rays, parallel)...
  [8/18] Building H for GN05 03:20 (657 rays) …
  -> Building H Matrix (657 rays, parallel)...
  [9/18] Building H for GN05 03:20 (466 rays) …
  -> Building H Matrix (466 rays, parallel)...
  [10/18] Building H for GN05 03:20 (518 rays) …
  -> Building H Matrix (518 rays, parallel)...
  [11/18] Building H for GN05 03:21 (383 rays) …
  -> Building H Matrix (383 rays, parallel)...
  [12/18] Building H for GN05 03:21 (407 rays) …
  -> Building H Matrix (407 rays, parallel)...
  [13/18] Building H for GN05 03:23 (700 rays) …
  -> Building H Matrix (700 rays, parallel)...
  [14/18] Building H for GN05 03:24 (382 rays) …
  -> Building H Matrix (382 rays, parallel)...
  [15/18] Building H for GN05 03:25 (428 rays) …
  -> Building H Matrix (428 rays, parallel)...
  [16/18] Building H for GN05 03:25 (423 rays) …
  -> Building H Matrix (423 rays, parallel)...
  [17/18] Building H for GN05 03:25 (365 rays) …
  -> Building H Matrix (365 rays, parallel)...
  [18/18] Building H for GN05 03:25 (682 rays) …
  -> Building H Matrix (682 rays, parallel)...
  Combined H shape : (8861, 11322)  (total rays = 8861)
  Running sequential KF assimilation …
  [step 1/18] Assimilating GN05 03:02 (601 rays) …
  [!] Error in group 2024-10-10_0300__LAT+030_LON-120: podTc2_data must be provided when distance_localization=True (needed to compute ray midpoints for the localization matrix).

[80/494]
────────────────────────────────────────────────────────────
  Group : 2024-10-10_0300__LAT-030_LON-060
  Window: 2024-10-10_0300  |  Region: LAT-030_LON-060  |  3 occultation(s)
────────────────────────────────────────────────────────────
Data Flipped: E12 is setting
Data Flipped: C27 is setting
Data Flipped: G8 is setting
  Parsed 3/3 files successfully.
  Bounding box: lat [-40.7, 2.6]  lon [-69.9, -46.4]  |  vertices: 38
  Final group: 3 occultation(s), 38 mesh vertices
  Saved trim diagnostic → ./Figures/GroupKF/group_2024-10-10_0300__LAT-030_LON-060_trim.png
  [1/3] Building H for GN05 03:05 (265 rays) …
  -> Building H Matrix (265 rays, parallel)...
  [2/3] Building H for GN05 03:07 (309 rays) …
  -> Building H Matrix (309 rays, parallel)...
  [3/3] Building H for GN05 03:09 (355 rays) …
  -> Building H Matrix (355 rays, parallel)...
  Combined H shape : (929, 1938)  (total rays = 929)
  Running sequential KF assimilation …
  [step 1/3] Assimilating GN05 03:05 (265 rays) …
  [!] Error in group 2024-10-10_0300__LAT-030_LON-060: podTc2_data must be provided when distance_localization=True (needed to compute ray midpoints for the localization matrix).

[81/494]
────────────────────────────────────────────────────────────
  Group : 2024-10-10_0300__LAT-030_LON-120
  Window: 2024-10-10_0300  |  Region: LAT-030_LON-120  |  5 occultation(s)
────────────────────────────────────────────────────────────
Data Flipped: C36 is setting
Data Flipped: R15 is setting
Data Flipped: E3 is setting
Data Flipped: E25 is setting
Data Flipped: R24 is setting
  Parsed 5/5 files successfully.
  Bounding box: lat [-38.6, 13.4]  lon [-81.9, -53.8]  |  vertices: 56
  Final group: 5 occultation(s), 56 mesh vertices
  Saved trim diagnostic → ./Figures/GroupKF/group_2024-10-10_0300__LAT-030_LON-120_trim.png
  [1/5] Building H for GN05 03:06 (162 rays) …
  -> Building H Matrix (162 rays, parallel)...
  [2/5] Building H for GN05 03:06 (209 rays) …
  -> Building H Matrix (209 rays, parallel)...
  [3/5] Building H for GN05 03:07 (183 rays) …
  -> Building H Matrix (183 rays, parallel)...
  [4/5] Building H for GN05 03:07 (172 rays) …
  -> Building H Matrix (172 rays, parallel)...
  [5/5] Building H for GN05 03:09 (344 rays) …
  -> Building H Matrix (344 rays, parallel)...
  Combined H shape : (1070, 2856)  (total rays = 1070)
  Running sequential KF assimilation …
  [step 1/5] Assimilating GN05 03:06 (162 rays) …
  [!] Error in group 2024-10-10_0300__LAT-030_LON-120: podTc2_data must be provided when distance_localization=True (needed to compute ray midpoints for the localization matrix).

[82/494]
────────────────────────────────────────────────────────────
  Group : 2024-10-10_0300__POLAR_N
  Window: 2024-10-10_0300  |  Region: POLAR_N  |  13 occultation(s)
────────────────────────────────────────────────────────────
E36 is rising
E31 is rising
R18 is rising
G7 is rising
C29 is rising
E11 is rising
R14 is rising
G30 is rising
E24 is rising
E3 is rising
C36 is rising
R15 is rising
Data Flipped: E29 is setting
  Parsed 13/13 files successfully.
  [polar] Bounding box: lat [39.8, 90.0]  lon [-180.0, 180.0]  |  vertices: 297
  Final group: 13 occultation(s), 297 mesh vertices
  Saved trim diagnostic → ./Figures/GroupKF/group_2024-10-10_0300__POLAR_N_trim.png
  [1/13] Building H for GN05 03:07 (451 rays) …
  -> Building H Matrix (451 rays, parallel)...
  [2/13] Building H for GN05 03:13 (685 rays) …
  -> Building H Matrix (685 rays, parallel)...
  [3/13] Building H for GN05 03:14 (485 rays) …
  -> Building H Matrix (485 rays, parallel)...
  [4/13] Building H for GN05 03:15 (328 rays) …
  -> Building H Matrix (328 rays, parallel)...
  [5/13] Building H for GN05 03:16 (513 rays) …
  -> Building H Matrix (513 rays, parallel)...
  [6/13] Building H for GN05 03:17 (473 rays) …
  -> Building H Matrix (473 rays, parallel)...
  [7/13] Building H for GN05 03:17 (415 rays) …
  -> Building H Matrix (415 rays, parallel)...
  [8/13] Building H for GN05 03:21 (372 rays) …
  -> Building H Matrix (372 rays, parallel)...
  [9/13] Building H for GN05 03:23 (500 rays) …
  -> Building H Matrix (500 rays, parallel)...
  [10/13] Building H for GN05 03:25 (672 rays) …
  -> Building H Matrix (672 rays, parallel)...
  [11/13] Building H for GN05 03:25 (368 rays) …
  -> Building H Matrix (368 rays, parallel)...
  [12/13] Building H for GN05 03:26 (375 rays) …
  -> Building H Matrix (375 rays, parallel)...
  [13/13] Building H for GN05 03:27 (444 rays) …
  -> Building H Matrix (444 rays, parallel)...
  Combined H shape : (6081, 15147)  (total rays = 6081)
  Running sequential KF assimilation …
  [step 1/13] Assimilating GN05 03:07 (451 rays) …
  [!] Error in group 2024-10-10_0300__POLAR_N: podTc2_data must be provided when distance_localization=True (needed to compute ray midpoints for the localization matrix).

[83/494]
────────────────────────────────────────────────────────────
  Group : 2024-10-10_0300__LAT+000_LON-060
  Window: 2024-10-10_0300  |  Region: LAT+000_LON-060  |  2 occultation(s)
────────────────────────────────────────────────────────────
Data Flipped: C28 is setting
Data Flipped: G10 is setting
  Parsed 2/2 files successfully.
  Bounding box: lat [3.0, 58.7]  lon [-86.4, -27.8]  |  vertices: 107
  Final group: 2 occultation(s), 107 mesh vertices
  Saved trim diagnostic → ./Figures/GroupKF/group_2024-10-10_0300__LAT+000_LON-060_trim.png
  [1/2] Building H for GN05 03:16 (853 rays) …
  -> Building H Matrix (853 rays, parallel)...
  [2/2] Building H for GN05 03:17 (543 rays) …
  -> Building H Matrix (543 rays, parallel)...
  Combined H shape : (1396, 5457)  (total rays = 1396)
  Running sequential KF assimilation …
  [step 1/2] Assimilating GN05 03:16 (853 rays) …
  [!] Error in group 2024-10-10_0300__LAT+000_LON-060: podTc2_data must be provided when distance_localization=True (needed to compute ray midpoints for the localization matrix).

[84/494]
────────────────────────────────────────────────────────────
  Group : 2024-10-10_0300__LAT+030_LON+120
  Window: 2024-10-10_0300  |  Region: LAT+030_LON+120  |  1 occultation(s)
────────────────────────────────────────────────────────────
G17 is rising
  Parsed 1/1 files successfully.
  Bounding box: lat [36.4, 69.4]  lon [105.1, -176.7]  |  vertices: 62
  Final group: 1 occultation(s), 62 mesh vertices
  Saved trim diagnostic → ./Figures/GroupKF/group_2024-10-10_0300__LAT+030_LON+120_trim.png
  [1/1] Building H for GN05 03:24 (490 rays) …
  -> Building H Matrix (490 rays, parallel)...
  Combined H shape : (490, 3162)  (total rays = 490)
  Running sequential KF assimilation …
  [step 1/1] Assimilating GN05 03:24 (490 rays) …
  [!] Error in group 2024-10-10_0300__LAT+030_LON+120: podTc2_data must be provided when distance_localization=True (needed to compute ray midpoints for the localization matrix).

[85/494]
────────────────────────────────────────────────────────────
  Group : 2024-10-10_0300__LAT+030_LON+060
  Window: 2024-10-10_0300  |  Region: LAT+030_LON+060  |  4 occultation(s)
────────────────────────────────────────────────────────────
C30 is rising
R17 is rising
E10 is rising
E25 is rising
  Parsed 4/4 files successfully.
  Bounding box: lat [21.4, 81.8]  lon [56.1, 116.8]  |  vertices: 87
  Final group: 4 occultation(s), 87 mesh vertices
  Saved trim diagnostic → ./Figures/GroupKF/group_2024-10-10_0300__LAT+030_LON+060_trim.png
  [1/4] Building H for GN05 03:24 (448 rays) …
  -> Building H Matrix (448 rays, parallel)...
  [2/4] Building H for GN05 03:24 (469 rays) …
  -> Building H Matrix (469 rays, parallel)...
  [3/4] Building H for GN05 03:24 (548 rays) …
  -> Building H Matrix (548 rays, parallel)...
  [4/4] Building H for GN05 03:28 (386 rays) …
  -> Building H Matrix (386 rays, parallel)...
  Combined H shape : (1851, 4437)  (total rays = 1851)
  Running sequential KF assimilation …
  [step 1/4] Assimilating GN05 03:24 (448 rays) …
  [!] Error in group 2024-10-10_0300__LAT+030_LON+060: podTc2_data must be provided when distance_localization=True (needed to compute ray midpoints for the localization matrix).

[86/494]
────────────────────────────────────────────────────────────
  Group : 2024-10-10_0330__LAT+030_LON+060
  Window: 2024-10-10_0330  |  Region: LAT+030_LON+060  |  8 occultation(s)
────────────────────────────────────────────────────────────
G14 is rising
C45 is rising
R16 is rising
G8 is rising
Data Flipped: C25 is setting
Data Flipped: R11 is setting
Data Flipped: G28 is setting
Data Flipped: C34 is setting
  Parsed 8/8 files successfully.
  Bounding box: lat [7.1, 74.9]  lon [88.0, 137.7]  |  vertices: 97
  Final group: 8 occultation(s), 97 mesh vertices
  Saved trim diagnostic → ./Figures/GroupKF/group_2024-10-10_0330__LAT+030_LON+060_trim.png
  [1/8] Building H for GN05 03:30 (380 rays) …
  -> Building H Matrix (380 rays, parallel)...
  [2/8] Building H for GN05 03:35 (390 rays) …
  -> Building H Matrix (390 rays, parallel)...
  [3/8] Building H for GN05 03:36 (370 rays) …
  -> Building H Matrix (370 rays, parallel)...
  [4/8] Building H for GN05 03:37 (194 rays) …
  -> Building H Matrix (194 rays, parallel)...
  [5/8] Building H for GN05 03:46 (364 rays) …
  -> Building H Matrix (364 rays, parallel)...
  [6/8] Building H for GN05 03:46 (375 rays) …
  -> Building H Matrix (375 rays, parallel)...
  [7/8] Building H for GN05 03:46 (332 rays) …
  -> Building H Matrix (332 rays, parallel)...
  [8/8] Building H for GN05 03:52 (183 rays) …
  -> Building H Matrix (183 rays, parallel)...
  Combined H shape : (2588, 4947)  (total rays = 2588)
  Running sequential KF assimilation …
  [step 1/8] Assimilating GN05 03:30 (380 rays) …
  [!] Error in group 2024-10-10_0330__LAT+030_LON+060: podTc2_data must be provided when distance_localization=True (needed to compute ray midpoints for the localization matrix).

[87/494]
────────────────────────────────────────────────────────────
  Group : 2024-10-10_0330__POLAR_N
  Window: 2024-10-10_0330  |  Region: POLAR_N  |  10 occultation(s)
────────────────────────────────────────────────────────────
Data Flipped: C38 is setting
Data Flipped: G32 is setting
Data Flipped: C39 is setting
Data Flipped: E26 is setting
Data Flipped: C24 is setting
Data Flipped: G12 is setting
Data Flipped: G18 is setting
Data Flipped: E19 is setting
Data Flipped: R22 is setting
Data Flipped: C43 is setting
  Parsed 10/10 files successfully.
  [polar] Bounding box: lat [40.1, 90.0]  lon [-180.0, 180.0]  |  vertices: 294
  Final group: 10 occultation(s), 294 mesh vertices
  Saved trim diagnostic → ./Figures/GroupKF/group_2024-10-10_0330__POLAR_N_trim.png
  [1/10] Building H for GN05 03:30 (175 rays) …
  -> Building H Matrix (175 rays, parallel)...
  [2/10] Building H for GN05 03:31 (497 rays) …
  -> Building H Matrix (497 rays, parallel)...
  [3/10] Building H for GN05 03:31 (302 rays) …
  -> Building H Matrix (302 rays, parallel)...
  [4/10] Building H for GN05 03:32 (455 rays) …
  -> Building H Matrix (455 rays, parallel)...
  [5/10] Building H for GN05 03:36 (388 rays) …
  -> Building H Matrix (388 rays, parallel)...
  [6/10] Building H for GN05 03:36 (591 rays) …
  -> Building H Matrix (591 rays, parallel)...
  [7/10] Building H for GN05 03:37 (447 rays) …
  -> Building H Matrix (447 rays, parallel)...
  [8/10] Building H for GN05 03:38 (482 rays) …
  -> Building H Matrix (482 rays, parallel)...
  [9/10] Building H for GN05 03:39 (483 rays) …
  -> Building H Matrix (483 rays, parallel)...
  [10/10] Building H for GN05 03:41 (432 rays) …
  -> Building H Matrix (432 rays, parallel)...
  Combined H shape : (4252, 14994)  (total rays = 4252)
  Running sequential KF assimilation …
  [step 1/10] Assimilating GN05 03:30 (175 rays) …
  [!] Error in group 2024-10-10_0330__POLAR_N: podTc2_data must be provided when distance_localization=True (needed to compute ray midpoints for the localization matrix).

[88/494]
────────────────────────────────────────────────────────────
  Group : 2024-10-10_0330__LAT+000_LON+060
  Window: 2024-10-10_0330  |  Region: LAT+000_LON+060  |  17 occultation(s)
────────────────────────────────────────────────────────────
E12 is rising
C27 is rising
E2 is rising
E8 is rising
No valid descending tangent points found. Skipping.
    [skip] podTc2_GN05.2024.284.03.45.0015.G15.01_0000.0001_nc — parse returned None
Data Flipped: E21 is setting
Data Flipped: R21 is setting
Data Flipped: G29 is setting
Data Flipped: C40 is setting
C21 is rising
Data Flipped: G31 is setting
Data Flipped: C23 is setting
Data Flipped: G26 is setting
Data Flipped: G5 is setting
Data Flipped: R12 is setting
Data Flipped: R2 is setting
Data Flipped: E4 is setting
  Parsed 16/17 files successfully.
    [skip] GN05 03:52 — only 1 valid rays
  Bounding box: lat [-55.4, 52.5]  lon [58.3, 142.7]  |  vertices: 314
  [trim] n_geo=314 > MAX_MESH_VERTICES=300 — dropping GN05 03:59 (31.3° from centroid)
  Bounding box: lat [-18.3, 52.5]  lon [62.1, 142.7]  |  vertices: 206
  Final group: 14 occultation(s), 206 mesh vertices
  Saved trim diagnostic → ./Figures/GroupKF/group_2024-10-10_0330__LAT+000_LON+060_trim.png
  [1/14] Building H for GN05 03:32 (614 rays) …
  -> Building H Matrix (614 rays, parallel)...
  [2/14] Building H for GN05 03:34 (694 rays) …
  -> Building H Matrix (694 rays, parallel)...
  [3/14] Building H for GN05 03:36 (430 rays) …
  -> Building H Matrix (430 rays, parallel)...
  [4/14] Building H for GN05 03:39 (578 rays) …
  -> Building H Matrix (578 rays, parallel)...
  [5/14] Building H for GN05 03:50 (380 rays) …
  -> Building H Matrix (380 rays, parallel)...
  [6/14] Building H for GN05 03:50 (468 rays) …
  -> Building H Matrix (468 rays, parallel)...
  [7/14] Building H for GN05 03:51 (436 rays) …
  -> Building H Matrix (436 rays, parallel)...
  [8/14] Building H for GN05 03:52 (301 rays) …
  -> Building H Matrix (301 rays, parallel)...
  [9/14] Building H for GN05 03:53 (382 rays) …
  -> Building H Matrix (382 rays, parallel)...
  [10/14] Building H for GN05 03:55 (368 rays) …
  -> Building H Matrix (368 rays, parallel)...
  [11/14] Building H for GN05 03:56 (390 rays) …
  -> Building H Matrix (390 rays, parallel)...
  [12/14] Building H for GN05 03:56 (532 rays) …
  -> Building H Matrix (532 rays, parallel)...
  [13/14] Building H for GN05 03:57 (306 rays) …
  -> Building H Matrix (306 rays, parallel)...
  [14/14] Building H for GN05 03:59 (466 rays) …
  -> Building H Matrix (466 rays, parallel)...
  Combined H shape : (6345, 10506)  (total rays = 6345)
  Running sequential KF assimilation …
  [step 1/14] Assimilating GN05 03:32 (614 rays) …
  [!] Error in group 2024-10-10_0330__LAT+000_LON+060: podTc2_data must be provided when distance_localization=True (needed to compute ray midpoints for the localization matrix).

[89/494]
────────────────────────────────────────────────────────────
  Group : 2024-10-10_0330__LAT-030_LON+060
  Window: 2024-10-10_0330  |  Region: LAT-030_LON+060  |  13 occultation(s)
────────────────────────────────────────────────────────────
R24 is rising
R7 is rising
E7 is rising
R8 is rising
G10 is rising
C42 is rising
C33 is rising
R9 is rising
G24 is rising
C26 is rising
E30 is rising
Data Flipped: E15 is setting
Data Flipped: C44 is setting
  Parsed 13/13 files successfully.
  Bounding box: lat [-49.0, 25.5]  lon [67.6, 136.6]  |  vertices: 187
  Final group: 13 occultation(s), 187 mesh vertices
  Saved trim diagnostic → ./Figures/GroupKF/group_2024-10-10_0330__LAT-030_LON+060_trim.png
  [1/13] Building H for GN05 03:37 (632 rays) …
  -> Building H Matrix (632 rays, parallel)...
  [2/13] Building H for GN05 03:44 (406 rays) …
  -> Building H Matrix (406 rays, parallel)...
  [3/13] Building H for GN05 03:45 (365 rays) …
  -> Building H Matrix (365 rays, parallel)...
  [4/13] Building H for GN05 03:45 (406 rays) …
  -> Building H Matrix (406 rays, parallel)...
  [5/13] Building H for GN05 03:46 (447 rays) …
  -> Building H Matrix (447 rays, parallel)...
  [6/13] Building H for GN05 03:47 (467 rays) …
  -> Building H Matrix (467 rays, parallel)...
  [7/13] Building H for GN05 03:47 (425 rays) …
  -> Building H Matrix (425 rays, parallel)...
  [8/13] Building H for GN05 03:47 (370 rays) …
  -> Building H Matrix (370 rays, parallel)...
  [9/13] Building H for GN05 03:47 (348 rays) …
  -> Building H Matrix (348 rays, parallel)...
  [10/13] Building H for GN05 03:48 (387 rays) …
  -> Building H Matrix (387 rays, parallel)...
  [11/13] Building H for GN05 03:52 (646 rays) …
  -> Building H Matrix (646 rays, parallel)...
  [12/13] Building H for GN05 03:57 (578 rays) …
  -> Building H Matrix (578 rays, parallel)...
  [13/13] Building H for GN05 03:57 (677 rays) …
  -> Building H Matrix (677 rays, parallel)...
  Combined H shape : (6154, 9537)  (total rays = 6154)
  Running sequential KF assimilation …
  [step 1/13] Assimilating GN05 03:37 (632 rays) …
  [!] Error in group 2024-10-10_0330__LAT-030_LON+060: podTc2_data must be provided when distance_localization=True (needed to compute ray midpoints for the localization matrix).

[90/494]
────────────────────────────────────────────────────────────
  Group : 2024-10-10_0330__LAT+030_LON+120
  Window: 2024-10-10_0330  |  Region: LAT+030_LON+120  |  3 occultation(s)
────────────────────────────────────────────────────────────
Data Flipped: E27 is setting
Data Flipped: E13 is setting
Data Flipped: G5 is setting
  Parsed 3/3 files successfully.
  Bounding box: lat [25.7, 80.2]  lon [109.7, 163.6]  |  vertices: 68
  Final group: 3 occultation(s), 68 mesh vertices
  Saved trim diagnostic → ./Figures/GroupKF/group_2024-10-10_0330__LAT+030_LON+120_trim.png
  [1/3] Building H for GN05 03:42 (494 rays) …
  -> Building H Matrix (494 rays, parallel)...
  [2/3] Building H for GN05 03:42 (474 rays) …
  -> Building H Matrix (474 rays, parallel)...
  [3/3] Building H for GN05 03:43 (696 rays) …
  -> Building H Matrix (696 rays, parallel)...
  Combined H shape : (1664, 3468)  (total rays = 1664)
  Running sequential KF assimilation …
  [step 1/3] Assimilating GN05 03:42 (494 rays) …
  [!] Error in group 2024-10-10_0330__LAT+030_LON+120: podTc2_data must be provided when distance_localization=True (needed to compute ray midpoints for the localization matrix).

[91/494]
────────────────────────────────────────────────────────────
  Group : 2024-10-10_0330__LAT-060_LON+060
  Window: 2024-10-10_0330  |  Region: LAT-060_LON+060  |  5 occultation(s)
────────────────────────────────────────────────────────────
E33 is rising
G23 is rising
E29 is rising
C39 is rising
G32 is rising
  Parsed 5/5 files successfully.
  Bounding box: lat [-74.2, -6.1]  lon [65.6, 108.8]  |  vertices: 84
  Final group: 5 occultation(s), 84 mesh vertices
  Saved trim diagnostic → ./Figures/GroupKF/group_2024-10-10_0330__LAT-060_LON+060_trim.png
  [1/5] Building H for GN05 03:50 (512 rays) …
  -> Building H Matrix (512 rays, parallel)...
  [2/5] Building H for GN05 03:50 (456 rays) …
  -> Building H Matrix (456 rays, parallel)...
  [3/5] Building H for GN05 03:52 (402 rays) …
  -> Building H Matrix (402 rays, parallel)...
  [4/5] Building H for GN05 03:55 (381 rays) …
  -> Building H Matrix (381 rays, parallel)...
  [5/5] Building H for GN05 03:55 (455 rays) …
  -> Building H Matrix (455 rays, parallel)...
  Combined H shape : (2206, 4284)  (total rays = 2206)
  Running sequential KF assimilation …
  [step 1/5] Assimilating GN05 03:50 (512 rays) …
  [!] Error in group 2024-10-10_0330__LAT-060_LON+060: podTc2_data must be provided when distance_localization=True (needed to compute ray midpoints for the localization matrix).

[92/494]
────────────────────────────────────────────────────────────
  Group : 2024-10-10_0330__POLAR_S
  Window: 2024-10-10_0330  |  Region: POLAR_S  |  1 occultation(s)
────────────────────────────────────────────────────────────
C38 is rising
  Parsed 1/1 files successfully.
  [polar] Bounding box: lat [-90.0, -39.5]  lon [-180.0, 180.0]  |  vertices: 300
  Final group: 1 occultation(s), 300 mesh vertices
  Saved trim diagnostic → ./Figures/GroupKF/group_2024-10-10_0330__POLAR_S_trim.png
  [1/1] Building H for GN05 03:54 (487 rays) …
  -> Building H Matrix (487 rays, parallel)...
  Combined H shape : (487, 15300)  (total rays = 487)
  Running sequential KF assimilation …
  [step 1/1] Assimilating GN05 03:54 (487 rays) …
  [!] Error in group 2024-10-10_0330__POLAR_S: podTc2_data must be provided when distance_localization=True (needed to compute ray midpoints for the localization matrix).

[93/494]
────────────────────────────────────────────────────────────
  Group : 2024-10-10_0330__LAT-060_LON+000
  Window: 2024-10-10_0330  |  Region: LAT-060_LON+000  |  1 occultation(s)
────────────────────────────────────────────────────────────
C28 is rising
  Parsed 1/1 files successfully.
  Bounding box: lat [-84.4, -33.5]  lon [-12.6, 89.1]  |  vertices: 104
  Final group: 1 occultation(s), 104 mesh vertices
  Saved trim diagnostic → ./Figures/GroupKF/group_2024-10-10_0330__LAT-060_LON+000_trim.png
  [1/1] Building H for GN05 03:55 (757 rays) …
  -> Building H Matrix (757 rays, parallel)...
  Combined H shape : (757, 5304)  (total rays = 757)
  Running sequential KF assimilation …
  [step 1/1] Assimilating GN05 03:55 (757 rays) …
  [!] Error in group 2024-10-10_0330__LAT-060_LON+000: podTc2_data must be provided when distance_localization=True (needed to compute ray midpoints for the localization matrix).

[94/494]
────────────────────────────────────────────────────────────
  Group : 2024-10-10_0400__LAT-030_LON+060
  Window: 2024-10-10_0400  |  Region: LAT-030_LON+060  |  9 occultation(s)
────────────────────────────────────────────────────────────
C41 is rising
G15 is rising
Data Flipped: E6 is setting
R1 is rising
Data Flipped: R20 is setting
Data Flipped: E31 is setting
Data Flipped: G4 is setting
Data Flipped: R3 is setting
Data Flipped: C32 is setting
  Parsed 9/9 files successfully.
  Bounding box: lat [-76.9, 12.5]  lon [0.4, 134.6]  |  vertices: 366
  [trim] n_geo=366 > MAX_MESH_VERTICES=300 — dropping GN05 04:06 (34.6° from centroid)
  Bounding box: lat [-55.9, 12.5]  lon [48.6, 134.6]  |  vertices: 207
  Final group: 8 occultation(s), 207 mesh vertices
  Saved trim diagnostic → ./Figures/GroupKF/group_2024-10-10_0400__LAT-030_LON+060_trim.png
  [1/8] Building H for GN05 04:00 (893 rays) …
  -> Building H Matrix (893 rays, parallel)...
  [2/8] Building H for GN05 04:00 (515 rays) …
  -> Building H Matrix (515 rays, parallel)...
  [3/8] Building H for GN05 04:03 (464 rays) …
  -> Building H Matrix (464 rays, parallel)...
  [4/8] Building H for GN05 04:03 (809 rays) …
  -> Building H Matrix (809 rays, parallel)...
  [5/8] Building H for GN05 04:04 (607 rays) …
  -> Building H Matrix (607 rays, parallel)...
  [6/8] Building H for GN05 04:05 (608 rays) …
  -> Building H Matrix (608 rays, parallel)...
  [7/8] Building H for GN05 04:05 (428 rays) …
  -> Building H Matrix (428 rays, parallel)...
  [8/8] Building H for GN05 04:06 (474 rays) …
  -> Building H Matrix (474 rays, parallel)...
  Combined H shape : (4798, 10557)  (total rays = 4798)
  Running sequential KF assimilation …
  [step 1/8] Assimilating GN05 04:00 (893 rays) …
  [!] Error in group 2024-10-10_0400__LAT-030_LON+060: podTc2_data must be provided when distance_localization=True (needed to compute ray midpoints for the localization matrix).

[95/494]
────────────────────────────────────────────────────────────
  Group : 2024-10-10_0400__LAT-060_LON+060
  Window: 2024-10-10_0400  |  Region: LAT-060_LON+060  |  13 occultation(s)
────────────────────────────────────────────────────────────
C24 is rising
C21 is rising
G12 is rising
Data Flipped: C37 is setting
Data Flipped: E9 is setting
Data Flipped: G11 is setting
Data Flipped: C22 is setting
Data Flipped: R4 is setting
Data Flipped: R5 is setting
Data Flipped: G9 is setting
Data Flipped: E5 is setting
Data Flipped: C19 is setting
Data Flipped: C20 is setting
  Parsed 13/13 files successfully.
  Bounding box: lat [-80.8, 6.0]  lon [43.4, 162.5]  |  vertices: 298
  Final group: 13 occultation(s), 298 mesh vertices
  Saved trim diagnostic → ./Figures/GroupKF/group_2024-10-10_0400__LAT-060_LON+060_trim.png
  [1/13] Building H for GN05 04:01 (420 rays) …
  -> Building H Matrix (420 rays, parallel)...
  [2/13] Building H for GN05 04:02 (1343 rays) …
  -> Building H Matrix (1343 rays, parallel)...
  [3/13] Building H for GN05 04:02 (668 rays) …
  -> Building H Matrix (668 rays, parallel)...
  [4/13] Building H for GN05 04:06 (432 rays) …
  -> Building H Matrix (432 rays, parallel)...
  [5/13] Building H for GN05 04:06 (401 rays) …
  -> Building H Matrix (401 rays, parallel)...
  [6/13] Building H for GN05 04:07 (624 rays) …
  -> Building H Matrix (624 rays, parallel)...
  [7/13] Building H for GN05 04:07 (763 rays) …
  -> Building H Matrix (763 rays, parallel)...
  [8/13] Building H for GN05 04:07 (405 rays) …
  -> Building H Matrix (405 rays, parallel)...
  [9/13] Building H for GN05 04:08 (604 rays) …
  -> Building H Matrix (604 rays, parallel)...
  [10/13] Building H for GN05 04:09 (383 rays) …
  -> Building H Matrix (383 rays, parallel)...
  [11/13] Building H for GN05 04:12 (398 rays) …
  -> Building H Matrix (398 rays, parallel)...
  [12/13] Building H for GN05 04:14 (158 rays) …
  -> Building H Matrix (158 rays, parallel)...
  [13/13] Building H for GN05 04:14 (180 rays) …
  -> Building H Matrix (180 rays, parallel)...
  Combined H shape : (6779, 15198)  (total rays = 6779)
  Running sequential KF assimilation …
  [step 1/13] Assimilating GN05 04:01 (420 rays) …
  [!] Error in group 2024-10-10_0400__LAT-060_LON+060: podTc2_data must be provided when distance_localization=True (needed to compute ray midpoints for the localization matrix).

[96/494]
────────────────────────────────────────────────────────────
  Group : 2024-10-10_0400__POLAR_S
  Window: 2024-10-10_0400  |  Region: POLAR_S  |  23 occultation(s)
────────────────────────────────────────────────────────────
E26 is rising
G18 is rising
R22 is rising
E27 is rising
G28 is rising
R11 is rising
C25 is rising
Data Flipped: E34 is setting
E21 is rising
G27 is rising
C43 is rising
G31 is rising
Data Flipped: C35 is setting
Data Flipped: R14 is setting
Data Flipped: G7 is setting
Data Flipped: E3 is setting
Data Flipped: G6 is setting
Data Flipped: G3 is setting
Data Flipped: E24 is setting
Data Flipped: G30 is setting
Data Flipped: R19 is setting
Data Flipped: E36 is setting
Data not high enough. Skipping.
    [skip] podTc2_GN05.2024.284.04.25.0008.C21.01_0000.0001_nc — parse returned None
  Parsed 22/23 files successfully.
  [polar] Bounding box: lat [-90.0, -39.7]  lon [-180.0, 180.0]  |  vertices: 298
  Final group: 22 occultation(s), 298 mesh vertices
  Saved trim diagnostic → ./Figures/GroupKF/group_2024-10-10_0400__POLAR_S_trim.png
  [1/22] Building H for GN05 04:01 (449 rays) …
  -> Building H Matrix (449 rays, parallel)...
  [2/22] Building H for GN05 04:05 (484 rays) …
  -> Building H Matrix (484 rays, parallel)...
  [3/22] Building H for GN05 04:08 (463 rays) …
  -> Building H Matrix (463 rays, parallel)...
  [4/22] Building H for GN05 04:08 (611 rays) …
  -> Building H Matrix (611 rays, parallel)...
  [5/22] Building H for GN05 04:08 (375 rays) …
  -> Building H Matrix (375 rays, parallel)...
  [6/22] Building H for GN05 04:09 (407 rays) …
  -> Building H Matrix (407 rays, parallel)...
  [7/22] Building H for GN05 04:13 (379 rays) …
  -> Building H Matrix (379 rays, parallel)...
  [8/22] Building H for GN05 04:14 (514 rays) …
  -> Building H Matrix (514 rays, parallel)...
  [9/22] Building H for GN05 04:14 (416 rays) …
  -> Building H Matrix (416 rays, parallel)...
  [10/22] Building H for GN05 04:14 (1038 rays) …
  -> Building H Matrix (1038 rays, parallel)...
  [11/22] Building H for GN05 04:15 (445 rays) …
  -> Building H Matrix (445 rays, parallel)...
  [12/22] Building H for GN05 04:16 (386 rays) …
  -> Building H Matrix (386 rays, parallel)...
  [13/22] Building H for GN05 04:17 (746 rays) …
  -> Building H Matrix (746 rays, parallel)...
  [14/22] Building H for GN05 04:18 (437 rays) …
  -> Building H Matrix (437 rays, parallel)...
  [15/22] Building H for GN05 04:19 (367 rays) …
  -> Building H Matrix (367 rays, parallel)...
  [16/22] Building H for GN05 04:19 (559 rays) …
  -> Building H Matrix (559 rays, parallel)...
  [17/22] Building H for GN05 04:19 (485 rays) …
  -> Building H Matrix (485 rays, parallel)...
  [18/22] Building H for GN05 04:20 (1022 rays) …
  -> Building H Matrix (1022 rays, parallel)...
  [19/22] Building H for GN05 04:24 (605 rays) …
  -> Building H Matrix (605 rays, parallel)...
  [20/22] Building H for GN05 04:24 (365 rays) …
  -> Building H Matrix (365 rays, parallel)...
  [21/22] Building H for GN05 04:25 (504 rays) …
  -> Building H Matrix (504 rays, parallel)...
  [22/22] Building H for GN05 04:25 (448 rays) …
  -> Building H Matrix (448 rays, parallel)...
  Combined H shape : (11505, 15198)  (total rays = 11505)
  Running sequential KF assimilation …
  [step 1/22] Assimilating GN05 04:01 (449 rays) …
  [!] Error in group 2024-10-10_0400__POLAR_S: podTc2_data must be provided when distance_localization=True (needed to compute ray midpoints for the localization matrix).

[97/494]
────────────────────────────────────────────────────────────
  Group : 2024-10-10_0400__LAT-060_LON+000
  Window: 2024-10-10_0400  |  Region: LAT-060_LON+000  |  1 occultation(s)
────────────────────────────────────────────────────────────
E19 is rising
  Parsed 1/1 files successfully.
  Bounding box: lat [-84.3, -31.7]  lon [17.0, 85.7]  |  vertices: 76
  Final group: 1 occultation(s), 76 mesh vertices
  Saved trim diagnostic → ./Figures/GroupKF/group_2024-10-10_0400__LAT-060_LON+000_trim.png
  [1/1] Building H for GN05 04:06 (545 rays) …
  -> Building H Matrix (545 rays, parallel)...
  Combined H shape : (545, 3876)  (total rays = 545)
  Running sequential KF assimilation …
  [step 1/1] Assimilating GN05 04:06 (545 rays) …
  [!] Error in group 2024-10-10_0400__LAT-060_LON+000: podTc2_data must be provided when distance_localization=True (needed to compute ray midpoints for the localization matrix).

[98/494]
────────────────────────────────────────────────────────────
  Group : 2024-10-10_0400__LAT-060_LON-120
  Window: 2024-10-10_0400  |  Region: LAT-060_LON-120  |  8 occultation(s)
────────────────────────────────────────────────────────────
E13 is rising
C34 is rising
C40 is rising
C23 is rising
G29 is rising
R12 is rising
G26 is rising
E4 is rising
  Parsed 8/8 files successfully.
  Bounding box: lat [-78.3, -17.4]  lon [-139.1, -41.9]  |  vertices: 151
  Final group: 8 occultation(s), 151 mesh vertices
  Saved trim diagnostic → ./Figures/GroupKF/group_2024-10-10_0400__LAT-060_LON-120_trim.png
  [1/8] Building H for GN05 04:12 (543 rays) …
  -> Building H Matrix (543 rays, parallel)...
  [2/8] Building H for GN05 04:16 (453 rays) …
  -> Building H Matrix (453 rays, parallel)...
  [3/8] Building H for GN05 04:18 (342 rays) …
  -> Building H Matrix (342 rays, parallel)...
  [4/8] Building H for GN05 04:18 (351 rays) …
  -> Building H Matrix (351 rays, parallel)...
  [5/8] Building H for GN05 04:18 (345 rays) …
  -> Building H Matrix (345 rays, parallel)...
  [6/8] Building H for GN05 04:19 (368 rays) …
  -> Building H Matrix (368 rays, parallel)...
  [7/8] Building H for GN05 04:19 (325 rays) …
  -> Building H Matrix (325 rays, parallel)...
  [8/8] Building H for GN05 04:24 (465 rays) …
  -> Building H Matrix (465 rays, parallel)...
  Combined H shape : (3192, 7701)  (total rays = 3192)
  Running sequential KF assimilation …
  [step 1/8] Assimilating GN05 04:12 (543 rays) …
  [!] Error in group 2024-10-10_0400__LAT-060_LON-120: podTc2_data must be provided when distance_localization=True (needed to compute ray midpoints for the localization matrix).

[99/494]
────────────────────────────────────────────────────────────
  Group : 2024-10-10_0400__LAT-030_LON-120
  Window: 2024-10-10_0400  |  Region: LAT-030_LON-120  |  3 occultation(s)
────────────────────────────────────────────────────────────
R21 is rising
G5 is rising
E6 is rising
  Parsed 3/3 files successfully.
  Bounding box: lat [-40.3, 8.7]  lon [-116.4, -56.6]  |  vertices: 111
  Final group: 3 occultation(s), 111 mesh vertices
  Saved trim diagnostic → ./Figures/GroupKF/group_2024-10-10_0400__LAT-030_LON-120_trim.png
  [1/3] Building H for GN05 04:19 (190 rays) …
  -> Building H Matrix (190 rays, parallel)...
  [2/3] Building H for GN05 04:28 (460 rays) …
  -> Building H Matrix (460 rays, parallel)...
  [3/3] Building H for GN05 04:29 (458 rays) …
  -> Building H Matrix (458 rays, parallel)...
  Combined H shape : (1108, 5661)  (total rays = 1108)
  Running sequential KF assimilation …
  [step 1/3] Assimilating GN05 04:19 (190 rays) …
  [!] Error in group 2024-10-10_0400__LAT-030_LON-120: podTc2_data must be provided when distance_localization=True (needed to compute ray midpoints for the localization matrix).

[100/494]
────────────────────────────────────────────────────────────
  Group : 2024-10-10_0400__LAT+000_LON-120
  Window: 2024-10-10_0400  |  Region: LAT+000_LON-120  |  1 occultation(s)
────────────────────────────────────────────────────────────
E15 is rising
  Parsed 1/1 files successfully.
  Bounding box: lat [-4.2, 22.6]  lon [-110.1, -93.0]  |  vertices: 18
  Final group: 1 occultation(s), 18 mesh vertices
  Saved trim diagnostic → ./Figures/GroupKF/group_2024-10-10_0400__LAT+000_LON-120_trim.png
  [1/1] Building H for GN05 04:29 (250 rays) …
  -> Building H Matrix (250 rays, parallel)...
  Combined H shape : (250, 918)  (total rays = 250)
  Running sequential KF assimilation …
  [step 1/1] Assimilating GN05 04:29 (250 rays) …
  [!] Error in group 2024-10-10_0400__LAT+000_LON-120: podTc2_data must be provided when distance_localization=True (needed to compute ray midpoints for the localization matrix).

[101/494]
────────────────────────────────────────────────────────────
  Group : 2024-10-10_0430__LAT-060_LON-120
  Window: 2024-10-10_0430  |  Region: LAT-060_LON-120  |  7 occultation(s)
────────────────────────────────────────────────────────────
Data Flipped: R15 is setting
Data Flipped: C36 is setting
Data Flipped: C29 is setting
Data Flipped: R18 is setting
Data Flipped: E25 is setting
Data Flipped: G14 is setting
Data Flipped: E11 is setting
  Parsed 7/7 files successfully.
  Bounding box: lat [-81.2, -16.0]  lon [-94.7, -42.0]  |  vertices: 87
  Final group: 7 occultation(s), 87 mesh vertices
  Saved trim diagnostic → ./Figures/GroupKF/group_2024-10-10_0430__LAT-060_LON-120_trim.png
  [1/7] Building H for GN05 04:30 (403 rays) …
  -> Building H Matrix (403 rays, parallel)...
  [2/7] Building H for GN05 04:30 (373 rays) …
  -> Building H Matrix (373 rays, parallel)...
  [3/7] Building H for GN05 04:33 (416 rays) …
  -> Building H Matrix (416 rays, parallel)...
  [4/7] Building H for GN05 04:38 (218 rays) …
  -> Building H Matrix (218 rays, parallel)...
  [5/7] Building H for GN05 04:39 (161 rays) …
  -> Building H Matrix (161 rays, parallel)...
  [6/7] Building H for GN05 04:40 (147 rays) …
  -> Building H Matrix (147 rays, parallel)...
  [7/7] Building H for GN05 04:41 (229 rays) …
  -> Building H Matrix (229 rays, parallel)...
  Combined H shape : (1947, 4437)  (total rays = 1947)
  Running sequential KF assimilation …
  [step 1/7] Assimilating GN05 04:30 (403 rays) …
  [!] Error in group 2024-10-10_0430__LAT-060_LON-120: podTc2_data must be provided when distance_localization=True (needed to compute ray midpoints for the localization matrix).

[102/494]
────────────────────────────────────────────────────────────
  Group : 2024-10-10_0430__LAT-030_LON-120
  Window: 2024-10-10_0430  |  Region: LAT-030_LON-120  |  10 occultation(s)
────────────────────────────────────────────────────────────
C37 is rising
G4 is rising
E31 is rising
Data Flipped: G17 is setting
Data Flipped: R16 is setting
Data Flipped: C45 is setting
Data Flipped: E8 is setting
Data Flipped: E2 is setting
Data Flipped: C30 is setting
Data Flipped: G15 is setting
  Parsed 10/10 files successfully.
  Bounding box: lat [-45.7, 20.3]  lon [-118.6, -62.2]  |  vertices: 137
  Final group: 10 occultation(s), 137 mesh vertices
  Saved trim diagnostic → ./Figures/GroupKF/group_2024-10-10_0430__LAT-030_LON-120_trim.png
  [1/10] Building H for GN05 04:30 (277 rays) …
  -> Building H Matrix (277 rays, parallel)...
  [2/10] Building H for GN05 04:30 (380 rays) …
  -> Building H Matrix (380 rays, parallel)...
  [3/10] Building H for GN05 04:31 (396 rays) …
  -> Building H Matrix (396 rays, parallel)...
  [4/10] Building H for GN05 04:40 (255 rays) …
  -> Building H Matrix (255 rays, parallel)...
  [5/10] Building H for GN05 04:42 (204 rays) …
  -> Building H Matrix (204 rays, parallel)...
  [6/10] Building H for GN05 04:42 (153 rays) …
  -> Building H Matrix (153 rays, parallel)...
  [7/10] Building H for GN05 04:44 (202 rays) …
  -> Building H Matrix (202 rays, parallel)...
  [8/10] Building H for GN05 04:44 (192 rays) …
  -> Building H Matrix (192 rays, parallel)...
  [9/10] Building H for GN05 04:45 (251 rays) …
  -> Building H Matrix (251 rays, parallel)...
  [10/10] Building H for GN05 04:48 (539 rays) …
  -> Building H Matrix (539 rays, parallel)...
  Combined H shape : (2849, 6987)  (total rays = 2849)
  Running sequential KF assimilation …
  [step 1/10] Assimilating GN05 04:30 (277 rays) …
  [!] Error in group 2024-10-10_0430__LAT-030_LON-120: podTc2_data must be provided when distance_localization=True (needed to compute ray midpoints for the localization matrix).

[103/494]
────────────────────────────────────────────────────────────
  Group : 2024-10-10_0430__LAT+000_LON-120
  Window: 2024-10-10_0430  |  Region: LAT+000_LON-120  |  22 occultation(s)
────────────────────────────────────────────────────────────
E9 is rising
R3 is rising
R4 is rising
C44 is rising
G9 is rising
C19 is rising
R5 is rising
C20 is rising
E5 is rising
C22 is rising
R14 is rising
Data Flipped: E10 is setting
Data Flipped: R17 is setting
Data Flipped: R9 is setting
Data Flipped: E30 is setting
Data Flipped: G24 is setting
Data Flipped: C26 is setting
Data Flipped: E12 is setting
Data Flipped: C32 is setting
Data Flipped: E7 is setting
Data Flipped: R7 is setting
Data Flipped: G12 is setting
  Parsed 22/22 files successfully.
  Bounding box: lat [-14.3, 72.6]  lon [101.4, -60.3]  |  vertices: 545
  [trim] n_geo=545 > MAX_MESH_VERTICES=300 — dropping GN05 04:54 (75.9° from centroid)
  Bounding box: lat [-14.3, 62.8]  lon [-143.8, -60.3]  |  vertices: 217
  Final group: 21 occultation(s), 217 mesh vertices
  Saved trim diagnostic → ./Figures/GroupKF/group_2024-10-10_0430__LAT+000_LON-120_trim.png
  [1/21] Building H for GN05 04:31 (244 rays) …
  -> Building H Matrix (244 rays, parallel)...
  [2/21] Building H for GN05 04:32 (362 rays) …
  -> Building H Matrix (362 rays, parallel)...
  [3/21] Building H for GN05 04:32 (206 rays) …
  -> Building H Matrix (206 rays, parallel)...
  [4/21] Building H for GN05 04:32 (930 rays) …
  -> Building H Matrix (930 rays, parallel)...
  [5/21] Building H for GN05 04:33 (220 rays) …
  -> Building H Matrix (220 rays, parallel)...
  [6/21] Building H for GN05 04:35 (402 rays) …
  -> Building H Matrix (402 rays, parallel)...
  [7/21] Building H for GN05 04:35 (170 rays) …
  -> Building H Matrix (170 rays, parallel)...
  [8/21] Building H for GN05 04:36 (597 rays) …
  -> Building H Matrix (597 rays, parallel)...
  [9/21] Building H for GN05 04:37 (378 rays) …
  -> Building H Matrix (378 rays, parallel)...
  [10/21] Building H for GN05 04:37 (385 rays) …
  -> Building H Matrix (385 rays, parallel)...
  [11/21] Building H for GN05 04:41 (425 rays) …
  -> Building H Matrix (425 rays, parallel)...
  [12/21] Building H for GN05 04:49 (323 rays) …
  -> Building H Matrix (323 rays, parallel)...
  [13/21] Building H for GN05 04:49 (283 rays) …
  -> Building H Matrix (283 rays, parallel)...
  [14/21] Building H for GN05 04:52 (138 rays) …
  -> Building H Matrix (138 rays, parallel)...
  [15/21] Building H for GN05 04:53 (223 rays) …
  -> Building H Matrix (223 rays, parallel)...
  [16/21] Building H for GN05 04:53 (153 rays) …
  -> Building H Matrix (153 rays, parallel)...
  [17/21] Building H for GN05 04:53 (151 rays) …
  -> Building H Matrix (151 rays, parallel)...
  [18/21] Building H for GN05 04:54 (532 rays) …
  -> Building H Matrix (532 rays, parallel)...
  [19/21] Building H for GN05 04:54 (269 rays) …
  -> Building H Matrix (269 rays, parallel)...
  [20/21] Building H for GN05 04:55 (483 rays) …
  -> Building H Matrix (483 rays, parallel)...
  [21/21] Building H for GN05 04:55 (511 rays) …
  -> Building H Matrix (511 rays, parallel)...
  Combined H shape : (7385, 11067)  (total rays = 7385)
  Running sequential KF assimilation …
  [step 1/21] Assimilating GN05 04:31 (244 rays) …
  [!] Error in group 2024-10-10_0430__LAT+000_LON-120: podTc2_data must be provided when distance_localization=True (needed to compute ray midpoints for the localization matrix).

[104/494]
────────────────────────────────────────────────────────────
  Group : 2024-10-10_0430__LAT+030_LON-120
  Window: 2024-10-10_0430  |  Region: LAT+030_LON-120  |  11 occultation(s)
────────────────────────────────────────────────────────────
R20 is rising
G11 is rising
G7 is rising
G30 is rising
Data Flipped: R8 is setting
Data Flipped: C27 is setting
Data Flipped: R1 is setting
Data Flipped: C42 is setting
Data Flipped: C41 is setting
Data Flipped: C33 is setting
Data Flipped: E29 is setting
  Parsed 11/11 files successfully.
  Bounding box: lat [7.7, 77.9]  lon [-150.0, -47.6]  |  vertices: 198
  Final group: 11 occultation(s), 198 mesh vertices
  Saved trim diagnostic → ./Figures/GroupKF/group_2024-10-10_0430__LAT+030_LON-120_trim.png
  [1/11] Building H for GN05 04:37 (609 rays) …
  -> Building H Matrix (609 rays, parallel)...
  [2/11] Building H for GN05 04:39 (518 rays) …
  -> Building H Matrix (518 rays, parallel)...
  [3/11] Building H for GN05 04:41 (371 rays) …
  -> Building H Matrix (371 rays, parallel)...
  [4/11] Building H for GN05 04:47 (363 rays) …
  -> Building H Matrix (363 rays, parallel)...
  [5/11] Building H for GN05 04:55 (405 rays) …
  -> Building H Matrix (405 rays, parallel)...
  [6/11] Building H for GN05 04:56 (854 rays) …
  -> Building H Matrix (854 rays, parallel)...
  [7/11] Building H for GN05 04:56 (471 rays) …
  -> Building H Matrix (471 rays, parallel)...
  [8/11] Building H for GN05 04:57 (668 rays) …
  -> Building H Matrix (668 rays, parallel)...
  [9/11] Building H for GN05 04:57 (499 rays) …
  -> Building H Matrix (499 rays, parallel)...
  [10/11] Building H for GN05 04:58 (403 rays) …
  -> Building H Matrix (403 rays, parallel)...
  [11/11] Building H for GN05 04:58 (377 rays) …
  -> Building H Matrix (377 rays, parallel)...
  Combined H shape : (5538, 10098)  (total rays = 5538)
  Running sequential KF assimilation …
  [step 1/11] Assimilating GN05 04:37 (609 rays) …
  [!] Error in group 2024-10-10_0430__LAT+030_LON-120: podTc2_data must be provided when distance_localization=True (needed to compute ray midpoints for the localization matrix).

[105/494]
────────────────────────────────────────────────────────────
  Group : 2024-10-10_0430__LAT+030_LON-180
  Window: 2024-10-10_0430  |  Region: LAT+030_LON-180  |  2 occultation(s)
────────────────────────────────────────────────────────────
E34 is rising
E3 is rising
  Parsed 2/2 files successfully.
  Bounding box: lat [20.4, 83.6]  lon [-178.0, -102.5]  |  vertices: 112
  Final group: 2 occultation(s), 112 mesh vertices
  Saved trim diagnostic → ./Figures/GroupKF/group_2024-10-10_0430__LAT+030_LON-180_trim.png
  [1/2] Building H for GN05 04:43 (458 rays) …
  -> Building H Matrix (458 rays, parallel)...
  [2/2] Building H for GN05 04:45 (463 rays) …
  -> Building H Matrix (463 rays, parallel)...
  Combined H shape : (921, 5712)  (total rays = 921)
  Running sequential KF assimilation …
  [step 1/2] Assimilating GN05 04:43 (458 rays) …
  [!] Error in group 2024-10-10_0430__LAT+030_LON-180: podTc2_data must be provided when distance_localization=True (needed to compute ray midpoints for the localization matrix).

[106/494]
────────────────────────────────────────────────────────────
  Group : 2024-10-10_0430__POLAR_N
  Window: 2024-10-10_0430  |  Region: POLAR_N  |  7 occultation(s)
────────────────────────────────────────────────────────────
G6 is rising
E24 is rising
C35 is rising
R15 is rising
C36 is rising
E36 is rising
R19 is rising
  Parsed 7/7 files successfully.
  [polar] Bounding box: lat [39.6, 90.0]  lon [-180.0, 180.0]  |  vertices: 299
  Final group: 7 occultation(s), 299 mesh vertices
  Saved trim diagnostic → ./Figures/GroupKF/group_2024-10-10_0430__POLAR_N_trim.png
  [1/7] Building H for GN05 04:48 (452 rays) …
  -> Building H Matrix (452 rays, parallel)...
  [2/7] Building H for GN05 04:50 (683 rays) …
  -> Building H Matrix (683 rays, parallel)...
  [3/7] Building H for GN05 04:51 (545 rays) …
  -> Building H Matrix (545 rays, parallel)...
  [4/7] Building H for GN05 04:53 (383 rays) …
  -> Building H Matrix (383 rays, parallel)...
  [5/7] Building H for GN05 04:53 (391 rays) …
  -> Building H Matrix (391 rays, parallel)...
  [6/7] Building H for GN05 04:53 (468 rays) …
  -> Building H Matrix (468 rays, parallel)...
  [7/7] Building H for GN05 04:54 (462 rays) …
  -> Building H Matrix (462 rays, parallel)...
  Combined H shape : (3384, 15249)  (total rays = 3384)
  Running sequential KF assimilation …
  [step 1/7] Assimilating GN05 04:48 (452 rays) …
  [!] Error in group 2024-10-10_0430__POLAR_N: podTc2_data must be provided when distance_localization=True (needed to compute ray midpoints for the localization matrix).

[107/494]
────────────────────────────────────────────────────────────
  Group : 2024-10-10_0500__POLAR_N
  Window: 2024-10-10_0500  |  Region: POLAR_N  |  17 occultation(s)
────────────────────────────────────────────────────────────
E25 is rising
G14 is rising
C45 is rising
Data Flipped: R24 is setting
R16 is rising
E8 is rising
Data Flipped: E19 is setting
Data Flipped: G23 is setting
Data Flipped: C24 is setting
Data Flipped: E33 is setting
Data Flipped: C38 is setting
Data Flipped: R11 is setting
Data Flipped: G28 is setting
Data Flipped: G8 is setting
Data Flipped: C25 is setting
Data Flipped: C28 is setting
Data Flipped: E4 is setting
  Parsed 17/17 files successfully.
  [polar] Bounding box: lat [40.3, 90.0]  lon [-180.0, 180.0]  |  vertices: 292
  Final group: 17 occultation(s), 292 mesh vertices
  Saved trim diagnostic → ./Figures/GroupKF/group_2024-10-10_0500__POLAR_N_trim.png
  [1/17] Building H for GN05 05:00 (482 rays) …
  -> Building H Matrix (482 rays, parallel)...
  [2/17] Building H for GN05 05:00 (449 rays) …
  -> Building H Matrix (449 rays, parallel)...
  [3/17] Building H for GN05 05:01 (369 rays) …
  -> Building H Matrix (369 rays, parallel)...
  [4/17] Building H for GN05 05:02 (641 rays) …
  -> Building H Matrix (641 rays, parallel)...
  [5/17] Building H for GN05 05:02 (379 rays) …
  -> Building H Matrix (379 rays, parallel)...
  [6/17] Building H for GN05 05:03 (681 rays) …
  -> Building H Matrix (681 rays, parallel)...
  [7/17] Building H for GN05 05:03 (428 rays) …
  -> Building H Matrix (428 rays, parallel)...
  [8/17] Building H for GN05 05:05 (604 rays) …
  -> Building H Matrix (604 rays, parallel)...
  [9/17] Building H for GN05 05:06 (115 rays) …
  -> Building H Matrix (115 rays, parallel)...
  [10/17] Building H for GN05 05:08 (457 rays) …
  -> Building H Matrix (457 rays, parallel)...
  [11/17] Building H for GN05 05:08 (418 rays) …
  -> Building H Matrix (418 rays, parallel)...
  [12/17] Building H for GN05 05:10 (427 rays) …
  -> Building H Matrix (427 rays, parallel)...
  [13/17] Building H for GN05 05:11 (362 rays) …
  -> Building H Matrix (362 rays, parallel)...
  [14/17] Building H for GN05 05:12 (1118 rays) …
  -> Building H Matrix (1118 rays, parallel)...
  [15/17] Building H for GN05 05:15 (268 rays) …
  -> Building H Matrix (268 rays, parallel)...
  [16/17] Building H for GN05 05:16 (394 rays) …
  -> Building H Matrix (394 rays, parallel)...
  [17/17] Building H for GN05 05:17 (603 rays) …
  -> Building H Matrix (603 rays, parallel)...
  Combined H shape : (8195, 14892)  (total rays = 8195)
  Running sequential KF assimilation …
  [step 1/17] Assimilating GN05 05:00 (482 rays) …
  [!] Error in group 2024-10-10_0500__POLAR_N: podTc2_data must be provided when distance_localization=True (needed to compute ray midpoints for the localization matrix).

[108/494]
────────────────────────────────────────────────────────────
  Group : 2024-10-10_0500__LAT+030_LON+060
  Window: 2024-10-10_0500  |  Region: LAT+030_LON+060  |  15 occultation(s)
────────────────────────────────────────────────────────────
C29 is rising
R18 is rising
G17 is rising
E2 is rising
R9 is rising
G24 is rising
C26 is rising
Data Flipped: E26 is setting
Data Flipped: G31 is setting
Data Flipped: E21 is setting
Data Flipped: G27 is setting
Data Flipped: R12 is setting
Data Flipped: G26 is setting
Data Flipped: E6 is setting
Data Flipped: C23 is setting
  Parsed 15/15 files successfully.
    [skip] GN05 05:28 — only 11 valid rays
  Bounding box: lat [4.8, 84.0]  lon [36.1, 131.9]  |  vertices: 200
  Final group: 14 occultation(s), 200 mesh vertices
  Saved trim diagnostic → ./Figures/GroupKF/group_2024-10-10_0500__LAT+030_LON+060_trim.png
  [1/14] Building H for GN05 05:00 (445 rays) …
  -> Building H Matrix (445 rays, parallel)...
  [2/14] Building H for GN05 05:03 (490 rays) …
  -> Building H Matrix (490 rays, parallel)...
  [3/14] Building H for GN05 05:04 (449 rays) …
  -> Building H Matrix (449 rays, parallel)...
  [4/14] Building H for GN05 05:05 (383 rays) …
  -> Building H Matrix (383 rays, parallel)...
  [5/14] Building H for GN05 05:11 (369 rays) …
  -> Building H Matrix (369 rays, parallel)...
  [6/14] Building H for GN05 05:12 (368 rays) …
  -> Building H Matrix (368 rays, parallel)...
  [7/14] Building H for GN05 05:12 (392 rays) …
  -> Building H Matrix (392 rays, parallel)...
  [8/14] Building H for GN05 05:18 (464 rays) …
  -> Building H Matrix (464 rays, parallel)...
  [9/14] Building H for GN05 05:18 (365 rays) …
  -> Building H Matrix (365 rays, parallel)...
  [10/14] Building H for GN05 05:20 (460 rays) …
  -> Building H Matrix (460 rays, parallel)...
  [11/14] Building H for GN05 05:22 (523 rays) …
  -> Building H Matrix (523 rays, parallel)...
  [12/14] Building H for GN05 05:22 (376 rays) …
  -> Building H Matrix (376 rays, parallel)...
  [13/14] Building H for GN05 05:25 (375 rays) …
  -> Building H Matrix (375 rays, parallel)...
  [14/14] Building H for GN05 05:26 (659 rays) …
  -> Building H Matrix (659 rays, parallel)...
  Combined H shape : (6118, 10200)  (total rays = 6118)
  Running sequential KF assimilation …
  [step 1/14] Assimilating GN05 05:00 (445 rays) …
  [!] Error in group 2024-10-10_0500__LAT+030_LON+060: podTc2_data must be provided when distance_localization=True (needed to compute ray midpoints for the localization matrix).

[109/494]
────────────────────────────────────────────────────────────
  Group : 2024-10-10_0500__LAT+030_LON-120
  Window: 2024-10-10_0500  |  Region: LAT+030_LON-120  |  4 occultation(s)
────────────────────────────────────────────────────────────
Data Flipped: G32 is setting
Data Flipped: G10 is setting
Data Flipped: R2 is setting
Data Flipped: C39 is setting
  Parsed 4/4 files successfully.
  Bounding box: lat [28.5, 82.6]  lon [-165.8, -46.9]  |  vertices: 141
  Final group: 4 occultation(s), 141 mesh vertices
  Saved trim diagnostic → ./Figures/GroupKF/group_2024-10-10_0500__LAT+030_LON-120_trim.png
  [1/4] Building H for GN05 05:00 (385 rays) …
  -> Building H Matrix (385 rays, parallel)...
  [2/4] Building H for GN05 05:01 (433 rays) …
  -> Building H Matrix (433 rays, parallel)...
  [3/4] Building H for GN05 05:01 (808 rays) …
  -> Building H Matrix (808 rays, parallel)...
  [4/4] Building H for GN05 05:05 (91 rays) …
  -> Building H Matrix (91 rays, parallel)...
  Combined H shape : (1717, 7191)  (total rays = 1717)
  Running sequential KF assimilation …
  [step 1/4] Assimilating GN05 05:00 (385 rays) …
  [!] Error in group 2024-10-10_0500__LAT+030_LON-120: podTc2_data must be provided when distance_localization=True (needed to compute ray midpoints for the localization matrix).

[110/494]
────────────────────────────────────────────────────────────
  Group : 2024-10-10_0500__LAT+030_LON-180
  Window: 2024-10-10_0500  |  Region: LAT+030_LON-180  |  1 occultation(s)
────────────────────────────────────────────────────────────
Data Flipped: E27 is setting
  Parsed 1/1 files successfully.
  Bounding box: lat [37.7, 82.5]  lon [-171.4, -100.5]  |  vertices: 63
  Final group: 1 occultation(s), 63 mesh vertices
  Saved trim diagnostic → ./Figures/GroupKF/group_2024-10-10_0500__LAT+030_LON-180_trim.png
  [1/1] Building H for GN05 05:04 (662 rays) …
  -> Building H Matrix (662 rays, parallel)...
  Combined H shape : (662, 3213)  (total rays = 662)
  Running sequential KF assimilation …
  [step 1/1] Assimilating GN05 05:04 (662 rays) …
  [!] Error in group 2024-10-10_0500__LAT+030_LON-180: podTc2_data must be provided when distance_localization=True (needed to compute ray midpoints for the localization matrix).

[111/494]
────────────────────────────────────────────────────────────
  Group : 2024-10-10_0500__LAT+000_LON+060
  Window: 2024-10-10_0500  |  Region: LAT+000_LON+060  |  12 occultation(s)
────────────────────────────────────────────────────────────
G3 is rising
E11 is rising
C30 is rising
E30 is rising
E7 is rising
G12 is rising
R7 is rising
Data Flipped: G18 is setting
Data Flipped: R22 is setting
Data Flipped: C40 is setting
Data Flipped: C43 is setting
Data Flipped: G4 is setting
  Parsed 12/12 files successfully.
  Bounding box: lat [-20.0, 81.6]  lon [34.2, 135.4]  |  vertices: 308
  [trim] n_geo=308 > MAX_MESH_VERTICES=300 — dropping GN05 05:11 (20.9° from centroid)
  Bounding box: lat [-19.9, 81.6]  lon [34.2, 135.4]  |  vertices: 308
  [trim] n_geo=308 > MAX_MESH_VERTICES=300 — dropping GN05 05:29 (17.8° from centroid)
  Bounding box: lat [-19.9, 81.6]  lon [34.2, 135.4]  |  vertices: 308
  [trim] n_geo=308 > MAX_MESH_VERTICES=300 — dropping GN05 05:07 (18.9° from centroid)
  Bounding box: lat [-19.9, 81.6]  lon [34.2, 135.4]  |  vertices: 308
  [trim] n_geo=308 > MAX_MESH_VERTICES=300 — dropping GN05 05:06 (15.4° from centroid)
  Bounding box: lat [-19.9, 55.9]  lon [67.6, 118.2]  |  vertices: 135
  Final group: 8 occultation(s), 135 mesh vertices
  Saved trim diagnostic → ./Figures/GroupKF/group_2024-10-10_0500__LAT+000_LON+060_trim.png
  [1/8] Building H for GN05 05:13 (444 rays) …
  -> Building H Matrix (444 rays, parallel)...
  [2/8] Building H for GN05 05:17 (556 rays) …
  -> Building H Matrix (556 rays, parallel)...
  [3/8] Building H for GN05 05:19 (502 rays) …
  -> Building H Matrix (502 rays, parallel)...
  [4/8] Building H for GN05 05:24 (1139 rays) …
  -> Building H Matrix (1139 rays, parallel)...
  [5/8] Building H for GN05 05:25 (558 rays) …
  -> Building H Matrix (558 rays, parallel)...
  [6/8] Building H for GN05 05:28 (488 rays) …
  -> Building H Matrix (488 rays, parallel)...
  [7/8] Building H for GN05 05:28 (468 rays) …
  -> Building H Matrix (468 rays, parallel)...
  [8/8] Building H for GN05 05:28 (218 rays) …
  -> Building H Matrix (218 rays, parallel)...
  Combined H shape : (4373, 6885)  (total rays = 4373)
  Running sequential KF assimilation …
  [step 1/8] Assimilating GN05 05:13 (444 rays) …
  [!] Error in group 2024-10-10_0500__LAT+000_LON+060: podTc2_data must be provided when distance_localization=True (needed to compute ray midpoints for the localization matrix).

[112/494]
────────────────────────────────────────────────────────────
  Group : 2024-10-10_0500__LAT+030_LON+120
  Window: 2024-10-10_0500  |  Region: LAT+030_LON+120  |  1 occultation(s)
────────────────────────────────────────────────────────────
G15 is rising
  Parsed 1/1 files successfully.
  Bounding box: lat [40.9, 69.5]  lon [86.0, -118.4]  |  vertices: 101
  Final group: 1 occultation(s), 101 mesh vertices
  Saved trim diagnostic → ./Figures/GroupKF/group_2024-10-10_0500__LAT+030_LON+120_trim.png
  [1/1] Building H for GN05 05:10 (808 rays) …
  -> Building H Matrix (808 rays, parallel)...
  Combined H shape : (808, 5151)  (total rays = 808)
  Running sequential KF assimilation …
  [step 1/1] Assimilating GN05 05:10 (808 rays) …
  [!] Error in group 2024-10-10_0500__LAT+030_LON+120: podTc2_data must be provided when distance_localization=True (needed to compute ray midpoints for the localization matrix).

[113/494]
────────────────────────────────────────────────────────────
  Group : 2024-10-10_0500__LAT-030_LON+060
  Window: 2024-10-10_0500  |  Region: LAT-030_LON+060  |  9 occultation(s)
────────────────────────────────────────────────────────────
R17 is rising
E10 is rising
R8 is rising
R1 is rising
E29 is rising
C33 is rising
C41 is rising
G32 is rising
C24 is rising
  Parsed 9/9 files successfully.
  Bounding box: lat [-48.9, 15.8]  lon [42.1, 105.2]  |  vertices: 149
  Final group: 9 occultation(s), 149 mesh vertices
  Saved trim diagnostic → ./Figures/GroupKF/group_2024-10-10_0500__LAT-030_LON+060_trim.png
  [1/9] Building H for GN05 05:16 (645 rays) …
  -> Building H Matrix (645 rays, parallel)...
  [2/9] Building H for GN05 05:16 (608 rays) …
  -> Building H Matrix (608 rays, parallel)...
  [3/9] Building H for GN05 05:20 (504 rays) …
  -> Building H Matrix (504 rays, parallel)...
  [4/9] Building H for GN05 05:22 (405 rays) …
  -> Building H Matrix (405 rays, parallel)...
  [5/9] Building H for GN05 05:23 (396 rays) …
  -> Building H Matrix (396 rays, parallel)...
  [6/9] Building H for GN05 05:23 (461 rays) …
  -> Building H Matrix (461 rays, parallel)...
  [7/9] Building H for GN05 05:24 (421 rays) …
  -> Building H Matrix (421 rays, parallel)...
  [8/9] Building H for GN05 05:24 (387 rays) …
  -> Building H Matrix (387 rays, parallel)...
  [9/9] Building H for GN05 05:24 (431 rays) …
  -> Building H Matrix (431 rays, parallel)...
  Combined H shape : (4258, 7599)  (total rays = 4258)
  Running sequential KF assimilation …
  [step 1/9] Assimilating GN05 05:16 (645 rays) …
  [!] Error in group 2024-10-10_0500__LAT-030_LON+060: podTc2_data must be provided when distance_localization=True (needed to compute ray midpoints for the localization matrix).

[114/494]
────────────────────────────────────────────────────────────
  Group : 2024-10-10_0500__LAT-060_LON+000
  Window: 2024-10-10_0500  |  Region: LAT-060_LON+000  |  1 occultation(s)
────────────────────────────────────────────────────────────
E12 is rising
  Parsed 1/1 files successfully.
  Bounding box: lat [-64.6, -11.7]  lon [44.1, 69.1]  |  vertices: 41
  Final group: 1 occultation(s), 41 mesh vertices
  Saved trim diagnostic → ./Figures/GroupKF/group_2024-10-10_0500__LAT-060_LON+000_trim.png
  [1/1] Building H for GN05 05:24 (534 rays) …
  -> Building H Matrix (534 rays, parallel)...
  Combined H shape : (534, 2091)  (total rays = 534)
  Running sequential KF assimilation …
  [step 1/1] Assimilating GN05 05:24 (534 rays) …
  [!] Error in group 2024-10-10_0500__LAT-060_LON+000: podTc2_data must be provided when distance_localization=True (needed to compute ray midpoints for the localization matrix).

[115/494]
────────────────────────────────────────────────────────────
  Group : 2024-10-10_0500__LAT-060_LON+060
  Window: 2024-10-10_0500  |  Region: LAT-060_LON+060  |  3 occultation(s)
────────────────────────────────────────────────────────────
C39 is rising
G10 is rising
E19 is rising
  Parsed 3/3 files successfully.
  Bounding box: lat [-70.6, -4.8]  lon [44.6, 95.3]  |  vertices: 100
  Final group: 3 occultation(s), 100 mesh vertices
  Saved trim diagnostic → ./Figures/GroupKF/group_2024-10-10_0500__LAT-060_LON+060_trim.png
  [1/3] Building H for GN05 05:26 (389 rays) …
  -> Building H Matrix (389 rays, parallel)...
  [2/3] Building H for GN05 05:28 (517 rays) …
  -> Building H Matrix (517 rays, parallel)...
  [3/3] Building H for GN05 05:28 (400 rays) …
  -> Building H Matrix (400 rays, parallel)...
  Combined H shape : (1306, 5100)  (total rays = 1306)
  Running sequential KF assimilation …
  [step 1/3] Assimilating GN05 05:26 (389 rays) …
  [!] Error in group 2024-10-10_0500__LAT-060_LON+060: podTc2_data must be provided when distance_localization=True (needed to compute ray midpoints for the localization matrix).

[116/494]
────────────────────────────────────────────────────────────
  Group : 2024-10-10_0500__LAT-030_LON+000
  Window: 2024-10-10_0500  |  Region: LAT-030_LON+000  |  1 occultation(s)
────────────────────────────────────────────────────────────
R2 is rising
  Parsed 1/1 files successfully.
  Bounding box: lat [-49.2, -2.1]  lon [34.9, 73.7]  |  vertices: 65
  Final group: 1 occultation(s), 65 mesh vertices
  Saved trim diagnostic → ./Figures/GroupKF/group_2024-10-10_0500__LAT-030_LON+000_trim.png
  [1/1] Building H for GN05 05:29 (625 rays) …
  -> Building H Matrix (625 rays, parallel)...
  Combined H shape : (625, 3315)  (total rays = 625)
  Running sequential KF assimilation …
  [step 1/1] Assimilating GN05 05:29 (625 rays) …
  [!] Error in group 2024-10-10_0500__LAT-030_LON+000: podTc2_data must be provided when distance_localization=True (needed to compute ray midpoints for the localization matrix).

[117/494]
────────────────────────────────────────────────────────────
  Group : 2024-10-10_0530__LAT-060_LON+060
  Window: 2024-10-10_0530  |  Region: LAT-060_LON+060  |  12 occultation(s)
────────────────────────────────────────────────────────────
C42 is rising
R11 is rising
G28 is rising
C25 is rising
Data Flipped: C21 is setting
Data Flipped: R21 is setting
Data Flipped: R5 is setting
Data Flipped: E5 is setting
Data Flipped: G5 is setting
Data Flipped: C22 is setting
Data Flipped: E15 is setting
Data Flipped: E3 is setting
  Parsed 12/12 files successfully.
  Bounding box: lat [-80.8, 10.1]  lon [-5.0, 149.0]  |  vertices: 410
  [trim] n_geo=410 > MAX_MESH_VERTICES=300 — dropping GN05 05:36 (19.6° from centroid)
  Bounding box: lat [-80.8, 10.1]  lon [-5.0, 149.0]  |  vertices: 410
  [trim] n_geo=410 > MAX_MESH_VERTICES=300 — dropping GN05 05:44 (17.0° from centroid)
  Bounding box: lat [-80.8, 10.1]  lon [-5.0, 149.0]  |  vertices: 410
  [trim] n_geo=410 > MAX_MESH_VERTICES=300 — dropping GN05 05:34 (16.9° from centroid)
  Bounding box: lat [-80.8, 10.1]  lon [-5.0, 149.0]  |  vertices: 410
  [trim] n_geo=410 > MAX_MESH_VERTICES=300 — dropping GN05 05:49 (15.1° from centroid)
  Bounding box: lat [-80.8, 10.1]  lon [-5.0, 149.0]  |  vertices: 410
  [trim] n_geo=410 > MAX_MESH_VERTICES=300 — dropping GN05 05:49 (16.4° from centroid)
  Bounding box: lat [-80.8, 10.1]  lon [-5.0, 149.0]  |  vertices: 410
  [trim] n_geo=410 > MAX_MESH_VERTICES=300 — dropping GN05 05:44 (9.5° from centroid)
  Bounding box: lat [-80.8, 10.1]  lon [-5.0, 149.0]  |  vertices: 410
  [trim] n_geo=410 > MAX_MESH_VERTICES=300 — dropping GN05 05:42 (8.0° from centroid)
  Bounding box: lat [-80.8, 10.1]  lon [-5.0, 149.0]  |  vertices: 410
  [trim] n_geo=410 > MAX_MESH_VERTICES=300 — dropping GN05 05:42 (6.3° from centroid)
  Bounding box: lat [-80.8, 10.1]  lon [-5.0, 149.0]  |  vertices: 410
  [trim] n_geo=410 > MAX_MESH_VERTICES=300 — dropping GN05 05:44 (5.3° from centroid)
  Bounding box: lat [-80.8, 10.1]  lon [-5.0, 149.0]  |  vertices: 410
  [trim] n_geo=410 > MAX_MESH_VERTICES=300 — dropping GN05 05:46 (4.3° from centroid)
  Bounding box: lat [-80.8, 10.1]  lon [-5.0, 149.0]  |  vertices: 410
  [trim] n_geo=410 > MAX_MESH_VERTICES=300 — dropping GN05 05:33 (1.2° from centroid)
  Bounding box: lat [-80.8, 10.1]  lon [-5.0, 149.0]  |  vertices: 410
  Final group: 1 occultation(s), 410 mesh vertices
  Saved trim diagnostic → ./Figures/GroupKF/group_2024-10-10_0530__LAT-060_LON+060_trim.png
  [1/1] Building H for GN05 05:30 (2101 rays) …
  -> Building H Matrix (2101 rays, parallel)...
  Combined H shape : (2101, 20910)  (total rays = 2101)
  Running sequential KF assimilation …
  [step 1/1] Assimilating GN05 05:30 (2101 rays) …
  [!] Error in group 2024-10-10_0530__LAT-060_LON+060: podTc2_data must be provided when distance_localization=True (needed to compute ray midpoints for the localization matrix).

[118/494]
────────────────────────────────────────────────────────────
  Group : 2024-10-10_0530__LAT-030_LON+060
  Window: 2024-10-10_0530  |  Region: LAT-030_LON+060  |  5 occultation(s)
────────────────────────────────────────────────────────────
E27 is rising
Data Flipped: C34 is setting
Data Flipped: G29 is setting
Data Flipped: R14 is setting
Data not high enough. Skipping.
    [skip] podTc2_GN05.2024.284.05.45.0014.R07.01_0000.0001_nc — parse returned None
  Parsed 4/5 files successfully.
  Bounding box: lat [-67.2, 27.8]  lon [36.1, 114.8]  |  vertices: 250
  Final group: 4 occultation(s), 250 mesh vertices
  Saved trim diagnostic → ./Figures/GroupKF/group_2024-10-10_0530__LAT-030_LON+060_trim.png
  [1/4] Building H for GN05 05:30 (657 rays) …
  -> Building H Matrix (657 rays, parallel)...
  [2/4] Building H for GN05 05:33 (692 rays) …
  -> Building H Matrix (692 rays, parallel)...
  [3/4] Building H for GN05 05:36 (1329 rays) …
  -> Building H Matrix (1329 rays, parallel)...
  [4/4] Building H for GN05 05:40 (403 rays) …
  -> Building H Matrix (403 rays, parallel)...
  Combined H shape : (3081, 12750)  (total rays = 3081)
  Running sequential KF assimilation …
  [step 1/4] Assimilating GN05 05:30 (657 rays) …
  [!] Error in group 2024-10-10_0530__LAT-030_LON+060: podTc2_data must be provided when distance_localization=True (needed to compute ray midpoints for the localization matrix).

[119/494]
────────────────────────────────────────────────────────────
  Group : 2024-10-10_0530__LAT+000_LON+060
  Window: 2024-10-10_0530  |  Region: LAT+000_LON+060  |  5 occultation(s)
────────────────────────────────────────────────────────────
Data Flipped: E13 is setting
Data Flipped: C37 is setting
Data Flipped: E31 is setting
Data Flipped: E9 is setting
Data Flipped: R3 is setting
  Parsed 5/5 files successfully.
  Bounding box: lat [-40.2, 34.5]  lon [37.8, 105.9]  |  vertices: 190
  Final group: 5 occultation(s), 190 mesh vertices
  Saved trim diagnostic → ./Figures/GroupKF/group_2024-10-10_0530__LAT+000_LON+060_trim.png
  [1/5] Building H for GN05 05:31 (609 rays) …
  -> Building H Matrix (609 rays, parallel)...
  [2/5] Building H for GN05 05:32 (380 rays) …
  -> Building H Matrix (380 rays, parallel)...
  [3/5] Building H for GN05 05:32 (438 rays) …
  -> Building H Matrix (438 rays, parallel)...
  [4/5] Building H for GN05 05:34 (550 rays) …
  -> Building H Matrix (550 rays, parallel)...
  [5/5] Building H for GN05 05:34 (1857 rays) …
  -> Building H Matrix (1857 rays, parallel)...
  Combined H shape : (3834, 9690)  (total rays = 3834)
  Running sequential KF assimilation …
  [step 1/5] Assimilating GN05 05:31 (609 rays) …
  [!] Error in group 2024-10-10_0530__LAT+000_LON+060: podTc2_data must be provided when distance_localization=True (needed to compute ray midpoints for the localization matrix).

[120/494]
────────────────────────────────────────────────────────────
  Group : 2024-10-10_0530__LAT-030_LON+000
  Window: 2024-10-10_0530  |  Region: LAT-030_LON+000  |  5 occultation(s)
────────────────────────────────────────────────────────────
C32 is rising
Data Flipped: G9 is setting
Data Flipped: R4 is setting
Data Flipped: C20 is setting
Data Flipped: E24 is setting
  Parsed 5/5 files successfully.
  Bounding box: lat [-79.0, 6.9]  lon [-39.5, 77.8]  |  vertices: 297
  Final group: 5 occultation(s), 297 mesh vertices
  Saved trim diagnostic → ./Figures/GroupKF/group_2024-10-10_0530__LAT-030_LON+000_trim.png
  [1/5] Building H for GN05 05:32 (990 rays) …
  -> Building H Matrix (990 rays, parallel)...
  [2/5] Building H for GN05 05:39 (525 rays) …
  -> Building H Matrix (525 rays, parallel)...
  [3/5] Building H for GN05 05:41 (526 rays) …
  -> Building H Matrix (526 rays, parallel)...
  [4/5] Building H for GN05 05:42 (4483 rays) …
  -> Building H Matrix (4483 rays, parallel)...
  [5/5] Building H for GN05 05:43 (645 rays) …
  -> Building H Matrix (645 rays, parallel)...
  Combined H shape : (7169, 15147)  (total rays = 7169)
  Running sequential KF assimilation …
  [step 1/5] Assimilating GN05 05:32 (990 rays) …
  [!] Error in group 2024-10-10_0530__LAT-030_LON+000: podTc2_data must be provided when distance_localization=True (needed to compute ray midpoints for the localization matrix).

[121/494]
────────────────────────────────────────────────────────────
  Group : 2024-10-10_0530__POLAR_S
  Window: 2024-10-10_0530  |  Region: POLAR_S  |  18 occultation(s)
────────────────────────────────────────────────────────────
C27 is rising
R24 is rising
E33 is rising
C38 is rising
G23 is rising
G31 is rising
E4 is rising
C28 is rising
E21 is rising
R12 is rising
G26 is rising
C23 is rising
Data Flipped: R15 is setting
Data Flipped: G15 is setting
Data Flipped: C36 is setting
Data Flipped: C44 is setting
Data Flipped: E8 is setting
Data Flipped: G11 is setting
  Parsed 18/18 files successfully.
  [polar] Bounding box: lat [-90.0, -40.0]  lon [-180.0, 180.0]  |  vertices: 295
  Final group: 18 occultation(s), 295 mesh vertices
  Saved trim diagnostic → ./Figures/GroupKF/group_2024-10-10_0530__POLAR_S_trim.png
  [1/18] Building H for GN05 05:33 (691 rays) …
  -> Building H Matrix (691 rays, parallel)...
  [2/18] Building H for GN05 05:34 (546 rays) …
  -> Building H Matrix (546 rays, parallel)...
  [3/18] Building H for GN05 05:36 (450 rays) …
  -> Building H Matrix (450 rays, parallel)...
  [4/18] Building H for GN05 05:37 (671 rays) …
  -> Building H Matrix (671 rays, parallel)...
  [5/18] Building H for GN05 05:38 (1150 rays) …
  -> Building H Matrix (1150 rays, parallel)...
  [6/18] Building H for GN05 05:41 (368 rays) …
  -> Building H Matrix (368 rays, parallel)...
  [7/18] Building H for GN05 05:43 (604 rays) …
  -> Building H Matrix (604 rays, parallel)...
  [8/18] Building H for GN05 05:44 (459 rays) …
  -> Building H Matrix (459 rays, parallel)...
  [9/18] Building H for GN05 05:45 (585 rays) …
  -> Building H Matrix (585 rays, parallel)...
  [10/18] Building H for GN05 05:45 (409 rays) …
  -> Building H Matrix (409 rays, parallel)...
  [11/18] Building H for GN05 05:48 (417 rays) …
  -> Building H Matrix (417 rays, parallel)...
  [12/18] Building H for GN05 05:49 (379 rays) …
  -> Building H Matrix (379 rays, parallel)...
  [13/18] Building H for GN05 05:52 (442 rays) …
  -> Building H Matrix (442 rays, parallel)...
  [14/18] Building H for GN05 05:54 (706 rays) …
  -> Building H Matrix (706 rays, parallel)...
  [15/18] Building H for GN05 05:56 (419 rays) …
  -> Building H Matrix (419 rays, parallel)...
  [16/18] Building H for GN05 05:56 (701 rays) …
  -> Building H Matrix (701 rays, parallel)...
  [17/18] Building H for GN05 05:57 (577 rays) …
  -> Building H Matrix (577 rays, parallel)...
  [18/18] Building H for GN05 05:58 (466 rays) …
  -> Building H Matrix (466 rays, parallel)...
  Combined H shape : (10040, 15045)  (total rays = 10040)
  Running sequential KF assimilation …
  [step 1/18] Assimilating GN05 05:33 (691 rays) …
  [!] Error in group 2024-10-10_0530__POLAR_S: podTc2_data must be provided when distance_localization=True (needed to compute ray midpoints for the localization matrix).

[122/494]
────────────────────────────────────────────────────────────
  Group : 2024-10-10_0530__LAT-060_LON+000
  Window: 2024-10-10_0530  |  Region: LAT-060_LON+000  |  3 occultation(s)
────────────────────────────────────────────────────────────
Data Flipped: G7 is setting
Data Flipped: C19 is setting
Data Flipped: G30 is setting
  Parsed 3/3 files successfully.
  Bounding box: lat [-70.5, -12.3]  lon [-12.9, 73.5]  |  vertices: 145
  Final group: 3 occultation(s), 145 mesh vertices
  Saved trim diagnostic → ./Figures/GroupKF/group_2024-10-10_0530__LAT-060_LON+000_trim.png
  [1/3] Building H for GN05 05:44 (384 rays) …
  -> Building H Matrix (384 rays, parallel)...
  [2/3] Building H for GN05 05:46 (464 rays) …
  -> Building H Matrix (464 rays, parallel)...
  [3/3] Building H for GN05 05:50 (377 rays) …
  -> Building H Matrix (377 rays, parallel)...
  Combined H shape : (1225, 7395)  (total rays = 1225)
  Running sequential KF assimilation …
  [step 1/3] Assimilating GN05 05:44 (384 rays) …
  [!] Error in group 2024-10-10_0530__LAT-060_LON+000: podTc2_data must be provided when distance_localization=True (needed to compute ray midpoints for the localization matrix).

[123/494]
────────────────────────────────────────────────────────────
  Group : 2024-10-10_0530__LAT-060_LON-120
  Window: 2024-10-10_0530  |  Region: LAT-060_LON-120  |  7 occultation(s)
────────────────────────────────────────────────────────────
E26 is rising
G8 is rising
G27 is rising
E6 is rising
C37 is rising
G4 is rising
E31 is rising
  Parsed 7/7 files successfully.
  Bounding box: lat [-83.2, -12.4]  lon [-172.3, -16.2]  |  vertices: 279
  Final group: 7 occultation(s), 279 mesh vertices
  Saved trim diagnostic → ./Figures/GroupKF/group_2024-10-10_0530__LAT-060_LON-120_trim.png
  [1/7] Building H for GN05 05:47 (528 rays) …
  -> Building H Matrix (528 rays, parallel)...
  [2/7] Building H for GN05 05:49 (585 rays) …
  -> Building H Matrix (585 rays, parallel)...
  [3/7] Building H for GN05 05:50 (436 rays) …
  -> Building H Matrix (436 rays, parallel)...
  [4/7] Building H for GN05 05:53 (701 rays) …
  -> Building H Matrix (701 rays, parallel)...
  [5/7] Building H for GN05 05:55 (376 rays) …
  -> Building H Matrix (376 rays, parallel)...
  [6/7] Building H for GN05 05:55 (716 rays) …
  -> Building H Matrix (716 rays, parallel)...
  [7/7] Building H for GN05 05:57 (397 rays) …
  -> Building H Matrix (397 rays, parallel)...
  Combined H shape : (3739, 14229)  (total rays = 3739)
  Running sequential KF assimilation …
  [step 1/7] Assimilating GN05 05:47 (528 rays) …
  [!] Error in group 2024-10-10_0530__LAT-060_LON-120: podTc2_data must be provided when distance_localization=True (needed to compute ray midpoints for the localization matrix).

[124/494]
────────────────────────────────────────────────────────────
  Group : 2024-10-10_0530__LAT-060_LON-180
  Window: 2024-10-10_0530  |  Region: LAT-060_LON-180  |  1 occultation(s)
────────────────────────────────────────────────────────────
C43 is rising
  Parsed 1/1 files successfully.
  Bounding box: lat [-56.2, -17.9]  lon [-142.2, -105.3]  |  vertices: 44
  Final group: 1 occultation(s), 44 mesh vertices
  Saved trim diagnostic → ./Figures/GroupKF/group_2024-10-10_0530__LAT-060_LON-180_trim.png
  [1/1] Building H for GN05 05:53 (412 rays) …
  -> Building H Matrix (412 rays, parallel)...
  Combined H shape : (412, 2244)  (total rays = 412)
  Running sequential KF assimilation …
  [step 1/1] Assimilating GN05 05:53 (412 rays) …
  [!] Error in group 2024-10-10_0530__LAT-060_LON-180: podTc2_data must be provided when distance_localization=True (needed to compute ray midpoints for the localization matrix).

[125/494]
────────────────────────────────────────────────────────────
  Group : 2024-10-10_0530__LAT-030_LON-180
  Window: 2024-10-10_0530  |  Region: LAT-030_LON-180  |  2 occultation(s)
────────────────────────────────────────────────────────────
G18 is rising
C40 is rising
  Parsed 2/2 files successfully.
  Bounding box: lat [-39.3, -4.0]  lon [-138.5, -107.8]  |  vertices: 40
  Final group: 2 occultation(s), 40 mesh vertices
  Saved trim diagnostic → ./Figures/GroupKF/group_2024-10-10_0530__LAT-030_LON-180_trim.png
  [1/2] Building H for GN05 05:57 (366 rays) …
  -> Building H Matrix (366 rays, parallel)...
  [2/2] Building H for GN05 05:57 (335 rays) …
  -> Building H Matrix (335 rays, parallel)...
  Combined H shape : (701, 2040)  (total rays = 701)
  Running sequential KF assimilation …
  [step 1/2] Assimilating GN05 05:57 (366 rays) …
  [!] Error in group 2024-10-10_0530__LAT-030_LON-180: podTc2_data must be provided when distance_localization=True (needed to compute ray midpoints for the localization matrix).

[126/494]
────────────────────────────────────────────────────────────
  Group : 2024-10-10_0530__LAT-030_LON-120
  Window: 2024-10-10_0530  |  Region: LAT-030_LON-120  |  1 occultation(s)
────────────────────────────────────────────────────────────
R22 is rising
  Parsed 1/1 files successfully.
  Bounding box: lat [-34.2, -7.6]  lon [-127.9, -111.0]  |  vertices: 17
  Final group: 1 occultation(s), 17 mesh vertices
  Saved trim diagnostic → ./Figures/GroupKF/group_2024-10-10_0530__LAT-030_LON-120_trim.png
  [1/1] Building H for GN05 05:57 (226 rays) …
  -> Building H Matrix (226 rays, parallel)...
  Combined H shape : (226, 867)  (total rays = 226)
  Running sequential KF assimilation …
  [step 1/1] Assimilating GN05 05:57 (226 rays) …
  [!] Error in group 2024-10-10_0530__LAT-030_LON-120: podTc2_data must be provided when distance_localization=True (needed to compute ray midpoints for the localization matrix).

[127/494]
────────────────────────────────────────────────────────────
  Group : 2024-10-10_0600__POLAR_S
  Window: 2024-10-10_0600  |  Region: POLAR_S  |  5 occultation(s)
────────────────────────────────────────────────────────────
Data Flipped: R20 is setting
Data Flipped: E34 is setting
Data Flipped: E25 is setting
Data Flipped: G14 is setting
Data Flipped: R16 is setting
  Parsed 5/5 files successfully.
  [polar] Bounding box: lat [-90.0, -39.7]  lon [-180.0, 180.0]  |  vertices: 298
  Final group: 5 occultation(s), 298 mesh vertices
  Saved trim diagnostic → ./Figures/GroupKF/group_2024-10-10_0600__POLAR_S_trim.png
  [1/5] Building H for GN05 06:00 (518 rays) …
  -> Building H Matrix (518 rays, parallel)...
  [2/5] Building H for GN05 06:01 (449 rays) …
  -> Building H Matrix (449 rays, parallel)...
  [3/5] Building H for GN05 06:02 (581 rays) …
  -> Building H Matrix (581 rays, parallel)...
  [4/5] Building H for GN05 06:02 (547 rays) …
  -> Building H Matrix (547 rays, parallel)...
  [5/5] Building H for GN05 06:05 (409 rays) …
  -> Building H Matrix (409 rays, parallel)...
  Combined H shape : (2504, 15198)  (total rays = 2504)
  Running sequential KF assimilation …
  [step 1/5] Assimilating GN05 06:00 (518 rays) …
  [!] Error in group 2024-10-10_0600__POLAR_S: podTc2_data must be provided when distance_localization=True (needed to compute ray midpoints for the localization matrix).

[128/494]
────────────────────────────────────────────────────────────
  Group : 2024-10-10_0600__LAT-060_LON-120
  Window: 2024-10-10_0600  |  Region: LAT-060_LON-120  |  7 occultation(s)
────────────────────────────────────────────────────────────
E9 is rising
Data Flipped: C45 is setting
Data Flipped: G6 is setting
Data Flipped: C35 is setting
Data Flipped: G24 is setting
Data Flipped: E2 is setting
Data Flipped: E36 is setting
  Parsed 7/7 files successfully.
    [skip] GN05 06:18 — only 40 valid rays
  Bounding box: lat [-81.5, -12.6]  lon [-133.5, -60.3]  |  vertices: 128
  Final group: 6 occultation(s), 128 mesh vertices
  Saved trim diagnostic → ./Figures/GroupKF/group_2024-10-10_0600__LAT-060_LON-120_trim.png
  [1/6] Building H for GN05 06:01 (456 rays) …
  -> Building H Matrix (456 rays, parallel)...
  [2/6] Building H for GN05 06:06 (376 rays) …
  -> Building H Matrix (376 rays, parallel)...
  [3/6] Building H for GN05 06:07 (480 rays) …
  -> Building H Matrix (480 rays, parallel)...
  [4/6] Building H for GN05 06:08 (455 rays) …
  -> Building H Matrix (455 rays, parallel)...
  [5/6] Building H for GN05 06:13 (390 rays) …
  -> Building H Matrix (390 rays, parallel)...
  [6/6] Building H for GN05 06:18 (127 rays) …
  -> Building H Matrix (127 rays, parallel)...
  Combined H shape : (2284, 6528)  (total rays = 2284)
  Running sequential KF assimilation …
  [step 1/6] Assimilating GN05 06:01 (456 rays) …
  [!] Error in group 2024-10-10_0600__LAT-060_LON-120: podTc2_data must be provided when distance_localization=True (needed to compute ray midpoints for the localization matrix).

[129/494]
────────────────────────────────────────────────────────────
  Group : 2024-10-10_0600__LAT-030_LON-120
  Window: 2024-10-10_0600  |  Region: LAT-030_LON-120  |  9 occultation(s)
────────────────────────────────────────────────────────────
R14 is rising
G9 is rising
G7 is rising
Data Flipped: R9 is setting
Data Flipped: C26 is setting
Data Flipped: R19 is setting
Data Flipped: E30 is setting
Data Flipped: C29 is setting
Data Flipped: G17 is setting
  Parsed 9/9 files successfully.
  Bounding box: lat [-42.9, 5.2]  lon [-124.5, -80.9]  |  vertices: 77
  Final group: 9 occultation(s), 77 mesh vertices
  Saved trim diagnostic → ./Figures/GroupKF/group_2024-10-10_0600__LAT-030_LON-120_trim.png
  [1/9] Building H for GN05 06:03 (213 rays) …
  -> Building H Matrix (213 rays, parallel)...
  [2/9] Building H for GN05 06:05 (375 rays) …
  -> Building H Matrix (375 rays, parallel)...
  [3/9] Building H for GN05 06:06 (220 rays) …
  -> Building H Matrix (220 rays, parallel)...
  [4/9] Building H for GN05 06:17 (197 rays) …
  -> Building H Matrix (197 rays, parallel)...
  [5/9] Building H for GN05 06:18 (183 rays) …
  -> Building H Matrix (183 rays, parallel)...
  [6/9] Building H for GN05 06:18 (221 rays) …
  -> Building H Matrix (221 rays, parallel)...
  [7/9] Building H for GN05 06:21 (200 rays) …
  -> Building H Matrix (200 rays, parallel)...
  [8/9] Building H for GN05 06:23 (135 rays) …
  -> Building H Matrix (135 rays, parallel)...
  [9/9] Building H for GN05 06:23 (295 rays) …
  -> Building H Matrix (295 rays, parallel)...
  Combined H shape : (2039, 3927)  (total rays = 2039)
  Running sequential KF assimilation …
  [step 1/9] Assimilating GN05 06:03 (213 rays) …
  [!] Error in group 2024-10-10_0600__LAT-030_LON-120: podTc2_data must be provided when distance_localization=True (needed to compute ray midpoints for the localization matrix).

[130/494]
────────────────────────────────────────────────────────────
  Group : 2024-10-10_0600__LAT+000_LON-180
  Window: 2024-10-10_0600  |  Region: LAT+000_LON-180  |  10 occultation(s)
────────────────────────────────────────────────────────────
E13 is rising
R7 is rising
C22 is rising
G5 is rising
C21 is rising
E3 is rising
Data Flipped: C24 is setting
Data Flipped: E27 is setting
Data Flipped: R8 is setting
Data Flipped: E29 is setting
  Parsed 10/10 files successfully.
  Bounding box: lat [-26.7, 82.8]  lon [125.8, -112.7]  |  vertices: 401
  [trim] n_geo=401 > MAX_MESH_VERTICES=300 — dropping GN05 06:26 (72.7° from centroid)
  Bounding box: lat [-26.7, 64.6]  lon [-175.9, -112.7]  |  vertices: 195
  Final group: 9 occultation(s), 195 mesh vertices
  Saved trim diagnostic → ./Figures/GroupKF/group_2024-10-10_0600__LAT+000_LON-180_trim.png
  [1/9] Building H for GN05 06:04 (607 rays) …
  -> Building H Matrix (607 rays, parallel)...
  [2/9] Building H for GN05 06:08 (2215 rays) …
  -> Building H Matrix (2215 rays, parallel)...
  [3/9] Building H for GN05 06:11 (400 rays) …
  -> Building H Matrix (400 rays, parallel)...
  [4/9] Building H for GN05 06:12 (428 rays) …
  -> Building H Matrix (428 rays, parallel)...
  [5/9] Building H for GN05 06:14 (472 rays) …
  -> Building H Matrix (472 rays, parallel)...
  [6/9] Building H for GN05 06:14 (379 rays) …
  -> Building H Matrix (379 rays, parallel)...
  [7/9] Building H for GN05 06:25 (411 rays) …
  -> Building H Matrix (411 rays, parallel)...
  [8/9] Building H for GN05 06:25 (537 rays) …
  -> Building H Matrix (537 rays, parallel)...
  [9/9] Building H for GN05 06:29 (443 rays) …
  -> Building H Matrix (443 rays, parallel)...
  Combined H shape : (5892, 9945)  (total rays = 5892)
  Running sequential KF assimilation …
  [step 1/9] Assimilating GN05 06:04 (607 rays) …
  [!] Error in group 2024-10-10_0600__LAT+000_LON-180: podTc2_data must be provided when distance_localization=True (needed to compute ray midpoints for the localization matrix).

[131/494]
────────────────────────────────────────────────────────────
  Group : 2024-10-10_0600__LAT+030_LON-180
  Window: 2024-10-10_0600  |  Region: LAT+030_LON-180  |  5 occultation(s)
────────────────────────────────────────────────────────────
C34 is rising
R21 is rising
E15 is rising
G15 is rising
E8 is rising
  Parsed 5/5 files successfully.
  Bounding box: lat [-0.3, 82.4]  lon [-180.0, -116.7]  |  vertices: 144
  Final group: 5 occultation(s), 144 mesh vertices
  Saved trim diagnostic → ./Figures/GroupKF/group_2024-10-10_0600__LAT+030_LON-180_trim.png
  [1/5] Building H for GN05 06:08 (918 rays) …
  -> Building H Matrix (918 rays, parallel)...
  [2/5] Building H for GN05 06:16 (607 rays) …
  -> Building H Matrix (607 rays, parallel)...
  [3/5] Building H for GN05 06:19 (464 rays) …
  -> Building H Matrix (464 rays, parallel)...
  [4/5] Building H for GN05 06:21 (514 rays) …
  -> Building H Matrix (514 rays, parallel)...
  [5/5] Building H for GN05 06:23 (477 rays) …
  -> Building H Matrix (477 rays, parallel)...
  Combined H shape : (2980, 7344)  (total rays = 2980)
  Running sequential KF assimilation …
  [step 1/5] Assimilating GN05 06:08 (918 rays) …
  [!] Error in group 2024-10-10_0600__LAT+030_LON-180: podTc2_data must be provided when distance_localization=True (needed to compute ray midpoints for the localization matrix).

[132/494]
────────────────────────────────────────────────────────────
  Group : 2024-10-10_0600__LAT+000_LON-120
  Window: 2024-10-10_0600  |  Region: LAT+000_LON-120  |  8 occultation(s)
────────────────────────────────────────────────────────────
E5 is rising
R5 is rising
R4 is rising
E24 is rising
C19 is rising
G30 is rising
R15 is rising
Data Flipped: R18 is setting
  Parsed 8/8 files successfully.
  Bounding box: lat [-23.6, 53.4]  lon [-134.8, -82.3]  |  vertices: 145
  Final group: 8 occultation(s), 145 mesh vertices
  Saved trim diagnostic → ./Figures/GroupKF/group_2024-10-10_0600__LAT+000_LON-120_trim.png
  [1/8] Building H for GN05 06:08 (279 rays) …
  -> Building H Matrix (279 rays, parallel)...
  [2/8] Building H for GN05 06:08 (291 rays) …
  -> Building H Matrix (291 rays, parallel)...
  [3/8] Building H for GN05 06:09 (512 rays) …
  -> Building H Matrix (512 rays, parallel)...
  [4/8] Building H for GN05 06:09 (435 rays) …
  -> Building H Matrix (435 rays, parallel)...
  [5/8] Building H for GN05 06:13 (636 rays) …
  -> Building H Matrix (636 rays, parallel)...
  [6/8] Building H for GN05 06:13 (243 rays) …
  -> Building H Matrix (243 rays, parallel)...
  [7/8] Building H for GN05 06:15 (420 rays) …
  -> Building H Matrix (420 rays, parallel)...
  [8/8] Building H for GN05 06:29 (310 rays) …
  -> Building H Matrix (310 rays, parallel)...
  Combined H shape : (3126, 7395)  (total rays = 3126)
  Running sequential KF assimilation …
  [step 1/8] Assimilating GN05 06:08 (279 rays) …
  [!] Error in group 2024-10-10_0600__LAT+000_LON-120: podTc2_data must be provided when distance_localization=True (needed to compute ray midpoints for the localization matrix).

[133/494]
────────────────────────────────────────────────────────────
  Group : 2024-10-10_0600__LAT-030_LON-180
  Window: 2024-10-10_0600  |  Region: LAT-030_LON-180  |  2 occultation(s)
────────────────────────────────────────────────────────────
Data Flipped: E7 is setting
Data Flipped: G12 is setting
  Parsed 2/2 files successfully.
  Bounding box: lat [-51.5, 10.1]  lon [-156.9, -101.2]  |  vertices: 121
  Final group: 2 occultation(s), 121 mesh vertices
  Saved trim diagnostic → ./Figures/GroupKF/group_2024-10-10_0600__LAT-030_LON-180_trim.png
  [1/2] Building H for GN05 06:14 (678 rays) …
  -> Building H Matrix (678 rays, parallel)...
  [2/2] Building H for GN05 06:22 (304 rays) …
  -> Building H Matrix (304 rays, parallel)...
  Combined H shape : (982, 6171)  (total rays = 982)
  Running sequential KF assimilation …
  [step 1/2] Assimilating GN05 06:14 (678 rays) …
  [!] Error in group 2024-10-10_0600__LAT-030_LON-180: podTc2_data must be provided when distance_localization=True (needed to compute ray midpoints for the localization matrix).

[134/494]
────────────────────────────────────────────────────────────
  Group : 2024-10-10_0600__LAT+030_LON-120
  Window: 2024-10-10_0600  |  Region: LAT+030_LON-120  |  2 occultation(s)
────────────────────────────────────────────────────────────
C36 is rising
G14 is rising
  Parsed 2/2 files successfully.
  Bounding box: lat [16.8, 77.9]  lon [-169.5, -72.1]  |  vertices: 154
  Final group: 2 occultation(s), 154 mesh vertices
  Saved trim diagnostic → ./Figures/GroupKF/group_2024-10-10_0600__LAT+030_LON-120_trim.png
  [1/2] Building H for GN05 06:19 (427 rays) …
  -> Building H Matrix (427 rays, parallel)...
  [2/2] Building H for GN05 06:27 (625 rays) …
  -> Building H Matrix (625 rays, parallel)...
  Combined H shape : (1052, 7854)  (total rays = 1052)
  Running sequential KF assimilation …
  [step 1/2] Assimilating GN05 06:19 (427 rays) …
  [!] Error in group 2024-10-10_0600__LAT+030_LON-120: podTc2_data must be provided when distance_localization=True (needed to compute ray midpoints for the localization matrix).

[135/494]
────────────────────────────────────────────────────────────
  Group : 2024-10-10_0600__POLAR_N
  Window: 2024-10-10_0600  |  Region: POLAR_N  |  7 occultation(s)
────────────────────────────────────────────────────────────
G11 is rising
R16 is rising
E25 is rising
C44 is rising
E34 is rising
C45 is rising
G29 is rising
  Parsed 7/7 files successfully.
  [polar] Bounding box: lat [39.6, 90.0]  lon [-180.0, 180.0]  |  vertices: 299
  Final group: 7 occultation(s), 299 mesh vertices
  Saved trim diagnostic → ./Figures/GroupKF/group_2024-10-10_0600__POLAR_N_trim.png
  [1/7] Building H for GN05 06:27 (452 rays) …
  -> Building H Matrix (452 rays, parallel)...
  [2/7] Building H for GN05 06:27 (391 rays) …
  -> Building H Matrix (391 rays, parallel)...
  [3/7] Building H for GN05 06:28 (672 rays) …
  -> Building H Matrix (672 rays, parallel)...
  [4/7] Building H for GN05 06:29 (487 rays) …
  -> Building H Matrix (487 rays, parallel)...
  [5/7] Building H for GN05 06:29 (450 rays) …
  -> Building H Matrix (450 rays, parallel)...
  [6/7] Building H for GN05 06:29 (393 rays) …
  -> Building H Matrix (393 rays, parallel)...
  [7/7] Building H for GN05 06:29 (1146 rays) …
  -> Building H Matrix (1146 rays, parallel)...
  Combined H shape : (3991, 15249)  (total rays = 3991)
  Running sequential KF assimilation …
  [step 1/7] Assimilating GN05 06:27 (452 rays) …
  [!] Error in group 2024-10-10_0600__POLAR_N: podTc2_data must be provided when distance_localization=True (needed to compute ray midpoints for the localization matrix).

[136/494]
────────────────────────────────────────────────────────────
  Group : 2024-10-10_0630__LAT+000_LON-120
  Window: 2024-10-10_0630  |  Region: LAT+000_LON-120  |  3 occultation(s)
────────────────────────────────────────────────────────────
Data Flipped: E11 is setting
Data Flipped: G3 is setting
Data Flipped: R3 is setting
  Parsed 3/3 files successfully.
  Bounding box: lat [2.9, 73.6]  lon [-148.9, -68.6]  |  vertices: 167
  Final group: 3 occultation(s), 167 mesh vertices
  Saved trim diagnostic → ./Figures/GroupKF/group_2024-10-10_0630__LAT+000_LON-120_trim.png
  [1/3] Building H for GN05 06:30 (468 rays) …
  -> Building H Matrix (468 rays, parallel)...
  [2/3] Building H for GN05 06:30 (525 rays) …
  -> Building H Matrix (525 rays, parallel)...
  [3/3] Building H for GN05 06:34 (860 rays) …
  -> Building H Matrix (860 rays, parallel)...
  Combined H shape : (1853, 8517)  (total rays = 1853)
  Running sequential KF assimilation …
  [step 1/3] Assimilating GN05 06:30 (468 rays) …
  [!] Error in group 2024-10-10_0630__LAT+000_LON-120: podTc2_data must be provided when distance_localization=True (needed to compute ray midpoints for the localization matrix).

[137/494]
────────────────────────────────────────────────────────────
  Group : 2024-10-10_0630__POLAR_N
  Window: 2024-10-10_0630  |  Region: POLAR_N  |  19 occultation(s)
────────────────────────────────────────────────────────────
R20 is rising
G24 is rising
C35 is rising
No valid descending tangent points found. Skipping.
    [skip] podTc2_GN05.2024.284.06.37.0022.G06.01_0000.0001_nc — parse returned None
E2 is rising
R9 is rising
C26 is rising
E7 is rising
Data Flipped: E21 is setting
Data Flipped: R17 is setting
Data Flipped: E4 is setting
Data Flipped: E12 is setting
Data Flipped: G10 is setting
Data Flipped: G31 is setting
Data Flipped: G4 is setting
Data Flipped: R12 is setting
Data Flipped: E6 is setting
Data Flipped: C38 is setting
Data Flipped: C23 is setting
  Parsed 18/19 files successfully.
  [polar] Bounding box: lat [39.9, 90.0]  lon [-180.0, 180.0]  |  vertices: 296
  Final group: 18 occultation(s), 296 mesh vertices
  Saved trim diagnostic → ./Figures/GroupKF/group_2024-10-10_0630__POLAR_N_trim.png
  [1/18] Building H for GN05 06:30 (319 rays) …
  -> Building H Matrix (319 rays, parallel)...
  [2/18] Building H for GN05 06:35 (294 rays) …
  -> Building H Matrix (294 rays, parallel)...
  [3/18] Building H for GN05 06:35 (429 rays) …
  -> Building H Matrix (429 rays, parallel)...
  [4/18] Building H for GN05 06:37 (231 rays) …
  -> Building H Matrix (231 rays, parallel)...
  [5/18] Building H for GN05 06:37 (379 rays) …
  -> Building H Matrix (379 rays, parallel)...
  [6/18] Building H for GN05 06:38 (339 rays) …
  -> Building H Matrix (339 rays, parallel)...
  [7/18] Building H for GN05 06:42 (366 rays) …
  -> Building H Matrix (366 rays, parallel)...
  [8/18] Building H for GN05 06:42 (667 rays) …
  -> Building H Matrix (667 rays, parallel)...
  [9/18] Building H for GN05 06:42 (545 rays) …
  -> Building H Matrix (545 rays, parallel)...
  [10/18] Building H for GN05 06:42 (414 rays) …
  -> Building H Matrix (414 rays, parallel)...
  [11/18] Building H for GN05 06:43 (469 rays) …
  -> Building H Matrix (469 rays, parallel)...
  [12/18] Building H for GN05 06:44 (800 rays) …
  -> Building H Matrix (800 rays, parallel)...
  [13/18] Building H for GN05 06:44 (363 rays) …
  -> Building H Matrix (363 rays, parallel)...
  [14/18] Building H for GN05 06:46 (591 rays) …
  -> Building H Matrix (591 rays, parallel)...
  [15/18] Building H for GN05 06:46 (429 rays) …
  -> Building H Matrix (429 rays, parallel)...
  [16/18] Building H for GN05 06:47 (537 rays) …
  -> Building H Matrix (537 rays, parallel)...
  [17/18] Building H for GN05 06:49 (554 rays) …
  -> Building H Matrix (554 rays, parallel)...
  [18/18] Building H for GN05 06:51 (318 rays) …
  -> Building H Matrix (318 rays, parallel)...
  Combined H shape : (8044, 15096)  (total rays = 8044)
  Running sequential KF assimilation …
  [step 1/18] Assimilating GN05 06:30 (319 rays) …
  [!] Error in group 2024-10-10_0630__POLAR_N: podTc2_data must be provided when distance_localization=True (needed to compute ray midpoints for the localization matrix).

[138/494]
────────────────────────────────────────────────────────────
  Group : 2024-10-10_0630__LAT+000_LON-180
  Window: 2024-10-10_0630  |  Region: LAT+000_LON-180  |  1 occultation(s)
────────────────────────────────────────────────────────────
Data Flipped: G32 is setting
  Parsed 1/1 files successfully.
  Bounding box: lat [8.1, 48.0]  lon [-159.8, -117.6]  |  vertices: 59
  Final group: 1 occultation(s), 59 mesh vertices
  Saved trim diagnostic → ./Figures/GroupKF/group_2024-10-10_0630__LAT+000_LON-180_trim.png
  [1/1] Building H for GN05 06:31 (425 rays) …
  -> Building H Matrix (425 rays, parallel)...
  Combined H shape : (425, 3009)  (total rays = 425)
  Running sequential KF assimilation …
  [step 1/1] Assimilating GN05 06:31 (425 rays) …
  [!] Error in group 2024-10-10_0630__LAT+000_LON-180: podTc2_data must be provided when distance_localization=True (needed to compute ray midpoints for the localization matrix).

[139/494]
────────────────────────────────────────────────────────────
  Group : 2024-10-10_0630__LAT+030_LON-180
  Window: 2024-10-10_0630  |  Region: LAT+030_LON-180  |  7 occultation(s)
────────────────────────────────────────────────────────────
Data Flipped: C39 is setting
Data Flipped: R1 is setting
Data Flipped: R11 is setting
Data Flipped: C33 is setting
Data Flipped: E19 is setting
Data Flipped: G28 is setting
Data Flipped: C25 is setting
  Parsed 7/7 files successfully.
  Bounding box: lat [9.9, 72.8]  lon [168.3, -118.2]  |  vertices: 130
  Final group: 7 occultation(s), 130 mesh vertices
  Saved trim diagnostic → ./Figures/GroupKF/group_2024-10-10_0630__LAT+030_LON-180_trim.png
  [1/7] Building H for GN05 06:31 (394 rays) …
  -> Building H Matrix (394 rays, parallel)...
  [2/7] Building H for GN05 06:31 (419 rays) …
  -> Building H Matrix (419 rays, parallel)...
  [3/7] Building H for GN05 06:32 (415 rays) …
  -> Building H Matrix (415 rays, parallel)...
  [4/7] Building H for GN05 06:33 (658 rays) …
  -> Building H Matrix (658 rays, parallel)...
  [5/7] Building H for GN05 06:35 (366 rays) …
  -> Building H Matrix (366 rays, parallel)...
  [6/7] Building H for GN05 06:37 (375 rays) …
  -> Building H Matrix (375 rays, parallel)...
  [7/7] Building H for GN05 06:39 (361 rays) …
  -> Building H Matrix (361 rays, parallel)...
  Combined H shape : (2988, 6630)  (total rays = 2988)
  Running sequential KF assimilation …
  [step 1/7] Assimilating GN05 06:31 (394 rays) …
  [!] Error in group 2024-10-10_0630__LAT+030_LON-180: podTc2_data must be provided when distance_localization=True (needed to compute ray midpoints for the localization matrix).

[140/494]
────────────────────────────────────────────────────────────
  Group : 2024-10-10_0630__LAT+030_LON-120
  Window: 2024-10-10_0630  |  Region: LAT+030_LON-120  |  5 occultation(s)
────────────────────────────────────────────────────────────
Data Flipped: R2 is setting
Data Flipped: C32 is setting
Data Flipped: C30 is setting
Data Flipped: E10 is setting
Data Flipped: C41 is setting
  Parsed 5/5 files successfully.
    [skip] GN05 06:41 — only 5 valid rays
  Bounding box: lat [14.9, 75.4]  lon [-152.5, -66.1]  |  vertices: 141
  Final group: 4 occultation(s), 141 mesh vertices
  Saved trim diagnostic → ./Figures/GroupKF/group_2024-10-10_0630__LAT+030_LON-120_trim.png
  [1/4] Building H for GN05 06:33 (433 rays) …
  -> Building H Matrix (433 rays, parallel)...
  [2/4] Building H for GN05 06:34 (504 rays) …
  -> Building H Matrix (504 rays, parallel)...
  [3/4] Building H for GN05 06:34 (888 rays) …
  -> Building H Matrix (888 rays, parallel)...
  [4/4] Building H for GN05 06:37 (525 rays) …
  -> Building H Matrix (525 rays, parallel)...
  Combined H shape : (2350, 7191)  (total rays = 2350)
  Running sequential KF assimilation …
  [step 1/4] Assimilating GN05 06:33 (433 rays) …
  [!] Error in group 2024-10-10_0630__LAT+030_LON-120: podTc2_data must be provided when distance_localization=True (needed to compute ray midpoints for the localization matrix).

[141/494]
────────────────────────────────────────────────────────────
  Group : 2024-10-10_0630__LAT+030_LON+120
  Window: 2024-10-10_0630  |  Region: LAT+030_LON+120  |  1 occultation(s)
────────────────────────────────────────────────────────────
Data not high enough. Skipping.
    [skip] podTc2_GN05.2024.284.06.41.0010.C42.01_0000.0001_nc — parse returned None

[142/494]
────────────────────────────────────────────────────────────
  Group : 2024-10-10_0630__LAT+000_LON+000
  Window: 2024-10-10_0630  |  Region: LAT+000_LON+000  |  2 occultation(s)
────────────────────────────────────────────────────────────
E36 is rising
R11 is rising
  Parsed 2/2 files successfully.
  Bounding box: lat [-14.4, 44.1]  lon [20.2, 76.1]  |  vertices: 120
  Final group: 2 occultation(s), 120 mesh vertices
  Saved trim diagnostic → ./Figures/GroupKF/group_2024-10-10_0630__LAT+000_LON+000_trim.png
  [1/2] Building H for GN05 06:42 (541 rays) …
  -> Building H Matrix (541 rays, parallel)...
  [2/2] Building H for GN05 06:55 (391 rays) …
  -> Building H Matrix (391 rays, parallel)...
  Combined H shape : (932, 6120)  (total rays = 932)
  Running sequential KF assimilation …
  [step 1/2] Assimilating GN05 06:42 (541 rays) …
  [!] Error in group 2024-10-10_0630__LAT+000_LON+000: podTc2_data must be provided when distance_localization=True (needed to compute ray midpoints for the localization matrix).

[143/494]
────────────────────────────────────────────────────────────
  Group : 2024-10-10_0630__LAT+030_LON+060
  Window: 2024-10-10_0630  |  Region: LAT+030_LON+060  |  4 occultation(s)
────────────────────────────────────────────────────────────
E30 is rising
No valid descending tangent points found. Skipping.
    [skip] podTc2_GN05.2024.284.06.45.0015.R19.01_0000.0001_nc — parse returned None
No valid descending tangent points found. Skipping.
    [skip] podTc2_GN05.2024.284.06.46.0013.C29.01_0000.0001_nc — parse returned None
C24 is rising
  Parsed 2/4 files successfully.
  Bounding box: lat [8.2, 74.8]  lon [50.7, 88.2]  |  vertices: 71
  Final group: 2 occultation(s), 71 mesh vertices
  Saved trim diagnostic → ./Figures/GroupKF/group_2024-10-10_0630__LAT+030_LON+060_trim.png
  [1/2] Building H for GN05 06:42 (382 rays) …
  -> Building H Matrix (382 rays, parallel)...
  [2/2] Building H for GN05 06:48 (376 rays) …
  -> Building H Matrix (376 rays, parallel)...
  Combined H shape : (758, 3621)  (total rays = 758)
  Running sequential KF assimilation …
  [step 1/2] Assimilating GN05 06:42 (382 rays) …
  [!] Error in group 2024-10-10_0630__LAT+030_LON+060: podTc2_data must be provided when distance_localization=True (needed to compute ray midpoints for the localization matrix).

[144/494]
────────────────────────────────────────────────────────────
  Group : 2024-10-10_0630__LAT+030_LON+000
  Window: 2024-10-10_0630  |  Region: LAT+030_LON+000  |  3 occultation(s)
────────────────────────────────────────────────────────────
No valid descending tangent points found. Skipping.
    [skip] podTc2_GN05.2024.284.06.44.0016.G12.01_0000.0001_nc — parse returned None
No valid descending tangent points found. Skipping.
    [skip] podTc2_GN05.2024.284.06.51.0008.E27.01_0000.0001_nc — parse returned None
Data Flipped: R24 is setting
  Parsed 1/3 files successfully.
  Bounding box: lat [28.1, 77.6]  lon [48.9, 93.2]  |  vertices: 52
  Final group: 1 occultation(s), 52 mesh vertices
  Saved trim diagnostic → ./Figures/GroupKF/group_2024-10-10_0630__LAT+030_LON+000_trim.png
  [1/1] Building H for GN05 06:55 (462 rays) …
  -> Building H Matrix (462 rays, parallel)...
  Combined H shape : (462, 2652)  (total rays = 462)
  Running sequential KF assimilation …
  [step 1/1] Assimilating GN05 06:55 (462 rays) …
  [!] Error in group 2024-10-10_0630__LAT+030_LON+000: podTc2_data must be provided when distance_localization=True (needed to compute ray midpoints for the localization matrix).

[145/494]
────────────────────────────────────────────────────────────
  Group : 2024-10-10_0630__LAT-030_LON+000
  Window: 2024-10-10_0630  |  Region: LAT-030_LON+000  |  2 occultation(s)
────────────────────────────────────────────────────────────
R18 is rising
R2 is rising
  Parsed 2/2 files successfully.
  Bounding box: lat [-55.6, 16.8]  lon [14.8, 52.4]  |  vertices: 96
  Final group: 2 occultation(s), 96 mesh vertices
  Saved trim diagnostic → ./Figures/GroupKF/group_2024-10-10_0630__LAT-030_LON+000_trim.png
  [1/2] Building H for GN05 06:57 (656 rays) …
  -> Building H Matrix (656 rays, parallel)...
  [2/2] Building H for GN05 06:58 (398 rays) …
  -> Building H Matrix (398 rays, parallel)...
  Combined H shape : (1054, 4896)  (total rays = 1054)
  Running sequential KF assimilation …
  [step 1/2] Assimilating GN05 06:57 (656 rays) …
  [!] Error in group 2024-10-10_0630__LAT-030_LON+000: podTc2_data must be provided when distance_localization=True (needed to compute ray midpoints for the localization matrix).

[146/494]
────────────────────────────────────────────────────────────
  Group : 2024-10-10_0700__LAT+030_LON+060
  Window: 2024-10-10_0700  |  Region: LAT+030_LON+060  |  4 occultation(s)
────────────────────────────────────────────────────────────
No valid descending tangent points found. Skipping.
    [skip] podTc2_GN05.2024.284.07.03.0023.C27.00_0000.0001_nc — parse returned None
Data Flipped: C28 is setting
No valid descending tangent points found. Skipping.
    [skip] podTc2_GN05.2024.284.07.03.0025.E33.00_0000.0001_nc — parse returned None
Data Flipped: C37 is setting
  Parsed 2/4 files successfully.
  Bounding box: lat [18.7, 53.8]  lon [57.0, 64.8]  |  vertices: 8
  Final group: 2 occultation(s), 8 mesh vertices
  Saved trim diagnostic → ./Figures/GroupKF/group_2024-10-10_0700__LAT+030_LON+060_trim.png
  [1/2] Building H for GN05 07:03 (222 rays) …
  -> Building H Matrix (222 rays, parallel)...
  [2/2] Building H for GN05 07:03 (99 rays) …
  -> Building H Matrix (99 rays, parallel)...
  Combined H shape : (321, 408)  (total rays = 321)
  Running sequential KF assimilation …
  [step 1/2] Assimilating GN05 07:03 (222 rays) …
  [!] Error in group 2024-10-10_0700__LAT+030_LON+060: podTc2_data must be provided when distance_localization=True (needed to compute ray midpoints for the localization matrix).

[147/494]
────────────────────────────────────────────────────────────
  Group : 2024-10-10_0700__LAT-060_LON+120
  Window: 2024-10-10_0700  |  Region: LAT-060_LON+120  |  1 occultation(s)
────────────────────────────────────────────────────────────
No valid descending tangent points found. Skipping.
    [skip] podTc2_GN05.2024.284.07.04.0013.E12.00_0000.0001_nc — parse returned None

[148/494]
────────────────────────────────────────────────────────────
  Group : 2024-10-10_0700__LAT+030_LON+000
  Window: 2024-10-10_0700  |  Region: LAT+030_LON+000  |  1 occultation(s)
────────────────────────────────────────────────────────────
Data Flipped: G8 is setting
  Parsed 1/1 files successfully.
  Bounding box: lat [13.6, 46.3]  lon [45.7, 63.5]  |  vertices: 19
  Final group: 1 occultation(s), 19 mesh vertices
  Saved trim diagnostic → ./Figures/GroupKF/group_2024-10-10_0700__LAT+030_LON+000_trim.png
  [1/1] Building H for GN05 07:05 (239 rays) …
  -> Building H Matrix (239 rays, parallel)...
  Combined H shape : (239, 969)  (total rays = 239)
  Running sequential KF assimilation …
  [step 1/1] Assimilating GN05 07:05 (239 rays) …
  [!] Error in group 2024-10-10_0700__LAT+030_LON+000: podTc2_data must be provided when distance_localization=True (needed to compute ray midpoints for the localization matrix).

[149/494]
────────────────────────────────────────────────────────────
  Group : 2024-10-10_0700__LAT+000_LON+000
  Window: 2024-10-10_0700  |  Region: LAT+000_LON+000  |  11 occultation(s)
────────────────────────────────────────────────────────────
Data Flipped: G27 is setting
Data Flipped: E31 is setting
Data Flipped: R14 is setting
Data Flipped: G7 is setting
No valid descending tangent points found. Skipping.
    [skip] podTc2_GN05.2024.284.07.09.0019.C38.00_0000.0001_nc — parse returned None
C29 is rising
Data Flipped: E24 is setting
No valid descending tangent points found. Skipping.
    [skip] podTc2_GN05.2024.284.07.11.0012.G09.00_0000.0001_nc — parse returned None
G17 is rising
R4 is rising
No valid descending tangent points found. Skipping.
    [skip] podTc2_GN05.2024.284.07.14.0008.G10.00_0000.0001_nc — parse returned None
  Parsed 8/11 files successfully.
  Bounding box: lat [-73.5, 45.2]  lon [-17.3, 61.4]  |  vertices: 302
  [trim] n_geo=302 > MAX_MESH_VERTICES=300 — dropping GN05 07:14 (54.6° from centroid)
  Bounding box: lat [-39.5, 45.2]  lon [0.4, 61.4]  |  vertices: 188
  Final group: 7 occultation(s), 188 mesh vertices
  Saved trim diagnostic → ./Figures/GroupKF/group_2024-10-10_0700__LAT+000_LON+000_trim.png
  [1/7] Building H for GN05 07:05 (350 rays) …
  -> Building H Matrix (350 rays, parallel)...
  [2/7] Building H for GN05 07:06 (264 rays) …
  -> Building H Matrix (264 rays, parallel)...
  [3/7] Building H for GN05 07:07 (328 rays) …
  -> Building H Matrix (328 rays, parallel)...
  [4/7] Building H for GN05 07:08 (322 rays) …
  -> Building H Matrix (322 rays, parallel)...
  [5/7] Building H for GN05 07:09 (652 rays) …
  -> Building H Matrix (652 rays, parallel)...
  [6/7] Building H for GN05 07:10 (432 rays) …
  -> Building H Matrix (432 rays, parallel)...
  [7/7] Building H for GN05 07:11 (922 rays) …
  -> Building H Matrix (922 rays, parallel)...
  Combined H shape : (3270, 9588)  (total rays = 3270)
  Running sequential KF assimilation …
  [step 1/7] Assimilating GN05 07:05 (350 rays) …
  [!] Error in group 2024-10-10_0700__LAT+000_LON+000: podTc2_data must be provided when distance_localization=True (needed to compute ray midpoints for the localization matrix).

[150/494]
────────────────────────────────────────────────────────────
  Group : 2024-10-10_0700__LAT-030_LON+060
  Window: 2024-10-10_0700  |  Region: LAT-030_LON+060  |  3 occultation(s)
────────────────────────────────────────────────────────────
No valid descending tangent points found. Skipping.
    [skip] podTc2_GN05.2024.284.07.06.0008.E06.00_0000.0001_nc — parse returned None
Data Flipped: G23 is setting
Data Flipped: C43 is setting
  Parsed 2/3 files successfully.
  Bounding box: lat [-29.3, 31.1]  lon [43.4, 93.4]  |  vertices: 115
  Final group: 2 occultation(s), 115 mesh vertices
  Saved trim diagnostic → ./Figures/GroupKF/group_2024-10-10_0700__LAT-030_LON+060_trim.png
  [1/2] Building H for GN05 07:08 (926 rays) …
  -> Building H Matrix (926 rays, parallel)...
  [2/2] Building H for GN05 07:12 (687 rays) …
  -> Building H Matrix (687 rays, parallel)...
  Combined H shape : (1613, 5865)  (total rays = 1613)
  Running sequential KF assimilation …
  [step 1/2] Assimilating GN05 07:08 (926 rays) …
  [!] Error in group 2024-10-10_0700__LAT-030_LON+060: podTc2_data must be provided when distance_localization=True (needed to compute ray midpoints for the localization matrix).

[151/494]
────────────────────────────────────────────────────────────
  Group : 2024-10-10_0700__LAT-030_LON+000
  Window: 2024-10-10_0700  |  Region: LAT-030_LON+000  |  14 occultation(s)
────────────────────────────────────────────────────────────
C32 is rising
C39 is rising
G28 is rising
C25 is rising
C41 is rising
G3 is rising
R1 is rising
E19 is rising
R3 is rising
Data Flipped: E5 is setting
Data Flipped: G30 is setting
Data Flipped: R15 is setting
Data Flipped: R5 is setting
Data Flipped: G14 is setting
  Parsed 14/14 files successfully.
  Bounding box: lat [-51.1, 16.5]  lon [-3.7, 82.3]  |  vertices: 210
  Final group: 14 occultation(s), 210 mesh vertices
  Saved trim diagnostic → ./Figures/GroupKF/group_2024-10-10_0700__LAT-030_LON+000_trim.png
  [1/14] Building H for GN05 07:07 (426 rays) …
  -> Building H Matrix (426 rays, parallel)...
  [2/14] Building H for GN05 07:08 (406 rays) …
  -> Building H Matrix (406 rays, parallel)...
  [3/14] Building H for GN05 07:08 (387 rays) …
  -> Building H Matrix (387 rays, parallel)...
  [4/14] Building H for GN05 07:09 (429 rays) …
  -> Building H Matrix (429 rays, parallel)...
  [5/14] Building H for GN05 07:09 (467 rays) …
  -> Building H Matrix (467 rays, parallel)...
  [6/14] Building H for GN05 07:09 (467 rays) …
  -> Building H Matrix (467 rays, parallel)...
  [7/14] Building H for GN05 07:09 (528 rays) …
  -> Building H Matrix (528 rays, parallel)...
  [8/14] Building H for GN05 07:09 (398 rays) …
  -> Building H Matrix (398 rays, parallel)...
  [9/14] Building H for GN05 07:10 (556 rays) …
  -> Building H Matrix (556 rays, parallel)...
  [10/14] Building H for GN05 07:12 (527 rays) …
  -> Building H Matrix (527 rays, parallel)...
  [11/14] Building H for GN05 07:15 (395 rays) …
  -> Building H Matrix (395 rays, parallel)...
  [12/14] Building H for GN05 07:15 (395 rays) …
  -> Building H Matrix (395 rays, parallel)...
  [13/14] Building H for GN05 07:17 (611 rays) …
  -> Building H Matrix (611 rays, parallel)...
  [14/14] Building H for GN05 07:20 (589 rays) …
  -> Building H Matrix (589 rays, parallel)...
  Combined H shape : (6581, 10710)  (total rays = 6581)
  Running sequential KF assimilation …
  [step 1/14] Assimilating GN05 07:07 (426 rays) …
  [!] Error in group 2024-10-10_0700__LAT-030_LON+000: podTc2_data must be provided when distance_localization=True (needed to compute ray midpoints for the localization matrix).

[152/494]
────────────────────────────────────────────────────────────
  Group : 2024-10-10_0700__LAT+000_LON+060
  Window: 2024-10-10_0700  |  Region: LAT+000_LON+060  |  5 occultation(s)
────────────────────────────────────────────────────────────
No valid descending tangent points found. Skipping.
    [skip] podTc2_GN05.2024.284.07.07.0013.E09.00_0000.0001_nc — parse returned None
Data Flipped: E26 is setting
G32 is rising
E29 is rising
Data Flipped: C40 is setting
  Parsed 4/5 files successfully.
  Bounding box: lat [-20.8, 33.1]  lon [44.0, 89.3]  |  vertices: 94
  Final group: 4 occultation(s), 94 mesh vertices
  Saved trim diagnostic → ./Figures/GroupKF/group_2024-10-10_0700__LAT+000_LON+060_trim.png
  [1/4] Building H for GN05 07:08 (462 rays) …
  -> Building H Matrix (462 rays, parallel)...
  [2/4] Building H for GN05 07:09 (518 rays) …
  -> Building H Matrix (518 rays, parallel)...
  [3/4] Building H for GN05 07:10 (533 rays) …
  -> Building H Matrix (533 rays, parallel)...
  [4/4] Building H for GN05 07:10 (556 rays) …
  -> Building H Matrix (556 rays, parallel)...
  Combined H shape : (2069, 4794)  (total rays = 2069)
  Running sequential KF assimilation …
  [step 1/4] Assimilating GN05 07:08 (462 rays) …
  [!] Error in group 2024-10-10_0700__LAT+000_LON+060: podTc2_data must be provided when distance_localization=True (needed to compute ray midpoints for the localization matrix).

[153/494]
────────────────────────────────────────────────────────────
  Group : 2024-10-10_0700__LAT-060_LON+000
  Window: 2024-10-10_0700  |  Region: LAT-060_LON+000  |  20 occultation(s)
────────────────────────────────────────────────────────────
E4 is rising
R12 is rising
E10 is rising
G31 is rising
E11 is rising
C20 is rising
G4 is rising
E6 is rising
C23 is rising
Data Flipped: C36 is setting
Data Flipped: E3 is setting
Data Flipped: G18 is setting
Data Flipped: E25 is setting
Data Flipped: R22 is setting
Data Flipped: R7 is setting
Data Flipped: E13 is setting
Data Flipped: G15 is setting
Data Flipped: C22 is setting
Data Flipped: C21 is setting
Data Flipped: R16 is setting
  Parsed 20/20 files successfully.
  Bounding box: lat [-81.3, 18.4]  lon [-33.9, 97.0]  |  vertices: 390
  [trim] n_geo=390 > MAX_MESH_VERTICES=300 — dropping GN05 07:27 (27.2° from centroid)
  Bounding box: lat [-81.3, 18.4]  lon [-6.9, 97.0]  |  vertices: 310
  [trim] n_geo=310 > MAX_MESH_VERTICES=300 — dropping GN05 07:11 (25.0° from centroid)
  Bounding box: lat [-81.3, -7.8]  lon [-6.9, 97.0]  |  vertices: 203
  Final group: 18 occultation(s), 203 mesh vertices
  Saved trim diagnostic → ./Figures/GroupKF/group_2024-10-10_0700__LAT-060_LON+000_trim.png
  [1/18] Building H for GN05 07:09 (419 rays) …
  -> Building H Matrix (419 rays, parallel)...
  [2/18] Building H for GN05 07:09 (439 rays) …
  -> Building H Matrix (439 rays, parallel)...
  [3/18] Building H for GN05 07:09 (476 rays) …
  -> Building H Matrix (476 rays, parallel)...
  [4/18] Building H for GN05 07:10 (376 rays) …
  -> Building H Matrix (376 rays, parallel)...
  [5/18] Building H for GN05 07:10 (550 rays) …
  -> Building H Matrix (550 rays, parallel)...
  [6/18] Building H for GN05 07:11 (490 rays) …
  -> Building H Matrix (490 rays, parallel)...
  [7/18] Building H for GN05 07:12 (500 rays) …
  -> Building H Matrix (500 rays, parallel)...
  [8/18] Building H for GN05 07:13 (419 rays) …
  -> Building H Matrix (419 rays, parallel)...
  [9/18] Building H for GN05 07:20 (429 rays) …
  -> Building H Matrix (429 rays, parallel)...
  [10/18] Building H for GN05 07:21 (392 rays) …
  -> Building H Matrix (392 rays, parallel)...
  [11/18] Building H for GN05 07:21 (615 rays) …
  -> Building H Matrix (615 rays, parallel)...
  [12/18] Building H for GN05 07:21 (646 rays) …
  -> Building H Matrix (646 rays, parallel)...
  [13/18] Building H for GN05 07:21 (659 rays) …
  -> Building H Matrix (659 rays, parallel)...
  [14/18] Building H for GN05 07:21 (525 rays) …
  -> Building H Matrix (525 rays, parallel)...
  [15/18] Building H for GN05 07:24 (536 rays) …
  -> Building H Matrix (536 rays, parallel)...
  [16/18] Building H for GN05 07:25 (410 rays) …
  -> Building H Matrix (410 rays, parallel)...
  [17/18] Building H for GN05 07:26 (230 rays) …
  -> Building H Matrix (230 rays, parallel)...
  [18/18] Building H for GN05 07:27 (152 rays) …
  -> Building H Matrix (152 rays, parallel)...
  Combined H shape : (8263, 10353)  (total rays = 8263)
  Running sequential KF assimilation …
  [step 1/18] Assimilating GN05 07:09 (419 rays) …
  [!] Error in group 2024-10-10_0700__LAT-060_LON+000: podTc2_data must be provided when distance_localization=True (needed to compute ray midpoints for the localization matrix).

[154/494]
────────────────────────────────────────────────────────────
  Group : 2024-10-10_0700__LAT-060_LON+060
  Window: 2024-10-10_0700  |  Region: LAT-060_LON+060  |  4 occultation(s)
────────────────────────────────────────────────────────────
C33 is rising
E21 is rising
Data Flipped: C42 is setting
Data Flipped: R8 is setting
  Parsed 4/4 files successfully.
  Bounding box: lat [-81.3, 7.1]  lon [31.4, -48.8]  |  vertices: 714
  [trim] n_geo=714 > MAX_MESH_VERTICES=300 — dropping GN05 07:25 (36.0° from centroid)
  Bounding box: lat [-81.3, 7.1]  lon [-50.8, 129.0]  |  vertices: 459
  [trim] n_geo=459 > MAX_MESH_VERTICES=300 — dropping GN05 07:10 (11.5° from centroid)
  Bounding box: lat [-61.5, -8.3]  lon [31.4, 96.9]  |  vertices: 111
  Final group: 2 occultation(s), 111 mesh vertices
  Saved trim diagnostic → ./Figures/GroupKF/group_2024-10-10_0700__LAT-060_LON+060_trim.png
  [1/2] Building H for GN05 07:11 (676 rays) …
  -> Building H Matrix (676 rays, parallel)...
  [2/2] Building H for GN05 07:19 (822 rays) …
  -> Building H Matrix (822 rays, parallel)...
  Combined H shape : (1498, 5661)  (total rays = 1498)
  Running sequential KF assimilation …
  [step 1/2] Assimilating GN05 07:11 (676 rays) …
  [!] Error in group 2024-10-10_0700__LAT-060_LON+060: podTc2_data must be provided when distance_localization=True (needed to compute ray midpoints for the localization matrix).

[155/494]
────────────────────────────────────────────────────────────
  Group : 2024-10-10_0700__POLAR_S
  Window: 2024-10-10_0700  |  Region: POLAR_S  |  12 occultation(s)
────────────────────────────────────────────────────────────
E12 is rising
C30 is rising
R17 is rising
G26 is rising
E9 is rising
C27 is rising
G9 is rising
E33 is rising
C37 is rising
Data Flipped: E8 is setting
Data Flipped: G5 is setting
R14 is rising
  Parsed 12/12 files successfully.
  [polar] Bounding box: lat [-90.0, -40.1]  lon [-180.0, 180.0]  |  vertices: 294
  Final group: 12 occultation(s), 294 mesh vertices
  Saved trim diagnostic → ./Figures/GroupKF/group_2024-10-10_0700__POLAR_S_trim.png
  [1/12] Building H for GN05 07:11 (450 rays) …
  -> Building H Matrix (450 rays, parallel)...
  [2/12] Building H for GN05 07:12 (688 rays) …
  -> Building H Matrix (688 rays, parallel)...
  [3/12] Building H for GN05 07:13 (524 rays) …
  -> Building H Matrix (524 rays, parallel)...
  [4/12] Building H for GN05 07:16 (556 rays) …
  -> Building H Matrix (556 rays, parallel)...
  [5/12] Building H for GN05 07:20 (618 rays) …
  -> Building H Matrix (618 rays, parallel)...
  [6/12] Building H for GN05 07:21 (449 rays) …
  -> Building H Matrix (449 rays, parallel)...
  [7/12] Building H for GN05 07:23 (699 rays) …
  -> Building H Matrix (699 rays, parallel)...
  [8/12] Building H for GN05 07:23 (522 rays) …
  -> Building H Matrix (522 rays, parallel)...
  [9/12] Building H for GN05 07:25 (380 rays) …
  -> Building H Matrix (380 rays, parallel)...
  [10/12] Building H for GN05 07:26 (418 rays) …
  -> Building H Matrix (418 rays, parallel)...
  [11/12] Building H for GN05 07:27 (456 rays) …
  -> Building H Matrix (456 rays, parallel)...
  [12/12] Building H for GN05 07:29 (372 rays) …
  -> Building H Matrix (372 rays, parallel)...
  Combined H shape : (6132, 14994)  (total rays = 6132)
  Running sequential KF assimilation …
  [step 1/12] Assimilating GN05 07:11 (450 rays) …
  [!] Error in group 2024-10-10_0700__POLAR_S: podTc2_data must be provided when distance_localization=True (needed to compute ray midpoints for the localization matrix).

[156/494]
────────────────────────────────────────────────────────────
  Group : 2024-10-10_0700__LAT+000_LON-180
  Window: 2024-10-10_0700  |  Region: LAT+000_LON-180  |  1 occultation(s)
────────────────────────────────────────────────────────────
Data Flipped: C19 is setting
  Parsed 1/1 files successfully.
  Bounding box: lat [-14.9, 83.1]  lon [1.1, 72.6]  |  vertices: 205
  Final group: 1 occultation(s), 205 mesh vertices
  Saved trim diagnostic → ./Figures/GroupKF/group_2024-10-10_0700__LAT+000_LON-180_trim.png
  [1/1] Building H for GN05 07:19 (4288 rays) …
  -> Building H Matrix (4288 rays, parallel)...
  Combined H shape : (4288, 10455)  (total rays = 4288)
  Running sequential KF assimilation …
  [step 1/1] Assimilating GN05 07:19 (4288 rays) …
  [!] Error in group 2024-10-10_0700__LAT+000_LON-180: podTc2_data must be provided when distance_localization=True (needed to compute ray midpoints for the localization matrix).

[157/494]
────────────────────────────────────────────────────────────
  Group : 2024-10-10_0700__LAT-060_LON-180
  Window: 2024-10-10_0700  |  Region: LAT-060_LON-180  |  5 occultation(s)
────────────────────────────────────────────────────────────
R24 is rising
C38 is rising
G8 is rising
E31 is rising
C28 is rising
  Parsed 5/5 files successfully.
  Bounding box: lat [-84.1, -12.2]  lon [170.5, -115.8]  |  vertices: 133
  Final group: 5 occultation(s), 133 mesh vertices
  Saved trim diagnostic → ./Figures/GroupKF/group_2024-10-10_0700__LAT-060_LON-180_trim.png
  [1/5] Building H for GN05 07:24 (466 rays) …
  -> Building H Matrix (466 rays, parallel)...
  [2/5] Building H for GN05 07:26 (897 rays) …
  -> Building H Matrix (897 rays, parallel)...
  [3/5] Building H for GN05 07:28 (424 rays) …
  -> Building H Matrix (424 rays, parallel)...
  [4/5] Building H for GN05 07:28 (402 rays) …
  -> Building H Matrix (402 rays, parallel)...
  [5/5] Building H for GN05 07:29 (492 rays) …
  -> Building H Matrix (492 rays, parallel)...
  Combined H shape : (2681, 6783)  (total rays = 2681)
  Running sequential KF assimilation …
  [step 1/5] Assimilating GN05 07:24 (466 rays) …
  [!] Error in group 2024-10-10_0700__LAT-060_LON-180: podTc2_data must be provided when distance_localization=True (needed to compute ray midpoints for the localization matrix).

[158/494]
────────────────────────────────────────────────────────────
  Group : 2024-10-10_0700__LAT-030_LON-180
  Window: 2024-10-10_0700  |  Region: LAT-030_LON-180  |  1 occultation(s)
────────────────────────────────────────────────────────────
G10 is rising
  Parsed 1/1 files successfully.
  Bounding box: lat [-80.9, -4.2]  lon [175.7, -2.1]  |  vertices: 382
  Final group: 1 occultation(s), 382 mesh vertices
  Saved trim diagnostic → ./Figures/GroupKF/group_2024-10-10_0700__LAT-030_LON-180_trim.png
  [1/1] Building H for GN05 07:29 (1466 rays) …
  -> Building H Matrix (1466 rays, parallel)...
  Combined H shape : (1466, 19482)  (total rays = 1466)
  Running sequential KF assimilation …
  [step 1/1] Assimilating GN05 07:29 (1466 rays) …
  [!] Error in group 2024-10-10_0700__LAT-030_LON-180: podTc2_data must be provided when distance_localization=True (needed to compute ray midpoints for the localization matrix).

[159/494]
────────────────────────────────────────────────────────────
  Group : 2024-10-10_0730__LAT-060_LON-120
  Window: 2024-10-10_0730  |  Region: LAT-060_LON-120  |  1 occultation(s)
────────────────────────────────────────────────────────────
G7 is rising
  Parsed 1/1 files successfully.
  Bounding box: lat [-66.2, -35.2]  lon [-135.3, -58.2]  |  vertices: 61
  Final group: 1 occultation(s), 61 mesh vertices
  Saved trim diagnostic → ./Figures/GroupKF/group_2024-10-10_0730__LAT-060_LON-120_trim.png
  [1/1] Building H for GN05 07:30 (389 rays) …
  -> Building H Matrix (389 rays, parallel)...
  Combined H shape : (389, 3111)  (total rays = 389)
  Running sequential KF assimilation …
  [step 1/1] Assimilating GN05 07:30 (389 rays) …
  [!] Error in group 2024-10-10_0730__LAT-060_LON-120: podTc2_data must be provided when distance_localization=True (needed to compute ray midpoints for the localization matrix).

[160/494]
────────────────────────────────────────────────────────────
  Group : 2024-10-10_0730__LAT-060_LON-180
  Window: 2024-10-10_0730  |  Region: LAT-060_LON-180  |  9 occultation(s)
────────────────────────────────────────────────────────────
G27 is rising
E24 is rising
G30 is rising
Data Flipped: C26 is setting
Data Flipped: G29 is setting
Data Flipped: G11 is setting
Data Flipped: C44 is setting
Data Flipped: E34 is setting
Data Flipped: E30 is setting
  Parsed 9/9 files successfully.
  Bounding box: lat [-80.7, -6.0]  lon [-178.9, -89.3]  |  vertices: 182
  Final group: 9 occultation(s), 182 mesh vertices
  Saved trim diagnostic → ./Figures/GroupKF/group_2024-10-10_0730__LAT-060_LON-180_trim.png
  [1/9] Building H for GN05 07:30 (520 rays) …
  -> Building H Matrix (520 rays, parallel)...
  [2/9] Building H for GN05 07:34 (402 rays) …
  -> Building H Matrix (402 rays, parallel)...
  [3/9] Building H for GN05 07:37 (401 rays) …
  -> Building H Matrix (401 rays, parallel)...
  [4/9] Building H for GN05 07:43 (370 rays) …
  -> Building H Matrix (370 rays, parallel)...
  [5/9] Building H for GN05 07:45 (588 rays) …
  -> Building H Matrix (588 rays, parallel)...
  [6/9] Building H for GN05 07:46 (518 rays) …
  -> Building H Matrix (518 rays, parallel)...
  [7/9] Building H for GN05 07:47 (351 rays) …
  -> Building H Matrix (351 rays, parallel)...
  [8/9] Building H for GN05 07:49 (409 rays) …
  -> Building H Matrix (409 rays, parallel)...
  [9/9] Building H for GN05 07:49 (400 rays) …
  -> Building H Matrix (400 rays, parallel)...
  Combined H shape : (3959, 9282)  (total rays = 3959)
  Running sequential KF assimilation …
  [step 1/9] Assimilating GN05 07:30 (520 rays) …
  [!] Error in group 2024-10-10_0730__LAT-060_LON-180: podTc2_data must be provided when distance_localization=True (needed to compute ray midpoints for the localization matrix).

[161/494]
────────────────────────────────────────────────────────────
  Group : 2024-10-10_0730__POLAR_S
  Window: 2024-10-10_0730  |  Region: POLAR_S  |  8 occultation(s)
────────────────────────────────────────────────────────────
Data Flipped: C45 is setting
Data Flipped: C34 is setting
Data Flipped: E7 is setting
Data Flipped: E15 is setting
Data Flipped: G24 is setting
Data Flipped: R21 is setting
Data Flipped: E2 is setting
Data Flipped: R9 is setting
  Parsed 8/8 files successfully.
  [polar] Bounding box: lat [-90.0, -40.1]  lon [-180.0, 180.0]  |  vertices: 294
  Final group: 8 occultation(s), 294 mesh vertices
  Saved trim diagnostic → ./Figures/GroupKF/group_2024-10-10_0730__POLAR_S_trim.png
  [1/8] Building H for GN05 07:32 (414 rays) …
  -> Building H Matrix (414 rays, parallel)...
  [2/8] Building H for GN05 07:33 (658 rays) …
  -> Building H Matrix (658 rays, parallel)...
  [3/8] Building H for GN05 07:34 (602 rays) …
  -> Building H Matrix (602 rays, parallel)...
  [4/8] Building H for GN05 07:36 (447 rays) …
  -> Building H Matrix (447 rays, parallel)...
  [5/8] Building H for GN05 07:38 (367 rays) …
  -> Building H Matrix (367 rays, parallel)...
  [6/8] Building H for GN05 07:39 (510 rays) …
  -> Building H Matrix (510 rays, parallel)...
  [7/8] Building H for GN05 07:39 (560 rays) …
  -> Building H Matrix (560 rays, parallel)...
  [8/8] Building H for GN05 07:40 (410 rays) …
  -> Building H Matrix (410 rays, parallel)...
  Combined H shape : (3968, 14994)  (total rays = 3968)
  Running sequential KF assimilation …
  [step 1/8] Assimilating GN05 07:32 (414 rays) …
  [!] Error in group 2024-10-10_0730__POLAR_S: podTc2_data must be provided when distance_localization=True (needed to compute ray midpoints for the localization matrix).

[162/494]
────────────────────────────────────────────────────────────
  Group : 2024-10-10_0730__LAT-030_LON-180
  Window: 2024-10-10_0730  |  Region: LAT-030_LON-180  |  13 occultation(s)
────────────────────────────────────────────────────────────
R15 is rising
E26 is rising
E5 is rising
C36 is rising
G14 is rising
Data Flipped: R20 is setting
Data Flipped: G12 is setting
Data Flipped: C35 is setting
Data Flipped: E29 is setting
Data Flipped: C24 is setting
Data Flipped: E27 is setting
Data Flipped: R11 is setting
Data Flipped: G32 is setting
  Parsed 13/13 files successfully.
  Bounding box: lat [-55.6, 22.3]  lon [-179.8, -95.8]  |  vertices: 233
  Final group: 13 occultation(s), 233 mesh vertices
  Saved trim diagnostic → ./Figures/GroupKF/group_2024-10-10_0730__LAT-030_LON-180_trim.png
  [1/13] Building H for GN05 07:38 (373 rays) …
  -> Building H Matrix (373 rays, parallel)...
  [2/13] Building H for GN05 07:38 (351 rays) …
  -> Building H Matrix (351 rays, parallel)...
  [3/13] Building H for GN05 07:38 (515 rays) …
  -> Building H Matrix (515 rays, parallel)...
  [4/13] Building H for GN05 07:43 (412 rays) …
  -> Building H Matrix (412 rays, parallel)...
  [5/13] Building H for GN05 07:45 (510 rays) …
  -> Building H Matrix (510 rays, parallel)...
  [6/13] Building H for GN05 07:50 (469 rays) …
  -> Building H Matrix (469 rays, parallel)...
  [7/13] Building H for GN05 07:50 (390 rays) …
  -> Building H Matrix (390 rays, parallel)...
  [8/13] Building H for GN05 07:53 (453 rays) …
  -> Building H Matrix (453 rays, parallel)...
  [9/13] Building H for GN05 07:53 (653 rays) …
  -> Building H Matrix (653 rays, parallel)...
  [10/13] Building H for GN05 07:54 (242 rays) …
  -> Building H Matrix (242 rays, parallel)...
  [11/13] Building H for GN05 07:57 (266 rays) …
  -> Building H Matrix (266 rays, parallel)...
  [12/13] Building H for GN05 07:58 (368 rays) …
  -> Building H Matrix (368 rays, parallel)...
  [13/13] Building H for GN05 07:59 (442 rays) …
  -> Building H Matrix (442 rays, parallel)...
  Combined H shape : (5444, 11883)  (total rays = 5444)
  Running sequential KF assimilation …
  [step 1/13] Assimilating GN05 07:38 (373 rays) …
  [!] Error in group 2024-10-10_0730__LAT-030_LON-180: podTc2_data must be provided when distance_localization=True (needed to compute ray midpoints for the localization matrix).

[163/494]
────────────────────────────────────────────────────────────
  Group : 2024-10-10_0730__LAT+000_LON-180
  Window: 2024-10-10_0730  |  Region: LAT+000_LON-180  |  13 occultation(s)
────────────────────────────────────────────────────────────
G23 is rising
E3 is rising
R5 is rising
C40 is rising
E25 is rising
R7 is rising
C21 is rising
C22 is rising
G15 is rising
R16 is rising
C42 is rising
E8 is rising
Data Flipped: G6 is setting
  Parsed 13/13 files successfully.
  Bounding box: lat [-37.5, 53.2]  lon [-169.2, -95.0]  |  vertices: 239
  Final group: 13 occultation(s), 239 mesh vertices
  Saved trim diagnostic → ./Figures/GroupKF/group_2024-10-10_0730__LAT+000_LON-180_trim.png
  [1/13] Building H for GN05 07:44 (300 rays) …
  -> Building H Matrix (300 rays, parallel)...
  [2/13] Building H for GN05 07:45 (430 rays) …
  -> Building H Matrix (430 rays, parallel)...
  [3/13] Building H for GN05 07:46 (1069 rays) …
  -> Building H Matrix (1069 rays, parallel)...
  [4/13] Building H for GN05 07:47 (793 rays) …
  -> Building H Matrix (793 rays, parallel)...
  [5/13] Building H for GN05 07:47 (566 rays) …
  -> Building H Matrix (566 rays, parallel)...
  [6/13] Building H for GN05 07:47 (276 rays) …
  -> Building H Matrix (276 rays, parallel)...
  [7/13] Building H for GN05 07:48 (401 rays) …
  -> Building H Matrix (401 rays, parallel)...
  [8/13] Building H for GN05 07:49 (626 rays) …
  -> Building H Matrix (626 rays, parallel)...
  [9/13] Building H for GN05 07:49 (385 rays) …
  -> Building H Matrix (385 rays, parallel)...
  [10/13] Building H for GN05 07:50 (412 rays) …
  -> Building H Matrix (412 rays, parallel)...
  [11/13] Building H for GN05 07:50 (295 rays) …
  -> Building H Matrix (295 rays, parallel)...
  [12/13] Building H for GN05 07:51 (380 rays) …
  -> Building H Matrix (380 rays, parallel)...
  [13/13] Building H for GN05 07:59 (648 rays) …
  -> Building H Matrix (648 rays, parallel)...
  Combined H shape : (6581, 12189)  (total rays = 6581)
  Running sequential KF assimilation …
  [step 1/13] Assimilating GN05 07:44 (300 rays) …
  [!] Error in group 2024-10-10_0730__LAT+000_LON-180: podTc2_data must be provided when distance_localization=True (needed to compute ray midpoints for the localization matrix).

[164/494]
────────────────────────────────────────────────────────────
  Group : 2024-10-10_0730__LAT+030_LON-180
  Window: 2024-10-10_0730  |  Region: LAT+030_LON-180  |  5 occultation(s)
────────────────────────────────────────────────────────────
C43 is rising
G18 is rising
E13 is rising
R22 is rising
C45 is rising
  Parsed 5/5 files successfully.
  Bounding box: lat [8.6, 83.9]  lon [142.6, -119.0]  |  vertices: 191
  Final group: 5 occultation(s), 191 mesh vertices
  Saved trim diagnostic → ./Figures/GroupKF/group_2024-10-10_0730__LAT+030_LON-180_trim.png
  [1/5] Building H for GN05 07:47 (932 rays) …
  -> Building H Matrix (932 rays, parallel)...
  [2/5] Building H for GN05 07:53 (512 rays) …
  -> Building H Matrix (512 rays, parallel)...
  [3/5] Building H for GN05 07:54 (474 rays) …
  -> Building H Matrix (474 rays, parallel)...
  [4/5] Building H for GN05 07:55 (578 rays) …
  -> Building H Matrix (578 rays, parallel)...
  [5/5] Building H for GN05 07:55 (427 rays) …
  -> Building H Matrix (427 rays, parallel)...
  Combined H shape : (2923, 9741)  (total rays = 2923)
  Running sequential KF assimilation …
  [step 1/5] Assimilating GN05 07:47 (932 rays) …
  [!] Error in group 2024-10-10_0730__LAT+030_LON-180: podTc2_data must be provided when distance_localization=True (needed to compute ray midpoints for the localization matrix).

[165/494]
────────────────────────────────────────────────────────────
  Group : 2024-10-10_0730__POLAR_N
  Window: 2024-10-10_0730  |  Region: POLAR_N  |  1 occultation(s)
────────────────────────────────────────────────────────────
G5 is rising
  Parsed 1/1 files successfully.
  [polar] Bounding box: lat [40.4, 90.0]  lon [-180.0, 180.0]  |  vertices: 290
  Final group: 1 occultation(s), 290 mesh vertices
  Saved trim diagnostic → ./Figures/GroupKF/group_2024-10-10_0730__POLAR_N_trim.png
  [1/1] Building H for GN05 07:55 (573 rays) …
  -> Building H Matrix (573 rays, parallel)...
  Combined H shape : (573, 14790)  (total rays = 573)
  Running sequential KF assimilation …
  [step 1/1] Assimilating GN05 07:55 (573 rays) …
  [!] Error in group 2024-10-10_0730__POLAR_N: podTc2_data must be provided when distance_localization=True (needed to compute ray midpoints for the localization matrix).

[166/494]
────────────────────────────────────────────────────────────
  Group : 2024-10-10_0800__LAT+030_LON-180
  Window: 2024-10-10_0800  |  Region: LAT+030_LON-180  |  16 occultation(s)
────────────────────────────────────────────────────────────
E7 is rising
G24 is rising
R8 is rising
Data Flipped: R2 is setting
Data Flipped: C29 is setting
Data Flipped: R12 is setting
Data Flipped: R3 is setting
Data Flipped: G31 is setting
Data Flipped: R4 is setting
Data Flipped: C20 is setting
Data Flipped: G26 is setting
Data Flipped: E4 is setting
Data Flipped: G3 is setting
Data Flipped: G4 is setting
Data Flipped: C32 is setting
Data Flipped: C23 is setting
  Parsed 16/16 files successfully.
  Bounding box: lat [0.4, 80.8]  lon [154.6, -89.2]  |  vertices: 260
  Final group: 16 occultation(s), 260 mesh vertices
  Saved trim diagnostic → ./Figures/GroupKF/group_2024-10-10_0800__LAT+030_LON-180_trim.png
  [1/16] Building H for GN05 08:00 (495 rays) …
  -> Building H Matrix (495 rays, parallel)...
  [2/16] Building H for GN05 08:01 (363 rays) …
  -> Building H Matrix (363 rays, parallel)...
  [3/16] Building H for GN05 08:03 (839 rays) …
  -> Building H Matrix (839 rays, parallel)...
  [4/16] Building H for GN05 08:07 (439 rays) …
  -> Building H Matrix (439 rays, parallel)...
  [5/16] Building H for GN05 08:08 (925 rays) …
  -> Building H Matrix (925 rays, parallel)...
  [6/16] Building H for GN05 08:08 (414 rays) …
  -> Building H Matrix (414 rays, parallel)...
  [7/16] Building H for GN05 08:09 (416 rays) …
  -> Building H Matrix (416 rays, parallel)...
  [8/16] Building H for GN05 08:09 (384 rays) …
  -> Building H Matrix (384 rays, parallel)...
  [9/16] Building H for GN05 08:10 (706 rays) …
  -> Building H Matrix (706 rays, parallel)...
  [10/16] Building H for GN05 08:10 (532 rays) …
  -> Building H Matrix (532 rays, parallel)...
  [11/16] Building H for GN05 08:12 (556 rays) …
  -> Building H Matrix (556 rays, parallel)...
  [12/16] Building H for GN05 08:12 (383 rays) …
  -> Building H Matrix (383 rays, parallel)...
  [13/16] Building H for GN05 08:13 (427 rays) …
  -> Building H Matrix (427 rays, parallel)...
  [14/16] Building H for GN05 08:14 (397 rays) …
  -> Building H Matrix (397 rays, parallel)...
  [15/16] Building H for GN05 08:15 (163 rays) …
  -> Building H Matrix (163 rays, parallel)...
  [16/16] Building H for GN05 08:18 (188 rays) …
  -> Building H Matrix (188 rays, parallel)...
  Combined H shape : (7627, 13260)  (total rays = 7627)
  Running sequential KF assimilation …
  [step 1/16] Assimilating GN05 08:00 (495 rays) …
  [!] Error in group 2024-10-10_0800__LAT+030_LON-180: podTc2_data must be provided when distance_localization=True (needed to compute ray midpoints for the localization matrix).

[167/494]
────────────────────────────────────────────────────────────
  Group : 2024-10-10_0800__LAT+000_LON-180
  Window: 2024-10-10_0800  |  Region: LAT+000_LON-180  |  11 occultation(s)
────────────────────────────────────────────────────────────
Data Flipped: C39 is setting
Data Flipped: G28 is setting
Data Flipped: C25 is setting
Data Flipped: E19 is setting
Data Flipped: E36 is setting
Data Flipped: E21 is setting
Data Flipped: R19 is setting
Data Flipped: R1 is setting
Data Flipped: C41 is setting
C40 is rising
Data not high enough. Skipping.
    [skip] podTc2_GN05.2024.284.08.11.0014.C33.01_0000.0001_nc — parse returned None
  Parsed 10/11 files successfully.
  Bounding box: lat [-13.8, 84.7]  lon [87.1, -108.1]  |  vertices: 466
  [trim] n_geo=466 > MAX_MESH_VERTICES=300 — dropping GN05 08:10 (131.4° from centroid)
  Bounding box: lat [-13.8, 75.7]  lon [161.3, -108.1]  |  vertices: 250
  Final group: 9 occultation(s), 250 mesh vertices
  Saved trim diagnostic → ./Figures/GroupKF/group_2024-10-10_0800__LAT+000_LON-180_trim.png
  [1/9] Building H for GN05 08:01 (413 rays) …
  -> Building H Matrix (413 rays, parallel)...
  [2/9] Building H for GN05 08:02 (394 rays) …
  -> Building H Matrix (394 rays, parallel)...
  [3/9] Building H for GN05 08:02 (408 rays) …
  -> Building H Matrix (408 rays, parallel)...
  [4/9] Building H for GN05 08:05 (434 rays) …
  -> Building H Matrix (434 rays, parallel)...
  [5/9] Building H for GN05 08:06 (443 rays) …
  -> Building H Matrix (443 rays, parallel)...
  [6/9] Building H for GN05 08:06 (357 rays) …
  -> Building H Matrix (357 rays, parallel)...
  [7/9] Building H for GN05 08:06 (623 rays) …
  -> Building H Matrix (623 rays, parallel)...
  [8/9] Building H for GN05 08:07 (1370 rays) …
  -> Building H Matrix (1370 rays, parallel)...
  [9/9] Building H for GN05 08:10 (675 rays) …
  -> Building H Matrix (675 rays, parallel)...
  Combined H shape : (5117, 12750)  (total rays = 5117)
  Running sequential KF assimilation …
  [step 1/9] Assimilating GN05 08:01 (413 rays) …
  [!] Error in group 2024-10-10_0800__LAT+000_LON-180: podTc2_data must be provided when distance_localization=True (needed to compute ray midpoints for the localization matrix).

[168/494]
────────────────────────────────────────────────────────────
  Group : 2024-10-10_0800__POLAR_N
  Window: 2024-10-10_0800  |  Region: POLAR_N  |  19 occultation(s)
────────────────────────────────────────────────────────────
R9 is rising
E15 is rising
C34 is rising
E2 is rising
C26 is rising
R21 is rising
Data Flipped: G29 is setting
E30 is rising
G12 is rising
Data Flipped: E6 is setting
C44 is rising
C24 is rising
Data Flipped: G9 is setting
Data Flipped: E9 is setting
Data Flipped: E11 is setting
E29 is rising
Data Flipped: R18 is setting
G32 is rising
Data Flipped: E10 is setting
  Parsed 19/19 files successfully.
    [skip] GN05 08:14 — only 2 valid rays
  [polar] Bounding box: lat [40.0, 90.0]  lon [-180.0, 180.0]  |  vertices: 294
  Final group: 18 occultation(s), 294 mesh vertices
  Saved trim diagnostic → ./Figures/GroupKF/group_2024-10-10_0800__POLAR_N_trim.png
  [1/18] Building H for GN05 08:03 (423 rays) …
  -> Building H Matrix (423 rays, parallel)...
  [2/18] Building H for GN05 08:05 (450 rays) …
  -> Building H Matrix (450 rays, parallel)...
  [3/18] Building H for GN05 08:05 (521 rays) …
  -> Building H Matrix (521 rays, parallel)...
  [4/18] Building H for GN05 08:06 (661 rays) …
  -> Building H Matrix (661 rays, parallel)...
  [5/18] Building H for GN05 08:06 (354 rays) …
  -> Building H Matrix (354 rays, parallel)...
  [6/18] Building H for GN05 08:08 (460 rays) …
  -> Building H Matrix (460 rays, parallel)...
  [7/18] Building H for GN05 08:14 (286 rays) …
  -> Building H Matrix (286 rays, parallel)...
  [8/18] Building H for GN05 08:14 (163 rays) …
  -> Building H Matrix (163 rays, parallel)...
  [9/18] Building H for GN05 08:15 (418 rays) …
  -> Building H Matrix (418 rays, parallel)...
  [10/18] Building H for GN05 08:16 (160 rays) …
  -> Building H Matrix (160 rays, parallel)...
  [11/18] Building H for GN05 08:16 (275 rays) …
  -> Building H Matrix (275 rays, parallel)...
  [12/18] Building H for GN05 08:17 (501 rays) …
  -> Building H Matrix (501 rays, parallel)...
  [13/18] Building H for GN05 08:18 (485 rays) …
  -> Building H Matrix (485 rays, parallel)...
  [14/18] Building H for GN05 08:19 (417 rays) …
  -> Building H Matrix (417 rays, parallel)...
  [15/18] Building H for GN05 08:20 (153 rays) …
  -> Building H Matrix (153 rays, parallel)...
  [16/18] Building H for GN05 08:21 (568 rays) …
  -> Building H Matrix (568 rays, parallel)...
  [17/18] Building H for GN05 08:22 (207 rays) …
  -> Building H Matrix (207 rays, parallel)...
  [18/18] Building H for GN05 08:24 (443 rays) …
  -> Building H Matrix (443 rays, parallel)...
  Combined H shape : (6945, 14994)  (total rays = 6945)
  Running sequential KF assimilation …
  [step 1/18] Assimilating GN05 08:03 (423 rays) …
  [!] Error in group 2024-10-10_0800__POLAR_N: podTc2_data must be provided when distance_localization=True (needed to compute ray midpoints for the localization matrix).

[169/494]
────────────────────────────────────────────────────────────
  Group : 2024-10-10_0800__LAT-030_LON-180
  Window: 2024-10-10_0800  |  Region: LAT-030_LON-180  |  1 occultation(s)
────────────────────────────────────────────────────────────
No valid descending tangent points found. Skipping.
    [skip] podTc2_GN05.2024.284.08.14.0011.R11.00_0000.0001_nc — parse returned None

[170/494]
────────────────────────────────────────────────────────────
  Group : 2024-10-10_0800__LAT+030_LON+000
  Window: 2024-10-10_0800  |  Region: LAT+030_LON+000  |  8 occultation(s)
────────────────────────────────────────────────────────────
No valid descending tangent points found. Skipping.
    [skip] podTc2_GN05.2024.284.08.16.0020.G11.01_0000.0001_nc — parse returned None
No valid descending tangent points found. Skipping.
    [skip] podTc2_GN05.2024.284.08.17.0021.E34.01_0000.0001_nc — parse returned None
No valid descending tangent points found. Skipping.
    [skip] podTc2_GN05.2024.284.08.19.0019.R20.01_0000.0001_nc — parse returned None
No valid descending tangent points found. Skipping.
    [skip] podTc2_GN05.2024.284.08.19.0020.E27.01_0000.0001_nc — parse returned None
R11 is rising
No valid descending tangent points found. Skipping.
    [skip] podTc2_GN05.2024.284.08.21.0017.C35.01_0000.0001_nc — parse returned None
No valid descending tangent points found. Skipping.
    [skip] podTc2_GN05.2024.284.08.24.0014.G28.01_0000.0001_nc — parse returned None
No valid descending tangent points found. Skipping.
    [skip] podTc2_GN05.2024.284.08.25.0014.C25.01_0000.0001_nc — parse returned None
  Parsed 1/8 files successfully.
  Bounding box: lat [36.4, 64.0]  lon [34.3, 44.0]  |  vertices: 6
  Final group: 1 occultation(s), 6 mesh vertices
  Saved trim diagnostic → ./Figures/GroupKF/group_2024-10-10_0800__LAT+030_LON+000_trim.png
  [1/1] Building H for GN05 08:20 (125 rays) …
  -> Building H Matrix (125 rays, parallel)...
  Combined H shape : (125, 306)  (total rays = 125)
  Running sequential KF assimilation …
  [step 1/1] Assimilating GN05 08:20 (125 rays) …
  [!] Error in group 2024-10-10_0800__LAT+030_LON+000: podTc2_data must be provided when distance_localization=True (needed to compute ray midpoints for the localization matrix).

[171/494]
────────────────────────────────────────────────────────────
  Group : 2024-10-10_0800__LAT+000_LON+000
  Window: 2024-10-10_0800  |  Region: LAT+000_LON+000  |  1 occultation(s)
────────────────────────────────────────────────────────────
No valid descending tangent points found. Skipping.
    [skip] podTc2_GN05.2024.284.08.27.0012.C39.01_0000.0001_nc — parse returned None

[172/494]
────────────────────────────────────────────────────────────
  Group : 2024-10-10_0830__LAT+000_LON+000
  Window: 2024-10-10_0830  |  Region: LAT+000_LON+000  |  16 occultation(s)
────────────────────────────────────────────────────────────
No valid descending tangent points found. Skipping.
    [skip] podTc2_GN05.2024.284.08.31.0011.R12.01_0000.0001_nc — parse returned None
No valid descending tangent points found. Skipping.
    [skip] podTc2_GN05.2024.284.08.48.0020.R15.00_0000.0001_nc — parse returned None
Data Flipped: R24 is setting
No valid descending tangent points found. Skipping.
    [skip] podTc2_GN05.2024.284.08.48.0011.E05.00_0000.0001_nc — parse returned None
Data Flipped: G27 is setting
No valid descending tangent points found. Skipping.
    [skip] podTc2_GN05.2024.284.08.49.0017.G30.00_0000.0001_nc — parse returned None
No valid descending tangent points found. Skipping.
    [skip] podTc2_GN05.2024.284.08.49.0021.E24.00_0000.0001_nc — parse returned None
Data Flipped: E25 is setting
No valid descending tangent points found. Skipping.
    [skip] podTc2_GN05.2024.284.08.49.0021.C27.00_0000.0001_nc — parse returned None
Data Flipped: C28 is setting
No valid descending tangent points found. Skipping.
    [skip] podTc2_GN05.2024.284.08.49.0013.G17.00_0000.0001_nc — parse returned None
Data Flipped: G8 is setting
Data Flipped: G14 is setting
Data Flipped: E33 is setting
Data Flipped: C36 is setting
Data Flipped: C38 is setting
  Parsed 9/16 files successfully.
    [skip] GN05 08:49 — only 9 valid rays
  Bounding box: lat [-31.4, 20.0]  lon [1.6, 56.7]  |  vertices: 109
  Final group: 8 occultation(s), 109 mesh vertices
  Saved trim diagnostic → ./Figures/GroupKF/group_2024-10-10_0830__LAT+000_LON+000_trim.png
  [1/8] Building H for GN05 08:48 (270 rays) …
  -> Building H Matrix (270 rays, parallel)...
  [2/8] Building H for GN05 08:49 (740 rays) …
  -> Building H Matrix (740 rays, parallel)...
  [3/8] Building H for GN05 08:49 (337 rays) …
  -> Building H Matrix (337 rays, parallel)...
  [4/8] Building H for GN05 08:49 (405 rays) …
  -> Building H Matrix (405 rays, parallel)...
  [5/8] Building H for GN05 08:49 (163 rays) …
  -> Building H Matrix (163 rays, parallel)...
  [6/8] Building H for GN05 08:49 (128 rays) …
  -> Building H Matrix (128 rays, parallel)...
  [7/8] Building H for GN05 08:49 (107 rays) …
  -> Building H Matrix (107 rays, parallel)...
  [8/8] Building H for GN05 08:50 (124 rays) …
  -> Building H Matrix (124 rays, parallel)...
  Combined H shape : (2274, 5559)  (total rays = 2274)
  Running sequential KF assimilation …
  [step 1/8] Assimilating GN05 08:48 (270 rays) …
  [!] Error in group 2024-10-10_0830__LAT+000_LON+000: podTc2_data must be provided when distance_localization=True (needed to compute ray midpoints for the localization matrix).

[173/494]
────────────────────────────────────────────────────────────
  Group : 2024-10-10_0830__LAT+030_LON+060
  Window: 2024-10-10_0830  |  Region: LAT+030_LON+060  |  2 occultation(s)
────────────────────────────────────────────────────────────
No valid descending tangent points found. Skipping.
    [skip] podTc2_GN05.2024.284.08.48.0011.G07.00_0000.0001_nc — parse returned None
No valid descending tangent points found. Skipping.
    [skip] podTc2_GN05.2024.284.08.49.0015.C30.00_0000.0001_nc — parse returned None

[174/494]
────────────────────────────────────────────────────────────
  Group : 2024-10-10_0830__LAT+030_LON+000
  Window: 2024-10-10_0830  |  Region: LAT+030_LON+000  |  4 occultation(s)
────────────────────────────────────────────────────────────
No valid descending tangent points found. Skipping.
    [skip] podTc2_GN05.2024.284.08.48.0011.R14.00_0000.0001_nc — parse returned None
No valid descending tangent points found. Skipping.
    [skip] podTc2_GN05.2024.284.08.48.0019.R17.00_0000.0001_nc — parse returned None
No valid descending tangent points found. Skipping.
    [skip] podTc2_GN05.2024.284.08.49.0014.E12.00_0000.0001_nc — parse returned None
No valid descending tangent points found. Skipping.
    [skip] podTc2_GN05.2024.284.08.49.0014.E31.00_0000.0001_nc — parse returned None

[175/494]
────────────────────────────────────────────────────────────
  Group : 2024-10-10_0830__LAT-030_LON+000
  Window: 2024-10-10_0830  |  Region: LAT-030_LON+000  |  17 occultation(s)
────────────────────────────────────────────────────────────
E4 is rising
G4 is rising
E36 is rising
C20 is rising
C23 is rising
C32 is rising
G6 is rising
G26 is rising
R2 is rising
R3 is rising
R4 is rising
E6 is rising
Data Flipped: E3 is setting
C19 is rising
Data Flipped: R16 is setting
Data Flipped: G10 is setting
Data Flipped: C22 is setting
  Parsed 17/17 files successfully.
  Bounding box: lat [-77.6, 16.3]  lon [-74.5, 64.8]  |  vertices: 401
  [trim] n_geo=401 > MAX_MESH_VERTICES=300 — dropping GN05 08:54 (44.2° from centroid)
  Bounding box: lat [-57.5, 16.3]  lon [-24.8, 64.8]  |  vertices: 230
  Final group: 16 occultation(s), 230 mesh vertices
  Saved trim diagnostic → ./Figures/GroupKF/group_2024-10-10_0830__LAT-030_LON+000_trim.png
  [1/16] Building H for GN05 08:48 (387 rays) …
  -> Building H Matrix (387 rays, parallel)...
  [2/16] Building H for GN05 08:49 (383 rays) …
  -> Building H Matrix (383 rays, parallel)...
  [3/16] Building H for GN05 08:49 (558 rays) …
  -> Building H Matrix (558 rays, parallel)...
  [4/16] Building H for GN05 08:49 (434 rays) …
  -> Building H Matrix (434 rays, parallel)...
  [5/16] Building H for GN05 08:49 (432 rays) …
  -> Building H Matrix (432 rays, parallel)...
  [6/16] Building H for GN05 08:49 (459 rays) …
  -> Building H Matrix (459 rays, parallel)...
  [7/16] Building H for GN05 08:49 (619 rays) …
  -> Building H Matrix (619 rays, parallel)...
  [8/16] Building H for GN05 08:49 (513 rays) …
  -> Building H Matrix (513 rays, parallel)...
  [9/16] Building H for GN05 08:49 (590 rays) …
  -> Building H Matrix (590 rays, parallel)...
  [10/16] Building H for GN05 08:49 (401 rays) …
  -> Building H Matrix (401 rays, parallel)...
  [11/16] Building H for GN05 08:49 (489 rays) …
  -> Building H Matrix (489 rays, parallel)...
  [12/16] Building H for GN05 08:50 (388 rays) …
  -> Building H Matrix (388 rays, parallel)...
  [13/16] Building H for GN05 08:50 (510 rays) …
  -> Building H Matrix (510 rays, parallel)...
  [14/16] Building H for GN05 08:50 (986 rays) …
  -> Building H Matrix (986 rays, parallel)...
  [15/16] Building H for GN05 08:51 (387 rays) …
  -> Building H Matrix (387 rays, parallel)...
  [16/16] Building H for GN05 08:52 (667 rays) …
  -> Building H Matrix (667 rays, parallel)...
  Combined H shape : (8203, 11730)  (total rays = 8203)
  Running sequential KF assimilation …
  [step 1/16] Assimilating GN05 08:48 (387 rays) …
  [!] Error in group 2024-10-10_0830__LAT-030_LON+000: podTc2_data must be provided when distance_localization=True (needed to compute ray midpoints for the localization matrix).

[176/494]
────────────────────────────────────────────────────────────
  Group : 2024-10-10_0830__POLAR_N
  Window: 2024-10-10_0830  |  Region: POLAR_N  |  1 occultation(s)
────────────────────────────────────────────────────────────
No valid descending tangent points found. Skipping.
    [skip] podTc2_GN05.2024.284.08.48.0010.E10.00_0000.0001_nc — parse returned None

[177/494]
────────────────────────────────────────────────────────────
  Group : 2024-10-10_0830__LAT+000_LON+060
  Window: 2024-10-10_0830  |  Region: LAT+000_LON+060  |  1 occultation(s)
────────────────────────────────────────────────────────────
No valid descending tangent points found. Skipping.
    [skip] podTc2_GN05.2024.284.08.48.0008.R18.00_0000.0001_nc — parse returned None

[178/494]
────────────────────────────────────────────────────────────
  Group : 2024-10-10_0830__LAT-060_LON+000
  Window: 2024-10-10_0830  |  Region: LAT-060_LON+000  |  15 occultation(s)
────────────────────────────────────────────────────────────
G3 is rising
G9 is rising
R5 is rising
E9 is rising
C37 is rising
C41 is rising
Data Flipped: C33 is setting
Data Flipped: C45 is setting
Data Flipped: R7 is setting
Data Flipped: G15 is setting
Data Flipped: E8 is setting
Data Flipped: R8 is setting
Data Flipped: E26 is setting
Data Flipped: C21 is setting
Data Flipped: G23 is setting
  Parsed 15/15 files successfully.
  Bounding box: lat [-80.9, 9.8]  lon [-55.4, 101.1]  |  vertices: 415
  [trim] n_geo=415 > MAX_MESH_VERTICES=300 — dropping GN05 08:49 (20.5° from centroid)
  Bounding box: lat [-80.9, 9.8]  lon [-55.4, 101.1]  |  vertices: 415
  [trim] n_geo=415 > MAX_MESH_VERTICES=300 — dropping GN05 08:55 (18.8° from centroid)
  Bounding box: lat [-80.9, 9.8]  lon [-55.4, 101.1]  |  vertices: 415
  [trim] n_geo=415 > MAX_MESH_VERTICES=300 — dropping GN05 08:59 (17.7° from centroid)
  Bounding box: lat [-80.9, 9.8]  lon [-55.4, 101.1]  |  vertices: 415
  [trim] n_geo=415 > MAX_MESH_VERTICES=300 — dropping GN05 08:58 (18.2° from centroid)
  Bounding box: lat [-80.9, 9.8]  lon [-55.4, 101.1]  |  vertices: 415
  [trim] n_geo=415 > MAX_MESH_VERTICES=300 — dropping GN05 08:49 (16.2° from centroid)
  Bounding box: lat [-80.9, 9.8]  lon [-55.4, 101.1]  |  vertices: 415
  [trim] n_geo=415 > MAX_MESH_VERTICES=300 — dropping GN05 08:59 (15.6° from centroid)
  Bounding box: lat [-80.9, 9.8]  lon [-55.4, 101.1]  |  vertices: 415
  [trim] n_geo=415 > MAX_MESH_VERTICES=300 — dropping GN05 08:50 (13.3° from centroid)
  Bounding box: lat [-67.0, -6.2]  lon [-29.4, 42.6]  |  vertices: 134
  Final group: 8 occultation(s), 134 mesh vertices
  Saved trim diagnostic → ./Figures/GroupKF/group_2024-10-10_0830__LAT-060_LON+000_trim.png
  [1/8] Building H for GN05 08:49 (486 rays) …
  -> Building H Matrix (486 rays, parallel)...
  [2/8] Building H for GN05 08:49 (424 rays) …
  -> Building H Matrix (424 rays, parallel)...
  [3/8] Building H for GN05 08:49 (425 rays) …
  -> Building H Matrix (425 rays, parallel)...
  [4/8] Building H for GN05 08:56 (428 rays) …
  -> Building H Matrix (428 rays, parallel)...
  [5/8] Building H for GN05 08:56 (404 rays) …
  -> Building H Matrix (404 rays, parallel)...
  [6/8] Building H for GN05 08:57 (421 rays) …
  -> Building H Matrix (421 rays, parallel)...
  [7/8] Building H for GN05 08:58 (388 rays) …
  -> Building H Matrix (388 rays, parallel)...
  [8/8] Building H for GN05 08:59 (460 rays) …
  -> Building H Matrix (460 rays, parallel)...
  Combined H shape : (3436, 6834)  (total rays = 3436)
  Running sequential KF assimilation …
  [step 1/8] Assimilating GN05 08:49 (486 rays) …
  [!] Error in group 2024-10-10_0830__LAT-060_LON+000: podTc2_data must be provided when distance_localization=True (needed to compute ray midpoints for the localization matrix).

[179/494]
────────────────────────────────────────────────────────────
  Group : 2024-10-10_0830__POLAR_S
  Window: 2024-10-10_0830  |  Region: POLAR_S  |  10 occultation(s)
────────────────────────────────────────────────────────────
C29 is rising
E11 is rising
R18 is rising
E10 is rising
G7 is rising
R14 is rising
E12 is rising
C30 is rising
E5 is rising
E31 is rising
  Parsed 10/10 files successfully.
  [polar] Bounding box: lat [-90.0, -39.8]  lon [-180.0, 180.0]  |  vertices: 297
  Final group: 10 occultation(s), 297 mesh vertices
  Saved trim diagnostic → ./Figures/GroupKF/group_2024-10-10_0830__POLAR_S_trim.png
  [1/10] Building H for GN05 08:49 (719 rays) …
  -> Building H Matrix (719 rays, parallel)...
  [2/10] Building H for GN05 08:50 (452 rays) …
  -> Building H Matrix (452 rays, parallel)...
  [3/10] Building H for GN05 08:52 (493 rays) …
  -> Building H Matrix (493 rays, parallel)...
  [4/10] Building H for GN05 08:52 (458 rays) …
  -> Building H Matrix (458 rays, parallel)...
  [5/10] Building H for GN05 08:54 (370 rays) …
  -> Building H Matrix (370 rays, parallel)...
  [6/10] Building H for GN05 08:55 (421 rays) …
  -> Building H Matrix (421 rays, parallel)...
  [7/10] Building H for GN05 08:57 (502 rays) …
  -> Building H Matrix (502 rays, parallel)...
  [8/10] Building H for GN05 08:58 (445 rays) …
  -> Building H Matrix (445 rays, parallel)...
  [9/10] Building H for GN05 08:59 (646 rays) …
  -> Building H Matrix (646 rays, parallel)...
  [10/10] Building H for GN05 08:59 (256 rays) …
  -> Building H Matrix (256 rays, parallel)...
  Combined H shape : (4762, 15147)  (total rays = 4762)
  Running sequential KF assimilation …
  [step 1/10] Assimilating GN05 08:49 (719 rays) …
  [!] Error in group 2024-10-10_0830__POLAR_S: podTc2_data must be provided when distance_localization=True (needed to compute ray midpoints for the localization matrix).

[180/494]
────────────────────────────────────────────────────────────
  Group : 2024-10-10_0830__LAT-060_LON-060
  Window: 2024-10-10_0830  |  Region: LAT-060_LON-060  |  2 occultation(s)
────────────────────────────────────────────────────────────
R19 is rising
Data Flipped: E2 is setting
  Parsed 2/2 files successfully.
  Bounding box: lat [-75.8, -21.2]  lon [-33.7, 24.3]  |  vertices: 81
  Final group: 2 occultation(s), 81 mesh vertices
  Saved trim diagnostic → ./Figures/GroupKF/group_2024-10-10_0830__LAT-060_LON-060_trim.png
  [1/2] Building H for GN05 08:50 (614 rays) …
  -> Building H Matrix (614 rays, parallel)...
  [2/2] Building H for GN05 08:59 (664 rays) …
  -> Building H Matrix (664 rays, parallel)...
  Combined H shape : (1278, 4131)  (total rays = 1278)
  Running sequential KF assimilation …
  [step 1/2] Assimilating GN05 08:50 (614 rays) …
  [!] Error in group 2024-10-10_0830__LAT-060_LON-060: podTc2_data must be provided when distance_localization=True (needed to compute ray midpoints for the localization matrix).

[181/494]
────────────────────────────────────────────────────────────
  Group : 2024-10-10_0900__POLAR_S
  Window: 2024-10-10_0900  |  Region: POLAR_S  |  15 occultation(s)
────────────────────────────────────────────────────────────
G17 is rising
G30 is rising
Data Flipped: E7 is setting
R15 is rising
Data Flipped: G24 is setting
Data Flipped: G32 is setting
Data Flipped: C26 is setting
Data Flipped: E13 is setting
Data Flipped: G5 is setting
Data Flipped: G18 is setting
Data Flipped: E29 is setting
Data Flipped: C43 is setting
Data Flipped: R22 is setting
Data Flipped: G12 is setting
Data Flipped: C40 is setting
  Parsed 15/15 files successfully.
  [polar] Bounding box: lat [-90.0, -39.7]  lon [-180.0, 180.0]  |  vertices: 298
  Final group: 15 occultation(s), 298 mesh vertices
  Saved trim diagnostic → ./Figures/GroupKF/group_2024-10-10_0900__POLAR_S_trim.png
  [1/15] Building H for GN05 09:00 (610 rays) …
  -> Building H Matrix (610 rays, parallel)...
  [2/15] Building H for GN05 09:01 (381 rays) …
  -> Building H Matrix (381 rays, parallel)...
  [3/15] Building H for GN05 09:03 (428 rays) …
  -> Building H Matrix (428 rays, parallel)...
  [4/15] Building H for GN05 09:04 (377 rays) …
  -> Building H Matrix (377 rays, parallel)...
  [5/15] Building H for GN05 09:05 (370 rays) …
  -> Building H Matrix (370 rays, parallel)...
  [6/15] Building H for GN05 09:10 (634 rays) …
  -> Building H Matrix (634 rays, parallel)...
  [7/15] Building H for GN05 09:10 (311 rays) …
  -> Building H Matrix (311 rays, parallel)...
  [8/15] Building H for GN05 09:12 (449 rays) …
  -> Building H Matrix (449 rays, parallel)...
  [9/15] Building H for GN05 09:12 (1149 rays) …
  -> Building H Matrix (1149 rays, parallel)...
  [10/15] Building H for GN05 09:12 (464 rays) …
  -> Building H Matrix (464 rays, parallel)...
  [11/15] Building H for GN05 09:12 (627 rays) …
  -> Building H Matrix (627 rays, parallel)...
  [12/15] Building H for GN05 09:12 (541 rays) …
  -> Building H Matrix (541 rays, parallel)...
  [13/15] Building H for GN05 09:17 (490 rays) …
  -> Building H Matrix (490 rays, parallel)...
  [14/15] Building H for GN05 09:17 (543 rays) …
  -> Building H Matrix (543 rays, parallel)...
  [15/15] Building H for GN05 09:19 (656 rays) …
  -> Building H Matrix (656 rays, parallel)...
  Combined H shape : (8030, 15198)  (total rays = 8030)
  Running sequential KF assimilation …
  [step 1/15] Assimilating GN05 09:00 (610 rays) …
  [!] Error in group 2024-10-10_0900__POLAR_S: podTc2_data must be provided when distance_localization=True (needed to compute ray midpoints for the localization matrix).

[182/494]
────────────────────────────────────────────────────────────
  Group : 2024-10-10_0900__LAT-060_LON-060
  Window: 2024-10-10_0900  |  Region: LAT-060_LON-060  |  2 occultation(s)
────────────────────────────────────────────────────────────
R5 is rising
Data Flipped: R9 is setting
  Parsed 2/2 files successfully.
  Bounding box: lat [-75.7, -26.4]  lon [-51.1, 20.8]  |  vertices: 87
  Final group: 2 occultation(s), 87 mesh vertices
  Saved trim diagnostic → ./Figures/GroupKF/group_2024-10-10_0900__LAT-060_LON-060_trim.png
  [1/2] Building H for GN05 09:01 (694 rays) …
  -> Building H Matrix (694 rays, parallel)...
  [2/2] Building H for GN05 09:02 (432 rays) …
  -> Building H Matrix (432 rays, parallel)...
  Combined H shape : (1126, 4437)  (total rays = 1126)
  Running sequential KF assimilation …
  [step 1/2] Assimilating GN05 09:01 (694 rays) …
  [!] Error in group 2024-10-10_0900__LAT-060_LON-060: podTc2_data must be provided when distance_localization=True (needed to compute ray midpoints for the localization matrix).

[183/494]
────────────────────────────────────────────────────────────
  Group : 2024-10-10_0900__LAT-060_LON-180
  Window: 2024-10-10_0900  |  Region: LAT-060_LON-180  |  14 occultation(s)
────────────────────────────────────────────────────────────
R17 is rising
E24 is rising
C27 is rising
C36 is rising
G14 is rising
E25 is rising
R16 is rising
Data Flipped: E30 is setting
Data Flipped: C24 is setting
Data Flipped: C34 is setting
Data Flipped: E15 is setting
Data Flipped: R11 is setting
Data Flipped: E27 is setting
Data Flipped: G28 is setting
  Parsed 14/14 files successfully.
  Bounding box: lat [-84.6, -4.0]  lon [161.1, -72.8]  |  vertices: 267
  Final group: 14 occultation(s), 267 mesh vertices
  Saved trim diagnostic → ./Figures/GroupKF/group_2024-10-10_0900__LAT-060_LON-180_trim.png
  [1/14] Building H for GN05 09:02 (472 rays) …
  -> Building H Matrix (472 rays, parallel)...
  [2/14] Building H for GN05 09:05 (397 rays) …
  -> Building H Matrix (397 rays, parallel)...
  [3/14] Building H for GN05 09:05 (517 rays) …
  -> Building H Matrix (517 rays, parallel)...
  [4/14] Building H for GN05 09:08 (377 rays) …
  -> Building H Matrix (377 rays, parallel)...
  [5/14] Building H for GN05 09:09 (387 rays) …
  -> Building H Matrix (387 rays, parallel)...
  [6/14] Building H for GN05 09:12 (409 rays) …
  -> Building H Matrix (409 rays, parallel)...
  [7/14] Building H for GN05 09:13 (369 rays) …
  -> Building H Matrix (369 rays, parallel)...
  [8/14] Building H for GN05 09:17 (534 rays) …
  -> Building H Matrix (534 rays, parallel)...
  [9/14] Building H for GN05 09:19 (374 rays) …
  -> Building H Matrix (374 rays, parallel)...
  [10/14] Building H for GN05 09:22 (442 rays) …
  -> Building H Matrix (442 rays, parallel)...
  [11/14] Building H for GN05 09:22 (506 rays) …
  -> Building H Matrix (506 rays, parallel)...
  [12/14] Building H for GN05 09:24 (378 rays) …
  -> Building H Matrix (378 rays, parallel)...
  [13/14] Building H for GN05 09:26 (391 rays) …
  -> Building H Matrix (391 rays, parallel)...
  [14/14] Building H for GN05 09:27 (310 rays) …
  -> Building H Matrix (310 rays, parallel)...
  Combined H shape : (5863, 13617)  (total rays = 5863)
  Running sequential KF assimilation …
  [step 1/14] Assimilating GN05 09:02 (472 rays) …
  [!] Error in group 2024-10-10_0900__LAT-060_LON-180: podTc2_data must be provided when distance_localization=True (needed to compute ray midpoints for the localization matrix).

[184/494]
────────────────────────────────────────────────────────────
  Group : 2024-10-10_0900__LAT-060_LON+000
  Window: 2024-10-10_0900  |  Region: LAT-060_LON+000  |  2 occultation(s)
────────────────────────────────────────────────────────────
Data Flipped: C42 is setting
Data Flipped: R1 is setting
  Parsed 2/2 files successfully.
  Bounding box: lat [-72.0, -34.2]  lon [9.5, -138.3]  |  vertices: 189
  Final group: 2 occultation(s), 189 mesh vertices
  Saved trim diagnostic → ./Figures/GroupKF/group_2024-10-10_0900__LAT-060_LON+000_trim.png
  [1/2] Building H for GN05 09:03 (158 rays) …
  -> Building H Matrix (158 rays, parallel)...
  [2/2] Building H for GN05 09:06 (954 rays) …
  -> Building H Matrix (954 rays, parallel)...
  Combined H shape : (1112, 9639)  (total rays = 1112)
  Running sequential KF assimilation …
  [step 1/2] Assimilating GN05 09:03 (158 rays) …
  [!] Error in group 2024-10-10_0900__LAT-060_LON+000: podTc2_data must be provided when distance_localization=True (needed to compute ray midpoints for the localization matrix).

[185/494]
────────────────────────────────────────────────────────────
  Group : 2024-10-10_0900__LAT-030_LON-180
  Window: 2024-10-10_0900  |  Region: LAT-030_LON-180  |  8 occultation(s)
────────────────────────────────────────────────────────────
G8 is rising
E33 is rising
C38 is rising
R24 is rising
E3 is rising
C45 is rising
Data Flipped: R21 is setting
Data Flipped: C44 is setting
  Parsed 8/8 files successfully.
  Bounding box: lat [-50.4, 15.5]  lon [157.2, -121.7]  |  vertices: 194
  Final group: 8 occultation(s), 194 mesh vertices
  Saved trim diagnostic → ./Figures/GroupKF/group_2024-10-10_0900__LAT-030_LON-180_trim.png
  [1/8] Building H for GN05 09:10 (652 rays) …
  -> Building H Matrix (652 rays, parallel)...
  [2/8] Building H for GN05 09:14 (253 rays) …
  -> Building H Matrix (253 rays, parallel)...
  [3/8] Building H for GN05 09:15 (421 rays) …
  -> Building H Matrix (421 rays, parallel)...
  [4/8] Building H for GN05 09:15 (373 rays) …
  -> Building H Matrix (373 rays, parallel)...
  [5/8] Building H for GN05 09:16 (521 rays) …
  -> Building H Matrix (521 rays, parallel)...
  [6/8] Building H for GN05 09:19 (410 rays) …
  -> Building H Matrix (410 rays, parallel)...
  [7/8] Building H for GN05 09:28 (475 rays) …
  -> Building H Matrix (475 rays, parallel)...
  [8/8] Building H for GN05 09:29 (503 rays) …
  -> Building H Matrix (503 rays, parallel)...
  Combined H shape : (3608, 9894)  (total rays = 3608)
  Running sequential KF assimilation …
  [step 1/8] Assimilating GN05 09:10 (652 rays) …
  [!] Error in group 2024-10-10_0900__LAT-030_LON-180: podTc2_data must be provided when distance_localization=True (needed to compute ray midpoints for the localization matrix).

[186/494]
────────────────────────────────────────────────────────────
  Group : 2024-10-10_0900__LAT+000_LON+120
  Window: 2024-10-10_0900  |  Region: LAT+000_LON+120  |  2 occultation(s)
────────────────────────────────────────────────────────────
C28 is rising
C33 is rising
  Parsed 2/2 files successfully.
  Bounding box: lat [-6.3, 46.6]  lon [154.4, -163.7]  |  vertices: 79
  Final group: 2 occultation(s), 79 mesh vertices
  Saved trim diagnostic → ./Figures/GroupKF/group_2024-10-10_0900__LAT+000_LON+120_trim.png
  [1/2] Building H for GN05 09:19 (754 rays) …
  -> Building H Matrix (754 rays, parallel)...
  [2/2] Building H for GN05 09:27 (478 rays) …
  -> Building H Matrix (478 rays, parallel)...
  Combined H shape : (1232, 4029)  (total rays = 1232)
  Running sequential KF assimilation …
  [step 1/2] Assimilating GN05 09:19 (754 rays) …
  [!] Error in group 2024-10-10_0900__LAT+000_LON+120: podTc2_data must be provided when distance_localization=True (needed to compute ray midpoints for the localization matrix).

[187/494]
────────────────────────────────────────────────────────────
  Group : 2024-10-10_0900__LAT+000_LON-180
  Window: 2024-10-10_0900  |  Region: LAT+000_LON-180  |  10 occultation(s)
────────────────────────────────────────────────────────────
R7 is rising
E8 is rising
G15 is rising
G10 is rising
R8 is rising
C42 is rising
R9 is rising
E2 is rising
G24 is rising
E7 is rising
  Parsed 10/10 files successfully.
  Bounding box: lat [-15.8, 53.9]  lon [174.2, -136.8]  |  vertices: 121
  Final group: 10 occultation(s), 121 mesh vertices
  Saved trim diagnostic → ./Figures/GroupKF/group_2024-10-10_0900__LAT+000_LON-180_trim.png
  [1/10] Building H for GN05 09:21 (273 rays) …
  -> Building H Matrix (273 rays, parallel)...
  [2/10] Building H for GN05 09:22 (238 rays) …
  -> Building H Matrix (238 rays, parallel)...
  [3/10] Building H for GN05 09:23 (373 rays) …
  -> Building H Matrix (373 rays, parallel)...
  [4/10] Building H for GN05 09:23 (472 rays) …
  -> Building H Matrix (472 rays, parallel)...
  [5/10] Building H for GN05 09:23 (401 rays) …
  -> Building H Matrix (401 rays, parallel)...
  [6/10] Building H for GN05 09:24 (272 rays) …
  -> Building H Matrix (272 rays, parallel)...
  [7/10] Building H for GN05 09:25 (246 rays) …
  -> Building H Matrix (246 rays, parallel)...
  [8/10] Building H for GN05 09:25 (428 rays) …
  -> Building H Matrix (428 rays, parallel)...
  [9/10] Building H for GN05 09:27 (299 rays) …
  -> Building H Matrix (299 rays, parallel)...
  [10/10] Building H for GN05 09:28 (383 rays) …
  -> Building H Matrix (383 rays, parallel)...
  Combined H shape : (3385, 6171)  (total rays = 3385)
  Running sequential KF assimilation …
  [step 1/10] Assimilating GN05 09:21 (273 rays) …
  [!] Error in group 2024-10-10_0900__LAT+000_LON-180: podTc2_data must be provided when distance_localization=True (needed to compute ray midpoints for the localization matrix).

[188/494]
────────────────────────────────────────────────────────────
  Group : 2024-10-10_0900__LAT+030_LON-180
  Window: 2024-10-10_0900  |  Region: LAT+030_LON-180  |  2 occultation(s)
────────────────────────────────────────────────────────────
C21 is rising
G23 is rising
  Parsed 2/2 files successfully.
  Bounding box: lat [7.9, 59.1]  lon [176.2, -130.9]  |  vertices: 86
  Final group: 2 occultation(s), 86 mesh vertices
  Saved trim diagnostic → ./Figures/GroupKF/group_2024-10-10_0900__LAT+030_LON-180_trim.png
  [1/2] Building H for GN05 09:26 (629 rays) …
  -> Building H Matrix (629 rays, parallel)...
  [2/2] Building H for GN05 09:26 (429 rays) …
  -> Building H Matrix (429 rays, parallel)...
  Combined H shape : (1058, 4386)  (total rays = 1058)
  Running sequential KF assimilation …
  [step 1/2] Assimilating GN05 09:26 (629 rays) …
  [!] Error in group 2024-10-10_0900__LAT+030_LON-180: podTc2_data must be provided when distance_localization=True (needed to compute ray midpoints for the localization matrix).

[189/494]
────────────────────────────────────────────────────────────
  Group : 2024-10-10_0900__LAT+030_LON+120
  Window: 2024-10-10_0900  |  Region: LAT+030_LON+120  |  1 occultation(s)
────────────────────────────────────────────────────────────
E26 is rising
  Parsed 1/1 files successfully.
  Bounding box: lat [23.0, 76.4]  lon [160.3, -175.5]  |  vertices: 32
  Final group: 1 occultation(s), 32 mesh vertices
  Saved trim diagnostic → ./Figures/GroupKF/group_2024-10-10_0900__LAT+030_LON+120_trim.png
  [1/1] Building H for GN05 09:29 (485 rays) …
  -> Building H Matrix (485 rays, parallel)...
  Combined H shape : (485, 1632)  (total rays = 485)
  Running sequential KF assimilation …
  [step 1/1] Assimilating GN05 09:29 (485 rays) …
  [!] Error in group 2024-10-10_0900__LAT+030_LON+120: podTc2_data must be provided when distance_localization=True (needed to compute ray midpoints for the localization matrix).

[190/494]
────────────────────────────────────────────────────────────
  Group : 2024-10-10_0930__LAT-030_LON-180
  Window: 2024-10-10_0930  |  Region: LAT-030_LON-180  |  7 occultation(s)
────────────────────────────────────────────────────────────
Data Flipped: C25 is setting
Data Flipped: E19 is setting
Data Flipped: G29 is setting
Data Flipped: C39 is setting
Data Flipped: G26 is setting
Data Flipped: E21 is setting
Data Flipped: R12 is setting
  Parsed 7/7 files successfully.
  Bounding box: lat [-45.2, 16.2]  lon [158.0, -152.7]  |  vertices: 112
  Final group: 7 occultation(s), 112 mesh vertices
  Saved trim diagnostic → ./Figures/GroupKF/group_2024-10-10_0930__LAT-030_LON-180_trim.png
  [1/7] Building H for GN05 09:30 (286 rays) …
  -> Building H Matrix (286 rays, parallel)...
  [2/7] Building H for GN05 09:30 (619 rays) …
  -> Building H Matrix (619 rays, parallel)...
  [3/7] Building H for GN05 09:30 (289 rays) …
  -> Building H Matrix (289 rays, parallel)...
  [4/7] Building H for GN05 09:33 (330 rays) …
  -> Building H Matrix (330 rays, parallel)...
  [5/7] Building H for GN05 09:35 (428 rays) …
  -> Building H Matrix (428 rays, parallel)...
  [6/7] Building H for GN05 09:35 (220 rays) …
  -> Building H Matrix (220 rays, parallel)...
  [7/7] Building H for GN05 09:37 (175 rays) …
  -> Building H Matrix (175 rays, parallel)...
  Combined H shape : (2347, 5712)  (total rays = 2347)
  Running sequential KF assimilation …
  [step 1/7] Assimilating GN05 09:30 (286 rays) …
  [!] Error in group 2024-10-10_0930__LAT-030_LON-180: podTc2_data must be provided when distance_localization=True (needed to compute ray midpoints for the localization matrix).

[191/494]
────────────────────────────────────────────────────────────
  Group : 2024-10-10_0930__LAT+030_LON-180
  Window: 2024-10-10_0930  |  Region: LAT+030_LON-180  |  8 occultation(s)
────────────────────────────────────────────────────────────
C26 is rising
Data Flipped: R4 is setting
Data Flipped: R5 is setting
Data Flipped: E6 is setting
Data Flipped: C19 is setting
Data Flipped: G9 is setting
Data Flipped: E9 is setting
Data Flipped: C20 is setting
  Parsed 8/8 files successfully.
    [skip] GN05 09:54 — only 13 valid rays
  Bounding box: lat [13.1, 79.5]  lon [159.1, -117.7]  |  vertices: 144
  Final group: 7 occultation(s), 144 mesh vertices
  Saved trim diagnostic → ./Figures/GroupKF/group_2024-10-10_0930__LAT+030_LON-180_trim.png
  [1/7] Building H for GN05 09:32 (422 rays) …
  -> Building H Matrix (422 rays, parallel)...
  [2/7] Building H for GN05 09:45 (402 rays) …
  -> Building H Matrix (402 rays, parallel)...
  [3/7] Building H for GN05 09:46 (601 rays) …
  -> Building H Matrix (601 rays, parallel)...
  [4/7] Building H for GN05 09:47 (381 rays) …
  -> Building H Matrix (381 rays, parallel)...
  [5/7] Building H for GN05 09:47 (490 rays) …
  -> Building H Matrix (490 rays, parallel)...
  [6/7] Building H for GN05 09:48 (378 rays) …
  -> Building H Matrix (378 rays, parallel)...
  [7/7] Building H for GN05 09:49 (384 rays) …
  -> Building H Matrix (384 rays, parallel)...
  Combined H shape : (3058, 7344)  (total rays = 3058)
  Running sequential KF assimilation …
  [step 1/7] Assimilating GN05 09:32 (422 rays) …
  [!] Error in group 2024-10-10_0930__LAT+030_LON-180: podTc2_data must be provided when distance_localization=True (needed to compute ray midpoints for the localization matrix).

[192/494]
────────────────────────────────────────────────────────────
  Group : 2024-10-10_0930__LAT+000_LON+120
  Window: 2024-10-10_0930  |  Region: LAT+000_LON+120  |  4 occultation(s)
────────────────────────────────────────────────────────────
R1 is rising
C41 is rising
Data Flipped: E4 is setting
Data Flipped: R3 is setting
  Parsed 4/4 files successfully.
  Bounding box: lat [-0.9, 74.2]  lon [119.8, -164.9]  |  vertices: 168
  Final group: 4 occultation(s), 168 mesh vertices
  Saved trim diagnostic → ./Figures/GroupKF/group_2024-10-10_0930__LAT+000_LON+120_trim.png
  [1/4] Building H for GN05 09:33 (744 rays) …
  -> Building H Matrix (744 rays, parallel)...
  [2/4] Building H for GN05 09:42 (1110 rays) …
  -> Building H Matrix (1110 rays, parallel)...
  [3/4] Building H for GN05 09:43 (420 rays) …
  -> Building H Matrix (420 rays, parallel)...
  [4/4] Building H for GN05 09:43 (470 rays) …
  -> Building H Matrix (470 rays, parallel)...
  Combined H shape : (2744, 8568)  (total rays = 2744)
  Running sequential KF assimilation …
  [step 1/4] Assimilating GN05 09:33 (744 rays) …
  [!] Error in group 2024-10-10_0930__LAT+000_LON+120: podTc2_data must be provided when distance_localization=True (needed to compute ray midpoints for the localization matrix).

[193/494]
────────────────────────────────────────────────────────────
  Group : 2024-10-10_0930__LAT+030_LON+120
  Window: 2024-10-10_0930  |  Region: LAT+030_LON+120  |  5 occultation(s)
────────────────────────────────────────────────────────────
G32 is rising
E29 is rising
Data Flipped: G4 is setting
Data Flipped: C32 is setting
Data Flipped: C37 is setting
  Parsed 5/5 files successfully.
  Bounding box: lat [12.3, 82.9]  lon [136.4, -167.0]  |  vertices: 102
  Final group: 5 occultation(s), 102 mesh vertices
  Saved trim diagnostic → ./Figures/GroupKF/group_2024-10-10_0930__LAT+030_LON+120_trim.png
  [1/5] Building H for GN05 09:36 (499 rays) …
  -> Building H Matrix (499 rays, parallel)...
  [2/5] Building H for GN05 09:39 (523 rays) …
  -> Building H Matrix (523 rays, parallel)...
  [3/5] Building H for GN05 09:45 (401 rays) …
  -> Building H Matrix (401 rays, parallel)...
  [4/5] Building H for GN05 09:47 (624 rays) …
  -> Building H Matrix (624 rays, parallel)...
  [5/5] Building H for GN05 09:55 (190 rays) …
  -> Building H Matrix (190 rays, parallel)...
  Combined H shape : (2237, 5202)  (total rays = 2237)
  Running sequential KF assimilation …
  [step 1/5] Assimilating GN05 09:36 (499 rays) …
  [!] Error in group 2024-10-10_0930__LAT+030_LON+120: podTc2_data must be provided when distance_localization=True (needed to compute ray midpoints for the localization matrix).

[194/494]
────────────────────────────────────────────────────────────
  Group : 2024-10-10_0930__LAT+000_LON-180
  Window: 2024-10-10_0930  |  Region: LAT+000_LON-180  |  7 occultation(s)
────────────────────────────────────────────────────────────
Data Flipped: R2 is setting
Data Flipped: C23 is setting
Data Flipped: E34 is setting
Data Flipped: G11 is setting
Data Flipped: C22 is setting
Data Flipped: R20 is setting
Data Flipped: C35 is setting
  Parsed 7/7 files successfully.
  Bounding box: lat [-10.7, 87.9]  lon [121.1, -128.7]  |  vertices: 299
  Final group: 7 occultation(s), 299 mesh vertices
  Saved trim diagnostic → ./Figures/GroupKF/group_2024-10-10_0930__LAT+000_LON-180_trim.png
  [1/7] Building H for GN05 09:38 (1658 rays) …
  -> Building H Matrix (1658 rays, parallel)...
  [2/7] Building H for GN05 09:40 (328 rays) …
  -> Building H Matrix (328 rays, parallel)...
  [3/7] Building H for GN05 09:42 (350 rays) …
  -> Building H Matrix (350 rays, parallel)...
  [4/7] Building H for GN05 09:43 (454 rays) …
  -> Building H Matrix (454 rays, parallel)...
  [5/7] Building H for GN05 09:43 (1282 rays) …
  -> Building H Matrix (1282 rays, parallel)...
  [6/7] Building H for GN05 09:43 (525 rays) …
  -> Building H Matrix (525 rays, parallel)...
  [7/7] Building H for GN05 09:44 (781 rays) …
  -> Building H Matrix (781 rays, parallel)...
  Combined H shape : (5378, 15249)  (total rays = 5378)
  Running sequential KF assimilation …
  [step 1/7] Assimilating GN05 09:38 (1658 rays) …
  [!] Error in group 2024-10-10_0930__LAT+000_LON-180: podTc2_data must be provided when distance_localization=True (needed to compute ray midpoints for the localization matrix).

[195/494]
────────────────────────────────────────────────────────────
  Group : 2024-10-10_0930__POLAR_N
  Window: 2024-10-10_0930  |  Region: POLAR_N  |  20 occultation(s)
────────────────────────────────────────────────────────────
E13 is rising
G18 is rising
C43 is rising
C24 is rising
G12 is rising
E30 is rising
R22 is rising
R11 is rising
G27 is rising
G28 is rising
C34 is rising
E27 is rising
C25 is rising
C40 is rising
Data Flipped: E36 is setting
Data Flipped: G6 is setting
Data Flipped: E5 is setting
Data Flipped: R14 is setting
Data Flipped: G3 is setting
Data Flipped: G7 is setting
  Parsed 20/20 files successfully.
  [polar] Bounding box: lat [39.9, 90.0]  lon [-180.0, 180.0]  |  vertices: 296
  Final group: 20 occultation(s), 296 mesh vertices
  Saved trim diagnostic → ./Figures/GroupKF/group_2024-10-10_0930__POLAR_N_trim.png
  [1/20] Building H for GN05 09:40 (446 rays) …
  -> Building H Matrix (446 rays, parallel)...
  [2/20] Building H for GN05 09:40 (410 rays) …
  -> Building H Matrix (410 rays, parallel)...
  [3/20] Building H for GN05 09:42 (429 rays) …
  -> Building H Matrix (429 rays, parallel)...
  [4/20] Building H for GN05 09:42 (355 rays) …
  -> Building H Matrix (355 rays, parallel)...
  [5/20] Building H for GN05 09:42 (631 rays) …
  -> Building H Matrix (631 rays, parallel)...
  [6/20] Building H for GN05 09:43 (639 rays) …
  -> Building H Matrix (639 rays, parallel)...
  [7/20] Building H for GN05 09:45 (456 rays) …
  -> Building H Matrix (456 rays, parallel)...
  [8/20] Building H for GN05 09:47 (401 rays) …
  -> Building H Matrix (401 rays, parallel)...
  [9/20] Building H for GN05 09:47 (1114 rays) …
  -> Building H Matrix (1114 rays, parallel)...
  [10/20] Building H for GN05 09:48 (285 rays) …
  -> Building H Matrix (285 rays, parallel)...
  [11/20] Building H for GN05 09:49 (189 rays) …
  -> Building H Matrix (189 rays, parallel)...
  [12/20] Building H for GN05 09:51 (234 rays) …
  -> Building H Matrix (234 rays, parallel)...
  [13/20] Building H for GN05 09:51 (280 rays) …
  -> Building H Matrix (280 rays, parallel)...
  [14/20] Building H for GN05 09:53 (300 rays) …
  -> Building H Matrix (300 rays, parallel)...
  [15/20] Building H for GN05 09:54 (484 rays) …
  -> Building H Matrix (484 rays, parallel)...
  [16/20] Building H for GN05 09:54 (506 rays) …
  -> Building H Matrix (506 rays, parallel)...
  [17/20] Building H for GN05 09:55 (510 rays) …
  -> Building H Matrix (510 rays, parallel)...
  [18/20] Building H for GN05 09:56 (433 rays) …
  -> Building H Matrix (433 rays, parallel)...
  [19/20] Building H for GN05 09:56 (553 rays) …
  -> Building H Matrix (553 rays, parallel)...
  [20/20] Building H for GN05 09:58 (360 rays) …
  -> Building H Matrix (360 rays, parallel)...
  Combined H shape : (9015, 15096)  (total rays = 9015)
  Running sequential KF assimilation …
  [step 1/20] Assimilating GN05 09:40 (446 rays) …
  [!] Error in group 2024-10-10_0930__POLAR_N: podTc2_data must be provided when distance_localization=True (needed to compute ray midpoints for the localization matrix).

[196/494]
────────────────────────────────────────────────────────────
  Group : 2024-10-10_0930__LAT+030_LON+000
  Window: 2024-10-10_0930  |  Region: LAT+030_LON+000  |  8 occultation(s)
────────────────────────────────────────────────────────────
No valid descending tangent points found. Skipping.
    [skip] podTc2_GN05.2024.284.09.52.0023.E15.01_0000.0001_nc — parse returned None
No valid descending tangent points found. Skipping.
    [skip] podTc2_GN05.2024.284.09.55.0017.G29.01_0000.0001_nc — parse returned None
No valid descending tangent points found. Skipping.
    [skip] podTc2_GN05.2024.284.09.56.0016.G31.01_0000.0001_nc — parse returned None
R12 is rising
No valid descending tangent points found. Skipping.
    [skip] podTc2_GN05.2024.284.09.56.0021.E21.01_0000.0001_nc — parse returned None
No valid descending tangent points found. Skipping.
    [skip] podTc2_GN05.2024.284.09.57.0019.C39.01_0000.0001_nc — parse returned None
No valid descending tangent points found. Skipping.
    [skip] podTc2_GN05.2024.284.09.58.0013.G26.01_0000.0001_nc — parse returned None
No valid descending tangent points found. Skipping.
    [skip] podTc2_GN05.2024.284.09.59.0015.C44.01_0000.0001_nc — parse returned None
  Parsed 1/8 files successfully.
  Bounding box: lat [25.3, 78.1]  lon [7.0, 26.4]  |  vertices: 24
  Final group: 1 occultation(s), 24 mesh vertices
  Saved trim diagnostic → ./Figures/GroupKF/group_2024-10-10_0930__LAT+030_LON+000_trim.png
  [1/1] Building H for GN05 09:56 (366 rays) …
  -> Building H Matrix (366 rays, parallel)...
  Combined H shape : (366, 1224)  (total rays = 366)
  Running sequential KF assimilation …
  [step 1/1] Assimilating GN05 09:56 (366 rays) …
  [!] Error in group 2024-10-10_0930__LAT+030_LON+000: podTc2_data must be provided when distance_localization=True (needed to compute ray midpoints for the localization matrix).

[197/494]
────────────────────────────────────────────────────────────
  Group : 2024-10-10_0930__LAT+000_LON-060
  Window: 2024-10-10_0930  |  Region: LAT+000_LON-060  |  1 occultation(s)
────────────────────────────────────────────────────────────
R21 is rising
  Parsed 1/1 files successfully.
  Bounding box: lat [-4.9, 43.2]  lon [-23.5, 10.0]  |  vertices: 59
  Final group: 1 occultation(s), 59 mesh vertices
  Saved trim diagnostic → ./Figures/GroupKF/group_2024-10-10_0930__LAT+000_LON-060_trim.png
  [1/1] Building H for GN05 09:57 (546 rays) …
  -> Building H Matrix (546 rays, parallel)...
  Combined H shape : (546, 3009)  (total rays = 546)
  Running sequential KF assimilation …
  [step 1/1] Assimilating GN05 09:57 (546 rays) …
  [!] Error in group 2024-10-10_0930__LAT+000_LON-060: podTc2_data must be provided when distance_localization=True (needed to compute ray midpoints for the localization matrix).

[198/494]
────────────────────────────────────────────────────────────
  Group : 2024-10-10_1000__LAT+030_LON+000
  Window: 2024-10-10_1000  |  Region: LAT+030_LON+000  |  9 occultation(s)
────────────────────────────────────────────────────────────
C23 is rising
Data Flipped: R15 is setting
Data Flipped: R18 is setting
Data Flipped: C36 is setting
Data Flipped: E10 is setting
Data Flipped: E24 is setting
No valid descending tangent points found. Skipping.
    [skip] podTc2_GN05.2024.284.10.17.0023.C29.00_0000.0001_nc — parse returned None
Data Flipped: G17 is setting
No valid descending tangent points found. Skipping.
    [skip] podTc2_GN05.2024.284.10.18.0019.R19.00_0000.0001_nc — parse returned None
  Parsed 7/9 files successfully.
  Bounding box: lat [6.7, 81.0]  lon [-1.4, 51.4]  |  vertices: 104
  Final group: 7 occultation(s), 104 mesh vertices
  Saved trim diagnostic → ./Figures/GroupKF/group_2024-10-10_1000__LAT+030_LON+000_trim.png
  [1/7] Building H for GN05 10:02 (392 rays) …
  -> Building H Matrix (392 rays, parallel)...
  [2/7] Building H for GN05 10:07 (389 rays) …
  -> Building H Matrix (389 rays, parallel)...
  [3/7] Building H for GN05 10:13 (376 rays) …
  -> Building H Matrix (376 rays, parallel)...
  [4/7] Building H for GN05 10:14 (229 rays) …
  -> Building H Matrix (229 rays, parallel)...
  [5/7] Building H for GN05 10:15 (210 rays) …
  -> Building H Matrix (210 rays, parallel)...
  [6/7] Building H for GN05 10:16 (140 rays) …
  -> Building H Matrix (140 rays, parallel)...
  [7/7] Building H for GN05 10:18 (203 rays) …
  -> Building H Matrix (203 rays, parallel)...
  Combined H shape : (1939, 5304)  (total rays = 1939)
  Running sequential KF assimilation …
  [step 1/7] Assimilating GN05 10:02 (392 rays) …
  [!] Error in group 2024-10-10_1000__LAT+030_LON+000: podTc2_data must be provided when distance_localization=True (needed to compute ray midpoints for the localization matrix).

[199/494]
────────────────────────────────────────────────────────────
  Group : 2024-10-10_1000__LAT-030_LON-060
  Window: 2024-10-10_1000  |  Region: LAT-030_LON-060  |  10 occultation(s)
────────────────────────────────────────────────────────────
R5 is rising
C19 is rising
E34 is rising
E9 is rising
C22 is rising
Data Flipped: E2 is setting
Data Flipped: G15 is setting
Data Flipped: R9 is setting
Data Flipped: E8 is setting
Data Flipped: R7 is setting
  Parsed 10/10 files successfully.
  Bounding box: lat [-57.4, 22.8]  lon [-49.6, 9.0]  |  vertices: 165
  Final group: 10 occultation(s), 165 mesh vertices
  Saved trim diagnostic → ./Figures/GroupKF/group_2024-10-10_1000__LAT-030_LON-060_trim.png
  [1/10] Building H for GN05 10:13 (447 rays) …
  -> Building H Matrix (447 rays, parallel)...
  [2/10] Building H for GN05 10:19 (426 rays) …
  -> Building H Matrix (426 rays, parallel)...
  [3/10] Building H for GN05 10:20 (573 rays) …
  -> Building H Matrix (573 rays, parallel)...
  [4/10] Building H for GN05 10:20 (385 rays) …
  -> Building H Matrix (385 rays, parallel)...
  [5/10] Building H for GN05 10:22 (1025 rays) …
  -> Building H Matrix (1025 rays, parallel)...
  [6/10] Building H for GN05 10:24 (480 rays) …
  -> Building H Matrix (480 rays, parallel)...
  [7/10] Building H for GN05 10:25 (745 rays) …
  -> Building H Matrix (745 rays, parallel)...
  [8/10] Building H for GN05 10:26 (383 rays) …
  -> Building H Matrix (383 rays, parallel)...
  [9/10] Building H for GN05 10:27 (496 rays) …
  -> Building H Matrix (496 rays, parallel)...
  [10/10] Building H for GN05 10:29 (720 rays) …
  -> Building H Matrix (720 rays, parallel)...
  Combined H shape : (5680, 8415)  (total rays = 5680)
  Running sequential KF assimilation …
  [step 1/10] Assimilating GN05 10:13 (447 rays) …
  [!] Error in group 2024-10-10_1000__LAT-030_LON-060: podTc2_data must be provided when distance_localization=True (needed to compute ray midpoints for the localization matrix).

[200/494]
────────────────────────────────────────────────────────────
  Group : 2024-10-10_1000__LAT-060_LON+060
  Window: 2024-10-10_1000  |  Region: LAT-060_LON+060  |  1 occultation(s)
────────────────────────────────────────────────────────────
No valid descending tangent points found. Skipping.
    [skip] podTc2_GN05.2024.284.10.14.0014.E36.00_0000.0001_nc — parse returned None

[201/494]
────────────────────────────────────────────────────────────
  Group : 2024-10-10_1000__POLAR_N
  Window: 2024-10-10_1000  |  Region: POLAR_N  |  2 occultation(s)
────────────────────────────────────────────────────────────
No valid descending tangent points found. Skipping.
    [skip] podTc2_GN05.2024.284.10.15.0024.E11.00_0000.0001_nc — parse returned None
No valid descending tangent points found. Skipping.
    [skip] podTc2_GN05.2024.284.10.17.0014.G30.00_0000.0001_nc — parse returned None

[202/494]
────────────────────────────────────────────────────────────
  Group : 2024-10-10_1000__LAT-030_LON+060
  Window: 2024-10-10_1000  |  Region: LAT-030_LON+060  |  1 occultation(s)
────────────────────────────────────────────────────────────
No valid descending tangent points found. Skipping.
    [skip] podTc2_GN05.2024.284.10.17.0012.G06.00_0000.0001_nc — parse returned None

[203/494]
────────────────────────────────────────────────────────────
  Group : 2024-10-10_1000__LAT+000_LON+000
  Window: 2024-10-10_1000  |  Region: LAT+000_LON+000  |  6 occultation(s)
────────────────────────────────────────────────────────────
Data Flipped: G14 is setting
Data Flipped: R16 is setting
Data Flipped: C30 is setting
Data Flipped: E25 is setting
Data Flipped: E3 is setting
Data Flipped: E12 is setting
  Parsed 6/6 files successfully.
  Bounding box: lat [-4.4, 48.5]  lon [-9.1, 24.0]  |  vertices: 64
  Final group: 6 occultation(s), 64 mesh vertices
  Saved trim diagnostic → ./Figures/GroupKF/group_2024-10-10_1000__LAT+000_LON+000_trim.png
  [1/6] Building H for GN05 10:17 (263 rays) …
  -> Building H Matrix (263 rays, parallel)...
  [2/6] Building H for GN05 10:17 (347 rays) …
  -> Building H Matrix (347 rays, parallel)...
  [3/6] Building H for GN05 10:18 (210 rays) …
  -> Building H Matrix (210 rays, parallel)...
  [4/6] Building H for GN05 10:19 (318 rays) …
  -> Building H Matrix (318 rays, parallel)...
  [5/6] Building H for GN05 10:19 (162 rays) …
  -> Building H Matrix (162 rays, parallel)...
  [6/6] Building H for GN05 10:20 (335 rays) …
  -> Building H Matrix (335 rays, parallel)...
  Combined H shape : (1635, 3264)  (total rays = 1635)
  Running sequential KF assimilation …
  [step 1/6] Assimilating GN05 10:17 (263 rays) …
  [!] Error in group 2024-10-10_1000__LAT+000_LON+000: podTc2_data must be provided when distance_localization=True (needed to compute ray midpoints for the localization matrix).

[204/494]
────────────────────────────────────────────────────────────
  Group : 2024-10-10_1000__LAT-030_LON+000
  Window: 2024-10-10_1000  |  Region: LAT-030_LON+000  |  12 occultation(s)
────────────────────────────────────────────────────────────
C20 is rising
E6 is rising
G4 is rising
G9 is rising
R4 is rising
E4 is rising
C37 is rising
R3 is rising
R14 is rising
Data Flipped: R17 is setting
Data Flipped: C27 is setting
Data Flipped: C38 is setting
  Parsed 12/12 files successfully.
  Bounding box: lat [-49.3, 28.0]  lon [-12.3, 41.8]  |  vertices: 152
  Final group: 12 occultation(s), 152 mesh vertices
  Saved trim diagnostic → ./Figures/GroupKF/group_2024-10-10_1000__LAT-030_LON+000_trim.png
  [1/12] Building H for GN05 10:20 (447 rays) …
  -> Building H Matrix (447 rays, parallel)...
  [2/12] Building H for GN05 10:20 (417 rays) …
  -> Building H Matrix (417 rays, parallel)...
  [3/12] Building H for GN05 10:20 (469 rays) …
  -> Building H Matrix (469 rays, parallel)...
  [4/12] Building H for GN05 10:20 (399 rays) …
  -> Building H Matrix (399 rays, parallel)...
  [5/12] Building H for GN05 10:20 (410 rays) …
  -> Building H Matrix (410 rays, parallel)...
  [6/12] Building H for GN05 10:20 (494 rays) …
  -> Building H Matrix (494 rays, parallel)...
  [7/12] Building H for GN05 10:20 (431 rays) …
  -> Building H Matrix (431 rays, parallel)...
  [8/12] Building H for GN05 10:21 (678 rays) …
  -> Building H Matrix (678 rays, parallel)...
  [9/12] Building H for GN05 10:21 (430 rays) …
  -> Building H Matrix (430 rays, parallel)...
  [10/12] Building H for GN05 10:22 (544 rays) …
  -> Building H Matrix (544 rays, parallel)...
  [11/12] Building H for GN05 10:23 (697 rays) …
  -> Building H Matrix (697 rays, parallel)...
  [12/12] Building H for GN05 10:26 (574 rays) …
  -> Building H Matrix (574 rays, parallel)...
  Combined H shape : (5990, 7752)  (total rays = 5990)
  Running sequential KF assimilation …
  [step 1/12] Assimilating GN05 10:20 (447 rays) …
  [!] Error in group 2024-10-10_1000__LAT-030_LON+000: podTc2_data must be provided when distance_localization=True (needed to compute ray midpoints for the localization matrix).

[205/494]
────────────────────────────────────────────────────────────
  Group : 2024-10-10_1000__LAT-060_LON-060
  Window: 2024-10-10_1000  |  Region: LAT-060_LON-060  |  4 occultation(s)
────────────────────────────────────────────────────────────
G11 is rising
E5 is rising
R20 is rising
G7 is rising
  Parsed 4/4 files successfully.
  Bounding box: lat [-72.5, -9.9]  lon [-36.2, 8.4]  |  vertices: 80
  Final group: 4 occultation(s), 80 mesh vertices
  Saved trim diagnostic → ./Figures/GroupKF/group_2024-10-10_1000__LAT-060_LON-060_trim.png
  [1/4] Building H for GN05 10:20 (575 rays) …
  -> Building H Matrix (575 rays, parallel)...
  [2/4] Building H for GN05 10:21 (440 rays) …
  -> Building H Matrix (440 rays, parallel)...
  [3/4] Building H for GN05 10:21 (621 rays) …
  -> Building H Matrix (621 rays, parallel)...
  [4/4] Building H for GN05 10:21 (375 rays) …
  -> Building H Matrix (375 rays, parallel)...
  Combined H shape : (2011, 4080)  (total rays = 2011)
  Running sequential KF assimilation …
  [step 1/4] Assimilating GN05 10:20 (575 rays) …
  [!] Error in group 2024-10-10_1000__LAT-060_LON-060: podTc2_data must be provided when distance_localization=True (needed to compute ray midpoints for the localization matrix).

[206/494]
────────────────────────────────────────────────────────────
  Group : 2024-10-10_1000__LAT+000_LON-060
  Window: 2024-10-10_1000  |  Region: LAT+000_LON-060  |  3 occultation(s)
────────────────────────────────────────────────────────────
C44 is rising
Data Flipped: C45 is setting
G5 is rising
  Parsed 3/3 files successfully.
  Bounding box: lat [-14.7, 35.2]  lon [-39.9, 10.8]  |  vertices: 97
  Final group: 3 occultation(s), 97 mesh vertices
  Saved trim diagnostic → ./Figures/GroupKF/group_2024-10-10_1000__LAT+000_LON-060_trim.png
  [1/3] Building H for GN05 10:21 (692 rays) …
  -> Building H Matrix (692 rays, parallel)...
  [2/3] Building H for GN05 10:21 (377 rays) …
  -> Building H Matrix (377 rays, parallel)...
  [3/3] Building H for GN05 10:21 (679 rays) …
  -> Building H Matrix (679 rays, parallel)...
  Combined H shape : (1748, 4947)  (total rays = 1748)
  Running sequential KF assimilation …
  [step 1/3] Assimilating GN05 10:21 (692 rays) …
  [!] Error in group 2024-10-10_1000__LAT+000_LON-060: podTc2_data must be provided when distance_localization=True (needed to compute ray midpoints for the localization matrix).

[207/494]
────────────────────────────────────────────────────────────
  Group : 2024-10-10_1000__LAT-060_LON+000
  Window: 2024-10-10_1000  |  Region: LAT-060_LON+000  |  2 occultation(s)
────────────────────────────────────────────────────────────
C32 is rising
E31 is rising
  Parsed 2/2 files successfully.
  Bounding box: lat [-81.2, 6.1]  lon [2.3, -2.1]  |  vertices: 891
  [trim] n_geo=891 > MAX_MESH_VERTICES=300 — dropping GN05 10:21 (6.3° from centroid)
  Bounding box: lat [-68.3, -24.8]  lon [-26.5, 45.6]  |  vertices: 84
  Final group: 1 occultation(s), 84 mesh vertices
  Saved trim diagnostic → ./Figures/GroupKF/group_2024-10-10_1000__LAT-060_LON+000_trim.png
  [1/1] Building H for GN05 10:25 (688 rays) …
  -> Building H Matrix (688 rays, parallel)...
  Combined H shape : (688, 4284)  (total rays = 688)
  Running sequential KF assimilation …
  [step 1/1] Assimilating GN05 10:25 (688 rays) …
  [!] Error in group 2024-10-10_1000__LAT-060_LON+000: podTc2_data must be provided when distance_localization=True (needed to compute ray midpoints for the localization matrix).

[208/494]
────────────────────────────────────────────────────────────
  Group : 2024-10-10_1000__POLAR_S
  Window: 2024-10-10_1000  |  Region: POLAR_S  |  4 occultation(s)
────────────────────────────────────────────────────────────
C35 is rising
E36 is rising
G6 is rising
G30 is rising
  Parsed 4/4 files successfully.
  [polar] Bounding box: lat [-90.0, -39.7]  lon [-180.0, 180.0]  |  vertices: 298
  Final group: 4 occultation(s), 298 mesh vertices
  Saved trim diagnostic → ./Figures/GroupKF/group_2024-10-10_1000__POLAR_S_trim.png
  [1/4] Building H for GN05 10:21 (790 rays) …
  -> Building H Matrix (790 rays, parallel)...
  [2/4] Building H for GN05 10:23 (454 rays) …
  -> Building H Matrix (454 rays, parallel)...
  [3/4] Building H for GN05 10:23 (466 rays) …
  -> Building H Matrix (466 rays, parallel)...
  [4/4] Building H for GN05 10:27 (369 rays) …
  -> Building H Matrix (369 rays, parallel)...
  Combined H shape : (2079, 15198)  (total rays = 2079)
  Running sequential KF assimilation …
  [step 1/4] Assimilating GN05 10:21 (790 rays) …
  [!] Error in group 2024-10-10_1000__POLAR_S: podTc2_data must be provided when distance_localization=True (needed to compute ray midpoints for the localization matrix).

[209/494]
────────────────────────────────────────────────────────────
  Group : 2024-10-10_1030__LAT-030_LON-060
  Window: 2024-10-10_1030  |  Region: LAT-030_LON-060  |  2 occultation(s)
────────────────────────────────────────────────────────────
Data Flipped: G24 is setting
Data Flipped: C21 is setting
  Parsed 2/2 files successfully.
  Bounding box: lat [-77.4, -0.8]  lon [-97.7, 3.5]  |  vertices: 223
  Final group: 2 occultation(s), 223 mesh vertices
  Saved trim diagnostic → ./Figures/GroupKF/group_2024-10-10_1030__LAT-030_LON-060_trim.png
  [1/2] Building H for GN05 10:30 (390 rays) …
  -> Building H Matrix (390 rays, parallel)...
  [2/2] Building H for GN05 10:33 (2244 rays) …
  -> Building H Matrix (2244 rays, parallel)...
  Combined H shape : (2634, 11373)  (total rays = 2634)
  Running sequential KF assimilation …
  [step 1/2] Assimilating GN05 10:30 (390 rays) …
  [!] Error in group 2024-10-10_1030__LAT-030_LON-060: podTc2_data must be provided when distance_localization=True (needed to compute ray midpoints for the localization matrix).

[210/494]
────────────────────────────────────────────────────────────
  Group : 2024-10-10_1030__POLAR_S
  Window: 2024-10-10_1030  |  Region: POLAR_S  |  18 occultation(s)
────────────────────────────────────────────────────────────
R15 is rising
E11 is rising
R19 is rising
C29 is rising
C36 is rising
E24 is rising
E3 is rising
G14 is rising
Data Flipped: R24 is setting
R16 is rising
Data Flipped: E29 is setting
Data Flipped: G23 is setting
Data Flipped: C28 is setting
Data Flipped: E26 is setting
Data Flipped: C24 is setting
Data Flipped: R11 is setting
Data Flipped: E19 is setting
Data Flipped: G28 is setting
  Parsed 18/18 files successfully.
  [polar] Bounding box: lat [-90.0, -40.1]  lon [-180.0, 180.0]  |  vertices: 294
  Final group: 18 occultation(s), 294 mesh vertices
  Saved trim diagnostic → ./Figures/GroupKF/group_2024-10-10_1030__POLAR_S_trim.png
  [1/18] Building H for GN05 10:30 (429 rays) …
  -> Building H Matrix (429 rays, parallel)...
  [2/18] Building H for GN05 10:33 (490 rays) …
  -> Building H Matrix (490 rays, parallel)...
  [3/18] Building H for GN05 10:33 (468 rays) …
  -> Building H Matrix (468 rays, parallel)...
  [4/18] Building H for GN05 10:34 (449 rays) …
  -> Building H Matrix (449 rays, parallel)...
  [5/18] Building H for GN05 10:35 (379 rays) …
  -> Building H Matrix (379 rays, parallel)...
  [6/18] Building H for GN05 10:36 (307 rays) …
  -> Building H Matrix (307 rays, parallel)...
  [7/18] Building H for GN05 10:37 (666 rays) …
  -> Building H Matrix (666 rays, parallel)...
  [8/18] Building H for GN05 10:39 (426 rays) …
  -> Building H Matrix (426 rays, parallel)...
  [9/18] Building H for GN05 10:39 (653 rays) …
  -> Building H Matrix (653 rays, parallel)...
  [10/18] Building H for GN05 10:40 (382 rays) …
  -> Building H Matrix (382 rays, parallel)...
  [11/18] Building H for GN05 10:40 (443 rays) …
  -> Building H Matrix (443 rays, parallel)...
  [12/18] Building H for GN05 10:41 (525 rays) …
  -> Building H Matrix (525 rays, parallel)...
  [13/18] Building H for GN05 10:43 (740 rays) …
  -> Building H Matrix (740 rays, parallel)...
  [14/18] Building H for GN05 10:47 (456 rays) …
  -> Building H Matrix (456 rays, parallel)...
  [15/18] Building H for GN05 10:47 (275 rays) …
  -> Building H Matrix (275 rays, parallel)...
  [16/18] Building H for GN05 10:48 (432 rays) …
  -> Building H Matrix (432 rays, parallel)...
  [17/18] Building H for GN05 10:51 (480 rays) …
  -> Building H Matrix (480 rays, parallel)...
  [18/18] Building H for GN05 10:51 (366 rays) …
  -> Building H Matrix (366 rays, parallel)...
  Combined H shape : (8366, 14994)  (total rays = 8366)
  Running sequential KF assimilation …
  [step 1/18] Assimilating GN05 10:30 (429 rays) …
  [!] Error in group 2024-10-10_1030__POLAR_S: podTc2_data must be provided when distance_localization=True (needed to compute ray midpoints for the localization matrix).

[211/494]
────────────────────────────────────────────────────────────
  Group : 2024-10-10_1030__LAT-060_LON+000
  Window: 2024-10-10_1030  |  Region: LAT-060_LON+000  |  5 occultation(s)
────────────────────────────────────────────────────────────
Data Flipped: G8 is setting
Data Flipped: C41 is setting
Data Flipped: R2 is setting
Data Flipped: R1 is setting
Data Flipped: E33 is setting
  Parsed 5/5 files successfully.
  Bounding box: lat [-82.8, -2.5]  lon [37.7, 0.5]  |  vertices: 702
  [trim] n_geo=702 > MAX_MESH_VERTICES=300 — dropping GN05 10:30 (57.4° from centroid)
  Bounding box: lat [-82.8, -8.0]  lon [-74.1, 52.2]  |  vertices: 247
  Final group: 4 occultation(s), 247 mesh vertices
  Saved trim diagnostic → ./Figures/GroupKF/group_2024-10-10_1030__LAT-060_LON+000_trim.png
  [1/4] Building H for GN05 10:32 (823 rays) …
  -> Building H Matrix (823 rays, parallel)...
  [2/4] Building H for GN05 10:33 (1144 rays) …
  -> Building H Matrix (1144 rays, parallel)...
  [3/4] Building H for GN05 10:34 (476 rays) …
  -> Building H Matrix (476 rays, parallel)...
  [4/4] Building H for GN05 10:35 (564 rays) …
  -> Building H Matrix (564 rays, parallel)...
  Combined H shape : (3007, 12597)  (total rays = 3007)
  Running sequential KF assimilation …
  [step 1/4] Assimilating GN05 10:32 (823 rays) …
  [!] Error in group 2024-10-10_1030__LAT-060_LON+000: podTc2_data must be provided when distance_localization=True (needed to compute ray midpoints for the localization matrix).

[212/494]
────────────────────────────────────────────────────────────
  Group : 2024-10-10_1030__LAT-060_LON-060
  Window: 2024-10-10_1030  |  Region: LAT-060_LON-060  |  9 occultation(s)
────────────────────────────────────────────────────────────
Data Flipped: R8 is setting
Data Flipped: C26 is setting
Data Flipped: G12 is setting
Data Flipped: E7 is setting
Data Flipped: C42 is setting
Data Flipped: G10 is setting
Data Flipped: E30 is setting
Data Flipped: G32 is setting
Data Flipped: C33 is setting
  Parsed 9/9 files successfully.
  Bounding box: lat [-79.5, -10.4]  lon [-62.5, 54.0]  |  vertices: 214
  Final group: 9 occultation(s), 214 mesh vertices
  Saved trim diagnostic → ./Figures/GroupKF/group_2024-10-10_1030__LAT-060_LON-060_trim.png
  [1/9] Building H for GN05 10:33 (413 rays) …
  -> Building H Matrix (413 rays, parallel)...
  [2/9] Building H for GN05 10:33 (427 rays) …
  -> Building H Matrix (427 rays, parallel)...
  [3/9] Building H for GN05 10:35 (634 rays) …
  -> Building H Matrix (634 rays, parallel)...
  [4/9] Building H for GN05 10:35 (387 rays) …
  -> Building H Matrix (387 rays, parallel)...
  [5/9] Building H for GN05 10:35 (465 rays) …
  -> Building H Matrix (465 rays, parallel)...
  [6/9] Building H for GN05 10:37 (428 rays) …
  -> Building H Matrix (428 rays, parallel)...
  [7/9] Building H for GN05 10:38 (654 rays) …
  -> Building H Matrix (654 rays, parallel)...
  [8/9] Building H for GN05 10:39 (405 rays) …
  -> Building H Matrix (405 rays, parallel)...
  [9/9] Building H for GN05 10:39 (182 rays) …
  -> Building H Matrix (182 rays, parallel)...
  Combined H shape : (3995, 10914)  (total rays = 3995)
  Running sequential KF assimilation …
  [step 1/9] Assimilating GN05 10:33 (413 rays) …
  [!] Error in group 2024-10-10_1030__LAT-060_LON-060: podTc2_data must be provided when distance_localization=True (needed to compute ray midpoints for the localization matrix).

[213/494]
────────────────────────────────────────────────────────────
  Group : 2024-10-10_1030__LAT-060_LON+120
  Window: 2024-10-10_1030  |  Region: LAT-060_LON+120  |  8 occultation(s)
────────────────────────────────────────────────────────────
G3 is rising
E10 is rising
G17 is rising
R18 is rising
E25 is rising
C30 is rising
Data Flipped: G27 is setting
Data Flipped: G31 is setting
  Parsed 8/8 files successfully.
  Bounding box: lat [-81.1, -11.3]  lon [121.8, -19.3]  |  vertices: 398
  [trim] n_geo=398 > MAX_MESH_VERTICES=300 — dropping GN05 10:58 (83.9° from centroid)
  Bounding box: lat [-81.1, -11.3]  lon [121.8, -19.3]  |  vertices: 398
  [trim] n_geo=398 > MAX_MESH_VERTICES=300 — dropping GN05 10:33 (65.4° from centroid)
  Bounding box: lat [-81.1, -11.3]  lon [132.0, -153.6]  |  vertices: 136
  Final group: 6 occultation(s), 136 mesh vertices
  Saved trim diagnostic → ./Figures/GroupKF/group_2024-10-10_1030__LAT-060_LON+120_trim.png
  [1/6] Building H for GN05 10:40 (568 rays) …
  -> Building H Matrix (568 rays, parallel)...
  [2/6] Building H for GN05 10:40 (430 rays) …
  -> Building H Matrix (430 rays, parallel)...
  [3/6] Building H for GN05 10:40 (490 rays) …
  -> Building H Matrix (490 rays, parallel)...
  [4/6] Building H for GN05 10:42 (391 rays) …
  -> Building H Matrix (391 rays, parallel)...
  [5/6] Building H for GN05 10:42 (525 rays) …
  -> Building H Matrix (525 rays, parallel)...
  [6/6] Building H for GN05 10:58 (649 rays) …
  -> Building H Matrix (649 rays, parallel)...
  Combined H shape : (3053, 6936)  (total rays = 3053)
  Running sequential KF assimilation …
  [step 1/6] Assimilating GN05 10:40 (568 rays) …
  [!] Error in group 2024-10-10_1030__LAT-060_LON+120: podTc2_data must be provided when distance_localization=True (needed to compute ray midpoints for the localization matrix).

[214/494]
────────────────────────────────────────────────────────────
  Group : 2024-10-10_1030__LAT-060_LON-180
  Window: 2024-10-10_1030  |  Region: LAT-060_LON-180  |  6 occultation(s)
────────────────────────────────────────────────────────────
C45 is rising
R9 is rising
E2 is rising
Data Flipped: E27 is setting
Data Flipped: C25 is setting
Data Flipped: E13 is setting
  Parsed 6/6 files successfully.
  Bounding box: lat [-83.5, -8.5]  lon [170.3, -123.4]  |  vertices: 128
  Final group: 6 occultation(s), 128 mesh vertices
  Saved trim diagnostic → ./Figures/GroupKF/group_2024-10-10_1030__LAT-060_LON-180_trim.png
  [1/6] Building H for GN05 10:44 (376 rays) …
  -> Building H Matrix (376 rays, parallel)...
  [2/6] Building H for GN05 10:49 (368 rays) …
  -> Building H Matrix (368 rays, parallel)...
  [3/6] Building H for GN05 10:49 (376 rays) …
  -> Building H Matrix (376 rays, parallel)...
  [4/6] Building H for GN05 10:55 (524 rays) …
  -> Building H Matrix (524 rays, parallel)...
  [5/6] Building H for GN05 10:56 (372 rays) …
  -> Building H Matrix (372 rays, parallel)...
  [6/6] Building H for GN05 10:58 (492 rays) …
  -> Building H Matrix (492 rays, parallel)...
  Combined H shape : (2508, 6528)  (total rays = 2508)
  Running sequential KF assimilation …
  [step 1/6] Assimilating GN05 10:44 (376 rays) …
  [!] Error in group 2024-10-10_1030__LAT-060_LON-180: podTc2_data must be provided when distance_localization=True (needed to compute ray midpoints for the localization matrix).

[215/494]
────────────────────────────────────────────────────────────
  Group : 2024-10-10_1030__LAT-030_LON+120
  Window: 2024-10-10_1030  |  Region: LAT-030_LON+120  |  2 occultation(s)
────────────────────────────────────────────────────────────
E12 is rising
C26 is rising
  Parsed 2/2 files successfully.
  Bounding box: lat [-27.8, 16.6]  lon [138.5, -159.6]  |  vertices: 108
  Final group: 2 occultation(s), 108 mesh vertices
  Saved trim diagnostic → ./Figures/GroupKF/group_2024-10-10_1030__LAT-030_LON+120_trim.png
  [1/2] Building H for GN05 10:48 (613 rays) …
  -> Building H Matrix (613 rays, parallel)...
  [2/2] Building H for GN05 10:56 (411 rays) …
  -> Building H Matrix (411 rays, parallel)...
  Combined H shape : (1024, 5508)  (total rays = 1024)
  Running sequential KF assimilation …
  [step 1/2] Assimilating GN05 10:48 (613 rays) …
  [!] Error in group 2024-10-10_1030__LAT-030_LON+120: podTc2_data must be provided when distance_localization=True (needed to compute ray midpoints for the localization matrix).

[216/494]
────────────────────────────────────────────────────────────
  Group : 2024-10-10_1030__LAT-030_LON-180
  Window: 2024-10-10_1030  |  Region: LAT-030_LON-180  |  2 occultation(s)
────────────────────────────────────────────────────────────
E8 is rising
G24 is rising
  Parsed 2/2 files successfully.
  Bounding box: lat [-37.9, 3.8]  lon [167.0, -143.0]  |  vertices: 78
  Final group: 2 occultation(s), 78 mesh vertices
  Saved trim diagnostic → ./Figures/GroupKF/group_2024-10-10_1030__LAT-030_LON-180_trim.png
  [1/2] Building H for GN05 10:53 (611 rays) …
  -> Building H Matrix (611 rays, parallel)...
  [2/2] Building H for GN05 10:53 (405 rays) …
  -> Building H Matrix (405 rays, parallel)...
  Combined H shape : (1016, 3978)  (total rays = 1016)
  Running sequential KF assimilation …
  [step 1/2] Assimilating GN05 10:53 (611 rays) …
  [!] Error in group 2024-10-10_1030__LAT-030_LON-180: podTc2_data must be provided when distance_localization=True (needed to compute ray midpoints for the localization matrix).

[217/494]
────────────────────────────────────────────────────────────
  Group : 2024-10-10_1030__LAT+000_LON+120
  Window: 2024-10-10_1030  |  Region: LAT+000_LON+120  |  5 occultation(s)
────────────────────────────────────────────────────────────
R17 is rising
C38 is rising
R8 is rising
E7 is rising
R1 is rising
  Parsed 5/5 files successfully.
  Bounding box: lat [-9.5, 41.5]  lon [144.2, -159.2]  |  vertices: 106
  Final group: 5 occultation(s), 106 mesh vertices
  Saved trim diagnostic → ./Figures/GroupKF/group_2024-10-10_1030__LAT+000_LON+120_trim.png
  [1/5] Building H for GN05 10:53 (428 rays) …
  -> Building H Matrix (428 rays, parallel)...
  [2/5] Building H for GN05 10:57 (452 rays) …
  -> Building H Matrix (452 rays, parallel)...
  [3/5] Building H for GN05 10:59 (502 rays) …
  -> Building H Matrix (502 rays, parallel)...
  [4/5] Building H for GN05 10:59 (372 rays) …
  -> Building H Matrix (372 rays, parallel)...
  [5/5] Building H for GN05 10:59 (226 rays) …
  -> Building H Matrix (226 rays, parallel)...
  Combined H shape : (1980, 5406)  (total rays = 1980)
  Running sequential KF assimilation …
  [step 1/5] Assimilating GN05 10:53 (428 rays) …
  [!] Error in group 2024-10-10_1030__LAT+000_LON+120: podTc2_data must be provided when distance_localization=True (needed to compute ray midpoints for the localization matrix).

[218/494]
────────────────────────────────────────────────────────────
  Group : 2024-10-10_1030__LAT+030_LON+120
  Window: 2024-10-10_1030  |  Region: LAT+030_LON+120  |  1 occultation(s)
────────────────────────────────────────────────────────────
C27 is rising
  Parsed 1/1 files successfully.
  Bounding box: lat [4.8, 62.7]  lon [120.9, 169.9]  |  vertices: 91
  Final group: 1 occultation(s), 91 mesh vertices
  Saved trim diagnostic → ./Figures/GroupKF/group_2024-10-10_1030__LAT+030_LON+120_trim.png
  [1/1] Building H for GN05 10:59 (887 rays) …
  -> Building H Matrix (887 rays, parallel)...
  Combined H shape : (887, 4641)  (total rays = 887)
  Running sequential KF assimilation …
  [step 1/1] Assimilating GN05 10:59 (887 rays) …
  [!] Error in group 2024-10-10_1030__LAT+030_LON+120: podTc2_data must be provided when distance_localization=True (needed to compute ray midpoints for the localization matrix).

[219/494]
────────────────────────────────────────────────────────────
  Group : 2024-10-10_1100__LAT-060_LON-180
  Window: 2024-10-10_1100  |  Region: LAT-060_LON-180  |  3 occultation(s)
────────────────────────────────────────────────────────────
Data Flipped: G18 is setting
Data Flipped: R12 is setting
G15 is rising
  Parsed 3/3 files successfully.
  Bounding box: lat [-67.8, -12.9]  lon [171.6, -136.1]  |  vertices: 84
  Final group: 3 occultation(s), 84 mesh vertices
  Saved trim diagnostic → ./Figures/GroupKF/group_2024-10-10_1100__LAT-060_LON-180_trim.png
  [1/3] Building H for GN05 11:00 (519 rays) …
  -> Building H Matrix (519 rays, parallel)...
  [2/3] Building H for GN05 11:00 (380 rays) …
  -> Building H Matrix (380 rays, parallel)...
  [3/3] Building H for GN05 11:03 (493 rays) …
  -> Building H Matrix (493 rays, parallel)...
  Combined H shape : (1392, 4284)  (total rays = 1392)
  Running sequential KF assimilation …
  [step 1/3] Assimilating GN05 11:00 (519 rays) …
  [!] Error in group 2024-10-10_1100__LAT-060_LON-180: podTc2_data must be provided when distance_localization=True (needed to compute ray midpoints for the localization matrix).

[220/494]
────────────────────────────────────────────────────────────
  Group : 2024-10-10_1100__LAT-060_LON+120
  Window: 2024-10-10_1100  |  Region: LAT-060_LON+120  |  3 occultation(s)
────────────────────────────────────────────────────────────
Data Flipped: C40 is setting
Data Flipped: C43 is setting
Data Flipped: C39 is setting
  Parsed 3/3 files successfully.
  Bounding box: lat [-66.3, -21.3]  lon [141.5, -162.1]  |  vertices: 72
  Final group: 3 occultation(s), 72 mesh vertices
  Saved trim diagnostic → ./Figures/GroupKF/group_2024-10-10_1100__LAT-060_LON+120_trim.png
  [1/3] Building H for GN05 11:00 (485 rays) …
  -> Building H Matrix (485 rays, parallel)...
  [2/3] Building H for GN05 11:01 (320 rays) …
  -> Building H Matrix (320 rays, parallel)...
  [3/3] Building H for GN05 11:02 (330 rays) …
  -> Building H Matrix (330 rays, parallel)...
  Combined H shape : (1135, 3672)  (total rays = 1135)
  Running sequential KF assimilation …
  [step 1/3] Assimilating GN05 11:00 (485 rays) …
  [!] Error in group 2024-10-10_1100__LAT-060_LON+120: podTc2_data must be provided when distance_localization=True (needed to compute ray midpoints for the localization matrix).

[221/494]
────────────────────────────────────────────────────────────
  Group : 2024-10-10_1100__LAT-030_LON-180
  Window: 2024-10-10_1100  |  Region: LAT-030_LON-180  |  6 occultation(s)
────────────────────────────────────────────────────────────
G12 is rising
R7 is rising
Data Flipped: E21 is setting
Data Flipped: C34 is setting
Data Flipped: R22 is setting
Data Flipped: G29 is setting
  Parsed 6/6 files successfully.
  Bounding box: lat [-55.0, 41.0]  lon [157.2, -139.5]  |  vertices: 215
  Final group: 6 occultation(s), 215 mesh vertices
  Saved trim diagnostic → ./Figures/GroupKF/group_2024-10-10_1100__LAT-030_LON-180_trim.png
  [1/6] Building H for GN05 11:00 (543 rays) …
  -> Building H Matrix (543 rays, parallel)...
  [2/6] Building H for GN05 11:02 (1937 rays) …
  -> Building H Matrix (1937 rays, parallel)...
  [3/6] Building H for GN05 11:03 (388 rays) …
  -> Building H Matrix (388 rays, parallel)...
  [4/6] Building H for GN05 11:06 (477 rays) …
  -> Building H Matrix (477 rays, parallel)...
  [5/6] Building H for GN05 11:06 (438 rays) …
  -> Building H Matrix (438 rays, parallel)...
  [6/6] Building H for GN05 11:10 (817 rays) …
  -> Building H Matrix (817 rays, parallel)...
  Combined H shape : (4600, 10965)  (total rays = 4600)
  Running sequential KF assimilation …
  [step 1/6] Assimilating GN05 11:00 (543 rays) …
  [!] Error in group 2024-10-10_1100__LAT-030_LON-180: podTc2_data must be provided when distance_localization=True (needed to compute ray midpoints for the localization matrix).

[222/494]
────────────────────────────────────────────────────────────
  Group : 2024-10-10_1100__LAT+000_LON+120
  Window: 2024-10-10_1100  |  Region: LAT+000_LON+120  |  13 occultation(s)
────────────────────────────────────────────────────────────
C33 is rising
G32 is rising
C41 is rising
E29 is rising
R2 is rising
Data Flipped: E15 is setting
Data Flipped: C37 is setting
Data Flipped: E6 is setting
Data Flipped: R14 is setting
Data Flipped: R4 is setting
Data Flipped: G9 is setting
Data Flipped: E9 is setting
Data Flipped: E31 is setting
  Parsed 13/13 files successfully.
  Bounding box: lat [-20.2, 56.9]  lon [125.0, -158.5]  |  vertices: 207
  Final group: 13 occultation(s), 207 mesh vertices
  Saved trim diagnostic → ./Figures/GroupKF/group_2024-10-10_1100__LAT+000_LON+120_trim.png
  [1/13] Building H for GN05 11:01 (402 rays) …
  -> Building H Matrix (402 rays, parallel)...
  [2/13] Building H for GN05 11:03 (293 rays) …
  -> Building H Matrix (293 rays, parallel)...
  [3/13] Building H for GN05 11:03 (400 rays) …
  -> Building H Matrix (400 rays, parallel)...
  [4/13] Building H for GN05 11:05 (389 rays) …
  -> Building H Matrix (389 rays, parallel)...
  [5/13] Building H for GN05 11:06 (467 rays) …
  -> Building H Matrix (467 rays, parallel)...
  [6/13] Building H for GN05 11:13 (615 rays) …
  -> Building H Matrix (615 rays, parallel)...
  [7/13] Building H for GN05 11:18 (210 rays) …
  -> Building H Matrix (210 rays, parallel)...
  [8/13] Building H for GN05 11:18 (369 rays) …
  -> Building H Matrix (369 rays, parallel)...
  [9/13] Building H for GN05 11:18 (400 rays) …
  -> Building H Matrix (400 rays, parallel)...
  [10/13] Building H for GN05 11:19 (523 rays) …
  -> Building H Matrix (523 rays, parallel)...
  [11/13] Building H for GN05 11:19 (439 rays) …
  -> Building H Matrix (439 rays, parallel)...
  [12/13] Building H for GN05 11:20 (415 rays) …
  -> Building H Matrix (415 rays, parallel)...
  [13/13] Building H for GN05 11:21 (395 rays) …
  -> Building H Matrix (395 rays, parallel)...
  Combined H shape : (5317, 10557)  (total rays = 5317)
  Running sequential KF assimilation …
  [step 1/13] Assimilating GN05 11:01 (402 rays) …
  [!] Error in group 2024-10-10_1100__LAT+000_LON+120: podTc2_data must be provided when distance_localization=True (needed to compute ray midpoints for the localization matrix).

[223/494]
────────────────────────────────────────────────────────────
  Group : 2024-10-10_1100__LAT+030_LON+120
  Window: 2024-10-10_1100  |  Region: LAT+030_LON+120  |  12 occultation(s)
────────────────────────────────────────────────────────────
C42 is rising
G10 is rising
E33 is rising
C24 is rising
R11 is rising
G28 is rising
E19 is rising
Data Flipped: R5 is setting
Data Flipped: C20 is setting
Data Flipped: C22 is setting
Data Flipped: G7 is setting
Data Flipped: E5 is setting
  Parsed 12/12 files successfully.
  Bounding box: lat [11.6, 81.5]  lon [113.8, -150.0]  |  vertices: 173
  Final group: 12 occultation(s), 173 mesh vertices
  Saved trim diagnostic → ./Figures/GroupKF/group_2024-10-10_1100__LAT+030_LON+120_trim.png
  [1/12] Building H for GN05 11:02 (654 rays) …
  -> Building H Matrix (654 rays, parallel)...
  [2/12] Building H for GN05 11:04 (467 rays) …
  -> Building H Matrix (467 rays, parallel)...
  [3/12] Building H for GN05 11:05 (490 rays) …
  -> Building H Matrix (490 rays, parallel)...
  [4/12] Building H for GN05 11:08 (391 rays) …
  -> Building H Matrix (391 rays, parallel)...
  [5/12] Building H for GN05 11:11 (430 rays) …
  -> Building H Matrix (430 rays, parallel)...
  [6/12] Building H for GN05 11:14 (362 rays) …
  -> Building H Matrix (362 rays, parallel)...
  [7/12] Building H for GN05 11:15 (511 rays) …
  -> Building H Matrix (511 rays, parallel)...
  [8/12] Building H for GN05 11:21 (397 rays) …
  -> Building H Matrix (397 rays, parallel)...
  [9/12] Building H for GN05 11:23 (577 rays) …
  -> Building H Matrix (577 rays, parallel)...
  [10/12] Building H for GN05 11:24 (477 rays) …
  -> Building H Matrix (477 rays, parallel)...
  [11/12] Building H for GN05 11:25 (315 rays) …
  -> Building H Matrix (315 rays, parallel)...
  [12/12] Building H for GN05 11:26 (388 rays) …
  -> Building H Matrix (388 rays, parallel)...
  Combined H shape : (5459, 8823)  (total rays = 5459)
  Running sequential KF assimilation …
  [step 1/12] Assimilating GN05 11:02 (654 rays) …
  [!] Error in group 2024-10-10_1100__LAT+030_LON+120: podTc2_data must be provided when distance_localization=True (needed to compute ray midpoints for the localization matrix).

[224/494]
────────────────────────────────────────────────────────────
  Group : 2024-10-10_1100__LAT+000_LON-180
  Window: 2024-10-10_1100  |  Region: LAT+000_LON-180  |  4 occultation(s)
────────────────────────────────────────────────────────────
E30 is rising
Data Flipped: C21 is setting
Data Flipped: G5 is setting
Data Flipped: C44 is setting
  Parsed 4/4 files successfully.
  Bounding box: lat [-4.2, 87.0]  lon [122.2, -144.7]  |  vertices: 229
  Final group: 4 occultation(s), 229 mesh vertices
  Saved trim diagnostic → ./Figures/GroupKF/group_2024-10-10_1100__LAT+000_LON-180_trim.png
  [1/4] Building H for GN05 11:04 (611 rays) …
  -> Building H Matrix (611 rays, parallel)...
  [2/4] Building H for GN05 11:14 (1603 rays) …
  -> Building H Matrix (1603 rays, parallel)...
  [3/4] Building H for GN05 11:20 (512 rays) …
  -> Building H Matrix (512 rays, parallel)...
  [4/4] Building H for GN05 11:21 (924 rays) …
  -> Building H Matrix (924 rays, parallel)...
  Combined H shape : (3650, 11679)  (total rays = 3650)
  Running sequential KF assimilation …
  [step 1/4] Assimilating GN05 11:04 (611 rays) …
  [!] Error in group 2024-10-10_1100__LAT+000_LON-180: podTc2_data must be provided when distance_localization=True (needed to compute ray midpoints for the localization matrix).

[225/494]
────────────────────────────────────────────────────────────
  Group : 2024-10-10_1100__LAT-030_LON+120
  Window: 2024-10-10_1100  |  Region: LAT-030_LON+120  |  5 occultation(s)
────────────────────────────────────────────────────────────
Data Flipped: G26 is setting
Data Flipped: C23 is setting
Data Flipped: R3 is setting
Data Flipped: E4 is setting
Data Flipped: G4 is setting
  Parsed 5/5 files successfully.
  Bounding box: lat [-52.9, 40.2]  lon [124.4, -175.6]  |  vertices: 199
  Final group: 5 occultation(s), 199 mesh vertices
  Saved trim diagnostic → ./Figures/GroupKF/group_2024-10-10_1100__LAT-030_LON+120_trim.png
  [1/5] Building H for GN05 11:04 (370 rays) …
  -> Building H Matrix (370 rays, parallel)...
  [2/5] Building H for GN05 11:05 (326 rays) …
  -> Building H Matrix (326 rays, parallel)...
  [3/5] Building H for GN05 11:08 (1837 rays) …
  -> Building H Matrix (1837 rays, parallel)...
  [4/5] Building H for GN05 11:10 (603 rays) …
  -> Building H Matrix (603 rays, parallel)...
  [5/5] Building H for GN05 11:16 (324 rays) …
  -> Building H Matrix (324 rays, parallel)...
  Combined H shape : (3460, 10149)  (total rays = 3460)
  Running sequential KF assimilation …
  [step 1/5] Assimilating GN05 11:04 (370 rays) …
  [!] Error in group 2024-10-10_1100__LAT-030_LON+120: podTc2_data must be provided when distance_localization=True (needed to compute ray midpoints for the localization matrix).

[226/494]
────────────────────────────────────────────────────────────
  Group : 2024-10-10_1100__POLAR_N
  Window: 2024-10-10_1100  |  Region: POLAR_N  |  14 occultation(s)
────────────────────────────────────────────────────────────
G23 is rising
R24 is rising
E26 is rising
C28 is rising
C25 is rising
G31 is rising
E27 is rising
R12 is rising
C39 is rising
G8 is rising
G26 is rising
No valid descending tangent points found. Skipping.
    [skip] podTc2_GN05.2024.284.11.27.0020.G27.01_0000.0001_nc — parse returned None
E21 is rising
Data Flipped: E34 is setting
  Parsed 13/14 files successfully.
  [polar] Bounding box: lat [40.2, 90.0]  lon [-180.0, 180.0]  |  vertices: 293
  Final group: 13 occultation(s), 293 mesh vertices
  Saved trim diagnostic → ./Figures/GroupKF/group_2024-10-10_1100__POLAR_N_trim.png
  [1/13] Building H for GN05 11:11 (793 rays) …
  -> Building H Matrix (793 rays, parallel)...
  [2/13] Building H for GN05 11:12 (538 rays) …
  -> Building H Matrix (538 rays, parallel)...
  [3/13] Building H for GN05 11:15 (445 rays) …
  -> Building H Matrix (445 rays, parallel)...
  [4/13] Building H for GN05 11:16 (543 rays) …
  -> Building H Matrix (543 rays, parallel)...
  [5/13] Building H for GN05 11:19 (388 rays) …
  -> Building H Matrix (388 rays, parallel)...
  [6/13] Building H for GN05 11:20 (365 rays) …
  -> Building H Matrix (365 rays, parallel)...
  [7/13] Building H for GN05 11:21 (624 rays) …
  -> Building H Matrix (624 rays, parallel)...
  [8/13] Building H for GN05 11:23 (403 rays) …
  -> Building H Matrix (403 rays, parallel)...
  [9/13] Building H for GN05 11:26 (413 rays) …
  -> Building H Matrix (413 rays, parallel)...
  [10/13] Building H for GN05 11:27 (279 rays) …
  -> Building H Matrix (279 rays, parallel)...
  [11/13] Building H for GN05 11:27 (51 rays) …
  -> Building H Matrix (51 rays, parallel)...
  [12/13] Building H for GN05 11:28 (425 rays) …
  -> Building H Matrix (425 rays, parallel)...
  [13/13] Building H for GN05 11:29 (493 rays) …
  -> Building H Matrix (493 rays, parallel)...
  Combined H shape : (5760, 14943)  (total rays = 5760)
  Running sequential KF assimilation …
  [step 1/13] Assimilating GN05 11:11 (793 rays) …
  [!] Error in group 2024-10-10_1100__POLAR_N: podTc2_data must be provided when distance_localization=True (needed to compute ray midpoints for the localization matrix).

[227/494]
────────────────────────────────────────────────────────────
  Group : 2024-10-10_1100__LAT+030_LON-180
  Window: 2024-10-10_1100  |  Region: LAT+030_LON-180  |  1 occultation(s)
────────────────────────────────────────────────────────────
Data Flipped: R21 is setting
  Parsed 1/1 files successfully.
  Bounding box: lat [8.1, 51.6]  lon [156.3, -153.2]  |  vertices: 75
  Final group: 1 occultation(s), 75 mesh vertices
  Saved trim diagnostic → ./Figures/GroupKF/group_2024-10-10_1100__LAT+030_LON-180_trim.png
  [1/1] Building H for GN05 11:20 (648 rays) …
  -> Building H Matrix (648 rays, parallel)...
  Combined H shape : (648, 3825)  (total rays = 648)
  Running sequential KF assimilation …
  [step 1/1] Assimilating GN05 11:20 (648 rays) …
  [!] Error in group 2024-10-10_1100__LAT+030_LON-180: podTc2_data must be provided when distance_localization=True (needed to compute ray midpoints for the localization matrix).

[228/494]
────────────────────────────────────────────────────────────
  Group : 2024-10-10_1100__LAT+030_LON-060
  Window: 2024-10-10_1100  |  Region: LAT+030_LON-060  |  2 occultation(s)
────────────────────────────────────────────────────────────
C43 is rising
E13 is rising
  Parsed 2/2 files successfully.
  Bounding box: lat [18.0, 82.3]  lon [-62.0, -3.5]  |  vertices: 92
  Final group: 2 occultation(s), 92 mesh vertices
  Saved trim diagnostic → ./Figures/GroupKF/group_2024-10-10_1100__LAT+030_LON-060_trim.png
  [1/2] Building H for GN05 11:26 (447 rays) …
  -> Building H Matrix (447 rays, parallel)...
  [2/2] Building H for GN05 11:27 (557 rays) …
  -> Building H Matrix (557 rays, parallel)...
  Combined H shape : (1004, 4692)  (total rays = 1004)
  Running sequential KF assimilation …
  [step 1/2] Assimilating GN05 11:26 (447 rays) …
  [!] Error in group 2024-10-10_1100__LAT+030_LON-060: podTc2_data must be provided when distance_localization=True (needed to compute ray midpoints for the localization matrix).

[229/494]
────────────────────────────────────────────────────────────
  Group : 2024-10-10_1130__LAT+030_LON+000
  Window: 2024-10-10_1130  |  Region: LAT+030_LON+000  |  6 occultation(s)
────────────────────────────────────────────────────────────
C40 is rising
No valid descending tangent points found. Skipping.
    [skip] podTc2_GN05.2024.284.11.30.0019.G18.01_0000.0001_nc — parse returned None
E4 is rising
Data Flipped: R16 is setting
Data Flipped: G6 is setting
Data Flipped: G14 is setting
  Parsed 5/6 files successfully.
  Bounding box: lat [21.7, 84.0]  lon [-19.9, 59.4]  |  vertices: 113
  Final group: 5 occultation(s), 113 mesh vertices
  Saved trim diagnostic → ./Figures/GroupKF/group_2024-10-10_1130__LAT+030_LON+000_trim.png
  [1/5] Building H for GN05 11:30 (551 rays) …
  -> Building H Matrix (551 rays, parallel)...
  [2/5] Building H for GN05 11:36 (695 rays) …
  -> Building H Matrix (695 rays, parallel)...
  [3/5] Building H for GN05 11:43 (396 rays) …
  -> Building H Matrix (396 rays, parallel)...
  [4/5] Building H for GN05 11:43 (437 rays) …
  -> Building H Matrix (437 rays, parallel)...
  [5/5] Building H for GN05 11:43 (470 rays) …
  -> Building H Matrix (470 rays, parallel)...
  Combined H shape : (2549, 5763)  (total rays = 2549)
  Running sequential KF assimilation …
  [step 1/5] Assimilating GN05 11:30 (551 rays) …
  [!] Error in group 2024-10-10_1130__LAT+030_LON+000: podTc2_data must be provided when distance_localization=True (needed to compute ray midpoints for the localization matrix).

[230/494]
────────────────────────────────────────────────────────────
  Group : 2024-10-10_1130__POLAR_N
  Window: 2024-10-10_1130  |  Region: POLAR_N  |  11 occultation(s)
────────────────────────────────────────────────────────────
C23 is rising
Data Flipped: R15 is setting
Data Flipped: G30 is setting
Data Flipped: E3 is setting
Data Flipped: G11 is setting
Data Flipped: E24 is setting
No valid descending tangent points found. Skipping.
    [skip] podTc2_GN05.2024.284.11.37.0009.G04.01_0000.0001_nc — parse returned None
Data Flipped: R20 is setting
Data Flipped: C36 is setting
Data Flipped: E36 is setting
Data Flipped: C35 is setting
  Parsed 10/11 files successfully.
  [polar] Bounding box: lat [40.3, 90.0]  lon [-180.0, 180.0]  |  vertices: 291
  Final group: 10 occultation(s), 291 mesh vertices
  Saved trim diagnostic → ./Figures/GroupKF/group_2024-10-10_1130__POLAR_N_trim.png
  [1/10] Building H for GN05 11:30 (368 rays) …
  -> Building H Matrix (368 rays, parallel)...
  [2/10] Building H for GN05 11:30 (434 rays) …
  -> Building H Matrix (434 rays, parallel)...
  [3/10] Building H for GN05 11:30 (367 rays) …
  -> Building H Matrix (367 rays, parallel)...
  [4/10] Building H for GN05 11:32 (526 rays) …
  -> Building H Matrix (526 rays, parallel)...
  [5/10] Building H for GN05 11:33 (478 rays) …
  -> Building H Matrix (478 rays, parallel)...
  [6/10] Building H for GN05 11:36 (630 rays) …
  -> Building H Matrix (630 rays, parallel)...
  [7/10] Building H for GN05 11:38 (501 rays) …
  -> Building H Matrix (501 rays, parallel)...
  [8/10] Building H for GN05 11:39 (390 rays) …
  -> Building H Matrix (390 rays, parallel)...
  [9/10] Building H for GN05 11:41 (389 rays) …
  -> Building H Matrix (389 rays, parallel)...
  [10/10] Building H for GN05 11:44 (290 rays) …
  -> Building H Matrix (290 rays, parallel)...
  Combined H shape : (4373, 14841)  (total rays = 4373)
  Running sequential KF assimilation …
  [step 1/10] Assimilating GN05 11:30 (368 rays) …
  [!] Error in group 2024-10-10_1130__POLAR_N: podTc2_data must be provided when distance_localization=True (needed to compute ray midpoints for the localization matrix).

[231/494]
────────────────────────────────────────────────────────────
  Group : 2024-10-10_1130__LAT+030_LON+120
  Window: 2024-10-10_1130  |  Region: LAT+030_LON+120  |  1 occultation(s)
────────────────────────────────────────────────────────────
No valid descending tangent points found. Skipping.
    [skip] podTc2_GN05.2024.284.11.32.0023.C19.00_0000.0001_nc — parse returned None

[232/494]
────────────────────────────────────────────────────────────
  Group : 2024-10-10_1130__LAT+000_LON-060
  Window: 2024-10-10_1130  |  Region: LAT+000_LON-060  |  15 occultation(s)
────────────────────────────────────────────────────────────
R22 is rising
C34 is rising
R14 is rising
E6 is rising
E31 is rising
Data Flipped: R7 is setting
G9 is rising
No valid descending tangent points found. Skipping.
    [skip] podTc2_GN05.2024.284.11.51.0013.G15.00_0000.0001_nc — parse returned None
Data Flipped: E11 is setting
Data Flipped: R19 is setting
Data Flipped: R9 is setting
Data Flipped: G24 is setting
Data Flipped: E2 is setting
Data Flipped: G17 is setting
Data Flipped: C26 is setting
  Parsed 14/15 files successfully.
  Bounding box: lat [-14.9, 56.5]  lon [-55.4, 22.5]  |  vertices: 195
  Final group: 14 occultation(s), 195 mesh vertices
  Saved trim diagnostic → ./Figures/GroupKF/group_2024-10-10_1130__LAT+000_LON-060_trim.png
  [1/14] Building H for GN05 11:35 (575 rays) …
  -> Building H Matrix (575 rays, parallel)...
  [2/14] Building H for GN05 11:35 (612 rays) …
  -> Building H Matrix (612 rays, parallel)...
  [3/14] Building H for GN05 11:41 (379 rays) …
  -> Building H Matrix (379 rays, parallel)...
  [4/14] Building H for GN05 11:42 (588 rays) …
  -> Building H Matrix (588 rays, parallel)...
  [5/14] Building H for GN05 11:44 (506 rays) …
  -> Building H Matrix (506 rays, parallel)...
  [6/14] Building H for GN05 11:50 (970 rays) …
  -> Building H Matrix (970 rays, parallel)...
  [7/14] Building H for GN05 11:50 (596 rays) …
  -> Building H Matrix (596 rays, parallel)...
  [8/14] Building H for GN05 11:51 (536 rays) …
  -> Building H Matrix (536 rays, parallel)...
  [9/14] Building H for GN05 11:52 (460 rays) …
  -> Building H Matrix (460 rays, parallel)...
  [10/14] Building H for GN05 11:52 (362 rays) …
  -> Building H Matrix (362 rays, parallel)...
  [11/14] Building H for GN05 11:54 (395 rays) …
  -> Building H Matrix (395 rays, parallel)...
  [12/14] Building H for GN05 11:55 (379 rays) …
  -> Building H Matrix (379 rays, parallel)...
  [13/14] Building H for GN05 11:55 (507 rays) …
  -> Building H Matrix (507 rays, parallel)...
  [14/14] Building H for GN05 11:58 (383 rays) …
  -> Building H Matrix (383 rays, parallel)...
  Combined H shape : (7248, 9945)  (total rays = 7248)
  Running sequential KF assimilation …
  [step 1/14] Assimilating GN05 11:35 (575 rays) …
  [!] Error in group 2024-10-10_1130__LAT+000_LON-060: podTc2_data must be provided when distance_localization=True (needed to compute ray midpoints for the localization matrix).

[233/494]
────────────────────────────────────────────────────────────
  Group : 2024-10-10_1130__LAT+030_LON-060
  Window: 2024-10-10_1130  |  Region: LAT+030_LON-060  |  6 occultation(s)
────────────────────────────────────────────────────────────
C37 is rising
Data Flipped: E25 is setting
Data Flipped: C45 is setting
G18 is rising
Data Flipped: C29 is setting
Data Flipped: E8 is setting
  Parsed 6/6 files successfully.
  Bounding box: lat [5.8, 65.8]  lon [-57.5, 15.2]  |  vertices: 135
  Final group: 6 occultation(s), 135 mesh vertices
  Saved trim diagnostic → ./Figures/GroupKF/group_2024-10-10_1130__LAT+030_LON-060_trim.png
  [1/6] Building H for GN05 11:38 (371 rays) …
  -> Building H Matrix (371 rays, parallel)...
  [2/6] Building H for GN05 11:49 (404 rays) …
  -> Building H Matrix (404 rays, parallel)...
  [3/6] Building H for GN05 11:49 (308 rays) …
  -> Building H Matrix (308 rays, parallel)...
  [4/6] Building H for GN05 11:50 (616 rays) …
  -> Building H Matrix (616 rays, parallel)...
  [5/6] Building H for GN05 11:51 (421 rays) …
  -> Building H Matrix (421 rays, parallel)...
  [6/6] Building H for GN05 11:51 (537 rays) …
  -> Building H Matrix (537 rays, parallel)...
  Combined H shape : (2657, 6885)  (total rays = 2657)
  Running sequential KF assimilation …
  [step 1/6] Assimilating GN05 11:38 (371 rays) …
  [!] Error in group 2024-10-10_1130__LAT+030_LON-060: podTc2_data must be provided when distance_localization=True (needed to compute ray midpoints for the localization matrix).

[234/494]
────────────────────────────────────────────────────────────
  Group : 2024-10-10_1130__LAT-030_LON-060
  Window: 2024-10-10_1130  |  Region: LAT-030_LON-060  |  11 occultation(s)
────────────────────────────────────────────────────────────
E9 is rising
E15 is rising
R5 is rising
C19 is rising
G5 is rising
C22 is rising
G7 is rising
E5 is rising
R4 is rising
G30 is rising
C21 is rising
  Parsed 11/11 files successfully.
  Bounding box: lat [-57.1, 22.8]  lon [-73.5, 21.5]  |  vertices: 267
  Final group: 11 occultation(s), 267 mesh vertices
  Saved trim diagnostic → ./Figures/GroupKF/group_2024-10-10_1130__LAT-030_LON-060_trim.png
  [1/11] Building H for GN05 11:45 (484 rays) …
  -> Building H Matrix (484 rays, parallel)...
  [2/11] Building H for GN05 11:45 (586 rays) …
  -> Building H Matrix (586 rays, parallel)...
  [3/11] Building H for GN05 11:46 (430 rays) …
  -> Building H Matrix (430 rays, parallel)...
  [4/11] Building H for GN05 11:50 (458 rays) …
  -> Building H Matrix (458 rays, parallel)...
  [5/11] Building H for GN05 11:50 (454 rays) …
  -> Building H Matrix (454 rays, parallel)...
  [6/11] Building H for GN05 11:51 (427 rays) …
  -> Building H Matrix (427 rays, parallel)...
  [7/11] Building H for GN05 11:51 (395 rays) …
  -> Building H Matrix (395 rays, parallel)...
  [8/11] Building H for GN05 11:51 (383 rays) …
  -> Building H Matrix (383 rays, parallel)...
  [9/11] Building H for GN05 11:51 (831 rays) …
  -> Building H Matrix (831 rays, parallel)...
  [10/11] Building H for GN05 11:53 (385 rays) …
  -> Building H Matrix (385 rays, parallel)...
  [11/11] Building H for GN05 11:58 (1013 rays) …
  -> Building H Matrix (1013 rays, parallel)...
  Combined H shape : (5846, 13617)  (total rays = 5846)
  Running sequential KF assimilation …
  [step 1/11] Assimilating GN05 11:45 (484 rays) …
  [!] Error in group 2024-10-10_1130__LAT-030_LON-060: podTc2_data must be provided when distance_localization=True (needed to compute ray midpoints for the localization matrix).

[235/494]
────────────────────────────────────────────────────────────
  Group : 2024-10-10_1130__LAT-060_LON-060
  Window: 2024-10-10_1130  |  Region: LAT-060_LON-060  |  3 occultation(s)
────────────────────────────────────────────────────────────
C20 is rising
R21 is rising
E3 is rising
  Parsed 3/3 files successfully.
  Bounding box: lat [-81.4, 2.4]  lon [54.3, -20.5]  |  vertices: 673
  [trim] n_geo=673 > MAX_MESH_VERTICES=300 — dropping GN05 11:54 (10.9° from centroid)
  Bounding box: lat [-81.4, 2.4]  lon [54.3, -20.5]  |  vertices: 673
  [trim] n_geo=673 > MAX_MESH_VERTICES=300 — dropping GN05 11:54 (5.6° from centroid)
  Bounding box: lat [-70.0, -16.9]  lon [-56.0, -30.2]  |  vertices: 38
  Final group: 1 occultation(s), 38 mesh vertices
  Saved trim diagnostic → ./Figures/GroupKF/group_2024-10-10_1130__LAT-060_LON-060_trim.png
  [1/1] Building H for GN05 11:58 (453 rays) …
  -> Building H Matrix (453 rays, parallel)...
  Combined H shape : (453, 1938)  (total rays = 453)
  Running sequential KF assimilation …
  [step 1/1] Assimilating GN05 11:58 (453 rays) …
  [!] Error in group 2024-10-10_1130__LAT-060_LON-060: podTc2_data must be provided when distance_localization=True (needed to compute ray midpoints for the localization matrix).

[236/494]
────────────────────────────────────────────────────────────
  Group : 2024-10-10_1130__LAT-060_LON-120
  Window: 2024-10-10_1130  |  Region: LAT-060_LON-120  |  1 occultation(s)
────────────────────────────────────────────────────────────
G29 is rising
  Parsed 1/1 files successfully.
  Bounding box: lat [-84.8, 23.4]  lon [-137.5, -16.3]  |  vertices: 388
  Final group: 1 occultation(s), 388 mesh vertices
  Saved trim diagnostic → ./Figures/GroupKF/group_2024-10-10_1130__LAT-060_LON-120_trim.png
  [1/1] Building H for GN05 11:57 (1834 rays) …
  -> Building H Matrix (1834 rays, parallel)...
  Combined H shape : (1834, 19788)  (total rays = 1834)
  Running sequential KF assimilation …
  [step 1/1] Assimilating GN05 11:57 (1834 rays) …
  [!] Error in group 2024-10-10_1130__LAT-060_LON-120: podTc2_data must be provided when distance_localization=True (needed to compute ray midpoints for the localization matrix).

[237/494]
────────────────────────────────────────────────────────────
  Group : 2024-10-10_1130__POLAR_S
  Window: 2024-10-10_1130  |  Region: POLAR_S  |  2 occultation(s)
────────────────────────────────────────────────────────────
E34 is rising
C44 is rising
  Parsed 2/2 files successfully.
  [polar] Bounding box: lat [-90.0, -40.2]  lon [-180.0, 180.0]  |  vertices: 293
  Final group: 2 occultation(s), 293 mesh vertices
  Saved trim diagnostic → ./Figures/GroupKF/group_2024-10-10_1130__POLAR_S_trim.png
  [1/2] Building H for GN05 11:59 (458 rays) …
  -> Building H Matrix (458 rays, parallel)...
  [2/2] Building H for GN05 11:59 (732 rays) …
  -> Building H Matrix (732 rays, parallel)...
  Combined H shape : (1190, 14943)  (total rays = 1190)
  Running sequential KF assimilation …
  [step 1/2] Assimilating GN05 11:59 (458 rays) …
  [!] Error in group 2024-10-10_1130__POLAR_S: podTc2_data must be provided when distance_localization=True (needed to compute ray midpoints for the localization matrix).

[238/494]
────────────────────────────────────────────────────────────
  Group : 2024-10-10_1200__LAT-030_LON-060
  Window: 2024-10-10_1200  |  Region: LAT-030_LON-060  |  8 occultation(s)
────────────────────────────────────────────────────────────
Data Flipped: E10 is setting
Data Flipped: C30 is setting
Data Flipped: G3 is setting
Data Flipped: R18 is setting
Data Flipped: E30 is setting
Data Flipped: R8 is setting
Data Flipped: E7 is setting
Data Flipped: C42 is setting
  Parsed 8/8 files successfully.
  Bounding box: lat [-83.2, 23.8]  lon [-121.6, 18.8]  |  vertices: 450
  [trim] n_geo=450 > MAX_MESH_VERTICES=300 — dropping GN05 12:08 (40.4° from centroid)
  Bounding box: lat [-83.2, 23.8]  lon [-121.6, 18.8]  |  vertices: 450
  [trim] n_geo=450 > MAX_MESH_VERTICES=300 — dropping GN05 12:04 (45.0° from centroid)
  Bounding box: lat [-35.0, 23.8]  lon [-61.0, 18.8]  |  vertices: 179
  Final group: 6 occultation(s), 179 mesh vertices
  Saved trim diagnostic → ./Figures/GroupKF/group_2024-10-10_1200__LAT-030_LON-060_trim.png
  [1/6] Building H for GN05 12:00 (620 rays) …
  -> Building H Matrix (620 rays, parallel)...
  [2/6] Building H for GN05 12:00 (730 rays) …
  -> Building H Matrix (730 rays, parallel)...
  [3/6] Building H for GN05 12:02 (791 rays) …
  -> Building H Matrix (791 rays, parallel)...
  [4/6] Building H for GN05 12:02 (587 rays) …
  -> Building H Matrix (587 rays, parallel)...
  [5/6] Building H for GN05 12:02 (425 rays) …
  -> Building H Matrix (425 rays, parallel)...
  [6/6] Building H for GN05 12:04 (485 rays) …
  -> Building H Matrix (485 rays, parallel)...
  Combined H shape : (3638, 9129)  (total rays = 3638)
  Running sequential KF assimilation …
  [step 1/6] Assimilating GN05 12:00 (620 rays) …
  [!] Error in group 2024-10-10_1200__LAT-030_LON-060: podTc2_data must be provided when distance_localization=True (needed to compute ray midpoints for the localization matrix).

[239/494]
────────────────────────────────────────────────────────────
  Group : 2024-10-10_1200__LAT+000_LON-060
  Window: 2024-10-10_1200  |  Region: LAT+000_LON-060  |  1 occultation(s)
────────────────────────────────────────────────────────────
Data Flipped: G12 is setting
  Parsed 1/1 files successfully.
  Bounding box: lat [-13.2, 23.1]  lon [-46.9, -15.1]  |  vertices: 44
  Final group: 1 occultation(s), 44 mesh vertices
  Saved trim diagnostic → ./Figures/GroupKF/group_2024-10-10_1200__LAT+000_LON-060_trim.png
  [1/1] Building H for GN05 12:00 (373 rays) …
  -> Building H Matrix (373 rays, parallel)...
  Combined H shape : (373, 2244)  (total rays = 373)
  Running sequential KF assimilation …
  [step 1/1] Assimilating GN05 12:00 (373 rays) …
  [!] Error in group 2024-10-10_1200__LAT+000_LON-060: podTc2_data must be provided when distance_localization=True (needed to compute ray midpoints for the localization matrix).

[240/494]
────────────────────────────────────────────────────────────
  Group : 2024-10-10_1200__POLAR_S
  Window: 2024-10-10_1200  |  Region: POLAR_S  |  22 occultation(s)
────────────────────────────────────────────────────────────
G11 is rising
C36 is rising
R16 is rising
G14 is rising
E36 is rising
C35 is rising
R20 is rising
G6 is rising
C45 is rising
E25 is rising
R9 is rising
E8 is rising
Data Flipped: E19 is setting
G24 is rising
Data Flipped: G28 is setting
Data Flipped: R17 is setting
Data Flipped: G10 is setting
Data Flipped: C25 is setting
Data Flipped: E33 is setting
Data Flipped: C27 is setting
Data Flipped: R12 is setting
Data Flipped: G31 is setting
  Parsed 22/22 files successfully.
  [polar] Bounding box: lat [-90.0, -39.8]  lon [-180.0, 180.0]  |  vertices: 297
  Final group: 22 occultation(s), 297 mesh vertices
  Saved trim diagnostic → ./Figures/GroupKF/group_2024-10-10_1200__POLAR_S_trim.png
  [1/22] Building H for GN05 12:02 (458 rays) …
  -> Building H Matrix (458 rays, parallel)...
  [2/22] Building H for GN05 12:02 (417 rays) …
  -> Building H Matrix (417 rays, parallel)...
  [3/22] Building H for GN05 12:05 (432 rays) …
  -> Building H Matrix (432 rays, parallel)...
  [4/22] Building H for GN05 12:08 (606 rays) …
  -> Building H Matrix (606 rays, parallel)...
  [5/22] Building H for GN05 12:09 (485 rays) …
  -> Building H Matrix (485 rays, parallel)...
  [6/22] Building H for GN05 12:10 (459 rays) …
  -> Building H Matrix (459 rays, parallel)...
  [7/22] Building H for GN05 12:10 (470 rays) …
  -> Building H Matrix (470 rays, parallel)...
  [8/22] Building H for GN05 12:11 (399 rays) …
  -> Building H Matrix (399 rays, parallel)...
  [9/22] Building H for GN05 12:11 (380 rays) …
  -> Building H Matrix (380 rays, parallel)...
  [10/22] Building H for GN05 12:13 (276 rays) …
  -> Building H Matrix (276 rays, parallel)...
  [11/22] Building H for GN05 12:15 (384 rays) …
  -> Building H Matrix (384 rays, parallel)...
  [12/22] Building H for GN05 12:15 (681 rays) …
  -> Building H Matrix (681 rays, parallel)...
  [13/22] Building H for GN05 12:17 (432 rays) …
  -> Building H Matrix (432 rays, parallel)...
  [14/22] Building H for GN05 12:17 (395 rays) …
  -> Building H Matrix (395 rays, parallel)...
  [15/22] Building H for GN05 12:17 (374 rays) …
  -> Building H Matrix (374 rays, parallel)...
  [16/22] Building H for GN05 12:18 (628 rays) …
  -> Building H Matrix (628 rays, parallel)...
  [17/22] Building H for GN05 12:20 (685 rays) …
  -> Building H Matrix (685 rays, parallel)...
  [18/22] Building H for GN05 12:21 (417 rays) …
  -> Building H Matrix (417 rays, parallel)...
  [19/22] Building H for GN05 12:23 (458 rays) …
  -> Building H Matrix (458 rays, parallel)...
  [20/22] Building H for GN05 12:23 (588 rays) …
  -> Building H Matrix (588 rays, parallel)...
  [21/22] Building H for GN05 12:24 (435 rays) …
  -> Building H Matrix (435 rays, parallel)...
  [22/22] Building H for GN05 12:24 (367 rays) …
  -> Building H Matrix (367 rays, parallel)...
  Combined H shape : (10226, 15147)  (total rays = 10226)
  Running sequential KF assimilation …
  [step 1/22] Assimilating GN05 12:02 (458 rays) …
  [!] Error in group 2024-10-10_1200__POLAR_S: podTc2_data must be provided when distance_localization=True (needed to compute ray midpoints for the localization matrix).

[241/494]
────────────────────────────────────────────────────────────
  Group : 2024-10-10_1200__LAT-060_LON-060
  Window: 2024-10-10_1200  |  Region: LAT-060_LON-060  |  16 occultation(s)
────────────────────────────────────────────────────────────
E24 is rising
G15 is rising
R7 is rising
Data Flipped: C32 is setting
Data Flipped: E12 is setting
Data Flipped: C24 is setting
Data Flipped: R1 is setting
Data Flipped: C38 is setting
Data Flipped: G32 is setting
Data Flipped: R11 is setting
Data Flipped: R3 is setting
Data Flipped: R2 is setting
Data Flipped: C33 is setting
Data Flipped: E29 is setting
Data Flipped: C41 is setting
Data Flipped: E27 is setting
  Parsed 16/16 files successfully.
  Bounding box: lat [-77.0, -0.3]  lon [-92.2, 28.0]  |  vertices: 266
  Final group: 16 occultation(s), 266 mesh vertices
  Saved trim diagnostic → ./Figures/GroupKF/group_2024-10-10_1200__LAT-060_LON-060_trim.png
  [1/16] Building H for GN05 12:03 (693 rays) …
  -> Building H Matrix (693 rays, parallel)...
  [2/16] Building H for GN05 12:03 (636 rays) …
  -> Building H Matrix (636 rays, parallel)...
  [3/16] Building H for GN05 12:06 (989 rays) …
  -> Building H Matrix (989 rays, parallel)...
  [4/16] Building H for GN05 12:08 (877 rays) …
  -> Building H Matrix (877 rays, parallel)...
  [5/16] Building H for GN05 12:09 (585 rays) …
  -> Building H Matrix (585 rays, parallel)...
  [6/16] Building H for GN05 12:09 (427 rays) …
  -> Building H Matrix (427 rays, parallel)...
  [7/16] Building H for GN05 12:09 (422 rays) …
  -> Building H Matrix (422 rays, parallel)...
  [8/16] Building H for GN05 12:09 (450 rays) …
  -> Building H Matrix (450 rays, parallel)...
  [9/16] Building H for GN05 12:10 (404 rays) …
  -> Building H Matrix (404 rays, parallel)...
  [10/16] Building H for GN05 12:10 (418 rays) …
  -> Building H Matrix (418 rays, parallel)...
  [11/16] Building H for GN05 12:10 (931 rays) …
  -> Building H Matrix (931 rays, parallel)...
  [12/16] Building H for GN05 12:10 (438 rays) …
  -> Building H Matrix (438 rays, parallel)...
  [13/16] Building H for GN05 12:12 (465 rays) …
  -> Building H Matrix (465 rays, parallel)...
  [14/16] Building H for GN05 12:12 (372 rays) …
  -> Building H Matrix (372 rays, parallel)...
  [15/16] Building H for GN05 12:15 (246 rays) …
  -> Building H Matrix (246 rays, parallel)...
  [16/16] Building H for GN05 12:16 (661 rays) …
  -> Building H Matrix (661 rays, parallel)...
  Combined H shape : (9014, 13566)  (total rays = 9014)
  Running sequential KF assimilation …
  [step 1/16] Assimilating GN05 12:03 (693 rays) …
  [!] Error in group 2024-10-10_1200__LAT-060_LON-060: podTc2_data must be provided when distance_localization=True (needed to compute ray midpoints for the localization matrix).

[242/494]
────────────────────────────────────────────────────────────
  Group : 2024-10-10_1200__LAT-060_LON+120
  Window: 2024-10-10_1200  |  Region: LAT-060_LON+120  |  4 occultation(s)
────────────────────────────────────────────────────────────
C29 is rising
E2 is rising
C26 is rising
G12 is rising
  Parsed 4/4 files successfully.
  Bounding box: lat [-79.9, -13.6]  lon [113.0, -159.6]  |  vertices: 150
  Final group: 4 occultation(s), 150 mesh vertices
  Saved trim diagnostic → ./Figures/GroupKF/group_2024-10-10_1200__LAT-060_LON+120_trim.png
  [1/4] Building H for GN05 12:18 (512 rays) …
  -> Building H Matrix (512 rays, parallel)...
  [2/4] Building H for GN05 12:19 (388 rays) …
  -> Building H Matrix (388 rays, parallel)...
  [3/4] Building H for GN05 12:21 (377 rays) …
  -> Building H Matrix (377 rays, parallel)...
  [4/4] Building H for GN05 12:23 (395 rays) …
  -> Building H Matrix (395 rays, parallel)...
  Combined H shape : (1672, 7650)  (total rays = 1672)
  Running sequential KF assimilation …
  [step 1/4] Assimilating GN05 12:18 (512 rays) …
  [!] Error in group 2024-10-10_1200__LAT-060_LON+120: podTc2_data must be provided when distance_localization=True (needed to compute ray midpoints for the localization matrix).

[243/494]
────────────────────────────────────────────────────────────
  Group : 2024-10-10_1200__LAT-030_LON+120
  Window: 2024-10-10_1200  |  Region: LAT-030_LON+120  |  4 occultation(s)
────────────────────────────────────────────────────────────
R19 is rising
E11 is rising
G17 is rising
E30 is rising
  Parsed 4/4 files successfully.
  Bounding box: lat [-47.1, 11.5]  lon [104.3, -174.5]  |  vertices: 174
  Final group: 4 occultation(s), 174 mesh vertices
  Saved trim diagnostic → ./Figures/GroupKF/group_2024-10-10_1200__LAT-030_LON+120_trim.png
  [1/4] Building H for GN05 12:21 (535 rays) …
  -> Building H Matrix (535 rays, parallel)...
  [2/4] Building H for GN05 12:23 (612 rays) …
  -> Building H Matrix (612 rays, parallel)...
  [3/4] Building H for GN05 12:24 (805 rays) …
  -> Building H Matrix (805 rays, parallel)...
  [4/4] Building H for GN05 12:26 (429 rays) …
  -> Building H Matrix (429 rays, parallel)...
  Combined H shape : (2381, 8874)  (total rays = 2381)
  Running sequential KF assimilation …
  [step 1/4] Assimilating GN05 12:21 (535 rays) …
  [!] Error in group 2024-10-10_1200__LAT-030_LON+120: podTc2_data must be provided when distance_localization=True (needed to compute ray midpoints for the localization matrix).

[244/494]
────────────────────────────────────────────────────────────
  Group : 2024-10-10_1230__LAT-030_LON+120
  Window: 2024-10-10_1230  |  Region: LAT-030_LON+120  |  10 occultation(s)
────────────────────────────────────────────────────────────
E7 is rising
C24 is rising
R11 is rising
Data Flipped: R4 is setting
Data Flipped: G27 is setting
Data Flipped: C37 is setting
Data Flipped: C43 is setting
Data Flipped: R14 is setting
Data Flipped: E31 is setting
Data Flipped: E9 is setting
  Parsed 10/10 files successfully.
  Bounding box: lat [-57.8, 17.6]  lon [94.7, -169.8]  |  vertices: 252
  Final group: 10 occultation(s), 252 mesh vertices
  Saved trim diagnostic → ./Figures/GroupKF/group_2024-10-10_1230__LAT-030_LON+120_trim.png
  [1/10] Building H for GN05 12:30 (585 rays) …
  -> Building H Matrix (585 rays, parallel)...
  [2/10] Building H for GN05 12:32 (412 rays) …
  -> Building H Matrix (412 rays, parallel)...
  [3/10] Building H for GN05 12:33 (389 rays) …
  -> Building H Matrix (389 rays, parallel)...
  [4/10] Building H for GN05 12:38 (1248 rays) …
  -> Building H Matrix (1248 rays, parallel)...
  [5/10] Building H for GN05 12:41 (417 rays) …
  -> Building H Matrix (417 rays, parallel)...
  [6/10] Building H for GN05 12:42 (329 rays) …
  -> Building H Matrix (329 rays, parallel)...
  [7/10] Building H for GN05 12:43 (511 rays) …
  -> Building H Matrix (511 rays, parallel)...
  [8/10] Building H for GN05 12:44 (363 rays) …
  -> Building H Matrix (363 rays, parallel)...
  [9/10] Building H for GN05 12:46 (426 rays) …
  -> Building H Matrix (426 rays, parallel)...
  [10/10] Building H for GN05 12:50 (419 rays) …
  -> Building H Matrix (419 rays, parallel)...
  Combined H shape : (5099, 12852)  (total rays = 5099)
  Running sequential KF assimilation …
  [step 1/10] Assimilating GN05 12:30 (585 rays) …
  [!] Error in group 2024-10-10_1230__LAT-030_LON+120: podTc2_data must be provided when distance_localization=True (needed to compute ray midpoints for the localization matrix).

[245/494]
────────────────────────────────────────────────────────────
  Group : 2024-10-10_1230__LAT-060_LON-180
  Window: 2024-10-10_1230  |  Region: LAT-060_LON-180  |  2 occultation(s)
────────────────────────────────────────────────────────────
Data Flipped: G26 is setting
Data Flipped: E21 is setting
  Parsed 2/2 files successfully.
  Bounding box: lat [-82.5, -27.6]  lon [157.4, -155.3]  |  vertices: 58
  Final group: 2 occultation(s), 58 mesh vertices
  Saved trim diagnostic → ./Figures/GroupKF/group_2024-10-10_1230__LAT-060_LON-180_trim.png
  [1/2] Building H for GN05 12:32 (458 rays) …
  -> Building H Matrix (458 rays, parallel)...
  [2/2] Building H for GN05 12:32 (495 rays) …
  -> Building H Matrix (495 rays, parallel)...
  Combined H shape : (953, 2958)  (total rays = 953)
  Running sequential KF assimilation …
  [step 1/2] Assimilating GN05 12:32 (458 rays) …
  [!] Error in group 2024-10-10_1230__LAT-060_LON-180: podTc2_data must be provided when distance_localization=True (needed to compute ray midpoints for the localization matrix).

[246/494]
────────────────────────────────────────────────────────────
  Group : 2024-10-10_1230__POLAR_S
  Window: 2024-10-10_1230  |  Region: POLAR_S  |  2 occultation(s)
────────────────────────────────────────────────────────────
Data Flipped: G4 is setting
Data Flipped: E4 is setting
  Parsed 2/2 files successfully.
  [polar] Bounding box: lat [-90.0, -53.8]  lon [-180.0, 180.0]  |  vertices: 159
  Final group: 2 occultation(s), 159 mesh vertices
  Saved trim diagnostic → ./Figures/GroupKF/group_2024-10-10_1230__POLAR_S_trim.png
  [1/2] Building H for GN05 12:32 (371 rays) …
  -> Building H Matrix (371 rays, parallel)...
  [2/2] Building H for GN05 12:33 (365 rays) …
  -> Building H Matrix (365 rays, parallel)...
  Combined H shape : (736, 8109)  (total rays = 736)
  Running sequential KF assimilation …
  [step 1/2] Assimilating GN05 12:32 (371 rays) …
  [!] Error in group 2024-10-10_1230__POLAR_S: podTc2_data must be provided when distance_localization=True (needed to compute ray midpoints for the localization matrix).

[247/494]
────────────────────────────────────────────────────────────
  Group : 2024-10-10_1230__LAT+000_LON+120
  Window: 2024-10-10_1230  |  Region: LAT+000_LON+120  |  23 occultation(s)
────────────────────────────────────────────────────────────
E10 is rising
G32 is rising
R18 is rising
R1 is rising
G3 is rising
R2 is rising
C30 is rising
E29 is rising
C41 is rising
C38 is rising
C33 is rising
C32 is rising
G28 is rising
R3 is rising
E19 is rising
E27 is rising
C42 is rising
Data Flipped: E13 is setting
Data Flipped: G7 is setting
Data Flipped: G30 is setting
Data Flipped: G18 is setting
Data Flipped: R5 is setting
Data Flipped: E24 is setting
  Parsed 23/23 files successfully.
  Bounding box: lat [-33.4, 55.6]  lon [105.4, -176.7]  |  vertices: 246
  Final group: 23 occultation(s), 246 mesh vertices
  Saved trim diagnostic → ./Figures/GroupKF/group_2024-10-10_1230__LAT+000_LON+120_trim.png
  [1/23] Building H for GN05 12:33 (345 rays) …
  -> Building H Matrix (345 rays, parallel)...
  [2/23] Building H for GN05 12:34 (473 rays) …
  -> Building H Matrix (473 rays, parallel)...
  [3/23] Building H for GN05 12:34 (329 rays) …
  -> Building H Matrix (329 rays, parallel)...
  [4/23] Building H for GN05 12:35 (473 rays) …
  -> Building H Matrix (473 rays, parallel)...
  [5/23] Building H for GN05 12:35 (314 rays) …
  -> Building H Matrix (314 rays, parallel)...
  [6/23] Building H for GN05 12:35 (394 rays) …
  -> Building H Matrix (394 rays, parallel)...
  [7/23] Building H for GN05 12:36 (356 rays) …
  -> Building H Matrix (356 rays, parallel)...
  [8/23] Building H for GN05 12:36 (400 rays) …
  -> Building H Matrix (400 rays, parallel)...
  [9/23] Building H for GN05 12:37 (403 rays) …
  -> Building H Matrix (403 rays, parallel)...
  [10/23] Building H for GN05 12:38 (399 rays) …
  -> Building H Matrix (399 rays, parallel)...
  [11/23] Building H for GN05 12:39 (634 rays) …
  -> Building H Matrix (634 rays, parallel)...
  [12/23] Building H for GN05 12:40 (302 rays) …
  -> Building H Matrix (302 rays, parallel)...
  [13/23] Building H for GN05 12:40 (378 rays) …
  -> Building H Matrix (378 rays, parallel)...
  [14/23] Building H for GN05 12:41 (306 rays) …
  -> Building H Matrix (306 rays, parallel)...
  [15/23] Building H for GN05 12:41 (356 rays) …
  -> Building H Matrix (356 rays, parallel)...
  [16/23] Building H for GN05 12:42 (627 rays) …
  -> Building H Matrix (627 rays, parallel)...
  [17/23] Building H for GN05 12:44 (955 rays) …
  -> Building H Matrix (955 rays, parallel)...
  [18/23] Building H for GN05 12:47 (619 rays) …
  -> Building H Matrix (619 rays, parallel)...
  [19/23] Building H for GN05 12:51 (246 rays) …
  -> Building H Matrix (246 rays, parallel)...
  [20/23] Building H for GN05 12:56 (389 rays) …
  -> Building H Matrix (389 rays, parallel)...
  [21/23] Building H for GN05 12:57 (476 rays) …
  -> Building H Matrix (476 rays, parallel)...
  [22/23] Building H for GN05 12:57 (437 rays) …
  -> Building H Matrix (437 rays, parallel)...
  [23/23] Building H for GN05 12:59 (397 rays) …
  -> Building H Matrix (397 rays, parallel)...
  Combined H shape : (10008, 12546)  (total rays = 10008)
  Running sequential KF assimilation …
  [step 1/23] Assimilating GN05 12:33 (345 rays) …
  [!] Error in group 2024-10-10_1230__LAT+000_LON+120: podTc2_data must be provided when distance_localization=True (needed to compute ray midpoints for the localization matrix).

[248/494]
────────────────────────────────────────────────────────────
  Group : 2024-10-10_1230__LAT-060_LON+120
  Window: 2024-10-10_1230  |  Region: LAT-060_LON+120  |  10 occultation(s)
────────────────────────────────────────────────────────────
Data Flipped: E26 is setting
Data Flipped: R24 is setting
Data Flipped: G23 is setting
Data Flipped: C23 is setting
Data Flipped: C28 is setting
No valid descending tangent points found. Skipping.
    [skip] podTc2_GN05.2024.284.12.38.0023.C39.00_0000.0001_nc — parse returned None
Data Flipped: E6 is setting
Data Flipped: G8 is setting
Data Flipped: G9 is setting
Data Flipped: C40 is setting
  Parsed 9/10 files successfully.
  Bounding box: lat [-78.5, 13.9]  lon [103.8, -150.6]  |  vertices: 295
  Final group: 9 occultation(s), 295 mesh vertices
  Saved trim diagnostic → ./Figures/GroupKF/group_2024-10-10_1230__LAT-060_LON+120_trim.png
  [1/9] Building H for GN05 12:33 (479 rays) …
  -> Building H Matrix (479 rays, parallel)...
  [2/9] Building H for GN05 12:33 (469 rays) …
  -> Building H Matrix (469 rays, parallel)...
  [3/9] Building H for GN05 12:35 (1367 rays) …
  -> Building H Matrix (1367 rays, parallel)...
  [4/9] Building H for GN05 12:35 (213 rays) …
  -> Building H Matrix (213 rays, parallel)...
  [5/9] Building H for GN05 12:36 (288 rays) …
  -> Building H Matrix (288 rays, parallel)...
  [6/9] Building H for GN05 12:38 (684 rays) …
  -> Building H Matrix (684 rays, parallel)...
  [7/9] Building H for GN05 12:38 (471 rays) …
  -> Building H Matrix (471 rays, parallel)...
  [8/9] Building H for GN05 12:39 (761 rays) …
  -> Building H Matrix (761 rays, parallel)...
  [9/9] Building H for GN05 12:43 (168 rays) …
  -> Building H Matrix (168 rays, parallel)...
  Combined H shape : (4900, 15045)  (total rays = 4900)
  Running sequential KF assimilation …
  [step 1/9] Assimilating GN05 12:33 (479 rays) …
  [!] Error in group 2024-10-10_1230__LAT-060_LON+120: podTc2_data must be provided when distance_localization=True (needed to compute ray midpoints for the localization matrix).

[249/494]
────────────────────────────────────────────────────────────
  Group : 2024-10-10_1230__LAT+030_LON+060
  Window: 2024-10-10_1230  |  Region: LAT+030_LON+060  |  2 occultation(s)
────────────────────────────────────────────────────────────
E12 is rising
G4 is rising
  Parsed 2/2 files successfully.
  Bounding box: lat [16.1, 80.8]  lon [94.5, 139.0]  |  vertices: 73
  Final group: 2 occultation(s), 73 mesh vertices
  Saved trim diagnostic → ./Figures/GroupKF/group_2024-10-10_1230__LAT+030_LON+060_trim.png
  [1/2] Building H for GN05 12:40 (510 rays) …
  -> Building H Matrix (510 rays, parallel)...
  [2/2] Building H for GN05 12:53 (538 rays) …
  -> Building H Matrix (538 rays, parallel)...
  Combined H shape : (1048, 3723)  (total rays = 1048)
  Running sequential KF assimilation …
  [step 1/2] Assimilating GN05 12:40 (510 rays) …
  [!] Error in group 2024-10-10_1230__LAT+030_LON+060: podTc2_data must be provided when distance_localization=True (needed to compute ray midpoints for the localization matrix).

[250/494]
────────────────────────────────────────────────────────────
  Group : 2024-10-10_1230__LAT+030_LON+120
  Window: 2024-10-10_1230  |  Region: LAT+030_LON+120  |  6 occultation(s)
────────────────────────────────────────────────────────────
C25 is rising
G31 is rising
R12 is rising
Data Flipped: E5 is setting
Data Flipped: R7 is setting
Data Flipped: R22 is setting
  Parsed 6/6 files successfully.
  Bounding box: lat [10.0, 68.8]  lon [106.6, -168.8]  |  vertices: 147
  Final group: 6 occultation(s), 147 mesh vertices
  Saved trim diagnostic → ./Figures/GroupKF/group_2024-10-10_1230__LAT+030_LON+120_trim.png
  [1/6] Building H for GN05 12:45 (422 rays) …
  -> Building H Matrix (422 rays, parallel)...
  [2/6] Building H for GN05 12:47 (367 rays) …
  -> Building H Matrix (367 rays, parallel)...
  [3/6] Building H for GN05 12:47 (392 rays) …
  -> Building H Matrix (392 rays, parallel)...
  [4/6] Building H for GN05 12:57 (402 rays) …
  -> Building H Matrix (402 rays, parallel)...
  [5/6] Building H for GN05 12:59 (542 rays) …
  -> Building H Matrix (542 rays, parallel)...
  [6/6] Building H for GN05 12:59 (652 rays) …
  -> Building H Matrix (652 rays, parallel)...
  Combined H shape : (2777, 7497)  (total rays = 2777)
  Running sequential KF assimilation …
  [step 1/6] Assimilating GN05 12:45 (422 rays) …
  [!] Error in group 2024-10-10_1230__LAT+030_LON+120: podTc2_data must be provided when distance_localization=True (needed to compute ray midpoints for the localization matrix).

[251/494]
────────────────────────────────────────────────────────────
  Group : 2024-10-10_1230__POLAR_N
  Window: 2024-10-10_1230  |  Region: POLAR_N  |  9 occultation(s)
────────────────────────────────────────────────────────────
R17 is rising
E33 is rising
C27 is rising
G10 is rising
E4 is rising
C23 is rising
G26 is rising
C39 is rising
E21 is rising
  Parsed 9/9 files successfully.
  [polar] Bounding box: lat [40.3, 90.0]  lon [-180.0, 180.0]  |  vertices: 291
  Final group: 9 occultation(s), 291 mesh vertices
  Saved trim diagnostic → ./Figures/GroupKF/group_2024-10-10_1230__POLAR_N_trim.png
  [1/9] Building H for GN05 12:50 (517 rays) …
  -> Building H Matrix (517 rays, parallel)...
  [2/9] Building H for GN05 12:52 (444 rays) …
  -> Building H Matrix (444 rays, parallel)...
  [3/9] Building H for GN05 12:54 (458 rays) …
  -> Building H Matrix (458 rays, parallel)...
  [4/9] Building H for GN05 12:55 (532 rays) …
  -> Building H Matrix (532 rays, parallel)...
  [5/9] Building H for GN05 12:55 (570 rays) …
  -> Building H Matrix (570 rays, parallel)...
  [6/9] Building H for GN05 12:55 (357 rays) …
  -> Building H Matrix (357 rays, parallel)...
  [7/9] Building H for GN05 12:56 (477 rays) …
  -> Building H Matrix (477 rays, parallel)...
  [8/9] Building H for GN05 12:56 (392 rays) …
  -> Building H Matrix (392 rays, parallel)...
  [9/9] Building H for GN05 12:58 (600 rays) …
  -> Building H Matrix (600 rays, parallel)...
  Combined H shape : (4347, 14841)  (total rays = 4347)
  Running sequential KF assimilation …
  [step 1/9] Assimilating GN05 12:50 (517 rays) …
  [!] Error in group 2024-10-10_1230__POLAR_N: podTc2_data must be provided when distance_localization=True (needed to compute ray midpoints for the localization matrix).

[252/494]
────────────────────────────────────────────────────────────
  Group : 2024-10-10_1300__LAT+030_LON+120
  Window: 2024-10-10_1300  |  Region: LAT+030_LON+120  |  7 occultation(s)
────────────────────────────────────────────────────────────
Data Flipped: C19 is setting
Data Flipped: C22 is setting
Data Flipped: C21 is setting
Data Flipped: C34 is setting
Data Flipped: E3 is setting
Data Flipped: G5 is setting
Data Flipped: G15 is setting
  Parsed 7/7 files successfully.
  Bounding box: lat [20.7, 80.9]  lon [71.8, -152.5]  |  vertices: 198
  Final group: 7 occultation(s), 198 mesh vertices
  Saved trim diagnostic → ./Figures/GroupKF/group_2024-10-10_1300__LAT+030_LON+120_trim.png
  [1/7] Building H for GN05 13:00 (579 rays) …
  -> Building H Matrix (579 rays, parallel)...
  [2/7] Building H for GN05 13:00 (404 rays) …
  -> Building H Matrix (404 rays, parallel)...
  [3/7] Building H for GN05 13:00 (454 rays) …
  -> Building H Matrix (454 rays, parallel)...
  [4/7] Building H for GN05 13:00 (685 rays) …
  -> Building H Matrix (685 rays, parallel)...
  [5/7] Building H for GN05 13:03 (395 rays) …
  -> Building H Matrix (395 rays, parallel)...
  [6/7] Building H for GN05 13:04 (432 rays) …
  -> Building H Matrix (432 rays, parallel)...
  [7/7] Building H for GN05 13:04 (444 rays) …
  -> Building H Matrix (444 rays, parallel)...
  Combined H shape : (3393, 10098)  (total rays = 3393)
  Running sequential KF assimilation …
  [step 1/7] Assimilating GN05 13:00 (579 rays) …
  [!] Error in group 2024-10-10_1300__LAT+030_LON+120: podTc2_data must be provided when distance_localization=True (needed to compute ray midpoints for the localization matrix).

[253/494]
────────────────────────────────────────────────────────────
  Group : 2024-10-10_1300__LAT+000_LON+120
  Window: 2024-10-10_1300  |  Region: LAT+000_LON+120  |  2 occultation(s)
────────────────────────────────────────────────────────────
Data Flipped: C42 is setting
No valid descending tangent points found. Skipping.
    [skip] podTc2_GN05.2024.284.13.01.0016.C43.00_0000.0001_nc — parse returned None
  Parsed 1/2 files successfully.
  Bounding box: lat [23.0, 85.5]  lon [94.2, 177.2]  |  vertices: 116
  Final group: 1 occultation(s), 116 mesh vertices
  Saved trim diagnostic → ./Figures/GroupKF/group_2024-10-10_1300__LAT+000_LON+120_trim.png
  [1/1] Building H for GN05 13:01 (975 rays) …
  -> Building H Matrix (975 rays, parallel)...
  Combined H shape : (975, 5916)  (total rays = 975)
  Running sequential KF assimilation …
  [step 1/1] Assimilating GN05 13:01 (975 rays) …
  [!] Error in group 2024-10-10_1300__LAT+000_LON+120: podTc2_data must be provided when distance_localization=True (needed to compute ray midpoints for the localization matrix).

[254/494]
────────────────────────────────────────────────────────────
  Group : 2024-10-10_1300__POLAR_N
  Window: 2024-10-10_1300  |  Region: POLAR_N  |  17 occultation(s)
────────────────────────────────────────────────────────────
C28 is rising
Data Flipped: E15 is setting
E6 is rising
G9 is rising
C37 is rising
R14 is rising
Data Flipped: E8 is setting
Data Flipped: R8 is setting
Data Flipped: E25 is setting
Data Flipped: C45 is setting
Data Flipped: E34 is setting
Data Flipped: R21 is setting
Data Flipped: C42 is setting
Data Flipped: R9 is setting
Data Flipped: C44 is setting
Data Flipped: G24 is setting
Data Flipped: G29 is setting
  Parsed 17/17 files successfully.
  [polar] Bounding box: lat [39.7, 90.0]  lon [-180.0, 180.0]  |  vertices: 298
  Final group: 17 occultation(s), 298 mesh vertices
  Saved trim diagnostic → ./Figures/GroupKF/group_2024-10-10_1300__POLAR_N_trim.png
  [1/17] Building H for GN05 13:01 (440 rays) …
  -> Building H Matrix (440 rays, parallel)...
  [2/17] Building H for GN05 13:05 (505 rays) …
  -> Building H Matrix (505 rays, parallel)...
  [3/17] Building H for GN05 13:05 (686 rays) …
  -> Building H Matrix (686 rays, parallel)...
  [4/17] Building H for GN05 13:06 (440 rays) …
  -> Building H Matrix (440 rays, parallel)...
  [5/17] Building H for GN05 13:06 (368 rays) …
  -> Building H Matrix (368 rays, parallel)...
  [6/17] Building H for GN05 13:08 (369 rays) …
  -> Building H Matrix (369 rays, parallel)...
  [7/17] Building H for GN05 13:10 (515 rays) …
  -> Building H Matrix (515 rays, parallel)...
  [8/17] Building H for GN05 13:11 (870 rays) …
  -> Building H Matrix (870 rays, parallel)...
  [9/17] Building H for GN05 13:14 (599 rays) …
  -> Building H Matrix (599 rays, parallel)...
  [10/17] Building H for GN05 13:15 (380 rays) …
  -> Building H Matrix (380 rays, parallel)...
  [11/17] Building H for GN05 13:16 (431 rays) …
  -> Building H Matrix (431 rays, parallel)...
  [12/17] Building H for GN05 13:17 (501 rays) …
  -> Building H Matrix (501 rays, parallel)...
  [13/17] Building H for GN05 13:17 (242 rays) …
  -> Building H Matrix (242 rays, parallel)...
  [14/17] Building H for GN05 13:18 (403 rays) …
  -> Building H Matrix (403 rays, parallel)...
  [15/17] Building H for GN05 13:18 (503 rays) …
  -> Building H Matrix (503 rays, parallel)...
  [16/17] Building H for GN05 13:19 (359 rays) …
  -> Building H Matrix (359 rays, parallel)...
  [17/17] Building H for GN05 13:23 (495 rays) …
  -> Building H Matrix (495 rays, parallel)...
  Combined H shape : (8106, 15198)  (total rays = 8106)
  Running sequential KF assimilation …
  [step 1/17] Assimilating GN05 13:01 (440 rays) …
  [!] Error in group 2024-10-10_1300__POLAR_N: podTc2_data must be provided when distance_localization=True (needed to compute ray midpoints for the localization matrix).

[255/494]
────────────────────────────────────────────────────────────
  Group : 2024-10-10_1300__LAT+030_LON-060
  Window: 2024-10-10_1300  |  Region: LAT+030_LON-060  |  12 occultation(s)
────────────────────────────────────────────────────────────
R24 is rising
E26 is rising
G8 is rising
C40 is rising
G27 is rising
E31 is rising
G7 is rising
E9 is rising
Data Flipped: G11 is setting
Data Flipped: C26 is setting
Data Flipped: E2 is setting
Data Flipped: E7 is setting
  Parsed 12/12 files successfully.
  Bounding box: lat [11.4, 84.2]  lon [-91.7, 12.6]  |  vertices: 192
  Final group: 12 occultation(s), 192 mesh vertices
  Saved trim diagnostic → ./Figures/GroupKF/group_2024-10-10_1300__LAT+030_LON-060_trim.png
  [1/12] Building H for GN05 13:02 (462 rays) …
  -> Building H Matrix (462 rays, parallel)...
  [2/12] Building H for GN05 13:02 (541 rays) …
  -> Building H Matrix (541 rays, parallel)...
  [3/12] Building H for GN05 13:05 (421 rays) …
  -> Building H Matrix (421 rays, parallel)...
  [4/12] Building H for GN05 13:07 (424 rays) …
  -> Building H Matrix (424 rays, parallel)...
  [5/12] Building H for GN05 13:07 (432 rays) …
  -> Building H Matrix (432 rays, parallel)...
  [6/12] Building H for GN05 13:11 (389 rays) …
  -> Building H Matrix (389 rays, parallel)...
  [7/12] Building H for GN05 13:11 (363 rays) …
  -> Building H Matrix (363 rays, parallel)...
  [8/12] Building H for GN05 13:13 (684 rays) …
  -> Building H Matrix (684 rays, parallel)...
  [9/12] Building H for GN05 13:21 (471 rays) …
  -> Building H Matrix (471 rays, parallel)...
  [10/12] Building H for GN05 13:25 (364 rays) …
  -> Building H Matrix (364 rays, parallel)...
  [11/12] Building H for GN05 13:25 (414 rays) …
  -> Building H Matrix (414 rays, parallel)...
  [12/12] Building H for GN05 13:27 (689 rays) …
  -> Building H Matrix (689 rays, parallel)...
  Combined H shape : (5654, 9792)  (total rays = 5654)
  Running sequential KF assimilation …
  [step 1/12] Assimilating GN05 13:02 (462 rays) …
  [!] Error in group 2024-10-10_1300__LAT+030_LON-060: podTc2_data must be provided when distance_localization=True (needed to compute ray midpoints for the localization matrix).

[256/494]
────────────────────────────────────────────────────────────
  Group : 2024-10-10_1300__LAT+030_LON+060
  Window: 2024-10-10_1300  |  Region: LAT+030_LON+060  |  5 occultation(s)
────────────────────────────────────────────────────────────
Data Flipped: G14 is setting
R4 is rising
C30 is rising
Data Flipped: R16 is setting
Data Flipped: C36 is setting
  Parsed 5/5 files successfully.
  Bounding box: lat [19.1, 71.5]  lon [61.3, 142.8]  |  vertices: 116
  Final group: 5 occultation(s), 116 mesh vertices
  Saved trim diagnostic → ./Figures/GroupKF/group_2024-10-10_1300__LAT+030_LON+060_trim.png
  [1/5] Building H for GN05 13:02 (615 rays) …
  -> Building H Matrix (615 rays, parallel)...
  [2/5] Building H for GN05 13:02 (619 rays) …
  -> Building H Matrix (619 rays, parallel)...
  [3/5] Building H for GN05 13:04 (489 rays) …
  -> Building H Matrix (489 rays, parallel)...
  [4/5] Building H for GN05 13:05 (431 rays) …
  -> Building H Matrix (431 rays, parallel)...
  [5/5] Building H for GN05 13:06 (287 rays) …
  -> Building H Matrix (287 rays, parallel)...
  Combined H shape : (2441, 5916)  (total rays = 2441)
  Running sequential KF assimilation …
  [step 1/5] Assimilating GN05 13:02 (615 rays) …
  [!] Error in group 2024-10-10_1300__LAT+030_LON+060: podTc2_data must be provided when distance_localization=True (needed to compute ray midpoints for the localization matrix).

[257/494]
────────────────────────────────────────────────────────────
  Group : 2024-10-10_1300__LAT+000_LON-060
  Window: 2024-10-10_1300  |  Region: LAT+000_LON-060  |  6 occultation(s)
────────────────────────────────────────────────────────────
C43 is rising
G30 is rising
E24 is rising
Data Flipped: E36 is setting
Data Flipped: R20 is setting
Data Flipped: G12 is setting
  Parsed 6/6 files successfully.
  Bounding box: lat [-18.9, 58.3]  lon [-83.7, -8.4]  |  vertices: 204
  Final group: 6 occultation(s), 204 mesh vertices
  Saved trim diagnostic → ./Figures/GroupKF/group_2024-10-10_1300__LAT+000_LON-060_trim.png
  [1/6] Building H for GN05 13:13 (721 rays) …
  -> Building H Matrix (721 rays, parallel)...
  [2/6] Building H for GN05 13:18 (401 rays) …
  -> Building H Matrix (401 rays, parallel)...
  [3/6] Building H for GN05 13:25 (523 rays) …
  -> Building H Matrix (523 rays, parallel)...
  [4/6] Building H for GN05 13:27 (542 rays) …
  -> Building H Matrix (542 rays, parallel)...
  [5/6] Building H for GN05 13:28 (465 rays) …
  -> Building H Matrix (465 rays, parallel)...
  [6/6] Building H for GN05 13:29 (376 rays) …
  -> Building H Matrix (376 rays, parallel)...
  Combined H shape : (3028, 10404)  (total rays = 3028)
  Running sequential KF assimilation …
  [step 1/6] Assimilating GN05 13:13 (721 rays) …
  [!] Error in group 2024-10-10_1300__LAT+000_LON-060: podTc2_data must be provided when distance_localization=True (needed to compute ray midpoints for the localization matrix).

[258/494]
────────────────────────────────────────────────────────────
  Group : 2024-10-10_1300__LAT-030_LON-120
  Window: 2024-10-10_1300  |  Region: LAT-030_LON-120  |  1 occultation(s)
────────────────────────────────────────────────────────────
E13 is rising
  Parsed 1/1 files successfully.
  Bounding box: lat [-42.6, 6.5]  lon [-77.7, -45.7]  |  vertices: 57
  Final group: 1 occultation(s), 57 mesh vertices
  Saved trim diagnostic → ./Figures/GroupKF/group_2024-10-10_1300__LAT-030_LON-120_trim.png
  [1/1] Building H for GN05 13:20 (602 rays) …
  -> Building H Matrix (602 rays, parallel)...
  Combined H shape : (602, 2907)  (total rays = 602)
  Running sequential KF assimilation …
  [step 1/1] Assimilating GN05 13:20 (602 rays) …
  [!] Error in group 2024-10-10_1300__LAT-030_LON-120: podTc2_data must be provided when distance_localization=True (needed to compute ray midpoints for the localization matrix).

[259/494]
────────────────────────────────────────────────────────────
  Group : 2024-10-10_1300__LAT-030_LON-060
  Window: 2024-10-10_1300  |  Region: LAT-030_LON-060  |  11 occultation(s)
────────────────────────────────────────────────────────────
E5 is rising
R5 is rising
G23 is rising
R7 is rising
C22 is rising
C21 is rising
G14 is rising
C36 is rising
E3 is rising
R16 is rising
G15 is rising
  Parsed 11/11 files successfully.
  Bounding box: lat [-50.6, 36.7]  lon [-82.2, 0.9]  |  vertices: 261
  Final group: 11 occultation(s), 261 mesh vertices
  Saved trim diagnostic → ./Figures/GroupKF/group_2024-10-10_1300__LAT-030_LON-060_trim.png
  [1/11] Building H for GN05 13:23 (465 rays) …
  -> Building H Matrix (465 rays, parallel)...
  [2/11] Building H for GN05 13:24 (1086 rays) …
  -> Building H Matrix (1086 rays, parallel)...
  [3/11] Building H for GN05 13:25 (725 rays) …
  -> Building H Matrix (725 rays, parallel)...
  [4/11] Building H for GN05 13:25 (426 rays) …
  -> Building H Matrix (426 rays, parallel)...
  [5/11] Building H for GN05 13:26 (456 rays) …
  -> Building H Matrix (456 rays, parallel)...
  [6/11] Building H for GN05 13:26 (427 rays) …
  -> Building H Matrix (427 rays, parallel)...
  [7/11] Building H for GN05 13:27 (563 rays) …
  -> Building H Matrix (563 rays, parallel)...
  [8/11] Building H for GN05 13:27 (431 rays) …
  -> Building H Matrix (431 rays, parallel)...
  [9/11] Building H for GN05 13:27 (383 rays) …
  -> Building H Matrix (383 rays, parallel)...
  [10/11] Building H for GN05 13:28 (416 rays) …
  -> Building H Matrix (416 rays, parallel)...
  [11/11] Building H for GN05 13:28 (396 rays) …
  -> Building H Matrix (396 rays, parallel)...
  Combined H shape : (5774, 13311)  (total rays = 5774)
  Running sequential KF assimilation …
  [step 1/11] Assimilating GN05 13:23 (465 rays) …
  [!] Error in group 2024-10-10_1300__LAT-030_LON-060: podTc2_data must be provided when distance_localization=True (needed to compute ray midpoints for the localization matrix).

[260/494]
────────────────────────────────────────────────────────────
  Group : 2024-10-10_1300__LAT+030_LON-120
  Window: 2024-10-10_1300  |  Region: LAT+030_LON-120  |  1 occultation(s)
────────────────────────────────────────────────────────────
Data not high enough. Skipping.
    [skip] podTc2_GN05.2024.284.13.25.0008.G10.01_0000.0001_nc — parse returned None

[261/494]
────────────────────────────────────────────────────────────
  Group : 2024-10-10_1300__LAT-060_LON-120
  Window: 2024-10-10_1300  |  Region: LAT-060_LON-120  |  1 occultation(s)
────────────────────────────────────────────────────────────
G18 is rising
  Parsed 1/1 files successfully.
  Bounding box: lat [-64.9, -12.2]  lon [-78.3, -51.0]  |  vertices: 43
  Final group: 1 occultation(s), 43 mesh vertices
  Saved trim diagnostic → ./Figures/GroupKF/group_2024-10-10_1300__LAT-060_LON-120_trim.png
  [1/1] Building H for GN05 13:27 (571 rays) …
  -> Building H Matrix (571 rays, parallel)...
  Combined H shape : (571, 2193)  (total rays = 571)
  Running sequential KF assimilation …
  [step 1/1] Assimilating GN05 13:27 (571 rays) …
  [!] Error in group 2024-10-10_1300__LAT-060_LON-120: podTc2_data must be provided when distance_localization=True (needed to compute ray midpoints for the localization matrix).

[262/494]
────────────────────────────────────────────────────────────
  Group : 2024-10-10_1330__LAT+030_LON-060
  Window: 2024-10-10_1330  |  Region: LAT+030_LON-060  |  1 occultation(s)
────────────────────────────────────────────────────────────
Data Flipped: C35 is setting
  Parsed 1/1 files successfully.
  Bounding box: lat [19.5, 49.4]  lon [-39.7, -34.0]  |  vertices: 5
  Final group: 1 occultation(s), 5 mesh vertices
  Saved trim diagnostic → ./Figures/GroupKF/group_2024-10-10_1330__LAT+030_LON-060_trim.png
  [1/1] Building H for GN05 13:30 (174 rays) …
  -> Building H Matrix (174 rays, parallel)...
  [!] Error in group 2024-10-10_1330__LAT+030_LON-060: zero-size array to reduction operation maximum which has no identity

[263/494]
────────────────────────────────────────────────────────────
  Group : 2024-10-10_1330__LAT-060_LON-060
  Window: 2024-10-10_1330  |  Region: LAT-060_LON-060  |  14 occultation(s)
────────────────────────────────────────────────────────────
G5 is rising
C19 is rising
C45 is rising
E25 is rising
Data Flipped: R19 is setting
Data Flipped: C20 is setting
Data Flipped: G17 is setting
Data Flipped: R3 is setting
Data Flipped: R4 is setting
Data Flipped: C32 is setting
Data Flipped: E19 is setting
Data Flipped: G3 is setting
Data Flipped: C38 is setting
Data Flipped: C25 is setting
  Parsed 14/14 files successfully.
    [skip] GN05 13:52 — only 39 valid rays
  Bounding box: lat [-88.3, 6.5]  lon [0.4, -1.2]  |  vertices: 914
  [trim] n_geo=914 > MAX_MESH_VERTICES=300 — dropping GN05 13:46 (48.3° from centroid)
  Bounding box: lat [-81.3, 6.5]  lon [0.5, -1.2]  |  vertices: 904
  [trim] n_geo=904 > MAX_MESH_VERTICES=300 — dropping GN05 13:44 (17.0° from centroid)
  Bounding box: lat [-81.3, 6.5]  lon [0.5, -12.8]  |  vertices: 874
  [trim] n_geo=874 > MAX_MESH_VERTICES=300 — dropping GN05 13:44 (17.7° from centroid)
  Bounding box: lat [-81.3, 6.5]  lon [0.5, -25.1]  |  vertices: 843
  [trim] n_geo=843 > MAX_MESH_VERTICES=300 — dropping GN05 13:47 (16.2° from centroid)
  Bounding box: lat [-81.3, 6.5]  lon [0.5, -25.1]  |  vertices: 843
  [trim] n_geo=843 > MAX_MESH_VERTICES=300 — dropping GN05 13:47 (12.0° from centroid)
  Bounding box: lat [-81.3, 6.5]  lon [0.5, -25.1]  |  vertices: 843
  [trim] n_geo=843 > MAX_MESH_VERTICES=300 — dropping GN05 13:48 (10.5° from centroid)
  Bounding box: lat [-81.3, 6.5]  lon [0.5, -26.6]  |  vertices: 840
  [trim] n_geo=840 > MAX_MESH_VERTICES=300 — dropping GN05 13:38 (8.4° from centroid)
  Bounding box: lat [-81.3, 6.5]  lon [0.5, -26.6]  |  vertices: 840
  [trim] n_geo=840 > MAX_MESH_VERTICES=300 — dropping GN05 13:50 (8.3° from centroid)
  Bounding box: lat [-81.3, 6.5]  lon [0.5, -26.6]  |  vertices: 840
  [trim] n_geo=840 > MAX_MESH_VERTICES=300 — dropping GN05 13:49 (6.2° from centroid)
  Bounding box: lat [-81.3, 6.5]  lon [0.5, -26.6]  |  vertices: 840
  [trim] n_geo=840 > MAX_MESH_VERTICES=300 — dropping GN05 13:31 (6.1° from centroid)
  Bounding box: lat [-78.6, -24.2]  lon [-100.0, 2.5]  |  vertices: 135
  Final group: 3 occultation(s), 135 mesh vertices
  Saved trim diagnostic → ./Figures/GroupKF/group_2024-10-10_1330__LAT-060_LON-060_trim.png
  [1/3] Building H for GN05 13:31 (512 rays) …
  -> Building H Matrix (512 rays, parallel)...
  [2/3] Building H for GN05 13:40 (687 rays) …
  -> Building H Matrix (687 rays, parallel)...
  [3/3] Building H for GN05 13:49 (434 rays) …
  -> Building H Matrix (434 rays, parallel)...
  Combined H shape : (1633, 6885)  (total rays = 1633)
  Running sequential KF assimilation …
  [step 1/3] Assimilating GN05 13:31 (512 rays) …
  [!] Error in group 2024-10-10_1330__LAT-060_LON-060: podTc2_data must be provided when distance_localization=True (needed to compute ray midpoints for the localization matrix).

[264/494]
────────────────────────────────────────────────────────────
  Group : 2024-10-10_1330__LAT+000_LON-060
  Window: 2024-10-10_1330  |  Region: LAT+000_LON-060  |  5 occultation(s)
────────────────────────────────────────────────────────────
Data Flipped: E30 is setting
Data Flipped: G6 is setting
Data Flipped: C24 is setting
Data Flipped: R11 is setting
Data Flipped: G32 is setting
  Parsed 5/5 files successfully.
  Bounding box: lat [-22.3, 42.1]  lon [-85.3, -15.5]  |  vertices: 168
  Final group: 5 occultation(s), 168 mesh vertices
  Saved trim diagnostic → ./Figures/GroupKF/group_2024-10-10_1330__LAT+000_LON-060_trim.png
  [1/5] Building H for GN05 13:32 (384 rays) …
  -> Building H Matrix (384 rays, parallel)...
  [2/5] Building H for GN05 13:32 (615 rays) …
  -> Building H Matrix (615 rays, parallel)...
  [3/5] Building H for GN05 13:34 (386 rays) …
  -> Building H Matrix (386 rays, parallel)...
  [4/5] Building H for GN05 13:35 (367 rays) …
  -> Building H Matrix (367 rays, parallel)...
  [5/5] Building H for GN05 13:36 (637 rays) …
  -> Building H Matrix (637 rays, parallel)...
  Combined H shape : (2389, 8568)  (total rays = 2389)
  Running sequential KF assimilation …
  [step 1/5] Assimilating GN05 13:32 (384 rays) …
  [!] Error in group 2024-10-10_1330__LAT+000_LON-060: podTc2_data must be provided when distance_localization=True (needed to compute ray midpoints for the localization matrix).

[265/494]
────────────────────────────────────────────────────────────
  Group : 2024-10-10_1330__LAT-060_LON-120
  Window: 2024-10-10_1330  |  Region: LAT-060_LON-120  |  8 occultation(s)
────────────────────────────────────────────────────────────
R22 is rising
E8 is rising
Data Flipped: R2 is setting
Data Flipped: R12 is setting
Data Flipped: C41 is setting
Data Flipped: G31 is setting
Data Flipped: G26 is setting
Data Flipped: E21 is setting
  Parsed 8/8 files successfully.
  Bounding box: lat [-83.7, -7.9]  lon [-123.7, -46.2]  |  vertices: 153
  Final group: 8 occultation(s), 153 mesh vertices
  Saved trim diagnostic → ./Figures/GroupKF/group_2024-10-10_1330__LAT-060_LON-120_trim.png
  [1/8] Building H for GN05 13:32 (590 rays) …
  -> Building H Matrix (590 rays, parallel)...
  [2/8] Building H for GN05 13:35 (465 rays) …
  -> Building H Matrix (465 rays, parallel)...
  [3/8] Building H for GN05 13:45 (445 rays) …
  -> Building H Matrix (445 rays, parallel)...
  [4/8] Building H for GN05 13:46 (417 rays) …
  -> Building H Matrix (417 rays, parallel)...
  [5/8] Building H for GN05 13:48 (469 rays) …
  -> Building H Matrix (469 rays, parallel)...
  [6/8] Building H for GN05 13:50 (383 rays) …
  -> Building H Matrix (383 rays, parallel)...
  [7/8] Building H for GN05 13:53 (566 rays) …
  -> Building H Matrix (566 rays, parallel)...
  [8/8] Building H for GN05 13:54 (667 rays) …
  -> Building H Matrix (667 rays, parallel)...
  Combined H shape : (4002, 7803)  (total rays = 4002)
  Running sequential KF assimilation …
  [step 1/8] Assimilating GN05 13:32 (590 rays) …
  [!] Error in group 2024-10-10_1330__LAT-060_LON-120: podTc2_data must be provided when distance_localization=True (needed to compute ray midpoints for the localization matrix).

[266/494]
────────────────────────────────────────────────────────────
  Group : 2024-10-10_1330__LAT-030_LON-120
  Window: 2024-10-10_1330  |  Region: LAT-030_LON-120  |  5 occultation(s)
────────────────────────────────────────────────────────────
C42 is rising
R8 is rising
Data Flipped: R1 is setting
Data Flipped: E29 is setting
Data Flipped: C33 is setting
  Parsed 5/5 files successfully.
  Bounding box: lat [-76.9, 8.5]  lon [-151.3, -41.9]  |  vertices: 282
  Final group: 5 occultation(s), 282 mesh vertices
  Saved trim diagnostic → ./Figures/GroupKF/group_2024-10-10_1330__LAT-030_LON-120_trim.png
  [1/5] Building H for GN05 13:34 (937 rays) …
  -> Building H Matrix (937 rays, parallel)...
  [2/5] Building H for GN05 13:36 (851 rays) …
  -> Building H Matrix (851 rays, parallel)...
  [3/5] Building H for GN05 13:40 (2104 rays) …
  -> Building H Matrix (2104 rays, parallel)...
  [4/5] Building H for GN05 13:42 (462 rays) …
  -> Building H Matrix (462 rays, parallel)...
  [5/5] Building H for GN05 13:44 (1819 rays) …
  -> Building H Matrix (1819 rays, parallel)...
  Combined H shape : (6173, 14382)  (total rays = 6173)
  Running sequential KF assimilation …
  [step 1/5] Assimilating GN05 13:34 (937 rays) …
  [!] Error in group 2024-10-10_1330__LAT-030_LON-120: podTc2_data must be provided when distance_localization=True (needed to compute ray midpoints for the localization matrix).

[267/494]
────────────────────────────────────────────────────────────
  Group : 2024-10-10_1330__POLAR_S
  Window: 2024-10-10_1330  |  Region: POLAR_S  |  17 occultation(s)
────────────────────────────────────────────────────────────
E15 is rising
C34 is rising
R9 is rising
G24 is rising
E34 is rising
R21 is rising
C44 is rising
C26 is rising
E2 is rising
G29 is rising
Data Flipped: E10 is setting
Data Flipped: G4 is setting
G12 is rising
Data Flipped: E4 is setting
Data Flipped: G9 is setting
Data Flipped: C23 is setting
Data Flipped: E12 is setting
  Parsed 17/17 files successfully.
  [polar] Bounding box: lat [-90.0, -39.6]  lon [-180.0, 180.0]  |  vertices: 299
  Final group: 17 occultation(s), 299 mesh vertices
  Saved trim diagnostic → ./Figures/GroupKF/group_2024-10-10_1330__POLAR_S_trim.png
  [1/17] Building H for GN05 13:34 (464 rays) …
  -> Building H Matrix (464 rays, parallel)...
  [2/17] Building H for GN05 13:35 (748 rays) …
  -> Building H Matrix (748 rays, parallel)...
  [3/17] Building H for GN05 13:40 (430 rays) …
  -> Building H Matrix (430 rays, parallel)...
  [4/17] Building H for GN05 13:41 (369 rays) …
  -> Building H Matrix (369 rays, parallel)...
  [5/17] Building H for GN05 13:44 (314 rays) …
  -> Building H Matrix (314 rays, parallel)...
  [6/17] Building H for GN05 13:46 (466 rays) …
  -> Building H Matrix (466 rays, parallel)...
  [7/17] Building H for GN05 13:47 (451 rays) …
  -> Building H Matrix (451 rays, parallel)...
  [8/17] Building H for GN05 13:48 (256 rays) …
  -> Building H Matrix (256 rays, parallel)...
  [9/17] Building H for GN05 13:50 (306 rays) …
  -> Building H Matrix (306 rays, parallel)...
  [10/17] Building H for GN05 13:51 (312 rays) …
  -> Building H Matrix (312 rays, parallel)...
  [11/17] Building H for GN05 13:52 (522 rays) …
  -> Building H Matrix (522 rays, parallel)...
  [12/17] Building H for GN05 13:53 (430 rays) …
  -> Building H Matrix (430 rays, parallel)...
  [13/17] Building H for GN05 13:53 (225 rays) …
  -> Building H Matrix (225 rays, parallel)...
  [14/17] Building H for GN05 13:54 (472 rays) …
  -> Building H Matrix (472 rays, parallel)...
  [15/17] Building H for GN05 13:57 (572 rays) …
  -> Building H Matrix (572 rays, parallel)...
  [16/17] Building H for GN05 13:58 (419 rays) …
  -> Building H Matrix (419 rays, parallel)...
  [17/17] Building H for GN05 13:58 (460 rays) …
  -> Building H Matrix (460 rays, parallel)...
  Combined H shape : (7216, 15249)  (total rays = 7216)
  Running sequential KF assimilation …
  [step 1/17] Assimilating GN05 13:34 (464 rays) …
  [!] Error in group 2024-10-10_1330__POLAR_S: podTc2_data must be provided when distance_localization=True (needed to compute ray midpoints for the localization matrix).

[268/494]
────────────────────────────────────────────────────────────
  Group : 2024-10-10_1330__LAT-030_LON-060
  Window: 2024-10-10_1330  |  Region: LAT-030_LON-060  |  4 occultation(s)
────────────────────────────────────────────────────────────
Data Flipped: C29 is setting
Data Flipped: E27 is setting
Data Flipped: G28 is setting
Data Flipped: E11 is setting
  Parsed 4/4 files successfully.
  Bounding box: lat [-44.8, 26.2]  lon [-83.6, -10.8]  |  vertices: 191
  Final group: 4 occultation(s), 191 mesh vertices
  Saved trim diagnostic → ./Figures/GroupKF/group_2024-10-10_1330__LAT-030_LON-060_trim.png
  [1/4] Building H for GN05 13:36 (709 rays) …
  -> Building H Matrix (709 rays, parallel)...
  [2/4] Building H for GN05 13:38 (500 rays) …
  -> Building H Matrix (500 rays, parallel)...
  [3/4] Building H for GN05 13:42 (392 rays) …
  -> Building H Matrix (392 rays, parallel)...
  [4/4] Building H for GN05 13:44 (591 rays) …
  -> Building H Matrix (591 rays, parallel)...
  Combined H shape : (2192, 9741)  (total rays = 2192)
  Running sequential KF assimilation …
  [step 1/4] Assimilating GN05 13:36 (709 rays) …
  [!] Error in group 2024-10-10_1330__LAT-030_LON-060: podTc2_data must be provided when distance_localization=True (needed to compute ray midpoints for the localization matrix).

[269/494]
────────────────────────────────────────────────────────────
  Group : 2024-10-10_1330__LAT-060_LON+120
  Window: 2024-10-10_1330  |  Region: LAT-060_LON+120  |  6 occultation(s)
────────────────────────────────────────────────────────────
G11 is rising
C35 is rising
E7 is rising
E30 is rising
C24 is rising
R11 is rising
  Parsed 6/6 files successfully.
  Bounding box: lat [-80.2, -19.1]  lon [79.2, -96.1]  |  vertices: 279
  Final group: 6 occultation(s), 279 mesh vertices
  Saved trim diagnostic → ./Figures/GroupKF/group_2024-10-10_1330__LAT-060_LON+120_trim.png
  [1/6] Building H for GN05 13:50 (524 rays) …
  -> Building H Matrix (524 rays, parallel)...
  [2/6] Building H for GN05 13:53 (480 rays) …
  -> Building H Matrix (480 rays, parallel)...
  [3/6] Building H for GN05 13:54 (697 rays) …
  -> Building H Matrix (697 rays, parallel)...
  [4/6] Building H for GN05 13:56 (241 rays) …
  -> Building H Matrix (241 rays, parallel)...
  [5/6] Building H for GN05 13:57 (346 rays) …
  -> Building H Matrix (346 rays, parallel)...
  [6/6] Building H for GN05 13:58 (258 rays) …
  -> Building H Matrix (258 rays, parallel)...
  Combined H shape : (2546, 14229)  (total rays = 2546)
  Running sequential KF assimilation …
  [step 1/6] Assimilating GN05 13:50 (524 rays) …
  [!] Error in group 2024-10-10_1330__LAT-060_LON+120: podTc2_data must be provided when distance_localization=True (needed to compute ray midpoints for the localization matrix).

[270/494]
────────────────────────────────────────────────────────────
  Group : 2024-10-10_1330__LAT-030_LON+060
  Window: 2024-10-10_1330  |  Region: LAT-030_LON+060  |  2 occultation(s)
────────────────────────────────────────────────────────────
R20 is rising
E36 is rising
  Parsed 2/2 files successfully.
  Bounding box: lat [-50.9, 0.1]  lon [95.6, 131.2]  |  vertices: 64
  Final group: 2 occultation(s), 64 mesh vertices
  Saved trim diagnostic → ./Figures/GroupKF/group_2024-10-10_1330__LAT-030_LON+060_trim.png
  [1/2] Building H for GN05 13:57 (526 rays) …
  -> Building H Matrix (526 rays, parallel)...
  [2/2] Building H for GN05 13:58 (494 rays) …
  -> Building H Matrix (494 rays, parallel)...
  Combined H shape : (1020, 3264)  (total rays = 1020)
  Running sequential KF assimilation …
  [step 1/2] Assimilating GN05 13:57 (526 rays) …
  [!] Error in group 2024-10-10_1330__LAT-030_LON+060: podTc2_data must be provided when distance_localization=True (needed to compute ray midpoints for the localization matrix).

[271/494]
────────────────────────────────────────────────────────────
  Group : 2024-10-10_1400__POLAR_S
  Window: 2024-10-10_1400  |  Region: POLAR_S  |  6 occultation(s)
────────────────────────────────────────────────────────────
Data Flipped: C39 is setting
Data Flipped: R18 is setting
Data Flipped: E6 is setting
Data Flipped: C30 is setting
Data Flipped: G17 is setting
Data Flipped: E9 is setting
  Parsed 6/6 files successfully.
  [polar] Bounding box: lat [-90.0, -49.8]  lon [-180.0, 180.0]  |  vertices: 194
  Final group: 6 occultation(s), 194 mesh vertices
  Saved trim diagnostic → ./Figures/GroupKF/group_2024-10-10_1400__POLAR_S_trim.png
  [1/6] Building H for GN05 14:02 (341 rays) …
  -> Building H Matrix (341 rays, parallel)...
  [2/6] Building H for GN05 14:03 (329 rays) …
  -> Building H Matrix (329 rays, parallel)...
  [3/6] Building H for GN05 14:04 (248 rays) …
  -> Building H Matrix (248 rays, parallel)...
  [4/6] Building H for GN05 14:06 (317 rays) …
  -> Building H Matrix (317 rays, parallel)...
  [5/6] Building H for GN05 14:06 (652 rays) …
  -> Building H Matrix (652 rays, parallel)...
  [6/6] Building H for GN05 14:07 (602 rays) …
  -> Building H Matrix (602 rays, parallel)...
  Combined H shape : (2489, 9894)  (total rays = 2489)
  Running sequential KF assimilation …
  [step 1/6] Assimilating GN05 14:02 (341 rays) …
  [!] Error in group 2024-10-10_1400__POLAR_S: podTc2_data must be provided when distance_localization=True (needed to compute ray midpoints for the localization matrix).

[272/494]
────────────────────────────────────────────────────────────
  Group : 2024-10-10_1400__LAT-060_LON+120
  Window: 2024-10-10_1400  |  Region: LAT-060_LON+120  |  7 occultation(s)
────────────────────────────────────────────────────────────
G32 is rising
Data Flipped: E33 is setting
Data Flipped: R14 is setting
Data Flipped: R17 is setting
Data Flipped: C27 is setting
Data Flipped: G7 is setting
Data Flipped: C37 is setting
  Parsed 7/7 files successfully.
  Bounding box: lat [-79.3, -18.0]  lon [111.4, -177.6]  |  vertices: 109
  Final group: 7 occultation(s), 109 mesh vertices
  Saved trim diagnostic → ./Figures/GroupKF/group_2024-10-10_1400__LAT-060_LON+120_trim.png
  [1/7] Building H for GN05 14:03 (685 rays) …
  -> Building H Matrix (685 rays, parallel)...
  [2/7] Building H for GN05 14:09 (471 rays) …
  -> Building H Matrix (471 rays, parallel)...
  [3/7] Building H for GN05 14:10 (392 rays) …
  -> Building H Matrix (392 rays, parallel)...
  [4/7] Building H for GN05 14:11 (463 rays) …
  -> Building H Matrix (463 rays, parallel)...
  [5/7] Building H for GN05 14:13 (333 rays) …
  -> Building H Matrix (333 rays, parallel)...
  [6/7] Building H for GN05 14:13 (379 rays) …
  -> Building H Matrix (379 rays, parallel)...
  [7/7] Building H for GN05 14:13 (94 rays) …
  -> Building H Matrix (94 rays, parallel)...
  Combined H shape : (2817, 5559)  (total rays = 2817)
  Running sequential KF assimilation …
  [step 1/7] Assimilating GN05 14:03 (685 rays) …
  [!] Error in group 2024-10-10_1400__LAT-060_LON+120: podTc2_data must be provided when distance_localization=True (needed to compute ray midpoints for the localization matrix).

[273/494]
────────────────────────────────────────────────────────────
  Group : 2024-10-10_1400__LAT-030_LON+120
  Window: 2024-10-10_1400  |  Region: LAT-030_LON+120  |  14 occultation(s)
────────────────────────────────────────────────────────────
E27 is rising
G28 is rising
E29 is rising
R12 is rising
C25 is rising
C33 is rising
Data Flipped: E31 is setting
Data Flipped: G8 is setting
Data Flipped: C40 is setting
Data Flipped: C28 is setting
Data Flipped: R15 is setting
Data Flipped: G27 is setting
Data Flipped: R24 is setting
Data Flipped: E26 is setting
  Parsed 14/14 files successfully.
  Bounding box: lat [-48.6, 11.8]  lon [118.6, 161.0]  |  vertices: 93
  Final group: 14 occultation(s), 93 mesh vertices
  Saved trim diagnostic → ./Figures/GroupKF/group_2024-10-10_1400__LAT-030_LON+120_trim.png
  [1/14] Building H for GN05 14:04 (439 rays) …
  -> Building H Matrix (439 rays, parallel)...
  [2/14] Building H for GN05 14:05 (397 rays) …
  -> Building H Matrix (397 rays, parallel)...
  [3/14] Building H for GN05 14:08 (316 rays) …
  -> Building H Matrix (316 rays, parallel)...
  [4/14] Building H for GN05 14:09 (292 rays) …
  -> Building H Matrix (292 rays, parallel)...
  [5/14] Building H for GN05 14:09 (248 rays) …
  -> Building H Matrix (248 rays, parallel)...
  [6/14] Building H for GN05 14:18 (621 rays) …
  -> Building H Matrix (621 rays, parallel)...
  [7/14] Building H for GN05 14:18 (331 rays) …
  -> Building H Matrix (331 rays, parallel)...
  [8/14] Building H for GN05 14:18 (459 rays) …
  -> Building H Matrix (459 rays, parallel)...
  [9/14] Building H for GN05 14:19 (225 rays) …
  -> Building H Matrix (225 rays, parallel)...
  [10/14] Building H for GN05 14:19 (410 rays) …
  -> Building H Matrix (410 rays, parallel)...
  [11/14] Building H for GN05 14:20 (330 rays) …
  -> Building H Matrix (330 rays, parallel)...
  [12/14] Building H for GN05 14:21 (727 rays) …
  -> Building H Matrix (727 rays, parallel)...
  [13/14] Building H for GN05 14:26 (246 rays) …
  -> Building H Matrix (246 rays, parallel)...
  [14/14] Building H for GN05 14:27 (298 rays) …
  -> Building H Matrix (298 rays, parallel)...
  Combined H shape : (5339, 4743)  (total rays = 5339)
  Running sequential KF assimilation …
  [step 1/14] Assimilating GN05 14:04 (439 rays) …
  [!] Error in group 2024-10-10_1400__LAT-030_LON+120: podTc2_data must be provided when distance_localization=True (needed to compute ray midpoints for the localization matrix).

[274/494]
────────────────────────────────────────────────────────────
  Group : 2024-10-10_1400__LAT-030_LON+060
  Window: 2024-10-10_1400  |  Region: LAT-030_LON+060  |  4 occultation(s)
────────────────────────────────────────────────────────────
G6 is rising
Data Flipped: R5 is setting
Data Flipped: G30 is setting
Data Flipped: E24 is setting
  Parsed 4/4 files successfully.
  Bounding box: lat [-48.6, 10.7]  lon [93.9, 139.6]  |  vertices: 99
  Final group: 4 occultation(s), 99 mesh vertices
  Saved trim diagnostic → ./Figures/GroupKF/group_2024-10-10_1400__LAT-030_LON+060_trim.png
  [1/4] Building H for GN05 14:05 (250 rays) …
  -> Building H Matrix (250 rays, parallel)...
  [2/4] Building H for GN05 14:17 (871 rays) …
  -> Building H Matrix (871 rays, parallel)...
  [3/4] Building H for GN05 14:22 (255 rays) …
  -> Building H Matrix (255 rays, parallel)...
  [4/4] Building H for GN05 14:26 (242 rays) …
  -> Building H Matrix (242 rays, parallel)...
  Combined H shape : (1618, 5049)  (total rays = 1618)
  Running sequential KF assimilation …
  [step 1/4] Assimilating GN05 14:05 (250 rays) …
  [!] Error in group 2024-10-10_1400__LAT-030_LON+060: podTc2_data must be provided when distance_localization=True (needed to compute ray midpoints for the localization matrix).

[275/494]
────────────────────────────────────────────────────────────
  Group : 2024-10-10_1400__LAT+000_LON+120
  Window: 2024-10-10_1400  |  Region: LAT+000_LON+120  |  7 occultation(s)
────────────────────────────────────────────────────────────
R2 is rising
R3 is rising
E19 is rising
G31 is rising
No valid descending tangent points found. Skipping.
    [skip] podTc2_GN05.2024.284.14.17.0021.R19.01_0000.0001_nc — parse returned None
G26 is rising
E21 is rising
  Parsed 6/7 files successfully.
  Bounding box: lat [-14.0, 28.2]  lon [111.5, 145.1]  |  vertices: 55
  Final group: 6 occultation(s), 55 mesh vertices
  Saved trim diagnostic → ./Figures/GroupKF/group_2024-10-10_1400__LAT+000_LON+120_trim.png
  [1/6] Building H for GN05 14:11 (271 rays) …
  -> Building H Matrix (271 rays, parallel)...
  [2/6] Building H for GN05 14:12 (269 rays) …
  -> Building H Matrix (269 rays, parallel)...
  [3/6] Building H for GN05 14:12 (192 rays) …
  -> Building H Matrix (192 rays, parallel)...
  [4/6] Building H for GN05 14:13 (286 rays) …
  -> Building H Matrix (286 rays, parallel)...
  [5/6] Building H for GN05 14:18 (326 rays) …
  -> Building H Matrix (326 rays, parallel)...
  [6/6] Building H for GN05 14:21 (279 rays) …
  -> Building H Matrix (279 rays, parallel)...
  Combined H shape : (1623, 2805)  (total rays = 1623)
  Running sequential KF assimilation …
  [step 1/6] Assimilating GN05 14:11 (271 rays) …
  [!] Error in group 2024-10-10_1400__LAT+000_LON+120: podTc2_data must be provided when distance_localization=True (needed to compute ray midpoints for the localization matrix).

[276/494]
────────────────────────────────────────────────────────────
  Group : 2024-10-10_1400__LAT+000_LON+060
  Window: 2024-10-10_1400  |  Region: LAT+000_LON+060  |  7 occultation(s)
────────────────────────────────────────────────────────────
C29 is rising
C32 is rising
C41 is rising
R4 is rising
C20 is rising
G4 is rising
Data Flipped: E5 is setting
  Parsed 7/7 files successfully.
    [skip] GN05 14:15 — only 17 valid rays
    [skip] GN05 14:17 — only 12 valid rays
  Bounding box: lat [-9.4, 46.7]  lon [95.3, 126.8]  |  vertices: 64
  Final group: 5 occultation(s), 64 mesh vertices
  Saved trim diagnostic → ./Figures/GroupKF/group_2024-10-10_1400__LAT+000_LON+060_trim.png
  [1/5] Building H for GN05 14:11 (315 rays) …
  -> Building H Matrix (315 rays, parallel)...
  [2/5] Building H for GN05 14:14 (137 rays) …
  -> Building H Matrix (137 rays, parallel)...
  [3/5] Building H for GN05 14:15 (252 rays) …
  -> Building H Matrix (252 rays, parallel)...
  [4/5] Building H for GN05 14:17 (295 rays) …
  -> Building H Matrix (295 rays, parallel)...
  [5/5] Building H for GN05 14:29 (344 rays) …
  -> Building H Matrix (344 rays, parallel)...
  Combined H shape : (1343, 3264)  (total rays = 1343)
  Running sequential KF assimilation …
  [step 1/5] Assimilating GN05 14:11 (315 rays) …
  [!] Error in group 2024-10-10_1400__LAT+000_LON+060: podTc2_data must be provided when distance_localization=True (needed to compute ray midpoints for the localization matrix).

[277/494]
────────────────────────────────────────────────────────────
  Group : 2024-10-10_1400__LAT+030_LON+060
  Window: 2024-10-10_1400  |  Region: LAT+030_LON+060  |  7 occultation(s)
────────────────────────────────────────────────────────────
E11 is rising
G3 is rising
C38 is rising
E4 is rising
E10 is rising
G9 is rising
E6 is rising
  Parsed 7/7 files successfully.
  Bounding box: lat [7.3, 83.5]  lon [41.6, 129.8]  |  vertices: 175
  Final group: 7 occultation(s), 175 mesh vertices
  Saved trim diagnostic → ./Figures/GroupKF/group_2024-10-10_1400__LAT+030_LON+060_trim.png
  [1/7] Building H for GN05 14:15 (401 rays) …
  -> Building H Matrix (401 rays, parallel)...
  [2/7] Building H for GN05 14:16 (439 rays) …
  -> Building H Matrix (439 rays, parallel)...
  [3/7] Building H for GN05 14:17 (415 rays) …
  -> Building H Matrix (415 rays, parallel)...
  [4/7] Building H for GN05 14:19 (402 rays) …
  -> Building H Matrix (402 rays, parallel)...
  [5/7] Building H for GN05 14:22 (460 rays) …
  -> Building H Matrix (460 rays, parallel)...
  [6/7] Building H for GN05 14:22 (325 rays) …
  -> Building H Matrix (325 rays, parallel)...
  [7/7] Building H for GN05 14:25 (472 rays) …
  -> Building H Matrix (472 rays, parallel)...
  Combined H shape : (2914, 8925)  (total rays = 2914)
  Running sequential KF assimilation …
  [step 1/7] Assimilating GN05 14:15 (401 rays) …
  [!] Error in group 2024-10-10_1400__LAT+030_LON+060: podTc2_data must be provided when distance_localization=True (needed to compute ray midpoints for the localization matrix).

[278/494]
────────────────────────────────────────────────────────────
  Group : 2024-10-10_1400__LAT+030_LON+120
  Window: 2024-10-10_1400  |  Region: LAT+030_LON+120  |  1 occultation(s)
────────────────────────────────────────────────────────────
C23 is rising
  Parsed 1/1 files successfully.
  Bounding box: lat [16.6, 60.8]  lon [101.1, 144.2]  |  vertices: 59
  Final group: 1 occultation(s), 59 mesh vertices
  Saved trim diagnostic → ./Figures/GroupKF/group_2024-10-10_1400__LAT+030_LON+120_trim.png
  [1/1] Building H for GN05 14:22 (426 rays) …
  -> Building H Matrix (426 rays, parallel)...
  Combined H shape : (426, 3009)  (total rays = 426)
  Running sequential KF assimilation …
  [step 1/1] Assimilating GN05 14:22 (426 rays) …
  [!] Error in group 2024-10-10_1400__LAT+030_LON+120: podTc2_data must be provided when distance_localization=True (needed to compute ray midpoints for the localization matrix).

[279/494]
────────────────────────────────────────────────────────────
  Group : 2024-10-10_1400__POLAR_N
  Window: 2024-10-10_1400  |  Region: POLAR_N  |  2 occultation(s)
────────────────────────────────────────────────────────────
C39 is rising
E12 is rising
  Parsed 2/2 files successfully.
  [polar] Bounding box: lat [39.8, 90.0]  lon [-180.0, 180.0]  |  vertices: 297
  Final group: 2 occultation(s), 297 mesh vertices
  Saved trim diagnostic → ./Figures/GroupKF/group_2024-10-10_1400__POLAR_N_trim.png
  [1/2] Building H for GN05 14:27 (377 rays) …
  -> Building H Matrix (377 rays, parallel)...
  [2/2] Building H for GN05 14:29 (402 rays) …
  -> Building H Matrix (402 rays, parallel)...
  Combined H shape : (779, 15147)  (total rays = 779)
  Running sequential KF assimilation …
  [step 1/2] Assimilating GN05 14:27 (377 rays) …
  [!] Error in group 2024-10-10_1400__POLAR_N: podTc2_data must be provided when distance_localization=True (needed to compute ray midpoints for the localization matrix).

[280/494]
────────────────────────────────────────────────────────────
  Group : 2024-10-10_1430__LAT+030_LON+120
  Window: 2024-10-10_1430  |  Region: LAT+030_LON+120  |  5 occultation(s)
────────────────────────────────────────────────────────────
No valid descending tangent points found. Skipping.
    [skip] podTc2_GN05.2024.284.14.30.0009.R18.01_0000.0001_nc — parse returned None
Data Flipped: G23 is setting
Data Flipped: C43 is setting
Data Flipped: C42 is setting
Data Flipped: R8 is setting
  Parsed 4/5 files successfully.
  Bounding box: lat [14.9, 75.1]  lon [87.6, 169.6]  |  vertices: 134
  Final group: 4 occultation(s), 134 mesh vertices
  Saved trim diagnostic → ./Figures/GroupKF/group_2024-10-10_1430__LAT+030_LON+120_trim.png
  [1/4] Building H for GN05 14:35 (480 rays) …
  -> Building H Matrix (480 rays, parallel)...
  [2/4] Building H for GN05 14:36 (914 rays) …
  -> Building H Matrix (914 rays, parallel)...
  [3/4] Building H for GN05 14:36 (504 rays) …
  -> Building H Matrix (504 rays, parallel)...
  [4/4] Building H for GN05 14:37 (364 rays) …
  -> Building H Matrix (364 rays, parallel)...
  Combined H shape : (2262, 6834)  (total rays = 2262)
  Running sequential KF assimilation …
  [step 1/4] Assimilating GN05 14:35 (480 rays) …
  [!] Error in group 2024-10-10_1430__LAT+030_LON+120: podTc2_data must be provided when distance_localization=True (needed to compute ray midpoints for the localization matrix).

[281/494]
────────────────────────────────────────────────────────────
  Group : 2024-10-10_1430__POLAR_N
  Window: 2024-10-10_1430  |  Region: POLAR_N  |  24 occultation(s)
────────────────────────────────────────────────────────────
C30 is rising
C37 is rising
E9 is rising
G7 is rising
Data Flipped: G17 is setting
Data Flipped: E13 is setting
R14 is rising
E31 is rising
R18 is rising
G30 is rising
R15 is rising
Data Flipped: G24 is setting
Data Flipped: E7 is setting
Data Flipped: G5 is setting
Data Flipped: G18 is setting
Data Flipped: R1 is setting
Data Flipped: E15 is setting
Data Flipped: E2 is setting
Data Flipped: C26 is setting
Data Flipped: C33 is setting
Data Flipped: C34 is setting
Data Flipped: R22 is setting
Data Flipped: G32 is setting
G17 is rising
  Parsed 24/24 files successfully.
  [polar] Bounding box: lat [39.5, 90.0]  lon [-180.0, 180.0]  |  vertices: 300
  Final group: 24 occultation(s), 300 mesh vertices
  Saved trim diagnostic → ./Figures/GroupKF/group_2024-10-10_1430__POLAR_N_trim.png
  [1/24] Building H for GN05 14:32 (506 rays) …
  -> Building H Matrix (506 rays, parallel)...
  [2/24] Building H for GN05 14:32 (370 rays) …
  -> Building H Matrix (370 rays, parallel)...
  [3/24] Building H for GN05 14:32 (581 rays) …
  -> Building H Matrix (581 rays, parallel)...
  [4/24] Building H for GN05 14:36 (369 rays) …
  -> Building H Matrix (369 rays, parallel)...
  [5/24] Building H for GN05 14:37 (97 rays) …
  -> Building H Matrix (97 rays, parallel)...
  [6/24] Building H for GN05 14:40 (509 rays) …
  -> Building H Matrix (509 rays, parallel)...
  [7/24] Building H for GN05 14:40 (413 rays) …
  -> Building H Matrix (413 rays, parallel)...
  [8/24] Building H for GN05 14:42 (407 rays) …
  -> Building H Matrix (407 rays, parallel)...
  [9/24] Building H for GN05 14:42 (487 rays) …
  -> Building H Matrix (487 rays, parallel)...
  [10/24] Building H for GN05 14:42 (384 rays) …
  -> Building H Matrix (384 rays, parallel)...
  [11/24] Building H for GN05 14:43 (374 rays) …
  -> Building H Matrix (374 rays, parallel)...
  [12/24] Building H for GN05 14:45 (361 rays) …
  -> Building H Matrix (361 rays, parallel)...
  [13/24] Building H for GN05 14:47 (577 rays) …
  -> Building H Matrix (577 rays, parallel)...
  [14/24] Building H for GN05 14:47 (814 rays) …
  -> Building H Matrix (814 rays, parallel)...
  [15/24] Building H for GN05 14:49 (389 rays) …
  -> Building H Matrix (389 rays, parallel)...
  [16/24] Building H for GN05 14:49 (652 rays) …
  -> Building H Matrix (652 rays, parallel)...
  [17/24] Building H for GN05 14:52 (432 rays) …
  -> Building H Matrix (432 rays, parallel)...
  [18/24] Building H for GN05 14:52 (578 rays) …
  -> Building H Matrix (578 rays, parallel)...
  [19/24] Building H for GN05 14:52 (382 rays) …
  -> Building H Matrix (382 rays, parallel)...
  [20/24] Building H for GN05 14:52 (464 rays) …
  -> Building H Matrix (464 rays, parallel)...
  [21/24] Building H for GN05 14:54 (523 rays) …
  -> Building H Matrix (523 rays, parallel)...
  [22/24] Building H for GN05 14:54 (485 rays) …
  -> Building H Matrix (485 rays, parallel)...
  [23/24] Building H for GN05 14:58 (298 rays) …
  -> Building H Matrix (298 rays, parallel)...
  [24/24] Building H for GN05 14:58 (510 rays) …
  -> Building H Matrix (510 rays, parallel)...
  Combined H shape : (10962, 15300)  (total rays = 10962)
  Running sequential KF assimilation …
  [step 1/24] Assimilating GN05 14:32 (506 rays) …
  [!] Error in group 2024-10-10_1430__POLAR_N: podTc2_data must be provided when distance_localization=True (needed to compute ray midpoints for the localization matrix).

[282/494]
────────────────────────────────────────────────────────────
  Group : 2024-10-10_1430__LAT+000_LON+060
  Window: 2024-10-10_1430  |  Region: LAT+000_LON+060  |  3 occultation(s)
────────────────────────────────────────────────────────────
Data Flipped: C36 is setting
Data Flipped: E25 is setting
No valid descending tangent points found. Skipping.
    [skip] podTc2_GN05.2024.284.14.39.0018.R24.00_0000.0001_nc — parse returned None
  Parsed 2/3 files successfully.
  Bounding box: lat [3.8, 50.1]  lon [75.5, 124.2]  |  vertices: 78
  Final group: 2 occultation(s), 78 mesh vertices
  Saved trim diagnostic → ./Figures/GroupKF/group_2024-10-10_1430__LAT+000_LON+060_trim.png
  [1/2] Building H for GN05 14:33 (127 rays) …
  -> Building H Matrix (127 rays, parallel)...
  [2/2] Building H for GN05 14:36 (467 rays) …
  -> Building H Matrix (467 rays, parallel)...
  Combined H shape : (594, 3978)  (total rays = 594)
  Running sequential KF assimilation …
  [step 1/2] Assimilating GN05 14:33 (127 rays) …
  [!] Error in group 2024-10-10_1430__LAT+000_LON+060: podTc2_data must be provided when distance_localization=True (needed to compute ray midpoints for the localization matrix).

[283/494]
────────────────────────────────────────────────────────────
  Group : 2024-10-10_1430__LAT+000_LON+120
  Window: 2024-10-10_1430  |  Region: LAT+000_LON+120  |  3 occultation(s)
────────────────────────────────────────────────────────────
Data Flipped: G10 is setting
Data Flipped: C33 is setting
No valid descending tangent points found. Skipping.
    [skip] podTc2_GN05.2024.284.14.39.0016.R16.00_0000.0001_nc — parse returned None
  Parsed 2/3 files successfully.
  Bounding box: lat [9.7, 74.7]  lon [112.4, 152.1]  |  vertices: 71
  Final group: 2 occultation(s), 71 mesh vertices
  Saved trim diagnostic → ./Figures/GroupKF/group_2024-10-10_1430__LAT+000_LON+120_trim.png
  [1/2] Building H for GN05 14:34 (285 rays) …
  -> Building H Matrix (285 rays, parallel)...
  [2/2] Building H for GN05 14:37 (774 rays) …
  -> Building H Matrix (774 rays, parallel)...
  Combined H shape : (1059, 3621)  (total rays = 1059)
  Running sequential KF assimilation …
  [step 1/2] Assimilating GN05 14:34 (285 rays) …
  [!] Error in group 2024-10-10_1430__LAT+000_LON+120: podTc2_data must be provided when distance_localization=True (needed to compute ray midpoints for the localization matrix).

[284/494]
────────────────────────────────────────────────────────────
  Group : 2024-10-10_1430__LAT+030_LON+060
  Window: 2024-10-10_1430  |  Region: LAT+030_LON+060  |  8 occultation(s)
────────────────────────────────────────────────────────────
Data Flipped: E3 is setting
Data Flipped: R7 is setting
Data Flipped: C22 is setting
Data Flipped: G15 is setting
Data Flipped: C21 is setting
Data Flipped: E8 is setting
Data Flipped: C45 is setting
Data Flipped: R9 is setting
  Parsed 8/8 files successfully.
  Bounding box: lat [11.9, 80.0]  lon [44.3, 165.5]  |  vertices: 216
  Final group: 8 occultation(s), 216 mesh vertices
  Saved trim diagnostic → ./Figures/GroupKF/group_2024-10-10_1430__LAT+030_LON+060_trim.png
  [1/8] Building H for GN05 14:34 (396 rays) …
  -> Building H Matrix (396 rays, parallel)...
  [2/8] Building H for GN05 14:35 (331 rays) …
  -> Building H Matrix (331 rays, parallel)...
  [3/8] Building H for GN05 14:36 (611 rays) …
  -> Building H Matrix (611 rays, parallel)...
  [4/8] Building H for GN05 14:36 (392 rays) …
  -> Building H Matrix (392 rays, parallel)...
  [5/8] Building H for GN05 14:37 (401 rays) …
  -> Building H Matrix (401 rays, parallel)...
  [6/8] Building H for GN05 14:40 (396 rays) …
  -> Building H Matrix (396 rays, parallel)...
  [7/8] Building H for GN05 14:40 (422 rays) …
  -> Building H Matrix (422 rays, parallel)...
  [8/8] Building H for GN05 14:40 (424 rays) …
  -> Building H Matrix (424 rays, parallel)...
  Combined H shape : (3373, 11016)  (total rays = 3373)
  Running sequential KF assimilation …
  [step 1/8] Assimilating GN05 14:34 (396 rays) …
  [!] Error in group 2024-10-10_1430__LAT+030_LON+060: podTc2_data must be provided when distance_localization=True (needed to compute ray midpoints for the localization matrix).

[285/494]
────────────────────────────────────────────────────────────
  Group : 2024-10-10_1430__LAT+030_LON-120
  Window: 2024-10-10_1430  |  Region: LAT+030_LON-120  |  6 occultation(s)
────────────────────────────────────────────────────────────
C27 is rising
E33 is rising
R17 is rising
C40 is rising
G8 is rising
R16 is rising
  Parsed 6/6 files successfully.
  Bounding box: lat [6.0, 84.9]  lon [-117.8, -43.2]  |  vertices: 152
  Final group: 6 occultation(s), 152 mesh vertices
  Saved trim diagnostic → ./Figures/GroupKF/group_2024-10-10_1430__LAT+030_LON-120_trim.png
  [1/6] Building H for GN05 14:38 (446 rays) …
  -> Building H Matrix (446 rays, parallel)...
  [2/6] Building H for GN05 14:39 (533 rays) …
  -> Building H Matrix (533 rays, parallel)...
  [3/6] Building H for GN05 14:42 (468 rays) …
  -> Building H Matrix (468 rays, parallel)...
  [4/6] Building H for GN05 14:43 (404 rays) …
  -> Building H Matrix (404 rays, parallel)...
  [5/6] Building H for GN05 14:46 (624 rays) …
  -> Building H Matrix (624 rays, parallel)...
  [6/6] Building H for GN05 14:51 (369 rays) …
  -> Building H Matrix (369 rays, parallel)...
  Combined H shape : (2844, 7752)  (total rays = 2844)
  Running sequential KF assimilation …
  [step 1/6] Assimilating GN05 14:38 (446 rays) …
  [!] Error in group 2024-10-10_1430__LAT+030_LON-120: podTc2_data must be provided when distance_localization=True (needed to compute ray midpoints for the localization matrix).

[286/494]
────────────────────────────────────────────────────────────
  Group : 2024-10-10_1430__LAT+000_LON-120
  Window: 2024-10-10_1430  |  Region: LAT+000_LON-120  |  2 occultation(s)
────────────────────────────────────────────────────────────
C28 is rising
R24 is rising
  Parsed 2/2 files successfully.
  Bounding box: lat [-29.8, 36.1]  lon [-105.6, -61.4]  |  vertices: 109
  Final group: 2 occultation(s), 109 mesh vertices
  Saved trim diagnostic → ./Figures/GroupKF/group_2024-10-10_1430__LAT+000_LON-120_trim.png
  [1/2] Building H for GN05 14:47 (632 rays) …
  -> Building H Matrix (632 rays, parallel)...
  [2/2] Building H for GN05 14:52 (631 rays) …
  -> Building H Matrix (631 rays, parallel)...
  Combined H shape : (1263, 5559)  (total rays = 1263)
  Running sequential KF assimilation …
  [step 1/2] Assimilating GN05 14:47 (632 rays) …
  [!] Error in group 2024-10-10_1430__LAT+000_LON-120: podTc2_data must be provided when distance_localization=True (needed to compute ray midpoints for the localization matrix).

[287/494]
────────────────────────────────────────────────────────────
  Group : 2024-10-10_1430__LAT+030_LON-060
  Window: 2024-10-10_1430  |  Region: LAT+030_LON-060  |  3 occultation(s)
────────────────────────────────────────────────────────────
E24 is rising
G14 is rising
Data Flipped: G12 is setting
  Parsed 3/3 files successfully.
  Bounding box: lat [12.7, 77.5]  lon [-68.9, -26.2]  |  vertices: 75
  Final group: 3 occultation(s), 75 mesh vertices
  Saved trim diagnostic → ./Figures/GroupKF/group_2024-10-10_1430__LAT+030_LON-060_trim.png
  [1/3] Building H for GN05 14:48 (394 rays) …
  -> Building H Matrix (394 rays, parallel)...
  [2/3] Building H for GN05 14:49 (400 rays) …
  -> Building H Matrix (400 rays, parallel)...
  [3/3] Building H for GN05 14:58 (477 rays) …
  -> Building H Matrix (477 rays, parallel)...
  Combined H shape : (1271, 3825)  (total rays = 1271)
  Running sequential KF assimilation …
  [step 1/3] Assimilating GN05 14:48 (394 rays) …
  [!] Error in group 2024-10-10_1430__LAT+030_LON-060: podTc2_data must be provided when distance_localization=True (needed to compute ray midpoints for the localization matrix).

[288/494]
────────────────────────────────────────────────────────────
  Group : 2024-10-10_1430__LAT+000_LON-060
  Window: 2024-10-10_1430  |  Region: LAT+000_LON-060  |  3 occultation(s)
────────────────────────────────────────────────────────────
C36 is rising
E5 is rising
E25 is rising
  Parsed 3/3 files successfully.
  Bounding box: lat [-20.3, 54.8]  lon [-76.5, -15.8]  |  vertices: 163
  Final group: 3 occultation(s), 163 mesh vertices
  Saved trim diagnostic → ./Figures/GroupKF/group_2024-10-10_1430__LAT+000_LON-060_trim.png
  [1/3] Building H for GN05 14:51 (393 rays) …
  -> Building H Matrix (393 rays, parallel)...
  [2/3] Building H for GN05 14:51 (675 rays) …
  -> Building H Matrix (675 rays, parallel)...
  [3/3] Building H for GN05 14:59 (542 rays) …
  -> Building H Matrix (542 rays, parallel)...
  Combined H shape : (1610, 8313)  (total rays = 1610)
  Running sequential KF assimilation …
  [step 1/3] Assimilating GN05 14:51 (393 rays) …
  [!] Error in group 2024-10-10_1430__LAT+000_LON-060: podTc2_data must be provided when distance_localization=True (needed to compute ray midpoints for the localization matrix).

[289/494]
────────────────────────────────────────────────────────────
  Group : 2024-10-10_1430__LAT-030_LON-120
  Window: 2024-10-10_1430  |  Region: LAT-030_LON-120  |  5 occultation(s)
────────────────────────────────────────────────────────────
E26 is rising
G10 is rising
E3 is rising
G27 is rising
R7 is rising
  Parsed 5/5 files successfully.
  Bounding box: lat [-83.1, 42.1]  lon [-149.5, -42.0]  |  vertices: 411
  [trim] n_geo=411 > MAX_MESH_VERTICES=300 — dropping GN05 14:59 (33.2° from centroid)
  Bounding box: lat [-39.4, 11.6]  lon [-102.1, -42.0]  |  vertices: 115
  Final group: 4 occultation(s), 115 mesh vertices
  Saved trim diagnostic → ./Figures/GroupKF/group_2024-10-10_1430__LAT-030_LON-120_trim.png
  [1/4] Building H for GN05 14:55 (617 rays) …
  -> Building H Matrix (617 rays, parallel)...
  [2/4] Building H for GN05 14:59 (549 rays) …
  -> Building H Matrix (549 rays, parallel)...
  [3/4] Building H for GN05 14:59 (452 rays) …
  -> Building H Matrix (452 rays, parallel)...
  [4/4] Building H for GN05 14:59 (456 rays) …
  -> Building H Matrix (456 rays, parallel)...
  Combined H shape : (2074, 5865)  (total rays = 2074)
  Running sequential KF assimilation …
  [step 1/4] Assimilating GN05 14:55 (617 rays) …
  [!] Error in group 2024-10-10_1430__LAT-030_LON-120: podTc2_data must be provided when distance_localization=True (needed to compute ray midpoints for the localization matrix).

[290/494]
────────────────────────────────────────────────────────────
  Group : 2024-10-10_1500__LAT-030_LON-120
  Window: 2024-10-10_1500  |  Region: LAT-030_LON-120  |  18 occultation(s)
────────────────────────────────────────────────────────────
G15 is rising
R8 is rising
C21 is rising
C42 is rising
G23 is rising
R9 is rising
C45 is rising
E8 is rising
G24 is rising
R1 is rising
C33 is rising
Data Flipped: G31 is setting
Data Flipped: G26 is setting
Data Flipped: E21 is setting
Data Flipped: E19 is setting
Data Flipped: E36 is setting
Data Flipped: R20 is setting
Data Flipped: C41 is setting
  Parsed 18/18 files successfully.
  Bounding box: lat [-75.8, 17.6]  lon [-163.1, -36.7]  |  vertices: 368
  [trim] n_geo=368 > MAX_MESH_VERTICES=300 — dropping GN05 15:21 (41.5° from centroid)
  Bounding box: lat [-56.4, 17.6]  lon [-121.5, -36.7]  |  vertices: 220
  Final group: 17 occultation(s), 220 mesh vertices
  Saved trim diagnostic → ./Figures/GroupKF/group_2024-10-10_1500__LAT-030_LON-120_trim.png
  [1/17] Building H for GN05 15:01 (467 rays) …
  -> Building H Matrix (467 rays, parallel)...
  [2/17] Building H for GN05 15:01 (407 rays) …
  -> Building H Matrix (407 rays, parallel)...
  [3/17] Building H for GN05 15:02 (456 rays) …
  -> Building H Matrix (456 rays, parallel)...
  [4/17] Building H for GN05 15:03 (423 rays) …
  -> Building H Matrix (423 rays, parallel)...
  [5/17] Building H for GN05 15:03 (432 rays) …
  -> Building H Matrix (432 rays, parallel)...
  [6/17] Building H for GN05 15:03 (412 rays) …
  -> Building H Matrix (412 rays, parallel)...
  [7/17] Building H for GN05 15:03 (430 rays) …
  -> Building H Matrix (430 rays, parallel)...
  [8/17] Building H for GN05 15:04 (383 rays) …
  -> Building H Matrix (383 rays, parallel)...
  [9/17] Building H for GN05 15:08 (376 rays) …
  -> Building H Matrix (376 rays, parallel)...
  [10/17] Building H for GN05 15:11 (827 rays) …
  -> Building H Matrix (827 rays, parallel)...
  [11/17] Building H for GN05 15:11 (1023 rays) …
  -> Building H Matrix (1023 rays, parallel)...
  [12/17] Building H for GN05 15:15 (362 rays) …
  -> Building H Matrix (362 rays, parallel)...
  [13/17] Building H for GN05 15:15 (459 rays) …
  -> Building H Matrix (459 rays, parallel)...
  [14/17] Building H for GN05 15:16 (526 rays) …
  -> Building H Matrix (526 rays, parallel)...
  [15/17] Building H for GN05 15:18 (453 rays) …
  -> Building H Matrix (453 rays, parallel)...
  [16/17] Building H for GN05 15:19 (609 rays) …
  -> Building H Matrix (609 rays, parallel)...
  [17/17] Building H for GN05 15:19 (628 rays) …
  -> Building H Matrix (628 rays, parallel)...
  Combined H shape : (8673, 11220)  (total rays = 8673)
  Running sequential KF assimilation …
  [step 1/17] Assimilating GN05 15:01 (467 rays) …
  [!] Error in group 2024-10-10_1500__LAT-030_LON-120: podTc2_data must be provided when distance_localization=True (needed to compute ray midpoints for the localization matrix).

[291/494]
────────────────────────────────────────────────────────────
  Group : 2024-10-10_1500__LAT+030_LON-120
  Window: 2024-10-10_1500  |  Region: LAT+030_LON-120  |  2 occultation(s)
────────────────────────────────────────────────────────────
Data Flipped: C24 is setting
Data Flipped: E29 is setting
  Parsed 2/2 files successfully.
  Bounding box: lat [6.0, 66.1]  lon [-108.4, -47.8]  |  vertices: 112
  Final group: 2 occultation(s), 112 mesh vertices
  Saved trim diagnostic → ./Figures/GroupKF/group_2024-10-10_1500__LAT+030_LON-120_trim.png
  [1/2] Building H for GN05 15:01 (365 rays) …
  -> Building H Matrix (365 rays, parallel)...
  [2/2] Building H for GN05 15:06 (658 rays) …
  -> Building H Matrix (658 rays, parallel)...
  Combined H shape : (1023, 5712)  (total rays = 1023)
  Running sequential KF assimilation …
  [step 1/2] Assimilating GN05 15:01 (365 rays) …
  [!] Error in group 2024-10-10_1500__LAT+030_LON-120: podTc2_data must be provided when distance_localization=True (needed to compute ray midpoints for the localization matrix).

[292/494]
────────────────────────────────────────────────────────────
  Group : 2024-10-10_1500__LAT+030_LON-060
  Window: 2024-10-10_1500  |  Region: LAT+030_LON-060  |  4 occultation(s)
────────────────────────────────────────────────────────────
Data Flipped: R11 is setting
Data Flipped: E34 is setting
Data Flipped: E30 is setting
Data Flipped: C44 is setting
  Parsed 4/4 files successfully.
  Bounding box: lat [7.1, 65.4]  lon [-65.3, -40.5]  |  vertices: 46
  Final group: 4 occultation(s), 46 mesh vertices
  Saved trim diagnostic → ./Figures/GroupKF/group_2024-10-10_1500__LAT+030_LON-060_trim.png
  [1/4] Building H for GN05 15:02 (374 rays) …
  -> Building H Matrix (374 rays, parallel)...
  [2/4] Building H for GN05 15:02 (527 rays) …
  -> Building H Matrix (527 rays, parallel)...
  [3/4] Building H for GN05 15:03 (404 rays) …
  -> Building H Matrix (404 rays, parallel)...
  [4/4] Building H for GN05 15:03 (439 rays) …
  -> Building H Matrix (439 rays, parallel)...
  Combined H shape : (1744, 2346)  (total rays = 1744)
  Running sequential KF assimilation …
  [step 1/4] Assimilating GN05 15:02 (374 rays) …
  [!] Error in group 2024-10-10_1500__LAT+030_LON-060: podTc2_data must be provided when distance_localization=True (needed to compute ray midpoints for the localization matrix).

[293/494]
────────────────────────────────────────────────────────────
  Group : 2024-10-10_1500__LAT+000_LON-120
  Window: 2024-10-10_1500  |  Region: LAT+000_LON-120  |  6 occultation(s)
────────────────────────────────────────────────────────────
Data Flipped: G29 is setting
Data Flipped: G28 is setting
Data Flipped: E27 is setting
Data Flipped: C25 is setting
Data Flipped: R12 is setting
Data Flipped: R2 is setting
  Parsed 6/6 files successfully.
  Bounding box: lat [-56.2, 54.6]  lon [-114.7, -54.8]  |  vertices: 226
  Final group: 6 occultation(s), 226 mesh vertices
  Saved trim diagnostic → ./Figures/GroupKF/group_2024-10-10_1500__LAT+000_LON-120_trim.png
  [1/6] Building H for GN05 15:05 (421 rays) …
  -> Building H Matrix (421 rays, parallel)...
  [2/6] Building H for GN05 15:06 (384 rays) …
  -> Building H Matrix (384 rays, parallel)...
  [3/6] Building H for GN05 15:08 (390 rays) …
  -> Building H Matrix (390 rays, parallel)...
  [4/6] Building H for GN05 15:11 (389 rays) …
  -> Building H Matrix (389 rays, parallel)...
  [5/6] Building H for GN05 15:11 (367 rays) …
  -> Building H Matrix (367 rays, parallel)...
  [6/6] Building H for GN05 15:12 (2098 rays) …
  -> Building H Matrix (2098 rays, parallel)...
  Combined H shape : (4049, 11526)  (total rays = 4049)
  Running sequential KF assimilation …
  [step 1/6] Assimilating GN05 15:05 (421 rays) …
  [!] Error in group 2024-10-10_1500__LAT+000_LON-120: podTc2_data must be provided when distance_localization=True (needed to compute ray midpoints for the localization matrix).

[294/494]
────────────────────────────────────────────────────────────
  Group : 2024-10-10_1500__LAT+000_LON-060
  Window: 2024-10-10_1500  |  Region: LAT+000_LON-060  |  2 occultation(s)
────────────────────────────────────────────────────────────
Data Flipped: R21 is setting
Data Flipped: C35 is setting
  Parsed 2/2 files successfully.
  Bounding box: lat [-14.1, 50.4]  lon [-73.2, -37.8]  |  vertices: 82
  Final group: 2 occultation(s), 82 mesh vertices
  Saved trim diagnostic → ./Figures/GroupKF/group_2024-10-10_1500__LAT+000_LON-060_trim.png
  [1/2] Building H for GN05 15:06 (471 rays) …
  -> Building H Matrix (471 rays, parallel)...
  [2/2] Building H for GN05 15:11 (630 rays) …
  -> Building H Matrix (630 rays, parallel)...
  Combined H shape : (1101, 4182)  (total rays = 1101)
  Running sequential KF assimilation …
  [step 1/2] Assimilating GN05 15:06 (471 rays) …
  [!] Error in group 2024-10-10_1500__LAT+000_LON-060: podTc2_data must be provided when distance_localization=True (needed to compute ray midpoints for the localization matrix).

[295/494]
────────────────────────────────────────────────────────────
  Group : 2024-10-10_1500__LAT-060_LON-060
  Window: 2024-10-10_1500  |  Region: LAT-060_LON-060  |  2 occultation(s)
────────────────────────────────────────────────────────────
C22 is rising
Data Flipped: C19 is setting
  Parsed 2/2 files successfully.
  Bounding box: lat [-81.3, 5.6]  lon [-156.4, 4.5]  |  vertices: 400
  [trim] n_geo=400 > MAX_MESH_VERTICES=300 — dropping GN05 15:21 (7.5° from centroid)
  Bounding box: lat [-81.3, 5.6]  lon [-156.4, 4.5]  |  vertices: 400
  Final group: 1 occultation(s), 400 mesh vertices
  Saved trim diagnostic → ./Figures/GroupKF/group_2024-10-10_1500__LAT-060_LON-060_trim.png
  [1/1] Building H for GN05 15:07 (1494 rays) …
  -> Building H Matrix (1494 rays, parallel)...
  Combined H shape : (1494, 20400)  (total rays = 1494)
  Running sequential KF assimilation …
  [step 1/1] Assimilating GN05 15:07 (1494 rays) …
  [!] Error in group 2024-10-10_1500__LAT-060_LON-060: podTc2_data must be provided when distance_localization=True (needed to compute ray midpoints for the localization matrix).

[296/494]
────────────────────────────────────────────────────────────
  Group : 2024-10-10_1500__LAT-060_LON-120
  Window: 2024-10-10_1500  |  Region: LAT-060_LON-120  |  13 occultation(s)
────────────────────────────────────────────────────────────
E13 is rising
E7 is rising
C26 is rising
G32 is rising
Data Flipped: R3 is setting
Data Flipped: C23 is setting
Data Flipped: R4 is setting
Data Flipped: R5 is setting
Data Flipped: G4 is setting
Data Flipped: C20 is setting
Data Flipped: C32 is setting
Data Flipped: E4 is setting
Data Flipped: G9 is setting
  Parsed 13/13 files successfully.
  Bounding box: lat [-82.6, -6.8]  lon [-136.1, -22.1]  |  vertices: 228
  Final group: 13 occultation(s), 228 mesh vertices
  Saved trim diagnostic → ./Figures/GroupKF/group_2024-10-10_1500__LAT-060_LON-120_trim.png
  [1/13] Building H for GN05 15:09 (471 rays) …
  -> Building H Matrix (471 rays, parallel)...
  [2/13] Building H for GN05 15:13 (482 rays) …
  -> Building H Matrix (482 rays, parallel)...
  [3/13] Building H for GN05 15:15 (413 rays) …
  -> Building H Matrix (413 rays, parallel)...
  [4/13] Building H for GN05 15:17 (569 rays) …
  -> Building H Matrix (569 rays, parallel)...
  [5/13] Building H for GN05 15:21 (475 rays) …
  -> Building H Matrix (475 rays, parallel)...
  [6/13] Building H for GN05 15:22 (429 rays) …
  -> Building H Matrix (429 rays, parallel)...
  [7/13] Building H for GN05 15:23 (406 rays) …
  -> Building H Matrix (406 rays, parallel)...
  [8/13] Building H for GN05 15:24 (611 rays) …
  -> Building H Matrix (611 rays, parallel)...
  [9/13] Building H for GN05 15:24 (383 rays) …
  -> Building H Matrix (383 rays, parallel)...
  [10/13] Building H for GN05 15:25 (435 rays) …
  -> Building H Matrix (435 rays, parallel)...
  [11/13] Building H for GN05 15:25 (463 rays) …
  -> Building H Matrix (463 rays, parallel)...
  [12/13] Building H for GN05 15:26 (386 rays) …
  -> Building H Matrix (386 rays, parallel)...
  [13/13] Building H for GN05 15:27 (397 rays) …
  -> Building H Matrix (397 rays, parallel)...
  Combined H shape : (5920, 11628)  (total rays = 5920)
  Running sequential KF assimilation …
  [step 1/13] Assimilating GN05 15:09 (471 rays) …
  [!] Error in group 2024-10-10_1500__LAT-060_LON-120: podTc2_data must be provided when distance_localization=True (needed to compute ray midpoints for the localization matrix).

[297/494]
────────────────────────────────────────────────────────────
  Group : 2024-10-10_1500__LAT-030_LON-060
  Window: 2024-10-10_1500  |  Region: LAT-030_LON-060  |  1 occultation(s)
────────────────────────────────────────────────────────────
Data Flipped: G11 is setting
  Parsed 1/1 files successfully.
  Bounding box: lat [-21.0, 24.4]  lon [-75.2, -37.6]  |  vertices: 67
  Final group: 1 occultation(s), 67 mesh vertices
  Saved trim diagnostic → ./Figures/GroupKF/group_2024-10-10_1500__LAT-030_LON-060_trim.png
  [1/1] Building H for GN05 15:13 (668 rays) …
  -> Building H Matrix (668 rays, parallel)...
  Combined H shape : (668, 3417)  (total rays = 668)
  Running sequential KF assimilation …
  [step 1/1] Assimilating GN05 15:13 (668 rays) …
  [!] Error in group 2024-10-10_1500__LAT-030_LON-060: podTc2_data must be provided when distance_localization=True (needed to compute ray midpoints for the localization matrix).

[298/494]
────────────────────────────────────────────────────────────
  Group : 2024-10-10_1500__POLAR_S
  Window: 2024-10-10_1500  |  Region: POLAR_S  |  13 occultation(s)
────────────────────────────────────────────────────────────
C43 is rising
G18 is rising
E2 is rising
E15 is rising
G12 is rising
R22 is rising
C34 is rising
R11 is rising
C24 is rising
E30 is rising
Data Flipped: G6 is setting
Data Flipped: E6 is setting
G28 is rising
  Parsed 13/13 files successfully.
  [polar] Bounding box: lat [-90.0, -39.9]  lon [-180.0, 180.0]  |  vertices: 295
  Final group: 13 occultation(s), 295 mesh vertices
  Saved trim diagnostic → ./Figures/GroupKF/group_2024-10-10_1500__POLAR_S_trim.png
  [1/13] Building H for GN05 15:14 (697 rays) …
  -> Building H Matrix (697 rays, parallel)...
  [2/13] Building H for GN05 15:16 (459 rays) …
  -> Building H Matrix (459 rays, parallel)...
  [3/13] Building H for GN05 15:18 (682 rays) …
  -> Building H Matrix (682 rays, parallel)...
  [4/13] Building H for GN05 15:20 (468 rays) …
  -> Building H Matrix (468 rays, parallel)...
  [5/13] Building H for GN05 15:23 (405 rays) …
  -> Building H Matrix (405 rays, parallel)...
  [6/13] Building H for GN05 15:23 (463 rays) …
  -> Building H Matrix (463 rays, parallel)...
  [7/13] Building H for GN05 15:23 (453 rays) …
  -> Building H Matrix (453 rays, parallel)...
  [8/13] Building H for GN05 15:24 (405 rays) …
  -> Building H Matrix (405 rays, parallel)...
  [9/13] Building H for GN05 15:25 (378 rays) …
  -> Building H Matrix (378 rays, parallel)...
  [10/13] Building H for GN05 15:27 (472 rays) …
  -> Building H Matrix (472 rays, parallel)...
  [11/13] Building H for GN05 15:28 (561 rays) …
  -> Building H Matrix (561 rays, parallel)...
  [12/13] Building H for GN05 15:28 (415 rays) …
  -> Building H Matrix (415 rays, parallel)...
  [13/13] Building H for GN05 15:29 (386 rays) …
  -> Building H Matrix (386 rays, parallel)...
  Combined H shape : (6244, 15045)  (total rays = 6244)
  Running sequential KF assimilation …
  [step 1/13] Assimilating GN05 15:14 (697 rays) …
  [!] Error in group 2024-10-10_1500__POLAR_S: podTc2_data must be provided when distance_localization=True (needed to compute ray midpoints for the localization matrix).

[299/494]
────────────────────────────────────────────────────────────
  Group : 2024-10-10_1500__LAT-030_LON+060
  Window: 2024-10-10_1500  |  Region: LAT-030_LON+060  |  1 occultation(s)
────────────────────────────────────────────────────────────
G5 is rising
  Parsed 1/1 files successfully.
  Bounding box: lat [-82.3, -6.1]  lon [51.8, -136.7]  |  vertices: 348
  Final group: 1 occultation(s), 348 mesh vertices
  Saved trim diagnostic → ./Figures/GroupKF/group_2024-10-10_1500__LAT-030_LON+060_trim.png
  [1/1] Building H for GN05 15:27 (1387 rays) …
  -> Building H Matrix (1387 rays, parallel)...
  Combined H shape : (1387, 17748)  (total rays = 1387)
  Running sequential KF assimilation …
  [step 1/1] Assimilating GN05 15:27 (1387 rays) …
  [!] Error in group 2024-10-10_1500__LAT-030_LON+060: podTc2_data must be provided when distance_localization=True (needed to compute ray midpoints for the localization matrix).

[300/494]
────────────────────────────────────────────────────────────
  Group : 2024-10-10_1530__POLAR_S
  Window: 2024-10-10_1530  |  Region: POLAR_S  |  13 occultation(s)
────────────────────────────────────────────────────────────
Data Flipped: C38 is setting
Data Flipped: E9 is setting
Data Flipped: G3 is setting
Data Flipped: C39 is setting
Data Flipped: R14 is setting
Data Flipped: E11 is setting
Data Flipped: C37 is setting
Data Flipped: G7 is setting
Data Flipped: E10 is setting
Data Flipped: C29 is setting
Data Flipped: R19 is setting
Data Flipped: E5 is setting
Data Flipped: G30 is setting
  Parsed 13/13 files successfully.
  [polar] Bounding box: lat [-90.0, -40.1]  lon [-180.0, 180.0]  |  vertices: 294
  Final group: 13 occultation(s), 294 mesh vertices
  Saved trim diagnostic → ./Figures/GroupKF/group_2024-10-10_1530__POLAR_S_trim.png
  [1/13] Building H for GN05 15:30 (445 rays) …
  -> Building H Matrix (445 rays, parallel)...
  [2/13] Building H for GN05 15:31 (482 rays) …
  -> Building H Matrix (482 rays, parallel)...
  [3/13] Building H for GN05 15:31 (578 rays) …
  -> Building H Matrix (578 rays, parallel)...
  [4/13] Building H for GN05 15:33 (382 rays) …
  -> Building H Matrix (382 rays, parallel)...
  [5/13] Building H for GN05 15:33 (438 rays) …
  -> Building H Matrix (438 rays, parallel)...
  [6/13] Building H for GN05 15:35 (383 rays) …
  -> Building H Matrix (383 rays, parallel)...
  [7/13] Building H for GN05 15:36 (320 rays) …
  -> Building H Matrix (320 rays, parallel)...
  [8/13] Building H for GN05 15:39 (365 rays) …
  -> Building H Matrix (365 rays, parallel)...
  [9/13] Building H for GN05 15:39 (449 rays) …
  -> Building H Matrix (449 rays, parallel)...
  [10/13] Building H for GN05 15:40 (431 rays) …
  -> Building H Matrix (431 rays, parallel)...
  [11/13] Building H for GN05 15:40 (515 rays) …
  -> Building H Matrix (515 rays, parallel)...
  [12/13] Building H for GN05 15:44 (682 rays) …
  -> Building H Matrix (682 rays, parallel)...
  [13/13] Building H for GN05 15:44 (368 rays) …
  -> Building H Matrix (368 rays, parallel)...
  Combined H shape : (5838, 14994)  (total rays = 5838)
  Running sequential KF assimilation …
  [step 1/13] Assimilating GN05 15:30 (445 rays) …
  [!] Error in group 2024-10-10_1530__POLAR_S: podTc2_data must be provided when distance_localization=True (needed to compute ray midpoints for the localization matrix).

[301/494]
────────────────────────────────────────────────────────────
  Group : 2024-10-10_1530__LAT-060_LON+060
  Window: 2024-10-10_1530  |  Region: LAT-060_LON+060  |  10 occultation(s)
────────────────────────────────────────────────────────────
C44 is rising
G29 is rising
E27 is rising
C25 is rising
R12 is rising
G31 is rising
G26 is rising
Data Flipped: C30 is setting
Data Flipped: R18 is setting
Data Flipped: G17 is setting
  Parsed 10/10 files successfully.
  Bounding box: lat [-76.4, -7.9]  lon [64.6, 151.3]  |  vertices: 165
  Final group: 10 occultation(s), 165 mesh vertices
  Saved trim diagnostic → ./Figures/GroupKF/group_2024-10-10_1530__LAT-060_LON+060_trim.png
  [1/10] Building H for GN05 15:31 (508 rays) …
  -> Building H Matrix (508 rays, parallel)...
  [2/10] Building H for GN05 15:31 (445 rays) …
  -> Building H Matrix (445 rays, parallel)...
  [3/10] Building H for GN05 15:33 (384 rays) …
  -> Building H Matrix (384 rays, parallel)...
  [4/10] Building H for GN05 15:34 (346 rays) …
  -> Building H Matrix (346 rays, parallel)...
  [5/10] Building H for GN05 15:34 (337 rays) …
  -> Building H Matrix (337 rays, parallel)...
  [6/10] Building H for GN05 15:37 (394 rays) …
  -> Building H Matrix (394 rays, parallel)...
  [7/10] Building H for GN05 15:39 (410 rays) …
  -> Building H Matrix (410 rays, parallel)...
  [8/10] Building H for GN05 15:48 (442 rays) …
  -> Building H Matrix (442 rays, parallel)...
  [9/10] Building H for GN05 15:50 (458 rays) …
  -> Building H Matrix (458 rays, parallel)...
  [10/10] Building H for GN05 15:51 (467 rays) …
  -> Building H Matrix (467 rays, parallel)...
  Combined H shape : (4191, 8415)  (total rays = 4191)
  Running sequential KF assimilation …
  [step 1/10] Assimilating GN05 15:31 (508 rays) …
  [!] Error in group 2024-10-10_1530__LAT-060_LON+060: podTc2_data must be provided when distance_localization=True (needed to compute ray midpoints for the localization matrix).

[302/494]
────────────────────────────────────────────────────────────
  Group : 2024-10-10_1530__LAT-060_LON+120
  Window: 2024-10-10_1530  |  Region: LAT-060_LON+120  |  5 occultation(s)
────────────────────────────────────────────────────────────
E29 is rising
Data Flipped: E12 is setting
Data Flipped: R15 is setting
C41 is rising
Data Flipped: E31 is setting
  Parsed 5/5 files successfully.
  Bounding box: lat [-83.2, -25.2]  lon [101.1, -174.3]  |  vertices: 110
  Final group: 5 occultation(s), 110 mesh vertices
  Saved trim diagnostic → ./Figures/GroupKF/group_2024-10-10_1530__LAT-060_LON+120_trim.png
  [1/5] Building H for GN05 15:33 (710 rays) …
  -> Building H Matrix (710 rays, parallel)...
  [2/5] Building H for GN05 15:44 (454 rays) …
  -> Building H Matrix (454 rays, parallel)...
  [3/5] Building H for GN05 15:45 (402 rays) …
  -> Building H Matrix (402 rays, parallel)...
  [4/5] Building H for GN05 15:47 (575 rays) …
  -> Building H Matrix (575 rays, parallel)...
  [5/5] Building H for GN05 15:48 (404 rays) …
  -> Building H Matrix (404 rays, parallel)...
  Combined H shape : (2545, 5610)  (total rays = 2545)
  Running sequential KF assimilation …
  [step 1/5] Assimilating GN05 15:33 (710 rays) …
  [!] Error in group 2024-10-10_1530__LAT-060_LON+120: podTc2_data must be provided when distance_localization=True (needed to compute ray midpoints for the localization matrix).

[303/494]
────────────────────────────────────────────────────────────
  Group : 2024-10-10_1530__LAT-030_LON+060
  Window: 2024-10-10_1530  |  Region: LAT-030_LON+060  |  11 occultation(s)
────────────────────────────────────────────────────────────
E34 is rising
R21 is rising
E21 is rising
E19 is rising
C23 is rising
Data Flipped: E24 is setting
Data Flipped: C36 is setting
Data Flipped: R16 is setting
Data Flipped: C40 is setting
Data Flipped: G14 is setting
Data Flipped: C27 is setting
  Parsed 11/11 files successfully.
  Bounding box: lat [-49.9, 9.1]  lon [64.4, 136.6]  |  vertices: 152
  Final group: 11 occultation(s), 152 mesh vertices
  Saved trim diagnostic → ./Figures/GroupKF/group_2024-10-10_1530__LAT-030_LON+060_trim.png
  [1/11] Building H for GN05 15:33 (602 rays) …
  -> Building H Matrix (602 rays, parallel)...
  [2/11] Building H for GN05 15:35 (445 rays) …
  -> Building H Matrix (445 rays, parallel)...
  [3/11] Building H for GN05 15:41 (453 rays) …
  -> Building H Matrix (453 rays, parallel)...
  [4/11] Building H for GN05 15:45 (386 rays) …
  -> Building H Matrix (386 rays, parallel)...
  [5/11] Building H for GN05 15:46 (320 rays) …
  -> Building H Matrix (320 rays, parallel)...
  [6/11] Building H for GN05 15:54 (380 rays) …
  -> Building H Matrix (380 rays, parallel)...
  [7/11] Building H for GN05 15:55 (346 rays) …
  -> Building H Matrix (346 rays, parallel)...
  [8/11] Building H for GN05 15:55 (323 rays) …
  -> Building H Matrix (323 rays, parallel)...
  [9/11] Building H for GN05 15:56 (296 rays) …
  -> Building H Matrix (296 rays, parallel)...
  [10/11] Building H for GN05 15:56 (288 rays) …
  -> Building H Matrix (288 rays, parallel)...
  [11/11] Building H for GN05 15:59 (318 rays) …
  -> Building H Matrix (318 rays, parallel)...
  Combined H shape : (4157, 7752)  (total rays = 4157)
  Running sequential KF assimilation …
  [step 1/11] Assimilating GN05 15:33 (602 rays) …
  [!] Error in group 2024-10-10_1530__LAT-030_LON+060: podTc2_data must be provided when distance_localization=True (needed to compute ray midpoints for the localization matrix).

[304/494]
────────────────────────────────────────────────────────────
  Group : 2024-10-10_1530__LAT+000_LON+060
  Window: 2024-10-10_1530  |  Region: LAT+000_LON+060  |  14 occultation(s)
────────────────────────────────────────────────────────────
C35 is rising
G11 is rising
R3 is rising
R4 is rising
G4 is rising
E4 is rising
C20 is rising
R5 is rising
G9 is rising
C32 is rising
No valid descending tangent points found. Skipping.
    [skip] podTc2_GN05.2024.284.15.53.0021.R20.01_0000.0001_nc — parse returned None
C19 is rising
E6 is rising
R14 is rising
  Parsed 13/14 files successfully.
  Bounding box: lat [-12.7, 54.1]  lon [70.5, 132.4]  |  vertices: 146
  Final group: 13 occultation(s), 146 mesh vertices
  Saved trim diagnostic → ./Figures/GroupKF/group_2024-10-10_1530__LAT+000_LON+060_trim.png
  [1/13] Building H for GN05 15:45 (493 rays) …
  -> Building H Matrix (493 rays, parallel)...
  [2/13] Building H for GN05 15:47 (255 rays) …
  -> Building H Matrix (255 rays, parallel)...
  [3/13] Building H for GN05 15:48 (451 rays) …
  -> Building H Matrix (451 rays, parallel)...
  [4/13] Building H for GN05 15:48 (290 rays) …
  -> Building H Matrix (290 rays, parallel)...
  [5/13] Building H for GN05 15:49 (288 rays) …
  -> Building H Matrix (288 rays, parallel)...
  [6/13] Building H for GN05 15:50 (280 rays) …
  -> Building H Matrix (280 rays, parallel)...
  [7/13] Building H for GN05 15:50 (280 rays) …
  -> Building H Matrix (280 rays, parallel)...
  [8/13] Building H for GN05 15:51 (224 rays) …
  -> Building H Matrix (224 rays, parallel)...
  [9/13] Building H for GN05 15:51 (289 rays) …
  -> Building H Matrix (289 rays, parallel)...
  [10/13] Building H for GN05 15:52 (628 rays) …
  -> Building H Matrix (628 rays, parallel)...
  [11/13] Building H for GN05 15:53 (166 rays) …
  -> Building H Matrix (166 rays, parallel)...
  [12/13] Building H for GN05 15:53 (221 rays) …
  -> Building H Matrix (221 rays, parallel)...
  [13/13] Building H for GN05 15:56 (360 rays) …
  -> Building H Matrix (360 rays, parallel)...
  Combined H shape : (4225, 7446)  (total rays = 4225)
  Running sequential KF assimilation …
  [step 1/13] Assimilating GN05 15:45 (493 rays) …
  [!] Error in group 2024-10-10_1530__LAT+000_LON+060: podTc2_data must be provided when distance_localization=True (needed to compute ray midpoints for the localization matrix).

[305/494]
────────────────────────────────────────────────────────────
  Group : 2024-10-10_1530__LAT+030_LON+060
  Window: 2024-10-10_1530  |  Region: LAT+030_LON+060  |  5 occultation(s)
────────────────────────────────────────────────────────────
E36 is rising
E9 is rising
C39 is rising
C37 is rising
G6 is rising
  Parsed 5/5 files successfully.
  Bounding box: lat [8.3, 83.7]  lon [10.0, 120.0]  |  vertices: 215
  Final group: 5 occultation(s), 215 mesh vertices
  Saved trim diagnostic → ./Figures/GroupKF/group_2024-10-10_1530__LAT+030_LON+060_trim.png
  [1/5] Building H for GN05 15:51 (512 rays) …
  -> Building H Matrix (512 rays, parallel)...
  [2/5] Building H for GN05 15:56 (408 rays) …
  -> Building H Matrix (408 rays, parallel)...
  [3/5] Building H for GN05 15:58 (374 rays) …
  -> Building H Matrix (374 rays, parallel)...
  [4/5] Building H for GN05 15:58 (426 rays) …
  -> Building H Matrix (426 rays, parallel)...
  [5/5] Building H for GN05 15:59 (476 rays) …
  -> Building H Matrix (476 rays, parallel)...
  Combined H shape : (2196, 10965)  (total rays = 2196)
  Running sequential KF assimilation …
  [step 1/5] Assimilating GN05 15:51 (512 rays) …
  [!] Error in group 2024-10-10_1530__LAT+030_LON+060: podTc2_data must be provided when distance_localization=True (needed to compute ray midpoints for the localization matrix).

[306/494]
────────────────────────────────────────────────────────────
  Group : 2024-10-10_1530__POLAR_N
  Window: 2024-10-10_1530  |  Region: POLAR_N  |  1 occultation(s)
────────────────────────────────────────────────────────────
C38 is rising
  Parsed 1/1 files successfully.
  [polar] Bounding box: lat [40.5, 90.0]  lon [-180.0, 180.0]  |  vertices: 290
  Final group: 1 occultation(s), 290 mesh vertices
  Saved trim diagnostic → ./Figures/GroupKF/group_2024-10-10_1530__POLAR_N_trim.png
  [1/1] Building H for GN05 15:58 (442 rays) …
  -> Building H Matrix (442 rays, parallel)...
  Combined H shape : (442, 14790)  (total rays = 442)
  Running sequential KF assimilation …
  [step 1/1] Assimilating GN05 15:58 (442 rays) …
  [!] Error in group 2024-10-10_1530__POLAR_N: podTc2_data must be provided when distance_localization=True (needed to compute ray midpoints for the localization matrix).

[307/494]
────────────────────────────────────────────────────────────
  Group : 2024-10-10_1600__LAT+030_LON+060
  Window: 2024-10-10_1600  |  Region: LAT+030_LON+060  |  14 occultation(s)
────────────────────────────────────────────────────────────
G7 is rising
Data Flipped: G24 is setting
Data Flipped: R1 is setting
Data Flipped: E8 is setting
Data Flipped: C33 is setting
Data Flipped: R8 is setting
Data Flipped: E2 is setting
Data Flipped: C42 is setting
Data Flipped: G10 is setting
Data Flipped: C28 is setting
Data Flipped: C21 is setting
Data Flipped: E26 is setting
Data Flipped: R2 is setting
Data Flipped: E7 is setting
  Parsed 14/14 files successfully.
  Bounding box: lat [16.4, 82.7]  lon [23.7, 149.8]  |  vertices: 204
  Final group: 14 occultation(s), 204 mesh vertices
  Saved trim diagnostic → ./Figures/GroupKF/group_2024-10-10_1600__LAT+030_LON+060_trim.png
  [1/14] Building H for GN05 16:01 (358 rays) …
  -> Building H Matrix (358 rays, parallel)...
  [2/14] Building H for GN05 16:12 (267 rays) …
  -> Building H Matrix (267 rays, parallel)...
  [3/14] Building H for GN05 16:12 (420 rays) …
  -> Building H Matrix (420 rays, parallel)...
  [4/14] Building H for GN05 16:13 (308 rays) …
  -> Building H Matrix (308 rays, parallel)...
  [5/14] Building H for GN05 16:13 (494 rays) …
  -> Building H Matrix (494 rays, parallel)...
  [6/14] Building H for GN05 16:13 (257 rays) …
  -> Building H Matrix (257 rays, parallel)...
  [7/14] Building H for GN05 16:13 (512 rays) …
  -> Building H Matrix (512 rays, parallel)...
  [8/14] Building H for GN05 16:13 (402 rays) …
  -> Building H Matrix (402 rays, parallel)...
  [9/14] Building H for GN05 16:14 (432 rays) …
  -> Building H Matrix (432 rays, parallel)...
  [10/14] Building H for GN05 16:14 (492 rays) …
  -> Building H Matrix (492 rays, parallel)...
  [11/14] Building H for GN05 16:14 (508 rays) …
  -> Building H Matrix (508 rays, parallel)...
  [12/14] Building H for GN05 16:15 (535 rays) …
  -> Building H Matrix (535 rays, parallel)...
  [13/14] Building H for GN05 16:16 (834 rays) …
  -> Building H Matrix (834 rays, parallel)...
  [14/14] Building H for GN05 16:17 (387 rays) …
  -> Building H Matrix (387 rays, parallel)...
  Combined H shape : (6206, 10404)  (total rays = 6206)
  Running sequential KF assimilation …
  [step 1/14] Assimilating GN05 16:01 (358 rays) …
  [!] Error in group 2024-10-10_1600__LAT+030_LON+060: podTc2_data must be provided when distance_localization=True (needed to compute ray midpoints for the localization matrix).

[308/494]
────────────────────────────────────────────────────────────
  Group : 2024-10-10_1600__LAT-030_LON+060
  Window: 2024-10-10_1600  |  Region: LAT-030_LON+060  |  2 occultation(s)
────────────────────────────────────────────────────────────
Data Flipped: E33 is setting
Data Flipped: E25 is setting
  Parsed 2/2 files successfully.
  Bounding box: lat [-23.2, 10.7]  lon [78.9, 119.1]  |  vertices: 53
  Final group: 2 occultation(s), 53 mesh vertices
  Saved trim diagnostic → ./Figures/GroupKF/group_2024-10-10_1600__LAT-030_LON+060_trim.png
  [1/2] Building H for GN05 16:02 (377 rays) …
  -> Building H Matrix (377 rays, parallel)...
  [2/2] Building H for GN05 16:03 (260 rays) …
  -> Building H Matrix (260 rays, parallel)...
  Combined H shape : (637, 2703)  (total rays = 637)
  Running sequential KF assimilation …
  [step 1/2] Assimilating GN05 16:02 (377 rays) …
  [!] Error in group 2024-10-10_1600__LAT-030_LON+060: podTc2_data must be provided when distance_localization=True (needed to compute ray midpoints for the localization matrix).

[309/494]
────────────────────────────────────────────────────────────
  Group : 2024-10-10_1600__POLAR_N
  Window: 2024-10-10_1600  |  Region: POLAR_N  |  19 occultation(s)
────────────────────────────────────────────────────────────
E11 is rising
G30 is rising
E10 is rising
R15 is rising
C29 is rising
E5 is rising
G3 is rising
Data Flipped: R24 is setting
Data Flipped: G32 is setting
E31 is rising
G14 is rising
Data Flipped: G23 is setting
R16 is rising
R19 is rising
C36 is rising
Data Flipped: R11 is setting
Data Flipped: E13 is setting
Data Flipped: E29 is setting
Data Flipped: C41 is setting
  Parsed 19/19 files successfully.
  [polar] Bounding box: lat [39.7, 90.0]  lon [-180.0, 180.0]  |  vertices: 299
  Final group: 19 occultation(s), 299 mesh vertices
  Saved trim diagnostic → ./Figures/GroupKF/group_2024-10-10_1600__POLAR_N_trim.png
  [1/19] Building H for GN05 16:02 (405 rays) …
  -> Building H Matrix (405 rays, parallel)...
  [2/19] Building H for GN05 16:07 (334 rays) …
  -> Building H Matrix (334 rays, parallel)...
  [3/19] Building H for GN05 16:08 (458 rays) …
  -> Building H Matrix (458 rays, parallel)...
  [4/19] Building H for GN05 16:08 (422 rays) …
  -> Building H Matrix (422 rays, parallel)...
  [5/19] Building H for GN05 16:11 (519 rays) …
  -> Building H Matrix (519 rays, parallel)...
  [6/19] Building H for GN05 16:11 (534 rays) …
  -> Building H Matrix (534 rays, parallel)...
  [7/19] Building H for GN05 16:17 (246 rays) …
  -> Building H Matrix (246 rays, parallel)...
  [8/19] Building H for GN05 16:17 (647 rays) …
  -> Building H Matrix (647 rays, parallel)...
  [9/19] Building H for GN05 16:18 (424 rays) …
  -> Building H Matrix (424 rays, parallel)...
  [10/19] Building H for GN05 16:18 (558 rays) …
  -> Building H Matrix (558 rays, parallel)...
  [11/19] Building H for GN05 16:18 (397 rays) …
  -> Building H Matrix (397 rays, parallel)...
  [12/19] Building H for GN05 16:18 (449 rays) …
  -> Building H Matrix (449 rays, parallel)...
  [13/19] Building H for GN05 16:18 (378 rays) …
  -> Building H Matrix (378 rays, parallel)...
  [14/19] Building H for GN05 16:19 (463 rays) …
  -> Building H Matrix (463 rays, parallel)...
  [15/19] Building H for GN05 16:19 (369 rays) …
  -> Building H Matrix (369 rays, parallel)...
  [16/19] Building H for GN05 16:26 (422 rays) …
  -> Building H Matrix (422 rays, parallel)...
  [17/19] Building H for GN05 16:27 (431 rays) …
  -> Building H Matrix (431 rays, parallel)...
  [18/19] Building H for GN05 16:27 (461 rays) …
  -> Building H Matrix (461 rays, parallel)...
  [19/19] Building H for GN05 16:28 (405 rays) …
  -> Building H Matrix (405 rays, parallel)...
  Combined H shape : (8322, 15249)  (total rays = 8322)
  Running sequential KF assimilation …
  [step 1/19] Assimilating GN05 16:02 (405 rays) …
  [!] Error in group 2024-10-10_1600__POLAR_N: podTc2_data must be provided when distance_localization=True (needed to compute ray midpoints for the localization matrix).

[310/494]
────────────────────────────────────────────────────────────
  Group : 2024-10-10_1600__LAT+000_LON+060
  Window: 2024-10-10_1600  |  Region: LAT+000_LON+060  |  6 occultation(s)
────────────────────────────────────────────────────────────
Data Flipped: R17 is setting
Data Flipped: E3 is setting
Data Flipped: C45 is setting
Data Flipped: R9 is setting
Data Flipped: G15 is setting
Data Flipped: R7 is setting
  Parsed 6/6 files successfully.
  Bounding box: lat [-18.2, 44.6]  lon [64.7, 114.1]  |  vertices: 114
  Final group: 6 occultation(s), 114 mesh vertices
  Saved trim diagnostic → ./Figures/GroupKF/group_2024-10-10_1600__LAT+000_LON+060_trim.png
  [1/6] Building H for GN05 16:03 (365 rays) …
  -> Building H Matrix (365 rays, parallel)...
  [2/6] Building H for GN05 16:05 (390 rays) …
  -> Building H Matrix (390 rays, parallel)...
  [3/6] Building H for GN05 16:07 (233 rays) …
  -> Building H Matrix (233 rays, parallel)...
  [4/6] Building H for GN05 16:08 (112 rays) …
  -> Building H Matrix (112 rays, parallel)...
  [5/6] Building H for GN05 16:12 (225 rays) …
  -> Building H Matrix (225 rays, parallel)...
  [6/6] Building H for GN05 16:13 (372 rays) …
  -> Building H Matrix (372 rays, parallel)...
  Combined H shape : (1697, 5814)  (total rays = 1697)
  Running sequential KF assimilation …
  [step 1/6] Assimilating GN05 16:03 (365 rays) …
  [!] Error in group 2024-10-10_1600__LAT+000_LON+060: podTc2_data must be provided when distance_localization=True (needed to compute ray midpoints for the localization matrix).

[311/494]
────────────────────────────────────────────────────────────
  Group : 2024-10-10_1600__LAT-060_LON+060
  Window: 2024-10-10_1600  |  Region: LAT-060_LON+060  |  1 occultation(s)
────────────────────────────────────────────────────────────
No valid descending tangent points found. Skipping.
    [skip] podTc2_GN05.2024.284.16.06.0018.R18.00_0000.0001_nc — parse returned None

[312/494]
────────────────────────────────────────────────────────────
  Group : 2024-10-10_1600__LAT+030_LON-120
  Window: 2024-10-10_1600  |  Region: LAT+030_LON-120  |  9 occultation(s)
────────────────────────────────────────────────────────────
C30 is rising
E12 is rising
G17 is rising
R18 is rising
E24 is rising
C40 is rising
E25 is rising
R9 is rising
C45 is rising
  Parsed 9/9 files successfully.
  Bounding box: lat [7.4, 82.5]  lon [-157.0, -51.4]  |  vertices: 209
  Final group: 9 occultation(s), 209 mesh vertices
  Saved trim diagnostic → ./Figures/GroupKF/group_2024-10-10_1600__LAT+030_LON-120_trim.png
  [1/9] Building H for GN05 16:16 (447 rays) …
  -> Building H Matrix (447 rays, parallel)...
  [2/9] Building H for GN05 16:18 (512 rays) …
  -> Building H Matrix (512 rays, parallel)...
  [3/9] Building H for GN05 16:18 (425 rays) …
  -> Building H Matrix (425 rays, parallel)...
  [4/9] Building H for GN05 16:18 (488 rays) …
  -> Building H Matrix (488 rays, parallel)...
  [5/9] Building H for GN05 16:19 (401 rays) …
  -> Building H Matrix (401 rays, parallel)...
  [6/9] Building H for GN05 16:21 (465 rays) …
  -> Building H Matrix (465 rays, parallel)...
  [7/9] Building H for GN05 16:25 (400 rays) …
  -> Building H Matrix (400 rays, parallel)...
  [8/9] Building H for GN05 16:26 (368 rays) …
  -> Building H Matrix (368 rays, parallel)...
  [9/9] Building H for GN05 16:27 (390 rays) …
  -> Building H Matrix (390 rays, parallel)...
  Combined H shape : (3896, 10659)  (total rays = 3896)
  Running sequential KF assimilation …
  [step 1/9] Assimilating GN05 16:16 (447 rays) …
  [!] Error in group 2024-10-10_1600__LAT+030_LON-120: podTc2_data must be provided when distance_localization=True (needed to compute ray midpoints for the localization matrix).

[313/494]
────────────────────────────────────────────────────────────
  Group : 2024-10-10_1600__LAT+030_LON-180
  Window: 2024-10-10_1600  |  Region: LAT+030_LON-180  |  1 occultation(s)
────────────────────────────────────────────────────────────
Data Flipped: C26 is setting
  Parsed 1/1 files successfully.
  Bounding box: lat [48.9, 64.7]  lon [41.7, 89.7]  |  vertices: 16
  Final group: 1 occultation(s), 16 mesh vertices
  Saved trim diagnostic → ./Figures/GroupKF/group_2024-10-10_1600__LAT+030_LON-180_trim.png
  [1/1] Building H for GN05 16:21 (168 rays) …
  -> Building H Matrix (168 rays, parallel)...
  Combined H shape : (168, 816)  (total rays = 168)
  Running sequential KF assimilation …
  [step 1/1] Assimilating GN05 16:21 (168 rays) …
  [!] Error in group 2024-10-10_1600__LAT+030_LON-180: podTc2_data must be provided when distance_localization=True (needed to compute ray midpoints for the localization matrix).

[314/494]
────────────────────────────────────────────────────────────
  Group : 2024-10-10_1600__LAT+030_LON-060
  Window: 2024-10-10_1600  |  Region: LAT+030_LON-060  |  1 occultation(s)
────────────────────────────────────────────────────────────
No valid descending tangent points found. Skipping.
    [skip] podTc2_GN05.2024.284.16.25.0023.C28.00_0000.0001_nc — parse returned None

[315/494]
────────────────────────────────────────────────────────────
  Group : 2024-10-10_1600__LAT+000_LON-120
  Window: 2024-10-10_1600  |  Region: LAT+000_LON-120  |  1 occultation(s)
────────────────────────────────────────────────────────────
C27 is rising
  Parsed 1/1 files successfully.
  Bounding box: lat [-15.5, 30.5]  lon [-131.0, -87.0]  |  vertices: 80
  Final group: 1 occultation(s), 80 mesh vertices
  Saved trim diagnostic → ./Figures/GroupKF/group_2024-10-10_1600__LAT+000_LON-120_trim.png
  [1/1] Building H for GN05 16:26 (690 rays) …
  -> Building H Matrix (690 rays, parallel)...
  Combined H shape : (690, 4080)  (total rays = 690)
  Running sequential KF assimilation …
  [step 1/1] Assimilating GN05 16:26 (690 rays) …
  [!] Error in group 2024-10-10_1600__LAT+000_LON-120: podTc2_data must be provided when distance_localization=True (needed to compute ray midpoints for the localization matrix).

[316/494]
────────────────────────────────────────────────────────────
  Group : 2024-10-10_1630__POLAR_N
  Window: 2024-10-10_1630  |  Region: POLAR_N  |  4 occultation(s)
────────────────────────────────────────────────────────────
Data Flipped: C24 is setting
Data Flipped: G28 is setting
Data Flipped: E30 is setting
Data Flipped: C43 is setting
  Parsed 4/4 files successfully.
  [polar] Bounding box: lat [40.3, 90.0]  lon [-180.0, 180.0]  |  vertices: 291
  Final group: 4 occultation(s), 291 mesh vertices
  Saved trim diagnostic → ./Figures/GroupKF/group_2024-10-10_1630__POLAR_N_trim.png
  [1/4] Building H for GN05 16:31 (250 rays) …
  -> Building H Matrix (250 rays, parallel)...
  [2/4] Building H for GN05 16:32 (354 rays) …
  -> Building H Matrix (354 rays, parallel)...
  [3/4] Building H for GN05 16:32 (454 rays) …
  -> Building H Matrix (454 rays, parallel)...
  [4/4] Building H for GN05 16:32 (494 rays) …
  -> Building H Matrix (494 rays, parallel)...
  Combined H shape : (1552, 14841)  (total rays = 1552)
  Running sequential KF assimilation …
  [step 1/4] Assimilating GN05 16:31 (250 rays) …
  [!] Error in group 2024-10-10_1630__POLAR_N: podTc2_data must be provided when distance_localization=True (needed to compute ray midpoints for the localization matrix).

[317/494]
────────────────────────────────────────────────────────────
  Group : 2024-10-10_1630__LAT-030_LON-120
  Window: 2024-10-10_1630  |  Region: LAT-030_LON-120  |  22 occultation(s)
────────────────────────────────────────────────────────────
R17 is rising
E33 is rising
R8 is rising
E8 is rising
R1 is rising
C42 is rising
C33 is rising
C26 is rising
E7 is rising
G32 is rising
G12 is rising
R2 is rising
C28 is rising
C41 is rising
Data Flipped: C44 is setting
Data Flipped: G4 is setting
Data Flipped: G5 is setting
Data Flipped: E34 is setting
Data Flipped: R14 is setting
Data Flipped: E4 is setting
Data Flipped: R4 is setting
Data Flipped: C32 is setting
  Parsed 22/22 files successfully.
  Bounding box: lat [-84.5, 26.8]  lon [156.5, -56.1]  |  vertices: 489
  [trim] n_geo=489 > MAX_MESH_VERTICES=300 — dropping GN05 16:46 (69.8° from centroid)
  Bounding box: lat [-77.1, 26.8]  lon [156.5, -56.1]  |  vertices: 482
  [trim] n_geo=482 > MAX_MESH_VERTICES=300 — dropping GN05 16:59 (71.3° from centroid)
  Bounding box: lat [-55.8, 26.8]  lon [-144.2, -56.1]  |  vertices: 259
  Final group: 20 occultation(s), 259 mesh vertices
  Saved trim diagnostic → ./Figures/GroupKF/group_2024-10-10_1630__LAT-030_LON-120_trim.png
  [1/20] Building H for GN05 16:31 (647 rays) …
  -> Building H Matrix (647 rays, parallel)...
  [2/20] Building H for GN05 16:34 (617 rays) …
  -> Building H Matrix (617 rays, parallel)...
  [3/20] Building H for GN05 16:36 (504 rays) …
  -> Building H Matrix (504 rays, parallel)...
  [4/20] Building H for GN05 16:36 (441 rays) …
  -> Building H Matrix (441 rays, parallel)...
  [5/20] Building H for GN05 16:37 (406 rays) …
  -> Building H Matrix (406 rays, parallel)...
  [6/20] Building H for GN05 16:39 (463 rays) …
  -> Building H Matrix (463 rays, parallel)...
  [7/20] Building H for GN05 16:39 (427 rays) …
  -> Building H Matrix (427 rays, parallel)...
  [8/20] Building H for GN05 16:40 (429 rays) …
  -> Building H Matrix (429 rays, parallel)...
  [9/20] Building H for GN05 16:41 (385 rays) …
  -> Building H Matrix (385 rays, parallel)...
  [10/20] Building H for GN05 16:42 (392 rays) …
  -> Building H Matrix (392 rays, parallel)...
  [11/20] Building H for GN05 16:43 (604 rays) …
  -> Building H Matrix (604 rays, parallel)...
  [12/20] Building H for GN05 16:44 (633 rays) …
  -> Building H Matrix (633 rays, parallel)...
  [13/20] Building H for GN05 16:47 (936 rays) …
  -> Building H Matrix (936 rays, parallel)...
  [14/20] Building H for GN05 16:49 (685 rays) …
  -> Building H Matrix (685 rays, parallel)...
  [15/20] Building H for GN05 16:52 (546 rays) …
  -> Building H Matrix (546 rays, parallel)...
  [16/20] Building H for GN05 16:53 (690 rays) …
  -> Building H Matrix (690 rays, parallel)...
  [17/20] Building H for GN05 16:54 (617 rays) …
  -> Building H Matrix (617 rays, parallel)...
  [18/20] Building H for GN05 16:56 (380 rays) …
  -> Building H Matrix (380 rays, parallel)...
  [19/20] Building H for GN05 16:57 (435 rays) …
  -> Building H Matrix (435 rays, parallel)...
  [20/20] Building H for GN05 16:57 (527 rays) …
  -> Building H Matrix (527 rays, parallel)...
  Combined H shape : (10764, 13209)  (total rays = 10764)
  Running sequential KF assimilation …
  [step 1/20] Assimilating GN05 16:31 (647 rays) …
  [!] Error in group 2024-10-10_1630__LAT-030_LON-120: podTc2_data must be provided when distance_localization=True (needed to compute ray midpoints for the localization matrix).

[318/494]
────────────────────────────────────────────────────────────
  Group : 2024-10-10_1630__LAT+030_LON-120
  Window: 2024-10-10_1630  |  Region: LAT+030_LON-120  |  8 occultation(s)
────────────────────────────────────────────────────────────
No valid descending tangent points found. Skipping.
    [skip] podTc2_GN05.2024.284.16.33.0010.G12.00_0000.0001_nc — parse returned None
Data Flipped: G18 is setting
Data Flipped: R12 is setting
Data Flipped: C25 is setting
Data Flipped: E15 is setting
Data Flipped: G31 is setting
Data Flipped: E27 is setting
Data Flipped: C34 is setting
  Parsed 7/8 files successfully.
  Bounding box: lat [7.3, 76.2]  lon [-105.0, -60.2]  |  vertices: 86
  Final group: 7 occultation(s), 86 mesh vertices
  Saved trim diagnostic → ./Figures/GroupKF/group_2024-10-10_1630__LAT+030_LON-120_trim.png
  [1/7] Building H for GN05 16:35 (482 rays) …
  -> Building H Matrix (482 rays, parallel)...
  [2/7] Building H for GN05 16:38 (376 rays) …
  -> Building H Matrix (376 rays, parallel)...
  [3/7] Building H for GN05 16:38 (363 rays) …
  -> Building H Matrix (363 rays, parallel)...
  [4/7] Building H for GN05 16:38 (505 rays) …
  -> Building H Matrix (505 rays, parallel)...
  [5/7] Building H for GN05 16:39 (374 rays) …
  -> Building H Matrix (374 rays, parallel)...
  [6/7] Building H for GN05 16:40 (384 rays) …
  -> Building H Matrix (384 rays, parallel)...
  [7/7] Building H for GN05 16:44 (178 rays) …
  -> Building H Matrix (178 rays, parallel)...
  Combined H shape : (2662, 4386)  (total rays = 2662)
  Running sequential KF assimilation …
  [step 1/7] Assimilating GN05 16:35 (482 rays) …
  [!] Error in group 2024-10-10_1630__LAT+030_LON-120: podTc2_data must be provided when distance_localization=True (needed to compute ray midpoints for the localization matrix).

[319/494]
────────────────────────────────────────────────────────────
  Group : 2024-10-10_1630__LAT+000_LON-120
  Window: 2024-10-10_1630  |  Region: LAT+000_LON-120  |  13 occultation(s)
────────────────────────────────────────────────────────────
Data Flipped: G27 is setting
G15 is rising
G24 is rising
E3 is rising
E2 is rising
R7 is rising
Data Flipped: R22 is setting
Data Flipped: G26 is setting
Data Flipped: E21 is setting
Data Flipped: G29 is setting
Data Flipped: C23 is setting
Data Flipped: E19 is setting
Data Flipped: R3 is setting
  Parsed 13/13 files successfully.
  Bounding box: lat [-41.8, 79.0]  lon [-138.8, -35.6]  |  vertices: 391
  [trim] n_geo=391 > MAX_MESH_VERTICES=300 — dropping GN05 16:33 (38.0° from centroid)
  Bounding box: lat [-41.8, 57.4]  lon [-134.3, -42.6]  |  vertices: 319
  [trim] n_geo=319 > MAX_MESH_VERTICES=300 — dropping GN05 16:48 (26.5° from centroid)
  Bounding box: lat [-41.8, 57.4]  lon [-113.8, -42.6]  |  vertices: 248
  Final group: 11 occultation(s), 248 mesh vertices
  Saved trim diagnostic → ./Figures/GroupKF/group_2024-10-10_1630__LAT+000_LON-120_trim.png
  [1/11] Building H for GN05 16:34 (777 rays) …
  -> Building H Matrix (777 rays, parallel)...
  [2/11] Building H for GN05 16:34 (402 rays) …
  -> Building H Matrix (402 rays, parallel)...
  [3/11] Building H for GN05 16:34 (659 rays) …
  -> Building H Matrix (659 rays, parallel)...
  [4/11] Building H for GN05 16:37 (562 rays) …
  -> Building H Matrix (562 rays, parallel)...
  [5/11] Building H for GN05 16:40 (2100 rays) …
  -> Building H Matrix (2100 rays, parallel)...
  [6/11] Building H for GN05 16:43 (485 rays) …
  -> Building H Matrix (485 rays, parallel)...
  [7/11] Building H for GN05 16:43 (368 rays) …
  -> Building H Matrix (368 rays, parallel)...
  [8/11] Building H for GN05 16:46 (395 rays) …
  -> Building H Matrix (395 rays, parallel)...
  [9/11] Building H for GN05 16:46 (613 rays) …
  -> Building H Matrix (613 rays, parallel)...
  [10/11] Building H for GN05 16:47 (383 rays) …
  -> Building H Matrix (383 rays, parallel)...
  [11/11] Building H for GN05 16:48 (255 rays) …
  -> Building H Matrix (255 rays, parallel)...
  Combined H shape : (6999, 12648)  (total rays = 6999)
  Running sequential KF assimilation …
  [step 1/11] Assimilating GN05 16:34 (777 rays) …
  [!] Error in group 2024-10-10_1630__LAT+000_LON-120: podTc2_data must be provided when distance_localization=True (needed to compute ray midpoints for the localization matrix).

[320/494]
────────────────────────────────────────────────────────────
  Group : 2024-10-10_1630__LAT-060_LON-120
  Window: 2024-10-10_1630  |  Region: LAT-060_LON-120  |  9 occultation(s)
────────────────────────────────────────────────────────────
G10 is rising
C21 is rising
R11 is rising
C24 is rising
Data Flipped: C22 is setting
Data Flipped: R21 is setting
Data Flipped: G9 is setting
Data Flipped: C37 is setting
Data Flipped: R5 is setting
  Parsed 9/9 files successfully.
  Bounding box: lat [-81.1, 5.7]  lon [153.5, -13.9]  |  vertices: 479
  [trim] n_geo=479 > MAX_MESH_VERTICES=300 — dropping GN05 16:44 (104.0° from centroid)
  Bounding box: lat [-80.1, -5.8]  lon [-152.2, -48.1]  |  vertices: 209
  Final group: 8 occultation(s), 209 mesh vertices
  Saved trim diagnostic → ./Figures/GroupKF/group_2024-10-10_1630__LAT-060_LON-120_trim.png
  [1/8] Building H for GN05 16:41 (438 rays) …
  -> Building H Matrix (438 rays, parallel)...
  [2/8] Building H for GN05 16:48 (436 rays) …
  -> Building H Matrix (436 rays, parallel)...
  [3/8] Building H for GN05 16:52 (417 rays) …
  -> Building H Matrix (417 rays, parallel)...
  [4/8] Building H for GN05 16:57 (888 rays) …
  -> Building H Matrix (888 rays, parallel)...
  [5/8] Building H for GN05 16:58 (656 rays) …
  -> Building H Matrix (656 rays, parallel)...
  [6/8] Building H for GN05 16:58 (432 rays) …
  -> Building H Matrix (432 rays, parallel)...
  [7/8] Building H for GN05 16:59 (430 rays) …
  -> Building H Matrix (430 rays, parallel)...
  [8/8] Building H for GN05 16:59 (401 rays) …
  -> Building H Matrix (401 rays, parallel)...
  Combined H shape : (4098, 10659)  (total rays = 4098)
  Running sequential KF assimilation …
  [step 1/8] Assimilating GN05 16:41 (438 rays) …
  [!] Error in group 2024-10-10_1630__LAT-060_LON-120: podTc2_data must be provided when distance_localization=True (needed to compute ray midpoints for the localization matrix).

[321/494]
────────────────────────────────────────────────────────────
  Group : 2024-10-10_1630__LAT-060_LON-180
  Window: 2024-10-10_1630  |  Region: LAT-060_LON-180  |  2 occultation(s)
────────────────────────────────────────────────────────────
E26 is rising
E29 is rising
  Parsed 2/2 files successfully.
  Bounding box: lat [-80.2, -25.9]  lon [-141.5, -105.0]  |  vertices: 45
  Final group: 2 occultation(s), 45 mesh vertices
  Saved trim diagnostic → ./Figures/GroupKF/group_2024-10-10_1630__LAT-060_LON-180_trim.png
  [1/2] Building H for GN05 16:45 (482 rays) …
  -> Building H Matrix (482 rays, parallel)...
  [2/2] Building H for GN05 16:52 (507 rays) …
  -> Building H Matrix (507 rays, parallel)...
  Combined H shape : (989, 2295)  (total rays = 989)
  Running sequential KF assimilation …
  [step 1/2] Assimilating GN05 16:45 (482 rays) …
  [!] Error in group 2024-10-10_1630__LAT-060_LON-180: podTc2_data must be provided when distance_localization=True (needed to compute ray midpoints for the localization matrix).

[322/494]
────────────────────────────────────────────────────────────
  Group : 2024-10-10_1630__POLAR_S
  Window: 2024-10-10_1630  |  Region: POLAR_S  |  5 occultation(s)
────────────────────────────────────────────────────────────
G23 is rising
R24 is rising
G28 is rising
E13 is rising
E30 is rising
  Parsed 5/5 files successfully.
  [polar] Bounding box: lat [-90.0, -39.5]  lon [-180.0, 180.0]  |  vertices: 300
  Final group: 5 occultation(s), 300 mesh vertices
  Saved trim diagnostic → ./Figures/GroupKF/group_2024-10-10_1630__POLAR_S_trim.png
  [1/5] Building H for GN05 16:46 (630 rays) …
  -> Building H Matrix (630 rays, parallel)...
  [2/5] Building H for GN05 16:50 (549 rays) …
  -> Building H Matrix (549 rays, parallel)...
  [3/5] Building H for GN05 16:54 (368 rays) …
  -> Building H Matrix (368 rays, parallel)...
  [4/5] Building H for GN05 16:55 (461 rays) …
  -> Building H Matrix (461 rays, parallel)...
  [5/5] Building H for GN05 16:56 (669 rays) …
  -> Building H Matrix (669 rays, parallel)...
  Combined H shape : (2677, 15300)  (total rays = 2677)
  Running sequential KF assimilation …
  [step 1/5] Assimilating GN05 16:46 (630 rays) …
  [!] Error in group 2024-10-10_1630__POLAR_S: podTc2_data must be provided when distance_localization=True (needed to compute ray midpoints for the localization matrix).

[323/494]
────────────────────────────────────────────────────────────
  Group : 2024-10-10_1700__LAT-060_LON-120
  Window: 2024-10-10_1700  |  Region: LAT-060_LON-120  |  6 occultation(s)
────────────────────────────────────────────────────────────
Data Flipped: E6 is setting
Data Flipped: C20 is setting
Data Flipped: C19 is setting
Data Flipped: E9 is setting
Data Flipped: G7 is setting
Data Flipped: C39 is setting
  Parsed 6/6 files successfully.
  Bounding box: lat [-77.5, -15.5]  lon [-169.0, -79.8]  |  vertices: 145
  Final group: 6 occultation(s), 145 mesh vertices
  Saved trim diagnostic → ./Figures/GroupKF/group_2024-10-10_1700__LAT-060_LON-120_trim.png
  [1/6] Building H for GN05 17:00 (393 rays) …
  -> Building H Matrix (393 rays, parallel)...
  [2/6] Building H for GN05 17:01 (451 rays) …
  -> Building H Matrix (451 rays, parallel)...
  [3/6] Building H for GN05 17:02 (367 rays) …
  -> Building H Matrix (367 rays, parallel)...
  [4/6] Building H for GN05 17:02 (388 rays) …
  -> Building H Matrix (388 rays, parallel)...
  [5/6] Building H for GN05 17:04 (377 rays) …
  -> Building H Matrix (377 rays, parallel)...
  [6/6] Building H for GN05 17:06 (276 rays) …
  -> Building H Matrix (276 rays, parallel)...
  Combined H shape : (2252, 7395)  (total rays = 2252)
  Running sequential KF assimilation …
  [step 1/6] Assimilating GN05 17:00 (393 rays) …
  [!] Error in group 2024-10-10_1700__LAT-060_LON-120: podTc2_data must be provided when distance_localization=True (needed to compute ray midpoints for the localization matrix).

[324/494]
────────────────────────────────────────────────────────────
  Group : 2024-10-10_1700__POLAR_S
  Window: 2024-10-10_1700  |  Region: POLAR_S  |  17 occultation(s)
────────────────────────────────────────────────────────────
C43 is rising
R12 is rising
C25 is rising
G31 is rising
E27 is rising
G26 is rising
Data Flipped: R15 is setting
Data Flipped: G11 is setting
Data Flipped: E5 is setting
Data Flipped: C35 is setting
Data Flipped: E36 is setting
Data Flipped: G30 is setting
Data Flipped: C38 is setting
Data Flipped: R20 is setting
Data Flipped: G6 is setting
Data Flipped: G15 is setting
Data Flipped: E11 is setting
  Parsed 17/17 files successfully.
  [polar] Bounding box: lat [-90.0, -40.4]  lon [-180.0, 180.0]  |  vertices: 291
  Final group: 17 occultation(s), 291 mesh vertices
  Saved trim diagnostic → ./Figures/GroupKF/group_2024-10-10_1700__POLAR_S_trim.png
  [1/17] Building H for GN05 17:00 (446 rays) …
  -> Building H Matrix (446 rays, parallel)...
  [2/17] Building H for GN05 17:01 (408 rays) …
  -> Building H Matrix (408 rays, parallel)...
  [3/17] Building H for GN05 17:01 (377 rays) …
  -> Building H Matrix (377 rays, parallel)...
  [4/17] Building H for GN05 17:01 (375 rays) …
  -> Building H Matrix (375 rays, parallel)...
  [5/17] Building H for GN05 17:04 (457 rays) …
  -> Building H Matrix (457 rays, parallel)...
  [6/17] Building H for GN05 17:07 (385 rays) …
  -> Building H Matrix (385 rays, parallel)...
  [7/17] Building H for GN05 17:08 (440 rays) …
  -> Building H Matrix (440 rays, parallel)...
  [8/17] Building H for GN05 17:08 (516 rays) …
  -> Building H Matrix (516 rays, parallel)...
  [9/17] Building H for GN05 17:08 (501 rays) …
  -> Building H Matrix (501 rays, parallel)...
  [10/17] Building H for GN05 17:09 (770 rays) …
  -> Building H Matrix (770 rays, parallel)...
  [11/17] Building H for GN05 17:09 (480 rays) …
  -> Building H Matrix (480 rays, parallel)...
  [12/17] Building H for GN05 17:11 (367 rays) …
  -> Building H Matrix (367 rays, parallel)...
  [13/17] Building H for GN05 17:12 (410 rays) …
  -> Building H Matrix (410 rays, parallel)...
  [14/17] Building H for GN05 17:16 (519 rays) …
  -> Building H Matrix (519 rays, parallel)...
  [15/17] Building H for GN05 17:18 (458 rays) …
  -> Building H Matrix (458 rays, parallel)...
  [16/17] Building H for GN05 17:19 (782 rays) …
  -> Building H Matrix (782 rays, parallel)...
  [17/17] Building H for GN05 17:20 (433 rays) …
  -> Building H Matrix (433 rays, parallel)...
  Combined H shape : (8124, 14841)  (total rays = 8124)
  Running sequential KF assimilation …
  [step 1/17] Assimilating GN05 17:00 (446 rays) …
  [!] Error in group 2024-10-10_1700__POLAR_S: podTc2_data must be provided when distance_localization=True (needed to compute ray midpoints for the localization matrix).

[325/494]
────────────────────────────────────────────────────────────
  Group : 2024-10-10_1700__LAT-060_LON+060
  Window: 2024-10-10_1700  |  Region: LAT-060_LON+060  |  13 occultation(s)
────────────────────────────────────────────────────────────
G18 is rising
G27 is rising
G8 is rising
C34 is rising
E21 is rising
C23 is rising
Data Flipped: R16 is setting
Data Flipped: C36 is setting
Data Flipped: G14 is setting
Data Flipped: E3 is setting
Data Flipped: E24 is setting
Data Flipped: E10 is setting
Data Flipped: C29 is setting
  Parsed 13/13 files successfully.
  Bounding box: lat [-83.9, -15.0]  lon [31.2, -114.5]  |  vertices: 362
  [trim] n_geo=362 > MAX_MESH_VERTICES=300 — dropping GN05 17:05 (48.3° from centroid)
  Bounding box: lat [-83.9, -15.0]  lon [31.2, 157.0]  |  vertices: 212
  Final group: 12 occultation(s), 212 mesh vertices
  Saved trim diagnostic → ./Figures/GroupKF/group_2024-10-10_1700__LAT-060_LON+060_trim.png
  [1/12] Building H for GN05 17:04 (523 rays) …
  -> Building H Matrix (523 rays, parallel)...
  [2/12] Building H for GN05 17:05 (522 rays) …
  -> Building H Matrix (522 rays, parallel)...
  [3/12] Building H for GN05 17:07 (502 rays) …
  -> Building H Matrix (502 rays, parallel)...
  [4/12] Building H for GN05 17:10 (384 rays) …
  -> Building H Matrix (384 rays, parallel)...
  [5/12] Building H for GN05 17:10 (377 rays) …
  -> Building H Matrix (377 rays, parallel)...
  [6/12] Building H for GN05 17:20 (408 rays) …
  -> Building H Matrix (408 rays, parallel)...
  [7/12] Building H for GN05 17:22 (375 rays) …
  -> Building H Matrix (375 rays, parallel)...
  [8/12] Building H for GN05 17:23 (459 rays) …
  -> Building H Matrix (459 rays, parallel)...
  [9/12] Building H for GN05 17:24 (606 rays) …
  -> Building H Matrix (606 rays, parallel)...
  [10/12] Building H for GN05 17:26 (374 rays) …
  -> Building H Matrix (374 rays, parallel)...
  [11/12] Building H for GN05 17:26 (509 rays) …
  -> Building H Matrix (509 rays, parallel)...
  [12/12] Building H for GN05 17:26 (360 rays) …
  -> Building H Matrix (360 rays, parallel)...
  Combined H shape : (5399, 10812)  (total rays = 5399)
  Running sequential KF assimilation …
  [step 1/12] Assimilating GN05 17:04 (523 rays) …
  [!] Error in group 2024-10-10_1700__LAT-060_LON+060: podTc2_data must be provided when distance_localization=True (needed to compute ray midpoints for the localization matrix).

[326/494]
────────────────────────────────────────────────────────────
  Group : 2024-10-10_1700__LAT-030_LON+060
  Window: 2024-10-10_1700  |  Region: LAT-030_LON+060  |  8 occultation(s)
────────────────────────────────────────────────────────────
E15 is rising
R22 is rising
G4 is rising
G29 is rising
R14 is rising
E4 is rising
C37 is rising
G9 is rising
  Parsed 8/8 files successfully.
  Bounding box: lat [-53.3, 21.4]  lon [39.2, 127.1]  |  vertices: 235
  Final group: 8 occultation(s), 235 mesh vertices
  Saved trim diagnostic → ./Figures/GroupKF/group_2024-10-10_1700__LAT-030_LON+060_trim.png
  [1/8] Building H for GN05 17:08 (591 rays) …
  -> Building H Matrix (591 rays, parallel)...
  [2/8] Building H for GN05 17:13 (465 rays) …
  -> Building H Matrix (465 rays, parallel)...
  [3/8] Building H for GN05 17:18 (662 rays) …
  -> Building H Matrix (662 rays, parallel)...
  [4/8] Building H for GN05 17:19 (562 rays) …
  -> Building H Matrix (562 rays, parallel)...
  [5/8] Building H for GN05 17:19 (378 rays) …
  -> Building H Matrix (378 rays, parallel)...
  [6/8] Building H for GN05 17:22 (512 rays) …
  -> Building H Matrix (512 rays, parallel)...
  [7/8] Building H for GN05 17:22 (412 rays) …
  -> Building H Matrix (412 rays, parallel)...
  [8/8] Building H for GN05 17:23 (522 rays) …
  -> Building H Matrix (522 rays, parallel)...
  Combined H shape : (4104, 11985)  (total rays = 4104)
  Running sequential KF assimilation …
  [step 1/8] Assimilating GN05 17:08 (591 rays) …
  [!] Error in group 2024-10-10_1700__LAT-030_LON+060: podTc2_data must be provided when distance_localization=True (needed to compute ray midpoints for the localization matrix).

[327/494]
────────────────────────────────────────────────────────────
  Group : 2024-10-10_1700__LAT-060_LON+120
  Window: 2024-10-10_1700  |  Region: LAT-060_LON+120  |  1 occultation(s)
────────────────────────────────────────────────────────────
E19 is rising
  Parsed 1/1 files successfully.
  Bounding box: lat [-83.1, -44.4]  lon [84.1, -178.3]  |  vertices: 65
  Final group: 1 occultation(s), 65 mesh vertices
  Saved trim diagnostic → ./Figures/GroupKF/group_2024-10-10_1700__LAT-060_LON+120_trim.png
  [1/1] Building H for GN05 17:10 (575 rays) …
  -> Building H Matrix (575 rays, parallel)...
  Combined H shape : (575, 3315)  (total rays = 575)
  Running sequential KF assimilation …
  [step 1/1] Assimilating GN05 17:10 (575 rays) …
  [!] Error in group 2024-10-10_1700__LAT-060_LON+120: podTc2_data must be provided when distance_localization=True (needed to compute ray midpoints for the localization matrix).

[328/494]
────────────────────────────────────────────────────────────
  Group : 2024-10-10_1700__LAT-060_LON-180
  Window: 2024-10-10_1700  |  Region: LAT-060_LON-180  |  1 occultation(s)
────────────────────────────────────────────────────────────
Data Flipped: E31 is setting
  Parsed 1/1 files successfully.
  Bounding box: lat [-80.8, -40.3]  lon [127.1, -105.5]  |  vertices: 99
  Final group: 1 occultation(s), 99 mesh vertices
  Saved trim diagnostic → ./Figures/GroupKF/group_2024-10-10_1700__LAT-060_LON-180_trim.png
  [1/1] Building H for GN05 17:10 (657 rays) …
  -> Building H Matrix (657 rays, parallel)...
  Combined H shape : (657, 5049)  (total rays = 657)
  Running sequential KF assimilation …
  [step 1/1] Assimilating GN05 17:10 (657 rays) …
  [!] Error in group 2024-10-10_1700__LAT-060_LON-180: podTc2_data must be provided when distance_localization=True (needed to compute ray midpoints for the localization matrix).

[329/494]
────────────────────────────────────────────────────────────
  Group : 2024-10-10_1700__LAT+000_LON+000
  Window: 2024-10-10_1700  |  Region: LAT+000_LON+000  |  3 occultation(s)
────────────────────────────────────────────────────────────
Data Flipped: R7 is setting
C44 is rising
C22 is rising
  Parsed 3/3 files successfully.
  Bounding box: lat [-77.8, 35.2]  lon [46.7, -13.9]  |  vertices: 1066
  [trim] n_geo=1066 > MAX_MESH_VERTICES=300 — dropping GN05 17:17 (77.3° from centroid)
  Bounding box: lat [-0.0, 35.2]  lon [46.7, 74.4]  |  vertices: 38
  Final group: 2 occultation(s), 38 mesh vertices
  Saved trim diagnostic → ./Figures/GroupKF/group_2024-10-10_1700__LAT+000_LON+000_trim.png
  [1/2] Building H for GN05 17:24 (450 rays) …
  -> Building H Matrix (450 rays, parallel)...
  [2/2] Building H for GN05 17:29 (281 rays) …
  -> Building H Matrix (281 rays, parallel)...
  Combined H shape : (731, 1938)  (total rays = 731)
  Running sequential KF assimilation …
  [step 1/2] Assimilating GN05 17:24 (450 rays) …
  [!] Error in group 2024-10-10_1700__LAT+000_LON+000: podTc2_data must be provided when distance_localization=True (needed to compute ray midpoints for the localization matrix).

[330/494]
────────────────────────────────────────────────────────────
  Group : 2024-10-10_1700__LAT+000_LON+060
  Window: 2024-10-10_1700  |  Region: LAT+000_LON+060  |  10 occultation(s)
────────────────────────────────────────────────────────────
R5 is rising
R4 is rising
E6 is rising
G5 is rising
E34 is rising
E9 is rising
G7 is rising
C19 is rising
C20 is rising
C39 is rising
  Parsed 10/10 files successfully.
  Bounding box: lat [-22.7, 53.8]  lon [53.8, 117.0]  |  vertices: 173
  Final group: 10 occultation(s), 173 mesh vertices
  Saved trim diagnostic → ./Figures/GroupKF/group_2024-10-10_1700__LAT+000_LON+060_trim.png
  [1/10] Building H for GN05 17:24 (426 rays) …
  -> Building H Matrix (426 rays, parallel)...
  [2/10] Building H for GN05 17:24 (829 rays) …
  -> Building H Matrix (829 rays, parallel)...
  [3/10] Building H for GN05 17:25 (426 rays) …
  -> Building H Matrix (426 rays, parallel)...
  [4/10] Building H for GN05 17:25 (282 rays) …
  -> Building H Matrix (282 rays, parallel)...
  [5/10] Building H for GN05 17:26 (249 rays) …
  -> Building H Matrix (249 rays, parallel)...
  [6/10] Building H for GN05 17:27 (381 rays) …
  -> Building H Matrix (381 rays, parallel)...
  [7/10] Building H for GN05 17:27 (385 rays) …
  -> Building H Matrix (385 rays, parallel)...
  [8/10] Building H for GN05 17:28 (247 rays) …
  -> Building H Matrix (247 rays, parallel)...
  [9/10] Building H for GN05 17:28 (582 rays) …
  -> Building H Matrix (582 rays, parallel)...
  [10/10] Building H for GN05 17:29 (385 rays) …
  -> Building H Matrix (385 rays, parallel)...
  Combined H shape : (4192, 8823)  (total rays = 4192)
  Running sequential KF assimilation …
  [step 1/10] Assimilating GN05 17:24 (426 rays) …
  [!] Error in group 2024-10-10_1700__LAT+000_LON+060: podTc2_data must be provided when distance_localization=True (needed to compute ray midpoints for the localization matrix).

[331/494]
────────────────────────────────────────────────────────────
  Group : 2024-10-10_1730__LAT-030_LON+060
  Window: 2024-10-10_1730  |  Region: LAT-030_LON+060  |  11 occultation(s)
────────────────────────────────────────────────────────────
Data Flipped: R19 is setting
Data Flipped: R9 is setting
Data Flipped: E25 is setting
Data Flipped: C40 is setting
Data Flipped: G17 is setting
Data Flipped: G3 is setting
Data Flipped: C45 is setting
Data Flipped: C30 is setting
Data Flipped: E12 is setting
Data Flipped: G24 is setting
Data Flipped: E2 is setting
  Parsed 11/11 files successfully.
  Bounding box: lat [-53.1, 26.6]  lon [52.4, 122.7]  |  vertices: 202
  Final group: 11 occultation(s), 202 mesh vertices
  Saved trim diagnostic → ./Figures/GroupKF/group_2024-10-10_1730__LAT-030_LON+060_trim.png
  [1/11] Building H for GN05 17:30 (465 rays) …
  -> Building H Matrix (465 rays, parallel)...
  [2/11] Building H for GN05 17:30 (365 rays) …
  -> Building H Matrix (365 rays, parallel)...
  [3/11] Building H for GN05 17:31 (381 rays) …
  -> Building H Matrix (381 rays, parallel)...
  [4/11] Building H for GN05 17:31 (489 rays) …
  -> Building H Matrix (489 rays, parallel)...
  [5/11] Building H for GN05 17:32 (455 rays) …
  -> Building H Matrix (455 rays, parallel)...
  [6/11] Building H for GN05 17:32 (1117 rays) …
  -> Building H Matrix (1117 rays, parallel)...
  [7/11] Building H for GN05 17:32 (285 rays) …
  -> Building H Matrix (285 rays, parallel)...
  [8/11] Building H for GN05 17:32 (527 rays) …
  -> Building H Matrix (527 rays, parallel)...
  [9/11] Building H for GN05 17:33 (523 rays) …
  -> Building H Matrix (523 rays, parallel)...
  [10/11] Building H for GN05 17:35 (314 rays) …
  -> Building H Matrix (314 rays, parallel)...
  [11/11] Building H for GN05 17:40 (279 rays) …
  -> Building H Matrix (279 rays, parallel)...
  Combined H shape : (5200, 10302)  (total rays = 5200)
  Running sequential KF assimilation …
  [step 1/11] Assimilating GN05 17:30 (465 rays) …
  [!] Error in group 2024-10-10_1730__LAT-030_LON+060: podTc2_data must be provided when distance_localization=True (needed to compute ray midpoints for the localization matrix).

[332/494]
────────────────────────────────────────────────────────────
  Group : 2024-10-10_1730__LAT+000_LON+060
  Window: 2024-10-10_1730  |  Region: LAT+000_LON+060  |  6 occultation(s)
────────────────────────────────────────────────────────────
R15 is rising
C32 is rising
Data Flipped: R18 is setting
Data Flipped: G12 is setting
Data Flipped: E8 is setting
Data Flipped: C26 is setting
  Parsed 6/6 files successfully.
  Bounding box: lat [-27.5, 40.1]  lon [44.1, 103.8]  |  vertices: 152
  Final group: 6 occultation(s), 152 mesh vertices
  Saved trim diagnostic → ./Figures/GroupKF/group_2024-10-10_1730__LAT+000_LON+060_trim.png
  [1/6] Building H for GN05 17:31 (380 rays) …
  -> Building H Matrix (380 rays, parallel)...
  [2/6] Building H for GN05 17:36 (878 rays) …
  -> Building H Matrix (878 rays, parallel)...
  [3/6] Building H for GN05 17:40 (585 rays) …
  -> Building H Matrix (585 rays, parallel)...
  [4/6] Building H for GN05 17:42 (314 rays) …
  -> Building H Matrix (314 rays, parallel)...
  [5/6] Building H for GN05 17:43 (362 rays) …
  -> Building H Matrix (362 rays, parallel)...
  [6/6] Building H for GN05 17:44 (214 rays) …
  -> Building H Matrix (214 rays, parallel)...
  Combined H shape : (2733, 7752)  (total rays = 2733)
  Running sequential KF assimilation …
  [step 1/6] Assimilating GN05 17:31 (380 rays) …
  [!] Error in group 2024-10-10_1730__LAT+000_LON+060: podTc2_data must be provided when distance_localization=True (needed to compute ray midpoints for the localization matrix).

[333/494]
────────────────────────────────────────────────────────────
  Group : 2024-10-10_1730__LAT+030_LON+000
  Window: 2024-10-10_1730  |  Region: LAT+030_LON+000  |  6 occultation(s)
────────────────────────────────────────────────────────────
R21 is rising
E5 is rising
Data Flipped: R1 is setting
No valid descending tangent points found. Skipping.
    [skip] podTc2_GN05.2024.284.17.48.0009.G14.01_0000.0001_nc — parse returned None
Data Flipped: R11 is setting
No valid descending tangent points found. Skipping.
    [skip] podTc2_GN05.2024.284.17.50.0010.E24.01_0000.0001_nc — parse returned None
  Parsed 4/6 files successfully.
  Bounding box: lat [10.8, 67.9]  lon [21.2, 72.6]  |  vertices: 87
  Final group: 4 occultation(s), 87 mesh vertices
  Saved trim diagnostic → ./Figures/GroupKF/group_2024-10-10_1730__LAT+030_LON+000_trim.png
  [1/4] Building H for GN05 17:31 (380 rays) …
  -> Building H Matrix (380 rays, parallel)...
  [2/4] Building H for GN05 17:34 (341 rays) …
  -> Building H Matrix (341 rays, parallel)...
  [3/4] Building H for GN05 17:47 (419 rays) …
  -> Building H Matrix (419 rays, parallel)...
  [4/4] Building H for GN05 17:48 (414 rays) …
  -> Building H Matrix (414 rays, parallel)...
  Combined H shape : (1554, 4437)  (total rays = 1554)
  Running sequential KF assimilation …
  [step 1/4] Assimilating GN05 17:31 (380 rays) …
  [!] Error in group 2024-10-10_1730__LAT+030_LON+000: podTc2_data must be provided when distance_localization=True (needed to compute ray midpoints for the localization matrix).

[334/494]
────────────────────────────────────────────────────────────
  Group : 2024-10-10_1730__LAT+030_LON+060
  Window: 2024-10-10_1730  |  Region: LAT+030_LON+060  |  7 occultation(s)
────────────────────────────────────────────────────────────
G30 is rising
E31 is rising
No valid descending tangent points found. Skipping.
    [skip] podTc2_GN05.2024.284.17.45.0008.G15.01_0000.0001_nc — parse returned None
Data Flipped: R2 is setting
Data Flipped: E7 is setting
No valid descending tangent points found. Skipping.
    [skip] podTc2_GN05.2024.284.17.49.0009.E03.01_0000.0001_nc — parse returned None
Data Flipped: C33 is setting
  Parsed 5/7 files successfully.
  Bounding box: lat [12.3, 63.3]  lon [36.8, 110.8]  |  vertices: 115
  Final group: 5 occultation(s), 115 mesh vertices
  Saved trim diagnostic → ./Figures/GroupKF/group_2024-10-10_1730__LAT+030_LON+060_trim.png
  [1/5] Building H for GN05 17:33 (284 rays) …
  -> Building H Matrix (284 rays, parallel)...
  [2/5] Building H for GN05 17:37 (613 rays) …
  -> Building H Matrix (613 rays, parallel)...
  [3/5] Building H for GN05 17:48 (434 rays) …
  -> Building H Matrix (434 rays, parallel)...
  [4/5] Building H for GN05 17:48 (387 rays) …
  -> Building H Matrix (387 rays, parallel)...
  [5/5] Building H for GN05 17:54 (134 rays) …
  -> Building H Matrix (134 rays, parallel)...
  Combined H shape : (1852, 5865)  (total rays = 1852)
  Running sequential KF assimilation …
  [step 1/5] Assimilating GN05 17:33 (284 rays) …
  [!] Error in group 2024-10-10_1730__LAT+030_LON+060: podTc2_data must be provided when distance_localization=True (needed to compute ray midpoints for the localization matrix).

[335/494]
────────────────────────────────────────────────────────────
  Group : 2024-10-10_1730__POLAR_N
  Window: 2024-10-10_1730  |  Region: POLAR_N  |  10 occultation(s)
────────────────────────────────────────────────────────────
No valid descending tangent points found. Skipping.
    [skip] podTc2_GN05.2024.284.17.38.0021.G11.01_0000.0001_nc — parse returned None
No valid descending tangent points found. Skipping.
    [skip] podTc2_GN05.2024.284.17.38.0024.E36.01_0000.0001_nc — parse returned None
No valid descending tangent points found. Skipping.
    [skip] podTc2_GN05.2024.284.17.41.0018.C38.01_0000.0001_nc — parse returned None
No valid descending tangent points found. Skipping.
    [skip] podTc2_GN05.2024.284.17.43.0017.C35.01_0000.0001_nc — parse returned None
R16 is rising
No valid descending tangent points found. Skipping.
    [skip] podTc2_GN05.2024.284.17.45.0018.C36.01_0000.0001_nc — parse returned None
No valid descending tangent points found. Skipping.
    [skip] podTc2_GN05.2024.284.17.45.0014.R20.01_0000.0001_nc — parse returned None
No valid descending tangent points found. Skipping.
    [skip] podTc2_GN05.2024.284.17.46.0012.G06.01_0000.0001_nc — parse returned None
R9 is rising
C45 is rising
  Parsed 3/10 files successfully.
  [polar] Bounding box: lat [42.1, 90.0]  lon [-180.0, 180.0]  |  vertices: 272
  Final group: 3 occultation(s), 272 mesh vertices
  Saved trim diagnostic → ./Figures/GroupKF/group_2024-10-10_1730__POLAR_N_trim.png
  [1/3] Building H for GN05 17:43 (403 rays) …
  -> Building H Matrix (403 rays, parallel)...
  [2/3] Building H for GN05 17:53 (378 rays) …
  -> Building H Matrix (378 rays, parallel)...
  [3/3] Building H for GN05 17:55 (368 rays) …
  -> Building H Matrix (368 rays, parallel)...
  Combined H shape : (1149, 13872)  (total rays = 1149)
  Running sequential KF assimilation …
  [step 1/3] Assimilating GN05 17:43 (403 rays) …
  [!] Error in group 2024-10-10_1730__POLAR_N: podTc2_data must be provided when distance_localization=True (needed to compute ray midpoints for the localization matrix).

[336/494]
────────────────────────────────────────────────────────────
  Group : 2024-10-10_1730__LAT+030_LON-060
  Window: 2024-10-10_1730  |  Region: LAT+030_LON-060  |  1 occultation(s)
────────────────────────────────────────────────────────────
No valid descending tangent points found. Skipping.
    [skip] podTc2_GN05.2024.284.17.48.0011.E11.01_0000.0001_nc — parse returned None

[337/494]
────────────────────────────────────────────────────────────
  Group : 2024-10-10_1730__LAT+030_LON-120
  Window: 2024-10-10_1730  |  Region: LAT+030_LON-120  |  2 occultation(s)
────────────────────────────────────────────────────────────
C29 is rising
E25 is rising
  Parsed 2/2 files successfully.
  Bounding box: lat [30.4, 84.5]  lon [-150.6, -99.2]  |  vertices: 58
  Final group: 2 occultation(s), 58 mesh vertices
  Saved trim diagnostic → ./Figures/GroupKF/group_2024-10-10_1730__LAT+030_LON-120_trim.png
  [1/2] Building H for GN05 17:52 (443 rays) …
  -> Building H Matrix (443 rays, parallel)...
  [2/2] Building H for GN05 17:57 (395 rays) …
  -> Building H Matrix (395 rays, parallel)...
  Combined H shape : (838, 2958)  (total rays = 838)
  Running sequential KF assimilation …
  [step 1/2] Assimilating GN05 17:52 (443 rays) …
  [!] Error in group 2024-10-10_1730__LAT+030_LON-120: podTc2_data must be provided when distance_localization=True (needed to compute ray midpoints for the localization matrix).

[338/494]
────────────────────────────────────────────────────────────
  Group : 2024-10-10_1800__LAT+030_LON-180
  Window: 2024-10-10_1800  |  Region: LAT+030_LON-180  |  5 occultation(s)
────────────────────────────────────────────────────────────
No valid descending tangent points found. Skipping.
    [skip] podTc2_GN05.2024.284.18.00.0009.C26.00_0000.0001_nc — parse returned None
No valid descending tangent points found. Skipping.
    [skip] podTc2_GN05.2024.284.18.01.0020.C24.00_0000.0001_nc — parse returned None
No valid descending tangent points found. Skipping.
    [skip] podTc2_GN05.2024.284.18.02.0019.C42.00_0000.0001_nc — parse returned None
No valid descending tangent points found. Skipping.
    [skip] podTc2_GN05.2024.284.18.02.0014.E30.00_0000.0001_nc — parse returned None
E10 is rising
  Parsed 1/5 files successfully.
  Bounding box: lat [7.7, 50.7]  lon [-153.8, -106.3]  |  vertices: 69
  Final group: 1 occultation(s), 69 mesh vertices
  Saved trim diagnostic → ./Figures/GroupKF/group_2024-10-10_1800__LAT+030_LON-180_trim.png
  [1/1] Building H for GN05 18:07 (583 rays) …
  -> Building H Matrix (583 rays, parallel)...
  Combined H shape : (583, 3519)  (total rays = 583)
  Running sequential KF assimilation …
  [step 1/1] Assimilating GN05 18:07 (583 rays) …
  [!] Error in group 2024-10-10_1800__LAT+030_LON-180: podTc2_data must be provided when distance_localization=True (needed to compute ray midpoints for the localization matrix).

[339/494]
────────────────────────────────────────────────────────────
  Group : 2024-10-10_1800__LAT+000_LON-180
  Window: 2024-10-10_1800  |  Region: LAT+000_LON-180  |  10 occultation(s)
────────────────────────────────────────────────────────────
No valid descending tangent points found. Skipping.
    [skip] podTc2_GN05.2024.284.18.00.0018.G32.00_0000.0001_nc — parse returned None
Data Flipped: G10 is setting
G17 is rising
R19 is rising
C40 is rising
E12 is rising
C30 is rising
Data Flipped: G9 is setting
Data Flipped: E4 is setting
Data Flipped: C37 is setting
  Parsed 9/10 files successfully.
  Bounding box: lat [-24.7, 78.1]  lon [31.0, -6.4]  |  vertices: 1032
  [trim] n_geo=1032 > MAX_MESH_VERTICES=300 — dropping GN05 18:03 (146.7° from centroid)
  Bounding box: lat [-24.7, 47.4]  lon [-160.6, -107.3]  |  vertices: 140
  Final group: 8 occultation(s), 140 mesh vertices
  Saved trim diagnostic → ./Figures/GroupKF/group_2024-10-10_1800__LAT+000_LON-180_trim.png
  [1/8] Building H for GN05 18:08 (613 rays) …
  -> Building H Matrix (613 rays, parallel)...
  [2/8] Building H for GN05 18:09 (535 rays) …
  -> Building H Matrix (535 rays, parallel)...
  [3/8] Building H for GN05 18:09 (708 rays) …
  -> Building H Matrix (708 rays, parallel)...
  [4/8] Building H for GN05 18:09 (626 rays) …
  -> Building H Matrix (626 rays, parallel)...
  [5/8] Building H for GN05 18:09 (721 rays) …
  -> Building H Matrix (721 rays, parallel)...
  [6/8] Building H for GN05 18:22 (717 rays) …
  -> Building H Matrix (717 rays, parallel)...
  [7/8] Building H for GN05 18:22 (616 rays) …
  -> Building H Matrix (616 rays, parallel)...
  [8/8] Building H for GN05 18:24 (385 rays) …
  -> Building H Matrix (385 rays, parallel)...
  Combined H shape : (4921, 7140)  (total rays = 4921)
  Running sequential KF assimilation …
  [step 1/8] Assimilating GN05 18:08 (613 rays) …
  [!] Error in group 2024-10-10_1800__LAT+000_LON-180: podTc2_data must be provided when distance_localization=True (needed to compute ray midpoints for the localization matrix).

[340/494]
────────────────────────────────────────────────────────────
  Group : 2024-10-10_1800__POLAR_N
  Window: 2024-10-10_1800  |  Region: POLAR_N  |  10 occultation(s)
────────────────────────────────────────────────────────────
Data Flipped: G28 is setting
Data Flipped: R12 is setting
Data Flipped: E26 is setting
G6 is rising
Data Flipped: G31 is setting
Data Flipped: C25 is setting
R20 is rising
G24 is rising
Data Flipped: E27 is setting
E11 is rising
  Parsed 10/10 files successfully.
  [polar] Bounding box: lat [39.8, 90.0]  lon [-180.0, 180.0]  |  vertices: 297
  Final group: 10 occultation(s), 297 mesh vertices
  Saved trim diagnostic → ./Figures/GroupKF/group_2024-10-10_1800__POLAR_N_trim.png
  [1/10] Building H for GN05 18:00 (192 rays) …
  -> Building H Matrix (192 rays, parallel)...
  [2/10] Building H for GN05 18:03 (354 rays) …
  -> Building H Matrix (354 rays, parallel)...
  [3/10] Building H for GN05 18:03 (404 rays) …
  -> Building H Matrix (404 rays, parallel)...
  [4/10] Building H for GN05 18:04 (483 rays) …
  -> Building H Matrix (483 rays, parallel)...
  [5/10] Building H for GN05 18:06 (289 rays) …
  -> Building H Matrix (289 rays, parallel)...
  [6/10] Building H for GN05 18:06 (347 rays) …
  -> Building H Matrix (347 rays, parallel)...
  [7/10] Building H for GN05 18:07 (466 rays) …
  -> Building H Matrix (466 rays, parallel)...
  [8/10] Building H for GN05 18:07 (397 rays) …
  -> Building H Matrix (397 rays, parallel)...
  [9/10] Building H for GN05 18:08 (519 rays) …
  -> Building H Matrix (519 rays, parallel)...
  [10/10] Building H for GN05 18:09 (498 rays) …
  -> Building H Matrix (498 rays, parallel)...
  Combined H shape : (3949, 15147)  (total rays = 3949)
  Running sequential KF assimilation …
  [step 1/10] Assimilating GN05 18:00 (192 rays) …
  [!] Error in group 2024-10-10_1800__POLAR_N: podTc2_data must be provided when distance_localization=True (needed to compute ray midpoints for the localization matrix).

[341/494]
────────────────────────────────────────────────────────────
  Group : 2024-10-10_1800__LAT+000_LON-120
  Window: 2024-10-10_1800  |  Region: LAT+000_LON-120  |  12 occultation(s)
────────────────────────────────────────────────────────────
Data Flipped: R17 is setting
No valid descending tangent points found. Skipping.
    [skip] podTc2_GN05.2024.284.18.04.0024.C27.00_0000.0001_nc — parse returned None
Data Flipped: G23 is setting
Data Flipped: C32 is setting
Data Flipped: G4 is setting
E8 is rising
C26 is rising
Data Flipped: E19 is setting
R11 is rising
Data Flipped: G27 is setting
Data Flipped: R14 is setting
Data Flipped: C34 is setting
  Parsed 11/12 files successfully.
  Bounding box: lat [-16.8, 82.7]  lon [3.3, -1.2]  |  vertices: 1042
  [trim] n_geo=1042 > MAX_MESH_VERTICES=300 — dropping GN05 18:00 (148.5° from centroid)
  Bounding box: lat [-16.8, 82.7]  lon [23.0, -1.2]  |  vertices: 984
  [trim] n_geo=984 > MAX_MESH_VERTICES=300 — dropping GN05 18:06 (109.8° from centroid)
  Bounding box: lat [-16.8, 82.7]  lon [23.0, -32.5]  |  vertices: 893
  [trim] n_geo=893 > MAX_MESH_VERTICES=300 — dropping GN05 18:06 (56.5° from centroid)
  Bounding box: lat [-16.8, 80.1]  lon [-170.0, -32.5]  |  vertices: 402
  [trim] n_geo=402 > MAX_MESH_VERTICES=300 — dropping GN05 18:09 (52.0° from centroid)
  Bounding box: lat [-16.8, 80.1]  lon [-170.0, -51.2]  |  vertices: 347
  [trim] n_geo=347 > MAX_MESH_VERTICES=300 — dropping GN05 18:09 (33.4° from centroid)
  Bounding box: lat [-16.8, 54.9]  lon [-123.8, -69.0]  |  vertices: 139
  Final group: 6 occultation(s), 139 mesh vertices
  Saved trim diagnostic → ./Figures/GroupKF/group_2024-10-10_1800__LAT+000_LON-120_trim.png
  [1/6] Building H for GN05 18:09 (635 rays) …
  -> Building H Matrix (635 rays, parallel)...
  [2/6] Building H for GN05 18:09 (393 rays) …
  -> Building H Matrix (393 rays, parallel)...
  [3/6] Building H for GN05 18:11 (391 rays) …
  -> Building H Matrix (391 rays, parallel)...
  [4/6] Building H for GN05 18:18 (420 rays) …
  -> Building H Matrix (420 rays, parallel)...
  [5/6] Building H for GN05 18:23 (300 rays) …
  -> Building H Matrix (300 rays, parallel)...
  [6/6] Building H for GN05 18:26 (619 rays) …
  -> Building H Matrix (619 rays, parallel)...
  Combined H shape : (2758, 7089)  (total rays = 2758)
  Running sequential KF assimilation …
  [step 1/6] Assimilating GN05 18:09 (635 rays) …
  [!] Error in group 2024-10-10_1800__LAT+000_LON-120: podTc2_data must be provided when distance_localization=True (needed to compute ray midpoints for the localization matrix).

[342/494]
────────────────────────────────────────────────────────────
  Group : 2024-10-10_1800__LAT+030_LON-060
  Window: 2024-10-10_1800  |  Region: LAT+030_LON-060  |  2 occultation(s)
────────────────────────────────────────────────────────────
No valid descending tangent points found. Skipping.
    [skip] podTc2_GN05.2024.284.18.01.0020.C41.00_0000.0001_nc — parse returned None
No valid descending tangent points found. Skipping.
    [skip] podTc2_GN05.2024.284.18.02.0021.E29.00_0000.0001_nc — parse returned None

[343/494]
────────────────────────────────────────────────────────────
  Group : 2024-10-10_1800__LAT-030_LON-120
  Window: 2024-10-10_1800  |  Region: LAT-030_LON-120  |  9 occultation(s)
────────────────────────────────────────────────────────────
No valid descending tangent points found. Skipping.
    [skip] podTc2_GN05.2024.284.18.02.0024.E33.00_0000.0001_nc — parse returned None
R1 is rising
E7 is rising
G32 is rising
C33 is rising
E30 is rising
C24 is rising
Data Flipped: G18 is setting
Data Flipped: E15 is setting
  Parsed 8/9 files successfully.
  Bounding box: lat [-49.1, 20.0]  lon [-132.6, -81.4]  |  vertices: 129
  Final group: 8 occultation(s), 129 mesh vertices
  Saved trim diagnostic → ./Figures/GroupKF/group_2024-10-10_1800__LAT-030_LON-120_trim.png
  [1/8] Building H for GN05 18:12 (527 rays) …
  -> Building H Matrix (527 rays, parallel)...
  [2/8] Building H for GN05 18:13 (428 rays) …
  -> Building H Matrix (428 rays, parallel)...
  [3/8] Building H for GN05 18:13 (433 rays) …
  -> Building H Matrix (433 rays, parallel)...
  [4/8] Building H for GN05 18:15 (457 rays) …
  -> Building H Matrix (457 rays, parallel)...
  [5/8] Building H for GN05 18:16 (588 rays) …
  -> Building H Matrix (588 rays, parallel)...
  [6/8] Building H for GN05 18:17 (431 rays) …
  -> Building H Matrix (431 rays, parallel)...
  [7/8] Building H for GN05 18:27 (666 rays) …
  -> Building H Matrix (666 rays, parallel)...
  [8/8] Building H for GN05 18:29 (621 rays) …
  -> Building H Matrix (621 rays, parallel)...
  Combined H shape : (4151, 6579)  (total rays = 4151)
  Running sequential KF assimilation …
  [step 1/8] Assimilating GN05 18:12 (527 rays) …
  [!] Error in group 2024-10-10_1800__LAT-030_LON-120: podTc2_data must be provided when distance_localization=True (needed to compute ray midpoints for the localization matrix).

[344/494]
────────────────────────────────────────────────────────────
  Group : 2024-10-10_1800__LAT+030_LON-120
  Window: 2024-10-10_1800  |  Region: LAT+030_LON-120  |  11 occultation(s)
────────────────────────────────────────────────────────────
R3 is rising
Data Flipped: C28 is setting
G12 is rising
E2 is rising
Data Flipped: R24 is setting
Data Flipped: G26 is setting
Data Flipped: E13 is setting
Data Flipped: G8 is setting
Data Flipped: C23 is setting
Data Flipped: C43 is setting
Data Flipped: E21 is setting
  Parsed 11/11 files successfully.
    [skip] GN05 18:03 — only 7 valid rays
  Bounding box: lat [4.1, 79.6]  lon [-144.3, 18.1]  |  vertices: 339
  [trim] n_geo=339 > MAX_MESH_VERTICES=300 — dropping GN05 18:06 (34.6° from centroid)
  Bounding box: lat [4.1, 77.6]  lon [-143.8, -75.4]  |  vertices: 141
  Final group: 9 occultation(s), 141 mesh vertices
  Saved trim diagnostic → ./Figures/GroupKF/group_2024-10-10_1800__LAT+030_LON-120_trim.png
  [1/9] Building H for GN05 18:09 (412 rays) …
  -> Building H Matrix (412 rays, parallel)...
  [2/9] Building H for GN05 18:09 (406 rays) …
  -> Building H Matrix (406 rays, parallel)...
  [3/9] Building H for GN05 18:11 (464 rays) …
  -> Building H Matrix (464 rays, parallel)...
  [4/9] Building H for GN05 18:12 (417 rays) …
  -> Building H Matrix (417 rays, parallel)...
  [5/9] Building H for GN05 18:13 (499 rays) …
  -> Building H Matrix (499 rays, parallel)...
  [6/9] Building H for GN05 18:15 (528 rays) …
  -> Building H Matrix (528 rays, parallel)...
  [7/9] Building H for GN05 18:15 (363 rays) …
  -> Building H Matrix (363 rays, parallel)...
  [8/9] Building H for GN05 18:17 (438 rays) …
  -> Building H Matrix (438 rays, parallel)...
  [9/9] Building H for GN05 18:17 (391 rays) …
  -> Building H Matrix (391 rays, parallel)...
  Combined H shape : (3918, 7191)  (total rays = 3918)
  Running sequential KF assimilation …
  [step 1/9] Assimilating GN05 18:09 (412 rays) …
  [!] Error in group 2024-10-10_1800__LAT+030_LON-120: podTc2_data must be provided when distance_localization=True (needed to compute ray midpoints for the localization matrix).

[345/494]
────────────────────────────────────────────────────────────
  Group : 2024-10-10_1800__LAT-030_LON-180
  Window: 2024-10-10_1800  |  Region: LAT-030_LON-180  |  11 occultation(s)
────────────────────────────────────────────────────────────
G3 is rising
R18 is rising
R2 is rising
C41 is rising
R3 is rising
E29 is rising
G28 is rising
R4 is rising
C32 is rising
Data Flipped: G7 is setting
Data Flipped: E6 is setting
  Parsed 11/11 files successfully.
  Bounding box: lat [-71.3, 15.1]  lon [176.1, -107.5]  |  vertices: 212
  Final group: 11 occultation(s), 212 mesh vertices
  Saved trim diagnostic → ./Figures/GroupKF/group_2024-10-10_1800__LAT-030_LON-180_trim.png
  [1/11] Building H for GN05 18:11 (613 rays) …
  -> Building H Matrix (613 rays, parallel)...
  [2/11] Building H for GN05 18:12 (659 rays) …
  -> Building H Matrix (659 rays, parallel)...
  [3/11] Building H for GN05 18:13 (363 rays) …
  -> Building H Matrix (363 rays, parallel)...
  [4/11] Building H for GN05 18:16 (423 rays) …
  -> Building H Matrix (423 rays, parallel)...
  [5/11] Building H for GN05 18:18 (561 rays) …
  -> Building H Matrix (561 rays, parallel)...
  [6/11] Building H for GN05 18:19 (389 rays) …
  -> Building H Matrix (389 rays, parallel)...
  [7/11] Building H for GN05 18:20 (377 rays) …
  -> Building H Matrix (377 rays, parallel)...
  [8/11] Building H for GN05 18:24 (1620 rays) …
  -> Building H Matrix (1620 rays, parallel)...
  [9/11] Building H for GN05 18:24 (1051 rays) …
  -> Building H Matrix (1051 rays, parallel)...
  [10/11] Building H for GN05 18:28 (396 rays) …
  -> Building H Matrix (396 rays, parallel)...
  [11/11] Building H for GN05 18:29 (514 rays) …
  -> Building H Matrix (514 rays, parallel)...
  Combined H shape : (6966, 10812)  (total rays = 6966)
  Running sequential KF assimilation …
  [step 1/11] Assimilating GN05 18:11 (613 rays) …
  [!] Error in group 2024-10-10_1800__LAT-030_LON-180: podTc2_data must be provided when distance_localization=True (needed to compute ray midpoints for the localization matrix).

[346/494]
────────────────────────────────────────────────────────────
  Group : 2024-10-10_1800__LAT-060_LON-180
  Window: 2024-10-10_1800  |  Region: LAT-060_LON-180  |  3 occultation(s)
────────────────────────────────────────────────────────────
E33 is rising
G31 is rising
E19 is rising
  Parsed 3/3 files successfully.
  Bounding box: lat [-78.9, -24.5]  lon [-163.3, -118.7]  |  vertices: 57
  Final group: 3 occultation(s), 57 mesh vertices
  Saved trim diagnostic → ./Figures/GroupKF/group_2024-10-10_1800__LAT-060_LON-180_trim.png
  [1/3] Building H for GN05 18:21 (485 rays) …
  -> Building H Matrix (485 rays, parallel)...
  [2/3] Building H for GN05 18:27 (369 rays) …
  -> Building H Matrix (369 rays, parallel)...
  [3/3] Building H for GN05 18:28 (500 rays) …
  -> Building H Matrix (500 rays, parallel)...
  Combined H shape : (1354, 2907)  (total rays = 1354)
  Running sequential KF assimilation …
  [step 1/3] Assimilating GN05 18:21 (485 rays) …
  [!] Error in group 2024-10-10_1800__LAT-060_LON-180: podTc2_data must be provided when distance_localization=True (needed to compute ray midpoints for the localization matrix).

[347/494]
────────────────────────────────────────────────────────────
  Group : 2024-10-10_1800__LAT-060_LON-120
  Window: 2024-10-10_1800  |  Region: LAT-060_LON-120  |  4 occultation(s)
────────────────────────────────────────────────────────────
C42 is rising
R12 is rising
C27 is rising
C25 is rising
  Parsed 4/4 files successfully.
  Bounding box: lat [-83.9, 7.4]  lon [116.5, -63.8]  |  vertices: 462
  [trim] n_geo=462 > MAX_MESH_VERTICES=300 — dropping GN05 18:25 (45.5° from centroid)
  Bounding box: lat [-80.1, 7.4]  lon [-176.6, -63.8]  |  vertices: 289
  Final group: 3 occultation(s), 289 mesh vertices
  Saved trim diagnostic → ./Figures/GroupKF/group_2024-10-10_1800__LAT-060_LON-120_trim.png
  [1/3] Building H for GN05 18:21 (1255 rays) …
  -> Building H Matrix (1255 rays, parallel)...
  [2/3] Building H for GN05 18:25 (437 rays) …
  -> Building H Matrix (437 rays, parallel)...
  [3/3] Building H for GN05 18:28 (413 rays) …
  -> Building H Matrix (413 rays, parallel)...
  Combined H shape : (2105, 14739)  (total rays = 2105)
  Running sequential KF assimilation …
  [step 1/3] Assimilating GN05 18:21 (1255 rays) …
  [!] Error in group 2024-10-10_1800__LAT-060_LON-120: podTc2_data must be provided when distance_localization=True (needed to compute ray midpoints for the localization matrix).

[348/494]
────────────────────────────────────────────────────────────
  Group : 2024-10-10_1800__POLAR_S
  Window: 2024-10-10_1800  |  Region: POLAR_S  |  2 occultation(s)
────────────────────────────────────────────────────────────
G10 is rising
R17 is rising
  Parsed 2/2 files successfully.
  [polar] Bounding box: lat [-90.0, -49.2]  lon [-180.0, 180.0]  |  vertices: 201
  Final group: 2 occultation(s), 201 mesh vertices
  Saved trim diagnostic → ./Figures/GroupKF/group_2024-10-10_1800__POLAR_S_trim.png
  [1/2] Building H for GN05 18:26 (418 rays) …
  -> Building H Matrix (418 rays, parallel)...
  [2/2] Building H for GN05 18:28 (527 rays) …
  -> Building H Matrix (527 rays, parallel)...
  Combined H shape : (945, 10251)  (total rays = 945)
  Running sequential KF assimilation …
  [step 1/2] Assimilating GN05 18:26 (418 rays) …
  [!] Error in group 2024-10-10_1800__POLAR_S: podTc2_data must be provided when distance_localization=True (needed to compute ray midpoints for the localization matrix).

[349/494]
────────────────────────────────────────────────────────────
  Group : 2024-10-10_1830__LAT-030_LON-180
  Window: 2024-10-10_1830  |  Region: LAT-030_LON-180  |  5 occultation(s)
────────────────────────────────────────────────────────────
Data Flipped: E31 is setting
Data Flipped: R15 is setting
Data Flipped: R5 is setting
Data Flipped: E9 is setting
Data Flipped: C20 is setting
  Parsed 5/5 files successfully.
  Bounding box: lat [-77.7, 5.8]  lon [175.3, -115.0]  |  vertices: 172
  Final group: 5 occultation(s), 172 mesh vertices
  Saved trim diagnostic → ./Figures/GroupKF/group_2024-10-10_1830__LAT-030_LON-180_trim.png
  [1/5] Building H for GN05 18:31 (574 rays) …
  -> Building H Matrix (574 rays, parallel)...
  [2/5] Building H for GN05 18:31 (394 rays) …
  -> Building H Matrix (394 rays, parallel)...
  [3/5] Building H for GN05 18:32 (610 rays) …
  -> Building H Matrix (610 rays, parallel)...
  [4/5] Building H for GN05 18:33 (431 rays) …
  -> Building H Matrix (431 rays, parallel)...
  [5/5] Building H for GN05 18:36 (1069 rays) …
  -> Building H Matrix (1069 rays, parallel)...
  Combined H shape : (3078, 8772)  (total rays = 3078)
  Running sequential KF assimilation …
  [step 1/5] Assimilating GN05 18:31 (574 rays) …
  [!] Error in group 2024-10-10_1830__LAT-030_LON-180: podTc2_data must be provided when distance_localization=True (needed to compute ray midpoints for the localization matrix).

[350/494]
────────────────────────────────────────────────────────────
  Group : 2024-10-10_1830__POLAR_S
  Window: 2024-10-10_1830  |  Region: POLAR_S  |  21 occultation(s)
────────────────────────────────────────────────────────────
E26 is rising
E27 is rising
C28 is rising
Data Flipped: G26 is setting
C23 is rising
E21 is rising
R14 is rising
Data Flipped: E34 is setting
G15 is rising
Data Flipped: E3 is setting
No valid descending tangent points found. Skipping.
    [skip] podTc2_GN05.2024.284.18.52.0016.C21.00_0000.0001_nc — parse returned None
Data Flipped: C44 is setting
Data Flipped: C36 is setting
Data Flipped: G29 is setting
Data Flipped: R21 is setting
No valid descending tangent points found. Skipping.
    [skip] podTc2_GN05.2024.284.18.55.0014.G14.00_0000.0001_nc — parse returned None
Data Flipped: C38 is setting
Data Flipped: E24 is setting
Data Flipped: R9 is setting
Data Flipped: E36 is setting
Data Flipped: G11 is setting
  Parsed 19/21 files successfully.
    [skip] GN05 18:36 — only 20 valid rays
    [skip] GN05 18:50 — only 1 valid rays
  [polar] Bounding box: lat [-90.0, -39.7]  lon [-180.0, 180.0]  |  vertices: 298
  Final group: 17 occultation(s), 298 mesh vertices
  Saved trim diagnostic → ./Figures/GroupKF/group_2024-10-10_1830__POLAR_S_trim.png
  [1/17] Building H for GN05 18:31 (203 rays) …
  -> Building H Matrix (203 rays, parallel)...
  [2/17] Building H for GN05 18:34 (313 rays) …
  -> Building H Matrix (313 rays, parallel)...
  [3/17] Building H for GN05 18:35 (271 rays) …
  -> Building H Matrix (271 rays, parallel)...
  [4/17] Building H for GN05 18:38 (216 rays) …
  -> Building H Matrix (216 rays, parallel)...
  [5/17] Building H for GN05 18:41 (441 rays) …
  -> Building H Matrix (441 rays, parallel)...
  [6/17] Building H for GN05 18:45 (372 rays) …
  -> Building H Matrix (372 rays, parallel)...
  [7/17] Building H for GN05 18:45 (490 rays) …
  -> Building H Matrix (490 rays, parallel)...
  [8/17] Building H for GN05 18:52 (149 rays) …
  -> Building H Matrix (149 rays, parallel)...
  [9/17] Building H for GN05 18:52 (441 rays) …
  -> Building H Matrix (441 rays, parallel)...
  [10/17] Building H for GN05 18:53 (120 rays) …
  -> Building H Matrix (120 rays, parallel)...
  [11/17] Building H for GN05 18:54 (833 rays) …
  -> Building H Matrix (833 rays, parallel)...
  [12/17] Building H for GN05 18:54 (513 rays) …
  -> Building H Matrix (513 rays, parallel)...
  [13/17] Building H for GN05 18:55 (664 rays) …
  -> Building H Matrix (664 rays, parallel)...
  [14/17] Building H for GN05 18:55 (228 rays) …
  -> Building H Matrix (228 rays, parallel)...
  [15/17] Building H for GN05 18:55 (408 rays) …
  -> Building H Matrix (408 rays, parallel)...
  [16/17] Building H for GN05 18:56 (453 rays) …
  -> Building H Matrix (453 rays, parallel)...
  [17/17] Building H for GN05 18:56 (463 rays) …
  -> Building H Matrix (463 rays, parallel)...
  Combined H shape : (6578, 15198)  (total rays = 6578)
  Running sequential KF assimilation …
  [step 1/17] Assimilating GN05 18:31 (203 rays) …
  [!] Error in group 2024-10-10_1830__POLAR_S: podTc2_data must be provided when distance_localization=True (needed to compute ray midpoints for the localization matrix).

[351/494]
────────────────────────────────────────────────────────────
  Group : 2024-10-10_1830__LAT-060_LON-120
  Window: 2024-10-10_1830  |  Region: LAT-060_LON-120  |  4 occultation(s)
────────────────────────────────────────────────────────────
Data Flipped: C21 is setting
Data Flipped: R7 is setting
Data Flipped: R22 is setting
Data Flipped: C22 is setting
  Parsed 4/4 files successfully.
  Bounding box: lat [-70.8, -6.2]  lon [-138.2, -72.4]  |  vertices: 125
  Final group: 4 occultation(s), 125 mesh vertices
  Saved trim diagnostic → ./Figures/GroupKF/group_2024-10-10_1830__LAT-060_LON-120_trim.png
  [1/4] Building H for GN05 18:34 (880 rays) …
  -> Building H Matrix (880 rays, parallel)...
  [2/4] Building H for GN05 18:36 (549 rays) …
  -> Building H Matrix (549 rays, parallel)...
  [3/4] Building H for GN05 18:37 (661 rays) …
  -> Building H Matrix (661 rays, parallel)...
  [4/4] Building H for GN05 18:38 (429 rays) …
  -> Building H Matrix (429 rays, parallel)...
  Combined H shape : (2519, 6375)  (total rays = 2519)
  Running sequential KF assimilation …
  [step 1/4] Assimilating GN05 18:34 (880 rays) …
  [!] Error in group 2024-10-10_1830__LAT-060_LON-120: podTc2_data must be provided when distance_localization=True (needed to compute ray midpoints for the localization matrix).

[352/494]
────────────────────────────────────────────────────────────
  Group : 2024-10-10_1830__LAT-060_LON-180
  Window: 2024-10-10_1830  |  Region: LAT-060_LON-180  |  7 occultation(s)
────────────────────────────────────────────────────────────
Data Flipped: C39 is setting
Data Flipped: G30 is setting
Data Flipped: C19 is setting
Data Flipped: E5 is setting
Data Flipped: G5 is setting
Data Flipped: R16 is setting
Data Flipped: G14 is setting
  Parsed 7/7 files successfully.
  Bounding box: lat [-80.9, -8.5]  lon [156.4, -117.4]  |  vertices: 167
  Final group: 7 occultation(s), 167 mesh vertices
  Saved trim diagnostic → ./Figures/GroupKF/group_2024-10-10_1830__LAT-060_LON-180_trim.png
  [1/7] Building H for GN05 18:35 (394 rays) …
  -> Building H Matrix (394 rays, parallel)...
  [2/7] Building H for GN05 18:36 (390 rays) …
  -> Building H Matrix (390 rays, parallel)...
  [3/7] Building H for GN05 18:38 (462 rays) …
  -> Building H Matrix (462 rays, parallel)...
  [4/7] Building H for GN05 18:40 (382 rays) …
  -> Building H Matrix (382 rays, parallel)...
  [5/7] Building H for GN05 18:40 (434 rays) …
  -> Building H Matrix (434 rays, parallel)...
  [6/7] Building H for GN05 18:43 (436 rays) …
  -> Building H Matrix (436 rays, parallel)...
  [7/7] Building H for GN05 18:44 (588 rays) …
  -> Building H Matrix (588 rays, parallel)...
  Combined H shape : (3086, 8517)  (total rays = 3086)
  Running sequential KF assimilation …
  [step 1/7] Assimilating GN05 18:35 (394 rays) …
  [!] Error in group 2024-10-10_1830__LAT-060_LON-180: podTc2_data must be provided when distance_localization=True (needed to compute ray midpoints for the localization matrix).

[353/494]
────────────────────────────────────────────────────────────
  Group : 2024-10-10_1830__LAT-030_LON-120
  Window: 2024-10-10_1830  |  Region: LAT-030_LON-120  |  1 occultation(s)
────────────────────────────────────────────────────────────
G4 is rising
  Parsed 1/1 files successfully.
  Bounding box: lat [-84.8, -37.2]  lon [143.6, -132.3]  |  vertices: 75
  Final group: 1 occultation(s), 75 mesh vertices
  Saved trim diagnostic → ./Figures/GroupKF/group_2024-10-10_1830__LAT-030_LON-120_trim.png
  [1/1] Building H for GN05 18:35 (550 rays) …
  -> Building H Matrix (550 rays, parallel)...
  Combined H shape : (550, 3825)  (total rays = 550)
  Running sequential KF assimilation …
  [step 1/1] Assimilating GN05 18:35 (550 rays) …
  [!] Error in group 2024-10-10_1830__LAT-030_LON-120: podTc2_data must be provided when distance_localization=True (needed to compute ray midpoints for the localization matrix).

[354/494]
────────────────────────────────────────────────────────────
  Group : 2024-10-10_1830__LAT-060_LON+000
  Window: 2024-10-10_1830  |  Region: LAT-060_LON+000  |  4 occultation(s)
────────────────────────────────────────────────────────────
R24 is rising
G27 is rising
C43 is rising
Data Flipped: G24 is setting
  Parsed 4/4 files successfully.
  Bounding box: lat [-84.3, -12.0]  lon [15.8, 105.2]  |  vertices: 162
  Final group: 4 occultation(s), 162 mesh vertices
  Saved trim diagnostic → ./Figures/GroupKF/group_2024-10-10_1830__LAT-060_LON+000_trim.png
  [1/4] Building H for GN05 18:39 (465 rays) …
  -> Building H Matrix (465 rays, parallel)...
  [2/4] Building H for GN05 18:44 (434 rays) …
  -> Building H Matrix (434 rays, parallel)...
  [3/4] Building H for GN05 18:44 (523 rays) …
  -> Building H Matrix (523 rays, parallel)...
  [4/4] Building H for GN05 18:58 (377 rays) …
  -> Building H Matrix (377 rays, parallel)...
  Combined H shape : (1799, 8262)  (total rays = 1799)
  Running sequential KF assimilation …
  [step 1/4] Assimilating GN05 18:39 (465 rays) …
  [!] Error in group 2024-10-10_1830__LAT-060_LON+000: podTc2_data must be provided when distance_localization=True (needed to compute ray midpoints for the localization matrix).

[355/494]
────────────────────────────────────────────────────────────
  Group : 2024-10-10_1830__LAT-060_LON+060
  Window: 2024-10-10_1830  |  Region: LAT-060_LON+060  |  6 occultation(s)
────────────────────────────────────────────────────────────
G8 is rising
C37 is rising
E4 is rising
G7 is rising
G9 is rising
Data Flipped: C45 is setting
  Parsed 6/6 files successfully.
  Bounding box: lat [-81.2, -14.9]  lon [51.0, 125.6]  |  vertices: 124
  Final group: 6 occultation(s), 124 mesh vertices
  Saved trim diagnostic → ./Figures/GroupKF/group_2024-10-10_1830__LAT-060_LON+060_trim.png
  [1/6] Building H for GN05 18:42 (438 rays) …
  -> Building H Matrix (438 rays, parallel)...
  [2/6] Building H for GN05 18:47 (377 rays) …
  -> Building H Matrix (377 rays, parallel)...
  [3/6] Building H for GN05 18:49 (714 rays) …
  -> Building H Matrix (714 rays, parallel)...
  [4/6] Building H for GN05 18:56 (397 rays) …
  -> Building H Matrix (397 rays, parallel)...
  [5/6] Building H for GN05 18:57 (683 rays) …
  -> Building H Matrix (683 rays, parallel)...
  [6/6] Building H for GN05 18:58 (374 rays) …
  -> Building H Matrix (374 rays, parallel)...
  Combined H shape : (2983, 6324)  (total rays = 2983)
  Running sequential KF assimilation …
  [step 1/6] Assimilating GN05 18:42 (438 rays) …
  [!] Error in group 2024-10-10_1830__LAT-060_LON+060: podTc2_data must be provided when distance_localization=True (needed to compute ray midpoints for the localization matrix).

[356/494]
────────────────────────────────────────────────────────────
  Group : 2024-10-10_1830__LAT-060_LON+120
  Window: 2024-10-10_1830  |  Region: LAT-060_LON+120  |  2 occultation(s)
────────────────────────────────────────────────────────────
E13 is rising
No valid descending tangent points found. Skipping.
    [skip] podTc2_GN05.2024.284.18.52.0009.C34.00_0000.0001_nc — parse returned None
  Parsed 1/2 files successfully.
  Bounding box: lat [-53.9, -11.1]  lon [13.0, 62.7]  |  vertices: 70
  Final group: 1 occultation(s), 70 mesh vertices
  Saved trim diagnostic → ./Figures/GroupKF/group_2024-10-10_1830__LAT-060_LON+120_trim.png
  [1/1] Building H for GN05 18:43 (576 rays) …
  -> Building H Matrix (576 rays, parallel)...
  Combined H shape : (576, 3570)  (total rays = 576)
  Running sequential KF assimilation …
  [step 1/1] Assimilating GN05 18:43 (576 rays) …
  [!] Error in group 2024-10-10_1830__LAT-060_LON+120: podTc2_data must be provided when distance_localization=True (needed to compute ray midpoints for the localization matrix).

[357/494]
────────────────────────────────────────────────────────────
  Group : 2024-10-10_1830__LAT-030_LON+000
  Window: 2024-10-10_1830  |  Region: LAT-030_LON+000  |  4 occultation(s)
────────────────────────────────────────────────────────────
G23 is rising
R15 is rising
G30 is rising
E9 is rising
  Parsed 4/4 files successfully.
  Bounding box: lat [-50.1, 5.2]  lon [25.6, 75.5]  |  vertices: 99
  Final group: 4 occultation(s), 99 mesh vertices
  Saved trim diagnostic → ./Figures/GroupKF/group_2024-10-10_1830__LAT-030_LON+000_trim.png
  [1/4] Building H for GN05 18:53 (589 rays) …
  -> Building H Matrix (589 rays, parallel)...
  [2/4] Building H for GN05 18:54 (349 rays) …
  -> Building H Matrix (349 rays, parallel)...
  [3/4] Building H for GN05 18:58 (214 rays) …
  -> Building H Matrix (214 rays, parallel)...
  [4/4] Building H for GN05 18:58 (229 rays) …
  -> Building H Matrix (229 rays, parallel)...
  Combined H shape : (1381, 5049)  (total rays = 1381)
  Running sequential KF assimilation …
  [step 1/4] Assimilating GN05 18:53 (589 rays) …
  [!] Error in group 2024-10-10_1830__LAT-030_LON+000: podTc2_data must be provided when distance_localization=True (needed to compute ray midpoints for the localization matrix).

[358/494]
────────────────────────────────────────────────────────────
  Group : 2024-10-10_1830__LAT-030_LON+060
  Window: 2024-10-10_1830  |  Region: LAT-030_LON+060  |  3 occultation(s)
────────────────────────────────────────────────────────────
E6 is rising
C20 is rising
E31 is rising
  Parsed 3/3 files successfully.
  Bounding box: lat [-78.8, 1.4]  lon [45.6, 120.1]  |  vertices: 171
  Final group: 3 occultation(s), 171 mesh vertices
  Saved trim diagnostic → ./Figures/GroupKF/group_2024-10-10_1830__LAT-030_LON+060_trim.png
  [1/3] Building H for GN05 18:55 (551 rays) …
  -> Building H Matrix (551 rays, parallel)...
  [2/3] Building H for GN05 18:56 (1405 rays) …
  -> Building H Matrix (1405 rays, parallel)...
  [3/3] Building H for GN05 18:57 (358 rays) …
  -> Building H Matrix (358 rays, parallel)...
  Combined H shape : (2314, 8721)  (total rays = 2314)
  Running sequential KF assimilation …
  [step 1/3] Assimilating GN05 18:55 (551 rays) …
  [!] Error in group 2024-10-10_1830__LAT-030_LON+060: podTc2_data must be provided when distance_localization=True (needed to compute ray midpoints for the localization matrix).

[359/494]
────────────────────────────────────────────────────────────
  Group : 2024-10-10_1830__LAT+000_LON+000
  Window: 2024-10-10_1830  |  Region: LAT+000_LON+000  |  1 occultation(s)
────────────────────────────────────────────────────────────
C34 is rising
  Parsed 1/1 files successfully.
  Bounding box: lat [-2.4, 16.7]  lon [33.3, 52.5]  |  vertices: 15
  Final group: 1 occultation(s), 15 mesh vertices
  Saved trim diagnostic → ./Figures/GroupKF/group_2024-10-10_1830__LAT+000_LON+000_trim.png
  [1/1] Building H for GN05 18:59 (216 rays) …
  -> Building H Matrix (216 rays, parallel)...
  Combined H shape : (216, 765)  (total rays = 216)
  Running sequential KF assimilation …
  [step 1/1] Assimilating GN05 18:59 (216 rays) …
  [!] Error in group 2024-10-10_1830__LAT+000_LON+000: podTc2_data must be provided when distance_localization=True (needed to compute ray midpoints for the localization matrix).

[360/494]
────────────────────────────────────────────────────────────
  Group : 2024-10-10_1900__LAT+000_LON+000
  Window: 2024-10-10_1900  |  Region: LAT+000_LON+000  |  13 occultation(s)
────────────────────────────────────────────────────────────
C39 is rising
G18 is rising
No valid descending tangent points found. Skipping.
    [skip] podTc2_GN05.2024.284.19.01.0023.E15.01_0000.0001_nc — parse returned None
R7 is rising
No valid descending tangent points found. Skipping.
    [skip] podTc2_GN05.2024.284.19.03.0019.C22.01_0000.0001_nc — parse returned None
No valid descending tangent points found. Skipping.
    [skip] podTc2_GN05.2024.284.19.04.0020.E05.01_0000.0001_nc — parse returned None
C19 is rising
R16 is rising
C21 is rising
No valid descending tangent points found. Skipping.
    [skip] podTc2_GN05.2024.284.19.07.0018.G15.01_0000.0001_nc — parse returned None
G14 is rising
E24 is rising
No valid descending tangent points found. Skipping.
    [skip] podTc2_GN05.2024.284.19.18.0012.R09.01_0000.0001_nc — parse returned None
  Parsed 8/13 files successfully.
    [skip] GN05 19:01 — only 37 valid rays
    [skip] GN05 19:06 — only 34 valid rays
  Bounding box: lat [-7.8, 39.2]  lon [34.4, 71.8]  |  vertices: 65
  Final group: 6 occultation(s), 65 mesh vertices
  Saved trim diagnostic → ./Figures/GroupKF/group_2024-10-10_1900__LAT+000_LON+000_trim.png
  [1/6] Building H for GN05 19:00 (216 rays) …
  -> Building H Matrix (216 rays, parallel)...
  [2/6] Building H for GN05 19:03 (54 rays) …
  -> Building H Matrix (54 rays, parallel)...
  [3/6] Building H for GN05 19:05 (377 rays) …
  -> Building H Matrix (377 rays, parallel)...
  [4/6] Building H for GN05 19:05 (275 rays) …
  -> Building H Matrix (275 rays, parallel)...
  [5/6] Building H for GN05 19:09 (260 rays) …
  -> Building H Matrix (260 rays, parallel)...
  [6/6] Building H for GN05 19:15 (156 rays) …
  -> Building H Matrix (156 rays, parallel)...
  Combined H shape : (1338, 3315)  (total rays = 1338)
  Running sequential KF assimilation …
  [step 1/6] Assimilating GN05 19:00 (216 rays) …
  [!] Error in group 2024-10-10_1900__LAT+000_LON+000: podTc2_data must be provided when distance_localization=True (needed to compute ray midpoints for the localization matrix).

[361/494]
────────────────────────────────────────────────────────────
  Group : 2024-10-10_1900__LAT-060_LON+000
  Window: 2024-10-10_1900  |  Region: LAT-060_LON+000  |  2 occultation(s)
────────────────────────────────────────────────────────────
Data Flipped: E8 is setting
Data Flipped: C35 is setting
  Parsed 2/2 files successfully.
  Bounding box: lat [-73.0, -29.9]  lon [3.6, 86.0]  |  vertices: 86
  Final group: 2 occultation(s), 86 mesh vertices
  Saved trim diagnostic → ./Figures/GroupKF/group_2024-10-10_1900__LAT-060_LON+000_trim.png
  [1/2] Building H for GN05 19:00 (693 rays) …
  -> Building H Matrix (693 rays, parallel)...
  [2/2] Building H for GN05 19:02 (344 rays) …
  -> Building H Matrix (344 rays, parallel)...
  Combined H shape : (1037, 4386)  (total rays = 1037)
  Running sequential KF assimilation …
  [step 1/2] Assimilating GN05 19:00 (693 rays) …
  [!] Error in group 2024-10-10_1900__LAT-060_LON+000: podTc2_data must be provided when distance_localization=True (needed to compute ray midpoints for the localization matrix).

[362/494]
────────────────────────────────────────────────────────────
  Group : 2024-10-10_1900__LAT-060_LON+060
  Window: 2024-10-10_1900  |  Region: LAT-060_LON+060  |  1 occultation(s)
────────────────────────────────────────────────────────────
Data Flipped: E25 is setting
  Parsed 1/1 files successfully.
  Bounding box: lat [-70.1, -17.3]  lon [58.0, 82.5]  |  vertices: 35
  Final group: 1 occultation(s), 35 mesh vertices
  Saved trim diagnostic → ./Figures/GroupKF/group_2024-10-10_1900__LAT-060_LON+060_trim.png
  [1/1] Building H for GN05 19:02 (441 rays) …
  -> Building H Matrix (441 rays, parallel)...
  Combined H shape : (441, 1785)  (total rays = 441)
  Running sequential KF assimilation …
  [step 1/1] Assimilating GN05 19:02 (441 rays) …
  [!] Error in group 2024-10-10_1900__LAT-060_LON+060: podTc2_data must be provided when distance_localization=True (needed to compute ray midpoints for the localization matrix).

[363/494]
────────────────────────────────────────────────────────────
  Group : 2024-10-10_1900__LAT-030_LON+060
  Window: 2024-10-10_1900  |  Region: LAT-030_LON+060  |  6 occultation(s)
────────────────────────────────────────────────────────────
R5 is rising
Data Flipped: R20 is setting
Data Flipped: G6 is setting
Data Flipped: E11 is setting
Data Flipped: C40 is setting
No valid descending tangent points found. Skipping.
    [skip] podTc2_GN05.2024.284.19.24.0008.R21.01_0000.0001_nc — parse returned None
  Parsed 5/6 files successfully.
  Bounding box: lat [-55.1, 13.5]  lon [46.0, 95.2]  |  vertices: 119
  Final group: 5 occultation(s), 119 mesh vertices
  Saved trim diagnostic → ./Figures/GroupKF/group_2024-10-10_1900__LAT-030_LON+060_trim.png
  [1/5] Building H for GN05 19:02 (533 rays) …
  -> Building H Matrix (533 rays, parallel)...
  [2/5] Building H for GN05 19:06 (458 rays) …
  -> Building H Matrix (458 rays, parallel)...
  [3/5] Building H for GN05 19:06 (572 rays) …
  -> Building H Matrix (572 rays, parallel)...
  [4/5] Building H for GN05 19:07 (570 rays) …
  -> Building H Matrix (570 rays, parallel)...
  [5/5] Building H for GN05 19:09 (880 rays) …
  -> Building H Matrix (880 rays, parallel)...
  Combined H shape : (3013, 6069)  (total rays = 3013)
  Running sequential KF assimilation …
  [step 1/5] Assimilating GN05 19:02 (533 rays) …
  [!] Error in group 2024-10-10_1900__LAT-030_LON+060: podTc2_data must be provided when distance_localization=True (needed to compute ray midpoints for the localization matrix).

[364/494]
────────────────────────────────────────────────────────────
  Group : 2024-10-10_1900__LAT+030_LON+000
  Window: 2024-10-10_1900  |  Region: LAT+030_LON+000  |  4 occultation(s)
────────────────────────────────────────────────────────────
No valid descending tangent points found. Skipping.
    [skip] podTc2_GN05.2024.284.19.07.0018.G05.01_0000.0001_nc — parse returned None
No valid descending tangent points found. Skipping.
    [skip] podTc2_GN05.2024.284.19.10.0022.R22.01_0000.0001_nc — parse returned None
No valid descending tangent points found. Skipping.
    [skip] podTc2_GN05.2024.284.19.11.0019.E03.01_0000.0001_nc — parse returned None
C36 is rising
  Parsed 1/4 files successfully.
  Bounding box: lat [25.2, 45.7]  lon [33.8, 56.1]  |  vertices: 15
  Final group: 1 occultation(s), 15 mesh vertices
  Saved trim diagnostic → ./Figures/GroupKF/group_2024-10-10_1900__LAT+030_LON+000_trim.png
  [1/1] Building H for GN05 19:11 (123 rays) …
  -> Building H Matrix (123 rays, parallel)...
  Combined H shape : (123, 765)  (total rays = 123)
  Running sequential KF assimilation …
  [step 1/1] Assimilating GN05 19:11 (123 rays) …
  [!] Error in group 2024-10-10_1900__LAT+030_LON+000: podTc2_data must be provided when distance_localization=True (needed to compute ray midpoints for the localization matrix).

[365/494]
────────────────────────────────────────────────────────────
  Group : 2024-10-10_1900__LAT-030_LON+000
  Window: 2024-10-10_1900  |  Region: LAT-030_LON+000  |  5 occultation(s)
────────────────────────────────────────────────────────────
Data Flipped: C29 is setting
Data Flipped: C26 is setting
Data Flipped: E2 is setting
Data Flipped: G12 is setting
Data Flipped: R11 is setting
  Parsed 5/5 files successfully.
    [skip] GN05 19:19 — only 17 valid rays
  Bounding box: lat [-44.9, 5.2]  lon [44.8, 73.7]  |  vertices: 53
  Final group: 4 occultation(s), 53 mesh vertices
  Saved trim diagnostic → ./Figures/GroupKF/group_2024-10-10_1900__LAT-030_LON+000_trim.png
  [1/4] Building H for GN05 19:09 (494 rays) …
  -> Building H Matrix (494 rays, parallel)...
  [2/4] Building H for GN05 19:10 (227 rays) …
  -> Building H Matrix (227 rays, parallel)...
  [3/4] Building H for GN05 19:10 (263 rays) …
  -> Building H Matrix (263 rays, parallel)...
  [4/4] Building H for GN05 19:11 (220 rays) …
  -> Building H Matrix (220 rays, parallel)...
  Combined H shape : (1204, 2703)  (total rays = 1204)
  Running sequential KF assimilation …
  [step 1/4] Assimilating GN05 19:09 (494 rays) …
  [!] Error in group 2024-10-10_1900__LAT-030_LON+000: podTc2_data must be provided when distance_localization=True (needed to compute ray midpoints for the localization matrix).

[366/494]
────────────────────────────────────────────────────────────
  Group : 2024-10-10_1900__POLAR_N
  Window: 2024-10-10_1900  |  Region: POLAR_N  |  1 occultation(s)
────────────────────────────────────────────────────────────
No valid descending tangent points found. Skipping.
    [skip] podTc2_GN05.2024.284.19.14.0018.E34.01_0000.0001_nc — parse returned None

[367/494]
────────────────────────────────────────────────────────────
  Group : 2024-10-10_1900__LAT+030_LON+060
  Window: 2024-10-10_1900  |  Region: LAT+030_LON+060  |  1 occultation(s)
────────────────────────────────────────────────────────────
No valid descending tangent points found. Skipping.
    [skip] podTc2_GN05.2024.284.19.21.0009.C44.01_0000.0001_nc — parse returned None

[368/494]
────────────────────────────────────────────────────────────
  Group : 2024-10-10_1900__LAT+030_LON+120
  Window: 2024-10-10_1900  |  Region: LAT+030_LON+120  |  1 occultation(s)
────────────────────────────────────────────────────────────
No valid descending tangent points found. Skipping.
    [skip] podTc2_GN05.2024.284.19.21.0009.G24.01_0000.0001_nc — parse returned None

[369/494]
────────────────────────────────────────────────────────────
  Group : 2024-10-10_1900__LAT+000_LON-060
  Window: 2024-10-10_1900  |  Region: LAT+000_LON-060  |  1 occultation(s)
────────────────────────────────────────────────────────────
No valid descending tangent points found. Skipping.
    [skip] podTc2_GN05.2024.284.19.21.0011.C45.01_0000.0001_nc — parse returned None

[370/494]
────────────────────────────────────────────────────────────
  Group : 2024-10-10_1930__LAT+030_LON+000
  Window: 2024-10-10_1930  |  Region: LAT+030_LON+000  |  4 occultation(s)
────────────────────────────────────────────────────────────
No valid descending tangent points found. Skipping.
    [skip] podTc2_GN05.2024.284.19.42.0017.G03.00_0000.0001_nc — parse returned None
No valid descending tangent points found. Skipping.
    [skip] podTc2_GN05.2024.284.19.42.0019.E12.00_0000.0001_nc — parse returned None
No valid descending tangent points found. Skipping.
    [skip] podTc2_GN05.2024.284.19.42.0015.C41.00_0000.0001_nc — parse returned None
No valid descending tangent points found. Skipping.
    [skip] podTc2_GN05.2024.284.19.43.0012.R03.00_0000.0001_nc — parse returned None

[371/494]
────────────────────────────────────────────────────────────
  Group : 2024-10-10_1930__POLAR_N
  Window: 2024-10-10_1930  |  Region: POLAR_N  |  21 occultation(s)
────────────────────────────────────────────────────────────
No valid descending tangent points found. Skipping.
    [skip] podTc2_GN05.2024.284.19.42.0015.G31.00_0000.0001_nc — parse returned None
No valid descending tangent points found. Skipping.
    [skip] podTc2_GN05.2024.284.19.42.0018.E19.00_0000.0001_nc — parse returned None
Data Flipped: E33 is setting
E36 is rising
No valid descending tangent points found. Skipping.
    [skip] podTc2_GN05.2024.284.19.42.0015.C25.00_0000.0001_nc — parse returned None
C26 is rising
No valid descending tangent points found. Skipping.
    [skip] podTc2_GN05.2024.284.19.42.0023.C30.00_0000.0001_nc — parse returned None
C35 is rising
No valid descending tangent points found. Skipping.
    [skip] podTc2_GN05.2024.284.19.42.0019.G04.00_0000.0001_nc — parse returned None
Data Flipped: G9 is setting
G11 is rising
No valid descending tangent points found. Skipping.
    [skip] podTc2_GN05.2024.284.19.43.0013.R04.00_0000.0001_nc — parse returned None
Data Flipped: R18 is setting
R21 is rising
Data Flipped: C23 is setting
C44 is rising
Data Flipped: E4 is setting
Data Flipped: C27 is setting
No valid descending tangent points found. Skipping.
    [skip] podTc2_GN05.2024.284.19.45.0016.G26.00_0000.0001_nc — parse returned None
No valid descending tangent points found. Skipping.
    [skip] podTc2_GN05.2024.284.19.45.0012.C33.00_0000.0001_nc — parse returned None
No valid descending tangent points found. Skipping.
    [skip] podTc2_GN05.2024.284.19.46.0009.E27.00_0000.0001_nc — parse returned None
  Parsed 12/21 files successfully.
  [polar] Bounding box: lat [39.7, 90.0]  lon [-180.0, 180.0]  |  vertices: 298
  Final group: 12 occultation(s), 298 mesh vertices
  Saved trim diagnostic → ./Figures/GroupKF/group_2024-10-10_1930__POLAR_N_trim.png
  [1/12] Building H for GN05 19:42 (258 rays) …
  -> Building H Matrix (258 rays, parallel)...
  [2/12] Building H for GN05 19:42 (491 rays) …
  -> Building H Matrix (491 rays, parallel)...
  [3/12] Building H for GN05 19:42 (368 rays) …
  -> Building H Matrix (368 rays, parallel)...
  [4/12] Building H for GN05 19:42 (437 rays) …
  -> Building H Matrix (437 rays, parallel)...
  [5/12] Building H for GN05 19:42 (335 rays) …
  -> Building H Matrix (335 rays, parallel)...
  [6/12] Building H for GN05 19:42 (519 rays) …
  -> Building H Matrix (519 rays, parallel)...
  [7/12] Building H for GN05 19:43 (210 rays) …
  -> Building H Matrix (210 rays, parallel)...
  [8/12] Building H for GN05 19:43 (460 rays) …
  -> Building H Matrix (460 rays, parallel)...
  [9/12] Building H for GN05 19:43 (314 rays) …
  -> Building H Matrix (314 rays, parallel)...
  [10/12] Building H for GN05 19:43 (474 rays) …
  -> Building H Matrix (474 rays, parallel)...
  [11/12] Building H for GN05 19:44 (444 rays) …
  -> Building H Matrix (444 rays, parallel)...
  [12/12] Building H for GN05 19:44 (492 rays) …
  -> Building H Matrix (492 rays, parallel)...
  Combined H shape : (4802, 15198)  (total rays = 4802)
  Running sequential KF assimilation …
  [step 1/12] Assimilating GN05 19:42 (258 rays) …
  [!] Error in group 2024-10-10_1930__POLAR_N: podTc2_data must be provided when distance_localization=True (needed to compute ray midpoints for the localization matrix).

[372/494]
────────────────────────────────────────────────────────────
  Group : 2024-10-10_1930__LAT+030_LON-060
  Window: 2024-10-10_1930  |  Region: LAT+030_LON-060  |  3 occultation(s)
────────────────────────────────────────────────────────────
No valid descending tangent points found. Skipping.
    [skip] podTc2_GN05.2024.284.19.42.0011.E10.00_0000.0001_nc — parse returned None
No valid descending tangent points found. Skipping.
    [skip] podTc2_GN05.2024.284.19.42.0015.C32.00_0000.0001_nc — parse returned None
No valid descending tangent points found. Skipping.
    [skip] podTc2_GN05.2024.284.19.43.0016.R19.00_0000.0001_nc — parse returned None

[373/494]
────────────────────────────────────────────────────────────
  Group : 2024-10-10_1930__LAT+030_LON+060
  Window: 2024-10-10_1930  |  Region: LAT+030_LON+060  |  1 occultation(s)
────────────────────────────────────────────────────────────
No valid descending tangent points found. Skipping.
    [skip] podTc2_GN05.2024.284.19.42.0013.E29.00_0000.0001_nc — parse returned None

[374/494]
────────────────────────────────────────────────────────────
  Group : 2024-10-10_1930__LAT+030_LON-180
  Window: 2024-10-10_1930  |  Region: LAT+030_LON-180  |  12 occultation(s)
────────────────────────────────────────────────────────────
G12 is rising
R11 is rising
E2 is rising
C24 is rising
No valid descending tangent points found. Skipping.
    [skip] podTc2_GN05.2024.284.19.45.0014.G17.00_0000.0001_nc — parse returned None
E30 is rising
C38 is rising
Data Flipped: R17 is setting
Data Flipped: E6 is setting
Data Flipped: C37 is setting
Data Flipped: G7 is setting
Data Flipped: C28 is setting
  Parsed 11/12 files successfully.
  Bounding box: lat [6.4, 83.2]  lon [170.3, -103.2]  |  vertices: 173
  Final group: 11 occultation(s), 173 mesh vertices
  Saved trim diagnostic → ./Figures/GroupKF/group_2024-10-10_1930__LAT+030_LON-180_trim.png
  [1/11] Building H for GN05 19:42 (393 rays) …
  -> Building H Matrix (393 rays, parallel)...
  [2/11] Building H for GN05 19:43 (365 rays) …
  -> Building H Matrix (365 rays, parallel)...
  [3/11] Building H for GN05 19:43 (366 rays) …
  -> Building H Matrix (366 rays, parallel)...
  [4/11] Building H for GN05 19:45 (392 rays) …
  -> Building H Matrix (392 rays, parallel)...
  [5/11] Building H for GN05 19:45 (416 rays) …
  -> Building H Matrix (416 rays, parallel)...
  [6/11] Building H for GN05 19:46 (882 rays) …
  -> Building H Matrix (882 rays, parallel)...
  [7/11] Building H for GN05 19:49 (457 rays) …
  -> Building H Matrix (457 rays, parallel)...
  [8/11] Building H for GN05 19:50 (695 rays) …
  -> Building H Matrix (695 rays, parallel)...
  [9/11] Building H for GN05 19:51 (364 rays) …
  -> Building H Matrix (364 rays, parallel)...
  [10/11] Building H for GN05 19:52 (375 rays) …
  -> Building H Matrix (375 rays, parallel)...
  [11/11] Building H for GN05 19:53 (375 rays) …
  -> Building H Matrix (375 rays, parallel)...
  Combined H shape : (5080, 8823)  (total rays = 5080)
  Running sequential KF assimilation …
  [step 1/11] Assimilating GN05 19:42 (393 rays) …
  [!] Error in group 2024-10-10_1930__LAT+030_LON-180: podTc2_data must be provided when distance_localization=True (needed to compute ray midpoints for the localization matrix).

[375/494]
────────────────────────────────────────────────────────────
  Group : 2024-10-10_1930__LAT+000_LON-180
  Window: 2024-10-10_1930  |  Region: LAT+000_LON-180  |  16 occultation(s)
────────────────────────────────────────────────────────────
R20 is rising
G32 is rising
E7 is rising
G28 is rising
C29 is rising
Data Flipped: C20 is setting
E11 is rising
G6 is rising
R12 is rising
Data Flipped: G8 is setting
Data Flipped: R15 is setting
Data Flipped: G27 is setting
Data Flipped: E9 is setting
Data Flipped: E31 is setting
Data Flipped: G30 is setting
Data Flipped: R24 is setting
  Parsed 16/16 files successfully.
  Bounding box: lat [-18.0, 79.4]  lon [163.8, -65.1]  |  vertices: 390
  [trim] n_geo=390 > MAX_MESH_VERTICES=300 — dropping GN05 19:45 (130.9° from centroid)
  Bounding box: lat [-18.0, 50.9]  lon [-179.9, -91.5]  |  vertices: 220
  Final group: 15 occultation(s), 220 mesh vertices
  Saved trim diagnostic → ./Figures/GroupKF/group_2024-10-10_1930__LAT+000_LON-180_trim.png
  [1/15] Building H for GN05 19:44 (525 rays) …
  -> Building H Matrix (525 rays, parallel)...
  [2/15] Building H for GN05 19:45 (687 rays) …
  -> Building H Matrix (687 rays, parallel)...
  [3/15] Building H for GN05 19:45 (622 rays) …
  -> Building H Matrix (622 rays, parallel)...
  [4/15] Building H for GN05 19:45 (397 rays) …
  -> Building H Matrix (397 rays, parallel)...
  [5/15] Building H for GN05 19:45 (691 rays) …
  -> Building H Matrix (691 rays, parallel)...
  [6/15] Building H for GN05 19:46 (625 rays) …
  -> Building H Matrix (625 rays, parallel)...
  [7/15] Building H for GN05 19:46 (653 rays) …
  -> Building H Matrix (653 rays, parallel)...
  [8/15] Building H for GN05 19:47 (391 rays) …
  -> Building H Matrix (391 rays, parallel)...
  [9/15] Building H for GN05 19:55 (423 rays) …
  -> Building H Matrix (423 rays, parallel)...
  [10/15] Building H for GN05 19:57 (361 rays) …
  -> Building H Matrix (361 rays, parallel)...
  [11/15] Building H for GN05 19:57 (548 rays) …
  -> Building H Matrix (548 rays, parallel)...
  [12/15] Building H for GN05 19:59 (620 rays) …
  -> Building H Matrix (620 rays, parallel)...
  [13/15] Building H for GN05 19:59 (412 rays) …
  -> Building H Matrix (412 rays, parallel)...
  [14/15] Building H for GN05 19:59 (392 rays) …
  -> Building H Matrix (392 rays, parallel)...
  [15/15] Building H for GN05 19:59 (521 rays) …
  -> Building H Matrix (521 rays, parallel)...
  Combined H shape : (7868, 11220)  (total rays = 7868)
  Running sequential KF assimilation …
  [step 1/15] Assimilating GN05 19:44 (525 rays) …
  [!] Error in group 2024-10-10_1930__LAT+000_LON-180: podTc2_data must be provided when distance_localization=True (needed to compute ray midpoints for the localization matrix).

[376/494]
────────────────────────────────────────────────────────────
  Group : 2024-10-10_1930__LAT+030_LON-120
  Window: 2024-10-10_1930  |  Region: LAT+030_LON-120  |  4 occultation(s)
────────────────────────────────────────────────────────────
G29 is rising
Data Flipped: E21 is setting
Data Flipped: R14 is setting
Data Flipped: E26 is setting
  Parsed 4/4 files successfully.
  Bounding box: lat [21.1, 84.0]  lon [-135.4, -54.8]  |  vertices: 117
  Final group: 4 occultation(s), 117 mesh vertices
  Saved trim diagnostic → ./Figures/GroupKF/group_2024-10-10_1930__LAT+030_LON-120_trim.png
  [1/4] Building H for GN05 19:44 (575 rays) …
  -> Building H Matrix (575 rays, parallel)...
  [2/4] Building H for GN05 19:45 (520 rays) …
  -> Building H Matrix (520 rays, parallel)...
  [3/4] Building H for GN05 19:48 (387 rays) …
  -> Building H Matrix (387 rays, parallel)...
  [4/4] Building H for GN05 19:48 (485 rays) …
  -> Building H Matrix (485 rays, parallel)...
  Combined H shape : (1967, 5967)  (total rays = 1967)
  Running sequential KF assimilation …
  [step 1/4] Assimilating GN05 19:44 (575 rays) …
  [!] Error in group 2024-10-10_1930__LAT+030_LON-120: podTc2_data must be provided when distance_localization=True (needed to compute ray midpoints for the localization matrix).

[377/494]
────────────────────────────────────────────────────────────
  Group : 2024-10-10_1930__LAT-030_LON-180
  Window: 2024-10-10_1930  |  Region: LAT-030_LON-180  |  16 occultation(s)
────────────────────────────────────────────────────────────
R2 is rising
E10 is rising
R3 is rising
E29 is rising
C40 is rising
C41 is rising
C32 is rising
Data Flipped: R5 is setting
G31 is rising
G3 is rising
C25 is rising
R4 is rising
E27 is rising
E19 is rising
G4 is rising
G26 is rising
  Parsed 16/16 files successfully.
  Bounding box: lat [-66.9, 58.1]  lon [153.9, -106.3]  |  vertices: 404
  [trim] n_geo=404 > MAX_MESH_VERTICES=300 — dropping GN05 19:52 (93.2° from centroid)
  Bounding box: lat [-56.8, 58.1]  lon [-180.0, -106.3]  |  vertices: 284
  Final group: 15 occultation(s), 284 mesh vertices
  Saved trim diagnostic → ./Figures/GroupKF/group_2024-10-10_1930__LAT-030_LON-180_trim.png
  [1/15] Building H for GN05 19:49 (590 rays) …
  -> Building H Matrix (590 rays, parallel)...
  [2/15] Building H for GN05 19:49 (578 rays) …
  -> Building H Matrix (578 rays, parallel)...
  [3/15] Building H for GN05 19:49 (400 rays) …
  -> Building H Matrix (400 rays, parallel)...
  [4/15] Building H for GN05 19:50 (416 rays) …
  -> Building H Matrix (416 rays, parallel)...
  [5/15] Building H for GN05 19:52 (464 rays) …
  -> Building H Matrix (464 rays, parallel)...
  [6/15] Building H for GN05 19:52 (428 rays) …
  -> Building H Matrix (428 rays, parallel)...
  [7/15] Building H for GN05 19:53 (1559 rays) …
  -> Building H Matrix (1559 rays, parallel)...
  [8/15] Building H for GN05 19:53 (388 rays) …
  -> Building H Matrix (388 rays, parallel)...
  [9/15] Building H for GN05 19:53 (432 rays) …
  -> Building H Matrix (432 rays, parallel)...
  [10/15] Building H for GN05 19:53 (428 rays) …
  -> Building H Matrix (428 rays, parallel)...
  [11/15] Building H for GN05 19:53 (492 rays) …
  -> Building H Matrix (492 rays, parallel)...
  [12/15] Building H for GN05 19:54 (554 rays) …
  -> Building H Matrix (554 rays, parallel)...
  [13/15] Building H for GN05 19:55 (388 rays) …
  -> Building H Matrix (388 rays, parallel)...
  [14/15] Building H for GN05 19:57 (405 rays) …
  -> Building H Matrix (405 rays, parallel)...
  [15/15] Building H for GN05 19:59 (566 rays) …
  -> Building H Matrix (566 rays, parallel)...
  Combined H shape : (8088, 14484)  (total rays = 8088)
  Running sequential KF assimilation …
  [step 1/15] Assimilating GN05 19:49 (590 rays) …
  [!] Error in group 2024-10-10_1930__LAT-030_LON-180: podTc2_data must be provided when distance_localization=True (needed to compute ray midpoints for the localization matrix).

[378/494]
────────────────────────────────────────────────────────────
  Group : 2024-10-10_1930__LAT+000_LON-120
  Window: 2024-10-10_1930  |  Region: LAT+000_LON-120  |  2 occultation(s)
────────────────────────────────────────────────────────────
R1 is rising
Data Flipped: G10 is setting
  Parsed 2/2 files successfully.
  Bounding box: lat [-22.9, 56.5]  lon [-148.1, -94.5]  |  vertices: 150
  Final group: 2 occultation(s), 150 mesh vertices
  Saved trim diagnostic → ./Figures/GroupKF/group_2024-10-10_1930__LAT+000_LON-120_trim.png
  [1/2] Building H for GN05 19:52 (485 rays) …
  -> Building H Matrix (485 rays, parallel)...
  [2/2] Building H for GN05 19:56 (1107 rays) …
  -> Building H Matrix (1107 rays, parallel)...
  Combined H shape : (1592, 7650)  (total rays = 1592)
  Running sequential KF assimilation …
  [step 1/2] Assimilating GN05 19:52 (485 rays) …
  [!] Error in group 2024-10-10_1930__LAT+000_LON-120: podTc2_data must be provided when distance_localization=True (needed to compute ray midpoints for the localization matrix).

[379/494]
────────────────────────────────────────────────────────────
  Group : 2024-10-10_1930__LAT-060_LON-180
  Window: 2024-10-10_1930  |  Region: LAT-060_LON-180  |  3 occultation(s)
────────────────────────────────────────────────────────────
E12 is rising
C33 is rising
R19 is rising
  Parsed 3/3 files successfully.
  Bounding box: lat [-75.6, 4.7]  lon [178.0, -86.6]  |  vertices: 230
  Final group: 3 occultation(s), 230 mesh vertices
  Saved trim diagnostic → ./Figures/GroupKF/group_2024-10-10_1930__LAT-060_LON-180_trim.png
  [1/3] Building H for GN05 19:56 (503 rays) …
  -> Building H Matrix (503 rays, parallel)...
  [2/3] Building H for GN05 19:57 (1237 rays) …
  -> Building H Matrix (1237 rays, parallel)...
  [3/3] Building H for GN05 19:58 (618 rays) …
  -> Building H Matrix (618 rays, parallel)...
  Combined H shape : (2358, 11730)  (total rays = 2358)
  Running sequential KF assimilation …
  [step 1/3] Assimilating GN05 19:56 (503 rays) …
  [!] Error in group 2024-10-10_1930__LAT-060_LON-180: podTc2_data must be provided when distance_localization=True (needed to compute ray midpoints for the localization matrix).

[380/494]
────────────────────────────────────────────────────────────
  Group : 2024-10-10_2000__LAT-030_LON-180
  Window: 2024-10-10_2000  |  Region: LAT-030_LON-180  |  9 occultation(s)
────────────────────────────────────────────────────────────
Data Flipped: C43 is setting
C20 is rising
Data Flipped: E13 is setting
Data Flipped: G14 is setting
Data Flipped: C39 is setting
Data Flipped: R16 is setting
Data Flipped: E24 is setting
G17 is rising
Data Flipped: C19 is setting
  Parsed 9/9 files successfully.
  Bounding box: lat [-84.7, 23.7]  lon [145.0, -106.8]  |  vertices: 348
  [trim] n_geo=348 > MAX_MESH_VERTICES=300 — dropping GN05 20:12 (139.8° from centroid)
  Bounding box: lat [-76.0, 23.7]  lon [145.0, -106.8]  |  vertices: 341
  [trim] n_geo=341 > MAX_MESH_VERTICES=300 — dropping GN05 20:12 (152.3° from centroid)
  Bounding box: lat [-58.8, 23.7]  lon [162.7, -106.8]  |  vertices: 261
  Final group: 7 occultation(s), 261 mesh vertices
  Saved trim diagnostic → ./Figures/GroupKF/group_2024-10-10_2000__LAT-030_LON-180_trim.png
  [1/7] Building H for GN05 20:02 (727 rays) …
  -> Building H Matrix (727 rays, parallel)...
  [2/7] Building H for GN05 20:03 (1243 rays) …
  -> Building H Matrix (1243 rays, parallel)...
  [3/7] Building H for GN05 20:03 (617 rays) …
  -> Building H Matrix (617 rays, parallel)...
  [4/7] Building H for GN05 20:04 (483 rays) …
  -> Building H Matrix (483 rays, parallel)...
  [5/7] Building H for GN05 20:06 (327 rays) …
  -> Building H Matrix (327 rays, parallel)...
  [6/7] Building H for GN05 20:06 (386 rays) …
  -> Building H Matrix (386 rays, parallel)...
  [7/7] Building H for GN05 20:08 (586 rays) …
  -> Building H Matrix (586 rays, parallel)...
  Combined H shape : (4369, 13311)  (total rays = 4369)
  Running sequential KF assimilation …
  [step 1/7] Assimilating GN05 20:02 (727 rays) …
  [!] Error in group 2024-10-10_2000__LAT-030_LON-180: podTc2_data must be provided when distance_localization=True (needed to compute ray midpoints for the localization matrix).

[381/494]
────────────────────────────────────────────────────────────
  Group : 2024-10-10_2000__LAT-060_LON-180
  Window: 2024-10-10_2000  |  Region: LAT-060_LON-180  |  13 occultation(s)
────────────────────────────────────────────────────────────
G9 is rising
Data Flipped: C42 is setting
Data Flipped: E5 is setting
Data Flipped: G23 is setting
Data Flipped: C36 is setting
Data Flipped: R7 is setting
Data Flipped: R8 is setting
Data Flipped: G15 is setting
Data Flipped: R9 is setting
R5 is rising
Data Flipped: C21 is setting
Data Flipped: E3 is setting
Data Flipped: C22 is setting
  Parsed 13/13 files successfully.
  Bounding box: lat [-73.4, -6.0]  lon [139.3, -95.9]  |  vertices: 245
  Final group: 13 occultation(s), 245 mesh vertices
  Saved trim diagnostic → ./Figures/GroupKF/group_2024-10-10_2000__LAT-060_LON-180_trim.png
  [1/13] Building H for GN05 20:03 (515 rays) …
  -> Building H Matrix (515 rays, parallel)...
  [2/13] Building H for GN05 20:10 (843 rays) …
  -> Building H Matrix (843 rays, parallel)...
  [3/13] Building H for GN05 20:11 (414 rays) …
  -> Building H Matrix (414 rays, parallel)...
  [4/13] Building H for GN05 20:11 (539 rays) …
  -> Building H Matrix (539 rays, parallel)...
  [5/13] Building H for GN05 20:12 (427 rays) …
  -> Building H Matrix (427 rays, parallel)...
  [6/13] Building H for GN05 20:12 (403 rays) …
  -> Building H Matrix (403 rays, parallel)...
  [7/13] Building H for GN05 20:13 (483 rays) …
  -> Building H Matrix (483 rays, parallel)...
  [8/13] Building H for GN05 20:15 (388 rays) …
  -> Building H Matrix (388 rays, parallel)...
  [9/13] Building H for GN05 20:18 (431 rays) …
  -> Building H Matrix (431 rays, parallel)...
  [10/13] Building H for GN05 20:18 (535 rays) …
  -> Building H Matrix (535 rays, parallel)...
  [11/13] Building H for GN05 20:18 (207 rays) …
  -> Building H Matrix (207 rays, parallel)...
  [12/13] Building H for GN05 20:19 (232 rays) …
  -> Building H Matrix (232 rays, parallel)...
  [13/13] Building H for GN05 20:19 (156 rays) …
  -> Building H Matrix (156 rays, parallel)...
  Combined H shape : (5573, 12495)  (total rays = 5573)
  Running sequential KF assimilation …
  [step 1/13] Assimilating GN05 20:03 (515 rays) …
  [!] Error in group 2024-10-10_2000__LAT-060_LON-180: podTc2_data must be provided when distance_localization=True (needed to compute ray midpoints for the localization matrix).

[382/494]
────────────────────────────────────────────────────────────
  Group : 2024-10-10_2000__POLAR_S
  Window: 2024-10-10_2000  |  Region: POLAR_S  |  17 occultation(s)
────────────────────────────────────────────────────────────
C23 is rising
C30 is rising
E33 is rising
R18 is rising
R14 is rising
E21 is rising
C27 is rising
G7 is rising
E6 is rising
C37 is rising
R15 is rising
Data Flipped: G18 is setting
Data Flipped: G24 is setting
Data Flipped: C45 is setting
Data Flipped: E15 is setting
E9 is rising
Data Flipped: E8 is setting
  Parsed 17/17 files successfully.
  [polar] Bounding box: lat [-90.0, -39.7]  lon [-180.0, 180.0]  |  vertices: 298
  Final group: 17 occultation(s), 298 mesh vertices
  Saved trim diagnostic → ./Figures/GroupKF/group_2024-10-10_2000__POLAR_S_trim.png
  [1/17] Building H for GN05 20:05 (417 rays) …
  -> Building H Matrix (417 rays, parallel)...
  [2/17] Building H for GN05 20:06 (704 rays) …
  -> Building H Matrix (704 rays, parallel)...
  [3/17] Building H for GN05 20:07 (126 rays) …
  -> Building H Matrix (126 rays, parallel)...
  [4/17] Building H for GN05 20:07 (495 rays) …
  -> Building H Matrix (495 rays, parallel)...
  [5/17] Building H for GN05 20:11 (146 rays) …
  -> Building H Matrix (146 rays, parallel)...
  [6/17] Building H for GN05 20:11 (114 rays) …
  -> Building H Matrix (114 rays, parallel)...
  [7/17] Building H for GN05 20:12 (410 rays) …
  -> Building H Matrix (410 rays, parallel)...
  [8/17] Building H for GN05 20:15 (378 rays) …
  -> Building H Matrix (378 rays, parallel)...
  [9/17] Building H for GN05 20:17 (680 rays) …
  -> Building H Matrix (680 rays, parallel)...
  [10/17] Building H for GN05 20:18 (98 rays) …
  -> Building H Matrix (98 rays, parallel)...
  [11/17] Building H for GN05 20:20 (377 rays) …
  -> Building H Matrix (377 rays, parallel)...
  [12/17] Building H for GN05 20:22 (512 rays) …
  -> Building H Matrix (512 rays, parallel)...
  [13/17] Building H for GN05 20:24 (364 rays) …
  -> Building H Matrix (364 rays, parallel)...
  [14/17] Building H for GN05 20:25 (369 rays) …
  -> Building H Matrix (369 rays, parallel)...
  [15/17] Building H for GN05 20:26 (155 rays) …
  -> Building H Matrix (155 rays, parallel)...
  [16/17] Building H for GN05 20:26 (278 rays) …
  -> Building H Matrix (278 rays, parallel)...
  [17/17] Building H for GN05 20:28 (199 rays) …
  -> Building H Matrix (199 rays, parallel)...
  Combined H shape : (5822, 15198)  (total rays = 5822)
  Running sequential KF assimilation …
  [step 1/17] Assimilating GN05 20:05 (417 rays) …
  [!] Error in group 2024-10-10_2000__POLAR_S: podTc2_data must be provided when distance_localization=True (needed to compute ray midpoints for the localization matrix).

[383/494]
────────────────────────────────────────────────────────────
  Group : 2024-10-10_2000__LAT-060_LON+120
  Window: 2024-10-10_2000  |  Region: LAT-060_LON+120  |  1 occultation(s)
────────────────────────────────────────────────────────────
E4 is rising
  Parsed 1/1 files successfully.
  Bounding box: lat [-83.0, -32.9]  lon [159.0, -155.1]  |  vertices: 48
  Final group: 1 occultation(s), 48 mesh vertices
  Saved trim diagnostic → ./Figures/GroupKF/group_2024-10-10_2000__LAT-060_LON+120_trim.png
  [1/1] Building H for GN05 20:07 (508 rays) …
  -> Building H Matrix (508 rays, parallel)...
  Combined H shape : (508, 2448)  (total rays = 508)
  Running sequential KF assimilation …
  [step 1/1] Assimilating GN05 20:07 (508 rays) …
  [!] Error in group 2024-10-10_2000__LAT-060_LON+120: podTc2_data must be provided when distance_localization=True (needed to compute ray midpoints for the localization matrix).

[384/494]
────────────────────────────────────────────────────────────
  Group : 2024-10-10_2000__LAT-060_LON+000
  Window: 2024-10-10_2000  |  Region: LAT-060_LON+000  |  7 occultation(s)
────────────────────────────────────────────────────────────
R17 is rising
G30 is rising
E26 is rising
E31 is rising
G8 is rising
C28 is rising
R16 is rising
  Parsed 7/7 files successfully.
  Bounding box: lat [-78.3, -7.0]  lon [-14.7, 89.8]  |  vertices: 206
  Final group: 7 occultation(s), 206 mesh vertices
  Saved trim diagnostic → ./Figures/GroupKF/group_2024-10-10_2000__LAT-060_LON+000_trim.png
  [1/7] Building H for GN05 20:17 (471 rays) …
  -> Building H Matrix (471 rays, parallel)...
  [2/7] Building H for GN05 20:22 (274 rays) …
  -> Building H Matrix (274 rays, parallel)...
  [3/7] Building H for GN05 20:27 (562 rays) …
  -> Building H Matrix (562 rays, parallel)...
  [4/7] Building H for GN05 20:27 (386 rays) …
  -> Building H Matrix (386 rays, parallel)...
  [5/7] Building H for GN05 20:27 (508 rays) …
  -> Building H Matrix (508 rays, parallel)...
  [6/7] Building H for GN05 20:28 (488 rays) …
  -> Building H Matrix (488 rays, parallel)...
  [7/7] Building H for GN05 20:29 (370 rays) …
  -> Building H Matrix (370 rays, parallel)...
  Combined H shape : (3059, 10506)  (total rays = 3059)
  Running sequential KF assimilation …
  [step 1/7] Assimilating GN05 20:17 (471 rays) …
  [!] Error in group 2024-10-10_2000__LAT-060_LON+000: podTc2_data must be provided when distance_localization=True (needed to compute ray midpoints for the localization matrix).

[385/494]
────────────────────────────────────────────────────────────
  Group : 2024-10-10_2000__LAT-060_LON+060
  Window: 2024-10-10_2000  |  Region: LAT-060_LON+060  |  1 occultation(s)
────────────────────────────────────────────────────────────
No valid descending tangent points found. Skipping.
    [skip] podTc2_GN05.2024.284.20.18.0009.E26.01_0000.0001_nc — parse returned None

[386/494]
────────────────────────────────────────────────────────────
  Group : 2024-10-10_2000__LAT-060_LON-120
  Window: 2024-10-10_2000  |  Region: LAT-060_LON-120  |  1 occultation(s)
────────────────────────────────────────────────────────────
No valid descending tangent points found. Skipping.
    [skip] podTc2_GN05.2024.284.20.26.0009.C39.00_0000.0001_nc — parse returned None

[387/494]
────────────────────────────────────────────────────────────
  Group : 2024-10-10_2000__LAT-030_LON+000
  Window: 2024-10-10_2000  |  Region: LAT-030_LON+000  |  1 occultation(s)
────────────────────────────────────────────────────────────
G14 is rising
  Parsed 1/1 files successfully.
  Bounding box: lat [-47.9, -6.9]  lon [25.2, 66.4]  |  vertices: 58
  Final group: 1 occultation(s), 58 mesh vertices
  Saved trim diagnostic → ./Figures/GroupKF/group_2024-10-10_2000__LAT-030_LON+000_trim.png
  [1/1] Building H for GN05 20:29 (419 rays) …
  -> Building H Matrix (419 rays, parallel)...
  Combined H shape : (419, 2958)  (total rays = 419)
  Running sequential KF assimilation …
  [step 1/1] Assimilating GN05 20:29 (419 rays) …
  [!] Error in group 2024-10-10_2000__LAT-030_LON+000: podTc2_data must be provided when distance_localization=True (needed to compute ray midpoints for the localization matrix).

[388/494]
────────────────────────────────────────────────────────────
  Group : 2024-10-10_2030__POLAR_S
  Window: 2024-10-10_2030  |  Region: POLAR_S  |  8 occultation(s)
────────────────────────────────────────────────────────────
Data Flipped: G5 is setting
No valid descending tangent points found. Skipping.
    [skip] podTc2_GN05.2024.284.20.31.0014.C42.00_0000.0001_nc — parse returned None
Data Flipped: E34 is setting
No valid descending tangent points found. Skipping.
    [skip] podTc2_GN05.2024.284.20.32.0009.C43.00_0000.0001_nc — parse returned None
Data Flipped: R22 is setting
Data Flipped: C34 is setting
Data Flipped: G32 is setting
E25 is rising
  Parsed 6/8 files successfully.
  [polar] Bounding box: lat [-90.0, -40.2]  lon [-180.0, 180.0]  |  vertices: 292
  Final group: 6 occultation(s), 292 mesh vertices
  Saved trim diagnostic → ./Figures/GroupKF/group_2024-10-10_2030__POLAR_S_trim.png
  [1/6] Building H for GN05 20:30 (166 rays) …
  -> Building H Matrix (166 rays, parallel)...
  [2/6] Building H for GN05 20:31 (453 rays) …
  -> Building H Matrix (453 rays, parallel)...
  [3/6] Building H for GN05 20:32 (493 rays) …
  -> Building H Matrix (493 rays, parallel)...
  [4/6] Building H for GN05 20:33 (148 rays) …
  -> Building H Matrix (148 rays, parallel)...
  [5/6] Building H for GN05 20:35 (687 rays) …
  -> Building H Matrix (687 rays, parallel)...
  [6/6] Building H for GN05 20:36 (66 rays) …
  -> Building H Matrix (66 rays, parallel)...
  Combined H shape : (2013, 14892)  (total rays = 2013)
  Running sequential KF assimilation …
  [step 1/6] Assimilating GN05 20:30 (166 rays) …
  [!] Error in group 2024-10-10_2030__POLAR_S: podTc2_data must be provided when distance_localization=True (needed to compute ray midpoints for the localization matrix).

[389/494]
────────────────────────────────────────────────────────────
  Group : 2024-10-10_2030__LAT-030_LON+000
  Window: 2024-10-10_2030  |  Region: LAT-030_LON+000  |  16 occultation(s)
────────────────────────────────────────────────────────────
G27 is rising
C39 is rising
R24 is rising
E24 is rising
C36 is rising
E5 is rising
Data Flipped: E36 is setting
Data Flipped: C24 is setting
Data Flipped: E30 is setting
Data Flipped: R21 is setting
Data Flipped: C35 is setting
Data Flipped: G28 is setting
Data Flipped: R2 is setting
C19 is rising
Data Flipped: G11 is setting
Data Flipped: R12 is setting
  Parsed 16/16 files successfully.
  Bounding box: lat [-52.8, 24.2]  lon [-19.6, 63.3]  |  vertices: 229
  Final group: 16 occultation(s), 229 mesh vertices
  Saved trim diagnostic → ./Figures/GroupKF/group_2024-10-10_2030__LAT-030_LON+000_trim.png
  [1/16] Building H for GN05 20:31 (636 rays) …
  -> Building H Matrix (636 rays, parallel)...
  [2/16] Building H for GN05 20:31 (422 rays) …
  -> Building H Matrix (422 rays, parallel)...
  [3/16] Building H for GN05 20:31 (349 rays) …
  -> Building H Matrix (349 rays, parallel)...
  [4/16] Building H for GN05 20:34 (496 rays) …
  -> Building H Matrix (496 rays, parallel)...
  [5/16] Building H for GN05 20:35 (413 rays) …
  -> Building H Matrix (413 rays, parallel)...
  [6/16] Building H for GN05 20:36 (475 rays) …
  -> Building H Matrix (475 rays, parallel)...
  [7/16] Building H for GN05 20:43 (565 rays) …
  -> Building H Matrix (565 rays, parallel)...
  [8/16] Building H for GN05 20:46 (223 rays) …
  -> Building H Matrix (223 rays, parallel)...
  [9/16] Building H for GN05 20:47 (246 rays) …
  -> Building H Matrix (246 rays, parallel)...
  [10/16] Building H for GN05 20:47 (236 rays) …
  -> Building H Matrix (236 rays, parallel)...
  [11/16] Building H for GN05 20:48 (209 rays) …
  -> Building H Matrix (209 rays, parallel)...
  [12/16] Building H for GN05 20:50 (182 rays) …
  -> Building H Matrix (182 rays, parallel)...
  [13/16] Building H for GN05 20:50 (726 rays) …
  -> Building H Matrix (726 rays, parallel)...
  [14/16] Building H for GN05 20:51 (486 rays) …
  -> Building H Matrix (486 rays, parallel)...
  [15/16] Building H for GN05 20:52 (298 rays) …
  -> Building H Matrix (298 rays, parallel)...
  [16/16] Building H for GN05 20:52 (177 rays) …
  -> Building H Matrix (177 rays, parallel)...
  Combined H shape : (6139, 11679)  (total rays = 6139)
  Running sequential KF assimilation …
  [step 1/16] Assimilating GN05 20:31 (636 rays) …
  [!] Error in group 2024-10-10_2030__LAT-030_LON+000: podTc2_data must be provided when distance_localization=True (needed to compute ray midpoints for the localization matrix).

[390/494]
────────────────────────────────────────────────────────────
  Group : 2024-10-10_2030__LAT-060_LON-120
  Window: 2024-10-10_2030  |  Region: LAT-060_LON-120  |  1 occultation(s)
────────────────────────────────────────────────────────────
No valid descending tangent points found. Skipping.
    [skip] podTc2_GN05.2024.284.20.31.0008.C36.00_0000.0001_nc — parse returned None

[391/494]
────────────────────────────────────────────────────────────
  Group : 2024-10-10_2030__LAT-060_LON+120
  Window: 2024-10-10_2030  |  Region: LAT-060_LON+120  |  3 occultation(s)
────────────────────────────────────────────────────────────
No valid descending tangent points found. Skipping.
    [skip] podTc2_GN05.2024.284.20.31.0009.E13.00_0000.0001_nc — parse returned None
G6 is rising
E10 is rising
  Parsed 2/3 files successfully.
  Bounding box: lat [-77.2, -9.3]  lon [155.2, -173.3]  |  vertices: 58
  Final group: 2 occultation(s), 58 mesh vertices
  Saved trim diagnostic → ./Figures/GroupKF/group_2024-10-10_2030__LAT-060_LON+120_trim.png
  [1/2] Building H for GN04 20:53 (505 rays) …
  -> Building H Matrix (505 rays, parallel)...
  [2/2] Building H for GN04 20:58 (444 rays) …
  -> Building H Matrix (444 rays, parallel)...
  Combined H shape : (949, 2958)  (total rays = 949)
  Running sequential KF assimilation …
  [step 1/2] Assimilating GN04 20:53 (505 rays) …
  [!] Error in group 2024-10-10_2030__LAT-060_LON+120: podTc2_data must be provided when distance_localization=True (needed to compute ray midpoints for the localization matrix).

[392/494]
────────────────────────────────────────────────────────────
  Group : 2024-10-10_2030__LAT+000_LON+000
  Window: 2024-10-10_2030  |  Region: LAT+000_LON+000  |  15 occultation(s)
────────────────────────────────────────────────────────────
G10 is rising
E13 is rising
R7 is rising
R8 is rising
C43 is rising
G15 is rising
C21 is rising
G23 is rising
R9 is rising
E3 is rising
C22 is rising
C42 is rising
R1 is rising
Data Flipped: E27 is setting
No valid descending tangent points found. Skipping.
    [skip] podTc2_GN05.2024.284.20.53.0011.E25.01_0000.0001_nc — parse returned None
  Parsed 14/15 files successfully.
  Bounding box: lat [-20.3, 37.0]  lon [-10.3, 41.6]  |  vertices: 112
  Final group: 14 occultation(s), 112 mesh vertices
  Saved trim diagnostic → ./Figures/GroupKF/group_2024-10-10_2030__LAT+000_LON+000_trim.png
  [1/14] Building H for GN05 20:35 (347 rays) …
  -> Building H Matrix (347 rays, parallel)...
  [2/14] Building H for GN05 20:36 (340 rays) …
  -> Building H Matrix (340 rays, parallel)...
  [3/14] Building H for GN05 20:37 (265 rays) …
  -> Building H Matrix (265 rays, parallel)...
  [4/14] Building H for GN05 20:39 (184 rays) …
  -> Building H Matrix (184 rays, parallel)...
  [5/14] Building H for GN05 20:39 (321 rays) …
  -> Building H Matrix (321 rays, parallel)...
  [6/14] Building H for GN05 20:39 (176 rays) …
  -> Building H Matrix (176 rays, parallel)...
  [7/14] Building H for GN05 20:40 (127 rays) …
  -> Building H Matrix (127 rays, parallel)...
  [8/14] Building H for GN05 20:40 (158 rays) …
  -> Building H Matrix (158 rays, parallel)...
  [9/14] Building H for GN05 20:41 (208 rays) …
  -> Building H Matrix (208 rays, parallel)...
  [10/14] Building H for GN05 20:41 (132 rays) …
  -> Building H Matrix (132 rays, parallel)...
  [11/14] Building H for GN05 20:41 (170 rays) …
  -> Building H Matrix (170 rays, parallel)...
  [12/14] Building H for GN05 20:42 (306 rays) …
  -> Building H Matrix (306 rays, parallel)...
  [13/14] Building H for GN05 20:48 (451 rays) …
  -> Building H Matrix (451 rays, parallel)...
  [14/14] Building H for GN05 20:52 (494 rays) …
  -> Building H Matrix (494 rays, parallel)...
  Combined H shape : (3679, 5712)  (total rays = 3679)
  Running sequential KF assimilation …
  [step 1/14] Assimilating GN05 20:35 (347 rays) …
  [!] Error in group 2024-10-10_2030__LAT+000_LON+000: podTc2_data must be provided when distance_localization=True (needed to compute ray midpoints for the localization matrix).

[393/494]
────────────────────────────────────────────────────────────
  Group : 2024-10-10_2030__LAT-060_LON+000
  Window: 2024-10-10_2030  |  Region: LAT-060_LON+000  |  9 occultation(s)
────────────────────────────────────────────────────────────
Data Flipped: C26 is setting
Data Flipped: E2 is setting
Data Flipped: E7 is setting
C19 is rising
Data Flipped: C44 is setting
Data Flipped: R11 is setting
Data Flipped: G12 is setting
Data Flipped: C38 is setting
Data Flipped: G29 is setting
  Parsed 9/9 files successfully.
  Bounding box: lat [-79.8, -1.4]  lon [-17.4, 74.1]  |  vertices: 201
  Final group: 9 occultation(s), 201 mesh vertices
  Saved trim diagnostic → ./Figures/GroupKF/group_2024-10-10_2030__LAT-060_LON+000_trim.png
  [1/9] Building H for GN05 20:35 (356 rays) …
  -> Building H Matrix (356 rays, parallel)...
  [2/9] Building H for GN05 20:39 (432 rays) …
  -> Building H Matrix (432 rays, parallel)...
  [3/9] Building H for GN05 20:39 (690 rays) …
  -> Building H Matrix (690 rays, parallel)...
  [4/9] Building H for GN05 20:39 (684 rays) …
  -> Building H Matrix (684 rays, parallel)...
  [5/9] Building H for GN05 20:39 (333 rays) …
  -> Building H Matrix (333 rays, parallel)...
  [6/9] Building H for GN05 20:39 (378 rays) …
  -> Building H Matrix (378 rays, parallel)...
  [7/9] Building H for GN05 20:40 (330 rays) …
  -> Building H Matrix (330 rays, parallel)...
  [8/9] Building H for GN05 20:42 (808 rays) …
  -> Building H Matrix (808 rays, parallel)...
  [9/9] Building H for GN05 20:43 (336 rays) …
  -> Building H Matrix (336 rays, parallel)...
  Combined H shape : (4347, 10251)  (total rays = 4347)
  Running sequential KF assimilation …
  [step 1/9] Assimilating GN05 20:35 (356 rays) …
  [!] Error in group 2024-10-10_2030__LAT-060_LON+000: podTc2_data must be provided when distance_localization=True (needed to compute ray midpoints for the localization matrix).

[394/494]
────────────────────────────────────────────────────────────
  Group : 2024-10-10_2030__POLAR_N
  Window: 2024-10-10_2030  |  Region: POLAR_N  |  20 occultation(s)
────────────────────────────────────────────────────────────
R11 is rising
No valid descending tangent points found. Skipping.
    [skip] podTc2_GN04.2024.284.20.37.0022.C29.00_0000.0001_nc — parse returned None
No valid descending tangent points found. Skipping.
    [skip] podTc2_GN04.2024.284.20.38.0026.E10.00_0000.0001_nc — parse returned None
Data Flipped: R5 is setting
Data Flipped: E4 is setting
C20 is rising
No valid descending tangent points found. Skipping.
    [skip] podTc2_GN04.2024.284.20.39.0023.G03.00_0000.0001_nc — parse returned None
Data Flipped: G9 is setting
Data Flipped: R19 is setting
Data Flipped: E12 is setting
Data Flipped: C23 is setting
G12 is rising
Data Flipped: E33 is setting
Data Flipped: R14 is setting
Data Flipped: C30 is setting
Data Flipped: E6 is setting
Data Flipped: G7 is setting
E15 is rising
No valid descending tangent points found. Skipping.
    [skip] podTc2_GN05.2024.284.20.51.0019.G18.01_0000.0001_nc — parse returned None
C26 is rising
  Parsed 16/20 files successfully.
    [skip] GN04 20:38 — only 8 valid rays
  [polar] Bounding box: lat [39.5, 90.0]  lon [-180.0, 180.0]  |  vertices: 300
  Final group: 15 occultation(s), 300 mesh vertices
  Saved trim diagnostic → ./Figures/GroupKF/group_2024-10-10_2030__POLAR_N_trim.png
  [1/15] Building H for GN04 20:37 (400 rays) …
  -> Building H Matrix (400 rays, parallel)...
  [2/15] Building H for GN04 20:38 (257 rays) …
  -> Building H Matrix (257 rays, parallel)...
  [3/15] Building H for GN04 20:38 (298 rays) …
  -> Building H Matrix (298 rays, parallel)...
  [4/15] Building H for GN04 20:39 (113 rays) …
  -> Building H Matrix (113 rays, parallel)...
  [5/15] Building H for GN04 20:39 (388 rays) …
  -> Building H Matrix (388 rays, parallel)...
  [6/15] Building H for GN04 20:39 (207 rays) …
  -> Building H Matrix (207 rays, parallel)...
  [7/15] Building H for GN04 20:39 (169 rays) …
  -> Building H Matrix (169 rays, parallel)...
  [8/15] Building H for GN04 20:41 (541 rays) …
  -> Building H Matrix (541 rays, parallel)...
  [9/15] Building H for GN04 20:45 (474 rays) …
  -> Building H Matrix (474 rays, parallel)...
  [10/15] Building H for GN04 20:45 (158 rays) …
  -> Building H Matrix (158 rays, parallel)...
  [11/15] Building H for GN04 20:46 (259 rays) …
  -> Building H Matrix (259 rays, parallel)...
  [12/15] Building H for GN04 20:46 (205 rays) …
  -> Building H Matrix (205 rays, parallel)...
  [13/15] Building H for GN04 20:46 (353 rays) …
  -> Building H Matrix (353 rays, parallel)...
  [14/15] Building H for GN05 20:50 (450 rays) …
  -> Building H Matrix (450 rays, parallel)...
  [15/15] Building H for GN05 20:58 (386 rays) …
  -> Building H Matrix (386 rays, parallel)...
  Combined H shape : (4658, 15300)  (total rays = 4658)
  Running sequential KF assimilation …
  [step 1/15] Assimilating GN04 20:37 (400 rays) …
  [!] Error in group 2024-10-10_2030__POLAR_N: podTc2_data must be provided when distance_localization=True (needed to compute ray midpoints for the localization matrix).

[395/494]
────────────────────────────────────────────────────────────
  Group : 2024-10-10_2030__LAT+030_LON-060
  Window: 2024-10-10_2030  |  Region: LAT+030_LON-060  |  1 occultation(s)
────────────────────────────────────────────────────────────
No valid descending tangent points found. Skipping.
    [skip] podTc2_GN04.2024.284.20.38.0018.E11.00_0000.0001_nc — parse returned None

[396/494]
────────────────────────────────────────────────────────────
  Group : 2024-10-10_2030__LAT+030_LON-120
  Window: 2024-10-10_2030  |  Region: LAT+030_LON-120  |  1 occultation(s)
────────────────────────────────────────────────────────────
No valid descending tangent points found. Skipping.
    [skip] podTc2_GN04.2024.284.20.39.0014.R20.00_0000.0001_nc — parse returned None

[397/494]
────────────────────────────────────────────────────────────
  Group : 2024-10-10_2030__LAT+030_LON-180
  Window: 2024-10-10_2030  |  Region: LAT+030_LON-180  |  15 occultation(s)
────────────────────────────────────────────────────────────
G29 is rising
G25 is rising
C24 is rising
R21 is rising
E30 is rising
C35 is rising
G28 is rising
R12 is rising
Data Flipped: C37 is setting
Data Flipped: R18 is setting
Data Flipped: E9 is setting
Data Flipped: C27 is setting
Data Flipped: R15 is setting
Data Flipped: G30 is setting
R2 is rising
  Parsed 15/15 files successfully.
  Bounding box: lat [7.7, 84.1]  lon [138.8, -87.3]  |  vertices: 263
  Final group: 15 occultation(s), 263 mesh vertices
  Saved trim diagnostic → ./Figures/GroupKF/group_2024-10-10_2030__LAT+030_LON-180_trim.png
  [1/15] Building H for GN04 20:39 (424 rays) …
  -> Building H Matrix (424 rays, parallel)...
  [2/15] Building H for GN04 20:40 (397 rays) …
  -> Building H Matrix (397 rays, parallel)...
  [3/15] Building H for GN04 20:40 (363 rays) …
  -> Building H Matrix (363 rays, parallel)...
  [4/15] Building H for GN04 20:41 (499 rays) …
  -> Building H Matrix (499 rays, parallel)...
  [5/15] Building H for GN04 20:41 (379 rays) …
  -> Building H Matrix (379 rays, parallel)...
  [6/15] Building H for GN04 20:41 (543 rays) …
  -> Building H Matrix (543 rays, parallel)...
  [7/15] Building H for GN04 20:42 (373 rays) …
  -> Building H Matrix (373 rays, parallel)...
  [8/15] Building H for GN04 20:42 (361 rays) …
  -> Building H Matrix (361 rays, parallel)...
  [9/15] Building H for GN04 20:46 (384 rays) …
  -> Building H Matrix (384 rays, parallel)...
  [10/15] Building H for GN04 20:47 (453 rays) …
  -> Building H Matrix (453 rays, parallel)...
  [11/15] Building H for GN04 20:48 (558 rays) …
  -> Building H Matrix (558 rays, parallel)...
  [12/15] Building H for GN04 20:51 (432 rays) …
  -> Building H Matrix (432 rays, parallel)...
  [13/15] Building H for GN04 20:52 (394 rays) …
  -> Building H Matrix (394 rays, parallel)...
  [14/15] Building H for GN04 20:52 (358 rays) …
  -> Building H Matrix (358 rays, parallel)...
  [15/15] Building H for GN04 20:53 (725 rays) …
  -> Building H Matrix (725 rays, parallel)...
  Combined H shape : (6643, 13413)  (total rays = 6643)
  Running sequential KF assimilation …
  [step 1/15] Assimilating GN04 20:39 (424 rays) …
  [!] Error in group 2024-10-10_2030__LAT+030_LON-180: podTc2_data must be provided when distance_localization=True (needed to compute ray midpoints for the localization matrix).

[398/494]
────────────────────────────────────────────────────────────
  Group : 2024-10-10_2030__LAT+030_LON+120
  Window: 2024-10-10_2030  |  Region: LAT+030_LON+120  |  1 occultation(s)
────────────────────────────────────────────────────────────
E2 is rising
  Parsed 1/1 files successfully.
  Bounding box: lat [36.9, 70.8]  lon [122.9, -141.7]  |  vertices: 76
  Final group: 1 occultation(s), 76 mesh vertices
  Saved trim diagnostic → ./Figures/GroupKF/group_2024-10-10_2030__LAT+030_LON+120_trim.png
  [1/1] Building H for GN04 20:39 (496 rays) …
  -> Building H Matrix (496 rays, parallel)...
  Combined H shape : (496, 3876)  (total rays = 496)
  Running sequential KF assimilation …
  [step 1/1] Assimilating GN04 20:39 (496 rays) …
  [!] Error in group 2024-10-10_2030__LAT+030_LON+120: podTc2_data must be provided when distance_localization=True (needed to compute ray midpoints for the localization matrix).

[399/494]
────────────────────────────────────────────────────────────
  Group : 2024-10-10_2030__LAT+000_LON-180
  Window: 2024-10-10_2030  |  Region: LAT+000_LON-180  |  16 occultation(s)
────────────────────────────────────────────────────────────
E36 is rising
C25 is rising
G31 is rising
C38 is rising
G11 is rising
E27 is rising
E29 is rising
G26 is rising
C40 is rising
R3 is rising
No valid descending tangent points found. Skipping.
    [skip] podTc2_GN04.2024.284.20.50.0014.E21.00_0000.0001_nc — parse returned None
Data Flipped: E31 is setting
Data Flipped: R17 is setting
Data Flipped: C28 is setting
Data Flipped: E26 is setting
Data Flipped: G14 is setting
  Parsed 15/16 files successfully.
    [skip] GN04 20:47 — only 47 valid rays
  Bounding box: lat [-29.7, 48.5]  lon [150.2, -125.8]  |  vertices: 241
  Final group: 14 occultation(s), 241 mesh vertices
  Saved trim diagnostic → ./Figures/GroupKF/group_2024-10-10_2030__LAT+000_LON-180_trim.png
  [1/14] Building H for GN04 20:42 (612 rays) …
  -> Building H Matrix (612 rays, parallel)...
  [2/14] Building H for GN04 20:45 (399 rays) …
  -> Building H Matrix (399 rays, parallel)...
  [3/14] Building H for GN04 20:45 (384 rays) …
  -> Building H Matrix (384 rays, parallel)...
  [4/14] Building H for GN04 20:45 (747 rays) …
  -> Building H Matrix (747 rays, parallel)...
  [5/14] Building H for GN04 20:45 (657 rays) …
  -> Building H Matrix (657 rays, parallel)...
  [6/14] Building H for GN04 20:45 (466 rays) …
  -> Building H Matrix (466 rays, parallel)...
  [7/14] Building H for GN04 20:46 (477 rays) …
  -> Building H Matrix (477 rays, parallel)...
  [8/14] Building H for GN04 20:46 (485 rays) …
  -> Building H Matrix (485 rays, parallel)...
  [9/14] Building H for GN04 20:48 (471 rays) …
  -> Building H Matrix (471 rays, parallel)...
  [10/14] Building H for GN04 20:57 (376 rays) …
  -> Building H Matrix (376 rays, parallel)...
  [11/14] Building H for GN04 20:58 (495 rays) …
  -> Building H Matrix (495 rays, parallel)...
  [12/14] Building H for GN04 20:59 (547 rays) …
  -> Building H Matrix (547 rays, parallel)...
  [13/14] Building H for GN04 20:59 (614 rays) …
  -> Building H Matrix (614 rays, parallel)...
  [14/14] Building H for GN04 20:59 (388 rays) …
  -> Building H Matrix (388 rays, parallel)...
  Combined H shape : (7118, 12291)  (total rays = 7118)
  Running sequential KF assimilation …
  [step 1/14] Assimilating GN04 20:42 (612 rays) …
  [!] Error in group 2024-10-10_2030__LAT+000_LON-180: podTc2_data must be provided when distance_localization=True (needed to compute ray midpoints for the localization matrix).

[400/494]
────────────────────────────────────────────────────────────
  Group : 2024-10-10_2030__LAT+030_LON+000
  Window: 2024-10-10_2030  |  Region: LAT+030_LON+000  |  4 occultation(s)
────────────────────────────────────────────────────────────
No valid descending tangent points found. Skipping.
    [skip] podTc2_GN05.2024.284.20.47.0017.G24.01_0000.0001_nc — parse returned None
C45 is rising
No valid descending tangent points found. Skipping.
    [skip] podTc2_GN05.2024.284.20.48.0018.E08.01_0000.0001_nc — parse returned None
No valid descending tangent points found. Skipping.
    [skip] podTc2_GN05.2024.284.20.57.0016.C34.01_0000.0001_nc — parse returned None
  Parsed 1/4 files successfully.
  Bounding box: lat [16.0, 59.4]  lon [5.5, 47.2]  |  vertices: 56
  Final group: 1 occultation(s), 56 mesh vertices
  Saved trim diagnostic → ./Figures/GroupKF/group_2024-10-10_2030__LAT+030_LON+000_trim.png
  [1/1] Building H for GN05 20:47 (417 rays) …
  -> Building H Matrix (417 rays, parallel)...
  Combined H shape : (417, 2856)  (total rays = 417)
  Running sequential KF assimilation …
  [step 1/1] Assimilating GN05 20:47 (417 rays) …
  [!] Error in group 2024-10-10_2030__LAT+030_LON+000: podTc2_data must be provided when distance_localization=True (needed to compute ray midpoints for the localization matrix).

[401/494]
────────────────────────────────────────────────────────────
  Group : 2024-10-10_2030__LAT-030_LON-180
  Window: 2024-10-10_2030  |  Region: LAT-030_LON-180  |  9 occultation(s)
────────────────────────────────────────────────────────────
Data Flipped: C19 is setting
R4 is rising
E19 is rising
C32 is rising
C41 is rising
G4 is rising
C29 is rising
G9 is rising
C23 is rising
  Parsed 9/9 files successfully.
  Bounding box: lat [-76.5, 76.7]  lon [133.0, -112.4]  |  vertices: 510
  [trim] n_geo=510 > MAX_MESH_VERTICES=300 — dropping GN04 20:56 (139.1° from centroid)
  Bounding box: lat [-54.9, 76.7]  lon [133.0, -112.4]  |  vertices: 469
  [trim] n_geo=469 > MAX_MESH_VERTICES=300 — dropping GN04 20:48 (84.8° from centroid)
  Bounding box: lat [-54.9, 17.7]  lon [176.6, -127.4]  |  vertices: 142
  Final group: 7 occultation(s), 142 mesh vertices
  Saved trim diagnostic → ./Figures/GroupKF/group_2024-10-10_2030__LAT-030_LON-180_trim.png
  [1/7] Building H for GN04 20:51 (377 rays) …
  -> Building H Matrix (377 rays, parallel)...
  [2/7] Building H for GN04 20:52 (380 rays) …
  -> Building H Matrix (380 rays, parallel)...
  [3/7] Building H for GN04 20:52 (399 rays) …
  -> Building H Matrix (399 rays, parallel)...
  [4/7] Building H for GN04 20:52 (751 rays) …
  -> Building H Matrix (751 rays, parallel)...
  [5/7] Building H for GN04 20:53 (371 rays) …
  -> Building H Matrix (371 rays, parallel)...
  [6/7] Building H for GN04 20:57 (373 rays) …
  -> Building H Matrix (373 rays, parallel)...
  [7/7] Building H for GN04 20:58 (455 rays) …
  -> Building H Matrix (455 rays, parallel)...
  Combined H shape : (3106, 7242)  (total rays = 3106)
  Running sequential KF assimilation …
  [step 1/7] Assimilating GN04 20:51 (377 rays) …
  [!] Error in group 2024-10-10_2030__LAT-030_LON-180: podTc2_data must be provided when distance_localization=True (needed to compute ray midpoints for the localization matrix).

[402/494]
────────────────────────────────────────────────────────────
  Group : 2024-10-10_2030__LAT-030_LON+120
  Window: 2024-10-10_2030  |  Region: LAT-030_LON+120  |  4 occultation(s)
────────────────────────────────────────────────────────────
R20 is rising
E11 is rising
C20 is rising
R5 is rising
  Parsed 4/4 files successfully.
  Bounding box: lat [-56.7, 2.0]  lon [160.0, -169.5]  |  vertices: 61
  Final group: 4 occultation(s), 61 mesh vertices
  Saved trim diagnostic → ./Figures/GroupKF/group_2024-10-10_2030__LAT-030_LON+120_trim.png
  [1/4] Building H for GN04 20:49 (569 rays) …
  -> Building H Matrix (569 rays, parallel)...
  [2/4] Building H for GN04 20:52 (502 rays) …
  -> Building H Matrix (502 rays, parallel)...
  [3/4] Building H for GN04 20:56 (450 rays) …
  -> Building H Matrix (450 rays, parallel)...
  [4/4] Building H for GN04 20:58 (478 rays) …
  -> Building H Matrix (478 rays, parallel)...
  Combined H shape : (1999, 3111)  (total rays = 1999)
  Running sequential KF assimilation …
  [step 1/4] Assimilating GN04 20:49 (569 rays) …
  [!] Error in group 2024-10-10_2030__LAT-030_LON+120: podTc2_data must be provided when distance_localization=True (needed to compute ray midpoints for the localization matrix).

[403/494]
────────────────────────────────────────────────────────────
  Group : 2024-10-10_2030__LAT-060_LON-180
  Window: 2024-10-10_2030  |  Region: LAT-060_LON-180  |  1 occultation(s)
────────────────────────────────────────────────────────────
G3 is rising
  Parsed 1/1 files successfully.
  Bounding box: lat [-68.1, -26.7]  lon [163.4, -138.9]  |  vertices: 64
  Final group: 1 occultation(s), 64 mesh vertices
  Saved trim diagnostic → ./Figures/GroupKF/group_2024-10-10_2030__LAT-060_LON-180_trim.png
  [1/1] Building H for GN04 20:57 (573 rays) …
  -> Building H Matrix (573 rays, parallel)...
  Combined H shape : (573, 3264)  (total rays = 573)
  Running sequential KF assimilation …
  [step 1/1] Assimilating GN04 20:57 (573 rays) …
  [!] Error in group 2024-10-10_2030__LAT-060_LON-180: podTc2_data must be provided when distance_localization=True (needed to compute ray midpoints for the localization matrix).

[404/494]
────────────────────────────────────────────────────────────
  Group : 2024-10-10_2100__POLAR_N
  Window: 2024-10-10_2100  |  Region: POLAR_N  |  20 occultation(s)
────────────────────────────────────────────────────────────
E34 is rising
R22 is rising
R11 is rising
Data Flipped: E4 is setting
Data Flipped: R14 is setting
Data Flipped: C23 is setting
Data Flipped: G3 is setting
Data Flipped: E10 is setting
C34 is rising
G18 is rising
No valid descending tangent points found. Skipping.
    [skip] podTc2_GN05.2024.284.21.15.0015.C29.00_0000.0001_nc — parse returned None
C24 is rising
G28 is rising
Data Flipped: E6 is setting
Data Flipped: G7 is setting
Data Flipped: E12 is setting
Data Flipped: R19 is setting
Data Flipped: C37 is setting
Data Flipped: C30 is setting
Data Flipped: E9 is setting
  Parsed 19/20 files successfully.
  [polar] Bounding box: lat [41.0, 90.0]  lon [-180.0, 180.0]  |  vertices: 284
  Final group: 19 occultation(s), 284 mesh vertices
  Saved trim diagnostic → ./Figures/GroupKF/group_2024-10-10_2100__POLAR_N_trim.png
  [1/19] Building H for GN05 21:00 (481 rays) …
  -> Building H Matrix (481 rays, parallel)...
  [2/19] Building H for GN05 21:01 (457 rays) …
  -> Building H Matrix (457 rays, parallel)...
  [3/19] Building H for GN05 21:02 (219 rays) …
  -> Building H Matrix (219 rays, parallel)...
  [4/19] Building H for GN05 21:12 (201 rays) …
  -> Building H Matrix (201 rays, parallel)...
  [5/19] Building H for GN05 21:13 (348 rays) …
  -> Building H Matrix (348 rays, parallel)...
  [6/19] Building H for GN05 21:13 (50 rays) …
  -> Building H Matrix (50 rays, parallel)...
  [7/19] Building H for GN05 21:13 (213 rays) …
  -> Building H Matrix (213 rays, parallel)...
  [8/19] Building H for GN05 21:13 (193 rays) …
  -> Building H Matrix (193 rays, parallel)...
  [9/19] Building H for GN05 21:14 (271 rays) …
  -> Building H Matrix (271 rays, parallel)...
  [10/19] Building H for GN05 21:14 (455 rays) …
  -> Building H Matrix (455 rays, parallel)...
  [11/19] Building H for GN05 21:16 (369 rays) …
  -> Building H Matrix (369 rays, parallel)...
  [12/19] Building H for GN05 21:16 (201 rays) …
  -> Building H Matrix (201 rays, parallel)...
  [13/19] Building H for GN05 21:17 (257 rays) …
  -> Building H Matrix (257 rays, parallel)...
  [14/19] Building H for GN05 21:18 (362 rays) …
  -> Building H Matrix (362 rays, parallel)...
  [15/19] Building H for GN05 21:20 (103 rays) …
  -> Building H Matrix (103 rays, parallel)...
  [16/19] Building H for GN05 21:21 (324 rays) …
  -> Building H Matrix (324 rays, parallel)...
  [17/19] Building H for GN05 21:21 (185 rays) …
  -> Building H Matrix (185 rays, parallel)...
  [18/19] Building H for GN05 21:22 (480 rays) …
  -> Building H Matrix (480 rays, parallel)...
  [19/19] Building H for GN05 21:23 (332 rays) …
  -> Building H Matrix (332 rays, parallel)...
  Combined H shape : (5501, 14484)  (total rays = 5501)
  Running sequential KF assimilation …
  [step 1/19] Assimilating GN05 21:00 (481 rays) …
  [!] Error in group 2024-10-10_2100__POLAR_N: podTc2_data must be provided when distance_localization=True (needed to compute ray midpoints for the localization matrix).

[405/494]
────────────────────────────────────────────────────────────
  Group : 2024-10-10_2100__LAT+000_LON-180
  Window: 2024-10-10_2100  |  Region: LAT+000_LON-180  |  11 occultation(s)
────────────────────────────────────────────────────────────
Data Flipped: C39 is setting
Data Flipped: R16 is setting
Data Flipped: G8 is setting
Data Flipped: E24 is setting
C35 is rising
R21 is rising
E36 is rising
E27 is rising
G26 is rising
C38 is rising
E29 is rising
  Parsed 11/11 files successfully.
  Bounding box: lat [-26.1, 44.9]  lon [155.1, -125.3]  |  vertices: 208
  Final group: 11 occultation(s), 208 mesh vertices
  Saved trim diagnostic → ./Figures/GroupKF/group_2024-10-10_2100__LAT+000_LON-180_trim.png
  [1/11] Building H for GN04 21:00 (401 rays) …
  -> Building H Matrix (401 rays, parallel)...
  [2/11] Building H for GN04 21:00 (358 rays) …
  -> Building H Matrix (358 rays, parallel)...
  [3/11] Building H for GN04 21:00 (626 rays) …
  -> Building H Matrix (626 rays, parallel)...
  [4/11] Building H for GN04 21:01 (452 rays) …
  -> Building H Matrix (452 rays, parallel)...
  [5/11] Building H for GN05 21:17 (632 rays) …
  -> Building H Matrix (632 rays, parallel)...
  [6/11] Building H for GN05 21:17 (544 rays) …
  -> Building H Matrix (544 rays, parallel)...
  [7/11] Building H for GN05 21:18 (621 rays) …
  -> Building H Matrix (621 rays, parallel)...
  [8/11] Building H for GN05 21:19 (425 rays) …
  -> Building H Matrix (425 rays, parallel)...
  [9/11] Building H for GN05 21:20 (429 rays) …
  -> Building H Matrix (429 rays, parallel)...
  [10/11] Building H for GN05 21:23 (675 rays) …
  -> Building H Matrix (675 rays, parallel)...
  [11/11] Building H for GN05 21:23 (534 rays) …
  -> Building H Matrix (534 rays, parallel)...
  Combined H shape : (5697, 10608)  (total rays = 5697)
  Running sequential KF assimilation …
  [step 1/11] Assimilating GN04 21:00 (401 rays) …
  [!] Error in group 2024-10-10_2100__LAT+000_LON-180: podTc2_data must be provided when distance_localization=True (needed to compute ray midpoints for the localization matrix).

[406/494]
────────────────────────────────────────────────────────────
  Group : 2024-10-10_2100__LAT-060_LON+120
  Window: 2024-10-10_2100  |  Region: LAT-060_LON+120  |  6 occultation(s)
────────────────────────────────────────────────────────────
E4 is rising
E6 is rising
Data Flipped: E3 is setting
Data Flipped: C21 is setting
Data Flipped: C45 is setting
Data Flipped: G24 is setting
  Parsed 6/6 files successfully.
  Bounding box: lat [-82.4, -13.5]  lon [131.0, -169.9]  |  vertices: 103
  Final group: 6 occultation(s), 103 mesh vertices
  Saved trim diagnostic → ./Figures/GroupKF/group_2024-10-10_2100__LAT-060_LON+120_trim.png
  [1/6] Building H for GN04 21:00 (390 rays) …
  -> Building H Matrix (390 rays, parallel)...
  [2/6] Building H for GN04 21:06 (443 rays) …
  -> Building H Matrix (443 rays, parallel)...
  [3/6] Building H for GN04 21:14 (379 rays) …
  -> Building H Matrix (379 rays, parallel)...
  [4/6] Building H for GN04 21:15 (397 rays) …
  -> Building H Matrix (397 rays, parallel)...
  [5/6] Building H for GN04 21:15 (451 rays) …
  -> Building H Matrix (451 rays, parallel)...
  [6/6] Building H for GN04 21:20 (285 rays) …
  -> Building H Matrix (285 rays, parallel)...
  Combined H shape : (2345, 5253)  (total rays = 2345)
  Running sequential KF assimilation …
  [step 1/6] Assimilating GN04 21:00 (390 rays) …
  [!] Error in group 2024-10-10_2100__LAT-060_LON+120: podTc2_data must be provided when distance_localization=True (needed to compute ray midpoints for the localization matrix).

[407/494]
────────────────────────────────────────────────────────────
  Group : 2024-10-10_2100__LAT+030_LON+000
  Window: 2024-10-10_2100  |  Region: LAT+030_LON+000  |  5 occultation(s)
────────────────────────────────────────────────────────────
Data Flipped: R4 is setting
Data Flipped: R3 is setting
No valid descending tangent points found. Skipping.
    [skip] podTc2_GN05.2024.284.21.10.0023.C32.00_0000.0001_nc — parse returned None
Data Flipped: G9 is setting
No valid descending tangent points found. Skipping.
    [skip] podTc2_GN05.2024.284.21.13.0018.E19.00_0000.0001_nc — parse returned None
  Parsed 3/5 files successfully.
    [skip] GN05 21:12 — only 22 valid rays
  Bounding box: lat [19.0, 61.9]  lon [-1.4, 24.3]  |  vertices: 34
  Final group: 2 occultation(s), 34 mesh vertices
  Saved trim diagnostic → ./Figures/GroupKF/group_2024-10-10_2100__LAT+030_LON+000_trim.png
  [1/2] Building H for GN05 21:02 (298 rays) …
  -> Building H Matrix (298 rays, parallel)...
  [2/2] Building H for GN05 21:04 (171 rays) …
  -> Building H Matrix (171 rays, parallel)...
  Combined H shape : (469, 1734)  (total rays = 469)
  Running sequential KF assimilation …
  [step 1/2] Assimilating GN05 21:02 (298 rays) …
  [!] Error in group 2024-10-10_2100__LAT+030_LON+000: podTc2_data must be provided when distance_localization=True (needed to compute ray midpoints for the localization matrix).

[408/494]
────────────────────────────────────────────────────────────
  Group : 2024-10-10_2100__POLAR_S
  Window: 2024-10-10_2100  |  Region: POLAR_S  |  16 occultation(s)
────────────────────────────────────────────────────────────
E12 is rising
R19 is rising
G7 is rising
C37 is rising
C30 is rising
E9 is rising
G30 is rising
R15 is rising
G17 is rising
R18 is rising
Data Flipped: C33 is setting
Data Flipped: E8 is setting
No valid descending tangent points found. Skipping.
    [skip] podTc2_GN04.2024.284.21.25.0020.R01.00_0000.0001_nc — parse returned None
Data Flipped: E15 is setting
Data Flipped: C43 is setting
Data Flipped: E7 is setting
  Parsed 15/16 files successfully.
  [polar] Bounding box: lat [-90.0, -40.5]  lon [-180.0, 180.0]  |  vertices: 289
  Final group: 15 occultation(s), 289 mesh vertices
  Saved trim diagnostic → ./Figures/GroupKF/group_2024-10-10_2100__POLAR_S_trim.png
  [1/15] Building H for GN04 21:03 (434 rays) …
  -> Building H Matrix (434 rays, parallel)...
  [2/15] Building H for GN04 21:08 (463 rays) …
  -> Building H Matrix (463 rays, parallel)...
  [3/15] Building H for GN04 21:09 (360 rays) …
  -> Building H Matrix (360 rays, parallel)...
  [4/15] Building H for GN04 21:09 (204 rays) …
  -> Building H Matrix (204 rays, parallel)...
  [5/15] Building H for GN04 21:10 (248 rays) …
  -> Building H Matrix (248 rays, parallel)...
  [6/15] Building H for GN04 21:13 (402 rays) …
  -> Building H Matrix (402 rays, parallel)...
  [7/15] Building H for GN04 21:15 (211 rays) …
  -> Building H Matrix (211 rays, parallel)...
  [8/15] Building H for GN04 21:15 (126 rays) …
  -> Building H Matrix (126 rays, parallel)...
  [9/15] Building H for GN04 21:15 (303 rays) …
  -> Building H Matrix (303 rays, parallel)...
  [10/15] Building H for GN04 21:16 (468 rays) …
  -> Building H Matrix (468 rays, parallel)...
  [11/15] Building H for GN04 21:16 (516 rays) …
  -> Building H Matrix (516 rays, parallel)...
  [12/15] Building H for GN04 21:24 (184 rays) …
  -> Building H Matrix (184 rays, parallel)...
  [13/15] Building H for GN04 21:28 (433 rays) …
  -> Building H Matrix (433 rays, parallel)...
  [14/15] Building H for GN04 21:28 (211 rays) …
  -> Building H Matrix (211 rays, parallel)...
  [15/15] Building H for GN04 21:29 (500 rays) …
  -> Building H Matrix (500 rays, parallel)...
  Combined H shape : (5063, 14739)  (total rays = 5063)
  Running sequential KF assimilation …
  [step 1/15] Assimilating GN04 21:03 (434 rays) …
  [!] Error in group 2024-10-10_2100__POLAR_S: podTc2_data must be provided when distance_localization=True (needed to compute ray midpoints for the localization matrix).

[409/494]
────────────────────────────────────────────────────────────
  Group : 2024-10-10_2100__LAT-060_LON-180
  Window: 2024-10-10_2100  |  Region: LAT-060_LON-180  |  7 occultation(s)
────────────────────────────────────────────────────────────
R14 is rising
Data Flipped: R8 is setting
Data Flipped: G10 is setting
Data Flipped: R24 is setting
Data Flipped: C42 is setting
Data Flipped: G23 is setting
Data Flipped: E13 is setting
  Parsed 7/7 files successfully.
  Bounding box: lat [-77.3, -12.0]  lon [159.3, -132.0]  |  vertices: 121
  Final group: 7 occultation(s), 121 mesh vertices
  Saved trim diagnostic → ./Figures/GroupKF/group_2024-10-10_2100__LAT-060_LON-180_trim.png
  [1/7] Building H for GN04 21:03 (474 rays) …
  -> Building H Matrix (474 rays, parallel)...
  [2/7] Building H for GN04 21:13 (381 rays) …
  -> Building H Matrix (381 rays, parallel)...
  [3/7] Building H for GN04 21:13 (489 rays) …
  -> Building H Matrix (489 rays, parallel)...
  [4/7] Building H for GN04 21:14 (577 rays) …
  -> Building H Matrix (577 rays, parallel)...
  [5/7] Building H for GN04 21:17 (388 rays) …
  -> Building H Matrix (388 rays, parallel)...
  [6/7] Building H for GN04 21:17 (410 rays) …
  -> Building H Matrix (410 rays, parallel)...
  [7/7] Building H for GN04 21:19 (369 rays) …
  -> Building H Matrix (369 rays, parallel)...
  Combined H shape : (3088, 6171)  (total rays = 3088)
  Running sequential KF assimilation …
  [step 1/7] Assimilating GN04 21:03 (474 rays) …
  [!] Error in group 2024-10-10_2100__LAT-060_LON-180: podTc2_data must be provided when distance_localization=True (needed to compute ray midpoints for the localization matrix).

[410/494]
────────────────────────────────────────────────────────────
  Group : 2024-10-10_2100__LAT-030_LON-180
  Window: 2024-10-10_2100  |  Region: LAT-030_LON-180  |  14 occultation(s)
────────────────────────────────────────────────────────────
E21 is rising
Data Flipped: C36 is setting
Data Flipped: E5 is setting
Data Flipped: G27 is setting
C40 is rising
C19 is rising
G11 is rising
R3 is rising
R4 is rising
E19 is rising
G4 is rising
R5 is rising
C32 is rising
C20 is rising
  Parsed 14/14 files successfully.
  Bounding box: lat [-86.9, 22.7]  lon [38.5, -123.4]  |  vertices: 627
  [trim] n_geo=627 > MAX_MESH_VERTICES=300 — dropping GN04 21:13 (195.4° from centroid)
  Bounding box: lat [-72.6, 22.7]  lon [129.4, -123.4]  |  vertices: 329
  [trim] n_geo=329 > MAX_MESH_VERTICES=300 — dropping GN04 21:13 (141.2° from centroid)
  Bounding box: lat [-63.4, 22.7]  lon [157.7, -123.4]  |  vertices: 232
  Final group: 12 occultation(s), 232 mesh vertices
  Saved trim diagnostic → ./Figures/GroupKF/group_2024-10-10_2100__LAT-030_LON-180_trim.png
  [1/12] Building H for GN04 21:04 (839 rays) …
  -> Building H Matrix (839 rays, parallel)...
  [2/12] Building H for GN04 21:04 (395 rays) …
  -> Building H Matrix (395 rays, parallel)...
  [3/12] Building H for GN04 21:04 (473 rays) …
  -> Building H Matrix (473 rays, parallel)...
  [4/12] Building H for GN04 21:10 (898 rays) …
  -> Building H Matrix (898 rays, parallel)...
  [5/12] Building H for GN05 21:20 (666 rays) …
  -> Building H Matrix (666 rays, parallel)...
  [6/12] Building H for GN05 21:25 (677 rays) …
  -> Building H Matrix (677 rays, parallel)...
  [7/12] Building H for GN05 21:25 (410 rays) …
  -> Building H Matrix (410 rays, parallel)...
  [8/12] Building H for GN05 21:26 (377 rays) …
  -> Building H Matrix (377 rays, parallel)...
  [9/12] Building H for GN05 21:27 (368 rays) …
  -> Building H Matrix (368 rays, parallel)...
  [10/12] Building H for GN05 21:28 (449 rays) …
  -> Building H Matrix (449 rays, parallel)...
  [11/12] Building H for GN05 21:28 (456 rays) …
  -> Building H Matrix (456 rays, parallel)...
  [12/12] Building H for GN05 21:29 (437 rays) …
  -> Building H Matrix (437 rays, parallel)...
  Combined H shape : (6445, 11832)  (total rays = 6445)
  Running sequential KF assimilation …
  [step 1/12] Assimilating GN04 21:04 (839 rays) …
  [!] Error in group 2024-10-10_2100__LAT-030_LON-180: podTc2_data must be provided when distance_localization=True (needed to compute ray midpoints for the localization matrix).

[411/494]
────────────────────────────────────────────────────────────
  Group : 2024-10-10_2100__LAT+030_LON+060
  Window: 2024-10-10_2100  |  Region: LAT+030_LON+060  |  2 occultation(s)
────────────────────────────────────────────────────────────
No valid descending tangent points found. Skipping.
    [skip] podTc2_GN05.2024.284.21.08.0011.C25.00_0000.0001_nc — parse returned None
No valid descending tangent points found. Skipping.
    [skip] podTc2_GN05.2024.284.21.10.0020.G04.00_0000.0001_nc — parse returned None

[412/494]
────────────────────────────────────────────────────────────
  Group : 2024-10-10_2100__LAT-030_LON+120
  Window: 2024-10-10_2100  |  Region: LAT-030_LON+120  |  5 occultation(s)
────────────────────────────────────────────────────────────
Data Flipped: R9 is setting
Data Flipped: R7 is setting
Data Flipped: C22 is setting
Data Flipped: E25 is setting
Data Flipped: G15 is setting
  Parsed 5/5 files successfully.
  Bounding box: lat [-57.5, 4.2]  lon [140.7, -165.6]  |  vertices: 113
  Final group: 5 occultation(s), 113 mesh vertices
  Saved trim diagnostic → ./Figures/GroupKF/group_2024-10-10_2100__LAT-030_LON+120_trim.png
  [1/5] Building H for GN04 21:09 (404 rays) …
  -> Building H Matrix (404 rays, parallel)...
  [2/5] Building H for GN04 21:09 (479 rays) …
  -> Building H Matrix (479 rays, parallel)...
  [3/5] Building H for GN04 21:10 (736 rays) …
  -> Building H Matrix (736 rays, parallel)...
  [4/5] Building H for GN04 21:11 (784 rays) …
  -> Building H Matrix (784 rays, parallel)...
  [5/5] Building H for GN04 21:11 (437 rays) …
  -> Building H Matrix (437 rays, parallel)...
  Combined H shape : (2840, 5763)  (total rays = 2840)
  Running sequential KF assimilation …
  [step 1/5] Assimilating GN04 21:09 (404 rays) …
  [!] Error in group 2024-10-10_2100__LAT-030_LON+120: podTc2_data must be provided when distance_localization=True (needed to compute ray midpoints for the localization matrix).

[413/494]
────────────────────────────────────────────────────────────
  Group : 2024-10-10_2100__LAT+030_LON-120
  Window: 2024-10-10_2100  |  Region: LAT+030_LON-120  |  2 occultation(s)
────────────────────────────────────────────────────────────
Data Flipped: R5 is setting
No valid descending tangent points found. Skipping.
    [skip] podTc2_GN05.2024.284.21.12.0012.G11.00_0000.0001_nc — parse returned None
  Parsed 1/2 files successfully.
  Bounding box: lat [45.0, 62.9]  lon [3.7, 29.4]  |  vertices: 11
  Final group: 1 occultation(s), 11 mesh vertices
  Saved trim diagnostic → ./Figures/GroupKF/group_2024-10-10_2100__LAT+030_LON-120_trim.png
  [1/1] Building H for GN05 21:11 (57 rays) …
  -> Building H Matrix (57 rays, parallel)...
  Combined H shape : (57, 561)  (total rays = 57)
  Running sequential KF assimilation …
  [step 1/1] Assimilating GN05 21:11 (57 rays) …
  [!] Error in group 2024-10-10_2100__LAT+030_LON-120: podTc2_data must be provided when distance_localization=True (needed to compute ray midpoints for the localization matrix).

[414/494]
────────────────────────────────────────────────────────────
  Group : 2024-10-10_2100__LAT+030_LON-060
  Window: 2024-10-10_2100  |  Region: LAT+030_LON-060  |  4 occultation(s)
────────────────────────────────────────────────────────────
No valid descending tangent points found. Skipping.
    [skip] podTc2_GN05.2024.284.21.11.0022.C20.00_0000.0001_nc — parse returned None
No valid descending tangent points found. Skipping.
    [skip] podTc2_GN05.2024.284.21.13.0018.G06.00_0000.0001_nc — parse returned None
No valid descending tangent points found. Skipping.
    [skip] podTc2_GN05.2024.284.21.14.0017.E11.00_0000.0001_nc — parse returned None
No valid descending tangent points found. Skipping.
    [skip] podTc2_GN05.2024.284.21.14.0020.R20.00_0000.0001_nc — parse returned None

[415/494]
────────────────────────────────────────────────────────────
  Group : 2024-10-10_2100__LAT-060_LON-060
  Window: 2024-10-10_2100  |  Region: LAT-060_LON-060  |  3 occultation(s)
────────────────────────────────────────────────────────────
E33 is rising
C27 is rising
E31 is rising
  Parsed 3/3 files successfully.
  Bounding box: lat [-76.7, -25.7]  lon [-65.9, 27.0]  |  vertices: 114
  Final group: 3 occultation(s), 114 mesh vertices
  Saved trim diagnostic → ./Figures/GroupKF/group_2024-10-10_2100__LAT-060_LON-060_trim.png
  [1/3] Building H for GN04 21:15 (544 rays) …
  -> Building H Matrix (544 rays, parallel)...
  [2/3] Building H for GN04 21:18 (475 rays) …
  -> Building H Matrix (475 rays, parallel)...
  [3/3] Building H for GN04 21:21 (404 rays) …
  -> Building H Matrix (404 rays, parallel)...
  Combined H shape : (1423, 5814)  (total rays = 1423)
  Running sequential KF assimilation …
  [step 1/3] Assimilating GN04 21:15 (544 rays) …
  [!] Error in group 2024-10-10_2100__LAT-060_LON-060: podTc2_data must be provided when distance_localization=True (needed to compute ray midpoints for the localization matrix).

[416/494]
────────────────────────────────────────────────────────────
  Group : 2024-10-10_2100__LAT+030_LON-180
  Window: 2024-10-10_2100  |  Region: LAT+030_LON-180  |  10 occultation(s)
────────────────────────────────────────────────────────────
C44 is rising
E30 is rising
G29 is rising
R12 is rising
G31 is rising
Data Flipped: R15 is setting
Data Flipped: G30 is setting
Data Flipped: E33 is setting
Data Flipped: R18 is setting
Data Flipped: C27 is setting
  Parsed 10/10 files successfully.
  Bounding box: lat [7.2, 85.4]  lon [-172.8, -116.2]  |  vertices: 114
  Final group: 10 occultation(s), 114 mesh vertices
  Saved trim diagnostic → ./Figures/GroupKF/group_2024-10-10_2100__LAT+030_LON-180_trim.png
  [1/10] Building H for GN05 21:15 (441 rays) …
  -> Building H Matrix (441 rays, parallel)...
  [2/10] Building H for GN05 21:15 (387 rays) …
  -> Building H Matrix (387 rays, parallel)...
  [3/10] Building H for GN05 21:16 (429 rays) …
  -> Building H Matrix (429 rays, parallel)...
  [4/10] Building H for GN05 21:16 (365 rays) …
  -> Building H Matrix (365 rays, parallel)...
  [5/10] Building H for GN05 21:20 (396 rays) …
  -> Building H Matrix (396 rays, parallel)...
  [6/10] Building H for GN05 21:23 (395 rays) …
  -> Building H Matrix (395 rays, parallel)...
  [7/10] Building H for GN05 21:24 (369 rays) …
  -> Building H Matrix (369 rays, parallel)...
  [8/10] Building H for GN05 21:25 (481 rays) …
  -> Building H Matrix (481 rays, parallel)...
  [9/10] Building H for GN05 21:28 (454 rays) …
  -> Building H Matrix (454 rays, parallel)...
  [10/10] Building H for GN05 21:29 (441 rays) …
  -> Building H Matrix (441 rays, parallel)...
  Combined H shape : (4158, 5814)  (total rays = 4158)
  Running sequential KF assimilation …
  [step 1/10] Assimilating GN05 21:15 (441 rays) …
  [!] Error in group 2024-10-10_2100__LAT+030_LON-180: podTc2_data must be provided when distance_localization=True (needed to compute ray midpoints for the localization matrix).

[417/494]
────────────────────────────────────────────────────────────
  Group : 2024-10-10_2100__LAT-060_LON+000
  Window: 2024-10-10_2100  |  Region: LAT-060_LON+000  |  5 occultation(s)
────────────────────────────────────────────────────────────
R16 is rising
G14 is rising
C39 is rising
E24 is rising
C36 is rising
  Parsed 5/5 files successfully.
  Bounding box: lat [-82.2, -12.4]  lon [-22.6, 47.7]  |  vertices: 126
  Final group: 5 occultation(s), 126 mesh vertices
  Saved trim diagnostic → ./Figures/GroupKF/group_2024-10-10_2100__LAT-060_LON+000_trim.png
  [1/5] Building H for GN04 21:23 (372 rays) …
  -> Building H Matrix (372 rays, parallel)...
  [2/5] Building H for GN04 21:23 (379 rays) …
  -> Building H Matrix (379 rays, parallel)...
  [3/5] Building H for GN04 21:25 (403 rays) …
  -> Building H Matrix (403 rays, parallel)...
  [4/5] Building H for GN04 21:26 (402 rays) …
  -> Building H Matrix (402 rays, parallel)...
  [5/5] Building H for GN04 21:27 (377 rays) …
  -> Building H Matrix (377 rays, parallel)...
  Combined H shape : (1933, 6426)  (total rays = 1933)
  Running sequential KF assimilation …
  [step 1/5] Assimilating GN04 21:23 (372 rays) …
  [!] Error in group 2024-10-10_2100__LAT-060_LON+000: podTc2_data must be provided when distance_localization=True (needed to compute ray midpoints for the localization matrix).

[418/494]
────────────────────────────────────────────────────────────
  Group : 2024-10-10_2100__LAT-030_LON-060
  Window: 2024-10-10_2100  |  Region: LAT-030_LON-060  |  1 occultation(s)
────────────────────────────────────────────────────────────
R17 is rising
  Parsed 1/1 files successfully.
  Bounding box: lat [-31.3, 16.7]  lon [-26.8, 5.0]  |  vertices: 59
  Final group: 1 occultation(s), 59 mesh vertices
  Saved trim diagnostic → ./Figures/GroupKF/group_2024-10-10_2100__LAT-030_LON-060_trim.png
  [1/1] Building H for GN04 21:28 (567 rays) …
  -> Building H Matrix (567 rays, parallel)...
  Combined H shape : (567, 3009)  (total rays = 567)
  Running sequential KF assimilation …
  [step 1/1] Assimilating GN04 21:28 (567 rays) …
  [!] Error in group 2024-10-10_2100__LAT-030_LON-060: podTc2_data must be provided when distance_localization=True (needed to compute ray midpoints for the localization matrix).

[419/494]
────────────────────────────────────────────────────────────
  Group : 2024-10-10_2100__LAT-030_LON+000
  Window: 2024-10-10_2100  |  Region: LAT-030_LON+000  |  1 occultation(s)
────────────────────────────────────────────────────────────
E5 is rising
  Parsed 1/1 files successfully.
  Bounding box: lat [-48.8, -12.0]  lon [-0.5, 53.9]  |  vertices: 68
  Final group: 1 occultation(s), 68 mesh vertices
  Saved trim diagnostic → ./Figures/GroupKF/group_2024-10-10_2100__LAT-030_LON+000_trim.png
  [1/1] Building H for GN04 21:29 (547 rays) …
  -> Building H Matrix (547 rays, parallel)...
  Combined H shape : (547, 3468)  (total rays = 547)
  Running sequential KF assimilation …
  [step 1/1] Assimilating GN04 21:29 (547 rays) …
  [!] Error in group 2024-10-10_2100__LAT-030_LON+000: podTc2_data must be provided when distance_localization=True (needed to compute ray midpoints for the localization matrix).

[420/494]
────────────────────────────────────────────────────────────
  Group : 2024-10-10_2130__LAT-030_LON-180
  Window: 2024-10-10_2130  |  Region: LAT-030_LON-180  |  10 occultation(s)
────────────────────────────────────────────────────────────
C23 is rising
G9 is rising
E21 is rising
R14 is rising
C41 is rising
Data Flipped: R17 is setting
Data Flipped: E26 is setting
Data Flipped: R9 is setting
Data Flipped: R2 is setting
Data Flipped: C33 is setting
  Parsed 10/10 files successfully.
  Bounding box: lat [-80.8, 28.3]  lon [114.4, -93.5]  |  vertices: 510
  [trim] n_geo=510 > MAX_MESH_VERTICES=300 — dropping GN05 21:35 (81.3° from centroid)
  Bounding box: lat [-60.9, 28.3]  lon [170.8, -117.1]  |  vertices: 222
  Final group: 9 occultation(s), 222 mesh vertices
  Saved trim diagnostic → ./Figures/GroupKF/group_2024-10-10_2130__LAT-030_LON-180_trim.png
  [1/9] Building H for GN05 21:30 (431 rays) …
  -> Building H Matrix (431 rays, parallel)...
  [2/9] Building H for GN05 21:30 (386 rays) …
  -> Building H Matrix (386 rays, parallel)...
  [3/9] Building H for GN05 21:33 (628 rays) …
  -> Building H Matrix (628 rays, parallel)...
  [4/9] Building H for GN05 21:34 (428 rays) …
  -> Building H Matrix (428 rays, parallel)...
  [5/9] Building H for GN05 21:38 (542 rays) …
  -> Building H Matrix (542 rays, parallel)...
  [6/9] Building H for GN05 21:38 (621 rays) …
  -> Building H Matrix (621 rays, parallel)...
  [7/9] Building H for GN05 21:42 (332 rays) …
  -> Building H Matrix (332 rays, parallel)...
  [8/9] Building H for GN05 21:48 (678 rays) …
  -> Building H Matrix (678 rays, parallel)...
  [9/9] Building H for GN05 21:49 (665 rays) …
  -> Building H Matrix (665 rays, parallel)...
  Combined H shape : (4711, 11322)  (total rays = 4711)
  Running sequential KF assimilation …
  [step 1/9] Assimilating GN05 21:30 (431 rays) …
  [!] Error in group 2024-10-10_2130__LAT-030_LON-180: podTc2_data must be provided when distance_localization=True (needed to compute ray midpoints for the localization matrix).

[421/494]
────────────────────────────────────────────────────────────
  Group : 2024-10-10_2130__LAT-060_LON+120
  Window: 2024-10-10_2130  |  Region: LAT-060_LON+120  |  11 occultation(s)
────────────────────────────────────────────────────────────
R20 is rising
E11 is rising
E4 is rising
G6 is rising
E6 is rising
E9 is rising
Data Flipped: E3 is setting
Data Flipped: C45 is setting
Data Flipped: G24 is setting
Data Flipped: G23 is setting
Data Flipped: C21 is setting
  Parsed 11/11 files successfully.
  Bounding box: lat [-84.6, -4.5]  lon [97.6, -166.9]  |  vertices: 201
  Final group: 11 occultation(s), 201 mesh vertices
  Saved trim diagnostic → ./Figures/GroupKF/group_2024-10-10_2130__LAT-060_LON+120_trim.png
  [1/11] Building H for GN05 21:30 (626 rays) …
  -> Building H Matrix (626 rays, parallel)...
  [2/11] Building H for GN05 21:31 (517 rays) …
  -> Building H Matrix (517 rays, parallel)...
  [3/11] Building H for GN05 21:33 (400 rays) …
  -> Building H Matrix (400 rays, parallel)...
  [4/11] Building H for GN05 21:33 (513 rays) …
  -> Building H Matrix (513 rays, parallel)...
  [5/11] Building H for GN05 21:38 (461 rays) …
  -> Building H Matrix (461 rays, parallel)...
  [6/11] Building H for GN05 21:44 (566 rays) …
  -> Building H Matrix (566 rays, parallel)...
  [7/11] Building H for GN05 21:48 (412 rays) …
  -> Building H Matrix (412 rays, parallel)...
  [8/11] Building H for GN05 21:48 (425 rays) …
  -> Building H Matrix (425 rays, parallel)...
  [9/11] Building H for GN05 21:51 (383 rays) …
  -> Building H Matrix (383 rays, parallel)...
  [10/11] Building H for GN05 21:55 (442 rays) …
  -> Building H Matrix (442 rays, parallel)...
  [11/11] Building H for GN05 21:55 (190 rays) …
  -> Building H Matrix (190 rays, parallel)...
  Combined H shape : (4935, 10251)  (total rays = 4935)
  Running sequential KF assimilation …
  [step 1/11] Assimilating GN05 21:30 (626 rays) …
  [!] Error in group 2024-10-10_2130__LAT-060_LON+120: podTc2_data must be provided when distance_localization=True (needed to compute ray midpoints for the localization matrix).

[422/494]
────────────────────────────────────────────────────────────
  Group : 2024-10-10_2130__POLAR_S
  Window: 2024-10-10_2130  |  Region: POLAR_S  |  21 occultation(s)
────────────────────────────────────────────────────────────
Data Flipped: G18 is setting
Data Flipped: R2 is setting
C33 is rising
Data Flipped: R11 is setting
Data Flipped: C26 is setting
Data Flipped: C34 is setting
No valid descending tangent points found. Skipping.
    [skip] podTc2_GN04.2024.284.21.36.0008.C22.00_0000.0001_nc — parse returned None
G3 is rising
E10 is rising
C29 is rising
C37 is rising
E12 is rising
Data Flipped: R15 is setting
G30 is rising
R19 is rising
C30 is rising
Data Flipped: R24 is setting
R16 is rising
E31 is rising
Data Flipped: E13 is setting
No valid descending tangent points found. Skipping.
    [skip] podTc2_GN05.2024.284.21.57.0009.C40.01_0000.0001_nc — parse returned None
  Parsed 19/21 files successfully.
    [skip] GN04 21:32 — only 42 valid rays
    [skip] GN05 21:46 — only 48 valid rays
  [polar] Bounding box: lat [-90.0, -40.4]  lon [-180.0, 180.0]  |  vertices: 291
  Final group: 17 occultation(s), 291 mesh vertices
  Saved trim diagnostic → ./Figures/GroupKF/group_2024-10-10_2130__POLAR_S_trim.png
  [1/17] Building H for GN04 21:30 (445 rays) …
  -> Building H Matrix (445 rays, parallel)...
  [2/17] Building H for GN04 21:31 (677 rays) …
  -> Building H Matrix (677 rays, parallel)...
  [3/17] Building H for GN04 21:33 (448 rays) …
  -> Building H Matrix (448 rays, parallel)...
  [4/17] Building H for GN04 21:34 (121 rays) …
  -> Building H Matrix (121 rays, parallel)...
  [5/17] Building H for GN04 21:34 (448 rays) …
  -> Building H Matrix (448 rays, parallel)...
  [6/17] Building H for GN05 21:37 (688 rays) …
  -> Building H Matrix (688 rays, parallel)...
  [7/17] Building H for GN05 21:37 (460 rays) …
  -> Building H Matrix (460 rays, parallel)...
  [8/17] Building H for GN05 21:38 (583 rays) …
  -> Building H Matrix (583 rays, parallel)...
  [9/17] Building H for GN05 21:41 (417 rays) …
  -> Building H Matrix (417 rays, parallel)...
  [10/17] Building H for GN05 21:42 (450 rays) …
  -> Building H Matrix (450 rays, parallel)...
  [11/17] Building H for GN05 21:47 (372 rays) …
  -> Building H Matrix (372 rays, parallel)...
  [12/17] Building H for GN05 21:47 (469 rays) …
  -> Building H Matrix (469 rays, parallel)...
  [13/17] Building H for GN05 21:50 (447 rays) …
  -> Building H Matrix (447 rays, parallel)...
  [14/17] Building H for GN05 21:55 (658 rays) …
  -> Building H Matrix (658 rays, parallel)...
  [15/17] Building H for GN05 21:55 (381 rays) …
  -> Building H Matrix (381 rays, parallel)...
  [16/17] Building H for GN05 21:55 (421 rays) …
  -> Building H Matrix (421 rays, parallel)...
  [17/17] Building H for GN05 21:55 (514 rays) …
  -> Building H Matrix (514 rays, parallel)...
  Combined H shape : (7999, 14841)  (total rays = 7999)
  Running sequential KF assimilation …
  [step 1/17] Assimilating GN04 21:30 (445 rays) …
  [!] Error in group 2024-10-10_2130__POLAR_S: podTc2_data must be provided when distance_localization=True (needed to compute ray midpoints for the localization matrix).

[423/494]
────────────────────────────────────────────────────────────
  Group : 2024-10-10_2130__LAT+000_LON-180
  Window: 2024-10-10_2130  |  Region: LAT+000_LON-180  |  11 occultation(s)
────────────────────────────────────────────────────────────
Data Flipped: E31 is setting
Data Flipped: C40 is setting
No valid descending tangent points found. Skipping.
    [skip] podTc2_GN05.2024.284.21.31.0009.C29.00_0000.0001_nc — parse returned None
Data Flipped: R16 is setting
Data Flipped: G14 is setting
Data Flipped: C39 is setting
Data Flipped: G8 is setting
Data Flipped: E24 is setting
Data Flipped: C28 is setting
Data Flipped: C36 is setting
Data Flipped: E5 is setting
  Parsed 10/11 files successfully.
  Bounding box: lat [-25.0, 53.7]  lon [156.6, -124.1]  |  vertices: 224
  Final group: 10 occultation(s), 224 mesh vertices
  Saved trim diagnostic → ./Figures/GroupKF/group_2024-10-10_2130__LAT+000_LON-180_trim.png
  [1/10] Building H for GN05 21:31 (378 rays) …
  -> Building H Matrix (378 rays, parallel)...
  [2/10] Building H for GN05 21:31 (179 rays) …
  -> Building H Matrix (179 rays, parallel)...
  [3/10] Building H for GN05 21:33 (362 rays) …
  -> Building H Matrix (362 rays, parallel)...
  [4/10] Building H for GN05 21:33 (374 rays) …
  -> Building H Matrix (374 rays, parallel)...
  [5/10] Building H for GN05 21:34 (424 rays) …
  -> Building H Matrix (424 rays, parallel)...
  [6/10] Building H for GN05 21:35 (961 rays) …
  -> Building H Matrix (961 rays, parallel)...
  [7/10] Building H for GN05 21:36 (420 rays) …
  -> Building H Matrix (420 rays, parallel)...
  [8/10] Building H for GN05 21:37 (630 rays) …
  -> Building H Matrix (630 rays, parallel)...
  [9/10] Building H for GN05 21:37 (381 rays) …
  -> Building H Matrix (381 rays, parallel)...
  [10/10] Building H for GN05 21:38 (582 rays) …
  -> Building H Matrix (582 rays, parallel)...
  Combined H shape : (4691, 11424)  (total rays = 4691)
  Running sequential KF assimilation …
  [step 1/10] Assimilating GN05 21:31 (378 rays) …
  [!] Error in group 2024-10-10_2130__LAT+000_LON-180: podTc2_data must be provided when distance_localization=True (needed to compute ray midpoints for the localization matrix).

[424/494]
────────────────────────────────────────────────────────────
  Group : 2024-10-10_2130__LAT+030_LON-180
  Window: 2024-10-10_2130  |  Region: LAT+030_LON-180  |  1 occultation(s)
────────────────────────────────────────────────────────────
Data Flipped: G17 is setting
  Parsed 1/1 files successfully.
  Bounding box: lat [29.7, 54.0]  lon [-178.7, -148.0]  |  vertices: 22
  Final group: 1 occultation(s), 22 mesh vertices
  Saved trim diagnostic → ./Figures/GroupKF/group_2024-10-10_2130__LAT+030_LON-180_trim.png
  [1/1] Building H for GN05 21:31 (255 rays) …
  -> Building H Matrix (255 rays, parallel)...
  Combined H shape : (255, 1122)  (total rays = 255)
  Running sequential KF assimilation …
  [step 1/1] Assimilating GN05 21:31 (255 rays) …
  [!] Error in group 2024-10-10_2130__LAT+030_LON-180: podTc2_data must be provided when distance_localization=True (needed to compute ray midpoints for the localization matrix).

[425/494]
────────────────────────────────────────────────────────────
  Group : 2024-10-10_2130__LAT+000_LON+120
  Window: 2024-10-10_2130  |  Region: LAT+000_LON+120  |  1 occultation(s)
────────────────────────────────────────────────────────────
No valid descending tangent points found. Skipping.
    [skip] podTc2_GN05.2024.284.21.31.0010.G03.00_0000.0001_nc — parse returned None

[426/494]
────────────────────────────────────────────────────────────
  Group : 2024-10-10_2130__LAT-030_LON+000
  Window: 2024-10-10_2130  |  Region: LAT-030_LON+000  |  11 occultation(s)
────────────────────────────────────────────────────────────
R9 is rising
R7 is rising
G15 is rising
Data Flipped: G5 is setting
C45 is rising
E25 is rising
Data Flipped: E30 is setting
Data Flipped: C44 is setting
C22 is rising
Data Flipped: R12 is setting
Data Flipped: G29 is setting
  Parsed 11/11 files successfully.
  Bounding box: lat [-72.9, 19.8]  lon [-7.1, 66.8]  |  vertices: 220
  Final group: 11 occultation(s), 220 mesh vertices
  Saved trim diagnostic → ./Figures/GroupKF/group_2024-10-10_2130__LAT-030_LON+000_trim.png
  [1/11] Building H for GN04 21:32 (376 rays) …
  -> Building H Matrix (376 rays, parallel)...
  [2/11] Building H for GN04 21:35 (670 rays) …
  -> Building H Matrix (670 rays, parallel)...
  [3/11] Building H for GN04 21:36 (533 rays) …
  -> Building H Matrix (533 rays, parallel)...
  [4/11] Building H for GN04 21:38 (1026 rays) …
  -> Building H Matrix (1026 rays, parallel)...
  [5/11] Building H for GN04 21:39 (121 rays) …
  -> Building H Matrix (121 rays, parallel)...
  [6/11] Building H for GN04 21:39 (642 rays) …
  -> Building H Matrix (642 rays, parallel)...
  [7/11] Building H for GN04 21:43 (402 rays) …
  -> Building H Matrix (402 rays, parallel)...
  [8/11] Building H for GN04 21:43 (463 rays) …
  -> Building H Matrix (463 rays, parallel)...
  [9/11] Building H for GN04 21:44 (667 rays) …
  -> Building H Matrix (667 rays, parallel)...
  [10/11] Building H for GN04 21:45 (272 rays) …
  -> Building H Matrix (272 rays, parallel)...
  [11/11] Building H for GN04 21:49 (263 rays) …
  -> Building H Matrix (263 rays, parallel)...
  Combined H shape : (5435, 11220)  (total rays = 5435)
  Running sequential KF assimilation …
  [step 1/11] Assimilating GN04 21:32 (376 rays) …
  [!] Error in group 2024-10-10_2130__LAT-030_LON+000: podTc2_data must be provided when distance_localization=True (needed to compute ray midpoints for the localization matrix).

[427/494]
────────────────────────────────────────────────────────────
  Group : 2024-10-10_2130__LAT-030_LON-060
  Window: 2024-10-10_2130  |  Region: LAT-030_LON-060  |  11 occultation(s)
────────────────────────────────────────────────────────────
E26 is rising
C28 is rising
G8 is rising
Data Flipped: G12 is setting
Data Flipped: E29 is setting
Data Flipped: G31 is setting
Data Flipped: C25 is setting
Data Flipped: E27 is setting
Data Flipped: G26 is setting
Data Flipped: R3 is setting
Data Flipped: C41 is setting
  Parsed 11/11 files successfully.
  Bounding box: lat [-80.0, 47.7]  lon [-48.7, 58.6]  |  vertices: 423
  [trim] n_geo=423 > MAX_MESH_VERTICES=300 — dropping GN04 21:37 (61.9° from centroid)
  Bounding box: lat [-45.2, 47.7]  lon [-48.7, 13.4]  |  vertices: 205
  Final group: 10 occultation(s), 205 mesh vertices
  Saved trim diagnostic → ./Figures/GroupKF/group_2024-10-10_2130__LAT-030_LON-060_trim.png
  [1/10] Building H for GN04 21:32 (599 rays) …
  -> Building H Matrix (599 rays, parallel)...
  [2/10] Building H for GN04 21:32 (677 rays) …
  -> Building H Matrix (677 rays, parallel)...
  [3/10] Building H for GN04 21:34 (1160 rays) …
  -> Building H Matrix (1160 rays, parallel)...
  [4/10] Building H for GN04 21:46 (549 rays) …
  -> Building H Matrix (549 rays, parallel)...
  [5/10] Building H for GN04 21:46 (370 rays) …
  -> Building H Matrix (370 rays, parallel)...
  [6/10] Building H for GN04 21:47 (371 rays) …
  -> Building H Matrix (371 rays, parallel)...
  [7/10] Building H for GN04 21:47 (397 rays) …
  -> Building H Matrix (397 rays, parallel)...
  [8/10] Building H for GN04 21:48 (399 rays) …
  -> Building H Matrix (399 rays, parallel)...
  [9/10] Building H for GN04 21:51 (750 rays) …
  -> Building H Matrix (750 rays, parallel)...
  [10/10] Building H for GN04 21:55 (1057 rays) …
  -> Building H Matrix (1057 rays, parallel)...
  Combined H shape : (6329, 10455)  (total rays = 6329)
  Running sequential KF assimilation …
  [step 1/10] Assimilating GN04 21:32 (599 rays) …
  [!] Error in group 2024-10-10_2130__LAT-030_LON-060: podTc2_data must be provided when distance_localization=True (needed to compute ray midpoints for the localization matrix).

[428/494]
────────────────────────────────────────────────────────────
  Group : 2024-10-10_2130__LAT-060_LON+000
  Window: 2024-10-10_2130  |  Region: LAT-060_LON+000  |  9 occultation(s)
────────────────────────────────────────────────────────────
Data Flipped: E2 is setting
Data Flipped: G25 is setting
Data Flipped: E34 is setting
Data Flipped: C24 is setting
Data Flipped: G28 is setting
Data Flipped: R22 is setting
G17 is rising
R18 is rising
G14 is rising
  Parsed 9/9 files successfully.
  Bounding box: lat [-85.0, -10.3]  lon [-18.4, 75.1]  |  vertices: 176
  Final group: 9 occultation(s), 176 mesh vertices
  Saved trim diagnostic → ./Figures/GroupKF/group_2024-10-10_2130__LAT-060_LON+000_trim.png
  [1/9] Building H for GN04 21:35 (569 rays) …
  -> Building H Matrix (569 rays, parallel)...
  [2/9] Building H for GN04 21:39 (477 rays) …
  -> Building H Matrix (477 rays, parallel)...
  [3/9] Building H for GN04 21:39 (536 rays) …
  -> Building H Matrix (536 rays, parallel)...
  [4/9] Building H for GN04 21:39 (366 rays) …
  -> Building H Matrix (366 rays, parallel)...
  [5/9] Building H for GN04 21:39 (361 rays) …
  -> Building H Matrix (361 rays, parallel)...
  [6/9] Building H for GN04 21:41 (466 rays) …
  -> Building H Matrix (466 rays, parallel)...
  [7/9] Building H for GN05 21:54 (446 rays) …
  -> Building H Matrix (446 rays, parallel)...
  [8/9] Building H for GN05 21:56 (489 rays) …
  -> Building H Matrix (489 rays, parallel)...
  [9/9] Building H for GN05 21:57 (388 rays) …
  -> Building H Matrix (388 rays, parallel)...
  Combined H shape : (4098, 8976)  (total rays = 4098)
  Running sequential KF assimilation …
  [step 1/9] Assimilating GN04 21:35 (569 rays) …
  [!] Error in group 2024-10-10_2130__LAT-060_LON+000: podTc2_data must be provided when distance_localization=True (needed to compute ray midpoints for the localization matrix).

[429/494]
────────────────────────────────────────────────────────────
  Group : 2024-10-10_2130__LAT+000_LON+000
  Window: 2024-10-10_2130  |  Region: LAT+000_LON+000  |  5 occultation(s)
────────────────────────────────────────────────────────────
G27 is rising
R8 is rising
E3 is rising
C21 is rising
G24 is rising
  Parsed 5/5 files successfully.
    [skip] GN04 21:35 — only 7 valid rays
  Bounding box: lat [-11.6, 36.5]  lon [-11.1, 22.0]  |  vertices: 61
  Final group: 4 occultation(s), 61 mesh vertices
  Saved trim diagnostic → ./Figures/GroupKF/group_2024-10-10_2130__LAT+000_LON+000_trim.png
  [1/4] Building H for GN04 21:37 (167 rays) …
  -> Building H Matrix (167 rays, parallel)...
  [2/4] Building H for GN04 21:38 (146 rays) …
  -> Building H Matrix (146 rays, parallel)...
  [3/4] Building H for GN04 21:40 (384 rays) …
  -> Building H Matrix (384 rays, parallel)...
  [4/4] Building H for GN04 21:41 (188 rays) …
  -> Building H Matrix (188 rays, parallel)...
  Combined H shape : (885, 3111)  (total rays = 885)
  Running sequential KF assimilation …
  [step 1/4] Assimilating GN04 21:37 (167 rays) …
  [!] Error in group 2024-10-10_2130__LAT+000_LON+000: podTc2_data must be provided when distance_localization=True (needed to compute ray midpoints for the localization matrix).

[430/494]
────────────────────────────────────────────────────────────
  Group : 2024-10-10_2130__LAT-030_LON+120
  Window: 2024-10-10_2130  |  Region: LAT-030_LON+120  |  5 occultation(s)
────────────────────────────────────────────────────────────
C19 is rising
Data Flipped: R7 is setting
Data Flipped: G15 is setting
Data Flipped: E25 is setting
Data Flipped: C22 is setting
  Parsed 5/5 files successfully.
  Bounding box: lat [-71.3, 10.6]  lon [141.6, -163.8]  |  vertices: 142
  Final group: 5 occultation(s), 142 mesh vertices
  Saved trim diagnostic → ./Figures/GroupKF/group_2024-10-10_2130__LAT-030_LON+120_trim.png
  [1/5] Building H for GN05 21:37 (1047 rays) …
  -> Building H Matrix (1047 rays, parallel)...
  [2/5] Building H for GN05 21:45 (713 rays) …
  -> Building H Matrix (713 rays, parallel)...
  [3/5] Building H for GN05 21:46 (537 rays) …
  -> Building H Matrix (537 rays, parallel)...
  [4/5] Building H for GN05 21:46 (593 rays) …
  -> Building H Matrix (593 rays, parallel)...
  [5/5] Building H for GN05 21:50 (863 rays) …
  -> Building H Matrix (863 rays, parallel)...
  Combined H shape : (3753, 7242)  (total rays = 3753)
  Running sequential KF assimilation …
  [step 1/5] Assimilating GN05 21:37 (1047 rays) …
  [!] Error in group 2024-10-10_2130__LAT-030_LON+120: podTc2_data must be provided when distance_localization=True (needed to compute ray midpoints for the localization matrix).

[431/494]
────────────────────────────────────────────────────────────
  Group : 2024-10-10_2130__LAT+000_LON-060
  Window: 2024-10-10_2130  |  Region: LAT+000_LON-060  |  10 occultation(s)
────────────────────────────────────────────────────────────
G10 is rising
C42 is rising
R1 is rising
E8 is rising
Data Flipped: E21 is setting
Data Flipped: G5 is setting
Data Flipped: E19 is setting
Data Flipped: C23 is setting
Data Flipped: G4 is setting
Data Flipped: R4 is setting
  Parsed 10/10 files successfully.
  Bounding box: lat [-18.3, 51.7]  lon [-42.6, 23.1]  |  vertices: 164
  Final group: 10 occultation(s), 164 mesh vertices
  Saved trim diagnostic → ./Figures/GroupKF/group_2024-10-10_2130__LAT+000_LON-060_trim.png
  [1/10] Building H for GN04 21:40 (417 rays) …
  -> Building H Matrix (417 rays, parallel)...
  [2/10] Building H for GN04 21:41 (390 rays) …
  -> Building H Matrix (390 rays, parallel)...
  [3/10] Building H for GN04 21:42 (413 rays) …
  -> Building H Matrix (413 rays, parallel)...
  [4/10] Building H for GN04 21:44 (335 rays) …
  -> Building H Matrix (335 rays, parallel)...
  [5/10] Building H for GN04 21:53 (639 rays) …
  -> Building H Matrix (639 rays, parallel)...
  [6/10] Building H for GN04 21:56 (622 rays) …
  -> Building H Matrix (622 rays, parallel)...
  [7/10] Building H for GN04 21:57 (424 rays) …
  -> Building H Matrix (424 rays, parallel)...
  [8/10] Building H for GN04 21:57 (433 rays) …
  -> Building H Matrix (433 rays, parallel)...
  [9/10] Building H for GN04 21:58 (416 rays) …
  -> Building H Matrix (416 rays, parallel)...
  [10/10] Building H for GN04 21:59 (418 rays) …
  -> Building H Matrix (418 rays, parallel)...
  Combined H shape : (4507, 8364)  (total rays = 4507)
  Running sequential KF assimilation …
  [step 1/10] Assimilating GN04 21:40 (417 rays) …
  [!] Error in group 2024-10-10_2130__LAT+000_LON-060: podTc2_data must be provided when distance_localization=True (needed to compute ray midpoints for the localization matrix).

[432/494]
────────────────────────────────────────────────────────────
  Group : 2024-10-10_2130__LAT-060_LON-180
  Window: 2024-10-10_2130  |  Region: LAT-060_LON-180  |  6 occultation(s)
────────────────────────────────────────────────────────────
G7 is rising
Data Flipped: R8 is setting
Data Flipped: R1 is setting
Data Flipped: G10 is setting
Data Flipped: C42 is setting
Data Flipped: E8 is setting
  Parsed 6/6 files successfully.
  Bounding box: lat [-80.0, -10.4]  lon [141.7, -129.4]  |  vertices: 163
  Final group: 6 occultation(s), 163 mesh vertices
  Saved trim diagnostic → ./Figures/GroupKF/group_2024-10-10_2130__LAT-060_LON-180_trim.png
  [1/6] Building H for GN05 21:41 (369 rays) …
  -> Building H Matrix (369 rays, parallel)...
  [2/6] Building H for GN05 21:48 (416 rays) …
  -> Building H Matrix (416 rays, parallel)...
  [3/6] Building H for GN05 21:49 (474 rays) …
  -> Building H Matrix (474 rays, parallel)...
  [4/6] Building H for GN05 21:50 (462 rays) …
  -> Building H Matrix (462 rays, parallel)...
  [5/6] Building H for GN05 21:55 (146 rays) …
  -> Building H Matrix (146 rays, parallel)...
  [6/6] Building H for GN05 21:56 (223 rays) …
  -> Building H Matrix (223 rays, parallel)...
  Combined H shape : (2090, 8313)  (total rays = 2090)
  Running sequential KF assimilation …
  [step 1/6] Assimilating GN05 21:41 (369 rays) …
  [!] Error in group 2024-10-10_2130__LAT-060_LON-180: podTc2_data must be provided when distance_localization=True (needed to compute ray midpoints for the localization matrix).

[433/494]
────────────────────────────────────────────────────────────
  Group : 2024-10-10_2130__LAT+030_LON-060
  Window: 2024-10-10_2130  |  Region: LAT+030_LON-060  |  9 occultation(s)
────────────────────────────────────────────────────────────
G23 is rising
R24 is rising
E13 is rising
C33 is rising
G32 is rising
C26 is rising
E7 is rising
R2 is rising
R11 is rising
  Parsed 9/9 files successfully.
  Bounding box: lat [11.5, 82.5]  lon [-56.1, 32.2]  |  vertices: 160
  Final group: 9 occultation(s), 160 mesh vertices
  Saved trim diagnostic → ./Figures/GroupKF/group_2024-10-10_2130__LAT+030_LON-060_trim.png
  [1/9] Building H for GN04 21:43 (171 rays) …
  -> Building H Matrix (171 rays, parallel)...
  [2/9] Building H for GN04 21:45 (537 rays) …
  -> Building H Matrix (537 rays, parallel)...
  [3/9] Building H for GN04 21:46 (450 rays) …
  -> Building H Matrix (450 rays, parallel)...
  [4/9] Building H for GN04 21:48 (569 rays) …
  -> Building H Matrix (569 rays, parallel)...
  [5/9] Building H for GN04 21:50 (409 rays) …
  -> Building H Matrix (409 rays, parallel)...
  [6/9] Building H for GN04 21:52 (447 rays) …
  -> Building H Matrix (447 rays, parallel)...
  [7/9] Building H for GN04 21:54 (447 rays) …
  -> Building H Matrix (447 rays, parallel)...
  [8/9] Building H for GN04 21:55 (706 rays) …
  -> Building H Matrix (706 rays, parallel)...
  [9/9] Building H for GN04 21:56 (477 rays) …
  -> Building H Matrix (477 rays, parallel)...
  Combined H shape : (4213, 8160)  (total rays = 4213)
  Running sequential KF assimilation …
  [step 1/9] Assimilating GN04 21:43 (171 rays) …
  [!] Error in group 2024-10-10_2130__LAT+030_LON-060: podTc2_data must be provided when distance_localization=True (needed to compute ray midpoints for the localization matrix).

[434/494]
────────────────────────────────────────────────────────────
  Group : 2024-10-10_2130__POLAR_N
  Window: 2024-10-10_2130  |  Region: POLAR_N  |  3 occultation(s)
────────────────────────────────────────────────────────────
C43 is rising
E15 is rising
G18 is rising
  Parsed 3/3 files successfully.
  [polar] Bounding box: lat [51.5, 90.0]  lon [-180.0, 180.0]  |  vertices: 180
  Final group: 3 occultation(s), 180 mesh vertices
  Saved trim diagnostic → ./Figures/GroupKF/group_2024-10-10_2130__POLAR_N_trim.png
  [1/3] Building H for GN04 21:53 (329 rays) …
  -> Building H Matrix (329 rays, parallel)...
  [2/3] Building H for GN04 21:56 (463 rays) …
  -> Building H Matrix (463 rays, parallel)...
  [3/3] Building H for GN04 21:59 (498 rays) …
  -> Building H Matrix (498 rays, parallel)...
  Combined H shape : (1290, 9180)  (total rays = 1290)
  Running sequential KF assimilation …
  [step 1/3] Assimilating GN04 21:53 (329 rays) …
  [!] Error in group 2024-10-10_2130__POLAR_N: podTc2_data must be provided when distance_localization=True (needed to compute ray midpoints for the localization matrix).

[435/494]
────────────────────────────────────────────────────────────
  Group : 2024-10-10_2130__LAT-060_LON-060
  Window: 2024-10-10_2130  |  Region: LAT-060_LON-060  |  2 occultation(s)
────────────────────────────────────────────────────────────
E33 is rising
C27 is rising
  Parsed 2/2 files successfully.
  Bounding box: lat [-62.4, -14.1]  lon [-39.9, 17.6]  |  vertices: 84
  Final group: 2 occultation(s), 84 mesh vertices
  Saved trim diagnostic → ./Figures/GroupKF/group_2024-10-10_2130__LAT-060_LON-060_trim.png
  [1/2] Building H for GN05 21:54 (553 rays) …
  -> Building H Matrix (553 rays, parallel)...
  [2/2] Building H for GN05 21:57 (512 rays) …
  -> Building H Matrix (512 rays, parallel)...
  Combined H shape : (1065, 4284)  (total rays = 1065)
  Running sequential KF assimilation …
  [step 1/2] Assimilating GN05 21:54 (553 rays) …
  [!] Error in group 2024-10-10_2130__LAT-060_LON-060: podTc2_data must be provided when distance_localization=True (needed to compute ray midpoints for the localization matrix).

[436/494]
────────────────────────────────────────────────────────────
  Group : 2024-10-10_2130__LAT+030_LON+000
  Window: 2024-10-10_2130  |  Region: LAT+030_LON+000  |  1 occultation(s)
────────────────────────────────────────────────────────────
G27 is rising
  Parsed 1/1 files successfully.
  Bounding box: lat [58.8, 87.4]  lon [-116.8, -20.7]  |  vertices: 31
  Final group: 1 occultation(s), 31 mesh vertices
  Saved trim diagnostic → ./Figures/GroupKF/group_2024-10-10_2130__LAT+030_LON+000_trim.png
  [1/1] Building H for GN04 21:59 (360 rays) …
  -> Building H Matrix (360 rays, parallel)...
  Combined H shape : (360, 1581)  (total rays = 360)
  Running sequential KF assimilation …
  [step 1/1] Assimilating GN04 21:59 (360 rays) …
  [!] Error in group 2024-10-10_2130__LAT+030_LON+000: podTc2_data must be provided when distance_localization=True (needed to compute ray midpoints for the localization matrix).

[437/494]
────────────────────────────────────────────────────────────
  Group : 2024-10-10_2200__LAT-060_LON+000
  Window: 2024-10-10_2200  |  Region: LAT-060_LON+000  |  12 occultation(s)
────────────────────────────────────────────────────────────
C39 is rising
C36 is rising
E24 is rising
R9 is rising
E5 is rising
Data Flipped: G28 is setting
Data Flipped: G18 is setting
Data Flipped: C24 is setting
Data Flipped: C34 is setting
Data Flipped: R12 is setting
Data Flipped: E30 is setting
C40 is rising
  Parsed 12/12 files successfully.
  Bounding box: lat [-79.7, -11.1]  lon [-3.9, 61.2]  |  vertices: 117
  Final group: 12 occultation(s), 117 mesh vertices
  Saved trim diagnostic → ./Figures/GroupKF/group_2024-10-10_2200__LAT-060_LON+000_trim.png
  [1/12] Building H for GN05 22:00 (427 rays) …
  -> Building H Matrix (427 rays, parallel)...
  [2/12] Building H for GN05 22:00 (377 rays) …
  -> Building H Matrix (377 rays, parallel)...
  [3/12] Building H for GN05 22:01 (389 rays) …
  -> Building H Matrix (389 rays, parallel)...
  [4/12] Building H for GN05 22:06 (369 rays) …
  -> Building H Matrix (369 rays, parallel)...
  [5/12] Building H for GN05 22:09 (698 rays) …
  -> Building H Matrix (698 rays, parallel)...
  [6/12] Building H for GN05 22:11 (376 rays) …
  -> Building H Matrix (376 rays, parallel)...
  [7/12] Building H for GN05 22:12 (373 rays) …
  -> Building H Matrix (373 rays, parallel)...
  [8/12] Building H for GN05 22:12 (303 rays) …
  -> Building H Matrix (303 rays, parallel)...
  [9/12] Building H for GN05 22:13 (450 rays) …
  -> Building H Matrix (450 rays, parallel)...
  [10/12] Building H for GN05 22:16 (379 rays) …
  -> Building H Matrix (379 rays, parallel)...
  [11/12] Building H for GN05 22:16 (419 rays) …
  -> Building H Matrix (419 rays, parallel)...
  [12/12] Building H for GN05 22:17 (598 rays) …
  -> Building H Matrix (598 rays, parallel)...
  Combined H shape : (5158, 5967)  (total rays = 5158)
  Running sequential KF assimilation …
  [step 1/12] Assimilating GN05 22:00 (427 rays) …
  [!] Error in group 2024-10-10_2200__LAT-060_LON+000: podTc2_data must be provided when distance_localization=True (needed to compute ray midpoints for the localization matrix).

[438/494]
────────────────────────────────────────────────────────────
  Group : 2024-10-10_2200__POLAR_S
  Window: 2024-10-10_2200  |  Region: POLAR_S  |  13 occultation(s)
────────────────────────────────────────────────────────────
Data Flipped: E7 is setting
No valid descending tangent points found. Skipping.
    [skip] podTc2_GN05.2024.284.22.01.0019.C33.00_0000.0001_nc — parse returned None
Data Flipped: R2 is setting
No valid descending tangent points found. Skipping.
    [skip] podTc2_GN05.2024.284.22.02.0015.G08.00_0000.0001_nc — parse returned None
Data Flipped: G27 is setting
Data Flipped: C43 is setting
Data Flipped: R11 is setting
Data Flipped: C26 is setting
Data Flipped: E15 is setting
G12 is rising
No valid descending tangent points found. Skipping.
    [skip] podTc2_GN05.2024.284.22.08.0010.R07.00_0000.0001_nc — parse returned None
Data Flipped: E2 is setting
C22 is rising
  Parsed 10/13 files successfully.
  [polar] Bounding box: lat [-90.0, -39.7]  lon [-180.0, 180.0]  |  vertices: 298
  Final group: 10 occultation(s), 298 mesh vertices
  Saved trim diagnostic → ./Figures/GroupKF/group_2024-10-10_2200__POLAR_S_trim.png
  [1/10] Building H for GN05 22:01 (515 rays) …
  -> Building H Matrix (515 rays, parallel)...
  [2/10] Building H for GN05 22:02 (366 rays) …
  -> Building H Matrix (366 rays, parallel)...
  [3/10] Building H for GN05 22:02 (1276 rays) …
  -> Building H Matrix (1276 rays, parallel)...
  [4/10] Building H for GN05 22:02 (670 rays) …
  -> Building H Matrix (670 rays, parallel)...
  [5/10] Building H for GN05 22:03 (430 rays) …
  -> Building H Matrix (430 rays, parallel)...
  [6/10] Building H for GN05 22:06 (78 rays) …
  -> Building H Matrix (78 rays, parallel)...
  [7/10] Building H for GN05 22:07 (451 rays) …
  -> Building H Matrix (451 rays, parallel)...
  [8/10] Building H for GN05 22:08 (108 rays) …
  -> Building H Matrix (108 rays, parallel)...
  [9/10] Building H for GN05 22:09 (348 rays) …
  -> Building H Matrix (348 rays, parallel)...
  [10/10] Building H for GN05 22:09 (631 rays) …
  -> Building H Matrix (631 rays, parallel)...
  Combined H shape : (4873, 15198)  (total rays = 4873)
  Running sequential KF assimilation …
  [step 1/10] Assimilating GN05 22:01 (515 rays) …
  [!] Error in group 2024-10-10_2200__POLAR_S: podTc2_data must be provided when distance_localization=True (needed to compute ray midpoints for the localization matrix).

[439/494]
────────────────────────────────────────────────────────────
  Group : 2024-10-10_2200__LAT+030_LON-060
  Window: 2024-10-10_2200  |  Region: LAT+030_LON-060  |  10 occultation(s)
────────────────────────────────────────────────────────────
Data Flipped: R14 is setting
Data Flipped: C32 is setting
Data Flipped: R5 is setting
Data Flipped: G9 is setting
Data Flipped: C20 is setting
Data Flipped: E4 is setting
G23 is rising
C26 is rising
E7 is rising
R11 is rising
  Parsed 10/10 files successfully.
  Bounding box: lat [11.7, 81.2]  lon [-52.0, 24.2]  |  vertices: 137
  Final group: 10 occultation(s), 137 mesh vertices
  Saved trim diagnostic → ./Figures/GroupKF/group_2024-10-10_2200__LAT+030_LON-060_trim.png
  [1/10] Building H for GN04 22:01 (441 rays) …
  -> Building H Matrix (441 rays, parallel)...
  [2/10] Building H for GN04 22:01 (494 rays) …
  -> Building H Matrix (494 rays, parallel)...
  [3/10] Building H for GN04 22:02 (394 rays) …
  -> Building H Matrix (394 rays, parallel)...
  [4/10] Building H for GN04 22:03 (373 rays) …
  -> Building H Matrix (373 rays, parallel)...
  [5/10] Building H for GN04 22:04 (393 rays) …
  -> Building H Matrix (393 rays, parallel)...
  [6/10] Building H for GN04 22:06 (374 rays) …
  -> Building H Matrix (374 rays, parallel)...
  [7/10] Building H for GN05 22:22 (525 rays) …
  -> Building H Matrix (525 rays, parallel)...
  [8/10] Building H for GN05 22:24 (228 rays) …
  -> Building H Matrix (228 rays, parallel)...
  [9/10] Building H for GN05 22:26 (456 rays) …
  -> Building H Matrix (456 rays, parallel)...
  [10/10] Building H for GN05 22:26 (428 rays) …
  -> Building H Matrix (428 rays, parallel)...
  Combined H shape : (4106, 6987)  (total rays = 4106)
  Running sequential KF assimilation …
  [step 1/10] Assimilating GN04 22:01 (441 rays) …
  [!] Error in group 2024-10-10_2200__LAT+030_LON-060: podTc2_data must be provided when distance_localization=True (needed to compute ray midpoints for the localization matrix).

[440/494]
────────────────────────────────────────────────────────────
  Group : 2024-10-10_2200__LAT+000_LON-060
  Window: 2024-10-10_2200  |  Region: LAT+000_LON-060  |  14 occultation(s)
────────────────────────────────────────────────────────────
Data Flipped: R21 is setting
E2 is rising
Data Flipped: C35 is setting
G25 is rising
R17 is rising
C28 is rising
E26 is rising
R1 is rising
C42 is rising
G10 is rising
E8 is rising
C33 is rising
G32 is rising
R2 is rising
  Parsed 14/14 files successfully.
  Bounding box: lat [-15.8, 79.9]  lon [-99.2, 50.6]  |  vertices: 431
  [trim] n_geo=431 > MAX_MESH_VERTICES=300 — dropping GN04 22:04 (55.4° from centroid)
  Bounding box: lat [-15.8, 79.9]  lon [-77.7, 50.6]  |  vertices: 368
  [trim] n_geo=368 > MAX_MESH_VERTICES=300 — dropping GN04 22:02 (40.2° from centroid)
  Bounding box: lat [-15.8, 56.2]  lon [-43.4, 11.1]  |  vertices: 139
  Final group: 12 occultation(s), 139 mesh vertices
  Saved trim diagnostic → ./Figures/GroupKF/group_2024-10-10_2200__LAT+000_LON-060_trim.png
  [1/12] Building H for GN04 22:01 (175 rays) …
  -> Building H Matrix (175 rays, parallel)...
  [2/12] Building H for GN04 22:03 (198 rays) …
  -> Building H Matrix (198 rays, parallel)...
  [3/12] Building H for GN05 22:09 (641 rays) …
  -> Building H Matrix (641 rays, parallel)...
  [4/12] Building H for GN05 22:10 (868 rays) …
  -> Building H Matrix (868 rays, parallel)...
  [5/12] Building H for GN05 22:11 (598 rays) …
  -> Building H Matrix (598 rays, parallel)...
  [6/12] Building H for GN05 22:15 (402 rays) …
  -> Building H Matrix (402 rays, parallel)...
  [7/12] Building H for GN05 22:17 (329 rays) …
  -> Building H Matrix (329 rays, parallel)...
  [8/12] Building H for GN05 22:17 (424 rays) …
  -> Building H Matrix (424 rays, parallel)...
  [9/12] Building H for GN05 22:18 (379 rays) …
  -> Building H Matrix (379 rays, parallel)...
  [10/12] Building H for GN05 22:19 (538 rays) …
  -> Building H Matrix (538 rays, parallel)...
  [11/12] Building H for GN05 22:21 (403 rays) …
  -> Building H Matrix (403 rays, parallel)...
  [12/12] Building H for GN05 22:22 (630 rays) …
  -> Building H Matrix (630 rays, parallel)...
  Combined H shape : (5585, 7089)  (total rays = 5585)
  Running sequential KF assimilation …
  [step 1/12] Assimilating GN04 22:01 (175 rays) …
  [!] Error in group 2024-10-10_2200__LAT+000_LON-060: podTc2_data must be provided when distance_localization=True (needed to compute ray midpoints for the localization matrix).

[441/494]
────────────────────────────────────────────────────────────
  Group : 2024-10-10_2200__POLAR_N
  Window: 2024-10-10_2200  |  Region: POLAR_N  |  20 occultation(s)
────────────────────────────────────────────────────────────
C34 is rising
G28 is rising
C24 is rising
R12 is rising
G31 is rising
Data Flipped: E6 is setting
Data Flipped: E11 is setting
No valid descending tangent points found. Skipping.
    [skip] podTc2_GN04.2024.284.22.11.0011.E29.01_0000.0001_nc — parse returned None
Data Flipped: R20 is setting
Data Flipped: E9 is setting
Data Flipped: G6 is setting
Data Flipped: C37 is setting
Data Flipped: G7 is setting
Data Flipped: E10 is setting
Data Flipped: C29 is setting
Data Flipped: G30 is setting
Data Flipped: R15 is setting
Data Flipped: E12 is setting
E13 is rising
R24 is rising
  Parsed 19/20 files successfully.
  [polar] Bounding box: lat [39.6, 90.0]  lon [-180.0, 180.0]  |  vertices: 299
  Final group: 19 occultation(s), 299 mesh vertices
  Saved trim diagnostic → ./Figures/GroupKF/group_2024-10-10_2200__POLAR_N_trim.png
  [1/19] Building H for GN04 22:02 (433 rays) …
  -> Building H Matrix (433 rays, parallel)...
  [2/19] Building H for GN04 22:02 (358 rays) …
  -> Building H Matrix (358 rays, parallel)...
  [3/19] Building H for GN04 22:02 (169 rays) …
  -> Building H Matrix (169 rays, parallel)...
  [4/19] Building H for GN04 22:07 (403 rays) …
  -> Building H Matrix (403 rays, parallel)...
  [5/19] Building H for GN04 22:08 (364 rays) …
  -> Building H Matrix (364 rays, parallel)...
  [6/19] Building H for GN04 22:09 (396 rays) …
  -> Building H Matrix (396 rays, parallel)...
  [7/19] Building H for GN04 22:10 (450 rays) …
  -> Building H Matrix (450 rays, parallel)...
  [8/19] Building H for GN04 22:12 (502 rays) …
  -> Building H Matrix (502 rays, parallel)...
  [9/19] Building H for GN04 22:12 (443 rays) …
  -> Building H Matrix (443 rays, parallel)...
  [10/19] Building H for GN04 22:13 (451 rays) …
  -> Building H Matrix (451 rays, parallel)...
  [11/19] Building H for GN04 22:13 (269 rays) …
  -> Building H Matrix (269 rays, parallel)...
  [12/19] Building H for GN04 22:14 (223 rays) …
  -> Building H Matrix (223 rays, parallel)...
  [13/19] Building H for GN04 22:15 (430 rays) …
  -> Building H Matrix (430 rays, parallel)...
  [14/19] Building H for GN04 22:16 (536 rays) …
  -> Building H Matrix (536 rays, parallel)...
  [15/19] Building H for GN04 22:18 (356 rays) …
  -> Building H Matrix (356 rays, parallel)...
  [16/19] Building H for GN04 22:19 (163 rays) …
  -> Building H Matrix (163 rays, parallel)...
  [17/19] Building H for GN04 22:20 (458 rays) …
  -> Building H Matrix (458 rays, parallel)...
  [18/19] Building H for GN05 22:25 (456 rays) …
  -> Building H Matrix (456 rays, parallel)...
  [19/19] Building H for GN05 22:28 (541 rays) …
  -> Building H Matrix (541 rays, parallel)...
  Combined H shape : (7401, 15249)  (total rays = 7401)
  Running sequential KF assimilation …
  [step 1/19] Assimilating GN04 22:02 (433 rays) …
  [!] Error in group 2024-10-10_2200__POLAR_N: podTc2_data must be provided when distance_localization=True (needed to compute ray midpoints for the localization matrix).

[442/494]
────────────────────────────────────────────────────────────
  Group : 2024-10-10_2200__LAT+000_LON+000
  Window: 2024-10-10_2200  |  Region: LAT+000_LON+000  |  5 occultation(s)
────────────────────────────────────────────────────────────
Data Flipped: C38 is setting
Data Flipped: E36 is setting
R8 is rising
C21 is rising
G12 is rising
  Parsed 5/5 files successfully.
    [skip] GN05 22:13 — only 44 valid rays
  Bounding box: lat [6.5, 37.9]  lon [-9.7, 18.8]  |  vertices: 33
  Final group: 4 occultation(s), 33 mesh vertices
  Saved trim diagnostic → ./Figures/GroupKF/group_2024-10-10_2200__LAT+000_LON+000_trim.png
  [1/4] Building H for GN04 22:02 (157 rays) …
  -> Building H Matrix (157 rays, parallel)...
  [2/4] Building H for GN04 22:02 (207 rays) …
  -> Building H Matrix (207 rays, parallel)...
  [3/4] Building H for GN05 22:18 (161 rays) …
  -> Building H Matrix (161 rays, parallel)...
  [4/4] Building H for GN05 22:25 (250 rays) …
  -> Building H Matrix (250 rays, parallel)...
  Combined H shape : (775, 1683)  (total rays = 775)
  Running sequential KF assimilation …
  [step 1/4] Assimilating GN04 22:02 (157 rays) …
  [!] Error in group 2024-10-10_2200__LAT+000_LON+000: podTc2_data must be provided when distance_localization=True (needed to compute ray midpoints for the localization matrix).

[443/494]
────────────────────────────────────────────────────────────
  Group : 2024-10-10_2200__LAT+030_LON+000
  Window: 2024-10-10_2200  |  Region: LAT+030_LON+000  |  2 occultation(s)
────────────────────────────────────────────────────────────
Data Flipped: G11 is setting
Data Flipped: C19 is setting
  Parsed 2/2 files successfully.
  Bounding box: lat [26.5, 63.3]  lon [-20.0, 43.6]  |  vertices: 66
  Final group: 2 occultation(s), 66 mesh vertices
  Saved trim diagnostic → ./Figures/GroupKF/group_2024-10-10_2200__LAT+030_LON+000_trim.png
  [1/2] Building H for GN04 22:05 (367 rays) …
  -> Building H Matrix (367 rays, parallel)...
  [2/2] Building H for GN04 22:06 (456 rays) …
  -> Building H Matrix (456 rays, parallel)...
  Combined H shape : (823, 3366)  (total rays = 823)
  Running sequential KF assimilation …
  [step 1/2] Assimilating GN04 22:05 (367 rays) …
  [!] Error in group 2024-10-10_2200__LAT+030_LON+000: podTc2_data must be provided when distance_localization=True (needed to compute ray midpoints for the localization matrix).

[444/494]
────────────────────────────────────────────────────────────
  Group : 2024-10-10_2200__LAT+030_LON+120
  Window: 2024-10-10_2200  |  Region: LAT+030_LON+120  |  7 occultation(s)
────────────────────────────────────────────────────────────
E30 is rising
E34 is rising
R22 is rising
E27 is rising
Data Flipped: G3 is setting
Data Flipped: E5 is setting
Data Flipped: R7 is setting
  Parsed 7/7 files successfully.
  Bounding box: lat [-36.2, 77.5]  lon [101.2, -135.5]  |  vertices: 442
  [trim] n_geo=442 > MAX_MESH_VERTICES=300 — dropping GN04 22:25 (112.6° from centroid)
  Bounding box: lat [-36.2, 73.2]  lon [101.2, -155.1]  |  vertices: 367
  [trim] n_geo=367 > MAX_MESH_VERTICES=300 — dropping GN04 22:10 (79.0° from centroid)
  Bounding box: lat [-36.2, 73.2]  lon [101.2, -155.1]  |  vertices: 367
  [trim] n_geo=367 > MAX_MESH_VERTICES=300 — dropping GN04 22:10 (91.8° from centroid)
  Bounding box: lat [-36.2, 73.2]  lon [101.2, -155.1]  |  vertices: 367
  [trim] n_geo=367 > MAX_MESH_VERTICES=300 — dropping GN04 22:28 (23.5° from centroid)
  Bounding box: lat [19.8, 73.2]  lon [101.2, -155.1]  |  vertices: 147
  Final group: 3 occultation(s), 147 mesh vertices
  Saved trim diagnostic → ./Figures/GroupKF/group_2024-10-10_2200__LAT+030_LON+120_trim.png
  [1/3] Building H for GN04 22:08 (471 rays) …
  -> Building H Matrix (471 rays, parallel)...
  [2/3] Building H for GN04 22:17 (378 rays) …
  -> Building H Matrix (378 rays, parallel)...
  [3/3] Building H for GN04 22:26 (559 rays) …
  -> Building H Matrix (559 rays, parallel)...
  Combined H shape : (1408, 7497)  (total rays = 1408)
  Running sequential KF assimilation …
  [step 1/3] Assimilating GN04 22:08 (471 rays) …
  [!] Error in group 2024-10-10_2200__LAT+030_LON+120: podTc2_data must be provided when distance_localization=True (needed to compute ray midpoints for the localization matrix).

[445/494]
────────────────────────────────────────────────────────────
  Group : 2024-10-10_2200__LAT+030_LON-180
  Window: 2024-10-10_2200  |  Region: LAT+030_LON-180  |  7 occultation(s)
────────────────────────────────────────────────────────────
C25 is rising
G26 is rising
Data Flipped: C40 is setting
Data Flipped: R16 is setting
Data Flipped: R19 is setting
Data Flipped: E31 is setting
Data Flipped: C30 is setting
  Parsed 7/7 files successfully.
  Bounding box: lat [15.3, 80.3]  lon [116.3, -67.2]  |  vertices: 293
  Final group: 7 occultation(s), 293 mesh vertices
  Saved trim diagnostic → ./Figures/GroupKF/group_2024-10-10_2200__LAT+030_LON-180_trim.png
  [1/7] Building H for GN04 22:10 (363 rays) …
  -> Building H Matrix (363 rays, parallel)...
  [2/7] Building H for GN04 22:12 (374 rays) …
  -> Building H Matrix (374 rays, parallel)...
  [3/7] Building H for GN04 22:20 (699 rays) …
  -> Building H Matrix (699 rays, parallel)...
  [4/7] Building H for GN04 22:27 (404 rays) …
  -> Building H Matrix (404 rays, parallel)...
  [5/7] Building H for GN04 22:27 (447 rays) …
  -> Building H Matrix (447 rays, parallel)...
  [6/7] Building H for GN04 22:28 (462 rays) …
  -> Building H Matrix (462 rays, parallel)...
  [7/7] Building H for GN04 22:29 (352 rays) …
  -> Building H Matrix (352 rays, parallel)...
  Combined H shape : (3101, 14943)  (total rays = 3101)
  Running sequential KF assimilation …
  [step 1/7] Assimilating GN04 22:10 (363 rays) …
  [!] Error in group 2024-10-10_2200__LAT+030_LON-180: podTc2_data must be provided when distance_localization=True (needed to compute ray midpoints for the localization matrix).

[446/494]
────────────────────────────────────────────────────────────
  Group : 2024-10-10_2200__LAT-030_LON+000
  Window: 2024-10-10_2200  |  Region: LAT-030_LON+000  |  9 occultation(s)
────────────────────────────────────────────────────────────
C45 is rising
E25 is rising
E3 is rising
G15 is rising
G24 is rising
R7 is rising
C22 is rising
Data Flipped: C25 is setting
Data Flipped: E27 is setting
  Parsed 9/9 files successfully.
  Bounding box: lat [-51.5, 7.0]  lon [-4.6, 37.0]  |  vertices: 85
  Final group: 9 occultation(s), 85 mesh vertices
  Saved trim diagnostic → ./Figures/GroupKF/group_2024-10-10_2200__LAT-030_LON+000_trim.png
  [1/9] Building H for GN05 22:11 (161 rays) …
  -> Building H Matrix (161 rays, parallel)...
  [2/9] Building H for GN05 22:12 (249 rays) …
  -> Building H Matrix (249 rays, parallel)...
  [3/9] Building H for GN05 22:13 (69 rays) …
  -> Building H Matrix (69 rays, parallel)...
  [4/9] Building H for GN05 22:13 (376 rays) …
  -> Building H Matrix (376 rays, parallel)...
  [5/9] Building H for GN05 22:14 (94 rays) …
  -> Building H Matrix (94 rays, parallel)...
  [6/9] Building H for GN05 22:18 (727 rays) …
  -> Building H Matrix (727 rays, parallel)...
  [7/9] Building H for GN05 22:20 (491 rays) …
  -> Building H Matrix (491 rays, parallel)...
  [8/9] Building H for GN05 22:23 (199 rays) …
  -> Building H Matrix (199 rays, parallel)...
  [9/9] Building H for GN05 22:27 (88 rays) …
  -> Building H Matrix (88 rays, parallel)...
  Combined H shape : (2454, 4335)  (total rays = 2454)
  Running sequential KF assimilation …
  [step 1/9] Assimilating GN05 22:11 (161 rays) …
  [!] Error in group 2024-10-10_2200__LAT-030_LON+000: podTc2_data must be provided when distance_localization=True (needed to compute ray midpoints for the localization matrix).

[447/494]
────────────────────────────────────────────────────────────
  Group : 2024-10-10_2200__LAT+000_LON+120
  Window: 2024-10-10_2200  |  Region: LAT+000_LON+120  |  5 occultation(s)
────────────────────────────────────────────────────────────
C44 is rising
G29 is rising
C23 is rising
R4 is rising
R14 is rising
  Parsed 5/5 files successfully.
  Bounding box: lat [-19.2, 45.3]  lon [131.4, -154.8]  |  vertices: 177
  Final group: 5 occultation(s), 177 mesh vertices
  Saved trim diagnostic → ./Figures/GroupKF/group_2024-10-10_2200__LAT+000_LON+120_trim.png
  [1/5] Building H for GN04 22:12 (569 rays) …
  -> Building H Matrix (569 rays, parallel)...
  [2/5] Building H for GN04 22:13 (597 rays) …
  -> Building H Matrix (597 rays, parallel)...
  [3/5] Building H for GN04 22:22 (400 rays) …
  -> Building H Matrix (400 rays, parallel)...
  [4/5] Building H for GN04 22:24 (520 rays) …
  -> Building H Matrix (520 rays, parallel)...
  [5/5] Building H for GN04 22:24 (396 rays) …
  -> Building H Matrix (396 rays, parallel)...
  Combined H shape : (2482, 9027)  (total rays = 2482)
  Running sequential KF assimilation …
  [step 1/5] Assimilating GN04 22:12 (569 rays) …
  [!] Error in group 2024-10-10_2200__LAT+000_LON+120: podTc2_data must be provided when distance_localization=True (needed to compute ray midpoints for the localization matrix).

[448/494]
────────────────────────────────────────────────────────────
  Group : 2024-10-10_2200__LAT-060_LON-060
  Window: 2024-10-10_2200  |  Region: LAT-060_LON-060  |  2 occultation(s)
────────────────────────────────────────────────────────────
Data Flipped: E29 is setting
Data Flipped: G31 is setting
  Parsed 2/2 files successfully.
  Bounding box: lat [-58.2, -8.8]  lon [-39.8, 21.2]  |  vertices: 98
  Final group: 2 occultation(s), 98 mesh vertices
  Saved trim diagnostic → ./Figures/GroupKF/group_2024-10-10_2200__LAT-060_LON-060_trim.png
  [1/2] Building H for GN05 22:18 (699 rays) …
  -> Building H Matrix (699 rays, parallel)...
  [2/2] Building H for GN05 22:18 (383 rays) …
  -> Building H Matrix (383 rays, parallel)...
  Combined H shape : (1082, 4998)  (total rays = 1082)
  Running sequential KF assimilation …
  [step 1/2] Assimilating GN05 22:18 (699 rays) …
  [!] Error in group 2024-10-10_2200__LAT-060_LON-060: podTc2_data must be provided when distance_localization=True (needed to compute ray midpoints for the localization matrix).

[449/494]
────────────────────────────────────────────────────────────
  Group : 2024-10-10_2200__LAT-030_LON-060
  Window: 2024-10-10_2200  |  Region: LAT-030_LON-060  |  1 occultation(s)
────────────────────────────────────────────────────────────
Data Flipped: E34 is setting
  Parsed 1/1 files successfully.
  Bounding box: lat [-57.2, -5.3]  lon [4.7, 31.5]  |  vertices: 46
  Final group: 1 occultation(s), 46 mesh vertices
  Saved trim diagnostic → ./Figures/GroupKF/group_2024-10-10_2200__LAT-030_LON-060_trim.png
  [1/1] Building H for GN05 22:18 (550 rays) …
  -> Building H Matrix (550 rays, parallel)...
  Combined H shape : (550, 2346)  (total rays = 550)
  Running sequential KF assimilation …
  [step 1/1] Assimilating GN05 22:18 (550 rays) …
  [!] Error in group 2024-10-10_2200__LAT-030_LON-060: podTc2_data must be provided when distance_localization=True (needed to compute ray midpoints for the localization matrix).

[450/494]
────────────────────────────────────────────────────────────
  Group : 2024-10-10_2200__LAT+000_LON-180
  Window: 2024-10-10_2200  |  Region: LAT+000_LON-180  |  4 occultation(s)
────────────────────────────────────────────────────────────
E19 is rising
G4 is rising
E21 is rising
R3 is rising
  Parsed 4/4 files successfully.
  Bounding box: lat [-8.7, 65.3]  lon [163.5, -133.2]  |  vertices: 154
  Final group: 4 occultation(s), 154 mesh vertices
  Saved trim diagnostic → ./Figures/GroupKF/group_2024-10-10_2200__LAT+000_LON-180_trim.png
  [1/4] Building H for GN04 22:22 (473 rays) …
  -> Building H Matrix (473 rays, parallel)...
  [2/4] Building H for GN04 22:22 (476 rays) …
  -> Building H Matrix (476 rays, parallel)...
  [3/4] Building H for GN04 22:22 (491 rays) …
  -> Building H Matrix (491 rays, parallel)...
  [4/4] Building H for GN04 22:27 (667 rays) …
  -> Building H Matrix (667 rays, parallel)...
  Combined H shape : (2107, 7854)  (total rays = 2107)
  Running sequential KF assimilation …
  [step 1/4] Assimilating GN04 22:22 (473 rays) …
  [!] Error in group 2024-10-10_2200__LAT+000_LON-180: podTc2_data must be provided when distance_localization=True (needed to compute ray midpoints for the localization matrix).

[451/494]
────────────────────────────────────────────────────────────
  Group : 2024-10-10_2200__LAT-030_LON+120
  Window: 2024-10-10_2200  |  Region: LAT-030_LON+120  |  10 occultation(s)
────────────────────────────────────────────────────────────
C38 is rising
G5 is rising
R5 is rising
R21 is rising
G9 is rising
E36 is rising
C20 is rising
C32 is rising
C35 is rising
E4 is rising
  Parsed 10/10 files successfully.
  Bounding box: lat [-68.4, 18.6]  lon [121.2, -152.5]  |  vertices: 246
  Final group: 10 occultation(s), 246 mesh vertices
  Saved trim diagnostic → ./Figures/GroupKF/group_2024-10-10_2200__LAT-030_LON+120_trim.png
  [1/10] Building H for GN04 22:25 (490 rays) …
  -> Building H Matrix (490 rays, parallel)...
  [2/10] Building H for GN04 22:26 (708 rays) …
  -> Building H Matrix (708 rays, parallel)...
  [3/10] Building H for GN04 22:26 (380 rays) …
  -> Building H Matrix (380 rays, parallel)...
  [4/10] Building H for GN04 22:27 (574 rays) …
  -> Building H Matrix (574 rays, parallel)...
  [5/10] Building H for GN04 22:27 (405 rays) …
  -> Building H Matrix (405 rays, parallel)...
  [6/10] Building H for GN04 22:27 (510 rays) …
  -> Building H Matrix (510 rays, parallel)...
  [7/10] Building H for GN04 22:29 (393 rays) …
  -> Building H Matrix (393 rays, parallel)...
  [8/10] Building H for GN04 22:29 (713 rays) …
  -> Building H Matrix (713 rays, parallel)...
  [9/10] Building H for GN04 22:29 (744 rays) …
  -> Building H Matrix (744 rays, parallel)...
  [10/10] Building H for GN04 22:29 (370 rays) …
  -> Building H Matrix (370 rays, parallel)...
  Combined H shape : (5287, 12546)  (total rays = 5287)
  Running sequential KF assimilation …
  [step 1/10] Assimilating GN04 22:25 (490 rays) …
  [!] Error in group 2024-10-10_2200__LAT-030_LON+120: podTc2_data must be provided when distance_localization=True (needed to compute ray midpoints for the localization matrix).

[452/494]
────────────────────────────────────────────────────────────
  Group : 2024-10-10_2230__LAT+030_LON+120
  Window: 2024-10-10_2230  |  Region: LAT+030_LON+120  |  7 occultation(s)
────────────────────────────────────────────────────────────
Data Flipped: C39 is setting
Data Flipped: G17 is setting
G18 is rising
C34 is rising
G26 is rising
E27 is rising
No valid descending tangent points found. Skipping.
    [skip] podTc2_GN05.2024.284.22.54.0017.C32.00_0000.0001_nc — parse returned None
  Parsed 6/7 files successfully.
  Bounding box: lat [5.8, 86.2]  lon [104.8, -156.6]  |  vertices: 201
  Final group: 6 occultation(s), 201 mesh vertices
  Saved trim diagnostic → ./Figures/GroupKF/group_2024-10-10_2230__LAT+030_LON+120_trim.png
  [1/6] Building H for GN04 22:30 (348 rays) …
  -> Building H Matrix (348 rays, parallel)...
  [2/6] Building H for GN04 22:30 (417 rays) …
  -> Building H Matrix (417 rays, parallel)...
  [3/6] Building H for GN05 22:39 (521 rays) …
  -> Building H Matrix (521 rays, parallel)...
  [4/6] Building H for GN05 22:41 (440 rays) …
  -> Building H Matrix (440 rays, parallel)...
  [5/6] Building H for GN05 22:46 (377 rays) …
  -> Building H Matrix (377 rays, parallel)...
  [6/6] Building H for GN05 22:51 (384 rays) …
  -> Building H Matrix (384 rays, parallel)...
  Combined H shape : (2487, 10251)  (total rays = 2487)
  Running sequential KF assimilation …
  [step 1/6] Assimilating GN04 22:30 (348 rays) …
  [!] Error in group 2024-10-10_2230__LAT+030_LON+120: podTc2_data must be provided when distance_localization=True (needed to compute ray midpoints for the localization matrix).

[453/494]
────────────────────────────────────────────────────────────
  Group : 2024-10-10_2230__LAT+030_LON-180
  Window: 2024-10-10_2230  |  Region: LAT+030_LON-180  |  5 occultation(s)
────────────────────────────────────────────────────────────
Data Flipped: G14 is setting
G27 is rising
C23 is rising
Data Flipped: E5 is setting
Data Flipped: R16 is setting
  Parsed 5/5 files successfully.
  Bounding box: lat [5.9, 84.0]  lon [118.5, -100.7]  |  vertices: 288
  Final group: 5 occultation(s), 288 mesh vertices
  Saved trim diagnostic → ./Figures/GroupKF/group_2024-10-10_2230__LAT+030_LON-180_trim.png
  [1/5] Building H for GN04 22:30 (401 rays) …
  -> Building H Matrix (401 rays, parallel)...
  [2/5] Building H for GN05 22:42 (641 rays) …
  -> Building H Matrix (641 rays, parallel)...
  [3/5] Building H for GN05 22:54 (393 rays) …
  -> Building H Matrix (393 rays, parallel)...
  [4/5] Building H for GN05 22:58 (586 rays) …
  -> Building H Matrix (586 rays, parallel)...
  [5/5] Building H for GN05 22:58 (401 rays) …
  -> Building H Matrix (401 rays, parallel)...
  Combined H shape : (2422, 14688)  (total rays = 2422)
  Running sequential KF assimilation …
  [step 1/5] Assimilating GN04 22:30 (401 rays) …
  [!] Error in group 2024-10-10_2230__LAT+030_LON-180: podTc2_data must be provided when distance_localization=True (needed to compute ray midpoints for the localization matrix).

[454/494]
────────────────────────────────────────────────────────────
  Group : 2024-10-10_2230__LAT-030_LON+000
  Window: 2024-10-10_2230  |  Region: LAT-030_LON+000  |  3 occultation(s)
────────────────────────────────────────────────────────────
No valid descending tangent points found. Skipping.
    [skip] podTc2_GN05.2024.284.22.30.0025.R22.00_0000.0001_nc — parse returned None
No valid descending tangent points found. Skipping.
    [skip] podTc2_GN05.2024.284.22.31.0024.C44.00_0000.0001_nc — parse returned None
No valid descending tangent points found. Skipping.
    [skip] podTc2_GN05.2024.284.22.32.0023.G29.00_0000.0001_nc — parse returned None

[455/494]
────────────────────────────────────────────────────────────
  Group : 2024-10-10_2230__LAT-030_LON-060
  Window: 2024-10-10_2230  |  Region: LAT-030_LON-060  |  1 occultation(s)
────────────────────────────────────────────────────────────
Data Flipped: R3 is setting
  Parsed 1/1 files successfully.
  Bounding box: lat [-10.4, 41.1]  lon [-32.1, 6.8]  |  vertices: 75
  Final group: 1 occultation(s), 75 mesh vertices
  Saved trim diagnostic → ./Figures/GroupKF/group_2024-10-10_2230__LAT-030_LON-060_trim.png
  [1/1] Building H for GN05 22:30 (1282 rays) …
  -> Building H Matrix (1282 rays, parallel)...
  Combined H shape : (1282, 3825)  (total rays = 1282)
  Running sequential KF assimilation …
  [step 1/1] Assimilating GN05 22:30 (1282 rays) …
  [!] Error in group 2024-10-10_2230__LAT-030_LON-060: podTc2_data must be provided when distance_localization=True (needed to compute ray midpoints for the localization matrix).

[456/494]
────────────────────────────────────────────────────────────
  Group : 2024-10-10_2230__LAT+000_LON-060
  Window: 2024-10-10_2230  |  Region: LAT+000_LON-060  |  9 occultation(s)
────────────────────────────────────────────────────────────
Data Flipped: E21 is setting
Data Flipped: C23 is setting
Data Flipped: E19 is setting
G8 is rising
Data Flipped: G4 is setting
Data Flipped: R14 is setting
Data Flipped: R4 is setting
Data Flipped: G5 is setting
Data Flipped: C38 is setting
  Parsed 9/9 files successfully.
    [skip] GN05 22:40 — only 13 valid rays
  Bounding box: lat [-10.9, 54.5]  lon [-44.1, 9.8]  |  vertices: 124
  Final group: 8 occultation(s), 124 mesh vertices
  Saved trim diagnostic → ./Figures/GroupKF/group_2024-10-10_2230__LAT+000_LON-060_trim.png
  [1/8] Building H for GN05 22:31 (414 rays) …
  -> Building H Matrix (414 rays, parallel)...
  [2/8] Building H for GN05 22:31 (357 rays) …
  -> Building H Matrix (357 rays, parallel)...
  [3/8] Building H for GN05 22:32 (476 rays) …
  -> Building H Matrix (476 rays, parallel)...
  [4/8] Building H for GN05 22:32 (887 rays) …
  -> Building H Matrix (887 rays, parallel)...
  [5/8] Building H for GN05 22:32 (489 rays) …
  -> Building H Matrix (489 rays, parallel)...
  [6/8] Building H for GN05 22:34 (400 rays) …
  -> Building H Matrix (400 rays, parallel)...
  [7/8] Building H for GN05 22:35 (523 rays) …
  -> Building H Matrix (523 rays, parallel)...
  [8/8] Building H for GN05 22:39 (114 rays) …
  -> Building H Matrix (114 rays, parallel)...
  Combined H shape : (3660, 6324)  (total rays = 3660)
  Running sequential KF assimilation …
  [step 1/8] Assimilating GN05 22:31 (414 rays) …
  [!] Error in group 2024-10-10_2230__LAT+000_LON-060: podTc2_data must be provided when distance_localization=True (needed to compute ray midpoints for the localization matrix).

[457/494]
────────────────────────────────────────────────────────────
  Group : 2024-10-10_2230__LAT+030_LON-060
  Window: 2024-10-10_2230  |  Region: LAT+030_LON-060  |  8 occultation(s)
────────────────────────────────────────────────────────────
E2 is rising
Data Flipped: G9 is setting
Data Flipped: C32 is setting
Data Flipped: E4 is setting
Data Flipped: C20 is setting
Data Flipped: R5 is setting
Data Flipped: E6 is setting
Data Flipped: C37 is setting
  Parsed 8/8 files successfully.
  Bounding box: lat [13.8, 80.8]  lon [-77.6, 48.3]  |  vertices: 215
  Final group: 8 occultation(s), 215 mesh vertices
  Saved trim diagnostic → ./Figures/GroupKF/group_2024-10-10_2230__LAT+030_LON-060_trim.png
  [1/8] Building H for GN05 22:31 (675 rays) …
  -> Building H Matrix (675 rays, parallel)...
  [2/8] Building H for GN05 22:37 (401 rays) …
  -> Building H Matrix (401 rays, parallel)...
  [3/8] Building H for GN05 22:38 (630 rays) …
  -> Building H Matrix (630 rays, parallel)...
  [4/8] Building H for GN05 22:39 (382 rays) …
  -> Building H Matrix (382 rays, parallel)...
  [5/8] Building H for GN05 22:39 (391 rays) …
  -> Building H Matrix (391 rays, parallel)...
  [6/8] Building H for GN05 22:40 (217 rays) …
  -> Building H Matrix (217 rays, parallel)...
  [7/8] Building H for GN05 22:42 (398 rays) …
  -> Building H Matrix (398 rays, parallel)...
  [8/8] Building H for GN05 22:43 (428 rays) …
  -> Building H Matrix (428 rays, parallel)...
  Combined H shape : (3522, 10965)  (total rays = 3522)
  Running sequential KF assimilation …
  [step 1/8] Assimilating GN05 22:31 (675 rays) …
  [!] Error in group 2024-10-10_2230__LAT+030_LON-060: podTc2_data must be provided when distance_localization=True (needed to compute ray midpoints for the localization matrix).

[458/494]
────────────────────────────────────────────────────────────
  Group : 2024-10-10_2230__LAT+000_LON+120
  Window: 2024-10-10_2230  |  Region: LAT+000_LON+120  |  13 occultation(s)
────────────────────────────────────────────────────────────
Data Flipped: C36 is setting
Data Flipped: E24 is setting
Data Flipped: G15 is setting
Data Flipped: R9 is setting
Data Flipped: R18 is setting
Data Flipped: E25 is setting
Data Flipped: C45 is setting
E34 is rising
R22 is rising
C44 is rising
G29 is rising
Data Flipped: C22 is setting
R14 is rising
  Parsed 13/13 files successfully.
  Bounding box: lat [-19.9, 71.0]  lon [40.0, -36.3]  |  vertices: 835
  [trim] n_geo=835 > MAX_MESH_VERTICES=300 — dropping GN05 22:52 (174.8° from centroid)
  Bounding box: lat [-19.9, 55.2]  lon [126.9, -163.7]  |  vertices: 184
  Final group: 12 occultation(s), 184 mesh vertices
  Saved trim diagnostic → ./Figures/GroupKF/group_2024-10-10_2230__LAT+000_LON+120_trim.png
  [1/12] Building H for GN04 22:31 (358 rays) …
  -> Building H Matrix (358 rays, parallel)...
  [2/12] Building H for GN04 22:33 (374 rays) …
  -> Building H Matrix (374 rays, parallel)...
  [3/12] Building H for GN04 22:34 (682 rays) …
  -> Building H Matrix (682 rays, parallel)...
  [4/12] Building H for GN04 22:35 (357 rays) …
  -> Building H Matrix (357 rays, parallel)...
  [5/12] Building H for GN04 22:37 (521 rays) …
  -> Building H Matrix (521 rays, parallel)...
  [6/12] Building H for GN04 22:38 (480 rays) …
  -> Building H Matrix (480 rays, parallel)...
  [7/12] Building H for GN04 22:40 (391 rays) …
  -> Building H Matrix (391 rays, parallel)...
  [8/12] Building H for GN05 22:49 (614 rays) …
  -> Building H Matrix (614 rays, parallel)...
  [9/12] Building H for GN05 22:50 (573 rays) …
  -> Building H Matrix (573 rays, parallel)...
  [10/12] Building H for GN05 22:51 (682 rays) …
  -> Building H Matrix (682 rays, parallel)...
  [11/12] Building H for GN05 22:52 (831 rays) …
  -> Building H Matrix (831 rays, parallel)...
  [12/12] Building H for GN05 22:57 (379 rays) …
  -> Building H Matrix (379 rays, parallel)...
  Combined H shape : (6242, 9384)  (total rays = 6242)
  Running sequential KF assimilation …
  [step 1/12] Assimilating GN04 22:31 (358 rays) …
  [!] Error in group 2024-10-10_2230__LAT+000_LON+120: podTc2_data must be provided when distance_localization=True (needed to compute ray midpoints for the localization matrix).

[459/494]
────────────────────────────────────────────────────────────
  Group : 2024-10-10_2230__LAT-060_LON+000
  Window: 2024-10-10_2230  |  Region: LAT-060_LON+000  |  3 occultation(s)
────────────────────────────────────────────────────────────
No valid descending tangent points found. Skipping.
    [skip] podTc2_GN05.2024.284.22.32.0014.C34.00_0000.0001_nc — parse returned None
C40 is rising
C39 is rising
  Parsed 2/3 files successfully.
  Bounding box: lat [-71.0, -40.0]  lon [-18.0, 59.8]  |  vertices: 53
  Final group: 2 occultation(s), 53 mesh vertices
  Saved trim diagnostic → ./Figures/GroupKF/group_2024-10-10_2230__LAT-060_LON+000_trim.png
  [1/2] Building H for GN04 22:53 (427 rays) …
  -> Building H Matrix (427 rays, parallel)...
  [2/2] Building H for GN04 22:56 (346 rays) …
  -> Building H Matrix (346 rays, parallel)...
  Combined H shape : (773, 2703)  (total rays = 773)
  Running sequential KF assimilation …
  [step 1/2] Assimilating GN04 22:53 (427 rays) …
  [!] Error in group 2024-10-10_2230__LAT-060_LON+000: podTc2_data must be provided when distance_localization=True (needed to compute ray midpoints for the localization matrix).

[460/494]
────────────────────────────────────────────────────────────
  Group : 2024-10-10_2230__LAT-060_LON+120
  Window: 2024-10-10_2230  |  Region: LAT-060_LON+120  |  19 occultation(s)
────────────────────────────────────────────────────────────
G11 is rising
G7 is rising
E9 is rising
R15 is rising
G30 is rising
Data Flipped: R1 is setting
Data Flipped: E8 is setting
Data Flipped: C42 is setting
Data Flipped: E26 is setting
Data Flipped: R17 is setting
Data Flipped: C26 is setting
Data Flipped: R2 is setting
Data Flipped: R11 is setting
Data Flipped: G32 is setting
Data Flipped: G10 is setting
Data Flipped: C28 is setting
Data Flipped: G23 is setting
Data Flipped: C33 is setting
Data Flipped: C41 is setting
  Parsed 19/19 files successfully.
    [skip] GN04 22:59 — only 17 valid rays
  Bounding box: lat [-82.4, -7.6]  lon [84.7, -145.0]  |  vertices: 256
  Final group: 18 occultation(s), 256 mesh vertices
  Saved trim diagnostic → ./Figures/GroupKF/group_2024-10-10_2230__LAT-060_LON+120_trim.png
  [1/18] Building H for GN04 22:32 (474 rays) …
  -> Building H Matrix (474 rays, parallel)...
  [2/18] Building H for GN04 22:35 (379 rays) …
  -> Building H Matrix (379 rays, parallel)...
  [3/18] Building H for GN04 22:37 (395 rays) …
  -> Building H Matrix (395 rays, parallel)...
  [4/18] Building H for GN04 22:37 (471 rays) …
  -> Building H Matrix (471 rays, parallel)...
  [5/18] Building H for GN04 22:42 (367 rays) …
  -> Building H Matrix (367 rays, parallel)...
  [6/18] Building H for GN04 22:49 (382 rays) …
  -> Building H Matrix (382 rays, parallel)...
  [7/18] Building H for GN04 22:50 (371 rays) …
  -> Building H Matrix (371 rays, parallel)...
  [8/18] Building H for GN04 22:51 (402 rays) …
  -> Building H Matrix (402 rays, parallel)...
  [9/18] Building H for GN04 22:51 (509 rays) …
  -> Building H Matrix (509 rays, parallel)...
  [10/18] Building H for GN04 22:52 (575 rays) …
  -> Building H Matrix (575 rays, parallel)...
  [11/18] Building H for GN04 22:52 (436 rays) …
  -> Building H Matrix (436 rays, parallel)...
  [12/18] Building H for GN04 22:52 (462 rays) …
  -> Building H Matrix (462 rays, parallel)...
  [13/18] Building H for GN04 22:53 (460 rays) …
  -> Building H Matrix (460 rays, parallel)...
  [14/18] Building H for GN04 22:54 (367 rays) …
  -> Building H Matrix (367 rays, parallel)...
  [15/18] Building H for GN04 22:55 (379 rays) …
  -> Building H Matrix (379 rays, parallel)...
  [16/18] Building H for GN04 22:57 (454 rays) …
  -> Building H Matrix (454 rays, parallel)...
  [17/18] Building H for GN04 22:57 (653 rays) …
  -> Building H Matrix (653 rays, parallel)...
  [18/18] Building H for GN04 22:59 (532 rays) …
  -> Building H Matrix (532 rays, parallel)...
  Combined H shape : (8068, 13056)  (total rays = 8068)
  Running sequential KF assimilation …
  [step 1/18] Assimilating GN04 22:32 (474 rays) …
  [!] Error in group 2024-10-10_2230__LAT-060_LON+120: podTc2_data must be provided when distance_localization=True (needed to compute ray midpoints for the localization matrix).

[461/494]
────────────────────────────────────────────────────────────
  Group : 2024-10-10_2230__LAT-030_LON+120
  Window: 2024-10-10_2230  |  Region: LAT-030_LON+120  |  10 occultation(s)
────────────────────────────────────────────────────────────
C19 is rising
E6 is rising
C37 is rising
Data Flipped: E3 is setting
Data Flipped: G24 is setting
Data Flipped: R8 is setting
Data Flipped: G12 is setting
Data Flipped: C21 is setting
Data Flipped: E2 is setting
C22 is rising
  Parsed 10/10 files successfully.
  Bounding box: lat [-74.5, 17.1]  lon [103.2, -164.6]  |  vertices: 266
  Final group: 10 occultation(s), 266 mesh vertices
  Saved trim diagnostic → ./Figures/GroupKF/group_2024-10-10_2230__LAT-030_LON+120_trim.png
  [1/10] Building H for GN04 22:33 (439 rays) …
  -> Building H Matrix (439 rays, parallel)...
  [2/10] Building H for GN04 22:33 (368 rays) …
  -> Building H Matrix (368 rays, parallel)...
  [3/10] Building H for GN04 22:34 (455 rays) …
  -> Building H Matrix (455 rays, parallel)...
  [4/10] Building H for GN04 22:41 (464 rays) …
  -> Building H Matrix (464 rays, parallel)...
  [5/10] Building H for GN04 22:42 (381 rays) …
  -> Building H Matrix (381 rays, parallel)...
  [6/10] Building H for GN04 22:44 (542 rays) …
  -> Building H Matrix (542 rays, parallel)...
  [7/10] Building H for GN04 22:44 (588 rays) …
  -> Building H Matrix (588 rays, parallel)...
  [8/10] Building H for GN04 22:46 (744 rays) …
  -> Building H Matrix (744 rays, parallel)...
  [9/10] Building H for GN04 22:50 (782 rays) …
  -> Building H Matrix (782 rays, parallel)...
  [10/10] Building H for GN04 22:51 (844 rays) …
  -> Building H Matrix (844 rays, parallel)...
  Combined H shape : (5607, 13566)  (total rays = 5607)
  Running sequential KF assimilation …
  [step 1/10] Assimilating GN04 22:33 (439 rays) …
  [!] Error in group 2024-10-10_2230__LAT-030_LON+120: podTc2_data must be provided when distance_localization=True (needed to compute ray midpoints for the localization matrix).

[462/494]
────────────────────────────────────────────────────────────
  Group : 2024-10-10_2230__POLAR_N
  Window: 2024-10-10_2230  |  Region: POLAR_N  |  18 occultation(s)
────────────────────────────────────────────────────────────
G28 is rising
C43 is rising
C24 is rising
E15 is rising
R12 is rising
E30 is rising
G31 is rising
Data Flipped: G7 is setting
Data Flipped: E9 is setting
E29 is rising
C25 is rising
Data Flipped: E11 is setting
Data Flipped: R15 is setting
Data Flipped: G30 is setting
Data Flipped: G6 is setting
Data Flipped: R20 is setting
Data Flipped: E10 is setting
Data Flipped: C29 is setting
  Parsed 18/18 files successfully.
  [polar] Bounding box: lat [39.8, 90.0]  lon [-180.0, 180.0]  |  vertices: 297
  Final group: 18 occultation(s), 297 mesh vertices
  Saved trim diagnostic → ./Figures/GroupKF/group_2024-10-10_2230__POLAR_N_trim.png
  [1/18] Building H for GN05 22:34 (364 rays) …
  -> Building H Matrix (364 rays, parallel)...
  [2/18] Building H for GN05 22:34 (509 rays) …
  -> Building H Matrix (509 rays, parallel)...
  [3/18] Building H for GN05 22:34 (389 rays) …
  -> Building H Matrix (389 rays, parallel)...
  [4/18] Building H for GN05 22:35 (472 rays) …
  -> Building H Matrix (472 rays, parallel)...
  [5/18] Building H for GN05 22:38 (401 rays) …
  -> Building H Matrix (401 rays, parallel)...
  [6/18] Building H for GN05 22:41 (485 rays) …
  -> Building H Matrix (485 rays, parallel)...
  [7/18] Building H for GN05 22:41 (375 rays) …
  -> Building H Matrix (375 rays, parallel)...
  [8/18] Building H for GN05 22:44 (368 rays) …
  -> Building H Matrix (368 rays, parallel)...
  [9/18] Building H for GN05 22:45 (452 rays) …
  -> Building H Matrix (452 rays, parallel)...
  [10/18] Building H for GN05 22:45 (589 rays) …
  -> Building H Matrix (589 rays, parallel)...
  [11/18] Building H for GN05 22:45 (369 rays) …
  -> Building H Matrix (369 rays, parallel)...
  [12/18] Building H for GN05 22:50 (440 rays) …
  -> Building H Matrix (440 rays, parallel)...
  [13/18] Building H for GN05 22:50 (172 rays) …
  -> Building H Matrix (172 rays, parallel)...
  [14/18] Building H for GN05 22:51 (358 rays) …
  -> Building H Matrix (358 rays, parallel)...
  [15/18] Building H for GN05 22:53 (453 rays) …
  -> Building H Matrix (453 rays, parallel)...
  [16/18] Building H for GN05 22:54 (505 rays) …
  -> Building H Matrix (505 rays, parallel)...
  [17/18] Building H for GN05 22:55 (441 rays) …
  -> Building H Matrix (441 rays, parallel)...
  [18/18] Building H for GN05 22:57 (507 rays) …
  -> Building H Matrix (507 rays, parallel)...
  Combined H shape : (7649, 15147)  (total rays = 7649)
  Running sequential KF assimilation …
  [step 1/18] Assimilating GN05 22:34 (364 rays) …
  [!] Error in group 2024-10-10_2230__POLAR_N: podTc2_data must be provided when distance_localization=True (needed to compute ray midpoints for the localization matrix).

[463/494]
────────────────────────────────────────────────────────────
  Group : 2024-10-10_2230__LAT+000_LON-180
  Window: 2024-10-10_2230  |  Region: LAT+000_LON-180  |  5 occultation(s)
────────────────────────────────────────────────────────────
Data Flipped: E33 is setting
Data Flipped: C27 is setting
E21 is rising
G4 is rising
E19 is rising
  Parsed 5/5 files successfully.
  Bounding box: lat [-12.0, 43.7]  lon [166.0, -144.3]  |  vertices: 103
  Final group: 5 occultation(s), 103 mesh vertices
  Saved trim diagnostic → ./Figures/GroupKF/group_2024-10-10_2230__LAT+000_LON-180_trim.png
  [1/5] Building H for GN04 22:34 (598 rays) …
  -> Building H Matrix (598 rays, parallel)...
  [2/5] Building H for GN04 22:36 (577 rays) …
  -> Building H Matrix (577 rays, parallel)...
  [3/5] Building H for GN05 22:54 (438 rays) …
  -> Building H Matrix (438 rays, parallel)...
  [4/5] Building H for GN05 22:58 (604 rays) …
  -> Building H Matrix (604 rays, parallel)...
  [5/5] Building H for GN05 22:59 (539 rays) …
  -> Building H Matrix (539 rays, parallel)...
  Combined H shape : (2756, 5253)  (total rays = 2756)
  Running sequential KF assimilation …
  [step 1/5] Assimilating GN04 22:34 (598 rays) …
  [!] Error in group 2024-10-10_2230__LAT+000_LON-180: podTc2_data must be provided when distance_localization=True (needed to compute ray midpoints for the localization matrix).

[464/494]
────────────────────────────────────────────────────────────
  Group : 2024-10-10_2230__POLAR_S
  Window: 2024-10-10_2230  |  Region: POLAR_S  |  14 occultation(s)
────────────────────────────────────────────────────────────
E11 is rising
G6 is rising
R20 is rising
E10 is rising
C29 is rising
E12 is rising
R16 is rising
E5 is rising
E31 is rising
C36 is rising
G14 is rising
R7 is rising
Data Flipped: E7 is setting
R9 is rising
  Parsed 14/14 files successfully.
  [polar] Bounding box: lat [-90.0, -39.5]  lon [-180.0, 180.0]  |  vertices: 300
  Final group: 14 occultation(s), 300 mesh vertices
  Saved trim diagnostic → ./Figures/GroupKF/group_2024-10-10_2230__POLAR_S_trim.png
  [1/14] Building H for GN04 22:38 (433 rays) …
  -> Building H Matrix (433 rays, parallel)...
  [2/14] Building H for GN04 22:41 (448 rays) …
  -> Building H Matrix (448 rays, parallel)...
  [3/14] Building H for GN04 22:42 (466 rays) …
  -> Building H Matrix (466 rays, parallel)...
  [4/14] Building H for GN04 22:43 (385 rays) …
  -> Building H Matrix (385 rays, parallel)...
  [5/14] Building H for GN04 22:46 (455 rays) …
  -> Building H Matrix (455 rays, parallel)...
  [6/14] Building H for GN04 22:49 (442 rays) …
  -> Building H Matrix (442 rays, parallel)...
  [7/14] Building H for GN04 22:50 (449 rays) …
  -> Building H Matrix (449 rays, parallel)...
  [8/14] Building H for GN04 22:51 (531 rays) …
  -> Building H Matrix (531 rays, parallel)...
  [9/14] Building H for GN04 22:54 (456 rays) …
  -> Building H Matrix (456 rays, parallel)...
  [10/14] Building H for GN04 22:54 (370 rays) …
  -> Building H Matrix (370 rays, parallel)...
  [11/14] Building H for GN04 22:56 (404 rays) …
  -> Building H Matrix (404 rays, parallel)...
  [12/14] Building H for GN04 22:57 (893 rays) …
  -> Building H Matrix (893 rays, parallel)...
  [13/14] Building H for GN04 22:57 (392 rays) …
  -> Building H Matrix (392 rays, parallel)...
  [14/14] Building H for GN04 22:58 (314 rays) …
  -> Building H Matrix (314 rays, parallel)...
  Combined H shape : (6438, 15300)  (total rays = 6438)
  Running sequential KF assimilation …
  [step 1/14] Assimilating GN04 22:38 (433 rays) …
  [!] Error in group 2024-10-10_2230__POLAR_S: podTc2_data must be provided when distance_localization=True (needed to compute ray midpoints for the localization matrix).

[465/494]
────────────────────────────────────────────────────────────
  Group : 2024-10-10_2230__LAT+030_LON+000
  Window: 2024-10-10_2230  |  Region: LAT+030_LON+000  |  5 occultation(s)
────────────────────────────────────────────────────────────
Data Flipped: E36 is setting
Data Flipped: C35 is setting
Data Flipped: R21 is setting
Data Flipped: C19 is setting
Data Flipped: G11 is setting
  Parsed 5/5 files successfully.
  Bounding box: lat [24.2, 71.7]  lon [-25.0, 62.8]  |  vertices: 108
  Final group: 5 occultation(s), 108 mesh vertices
  Saved trim diagnostic → ./Figures/GroupKF/group_2024-10-10_2230__LAT+030_LON+000_trim.png
  [1/5] Building H for GN05 22:41 (270 rays) …
  -> Building H Matrix (270 rays, parallel)...
  [2/5] Building H for GN05 22:41 (451 rays) …
  -> Building H Matrix (451 rays, parallel)...
  [3/5] Building H for GN05 22:41 (330 rays) …
  -> Building H Matrix (330 rays, parallel)...
  [4/5] Building H for GN05 22:41 (328 rays) …
  -> Building H Matrix (328 rays, parallel)...
  [5/5] Building H for GN05 22:43 (552 rays) …
  -> Building H Matrix (552 rays, parallel)...
  Combined H shape : (1931, 5508)  (total rays = 1931)
  Running sequential KF assimilation …
  [step 1/5] Assimilating GN05 22:41 (270 rays) …
  [!] Error in group 2024-10-10_2230__LAT+030_LON+000: podTc2_data must be provided when distance_localization=True (needed to compute ray midpoints for the localization matrix).

[466/494]
────────────────────────────────────────────────────────────
  Group : 2024-10-10_2230__LAT-060_LON-060
  Window: 2024-10-10_2230  |  Region: LAT-060_LON-060  |  4 occultation(s)
────────────────────────────────────────────────────────────
R19 is rising
C30 is rising
G17 is rising
E24 is rising
  Parsed 4/4 files successfully.
  Bounding box: lat [-75.1, -17.8]  lon [-51.9, -8.3]  |  vertices: 67
  Final group: 4 occultation(s), 67 mesh vertices
  Saved trim diagnostic → ./Figures/GroupKF/group_2024-10-10_2230__LAT-060_LON-060_trim.png
  [1/4] Building H for GN04 22:55 (498 rays) …
  -> Building H Matrix (498 rays, parallel)...
  [2/4] Building H for GN04 22:57 (289 rays) …
  -> Building H Matrix (289 rays, parallel)...
  [3/4] Building H for GN04 22:58 (459 rays) …
  -> Building H Matrix (459 rays, parallel)...
  [4/4] Building H for GN04 22:58 (311 rays) …
  -> Building H Matrix (311 rays, parallel)...
  Combined H shape : (1557, 3417)  (total rays = 1557)
  Running sequential KF assimilation …
  [step 1/4] Assimilating GN04 22:55 (498 rays) …
  [!] Error in group 2024-10-10_2230__LAT-060_LON-060: podTc2_data must be provided when distance_localization=True (needed to compute ray midpoints for the localization matrix).

[467/494]
────────────────────────────────────────────────────────────
  Group : 2024-10-10_2300__LAT+030_LON-180
  Window: 2024-10-10_2300  |  Region: LAT+030_LON-180  |  5 occultation(s)
────────────────────────────────────────────────────────────
Data Flipped: E12 is setting
Data Flipped: E31 is setting
Data Flipped: G14 is setting
Data Flipped: G3 is setting
Data Flipped: C30 is setting
  Parsed 5/5 files successfully.
  Bounding box: lat [-9.7, 80.3]  lon [166.5, -133.2]  |  vertices: 160
  Final group: 5 occultation(s), 160 mesh vertices
  Saved trim diagnostic → ./Figures/GroupKF/group_2024-10-10_2300__LAT+030_LON-180_trim.png
  [1/5] Building H for GN05 23:00 (464 rays) …
  -> Building H Matrix (464 rays, parallel)...
  [2/5] Building H for GN05 23:00 (481 rays) …
  -> Building H Matrix (481 rays, parallel)...
  [3/5] Building H for GN05 23:03 (419 rays) …
  -> Building H Matrix (419 rays, parallel)...
  [4/5] Building H for GN05 23:03 (1225 rays) …
  -> Building H Matrix (1225 rays, parallel)...
  [5/5] Building H for GN05 23:06 (433 rays) …
  -> Building H Matrix (433 rays, parallel)...
  Combined H shape : (3022, 8160)  (total rays = 3022)
  Running sequential KF assimilation …
  [step 1/5] Assimilating GN05 23:00 (464 rays) …
  [!] Error in group 2024-10-10_2300__LAT+030_LON-180: podTc2_data must be provided when distance_localization=True (needed to compute ray midpoints for the localization matrix).

[468/494]
────────────────────────────────────────────────────────────
  Group : 2024-10-10_2300__LAT-060_LON+060
  Window: 2024-10-10_2300  |  Region: LAT-060_LON+060  |  1 occultation(s)
────────────────────────────────────────────────────────────
Data Flipped: G25 is setting
  Parsed 1/1 files successfully.
  Bounding box: lat [-82.6, -41.8]  lon [45.2, 158.9]  |  vertices: 86
  Final group: 1 occultation(s), 86 mesh vertices
  Saved trim diagnostic → ./Figures/GroupKF/group_2024-10-10_2300__LAT-060_LON+060_trim.png
  [1/1] Building H for GN04 23:00 (627 rays) …
  -> Building H Matrix (627 rays, parallel)...
  Combined H shape : (627, 4386)  (total rays = 627)
  Running sequential KF assimilation …
  [step 1/1] Assimilating GN04 23:00 (627 rays) …
  [!] Error in group 2024-10-10_2300__LAT-060_LON+060: podTc2_data must be provided when distance_localization=True (needed to compute ray midpoints for the localization matrix).

[469/494]
────────────────────────────────────────────────────────────
  Group : 2024-10-10_2300__LAT-060_LON+000
  Window: 2024-10-10_2300  |  Region: LAT-060_LON+000  |  3 occultation(s)
────────────────────────────────────────────────────────────
G15 is rising
Data Flipped: E30 is setting
Data Flipped: E15 is setting
  Parsed 3/3 files successfully.
  Bounding box: lat [-82.1, -22.1]  lon [-16.0, 113.7]  |  vertices: 182
  Final group: 3 occultation(s), 182 mesh vertices
  Saved trim diagnostic → ./Figures/GroupKF/group_2024-10-10_2300__LAT-060_LON+000_trim.png
  [1/3] Building H for GN04 23:00 (664 rays) …
  -> Building H Matrix (664 rays, parallel)...
  [2/3] Building H for GN04 23:11 (598 rays) …
  -> Building H Matrix (598 rays, parallel)...
  [3/3] Building H for GN04 23:14 (512 rays) …
  -> Building H Matrix (512 rays, parallel)...
  Combined H shape : (1774, 9282)  (total rays = 1774)
  Running sequential KF assimilation …
  [step 1/3] Assimilating GN04 23:00 (664 rays) …
  [!] Error in group 2024-10-10_2300__LAT-060_LON+000: podTc2_data must be provided when distance_localization=True (needed to compute ray midpoints for the localization matrix).

[470/494]
────────────────────────────────────────────────────────────
  Group : 2024-10-10_2300__LAT+030_LON+120
  Window: 2024-10-10_2300  |  Region: LAT+030_LON+120  |  4 occultation(s)
────────────────────────────────────────────────────────────
Data Flipped: C40 is setting
Data Flipped: C39 is setting
Data Flipped: G15 is setting
Data Flipped: C36 is setting
  Parsed 4/4 files successfully.
    [skip] GN05 23:10 — only 32 valid rays
  Bounding box: lat [2.4, 76.4]  lon [127.3, -144.9]  |  vertices: 187
  Final group: 3 occultation(s), 187 mesh vertices
  Saved trim diagnostic → ./Figures/GroupKF/group_2024-10-10_2300__LAT+030_LON+120_trim.png
  [1/3] Building H for GN05 23:00 (691 rays) …
  -> Building H Matrix (691 rays, parallel)...
  [2/3] Building H for GN05 23:04 (420 rays) …
  -> Building H Matrix (420 rays, parallel)...
  [3/3] Building H for GN05 23:10 (641 rays) …
  -> Building H Matrix (641 rays, parallel)...
  Combined H shape : (1752, 9537)  (total rays = 1752)
  Running sequential KF assimilation …
  [step 1/3] Assimilating GN05 23:00 (691 rays) …
  [!] Error in group 2024-10-10_2300__LAT+030_LON+120: podTc2_data must be provided when distance_localization=True (needed to compute ray midpoints for the localization matrix).

[471/494]
────────────────────────────────────────────────────────────
  Group : 2024-10-10_2300__POLAR_S
  Window: 2024-10-10_2300  |  Region: POLAR_S  |  19 occultation(s)
────────────────────────────────────────────────────────────
Data Flipped: R3 is setting
Data Flipped: E13 is setting
Data Flipped: G28 is setting
Data Flipped: E29 is setting
Data Flipped: R24 is setting
Data Flipped: G8 is setting
Data Flipped: R12 is setting
Data Flipped: C24 is setting
Data Flipped: C43 is setting
E11 is rising
R16 is rising
G6 is rising
E10 is rising
R20 is rising
C29 is rising
E31 is rising
G14 is rising
C36 is rising
C39 is rising
  Parsed 19/19 files successfully.
  [polar] Bounding box: lat [-90.0, -39.5]  lon [-180.0, 180.0]  |  vertices: 300
  Final group: 19 occultation(s), 300 mesh vertices
  Saved trim diagnostic → ./Figures/GroupKF/group_2024-10-10_2300__POLAR_S_trim.png
  [1/19] Building H for GN04 23:00 (858 rays) …
  -> Building H Matrix (858 rays, parallel)...
  [2/19] Building H for GN04 23:03 (434 rays) …
  -> Building H Matrix (434 rays, parallel)...
  [3/19] Building H for GN04 23:05 (354 rays) …
  -> Building H Matrix (354 rays, parallel)...
  [4/19] Building H for GN04 23:07 (530 rays) …
  -> Building H Matrix (530 rays, parallel)...
  [5/19] Building H for GN04 23:07 (469 rays) …
  -> Building H Matrix (469 rays, parallel)...
  [6/19] Building H for GN04 23:08 (735 rays) …
  -> Building H Matrix (735 rays, parallel)...
  [7/19] Building H for GN04 23:08 (452 rays) …
  -> Building H Matrix (452 rays, parallel)...
  [8/19] Building H for GN04 23:09 (183 rays) …
  -> Building H Matrix (183 rays, parallel)...
  [9/19] Building H for GN04 23:11 (445 rays) …
  -> Building H Matrix (445 rays, parallel)...
  [10/19] Building H for GN05 23:18 (449 rays) …
  -> Building H Matrix (449 rays, parallel)...
  [11/19] Building H for GN05 23:21 (429 rays) …
  -> Building H Matrix (429 rays, parallel)...
  [12/19] Building H for GN05 23:22 (467 rays) …
  -> Building H Matrix (467 rays, parallel)...
  [13/19] Building H for GN05 23:23 (473 rays) …
  -> Building H Matrix (473 rays, parallel)...
  [14/19] Building H for GN05 23:25 (471 rays) …
  -> Building H Matrix (471 rays, parallel)...
  [15/19] Building H for GN05 23:26 (451 rays) …
  -> Building H Matrix (451 rays, parallel)...
  [16/19] Building H for GN05 23:26 (519 rays) …
  -> Building H Matrix (519 rays, parallel)...
  [17/19] Building H for GN05 23:27 (446 rays) …
  -> Building H Matrix (446 rays, parallel)...
  [18/19] Building H for GN05 23:27 (378 rays) …
  -> Building H Matrix (378 rays, parallel)...
  [19/19] Building H for GN05 23:29 (417 rays) …
  -> Building H Matrix (417 rays, parallel)...
  Combined H shape : (8960, 15300)  (total rays = 8960)
  Running sequential KF assimilation …
  [step 1/19] Assimilating GN04 23:00 (858 rays) …
  [!] Error in group 2024-10-10_2300__POLAR_S: podTc2_data must be provided when distance_localization=True (needed to compute ray midpoints for the localization matrix).

[472/494]
────────────────────────────────────────────────────────────
  Group : 2024-10-10_2300__LAT-030_LON+120
  Window: 2024-10-10_2300  |  Region: LAT-030_LON+120  |  20 occultation(s)
────────────────────────────────────────────────────────────
C38 is rising
G5 is rising
R5 is rising
G9 is rising
E4 is rising
C20 is rising
C19 is rising
C37 is rising
E6 is rising
G7 is rising
R15 is rising
C32 is rising
C35 is rising
Data Flipped: E33 is setting
C22 is rising
Data Flipped: C27 is setting
Data Flipped: R18 is setting
Data Flipped: G12 is setting
R7 is rising
Data Flipped: E2 is setting
  Parsed 20/20 files successfully.
  Bounding box: lat [-83.9, 29.1]  lon [45.1, -137.1]  |  vertices: 604
  [trim] n_geo=604 > MAX_MESH_VERTICES=300 — dropping GN05 23:07 (66.2° from centroid)
  Bounding box: lat [-83.9, 29.1]  lon [45.1, -137.1]  |  vertices: 604
  [trim] n_geo=604 > MAX_MESH_VERTICES=300 — dropping GN05 23:05 (66.1° from centroid)
  Bounding box: lat [-83.9, 29.1]  lon [45.1, -137.1]  |  vertices: 604
  [trim] n_geo=604 > MAX_MESH_VERTICES=300 — dropping GN05 23:02 (68.3° from centroid)
  Bounding box: lat [-83.9, 29.1]  lon [45.1, -137.1]  |  vertices: 604
  [trim] n_geo=604 > MAX_MESH_VERTICES=300 — dropping GN05 23:01 (71.3° from centroid)
  Bounding box: lat [-83.9, 29.1]  lon [45.1, -137.1]  |  vertices: 604
  [trim] n_geo=604 > MAX_MESH_VERTICES=300 — dropping GN05 23:19 (75.4° from centroid)
  Bounding box: lat [-83.9, 29.1]  lon [45.1, -137.1]  |  vertices: 604
  [trim] n_geo=604 > MAX_MESH_VERTICES=300 — dropping GN05 23:14 (72.6° from centroid)
  Bounding box: lat [-83.9, 29.1]  lon [45.1, -137.1]  |  vertices: 604
  [trim] n_geo=604 > MAX_MESH_VERTICES=300 — dropping GN05 23:24 (77.7° from centroid)
  Bounding box: lat [-83.9, 29.1]  lon [45.1, -137.1]  |  vertices: 604
  [trim] n_geo=604 > MAX_MESH_VERTICES=300 — dropping GN05 23:22 (78.6° from centroid)
  Bounding box: lat [-83.9, 29.1]  lon [45.1, -137.1]  |  vertices: 604
  [trim] n_geo=604 > MAX_MESH_VERTICES=300 — dropping GN05 23:12 (58.1° from centroid)
  Bounding box: lat [-70.0, 29.1]  lon [136.8, -137.1]  |  vertices: 282
  Final group: 11 occultation(s), 282 mesh vertices
  Saved trim diagnostic → ./Figures/GroupKF/group_2024-10-10_2300__LAT-030_LON+120_trim.png
  [1/11] Building H for GN05 23:02 (430 rays) …
  -> Building H Matrix (430 rays, parallel)...
  [2/11] Building H for GN05 23:02 (478 rays) …
  -> Building H Matrix (478 rays, parallel)...
  [3/11] Building H for GN05 23:04 (400 rays) …
  -> Building H Matrix (400 rays, parallel)...
  [4/11] Building H for GN05 23:05 (444 rays) …
  -> Building H Matrix (444 rays, parallel)...
  [5/11] Building H for GN05 23:06 (430 rays) …
  -> Building H Matrix (430 rays, parallel)...
  [6/11] Building H for GN05 23:08 (386 rays) …
  -> Building H Matrix (386 rays, parallel)...
  [7/11] Building H for GN05 23:08 (424 rays) …
  -> Building H Matrix (424 rays, parallel)...
  [8/11] Building H for GN05 23:10 (1188 rays) …
  -> Building H Matrix (1188 rays, parallel)...
  [9/11] Building H for GN05 23:14 (610 rays) …
  -> Building H Matrix (610 rays, parallel)...
  [10/11] Building H for GN05 23:15 (695 rays) …
  -> Building H Matrix (695 rays, parallel)...
  [11/11] Building H for GN05 23:17 (575 rays) …
  -> Building H Matrix (575 rays, parallel)...
  Combined H shape : (6060, 14382)  (total rays = 6060)
  Running sequential KF assimilation …
  [step 1/11] Assimilating GN05 23:02 (430 rays) …
  [!] Error in group 2024-10-10_2300__LAT-030_LON+120: podTc2_data must be provided when distance_localization=True (needed to compute ray midpoints for the localization matrix).

[473/494]
────────────────────────────────────────────────────────────
  Group : 2024-10-10_2300__LAT-030_LON-180
  Window: 2024-10-10_2300  |  Region: LAT-030_LON-180  |  4 occultation(s)
────────────────────────────────────────────────────────────
R4 is rising
E5 is rising
Data Flipped: C41 is setting
Data Flipped: R3 is setting
  Parsed 4/4 files successfully.
  Bounding box: lat [-82.5, 21.9]  lon [30.3, -141.2]  |  vertices: 589
  [trim] n_geo=589 > MAX_MESH_VERTICES=300 — dropping GN05 23:23 (37.7° from centroid)
  Bounding box: lat [-74.0, 21.9]  lon [137.2, -141.2]  |  vertices: 249
  Final group: 3 occultation(s), 249 mesh vertices
  Saved trim diagnostic → ./Figures/GroupKF/group_2024-10-10_2300__LAT-030_LON-180_trim.png
  [1/3] Building H for GN05 23:02 (833 rays) …
  -> Building H Matrix (833 rays, parallel)...
  [2/3] Building H for GN05 23:24 (841 rays) …
  -> Building H Matrix (841 rays, parallel)...
  [3/3] Building H for GN05 23:25 (954 rays) …
  -> Building H Matrix (954 rays, parallel)...
  Combined H shape : (2628, 12699)  (total rays = 2628)
  Running sequential KF assimilation …
  [step 1/3] Assimilating GN05 23:02 (833 rays) …
  [!] Error in group 2024-10-10_2300__LAT-030_LON-180: podTc2_data must be provided when distance_localization=True (needed to compute ray midpoints for the localization matrix).

[474/494]
────────────────────────────────────────────────────────────
  Group : 2024-10-10_2300__LAT-060_LON-060
  Window: 2024-10-10_2300  |  Region: LAT-060_LON-060  |  8 occultation(s)
────────────────────────────────────────────────────────────
C45 is rising
E25 is rising
G24 is rising
Data Flipped: G31 is setting
Data Flipped: C25 is setting
Data Flipped: G27 is setting
Data Flipped: G26 is setting
E12 is rising
  Parsed 8/8 files successfully.
  Bounding box: lat [-79.7, -5.2]  lon [-72.9, 24.6]  |  vertices: 200
  Final group: 8 occultation(s), 200 mesh vertices
  Saved trim diagnostic → ./Figures/GroupKF/group_2024-10-10_2300__LAT-060_LON-060_trim.png
  [1/8] Building H for GN04 23:03 (376 rays) …
  -> Building H Matrix (376 rays, parallel)...
  [2/8] Building H for GN04 23:03 (412 rays) …
  -> Building H Matrix (412 rays, parallel)...
  [3/8] Building H for GN04 23:05 (390 rays) …
  -> Building H Matrix (390 rays, parallel)...
  [4/8] Building H for GN04 23:12 (312 rays) …
  -> Building H Matrix (312 rays, parallel)...
  [5/8] Building H for GN04 23:15 (362 rays) …
  -> Building H Matrix (362 rays, parallel)...
  [6/8] Building H for GN04 23:15 (463 rays) …
  -> Building H Matrix (463 rays, parallel)...
  [7/8] Building H for GN04 23:18 (381 rays) …
  -> Building H Matrix (381 rays, parallel)...
  [8/8] Building H for GN05 23:29 (532 rays) …
  -> Building H Matrix (532 rays, parallel)...
  Combined H shape : (3228, 10200)  (total rays = 3228)
  Running sequential KF assimilation …
  [step 1/8] Assimilating GN04 23:03 (376 rays) …
  [!] Error in group 2024-10-10_2300__LAT-060_LON-060: podTc2_data must be provided when distance_localization=True (needed to compute ray midpoints for the localization matrix).

[475/494]
────────────────────────────────────────────────────────────
  Group : 2024-10-10_2300__LAT-030_LON-060
  Window: 2024-10-10_2300  |  Region: LAT-030_LON-060  |  16 occultation(s)
────────────────────────────────────────────────────────────
E3 is rising
E33 is rising
R18 is rising
G12 is rising
R8 is rising
G3 is rising
Data Flipped: C34 is setting
Data Flipped: E27 is setting
Data Flipped: R8 is setting
Data Flipped: G18 is setting
C21 is rising
Data Flipped: G4 is setting
Data Flipped: C21 is setting
Data Flipped: C23 is setting
Data Flipped: R14 is setting
Data Flipped: E21 is setting
  Parsed 16/16 files successfully.
  Bounding box: lat [-83.1, 22.2]  lon [4.3, -5.1]  |  vertices: 1102
  [trim] n_geo=1102 > MAX_MESH_VERTICES=300 — dropping GN05 23:19 (121.0° from centroid)
  Bounding box: lat [-77.5, 22.2]  lon [4.3, -5.1]  |  vertices: 1088
  [trim] n_geo=1088 > MAX_MESH_VERTICES=300 — dropping GN05 23:24 (125.3° from centroid)
  Bounding box: lat [-74.2, 22.2]  lon [-49.8, 26.7]  |  vertices: 235
  Final group: 14 occultation(s), 235 mesh vertices
  Saved trim diagnostic → ./Figures/GroupKF/group_2024-10-10_2300__LAT-030_LON-060_trim.png
  [1/14] Building H for GN04 23:06 (537 rays) …
  -> Building H Matrix (537 rays, parallel)...
  [2/14] Building H for GN04 23:07 (252 rays) …
  -> Building H Matrix (252 rays, parallel)...
  [3/14] Building H for GN04 23:07 (261 rays) …
  -> Building H Matrix (261 rays, parallel)...
  [4/14] Building H for GN04 23:09 (515 rays) …
  -> Building H Matrix (515 rays, parallel)...
  [5/14] Building H for GN04 23:11 (776 rays) …
  -> Building H Matrix (776 rays, parallel)...
  [6/14] Building H for GN04 23:13 (1094 rays) …
  -> Building H Matrix (1094 rays, parallel)...
  [7/14] Building H for GN04 23:19 (426 rays) …
  -> Building H Matrix (426 rays, parallel)...
  [8/14] Building H for GN04 23:19 (393 rays) …
  -> Building H Matrix (393 rays, parallel)...
  [9/14] Building H for GN04 23:20 (564 rays) …
  -> Building H Matrix (564 rays, parallel)...
  [10/14] Building H for GN04 23:20 (566 rays) …
  -> Building H Matrix (566 rays, parallel)...
  [11/14] Building H for GN04 23:24 (361 rays) …
  -> Building H Matrix (361 rays, parallel)...
  [12/14] Building H for GN04 23:26 (233 rays) …
  -> Building H Matrix (233 rays, parallel)...
  [13/14] Building H for GN04 23:27 (366 rays) …
  -> Building H Matrix (366 rays, parallel)...
  [14/14] Building H for GN04 23:28 (172 rays) …
  -> Building H Matrix (172 rays, parallel)...
  Combined H shape : (6516, 11985)  (total rays = 6516)
  Running sequential KF assimilation …
  [step 1/14] Assimilating GN04 23:06 (537 rays) …
  [!] Error in group 2024-10-10_2300__LAT-030_LON-060: podTc2_data must be provided when distance_localization=True (needed to compute ray midpoints for the localization matrix).

[476/494]
────────────────────────────────────────────────────────────
  Group : 2024-10-10_2300__LAT-060_LON+120
  Window: 2024-10-10_2300  |  Region: LAT-060_LON+120  |  11 occultation(s)
────────────────────────────────────────────────────────────
E36 is rising
R21 is rising
E9 is rising
G11 is rising
G30 is rising
Data Flipped: R1 is setting
Data Flipped: E8 is setting
Data Flipped: C26 is setting
Data Flipped: R11 is setting
Data Flipped: R2 is setting
Data Flipped: G32 is setting
  Parsed 11/11 files successfully.
  Bounding box: lat [-83.5, -5.4]  lon [86.9, -162.0]  |  vertices: 229
  Final group: 11 occultation(s), 229 mesh vertices
  Saved trim diagnostic → ./Figures/GroupKF/group_2024-10-10_2300__LAT-060_LON+120_trim.png
  [1/11] Building H for GN05 23:07 (525 rays) …
  -> Building H Matrix (525 rays, parallel)...
  [2/11] Building H for GN05 23:09 (626 rays) …
  -> Building H Matrix (626 rays, parallel)...
  [3/11] Building H for GN05 23:10 (404 rays) …
  -> Building H Matrix (404 rays, parallel)...
  [4/11] Building H for GN05 23:13 (481 rays) …
  -> Building H Matrix (481 rays, parallel)...
  [5/11] Building H for GN05 23:13 (374 rays) …
  -> Building H Matrix (374 rays, parallel)...
  [6/11] Building H for GN05 23:25 (422 rays) …
  -> Building H Matrix (422 rays, parallel)...
  [7/11] Building H for GN05 23:25 (398 rays) …
  -> Building H Matrix (398 rays, parallel)...
  [8/11] Building H for GN05 23:25 (422 rays) …
  -> Building H Matrix (422 rays, parallel)...
  [9/11] Building H for GN05 23:26 (417 rays) …
  -> Building H Matrix (417 rays, parallel)...
  [10/11] Building H for GN05 23:26 (439 rays) …
  -> Building H Matrix (439 rays, parallel)...
  [11/11] Building H for GN05 23:28 (386 rays) …
  -> Building H Matrix (386 rays, parallel)...
  Combined H shape : (4894, 11679)  (total rays = 4894)
  Running sequential KF assimilation …
  [step 1/11] Assimilating GN05 23:07 (525 rays) …
  [!] Error in group 2024-10-10_2300__LAT-060_LON+120: podTc2_data must be provided when distance_localization=True (needed to compute ray midpoints for the localization matrix).

[477/494]
────────────────────────────────────────────────────────────
  Group : 2024-10-10_2300__LAT+000_LON+120
  Window: 2024-10-10_2300  |  Region: LAT+000_LON+120  |  8 occultation(s)
────────────────────────────────────────────────────────────
Data Flipped: R19 is setting
Data Flipped: R9 is setting
Data Flipped: E24 is setting
Data Flipped: G17 is setting
Data Flipped: C45 is setting
Data Flipped: E25 is setting
Data Flipped: G24 is setting
Data Flipped: E3 is setting
  Parsed 8/8 files successfully.
  Bounding box: lat [-17.6, 53.3]  lon [132.1, -176.9]  |  vertices: 128
  Final group: 8 occultation(s), 128 mesh vertices
  Saved trim diagnostic → ./Figures/GroupKF/group_2024-10-10_2300__LAT+000_LON+120_trim.png
  [1/8] Building H for GN05 23:07 (464 rays) …
  -> Building H Matrix (464 rays, parallel)...
  [2/8] Building H for GN05 23:08 (362 rays) …
  -> Building H Matrix (362 rays, parallel)...
  [3/8] Building H for GN05 23:08 (371 rays) …
  -> Building H Matrix (371 rays, parallel)...
  [4/8] Building H for GN05 23:08 (425 rays) …
  -> Building H Matrix (425 rays, parallel)...
  [5/8] Building H for GN05 23:13 (386 rays) …
  -> Building H Matrix (386 rays, parallel)...
  [6/8] Building H for GN05 23:14 (428 rays) …
  -> Building H Matrix (428 rays, parallel)...
  [7/8] Building H for GN05 23:15 (394 rays) …
  -> Building H Matrix (394 rays, parallel)...
  [8/8] Building H for GN05 23:15 (565 rays) …
  -> Building H Matrix (565 rays, parallel)...
  Combined H shape : (3395, 6528)  (total rays = 3395)
  Running sequential KF assimilation …
  [step 1/8] Assimilating GN05 23:07 (464 rays) …
  [!] Error in group 2024-10-10_2300__LAT+000_LON+120: podTc2_data must be provided when distance_localization=True (needed to compute ray midpoints for the localization matrix).

[478/494]
────────────────────────────────────────────────────────────
  Group : 2024-10-10_2300__LAT+000_LON-060
  Window: 2024-10-10_2300  |  Region: LAT+000_LON-060  |  13 occultation(s)
────────────────────────────────────────────────────────────
C27 is rising
R1 is rising
E8 is rising
C26 is rising
R11 is rising
C42 is rising
R2 is rising
G32 is rising
C33 is rising
E2 is rising
E7 is rising
C41 is rising
R3 is rising
  Parsed 13/13 files successfully.
  Bounding box: lat [-20.3, 62.3]  lon [-70.8, 15.9]  |  vertices: 245
  Final group: 13 occultation(s), 245 mesh vertices
  Saved trim diagnostic → ./Figures/GroupKF/group_2024-10-10_2300__LAT+000_LON-060_trim.png
  [1/13] Building H for GN04 23:08 (731 rays) …
  -> Building H Matrix (731 rays, parallel)...
  [2/13] Building H for GN04 23:13 (417 rays) …
  -> Building H Matrix (417 rays, parallel)...
  [3/13] Building H for GN04 23:14 (405 rays) …
  -> Building H Matrix (405 rays, parallel)...
  [4/13] Building H for GN04 23:15 (377 rays) …
  -> Building H Matrix (377 rays, parallel)...
  [5/13] Building H for GN04 23:16 (367 rays) …
  -> Building H Matrix (367 rays, parallel)...
  [6/13] Building H for GN04 23:16 (492 rays) …
  -> Building H Matrix (492 rays, parallel)...
  [7/13] Building H for GN04 23:17 (262 rays) …
  -> Building H Matrix (262 rays, parallel)...
  [8/13] Building H for GN04 23:17 (374 rays) …
  -> Building H Matrix (374 rays, parallel)...
  [9/13] Building H for GN04 23:17 (392 rays) …
  -> Building H Matrix (392 rays, parallel)...
  [10/13] Building H for GN04 23:18 (683 rays) …
  -> Building H Matrix (683 rays, parallel)...
  [11/13] Building H for GN04 23:21 (372 rays) …
  -> Building H Matrix (372 rays, parallel)...
  [12/13] Building H for GN04 23:24 (155 rays) …
  -> Building H Matrix (155 rays, parallel)...
  [13/13] Building H for GN04 23:28 (633 rays) …
  -> Building H Matrix (633 rays, parallel)...
  Combined H shape : (5660, 12495)  (total rays = 5660)
  Running sequential KF assimilation …
  [step 1/13] Assimilating GN04 23:08 (731 rays) …
  [!] Error in group 2024-10-10_2300__LAT+000_LON-060: podTc2_data must be provided when distance_localization=True (needed to compute ray midpoints for the localization matrix).

[479/494]
────────────────────────────────────────────────────────────
  Group : 2024-10-10_2300__LAT+030_LON-060
  Window: 2024-10-10_2300  |  Region: LAT+030_LON-060  |  4 occultation(s)
────────────────────────────────────────────────────────────
E26 is rising
G10 is rising
G28 is rising
C24 is rising
  Parsed 4/4 files successfully.
  Bounding box: lat [18.4, 73.5]  lon [-60.7, 2.8]  |  vertices: 93
  Final group: 4 occultation(s), 93 mesh vertices
  Saved trim diagnostic → ./Figures/GroupKF/group_2024-10-10_2300__LAT+030_LON-060_trim.png
  [1/4] Building H for GN04 23:21 (460 rays) …
  -> Building H Matrix (460 rays, parallel)...
  [2/4] Building H for GN04 23:21 (298 rays) …
  -> Building H Matrix (298 rays, parallel)...
  [3/4] Building H for GN04 23:27 (367 rays) …
  -> Building H Matrix (367 rays, parallel)...
  [4/4] Building H for GN04 23:28 (454 rays) …
  -> Building H Matrix (454 rays, parallel)...
  Combined H shape : (1579, 4743)  (total rays = 1579)
  Running sequential KF assimilation …
  [step 1/4] Assimilating GN04 23:21 (460 rays) …
  [!] Error in group 2024-10-10_2300__LAT+030_LON-060: podTc2_data must be provided when distance_localization=True (needed to compute ray midpoints for the localization matrix).

[480/494]
────────────────────────────────────────────────────────────
  Group : 2024-10-10_2300__LAT+030_LON-120
  Window: 2024-10-10_2300  |  Region: LAT+030_LON-120  |  1 occultation(s)
────────────────────────────────────────────────────────────
R17 is rising
  Parsed 1/1 files successfully.
  Bounding box: lat [30.7, 83.1]  lon [-87.9, -36.2]  |  vertices: 57
  Final group: 1 occultation(s), 57 mesh vertices
  Saved trim diagnostic → ./Figures/GroupKF/group_2024-10-10_2300__LAT+030_LON-120_trim.png
  [1/1] Building H for GN04 23:23 (520 rays) …
  -> Building H Matrix (520 rays, parallel)...
  Combined H shape : (520, 2907)  (total rays = 520)
  Running sequential KF assimilation …
  [step 1/1] Assimilating GN04 23:23 (520 rays) …
  [!] Error in group 2024-10-10_2300__LAT+030_LON-120: podTc2_data must be provided when distance_localization=True (needed to compute ray midpoints for the localization matrix).

[481/494]
────────────────────────────────────────────────────────────
  Group : 2024-10-10_2300__POLAR_N
  Window: 2024-10-10_2300  |  Region: POLAR_N  |  1 occultation(s)
────────────────────────────────────────────────────────────
C28 is rising
  Parsed 1/1 files successfully.
  [polar] Bounding box: lat [40.0, 90.0]  lon [-180.0, 180.0]  |  vertices: 295
  Final group: 1 occultation(s), 295 mesh vertices
  Saved trim diagnostic → ./Figures/GroupKF/group_2024-10-10_2300__POLAR_N_trim.png
  [1/1] Building H for GN04 23:26 (514 rays) …
  -> Building H Matrix (514 rays, parallel)...
  Combined H shape : (514, 15045)  (total rays = 514)
  Running sequential KF assimilation …
  [step 1/1] Assimilating GN04 23:26 (514 rays) …
  [!] Error in group 2024-10-10_2300__POLAR_N: podTc2_data must be provided when distance_localization=True (needed to compute ray midpoints for the localization matrix).

[482/494]
────────────────────────────────────────────────────────────
  Group : 2024-10-10_2330__LAT-060_LON+120
  Window: 2024-10-10_2330  |  Region: LAT-060_LON+120  |  3 occultation(s)
────────────────────────────────────────────────────────────
Data Flipped: E7 is setting
Data Flipped: C33 is setting
Data Flipped: C42 is setting
  Parsed 3/3 files successfully.
  Bounding box: lat [-80.2, -31.0]  lon [133.2, -147.4]  |  vertices: 84
  Final group: 3 occultation(s), 84 mesh vertices
  Saved trim diagnostic → ./Figures/GroupKF/group_2024-10-10_2330__LAT-060_LON+120_trim.png
  [1/3] Building H for GN05 23:30 (406 rays) …
  -> Building H Matrix (406 rays, parallel)...
  [2/3] Building H for GN05 23:31 (184 rays) …
  -> Building H Matrix (184 rays, parallel)...
  [3/3] Building H for GN05 23:32 (182 rays) …
  -> Building H Matrix (182 rays, parallel)...
  Combined H shape : (772, 4284)  (total rays = 772)
  Running sequential KF assimilation …
  [step 1/3] Assimilating GN05 23:30 (406 rays) …
  [!] Error in group 2024-10-10_2330__LAT-060_LON+120: podTc2_data must be provided when distance_localization=True (needed to compute ray midpoints for the localization matrix).

[483/494]
────────────────────────────────────────────────────────────
  Group : 2024-10-10_2330__POLAR_S
  Window: 2024-10-10_2330  |  Region: POLAR_S  |  14 occultation(s)
────────────────────────────────────────────────────────────
R9 is rising
Data Flipped: E26 is setting
G15 is rising
E24 is rising
Data Flipped: G10 is setting
Data Flipped: R17 is setting
Data Flipped: C28 is setting
Data Flipped: C24 is setting
Data Flipped: G28 is setting
Data Flipped: E29 is setting
Data Flipped: R12 is setting
Data Flipped: E30 is setting
Data Flipped: E13 is setting
Data Flipped: G31 is setting
  Parsed 14/14 files successfully.
  [polar] Bounding box: lat [-90.0, -40.3]  lon [-180.0, 180.0]  |  vertices: 291
  Final group: 14 occultation(s), 291 mesh vertices
  Saved trim diagnostic → ./Figures/GroupKF/group_2024-10-10_2330__POLAR_S_trim.png
  [1/14] Building H for GN05 23:30 (347 rays) …
  -> Building H Matrix (347 rays, parallel)...
  [2/14] Building H for GN05 23:31 (531 rays) …
  -> Building H Matrix (531 rays, parallel)...
  [3/14] Building H for GN05 23:32 (946 rays) …
  -> Building H Matrix (946 rays, parallel)...
  [4/14] Building H for GN05 23:32 (413 rays) …
  -> Building H Matrix (413 rays, parallel)...
  [5/14] Building H for GN05 23:32 (489 rays) …
  -> Building H Matrix (489 rays, parallel)...
  [6/14] Building H for GN05 23:34 (633 rays) …
  -> Building H Matrix (633 rays, parallel)...
  [7/14] Building H for GN05 23:36 (675 rays) …
  -> Building H Matrix (675 rays, parallel)...
  [8/14] Building H for GN05 23:37 (417 rays) …
  -> Building H Matrix (417 rays, parallel)...
  [9/14] Building H for GN05 23:37 (366 rays) …
  -> Building H Matrix (366 rays, parallel)...
  [10/14] Building H for GN05 23:39 (505 rays) …
  -> Building H Matrix (505 rays, parallel)...
  [11/14] Building H for GN05 23:39 (432 rays) …
  -> Building H Matrix (432 rays, parallel)...
  [12/14] Building H for GN05 23:43 (572 rays) …
  -> Building H Matrix (572 rays, parallel)...
  [13/14] Building H for GN05 23:43 (444 rays) …
  -> Building H Matrix (444 rays, parallel)...
  [14/14] Building H for GN05 23:44 (367 rays) …
  -> Building H Matrix (367 rays, parallel)...
  Combined H shape : (7137, 14841)  (total rays = 7137)
  Running sequential KF assimilation …
  [step 1/14] Assimilating GN05 23:30 (347 rays) …
  [!] Error in group 2024-10-10_2330__POLAR_S: podTc2_data must be provided when distance_localization=True (needed to compute ray midpoints for the localization matrix).

[484/494]
────────────────────────────────────────────────────────────
  Group : 2024-10-10_2330__POLAR_N
  Window: 2024-10-10_2330  |  Region: POLAR_N  |  16 occultation(s)
────────────────────────────────────────────────────────────
E13 is rising
G31 is rising
R24 is rising
C25 is rising
C43 is rising
G8 is rising
G26 is rising
Data Flipped: E36 is setting
Data Flipped: R16 is setting
Data Flipped: E5 is setting
Data Flipped: R21 is setting
Data Flipped: G15 is setting
Data Flipped: G11 is setting
Data Flipped: E31 is setting
Data Flipped: C35 is setting
Data Flipped: E11 is setting
  Parsed 16/16 files successfully.
  [polar] Bounding box: lat [41.3, 90.0]  lon [-180.0, 180.0]  |  vertices: 281
  Final group: 16 occultation(s), 281 mesh vertices
  Saved trim diagnostic → ./Figures/GroupKF/group_2024-10-10_2330__POLAR_N_trim.png
  [1/16] Building H for GN04 23:31 (453 rays) …
  -> Building H Matrix (453 rays, parallel)...
  [2/16] Building H for GN04 23:34 (360 rays) …
  -> Building H Matrix (360 rays, parallel)...
  [3/16] Building H for GN04 23:36 (453 rays) …
  -> Building H Matrix (453 rays, parallel)...
  [4/16] Building H for GN04 23:38 (388 rays) …
  -> Building H Matrix (388 rays, parallel)...
  [5/16] Building H for GN04 23:39 (433 rays) …
  -> Building H Matrix (433 rays, parallel)...
  [6/16] Building H for GN04 23:40 (536 rays) …
  -> Building H Matrix (536 rays, parallel)...
  [7/16] Building H for GN04 23:42 (444 rays) …
  -> Building H Matrix (444 rays, parallel)...
  [8/16] Building H for GN04 23:45 (459 rays) …
  -> Building H Matrix (459 rays, parallel)...
  [9/16] Building H for GN04 23:49 (417 rays) …
  -> Building H Matrix (417 rays, parallel)...
  [10/16] Building H for GN04 23:49 (459 rays) …
  -> Building H Matrix (459 rays, parallel)...
  [11/16] Building H for GN04 23:50 (511 rays) …
  -> Building H Matrix (511 rays, parallel)...
  [12/16] Building H for GN04 23:50 (575 rays) …
  -> Building H Matrix (575 rays, parallel)...
  [13/16] Building H for GN04 23:51 (442 rays) …
  -> Building H Matrix (442 rays, parallel)...
  [14/16] Building H for GN04 23:52 (733 rays) …
  -> Building H Matrix (733 rays, parallel)...
  [15/16] Building H for GN04 23:52 (475 rays) …
  -> Building H Matrix (475 rays, parallel)...
  [16/16] Building H for GN04 23:55 (443 rays) …
  -> Building H Matrix (443 rays, parallel)...
  Combined H shape : (7581, 14331)  (total rays = 7581)
  Running sequential KF assimilation …
  [step 1/16] Assimilating GN04 23:31 (453 rays) …
  [!] Error in group 2024-10-10_2330__POLAR_N: podTc2_data must be provided when distance_localization=True (needed to compute ray midpoints for the localization matrix).

[485/494]
────────────────────────────────────────────────────────────
  Group : 2024-10-10_2330__LAT-030_LON-060
  Window: 2024-10-10_2330  |  Region: LAT-030_LON-060  |  8 occultation(s)
────────────────────────────────────────────────────────────
Data Flipped: R4 is setting
R19 is rising
G12 is rising
G3 is rising
C26 is rising
R11 is rising
E2 is rising
Data Flipped: E15 is setting
  Parsed 8/8 files successfully.
  Bounding box: lat [-61.1, 70.9]  lon [-51.9, 17.3]  |  vertices: 291
  Final group: 8 occultation(s), 291 mesh vertices
  Saved trim diagnostic → ./Figures/GroupKF/group_2024-10-10_2330__LAT-030_LON-060_trim.png
  [1/8] Building H for GN04 23:31 (608 rays) …
  -> Building H Matrix (608 rays, parallel)...
  [2/8] Building H for GN05 23:36 (533 rays) …
  -> Building H Matrix (533 rays, parallel)...
  [3/8] Building H for GN05 23:43 (439 rays) …
  -> Building H Matrix (439 rays, parallel)...
  [4/8] Building H for GN05 23:46 (353 rays) …
  -> Building H Matrix (353 rays, parallel)...
  [5/8] Building H for GN05 23:48 (411 rays) …
  -> Building H Matrix (411 rays, parallel)...
  [6/8] Building H for GN05 23:48 (389 rays) …
  -> Building H Matrix (389 rays, parallel)...
  [7/8] Building H for GN05 23:50 (273 rays) …
  -> Building H Matrix (273 rays, parallel)...
  [8/8] Building H for GN05 23:54 (536 rays) …
  -> Building H Matrix (536 rays, parallel)...
  Combined H shape : (3542, 14841)  (total rays = 3542)
  Running sequential KF assimilation …
  [step 1/8] Assimilating GN04 23:31 (608 rays) …
  [!] Error in group 2024-10-10_2330__LAT-030_LON-060: podTc2_data must be provided when distance_localization=True (needed to compute ray midpoints for the localization matrix).

[486/494]
────────────────────────────────────────────────────────────
  Group : 2024-10-10_2330__LAT+000_LON-060
  Window: 2024-10-10_2330  |  Region: LAT+000_LON-060  |  24 occultation(s)
────────────────────────────────────────────────────────────
G23 is rising
Data Flipped: R22 is setting
Data Flipped: R5 is setting
Data Flipped: E4 is setting
Data Flipped: E34 is setting
Data Flipped: R15 is setting
Data Flipped: G9 is setting
Data Flipped: C37 is setting
Data Flipped: C44 is setting
Data Flipped: G23 is setting
E30 is rising
Data Flipped: C32 is setting
E33 is rising
E8 is rising
R18 is rising
C27 is rising
R1 is rising
R2 is rising
G32 is rising
C33 is rising
C42 is rising
E7 is rising
C41 is rising
R3 is rising
  Parsed 24/24 files successfully.
  Bounding box: lat [-63.1, 67.2]  lon [2.4, -0.3]  |  vertices: 1484
  [trim] n_geo=1484 > MAX_MESH_VERTICES=300 — dropping GN05 23:38 (114.9° from centroid)
  Bounding box: lat [-16.7, 67.2]  lon [2.4, -0.3]  |  vertices: 990
  [trim] n_geo=990 > MAX_MESH_VERTICES=300 — dropping GN04 23:31 (95.4° from centroid)
  Bounding box: lat [-16.7, 67.2]  lon [2.4, -0.3]  |  vertices: 990
  [trim] n_geo=990 > MAX_MESH_VERTICES=300 — dropping GN04 23:39 (95.3° from centroid)
  Bounding box: lat [-16.7, 52.7]  lon [-69.9, 8.4]  |  vertices: 195
  Final group: 21 occultation(s), 195 mesh vertices
  Saved trim diagnostic → ./Figures/GroupKF/group_2024-10-10_2330__LAT+000_LON-060_trim.png
  [1/21] Building H for GN04 23:33 (588 rays) …
  -> Building H Matrix (588 rays, parallel)...
  [2/21] Building H for GN04 23:34 (448 rays) …
  -> Building H Matrix (448 rays, parallel)...
  [3/21] Building H for GN04 23:35 (405 rays) …
  -> Building H Matrix (405 rays, parallel)...
  [4/21] Building H for GN04 23:35 (301 rays) …
  -> Building H Matrix (301 rays, parallel)...
  [5/21] Building H for GN04 23:35 (429 rays) …
  -> Building H Matrix (429 rays, parallel)...
  [6/21] Building H for GN04 23:36 (134 rays) …
  -> Building H Matrix (134 rays, parallel)...
  [7/21] Building H for GN04 23:37 (223 rays) …
  -> Building H Matrix (223 rays, parallel)...
  [8/21] Building H for GN04 23:37 (418 rays) …
  -> Building H Matrix (418 rays, parallel)...
  [9/21] Building H for GN04 23:40 (789 rays) …
  -> Building H Matrix (789 rays, parallel)...
  [10/21] Building H for GN05 23:47 (487 rays) …
  -> Building H Matrix (487 rays, parallel)...
  [11/21] Building H for GN05 23:49 (267 rays) …
  -> Building H Matrix (267 rays, parallel)...
  [12/21] Building H for GN05 23:50 (259 rays) …
  -> Building H Matrix (259 rays, parallel)...
  [13/21] Building H for GN05 23:50 (359 rays) …
  -> Building H Matrix (359 rays, parallel)...
  [14/21] Building H for GN05 23:50 (521 rays) …
  -> Building H Matrix (521 rays, parallel)...
  [15/21] Building H for GN05 23:51 (394 rays) …
  -> Building H Matrix (394 rays, parallel)...
  [16/21] Building H for GN05 23:52 (402 rays) …
  -> Building H Matrix (402 rays, parallel)...
  [17/21] Building H for GN05 23:53 (362 rays) …
  -> Building H Matrix (362 rays, parallel)...
  [18/21] Building H for GN05 23:54 (384 rays) …
  -> Building H Matrix (384 rays, parallel)...
  [19/21] Building H for GN05 23:55 (378 rays) …
  -> Building H Matrix (378 rays, parallel)...
  [20/21] Building H for GN05 23:55 (248 rays) …
  -> Building H Matrix (248 rays, parallel)...
  [21/21] Building H for GN05 23:56 (341 rays) …
  -> Building H Matrix (341 rays, parallel)...
  Combined H shape : (8137, 9945)  (total rays = 8137)
  Running sequential KF assimilation …
  [step 1/21] Assimilating GN04 23:33 (588 rays) …
  [!] Error in group 2024-10-10_2330__LAT+000_LON-060: podTc2_data must be provided when distance_localization=True (needed to compute ray midpoints for the localization matrix).

[487/494]
────────────────────────────────────────────────────────────
  Group : 2024-10-10_2330__LAT+030_LON-060
  Window: 2024-10-10_2330  |  Region: LAT+030_LON-060  |  11 occultation(s)
────────────────────────────────────────────────────────────
R12 is rising
Data Flipped: C38 is setting
Data Flipped: G7 is setting
Data Flipped: C20 is setting
Data Flipped: G5 is setting
Data Flipped: E6 is setting
Data Flipped: E9 is setting
Data Flipped: R7 is setting
Data Flipped: C19 is setting
Data Flipped: C22 is setting
Data Flipped: G30 is setting
  Parsed 11/11 files successfully.
  Bounding box: lat [8.7, 82.1]  lon [-95.8, 33.6]  |  vertices: 248
  Final group: 11 occultation(s), 248 mesh vertices
  Saved trim diagnostic → ./Figures/GroupKF/group_2024-10-10_2330__LAT+030_LON-060_trim.png
  [1/11] Building H for GN04 23:32 (480 rays) …
  -> Building H Matrix (480 rays, parallel)...
  [2/11] Building H for GN04 23:36 (442 rays) …
  -> Building H Matrix (442 rays, parallel)...
  [3/11] Building H for GN04 23:38 (281 rays) …
  -> Building H Matrix (281 rays, parallel)...
  [4/11] Building H for GN04 23:38 (416 rays) …
  -> Building H Matrix (416 rays, parallel)...
  [5/11] Building H for GN04 23:38 (463 rays) …
  -> Building H Matrix (463 rays, parallel)...
  [6/11] Building H for GN04 23:39 (376 rays) …
  -> Building H Matrix (376 rays, parallel)...
  [7/11] Building H for GN04 23:42 (370 rays) …
  -> Building H Matrix (370 rays, parallel)...
  [8/11] Building H for GN04 23:42 (600 rays) …
  -> Building H Matrix (600 rays, parallel)...
  [9/11] Building H for GN04 23:43 (218 rays) …
  -> Building H Matrix (218 rays, parallel)...
  [10/11] Building H for GN04 23:44 (371 rays) …
  -> Building H Matrix (371 rays, parallel)...
  [11/11] Building H for GN04 23:45 (304 rays) …
  -> Building H Matrix (304 rays, parallel)...
  Combined H shape : (4321, 12648)  (total rays = 4321)
  Running sequential KF assimilation …
  [step 1/11] Assimilating GN04 23:32 (480 rays) …
  [!] Error in group 2024-10-10_2330__LAT+030_LON-060: podTc2_data must be provided when distance_localization=True (needed to compute ray midpoints for the localization matrix).

[488/494]
────────────────────────────────────────────────────────────
  Group : 2024-10-10_2330__LAT+030_LON-120
  Window: 2024-10-10_2330  |  Region: LAT+030_LON-120  |  1 occultation(s)
────────────────────────────────────────────────────────────
E29 is rising
  Parsed 1/1 files successfully.
  Bounding box: lat [33.1, 84.8]  lon [-116.8, -39.7]  |  vertices: 79
  Final group: 1 occultation(s), 79 mesh vertices
  Saved trim diagnostic → ./Figures/GroupKF/group_2024-10-10_2330__LAT+030_LON-120_trim.png
  [1/1] Building H for GN04 23:32 (464 rays) …
  -> Building H Matrix (464 rays, parallel)...
  Combined H shape : (464, 4029)  (total rays = 464)
  Running sequential KF assimilation …
  [step 1/1] Assimilating GN04 23:32 (464 rays) …
  [!] Error in group 2024-10-10_2330__LAT+030_LON-120: podTc2_data must be provided when distance_localization=True (needed to compute ray midpoints for the localization matrix).

[489/494]
────────────────────────────────────────────────────────────
  Group : 2024-10-10_2330__LAT-060_LON+000
  Window: 2024-10-10_2330  |  Region: LAT-060_LON+000  |  3 occultation(s)
────────────────────────────────────────────────────────────
C40 is rising
G24 is rising
Data Flipped: C25 is setting
  Parsed 3/3 files successfully.
  Bounding box: lat [-80.7, -23.2]  lon [-20.0, 40.7]  |  vertices: 82
  Final group: 3 occultation(s), 82 mesh vertices
  Saved trim diagnostic → ./Figures/GroupKF/group_2024-10-10_2330__LAT-060_LON+000_trim.png
  [1/3] Building H for GN05 23:33 (541 rays) …
  -> Building H Matrix (541 rays, parallel)...
  [2/3] Building H for GN05 23:38 (406 rays) …
  -> Building H Matrix (406 rays, parallel)...
  [3/3] Building H for GN05 23:48 (372 rays) …
  -> Building H Matrix (372 rays, parallel)...
  Combined H shape : (1319, 4182)  (total rays = 1319)
  Running sequential KF assimilation …
  [step 1/3] Assimilating GN05 23:33 (541 rays) …
  [!] Error in group 2024-10-10_2330__LAT-060_LON+000: podTc2_data must be provided when distance_localization=True (needed to compute ray midpoints for the localization matrix).

[490/494]
────────────────────────────────────────────────────────────
  Group : 2024-10-10_2330__LAT-060_LON-060
  Window: 2024-10-10_2330  |  Region: LAT-060_LON-060  |  12 occultation(s)
────────────────────────────────────────────────────────────
C30 is rising
G17 is rising
C45 is rising
E25 is rising
Data Flipped: R24 is setting
Data Flipped: G8 is setting
Data Flipped: C43 is setting
Data Flipped: G26 is setting
Data Flipped: G4 is setting
Data Flipped: E27 is setting
Data Flipped: E19 is setting
Data Flipped: G27 is setting
  Parsed 12/12 files successfully.
  Bounding box: lat [-77.6, -9.5]  lon [-67.4, 31.9]  |  vertices: 186
  Final group: 12 occultation(s), 186 mesh vertices
  Saved trim diagnostic → ./Figures/GroupKF/group_2024-10-10_2330__LAT-060_LON-060_trim.png
  [1/12] Building H for GN05 23:34 (519 rays) …
  -> Building H Matrix (519 rays, parallel)...
  [2/12] Building H for GN05 23:35 (520 rays) …
  -> Building H Matrix (520 rays, parallel)...
  [3/12] Building H for GN05 23:36 (376 rays) …
  -> Building H Matrix (376 rays, parallel)...
  [4/12] Building H for GN05 23:38 (394 rays) …
  -> Building H Matrix (394 rays, parallel)...
  [5/12] Building H for GN05 23:49 (470 rays) …
  -> Building H Matrix (470 rays, parallel)...
  [6/12] Building H for GN05 23:50 (666 rays) …
  -> Building H Matrix (666 rays, parallel)...
  [7/12] Building H for GN05 23:51 (442 rays) …
  -> Building H Matrix (442 rays, parallel)...
  [8/12] Building H for GN05 23:52 (396 rays) …
  -> Building H Matrix (396 rays, parallel)...
  [9/12] Building H for GN05 23:52 (722 rays) …
  -> Building H Matrix (722 rays, parallel)...
  [10/12] Building H for GN05 23:53 (411 rays) …
  -> Building H Matrix (411 rays, parallel)...
  [11/12] Building H for GN05 23:54 (664 rays) …
  -> Building H Matrix (664 rays, parallel)...
  [12/12] Building H for GN05 23:54 (445 rays) …
  -> Building H Matrix (445 rays, parallel)...
  Combined H shape : (6025, 9486)  (total rays = 6025)
  Running sequential KF assimilation …
  [step 1/12] Assimilating GN05 23:34 (519 rays) …
  [!] Error in group 2024-10-10_2330__LAT-060_LON-060: podTc2_data must be provided when distance_localization=True (needed to compute ray midpoints for the localization matrix).

[491/494]
────────────────────────────────────────────────────────────
  Group : 2024-10-10_2330__LAT-030_LON+000
  Window: 2024-10-10_2330  |  Region: LAT-030_LON+000  |  1 occultation(s)
────────────────────────────────────────────────────────────
E3 is rising
  Parsed 1/1 files successfully.
  Bounding box: lat [-56.9, -12.3]  lon [-22.8, 32.4]  |  vertices: 78
  Final group: 1 occultation(s), 78 mesh vertices
  Saved trim diagnostic → ./Figures/GroupKF/group_2024-10-10_2330__LAT-030_LON+000_trim.png
  [1/1] Building H for GN05 23:42 (686 rays) …
  -> Building H Matrix (686 rays, parallel)...
  Combined H shape : (686, 3978)  (total rays = 686)
  Running sequential KF assimilation …
  [step 1/1] Assimilating GN05 23:42 (686 rays) …
  [!] Error in group 2024-10-10_2330__LAT-030_LON+000: podTc2_data must be provided when distance_localization=True (needed to compute ray midpoints for the localization matrix).

[492/494]
────────────────────────────────────────────────────────────
  Group : 2024-10-10_2330__LAT+030_LON+120
  Window: 2024-10-10_2330  |  Region: LAT+030_LON+120  |  9 occultation(s)
────────────────────────────────────────────────────────────
G27 is rising
E15 is rising
E27 is rising
C23 is rising
C34 is rising
E21 is rising
R14 is rising
Data Flipped: G14 is setting
Data Flipped: C36 is setting
  Parsed 9/9 files successfully.
  Bounding box: lat [7.7, 83.7]  lon [80.1, -63.3]  |  vertices: 426
  [trim] n_geo=426 > MAX_MESH_VERTICES=300 — dropping GN04 23:55 (113.7° from centroid)
  Bounding box: lat [7.7, 83.7]  lon [80.1, -142.5]  |  vertices: 271
  Final group: 8 occultation(s), 271 mesh vertices
  Saved trim diagnostic → ./Figures/GroupKF/group_2024-10-10_2330__LAT+030_LON+120_trim.png
  [1/8] Building H for GN04 23:42 (425 rays) …
  -> Building H Matrix (425 rays, parallel)...
  [2/8] Building H for GN04 23:44 (544 rays) …
  -> Building H Matrix (544 rays, parallel)...
  [3/8] Building H for GN04 23:44 (452 rays) …
  -> Building H Matrix (452 rays, parallel)...
  [4/8] Building H for GN04 23:46 (364 rays) …
  -> Building H Matrix (364 rays, parallel)...
  [5/8] Building H for GN04 23:47 (501 rays) …
  -> Building H Matrix (501 rays, parallel)...
  [6/8] Building H for GN04 23:48 (380 rays) …
  -> Building H Matrix (380 rays, parallel)...
  [7/8] Building H for GN04 23:49 (362 rays) …
  -> Building H Matrix (362 rays, parallel)...
  [8/8] Building H for GN04 23:59 (387 rays) …
  -> Building H Matrix (387 rays, parallel)...
  Combined H shape : (3415, 13821)  (total rays = 3415)
  Running sequential KF assimilation …
  [step 1/8] Assimilating GN04 23:42 (425 rays) …
  [!] Error in group 2024-10-10_2330__LAT+030_LON+120: podTc2_data must be provided when distance_localization=True (needed to compute ray midpoints for the localization matrix).

[493/494]
────────────────────────────────────────────────────────────
  Group : 2024-10-10_2330__LAT+030_LON-180
  Window: 2024-10-10_2330  |  Region: LAT+030_LON-180  |  3 occultation(s)
────────────────────────────────────────────────────────────
G4 is rising
E19 is rising
R4 is rising
  Parsed 3/3 files successfully.
  Bounding box: lat [29.1, 83.3]  lon [149.9, -108.5]  |  vertices: 118
  Final group: 3 occultation(s), 118 mesh vertices
  Saved trim diagnostic → ./Figures/GroupKF/group_2024-10-10_2330__LAT+030_LON-180_trim.png
  [1/3] Building H for GN04 23:45 (570 rays) …
  -> Building H Matrix (570 rays, parallel)...
  [2/3] Building H for GN04 23:48 (558 rays) …
  -> Building H Matrix (558 rays, parallel)...
  [3/3] Building H for GN04 23:57 (731 rays) …
  -> Building H Matrix (731 rays, parallel)...
  Combined H shape : (1859, 6018)  (total rays = 1859)
  Running sequential KF assimilation …
  [step 1/3] Assimilating GN04 23:45 (570 rays) …
  [!] Error in group 2024-10-10_2330__LAT+030_LON-180: podTc2_data must be provided when distance_localization=True (needed to compute ray midpoints for the localization matrix).

[494/494]
────────────────────────────────────────────────────────────
  Group : 2024-10-10_2330__LAT+000_LON+120
  Window: 2024-10-10_2330  |  Region: LAT+000_LON+120  |  7 occultation(s)
────────────────────────────────────────────────────────────
G18 is rising
G9 is rising
C37 is rising
R15 is rising
G7 is rising
R5 is rising
E4 is rising
  Parsed 7/7 files successfully.
  Bounding box: lat [-17.7, 49.7]  lon [111.3, -162.6]  |  vertices: 210
  Final group: 7 occultation(s), 210 mesh vertices
  Saved trim diagnostic → ./Figures/GroupKF/group_2024-10-10_2330__LAT+000_LON+120_trim.png
  [1/7] Building H for GN04 23:52 (647 rays) …
  -> Building H Matrix (647 rays, parallel)...
  [2/7] Building H for GN04 23:55 (565 rays) …
  -> Building H Matrix (565 rays, parallel)...
  [3/7] Building H for GN04 23:57 (400 rays) …
  -> Building H Matrix (400 rays, parallel)...
  [4/7] Building H for GN04 23:58 (386 rays) …
  -> Building H Matrix (386 rays, parallel)...
  [5/7] Building H for GN04 23:59 (388 rays) …
  -> Building H Matrix (388 rays, parallel)...
  [6/7] Building H for GN04 23:59 (583 rays) …
  -> Building H Matrix (583 rays, parallel)...
  [7/7] Building H for GN04 23:59 (451 rays) …
  -> Building H Matrix (451 rays, parallel)...
  Combined H shape : (3420, 10710)  (total rays = 3420)
  Running sequential KF assimilation …
  [step 1/7] Assimilating GN04 23:52 (647 rays) …
  [!] Error in group 2024-10-10_2330__LAT+000_LON+120: podTc2_data must be provided when distance_localization=True (needed to compute ray midpoints for the localization matrix).

=================================================================
  Batch complete.  Compiling statistics …
=================================================================
Stats CSV saved → GroupKF_Stats_2024_284.csv

Successfully processed 0 / 494 groups.

Generating summary figures …

Globe plot saved → ./Figures/GroupKF/globe_all_groups.png
  No successful groups to plot.

All figures written.  Done.
