/home/austinhunter/IonosphereTomography
=================================================================
  demo_group.py — Grouped Occultation KF Processing
=================================================================
  Scanning 3547 files for metadata …
  Found 3547 valid files across 494 geographic groups (48 30-min windows).

Batch date     : 2024-10-10
Time bins      : 30-minute windows
Lat bin size   : 30.0°  |  Lon bin size: 60.0°
Polar cap lat  : ±60.0°

Building global EDP cache for 2024-10-10 …
 -> IRI center inputs for 2024-10-10: F10.7=215.6, Ap=97, IG12=129.0, Rz12=160.9
 -> Building 24 hourly global grids with 12 workers ...
EDPS: (54, 1650, 50), N_geo: 1650
EDPS: (54, 1650, 50), N_geo: 1650
EDPS: (54, 1650, 50), N_geo: 1650
    [Hour 05] done (1/24)
    [Hour 02] done (2/24)
    [Hour 06] done (3/24)
EDPS: (54, 1650, 50), N_geo: 1650
    [Hour 11] done (4/24)
EDPS: (54, 1650, 50), N_geo: 1650EDPS: (54, 1650, 50), N_geo: 1650EDPS: (54, 1650, 50), N_geo: 1650EDPS: (54, 1650, 50), N_geo: 1650



EDPS: (54, 1650, 50), N_geo: 1650EDPS: (54, 1650, 50), N_geo: 1650

EDPS: (54, 1650, 50), N_geo: 1650EDPS: (54, 1650, 50), N_geo: 1650

    [Hour 03] done (5/24)
    [Hour 10] done (6/24)
    [Hour 09] done (7/24)
    [Hour 07] done (8/24)
    [Hour 08] done (9/24)
    [Hour 01] done (10/24)
    [Hour 04] done (11/24)
    [Hour 00] done (12/24)
EDPS: (54, 1650, 50), N_geo: 1650
EDPS: (54, 1650, 50), N_geo: 1650
    [Hour 12] done (13/24)
    [Hour 13] done (14/24)
EDPS: (54, 1650, 50), N_geo: 1650
EDPS: (54, 1650, 50), N_geo: 1650
    [Hour 15] done (15/24)
    [Hour 14] done (16/24)
EDPS: (54, 1650, 50), N_geo: 1650
EDPS: (54, 1650, 50), N_geo: 1650
    [Hour 16] done (17/24)
EDPS: (54, 1650, 50), N_geo: 1650
    [Hour 17] done (18/24)
    [Hour 18] done (19/24)
EDPS: (54, 1650, 50), N_geo: 1650
EDPS: (54, 1650, 50), N_geo: 1650
    [Hour 20] done (20/24)
EDPS: (54, 1650, 50), N_geo: 1650
    [Hour 19] done (21/24)
    [Hour 21] done (22/24)
EDPS: (54, 1650, 50), N_geo: 1650
EDPS: (54, 1650, 50), N_geo: 1650
    [Hour 23] done (23/24)
    [Hour 22] done (24/24)
EDPS: (54, 1650, 50), N_geo: 1650
EDPS: (54, 1650, 50), N_geo: 1650
EDPS: (54, 1650, 50), N_geo: 1650
EDPS: (54, 1650, 50), N_geo: 1650
EDPS: (54, 1650, 50), N_geo: 1650
EDPS: (54, 1650, 50), N_geo: 1650
EDPS: (54, 1650, 50), N_geo: 1650
EDPS: (54, 1650, 50), N_geo: 1650
EDPS: (54, 1650, 50), N_geo: 1650
EDPS: (54, 1650, 50), N_geo: 1650
EDPS: (54, 1650, 50), N_geo: 1650
EDPS: (54, 1650, 50), N_geo: 1650
EDPS: (54, 1650, 50), N_geo: 1650
EDPS: (54, 1650, 50), N_geo: 1650
EDPS: (54, 1650, 50), N_geo: 1650
EDPS: (54, 1650, 50), N_geo: 1650
EDPS: (54, 1650, 50), N_geo: 1650
EDPS: (54, 1650, 50), N_geo: 1650
EDPS: (54, 1650, 50), N_geo: 1650
EDPS: (54, 1650, 50), N_geo: 1650
EDPS: (54, 1650, 50), N_geo: 1650
EDPS: (54, 1650, 50), N_geo: 1650
EDPS: (54, 1650, 50), N_geo: 1650
EDPS: (54, 1650, 50), N_geo: 1650
 -> All 24 hourly global EDP grids loaded.
Global EDP cache ready.

Processing 494 groups …

[1/494]
────────────────────────────────────────────────────────────
  Group : 2024-10-10_0030__POLAR_S
  Window: 2024-10-10_0030  |  Region: POLAR_S  |  26 occultation(s)
────────────────────────────────────────────────────────────
Data Flipped: E4 is setting
C26 is rising
R9 is rising
Data Flipped: C30 is setting
Data Flipped: E6 is setting
Data Flipped: E10 is setting
Data Flipped: G31 is setting
Data Flipped: C20 is setting
Data Flipped: R3 is setting
Data Flipped: E9 is setting
Data Flipped: C23 is setting
Data Flipped: G4 is setting
Data Flipped: E12 is setting
Data Flipped: R12 is setting
Data Flipped: R24 is setting
C34 is rising
E15 is rising
R16 is rising
G11 is rising
C39 is rising
R20 is rising
E2 is rising
C44 is rising
G29 is rising
G24 is rising
R9 is rising
  Parsed 26/26 files successfully.
  Bounding box: lat [-90.0, -65.0]  lon [-180.0, 180.0]  |  vertices: 77
  Final group: 26 occultation(s), 77 mesh vertices
  [warn] Trim diagnostic plot failed: cannot access local variable 'cfg' where it is not associated with a value
  [1/26] Building H for GN04 00:31 (379 rays) …
  -> Building H Matrix (379 rays, parallel)...
  [2/26] Building H for GN04 00:32 (373 rays) …
  -> Building H Matrix (373 rays, parallel)...
  [3/26] Building H for GN04 00:33 (379 rays) …
  -> Building H Matrix (379 rays, parallel)...
  [4/26] Building H for GN04 00:34 (629 rays) …
  -> Building H Matrix (629 rays, parallel)...
  [5/26] Building H for GN04 00:34 (418 rays) …
  -> Building H Matrix (418 rays, parallel)...
  [6/26] Building H for GN04 00:36 (437 rays) …
  -> Building H Matrix (437 rays, parallel)...
  [7/26] Building H for GN04 00:37 (366 rays) …
  -> Building H Matrix (366 rays, parallel)...
  [8/26] Building H for GN04 00:38 (369 rays) …
  -> Building H Matrix (369 rays, parallel)...
  [9/26] Building H for GN04 00:38 (560 rays) …
  -> Building H Matrix (560 rays, parallel)...
  [10/26] Building H for GN04 00:39 (479 rays) …
  -> Building H Matrix (479 rays, parallel)...
  [11/26] Building H for GN04 00:39 (435 rays) …
  -> Building H Matrix (435 rays, parallel)...
  [12/26] Building H for GN04 00:40 (493 rays) …
  -> Building H Matrix (493 rays, parallel)...
  [13/26] Building H for GN04 00:41 (439 rays) …
  -> Building H Matrix (439 rays, parallel)...
  [14/26] Building H for GN04 00:43 (464 rays) …
  -> Building H Matrix (464 rays, parallel)...
  [15/26] Building H for GN04 00:43 (461 rays) …
  -> Building H Matrix (461 rays, parallel)...
  [16/26] Building H for GN05 00:43 (731 rays) …
  -> Building H Matrix (731 rays, parallel)...
  [17/26] Building H for GN05 00:49 (456 rays) …
  -> Building H Matrix (456 rays, parallel)...
  [18/26] Building H for GN05 00:50 (434 rays) …
  -> Building H Matrix (434 rays, parallel)...
  [19/26] Building H for GN05 00:51 (481 rays) …
  -> Building H Matrix (481 rays, parallel)...
  [20/26] Building H for GN05 00:53 (398 rays) …
  -> Building H Matrix (398 rays, parallel)...
  [21/26] Building H for GN05 00:53 (471 rays) …
  -> Building H Matrix (471 rays, parallel)...
  [22/26] Building H for GN05 00:53 (657 rays) …
  -> Building H Matrix (657 rays, parallel)...
  [23/26] Building H for GN05 00:55 (449 rays) …
  -> Building H Matrix (449 rays, parallel)...
  [24/26] Building H for GN05 00:55 (851 rays) …
  -> Building H Matrix (851 rays, parallel)...
  [25/26] Building H for GN05 00:56 (382 rays) …
  -> Building H Matrix (382 rays, parallel)...
  [26/26] Building H for GN05 00:59 (385 rays) …
  -> Building H Matrix (385 rays, parallel)...
  Combined H shape : (12376, 4235)  (total rays = 12376)
  Running sequential KF assimilation …
  [step 1/26] Assimilating GN04 00:31 (379 rays) …
  [step 2/26] Assimilating GN04 00:32 (373 rays) …
  [step 3/26] Assimilating GN04 00:33 (379 rays) …
  [step 4/26] Assimilating GN04 00:34 (629 rays) …
  [step 5/26] Assimilating GN04 00:34 (418 rays) …
  [step 6/26] Assimilating GN04 00:36 (437 rays) …
  [step 7/26] Assimilating GN04 00:37 (366 rays) …
  [step 8/26] Assimilating GN04 00:38 (369 rays) …
  [step 9/26] Assimilating GN04 00:38 (560 rays) …
  [step 10/26] Assimilating GN04 00:39 (479 rays) …
  [step 11/26] Assimilating GN04 00:39 (435 rays) …
  [step 12/26] Assimilating GN04 00:40 (493 rays) …
  [step 13/26] Assimilating GN04 00:41 (439 rays) …
  [step 14/26] Assimilating GN04 00:43 (464 rays) …
  [step 15/26] Assimilating GN04 00:43 (461 rays) …
  [step 16/26] Assimilating GN05 00:43 (731 rays) …
  [step 17/26] Assimilating GN05 00:49 (456 rays) …
  [step 18/26] Assimilating GN05 00:50 (434 rays) …
  [step 19/26] Assimilating GN05 00:51 (481 rays) …
  [step 20/26] Assimilating GN05 00:53 (398 rays) …
  [step 21/26] Assimilating GN05 00:53 (471 rays) …
  [step 22/26] Assimilating GN05 00:53 (657 rays) …
  [step 23/26] Assimilating GN05 00:55 (449 rays) …
  [step 24/26] Assimilating GN05 00:55 (851 rays) …
  [step 25/26] Assimilating GN05 00:56 (382 rays) …
  [step 26/26] Assimilating GN05 00:59 (385 rays) …
  Running joint (batch) KF assimilation …
  Prior RMSE        : 43.506 TECU
  Post  RMSE (seq)  : 39.324 TECU
  Post  RMSE (joint): 19.231 TECU
  -> Running Lei-Abel inversion...
    [Abel] GN04 00:31: NmF2=4.91e+11 m⁻³  hmF2=382.4 km
  -> Running Lei-Abel inversion...
    [Abel] GN04 00:32: NmF2=2.48e+11 m⁻³  hmF2=400.2 km
  -> Running Lei-Abel inversion...
    [Abel] GN04 00:33: NmF2=3.61e+11 m⁻³  hmF2=405.1 km
  -> Running Lei-Abel inversion...
    [Abel] GN04 00:34: NmF2=7.39e+11 m⁻³  hmF2=355.5 km
  -> Running Lei-Abel inversion...
    [Abel] GN04 00:34: NmF2=6.67e+11 m⁻³  hmF2=332.1 km
  -> Running Lei-Abel inversion...
    [Abel] GN04 00:36: NmF2=4.35e+11 m⁻³  hmF2=337.6 km
  -> Running Lei-Abel inversion...
    [Abel] GN04 00:37: NmF2=3.29e+11 m⁻³  hmF2=357.2 km
  -> Running Lei-Abel inversion...
    [Abel] GN04 00:38: NmF2=1.02e+12 m⁻³  hmF2=507.6 km
  -> Running Lei-Abel inversion...
    [Abel] GN04 00:38: NmF2=1.48e+12 m⁻³  hmF2=294.4 km
  -> Running Lei-Abel inversion...
    [Abel] GN04 00:39: NmF2=8.13e+11 m⁻³  hmF2=288.0 km
  -> Running Lei-Abel inversion...
    [Abel] GN04 00:39: NmF2=2.67e+11 m⁻³  hmF2=396.2 km
  -> Running Lei-Abel inversion...
    [Abel] GN04 00:40: NmF2=6.72e+11 m⁻³  hmF2=370.3 km
  -> Running Lei-Abel inversion...
    [Abel] GN04 00:41: NmF2=2.35e+11 m⁻³  hmF2=411.4 km
  -> Running Lei-Abel inversion...
    [Abel] GN04 00:43: NmF2=1.97e+11 m⁻³  hmF2=508.6 km
  -> Running Lei-Abel inversion...
    [Abel] GN04 00:43: NmF2=2.57e+11 m⁻³  hmF2=426.1 km
  -> Running Lei-Abel inversion...
    [Abel] GN05 00:43: NmF2=3.79e+11 m⁻³  hmF2=394.5 km
  -> Running Lei-Abel inversion...
    [Abel] GN05 00:49: NmF2=5.43e+11 m⁻³  hmF2=342.7 km
  -> Running Lei-Abel inversion...
    [Abel] GN05 00:50: NmF2=5.59e+11 m⁻³  hmF2=361.7 km
  -> Running Lei-Abel inversion...
    [Abel] GN05 00:51: NmF2=4.45e+11 m⁻³  hmF2=348.1 km
  -> Running Lei-Abel inversion...
    [Abel] GN05 00:53: NmF2=3.53e+11 m⁻³  hmF2=334.9 km
  -> Running Lei-Abel inversion...
    [Abel] GN05 00:53: NmF2=2.54e+11 m⁻³  hmF2=378.1 km
  -> Running Lei-Abel inversion...
    [Abel] GN05 00:53: NmF2=7.72e+11 m⁻³  hmF2=304.4 km
  -> Running Lei-Abel inversion...
    [Abel] GN05 00:55: NmF2=2.03e+11 m⁻³  hmF2=414.1 km
  -> Running Lei-Abel inversion...
    [Abel] GN05 00:55: NmF2=3.55e+11 m⁻³  hmF2=423.0 km
  -> Running Lei-Abel inversion...
    [Abel] GN05 00:56: NmF2=3.54e+11 m⁻³  hmF2=330.6 km
  -> Running Lei-Abel inversion...
    [Abel] GN05 00:59: NmF2=2.80e+11 m⁻³  hmF2=417.8 km
/home/austinhunter/IonosphereTomography/demo_group.py:1169: MatplotlibDeprecationWarning: The get_cmap function was deprecated in Matplotlib 3.7 and will be removed in 3.11. Use ``matplotlib.colormaps[name]`` or ``matplotlib.colormaps.get_cmap()`` or ``pyplot.get_cmap()`` instead.
  cmap      = mpl.colormaps.get_cmap(cmap_name)
/home/austinhunter/IonosphereTomography/demo_group.py:1435: UserWarning: This figure includes Axes that are not compatible with tight_layout, so results might be incorrect.
  plt.tight_layout()
  Saved group plot (Sequential KF) → ./Figures/GroupKF/group_2024-10-10_0030__POLAR_S_seq.png
/home/austinhunter/IonosphereTomography/demo_group.py:1169: MatplotlibDeprecationWarning: The get_cmap function was deprecated in Matplotlib 3.7 and will be removed in 3.11. Use ``matplotlib.colormaps[name]`` or ``matplotlib.colormaps.get_cmap()`` or ``pyplot.get_cmap()`` instead.
  cmap      = mpl.colormaps.get_cmap(cmap_name)
/home/austinhunter/IonosphereTomography/demo_group.py:1435: UserWarning: This figure includes Axes that are not compatible with tight_layout, so results might be incorrect.
  plt.tight_layout()
  Saved group plot (Joint KF) → ./Figures/GroupKF/group_2024-10-10_0030__POLAR_S_joint.png
/home/austinhunter/IonosphereTomography/demo_group.py:953: MatplotlibDeprecationWarning: The get_cmap function was deprecated in Matplotlib 3.7 and will be removed in 3.11. Use ``matplotlib.colormaps[name]`` or ``matplotlib.colormaps.get_cmap()`` or ``pyplot.get_cmap()`` instead.
  step_cmap    = mpl.colormaps.get_cmap("viridis", max(n_occs, 2))
  Saved sequential plot → ./Figures/GroupKF/group_2024-10-10_0030__POLAR_S_sequential.png

[2/494]
────────────────────────────────────────────────────────────
  Group : 2024-10-10_0030__LAT+030_LON+120
  Window: 2024-10-10_0030  |  Region: LAT+030_LON+120  |  6 occultation(s)
────────────────────────────────────────────────────────────
Data Flipped: E34 is setting
Data Flipped: G24 is setting
Data Flipped: G6 is setting
Data Flipped: C35 is setting
No valid descending tangent points found. Skipping.
    [skip] podTc2_GN05.2024.284.00.39.0022.C26.00_0000.0001_nc — parse returned None
Data Flipped: C40 is setting
  Parsed 5/6 files successfully.
  Bounding box: lat [9.4, 80.9]  lon [124.2, 180.0]  |  vertices: 105
  Final group: 5 occultation(s), 105 mesh vertices
  [warn] Trim diagnostic plot failed: cannot access local variable 'cfg' where it is not associated with a value
  [1/5] Building H for GN05 00:31 (494 rays) …
  -> Building H Matrix (494 rays, parallel)...
  [2/5] Building H for GN05 00:33 (381 rays) …
  -> Building H Matrix (381 rays, parallel)...
  [3/5] Building H for GN05 00:34 (408 rays) …
  -> Building H Matrix (408 rays, parallel)...
  [4/5] Building H for GN05 00:39 (134 rays) …
  -> Building H Matrix (134 rays, parallel)...
  [5/5] Building H for GN05 00:39 (125 rays) …
  -> Building H Matrix (125 rays, parallel)...
  Combined H shape : (1542, 5775)  (total rays = 1542)
  Running sequential KF assimilation …
  [step 1/5] Assimilating GN05 00:31 (494 rays) …
  [step 2/5] Assimilating GN05 00:33 (381 rays) …
  [step 3/5] Assimilating GN05 00:34 (408 rays) …
  [step 4/5] Assimilating GN05 00:39 (134 rays) …
  [step 5/5] Assimilating GN05 00:39 (125 rays) …
  Running joint (batch) KF assimilation …
  Prior RMSE        : 229.351 TECU
  Post  RMSE (seq)  : 48.862 TECU
  Post  RMSE (joint): 45.612 TECU
  -> Running Lei-Abel inversion...
    [Abel] GN05 00:31: NmF2=2.13e+12 m⁻³  hmF2=297.2 km
  -> Running Lei-Abel inversion...
    [Abel] GN05 00:33: NmF2=2.08e+12 m⁻³  hmF2=284.5 km
  -> Running Lei-Abel inversion...
    [Abel] GN05 00:34: NmF2=2.28e+12 m⁻³  hmF2=301.8 km
  -> Running Lei-Abel inversion...
    [Abel] GN05 00:39: NmF2=3.79e+11 m⁻³  hmF2=532.3 km
  -> Running Lei-Abel inversion...
    [Abel] GN05 00:39: NmF2=2.21e+11 m⁻³  hmF2=547.8 km
/home/austinhunter/IonosphereTomography/demo_group.py:1169: MatplotlibDeprecationWarning: The get_cmap function was deprecated in Matplotlib 3.7 and will be removed in 3.11. Use ``matplotlib.colormaps[name]`` or ``matplotlib.colormaps.get_cmap()`` or ``pyplot.get_cmap()`` instead.
  cmap      = mpl.colormaps.get_cmap(cmap_name)
/home/austinhunter/IonosphereTomography/demo_group.py:1435: UserWarning: This figure includes Axes that are not compatible with tight_layout, so results might be incorrect.
  plt.tight_layout()
  Saved group plot (Sequential KF) → ./Figures/GroupKF/group_2024-10-10_0030__LAT+030_LON+120_seq.png
/home/austinhunter/IonosphereTomography/demo_group.py:1169: MatplotlibDeprecationWarning: The get_cmap function was deprecated in Matplotlib 3.7 and will be removed in 3.11. Use ``matplotlib.colormaps[name]`` or ``matplotlib.colormaps.get_cmap()`` or ``pyplot.get_cmap()`` instead.
  cmap      = mpl.colormaps.get_cmap(cmap_name)
/home/austinhunter/IonosphereTomography/demo_group.py:1435: UserWarning: This figure includes Axes that are not compatible with tight_layout, so results might be incorrect.
  plt.tight_layout()
  Saved group plot (Joint KF) → ./Figures/GroupKF/group_2024-10-10_0030__LAT+030_LON+120_joint.png
/home/austinhunter/IonosphereTomography/demo_group.py:953: MatplotlibDeprecationWarning: The get_cmap function was deprecated in Matplotlib 3.7 and will be removed in 3.11. Use ``matplotlib.colormaps[name]`` or ``matplotlib.colormaps.get_cmap()`` or ``pyplot.get_cmap()`` instead.
  step_cmap    = mpl.colormaps.get_cmap("viridis", max(n_occs, 2))
  Saved sequential plot → ./Figures/GroupKF/group_2024-10-10_0030__LAT+030_LON+120_sequential.png

[3/494]
────────────────────────────────────────────────────────────
  Group : 2024-10-10_0030__LAT-060_LON-060
  Window: 2024-10-10_0030  |  Region: LAT-060_LON-060  |  14 occultation(s)
────────────────────────────────────────────────────────────
C35 is rising
C40 is rising
R19 is rising
E30 is rising
G12 is rising
E27 is rising
C24 is rising
E29 is rising
Data Flipped: C27 is setting
Data Flipped: C37 is setting
Data Flipped: G9 is setting
Data Flipped: E33 is setting
Data Flipped: G8 is setting
Data Flipped: E31 is setting
  Parsed 14/14 files successfully.
  Bounding box: lat [-90.0, 1.8]  lon [-110.5, 33.9]  |  vertices: 341
  [trim] n_geo=341 > MAX_MESH_VERTICES=200 — dropping GN04 00:32 (24.1° from centroid)
  Bounding box: lat [-90.0, 1.8]  lon [-95.9, 33.9]  |  vertices: 307
  [trim] n_geo=307 > MAX_MESH_VERTICES=200 — dropping GN04 00:32 (21.3° from centroid)
  Bounding box: lat [-90.0, 1.8]  lon [-95.9, 33.9]  |  vertices: 307
  [trim] n_geo=307 > MAX_MESH_VERTICES=200 — dropping GN04 00:46 (20.0° from centroid)
  Bounding box: lat [-82.6, 1.8]  lon [-95.9, 27.7]  |  vertices: 290
  [trim] n_geo=290 > MAX_MESH_VERTICES=200 — dropping GN04 00:32 (18.0° from centroid)
  Bounding box: lat [-82.6, 1.8]  lon [-95.9, 27.7]  |  vertices: 290
  [trim] n_geo=290 > MAX_MESH_VERTICES=200 — dropping GN04 00:50 (17.1° from centroid)
  Bounding box: lat [-82.6, 1.8]  lon [-63.5, 27.7]  |  vertices: 214
  [trim] n_geo=214 > MAX_MESH_VERTICES=200 — dropping GN04 00:32 (14.7° from centroid)
  Bounding box: lat [-82.6, 1.8]  lon [-63.5, 22.6]  |  vertices: 202
  [trim] n_geo=202 > MAX_MESH_VERTICES=200 — dropping GN04 00:53 (11.5° from centroid)
  Bounding box: lat [-82.6, 1.8]  lon [-55.3, 22.6]  |  vertices: 183
  Final group: 7 occultation(s), 183 mesh vertices
  [warn] Trim diagnostic plot failed: cannot access local variable 'cfg' where it is not associated with a value
  [1/7] Building H for GN04 00:36 (383 rays) …
  -> Building H Matrix (383 rays, parallel)...
  [2/7] Building H for GN04 00:37 (389 rays) …
  -> Building H Matrix (389 rays, parallel)...
  [3/7] Building H for GN04 00:37 (374 rays) …
  -> Building H Matrix (374 rays, parallel)...
  [4/7] Building H for GN04 00:38 (556 rays) …
  -> Building H Matrix (556 rays, parallel)...
  [5/7] Building H for GN04 00:49 (373 rays) …
  -> Building H Matrix (373 rays, parallel)...
  [6/7] Building H for GN04 00:53 (579 rays) …
  -> Building H Matrix (579 rays, parallel)...
  [7/7] Building H for GN04 00:53 (424 rays) …
  -> Building H Matrix (424 rays, parallel)...
  Combined H shape : (3078, 10065)  (total rays = 3078)
  Running sequential KF assimilation …
  [step 1/7] Assimilating GN04 00:36 (383 rays) …
  [step 2/7] Assimilating GN04 00:37 (389 rays) …
  [step 3/7] Assimilating GN04 00:37 (374 rays) …
  [step 4/7] Assimilating GN04 00:38 (556 rays) …
  [step 5/7] Assimilating GN04 00:49 (373 rays) …
  [step 6/7] Assimilating GN04 00:53 (579 rays) …
  [step 7/7] Assimilating GN04 00:53 (424 rays) …
  Running joint (batch) KF assimilation …
  Prior RMSE        : 100.881 TECU
  Post  RMSE (seq)  : 52.048 TECU
  Post  RMSE (joint): 11.949 TECU
  -> Running Lei-Abel inversion...
    [Abel] GN04 00:36: NmF2=4.69e+11 m⁻³  hmF2=330.0 km
  -> Running Lei-Abel inversion...
    [Abel] GN04 00:37: NmF2=6.28e+11 m⁻³  hmF2=302.2 km
  -> Running Lei-Abel inversion...
    [Abel] GN04 00:37: NmF2=5.05e+11 m⁻³  hmF2=325.1 km
  -> Running Lei-Abel inversion...
    [Abel] GN04 00:38: NmF2=3.40e+11 m⁻³  hmF2=351.2 km
  -> Running Lei-Abel inversion...
    [Abel] GN04 00:49: NmF2=4.11e+11 m⁻³  hmF2=341.0 km
  -> Running Lei-Abel inversion...
    [Abel] GN04 00:53: NmF2=5.60e+11 m⁻³  hmF2=325.8 km
  -> Running Lei-Abel inversion...
    [Abel] GN04 00:53: NmF2=7.60e+11 m⁻³  hmF2=312.5 km
/home/austinhunter/IonosphereTomography/demo_group.py:1169: MatplotlibDeprecationWarning: The get_cmap function was deprecated in Matplotlib 3.7 and will be removed in 3.11. Use ``matplotlib.colormaps[name]`` or ``matplotlib.colormaps.get_cmap()`` or ``pyplot.get_cmap()`` instead.
  cmap      = mpl.colormaps.get_cmap(cmap_name)
/home/austinhunter/IonosphereTomography/demo_group.py:1435: UserWarning: This figure includes Axes that are not compatible with tight_layout, so results might be incorrect.
  plt.tight_layout()
  Saved group plot (Sequential KF) → ./Figures/GroupKF/group_2024-10-10_0030__LAT-060_LON-060_seq.png
/home/austinhunter/IonosphereTomography/demo_group.py:1169: MatplotlibDeprecationWarning: The get_cmap function was deprecated in Matplotlib 3.7 and will be removed in 3.11. Use ``matplotlib.colormaps[name]`` or ``matplotlib.colormaps.get_cmap()`` or ``pyplot.get_cmap()`` instead.
  cmap      = mpl.colormaps.get_cmap(cmap_name)
/home/austinhunter/IonosphereTomography/demo_group.py:1435: UserWarning: This figure includes Axes that are not compatible with tight_layout, so results might be incorrect.
  plt.tight_layout()
  Saved group plot (Joint KF) → ./Figures/GroupKF/group_2024-10-10_0030__LAT-060_LON-060_joint.png
/home/austinhunter/IonosphereTomography/demo_group.py:953: MatplotlibDeprecationWarning: The get_cmap function was deprecated in Matplotlib 3.7 and will be removed in 3.11. Use ``matplotlib.colormaps[name]`` or ``matplotlib.colormaps.get_cmap()`` or ``pyplot.get_cmap()`` instead.
  step_cmap    = mpl.colormaps.get_cmap("viridis", max(n_occs, 2))
  Saved sequential plot → ./Figures/GroupKF/group_2024-10-10_0030__LAT-060_LON-060_sequential.png

[4/494]
────────────────────────────────────────────────────────────
  Group : 2024-10-10_0030__LAT+000_LON-060
  Window: 2024-10-10_0030  |  Region: LAT+000_LON-060  |  11 occultation(s)
────────────────────────────────────────────────────────────
Data Flipped: G10 is setting
R18 is rising
C29 is rising
E36 is rising
R1 is rising
C41 is rising
G3 is rising
R2 is rising
G28 is rising
C32 is rising
E4 is rising
  Parsed 11/11 files successfully.
    [skip] GN04 00:51 — only 48 valid rays
    [skip] GN04 00:53 — only 37 valid rays
  Bounding box: lat [-73.5, 47.4]  lon [55.6, -17.7]  |  vertices: 1113
  [trim] n_geo=1113 > MAX_MESH_VERTICES=200 — dropping GN04 00:33 (109.2° from centroid)
  Bounding box: lat [-22.1, 47.4]  lon [-76.7, -21.9]  |  vertices: 140
  Final group: 8 occultation(s), 140 mesh vertices
  [warn] Trim diagnostic plot failed: cannot access local variable 'cfg' where it is not associated with a value
  [1/8] Building H for GN04 00:44 (271 rays) …
  -> Building H Matrix (271 rays, parallel)...
  [2/8] Building H for GN04 00:46 (300 rays) …
  -> Building H Matrix (300 rays, parallel)...
  [3/8] Building H for GN04 00:46 (210 rays) …
  -> Building H Matrix (210 rays, parallel)...
  [4/8] Building H for GN04 00:48 (258 rays) …
  -> Building H Matrix (258 rays, parallel)...
  [5/8] Building H for GN04 00:51 (143 rays) …
  -> Building H Matrix (143 rays, parallel)...
  [6/8] Building H for GN04 00:52 (113 rays) …
  -> Building H Matrix (113 rays, parallel)...
  [7/8] Building H for GN04 00:52 (148 rays) …
  -> Building H Matrix (148 rays, parallel)...
  [8/8] Building H for GN04 00:55 (126 rays) …
  -> Building H Matrix (126 rays, parallel)...
  Combined H shape : (1569, 7700)  (total rays = 1569)
  Running sequential KF assimilation …
  [step 1/8] Assimilating GN04 00:44 (271 rays) …
  [step 2/8] Assimilating GN04 00:46 (300 rays) …
  [step 3/8] Assimilating GN04 00:46 (210 rays) …
  [step 4/8] Assimilating GN04 00:48 (258 rays) …
  [step 5/8] Assimilating GN04 00:51 (143 rays) …
  [step 6/8] Assimilating GN04 00:52 (113 rays) …
  [step 7/8] Assimilating GN04 00:52 (148 rays) …
  [step 8/8] Assimilating GN04 00:55 (126 rays) …
  Running joint (batch) KF assimilation …
  Prior RMSE        : 168.001 TECU
  Post  RMSE (seq)  : 110.019 TECU
  Post  RMSE (joint): 81.666 TECU
  -> Running Lei-Abel inversion...
    [Abel] GN04 00:44: NmF2=1.60e+12 m⁻³  hmF2=441.3 km
  -> Running Lei-Abel inversion...
    [Abel] GN04 00:46: NmF2=2.39e+12 m⁻³  hmF2=477.2 km
  -> Running Lei-Abel inversion...
    [Abel] GN04 00:46: NmF2=2.09e+12 m⁻³  hmF2=491.4 km
  -> Running Lei-Abel inversion...
    [Abel] GN04 00:48: NmF2=9.09e+11 m⁻³  hmF2=375.6 km
  -> Running Lei-Abel inversion...
    [Abel] GN04 00:51: NmF2=1.23e+12 m⁻³  hmF2=523.0 km
  -> Running Lei-Abel inversion...
    [Abel] GN04 00:52: NmF2=1.63e+12 m⁻³  hmF2=528.7 km
  -> Running Lei-Abel inversion...
    [Abel] GN04 00:52: NmF2=6.76e+11 m⁻³  hmF2=529.2 km
  -> Running Lei-Abel inversion...
    [Abel] GN04 00:55: NmF2=1.03e+12 m⁻³  hmF2=503.5 km
/home/austinhunter/IonosphereTomography/demo_group.py:1169: MatplotlibDeprecationWarning: The get_cmap function was deprecated in Matplotlib 3.7 and will be removed in 3.11. Use ``matplotlib.colormaps[name]`` or ``matplotlib.colormaps.get_cmap()`` or ``pyplot.get_cmap()`` instead.
  cmap      = mpl.colormaps.get_cmap(cmap_name)
/home/austinhunter/IonosphereTomography/demo_group.py:1435: UserWarning: This figure includes Axes that are not compatible with tight_layout, so results might be incorrect.
  plt.tight_layout()
  Saved group plot (Sequential KF) → ./Figures/GroupKF/group_2024-10-10_0030__LAT+000_LON-060_seq.png
/home/austinhunter/IonosphereTomography/demo_group.py:1169: MatplotlibDeprecationWarning: The get_cmap function was deprecated in Matplotlib 3.7 and will be removed in 3.11. Use ``matplotlib.colormaps[name]`` or ``matplotlib.colormaps.get_cmap()`` or ``pyplot.get_cmap()`` instead.
  cmap      = mpl.colormaps.get_cmap(cmap_name)
/home/austinhunter/IonosphereTomography/demo_group.py:1435: UserWarning: This figure includes Axes that are not compatible with tight_layout, so results might be incorrect.
  plt.tight_layout()
  Saved group plot (Joint KF) → ./Figures/GroupKF/group_2024-10-10_0030__LAT+000_LON-060_joint.png
/home/austinhunter/IonosphereTomography/demo_group.py:953: MatplotlibDeprecationWarning: The get_cmap function was deprecated in Matplotlib 3.7 and will be removed in 3.11. Use ``matplotlib.colormaps[name]`` or ``matplotlib.colormaps.get_cmap()`` or ``pyplot.get_cmap()`` instead.
  step_cmap    = mpl.colormaps.get_cmap("viridis", max(n_occs, 2))
  Saved sequential plot → ./Figures/GroupKF/group_2024-10-10_0030__LAT+000_LON-060_sequential.png

[5/494]
────────────────────────────────────────────────────────────
  Group : 2024-10-10_0030__LAT+000_LON+120
  Window: 2024-10-10_0030  |  Region: LAT+000_LON+120  |  8 occultation(s)
────────────────────────────────────────────────────────────
Data Flipped: E30 is setting
Data Flipped: R19 is setting
Data Flipped: R9 is setting
Data Flipped: E27 is setting
Data Flipped: E29 is setting
Data Flipped: G17 is setting
Data Flipped: C24 is setting
Data Flipped: G12 is setting
  Parsed 8/8 files successfully.
  Bounding box: lat [-29.6, 65.2]  lon [101.4, -165.2]  |  vertices: 301
  [trim] n_geo=301 > MAX_MESH_VERTICES=200 — dropping GN05 00:42 (96.6° from centroid)
  Bounding box: lat [-22.9, 65.2]  lon [101.4, 171.0]  |  vertices: 208
  [trim] n_geo=208 > MAX_MESH_VERTICES=200 — dropping GN05 00:36 (15.4° from centroid)
  Bounding box: lat [-22.9, 62.2]  lon [101.4, 169.7]  |  vertices: 201
  [trim] n_geo=201 > MAX_MESH_VERTICES=200 — dropping GN05 00:37 (13.1° from centroid)
  Bounding box: lat [-22.9, 61.1]  lon [101.4, 169.7]  |  vertices: 199
  Final group: 5 occultation(s), 199 mesh vertices
  [warn] Trim diagnostic plot failed: cannot access local variable 'cfg' where it is not associated with a value
  [1/5] Building H for GN05 00:37 (361 rays) …
  -> Building H Matrix (361 rays, parallel)...
  [2/5] Building H for GN05 00:41 (407 rays) …
  -> Building H Matrix (407 rays, parallel)...
  [3/5] Building H for GN05 00:41 (603 rays) …
  -> Building H Matrix (603 rays, parallel)...
  [4/5] Building H for GN05 00:42 (385 rays) …
  -> Building H Matrix (385 rays, parallel)...
  [5/5] Building H for GN05 00:42 (302 rays) …
  -> Building H Matrix (302 rays, parallel)...
  Combined H shape : (2058, 10945)  (total rays = 2058)
  Running sequential KF assimilation …
  [step 1/5] Assimilating GN05 00:37 (361 rays) …
  [step 2/5] Assimilating GN05 00:41 (407 rays) …
  [step 3/5] Assimilating GN05 00:41 (603 rays) …
  [step 4/5] Assimilating GN05 00:42 (385 rays) …
  [step 5/5] Assimilating GN05 00:42 (302 rays) …
  Running joint (batch) KF assimilation …
  Prior RMSE        : 419.242 TECU
  Post  RMSE (seq)  : 63.040 TECU
  Post  RMSE (joint): 58.072 TECU
  -> Running Lei-Abel inversion...
    [Abel] GN05 00:37: NmF2=2.48e+12 m⁻³  hmF2=323.9 km
  -> Running Lei-Abel inversion...
    [Abel] GN05 00:41: NmF2=1.94e+12 m⁻³  hmF2=420.6 km
  -> Running Lei-Abel inversion...
    [Abel] GN05 00:41: NmF2=2.16e+12 m⁻³  hmF2=370.0 km
  -> Running Lei-Abel inversion...
    [Abel] GN05 00:42: NmF2=1.97e+12 m⁻³  hmF2=428.1 km
  -> Running Lei-Abel inversion...
    [Abel] GN05 00:42: NmF2=1.96e+12 m⁻³  hmF2=419.8 km
/home/austinhunter/IonosphereTomography/demo_group.py:1169: MatplotlibDeprecationWarning: The get_cmap function was deprecated in Matplotlib 3.7 and will be removed in 3.11. Use ``matplotlib.colormaps[name]`` or ``matplotlib.colormaps.get_cmap()`` or ``pyplot.get_cmap()`` instead.
  cmap      = mpl.colormaps.get_cmap(cmap_name)
/home/austinhunter/IonosphereTomography/demo_group.py:1435: UserWarning: This figure includes Axes that are not compatible with tight_layout, so results might be incorrect.
  plt.tight_layout()
  Saved group plot (Sequential KF) → ./Figures/GroupKF/group_2024-10-10_0030__LAT+000_LON+120_seq.png
/home/austinhunter/IonosphereTomography/demo_group.py:1169: MatplotlibDeprecationWarning: The get_cmap function was deprecated in Matplotlib 3.7 and will be removed in 3.11. Use ``matplotlib.colormaps[name]`` or ``matplotlib.colormaps.get_cmap()`` or ``pyplot.get_cmap()`` instead.
  cmap      = mpl.colormaps.get_cmap(cmap_name)
/home/austinhunter/IonosphereTomography/demo_group.py:1435: UserWarning: This figure includes Axes that are not compatible with tight_layout, so results might be incorrect.
  plt.tight_layout()
  Saved group plot (Joint KF) → ./Figures/GroupKF/group_2024-10-10_0030__LAT+000_LON+120_joint.png
/home/austinhunter/IonosphereTomography/demo_group.py:953: MatplotlibDeprecationWarning: The get_cmap function was deprecated in Matplotlib 3.7 and will be removed in 3.11. Use ``matplotlib.colormaps[name]`` or ``matplotlib.colormaps.get_cmap()`` or ``pyplot.get_cmap()`` instead.
  step_cmap    = mpl.colormaps.get_cmap("viridis", max(n_occs, 2))
  Saved sequential plot → ./Figures/GroupKF/group_2024-10-10_0030__LAT+000_LON+120_sequential.png

[6/494]
────────────────────────────────────────────────────────────
  Group : 2024-10-10_0030__LAT+030_LON-180
  Window: 2024-10-10_0030  |  Region: LAT+030_LON-180  |  1 occultation(s)
────────────────────────────────────────────────────────────
No valid descending tangent points found. Skipping.
    [skip] podTc2_GN05.2024.284.00.39.0019.C39.00_0000.0001_nc — parse returned None

[7/494]
────────────────────────────────────────────────────────────
  Group : 2024-10-10_0030__LAT-030_LON-060
  Window: 2024-10-10_0030  |  Region: LAT-030_LON-060  |  9 occultation(s)
────────────────────────────────────────────────────────────
G25 is rising
R8 is rising
G17 is rising
G32 is rising
E19 is rising
E21 is rising
C25 is rising
R11 is rising
Data Flipped: C28 is setting
  Parsed 9/9 files successfully.
  Bounding box: lat [-63.1, 20.7]  lon [-65.7, 5.5]  |  vertices: 203
  [trim] n_geo=203 > MAX_MESH_VERTICES=200 — dropping GN04 00:45 (17.2° from centroid)
  Bounding box: lat [-53.7, 20.7]  lon [-65.7, -4.4]  |  vertices: 162
  Final group: 8 occultation(s), 162 mesh vertices
  [warn] Trim diagnostic plot failed: cannot access local variable 'cfg' where it is not associated with a value
  [1/8] Building H for GN04 00:42 (312 rays) …
  -> Building H Matrix (312 rays, parallel)...
  [2/8] Building H for GN04 00:46 (59 rays) …
  -> Building H Matrix (59 rays, parallel)...
  [3/8] Building H for GN04 00:46 (148 rays) …
  -> Building H Matrix (148 rays, parallel)...
  [4/8] Building H for GN04 00:47 (130 rays) …
  -> Building H Matrix (130 rays, parallel)...
  [5/8] Building H for GN04 00:47 (232 rays) …
  -> Building H Matrix (232 rays, parallel)...
  [6/8] Building H for GN04 00:49 (239 rays) …
  -> Building H Matrix (239 rays, parallel)...
  [7/8] Building H for GN04 00:50 (235 rays) …
  -> Building H Matrix (235 rays, parallel)...
  [8/8] Building H for GN04 00:58 (221 rays) …
  -> Building H Matrix (221 rays, parallel)...
  Combined H shape : (1576, 8910)  (total rays = 1576)
  Running sequential KF assimilation …
  [step 1/8] Assimilating GN04 00:42 (312 rays) …
  [step 2/8] Assimilating GN04 00:46 (59 rays) …
  [step 3/8] Assimilating GN04 00:46 (148 rays) …
  [step 4/8] Assimilating GN04 00:47 (130 rays) …
  [step 5/8] Assimilating GN04 00:47 (232 rays) …
  [step 6/8] Assimilating GN04 00:49 (239 rays) …
  [step 7/8] Assimilating GN04 00:50 (235 rays) …
  [step 8/8] Assimilating GN04 00:58 (221 rays) …
  Running joint (batch) KF assimilation …
  Prior RMSE        : 107.989 TECU
  Post  RMSE (seq)  : 18.626 TECU
  Post  RMSE (joint): 5.209 TECU
  -> Running Lei-Abel inversion...
    [Abel] GN04 00:42: NmF2=2.12e+12 m⁻³  hmF2=286.1 km
  -> Running Lei-Abel inversion...
    [Abel] GN04 00:46: NmF2=6.59e+11 m⁻³  hmF2=572.3 km
  -> Running Lei-Abel inversion...
    [Abel] GN04 00:46: NmF2=1.37e+12 m⁻³  hmF2=519.3 km
  -> Running Lei-Abel inversion...
    [Abel] GN04 00:47: NmF2=4.96e+11 m⁻³  hmF2=544.6 km
  -> Running Lei-Abel inversion...
    [Abel] GN04 00:47: NmF2=1.73e+12 m⁻³  hmF2=495.9 km
  -> Running Lei-Abel inversion...
    [Abel] GN04 00:49: NmF2=7.57e+11 m⁻³  hmF2=389.7 km
  -> Running Lei-Abel inversion...
    [Abel] GN04 00:50: NmF2=6.52e+11 m⁻³  hmF2=385.6 km
  -> Running Lei-Abel inversion...
    [Abel] GN04 00:58: NmF2=5.20e+11 m⁻³  hmF2=443.2 km
/home/austinhunter/IonosphereTomography/demo_group.py:1169: MatplotlibDeprecationWarning: The get_cmap function was deprecated in Matplotlib 3.7 and will be removed in 3.11. Use ``matplotlib.colormaps[name]`` or ``matplotlib.colormaps.get_cmap()`` or ``pyplot.get_cmap()`` instead.
  cmap      = mpl.colormaps.get_cmap(cmap_name)
/home/austinhunter/IonosphereTomography/demo_group.py:1435: UserWarning: This figure includes Axes that are not compatible with tight_layout, so results might be incorrect.
  plt.tight_layout()
  Saved group plot (Sequential KF) → ./Figures/GroupKF/group_2024-10-10_0030__LAT-030_LON-060_seq.png
/home/austinhunter/IonosphereTomography/demo_group.py:1169: MatplotlibDeprecationWarning: The get_cmap function was deprecated in Matplotlib 3.7 and will be removed in 3.11. Use ``matplotlib.colormaps[name]`` or ``matplotlib.colormaps.get_cmap()`` or ``pyplot.get_cmap()`` instead.
  cmap      = mpl.colormaps.get_cmap(cmap_name)
/home/austinhunter/IonosphereTomography/demo_group.py:1435: UserWarning: This figure includes Axes that are not compatible with tight_layout, so results might be incorrect.
  plt.tight_layout()
  Saved group plot (Joint KF) → ./Figures/GroupKF/group_2024-10-10_0030__LAT-030_LON-060_joint.png
/home/austinhunter/IonosphereTomography/demo_group.py:953: MatplotlibDeprecationWarning: The get_cmap function was deprecated in Matplotlib 3.7 and will be removed in 3.11. Use ``matplotlib.colormaps[name]`` or ``matplotlib.colormaps.get_cmap()`` or ``pyplot.get_cmap()`` instead.
  step_cmap    = mpl.colormaps.get_cmap("viridis", max(n_occs, 2))
  Saved sequential plot → ./Figures/GroupKF/group_2024-10-10_0030__LAT-030_LON-060_sequential.png

[8/494]
────────────────────────────────────────────────────────────
  Group : 2024-10-10_0030__LAT-030_LON-120
  Window: 2024-10-10_0030  |  Region: LAT-030_LON-120  |  1 occultation(s)
────────────────────────────────────────────────────────────
Data Flipped: G26 is setting
  Parsed 1/1 files successfully.
  Bounding box: lat [-90.0, -25.0]  lon [-43.9, 62.2]  |  vertices: 141
  Final group: 1 occultation(s), 141 mesh vertices
  [warn] Trim diagnostic plot failed: cannot access local variable 'cfg' where it is not associated with a value
  [1/1] Building H for GN04 00:45 (550 rays) …
  -> Building H Matrix (550 rays, parallel)...
  Combined H shape : (550, 7755)  (total rays = 550)
  Running sequential KF assimilation …
  [step 1/1] Assimilating GN04 00:45 (550 rays) …
  Running joint (batch) KF assimilation …
  Prior RMSE        : 145.010 TECU
  Post  RMSE (seq)  : 6.021 TECU
  Post  RMSE (joint): 6.021 TECU
  -> Running Lei-Abel inversion...
    [Abel] GN04 00:45: NmF2=1.72e+11 m⁻³  hmF2=526.0 km
/home/austinhunter/IonosphereTomography/demo_group.py:1169: MatplotlibDeprecationWarning: The get_cmap function was deprecated in Matplotlib 3.7 and will be removed in 3.11. Use ``matplotlib.colormaps[name]`` or ``matplotlib.colormaps.get_cmap()`` or ``pyplot.get_cmap()`` instead.
  cmap      = mpl.colormaps.get_cmap(cmap_name)
/home/austinhunter/IonosphereTomography/demo_group.py:1435: UserWarning: This figure includes Axes that are not compatible with tight_layout, so results might be incorrect.
  plt.tight_layout()
  Saved group plot (Sequential KF) → ./Figures/GroupKF/group_2024-10-10_0030__LAT-030_LON-120_seq.png
/home/austinhunter/IonosphereTomography/demo_group.py:1169: MatplotlibDeprecationWarning: The get_cmap function was deprecated in Matplotlib 3.7 and will be removed in 3.11. Use ``matplotlib.colormaps[name]`` or ``matplotlib.colormaps.get_cmap()`` or ``pyplot.get_cmap()`` instead.
  cmap      = mpl.colormaps.get_cmap(cmap_name)
/home/austinhunter/IonosphereTomography/demo_group.py:1435: UserWarning: This figure includes Axes that are not compatible with tight_layout, so results might be incorrect.
  plt.tight_layout()
  Saved group plot (Joint KF) → ./Figures/GroupKF/group_2024-10-10_0030__LAT-030_LON-120_joint.png
/home/austinhunter/IonosphereTomography/demo_group.py:953: MatplotlibDeprecationWarning: The get_cmap function was deprecated in Matplotlib 3.7 and will be removed in 3.11. Use ``matplotlib.colormaps[name]`` or ``matplotlib.colormaps.get_cmap()`` or ``pyplot.get_cmap()`` instead.
  step_cmap    = mpl.colormaps.get_cmap("viridis", max(n_occs, 2))
  Saved sequential plot → ./Figures/GroupKF/group_2024-10-10_0030__LAT-030_LON-120_sequential.png

[9/494]
────────────────────────────────────────────────────────────
  Group : 2024-10-10_0030__LAT+030_LON-120
  Window: 2024-10-10_0030  |  Region: LAT+030_LON-120  |  3 occultation(s)
────────────────────────────────────────────────────────────
E11 is rising
E6 is rising
C20 is rising
  Parsed 3/3 files successfully.
  Bounding box: lat [1.1, 88.8]  lon [-103.3, -42.6]  |  vertices: 137
  Final group: 3 occultation(s), 137 mesh vertices
  [warn] Trim diagnostic plot failed: cannot access local variable 'cfg' where it is not associated with a value
  [1/3] Building H for GN04 00:58 (440 rays) …
  -> Building H Matrix (440 rays, parallel)...
  [2/3] Building H for GN04 00:59 (382 rays) …
  -> Building H Matrix (382 rays, parallel)...
  [3/3] Building H for GN04 00:59 (588 rays) …
  -> Building H Matrix (588 rays, parallel)...
  Combined H shape : (1410, 7535)  (total rays = 1410)
  Running sequential KF assimilation …
  [step 1/3] Assimilating GN04 00:58 (440 rays) …
  [step 2/3] Assimilating GN04 00:59 (382 rays) …
  [step 3/3] Assimilating GN04 00:59 (588 rays) …
  Running joint (batch) KF assimilation …
  Prior RMSE        : 96.355 TECU
  Post  RMSE (seq)  : 65.323 TECU
  Post  RMSE (joint): 51.696 TECU
  -> Running Lei-Abel inversion...
    [Abel] GN04 00:58: NmF2=3.41e+11 m⁻³  hmF2=331.6 km
  -> Running Lei-Abel inversion...
    [Abel] GN04 00:59: NmF2=7.74e+11 m⁻³  hmF2=344.9 km
  -> Running Lei-Abel inversion...
    [Abel] GN04 00:59: NmF2=4.71e+11 m⁻³  hmF2=360.2 km
/home/austinhunter/IonosphereTomography/demo_group.py:1169: MatplotlibDeprecationWarning: The get_cmap function was deprecated in Matplotlib 3.7 and will be removed in 3.11. Use ``matplotlib.colormaps[name]`` or ``matplotlib.colormaps.get_cmap()`` or ``pyplot.get_cmap()`` instead.
  cmap      = mpl.colormaps.get_cmap(cmap_name)
/home/austinhunter/IonosphereTomography/demo_group.py:1435: UserWarning: This figure includes Axes that are not compatible with tight_layout, so results might be incorrect.
  plt.tight_layout()
  Saved group plot (Sequential KF) → ./Figures/GroupKF/group_2024-10-10_0030__LAT+030_LON-120_seq.png
/home/austinhunter/IonosphereTomography/demo_group.py:1169: MatplotlibDeprecationWarning: The get_cmap function was deprecated in Matplotlib 3.7 and will be removed in 3.11. Use ``matplotlib.colormaps[name]`` or ``matplotlib.colormaps.get_cmap()`` or ``pyplot.get_cmap()`` instead.
  cmap      = mpl.colormaps.get_cmap(cmap_name)
/home/austinhunter/IonosphereTomography/demo_group.py:1435: UserWarning: This figure includes Axes that are not compatible with tight_layout, so results might be incorrect.
  plt.tight_layout()
  Saved group plot (Joint KF) → ./Figures/GroupKF/group_2024-10-10_0030__LAT+030_LON-120_joint.png
/home/austinhunter/IonosphereTomography/demo_group.py:953: MatplotlibDeprecationWarning: The get_cmap function was deprecated in Matplotlib 3.7 and will be removed in 3.11. Use ``matplotlib.colormaps[name]`` or ``matplotlib.colormaps.get_cmap()`` or ``pyplot.get_cmap()`` instead.
  step_cmap    = mpl.colormaps.get_cmap("viridis", max(n_occs, 2))
  Saved sequential plot → ./Figures/GroupKF/group_2024-10-10_0030__LAT+030_LON-120_sequential.png

[10/494]
────────────────────────────────────────────────────────────
  Group : 2024-10-10_0100__LAT-030_LON-060
  Window: 2024-10-10_0100  |  Region: LAT-030_LON-060  |  14 occultation(s)
────────────────────────────────────────────────────────────
Data Flipped: G27 is setting
Data Flipped: E5 is setting
Data Flipped: G7 is setting
R19 is rising
Data Flipped: R14 is setting
No valid descending tangent points found. Skipping.
    [skip] podTc2_GN04.2024.284.01.07.0020.E24.00_0000.0001_nc — parse returned None
E21 is rising
G32 is rising
E19 is rising
C25 is rising
R11 is rising
G28 is rising
Data not high enough. Skipping.
    [skip] podTc2_GN05.2024.284.01.22.0009.R04.00_0000.0001_nc — parse returned None
Data Flipped: G8 is setting
  Parsed 12/14 files successfully.
    [skip] GN04 01:03 — only 12 valid rays
    [skip] GN04 01:06 — only 48 valid rays
  Bounding box: lat [-54.5, 23.9]  lon [-68.9, -8.5]  |  vertices: 169
  Final group: 10 occultation(s), 169 mesh vertices
  [warn] Trim diagnostic plot failed: cannot access local variable 'cfg' where it is not associated with a value
  [1/10] Building H for GN04 01:00 (223 rays) …
  -> Building H Matrix (223 rays, parallel)...
  [2/10] Building H for GN04 01:04 (140 rays) …
  -> Building H Matrix (140 rays, parallel)...
  [3/10] Building H for GN05 01:06 (353 rays) …
  -> Building H Matrix (353 rays, parallel)...
  [4/10] Building H for GN05 01:16 (222 rays) …
  -> Building H Matrix (222 rays, parallel)...
  [5/10] Building H for GN05 01:16 (258 rays) …
  -> Building H Matrix (258 rays, parallel)...
  [6/10] Building H for GN05 01:17 (326 rays) …
  -> Building H Matrix (326 rays, parallel)...
  [7/10] Building H for GN05 01:17 (169 rays) …
  -> Building H Matrix (169 rays, parallel)...
  [8/10] Building H for GN05 01:17 (183 rays) …
  -> Building H Matrix (183 rays, parallel)...
  [9/10] Building H for GN05 01:20 (227 rays) …
  -> Building H Matrix (227 rays, parallel)...
  [10/10] Building H for GN05 01:27 (278 rays) …
  -> Building H Matrix (278 rays, parallel)...
  Combined H shape : (2379, 9295)  (total rays = 2379)
  Running sequential KF assimilation …
  [step 1/10] Assimilating GN04 01:00 (223 rays) …
  [step 2/10] Assimilating GN04 01:04 (140 rays) …
  [step 3/10] Assimilating GN05 01:06 (353 rays) …
  [step 4/10] Assimilating GN05 01:16 (222 rays) …
  [step 5/10] Assimilating GN05 01:16 (258 rays) …
  [step 6/10] Assimilating GN05 01:17 (326 rays) …
  [step 7/10] Assimilating GN05 01:17 (169 rays) …
  [step 8/10] Assimilating GN05 01:17 (183 rays) …
  [step 9/10] Assimilating GN05 01:20 (227 rays) …
  [step 10/10] Assimilating GN05 01:27 (278 rays) …
  Running joint (batch) KF assimilation …
  Prior RMSE        : 152.680 TECU
  Post  RMSE (seq)  : 59.410 TECU
  Post  RMSE (joint): 23.402 TECU
  -> Running Lei-Abel inversion...
    [Abel] GN04 01:00: NmF2=1.49e+12 m⁻³  hmF2=417.3 km
  -> Running Lei-Abel inversion...
    [Abel] GN04 01:04: NmF2=1.27e+12 m⁻³  hmF2=498.8 km
  -> Running Lei-Abel inversion...
    [Abel] GN05 01:06: NmF2=4.05e+12 m⁻³  hmF2=326.4 km
  -> Running Lei-Abel inversion...
    [Abel] GN05 01:16: NmF2=1.10e+12 m⁻³  hmF2=473.3 km
  -> Running Lei-Abel inversion...
    [Abel] GN05 01:16: NmF2=1.11e+12 m⁻³  hmF2=477.5 km
  -> Running Lei-Abel inversion...
    [Abel] GN05 01:17: NmF2=1.02e+12 m⁻³  hmF2=402.5 km
  -> Running Lei-Abel inversion...
    [Abel] GN05 01:17: NmF2=7.70e+11 m⁻³  hmF2=542.4 km
  -> Running Lei-Abel inversion...
    [Abel] GN05 01:17: NmF2=8.53e+11 m⁻³  hmF2=453.6 km
  -> Running Lei-Abel inversion...
    [Abel] GN05 01:20: NmF2=5.61e+11 m⁻³  hmF2=436.4 km
  -> Running Lei-Abel inversion...
    [Abel] GN05 01:27: NmF2=2.54e+12 m⁻³  hmF2=325.0 km
/home/austinhunter/IonosphereTomography/demo_group.py:1169: MatplotlibDeprecationWarning: The get_cmap function was deprecated in Matplotlib 3.7 and will be removed in 3.11. Use ``matplotlib.colormaps[name]`` or ``matplotlib.colormaps.get_cmap()`` or ``pyplot.get_cmap()`` instead.
  cmap      = mpl.colormaps.get_cmap(cmap_name)
/home/austinhunter/IonosphereTomography/demo_group.py:1435: UserWarning: This figure includes Axes that are not compatible with tight_layout, so results might be incorrect.
  plt.tight_layout()
  Saved group plot (Sequential KF) → ./Figures/GroupKF/group_2024-10-10_0100__LAT-030_LON-060_seq.png
/home/austinhunter/IonosphereTomography/demo_group.py:1169: MatplotlibDeprecationWarning: The get_cmap function was deprecated in Matplotlib 3.7 and will be removed in 3.11. Use ``matplotlib.colormaps[name]`` or ``matplotlib.colormaps.get_cmap()`` or ``pyplot.get_cmap()`` instead.
  cmap      = mpl.colormaps.get_cmap(cmap_name)
/home/austinhunter/IonosphereTomography/demo_group.py:1435: UserWarning: This figure includes Axes that are not compatible with tight_layout, so results might be incorrect.
  plt.tight_layout()
  Saved group plot (Joint KF) → ./Figures/GroupKF/group_2024-10-10_0100__LAT-030_LON-060_joint.png
/home/austinhunter/IonosphereTomography/demo_group.py:953: MatplotlibDeprecationWarning: The get_cmap function was deprecated in Matplotlib 3.7 and will be removed in 3.11. Use ``matplotlib.colormaps[name]`` or ``matplotlib.colormaps.get_cmap()`` or ``pyplot.get_cmap()`` instead.
  step_cmap    = mpl.colormaps.get_cmap("viridis", max(n_occs, 2))
  Saved sequential plot → ./Figures/GroupKF/group_2024-10-10_0100__LAT-030_LON-060_sequential.png

[11/494]
────────────────────────────────────────────────────────────
  Group : 2024-10-10_0100__LAT+030_LON-060
  Window: 2024-10-10_0100  |  Region: LAT+030_LON-060  |  12 occultation(s)
────────────────────────────────────────────────────────────
G31 is rising
C23 is rising
R12 is rising
Data Flipped: R22 is setting
Data Flipped: E26 is setting
Data Flipped: C43 is setting
Data Flipped: G18 is setting
Data Flipped: C21 is setting
Data Flipped: C38 is setting
Data Flipped: C42 is setting
Data Flipped: R7 is setting
C23 is rising
  Parsed 12/12 files successfully.
  Bounding box: lat [3.7, 83.6]  lon [-96.7, 18.6]  |  vertices: 246
  [trim] n_geo=246 > MAX_MESH_VERTICES=200 — dropping GN04 01:17 (12.2° from centroid)
  Bounding box: lat [3.7, 83.6]  lon [-96.7, 6.4]  |  vertices: 220
  [trim] n_geo=220 > MAX_MESH_VERTICES=200 — dropping GN04 01:15 (11.2° from centroid)
  Bounding box: lat [3.7, 83.6]  lon [-96.7, 6.4]  |  vertices: 220
  [trim] n_geo=220 > MAX_MESH_VERTICES=200 — dropping GN04 01:15 (11.7° from centroid)
  Bounding box: lat [3.7, 83.6]  lon [-96.7, 6.4]  |  vertices: 220
  [trim] n_geo=220 > MAX_MESH_VERTICES=200 — dropping GN04 01:06 (11.8° from centroid)
  Bounding box: lat [3.7, 78.7]  lon [-87.1, 6.4]  |  vertices: 197
  Final group: 8 occultation(s), 197 mesh vertices
  [warn] Trim diagnostic plot failed: cannot access local variable 'cfg' where it is not associated with a value
  [1/8] Building H for GN04 01:00 (381 rays) …
  -> Building H Matrix (381 rays, parallel)...
  [2/8] Building H for GN04 01:03 (461 rays) …
  -> Building H Matrix (461 rays, parallel)...
  [3/8] Building H for GN04 01:13 (387 rays) …
  -> Building H Matrix (387 rays, parallel)...
  [4/8] Building H for GN04 01:13 (359 rays) …
  -> Building H Matrix (359 rays, parallel)...
  [5/8] Building H for GN04 01:14 (570 rays) …
  -> Building H Matrix (570 rays, parallel)...
  [6/8] Building H for GN04 01:14 (517 rays) …
  -> Building H Matrix (517 rays, parallel)...
  [7/8] Building H for GN04 01:17 (455 rays) …
  -> Building H Matrix (455 rays, parallel)...
  [8/8] Building H for GN05 01:29 (429 rays) …
  -> Building H Matrix (429 rays, parallel)...
  Combined H shape : (3559, 10835)  (total rays = 3559)
  Running sequential KF assimilation …
  [step 1/8] Assimilating GN04 01:00 (381 rays) …
  [step 2/8] Assimilating GN04 01:03 (461 rays) …
  [step 3/8] Assimilating GN04 01:13 (387 rays) …
  [step 4/8] Assimilating GN04 01:13 (359 rays) …
  [step 5/8] Assimilating GN04 01:14 (570 rays) …
  [step 6/8] Assimilating GN04 01:14 (517 rays) …
  [step 7/8] Assimilating GN04 01:17 (455 rays) …
  [step 8/8] Assimilating GN05 01:29 (429 rays) …
  Running joint (batch) KF assimilation …
  Prior RMSE        : 105.188 TECU
  Post  RMSE (seq)  : 84.451 TECU
  Post  RMSE (joint): 71.619 TECU
  -> Running Lei-Abel inversion...
    [Abel] GN04 01:00: NmF2=9.11e+11 m⁻³  hmF2=345.3 km
  -> Running Lei-Abel inversion...
    [Abel] GN04 01:03: NmF2=3.06e+11 m⁻³  hmF2=428.3 km
  -> Running Lei-Abel inversion...
    [Abel] GN04 01:13: NmF2=3.19e+12 m⁻³  hmF2=324.7 km
  -> Running Lei-Abel inversion...
    [Abel] GN04 01:13: NmF2=2.34e+12 m⁻³  hmF2=333.5 km
  -> Running Lei-Abel inversion...
    [Abel] GN04 01:14: NmF2=1.57e+12 m⁻³  hmF2=253.6 km
  -> Running Lei-Abel inversion...
    [Abel] GN04 01:14: NmF2=4.71e+11 m⁻³  hmF2=382.1 km
  -> Running Lei-Abel inversion...
    [Abel] GN04 01:17: NmF2=2.85e+11 m⁻³  hmF2=374.8 km
  -> Running Lei-Abel inversion...
    [Abel] GN05 01:29: NmF2=8.31e+11 m⁻³  hmF2=383.0 km
/home/austinhunter/IonosphereTomography/demo_group.py:1169: MatplotlibDeprecationWarning: The get_cmap function was deprecated in Matplotlib 3.7 and will be removed in 3.11. Use ``matplotlib.colormaps[name]`` or ``matplotlib.colormaps.get_cmap()`` or ``pyplot.get_cmap()`` instead.
  cmap      = mpl.colormaps.get_cmap(cmap_name)
/home/austinhunter/IonosphereTomography/demo_group.py:1435: UserWarning: This figure includes Axes that are not compatible with tight_layout, so results might be incorrect.
  plt.tight_layout()
  Saved group plot (Sequential KF) → ./Figures/GroupKF/group_2024-10-10_0100__LAT+030_LON-060_seq.png
/home/austinhunter/IonosphereTomography/demo_group.py:1169: MatplotlibDeprecationWarning: The get_cmap function was deprecated in Matplotlib 3.7 and will be removed in 3.11. Use ``matplotlib.colormaps[name]`` or ``matplotlib.colormaps.get_cmap()`` or ``pyplot.get_cmap()`` instead.
  cmap      = mpl.colormaps.get_cmap(cmap_name)
/home/austinhunter/IonosphereTomography/demo_group.py:1435: UserWarning: This figure includes Axes that are not compatible with tight_layout, so results might be incorrect.
  plt.tight_layout()
  Saved group plot (Joint KF) → ./Figures/GroupKF/group_2024-10-10_0100__LAT+030_LON-060_joint.png
/home/austinhunter/IonosphereTomography/demo_group.py:953: MatplotlibDeprecationWarning: The get_cmap function was deprecated in Matplotlib 3.7 and will be removed in 3.11. Use ``matplotlib.colormaps[name]`` or ``matplotlib.colormaps.get_cmap()`` or ``pyplot.get_cmap()`` instead.
  step_cmap    = mpl.colormaps.get_cmap("viridis", max(n_occs, 2))
  Saved sequential plot → ./Figures/GroupKF/group_2024-10-10_0100__LAT+030_LON-060_sequential.png

[12/494]
────────────────────────────────────────────────────────────
  Group : 2024-10-10_0100__POLAR_S
  Window: 2024-10-10_0100  |  Region: POLAR_S  |  15 occultation(s)
────────────────────────────────────────────────────────────
C26 is rising
E30 is rising
Data Flipped: E6 is setting
Data Flipped: R17 is setting
Data Flipped: G31 is setting
Data Flipped: E9 is setting
Data Flipped: E11 is setting
Data Flipped: C23 is setting
Data Flipped: C30 is setting
Data Flipped: R12 is setting
Data Flipped: E10 is setting
Data Flipped: G4 is setting
Data Flipped: G26 is setting
Data Flipped: G9 is setting
Data Flipped: E12 is setting
  Parsed 15/15 files successfully.
  Bounding box: lat [-90.0, -65.0]  lon [-180.0, 180.0]  |  vertices: 77
  Final group: 15 occultation(s), 77 mesh vertices
  [warn] Trim diagnostic plot failed: cannot access local variable 'cfg' where it is not associated with a value
  [1/15] Building H for GN05 01:00 (378 rays) …
  -> Building H Matrix (378 rays, parallel)...
  [2/15] Building H for GN05 01:00 (439 rays) …
  -> Building H Matrix (439 rays, parallel)...
  [3/15] Building H for GN05 01:01 (439 rays) …
  -> Building H Matrix (439 rays, parallel)...
  [4/15] Building H for GN05 01:03 (623 rays) …
  -> Building H Matrix (623 rays, parallel)...
  [5/15] Building H for GN05 01:04 (374 rays) …
  -> Building H Matrix (374 rays, parallel)...
  [6/15] Building H for GN05 01:05 (497 rays) …
  -> Building H Matrix (497 rays, parallel)...
  [7/15] Building H for GN05 01:06 (299 rays) …
  -> Building H Matrix (299 rays, parallel)...
  [8/15] Building H for GN05 01:06 (422 rays) …
  -> Building H Matrix (422 rays, parallel)...
  [9/15] Building H for GN05 01:08 (671 rays) …
  -> Building H Matrix (671 rays, parallel)...
  [10/15] Building H for GN05 01:08 (437 rays) …
  -> Building H Matrix (437 rays, parallel)...
  [11/15] Building H for GN05 01:09 (454 rays) …
  -> Building H Matrix (454 rays, parallel)...
  [12/15] Building H for GN05 01:10 (288 rays) …
  -> Building H Matrix (288 rays, parallel)...
  [13/15] Building H for GN05 01:10 (525 rays) …
  -> Building H Matrix (525 rays, parallel)...
  [14/15] Building H for GN05 01:13 (738 rays) …
  -> Building H Matrix (738 rays, parallel)...
  [15/15] Building H for GN05 01:13 (447 rays) …
  -> Building H Matrix (447 rays, parallel)...
  Combined H shape : (7031, 4235)  (total rays = 7031)
  Running sequential KF assimilation …
  [step 1/15] Assimilating GN05 01:00 (378 rays) …
  [step 2/15] Assimilating GN05 01:00 (439 rays) …
  [step 3/15] Assimilating GN05 01:01 (439 rays) …
  [step 4/15] Assimilating GN05 01:03 (623 rays) …
  [step 5/15] Assimilating GN05 01:04 (374 rays) …
  [step 6/15] Assimilating GN05 01:05 (497 rays) …
  [step 7/15] Assimilating GN05 01:06 (299 rays) …
  [step 8/15] Assimilating GN05 01:06 (422 rays) …
  [step 9/15] Assimilating GN05 01:08 (671 rays) …
  [step 10/15] Assimilating GN05 01:08 (437 rays) …
  [step 11/15] Assimilating GN05 01:09 (454 rays) …
  [step 12/15] Assimilating GN05 01:10 (288 rays) …
  [step 13/15] Assimilating GN05 01:10 (525 rays) …
  [step 14/15] Assimilating GN05 01:13 (738 rays) …
  [step 15/15] Assimilating GN05 01:13 (447 rays) …
  Running joint (batch) KF assimilation …
  Prior RMSE        : 55.828 TECU
  Post  RMSE (seq)  : 52.366 TECU
  Post  RMSE (joint): 15.248 TECU
  -> Running Lei-Abel inversion...
    [Abel] GN05 01:00: NmF2=4.48e+11 m⁻³  hmF2=341.4 km
  -> Running Lei-Abel inversion...
    [Abel] GN05 01:00: NmF2=4.35e+11 m⁻³  hmF2=388.6 km
  -> Running Lei-Abel inversion...
    [Abel] GN05 01:01: NmF2=5.54e+11 m⁻³  hmF2=375.4 km
  -> Running Lei-Abel inversion...
    [Abel] GN05 01:03: NmF2=6.70e+11 m⁻³  hmF2=424.7 km
  -> Running Lei-Abel inversion...
    [Abel] GN05 01:04: NmF2=4.00e+11 m⁻³  hmF2=413.5 km
  -> Running Lei-Abel inversion...
    [Abel] GN05 01:05: NmF2=6.73e+11 m⁻³  hmF2=410.4 km
  -> Running Lei-Abel inversion...
    [Abel] GN05 01:06: NmF2=4.85e+11 m⁻³  hmF2=398.4 km
  -> Running Lei-Abel inversion...
    [Abel] GN05 01:06: NmF2=4.58e+11 m⁻³  hmF2=304.2 km
  -> Running Lei-Abel inversion...
    [Abel] GN05 01:08: NmF2=1.03e+12 m⁻³  hmF2=352.9 km
  -> Running Lei-Abel inversion...
    [Abel] GN05 01:08: NmF2=2.98e+11 m⁻³  hmF2=376.3 km
  -> Running Lei-Abel inversion...
    [Abel] GN05 01:09: NmF2=4.72e+11 m⁻³  hmF2=325.5 km
  -> Running Lei-Abel inversion...
    [Abel] GN05 01:10: NmF2=4.81e+11 m⁻³  hmF2=430.8 km
  -> Running Lei-Abel inversion...
    [Abel] GN05 01:10: NmF2=2.45e+11 m⁻³  hmF2=427.2 km
  -> Running Lei-Abel inversion...
    [Abel] GN05 01:13: NmF2=8.39e+11 m⁻³  hmF2=368.9 km
  -> Running Lei-Abel inversion...
    [Abel] GN05 01:13: NmF2=2.07e+11 m⁻³  hmF2=426.1 km
/home/austinhunter/IonosphereTomography/demo_group.py:1169: MatplotlibDeprecationWarning: The get_cmap function was deprecated in Matplotlib 3.7 and will be removed in 3.11. Use ``matplotlib.colormaps[name]`` or ``matplotlib.colormaps.get_cmap()`` or ``pyplot.get_cmap()`` instead.
  cmap      = mpl.colormaps.get_cmap(cmap_name)
/home/austinhunter/IonosphereTomography/demo_group.py:1435: UserWarning: This figure includes Axes that are not compatible with tight_layout, so results might be incorrect.
  plt.tight_layout()
  Saved group plot (Sequential KF) → ./Figures/GroupKF/group_2024-10-10_0100__POLAR_S_seq.png
/home/austinhunter/IonosphereTomography/demo_group.py:1169: MatplotlibDeprecationWarning: The get_cmap function was deprecated in Matplotlib 3.7 and will be removed in 3.11. Use ``matplotlib.colormaps[name]`` or ``matplotlib.colormaps.get_cmap()`` or ``pyplot.get_cmap()`` instead.
  cmap      = mpl.colormaps.get_cmap(cmap_name)
/home/austinhunter/IonosphereTomography/demo_group.py:1435: UserWarning: This figure includes Axes that are not compatible with tight_layout, so results might be incorrect.
  plt.tight_layout()
  Saved group plot (Joint KF) → ./Figures/GroupKF/group_2024-10-10_0100__POLAR_S_joint.png
/home/austinhunter/IonosphereTomography/demo_group.py:953: MatplotlibDeprecationWarning: The get_cmap function was deprecated in Matplotlib 3.7 and will be removed in 3.11. Use ``matplotlib.colormaps[name]`` or ``matplotlib.colormaps.get_cmap()`` or ``pyplot.get_cmap()`` instead.
  step_cmap    = mpl.colormaps.get_cmap("viridis", max(n_occs, 2))
  Saved sequential plot → ./Figures/GroupKF/group_2024-10-10_0100__POLAR_S_sequential.png

[13/494]
────────────────────────────────────────────────────────────
  Group : 2024-10-10_0100__LAT+030_LON-120
  Window: 2024-10-10_0100  |  Region: LAT+030_LON-120  |  8 occultation(s)
────────────────────────────────────────────────────────────
R17 is rising
R3 is rising
E9 is rising
G4 is rising
Data Flipped: E8 is setting
Data Flipped: G5 is setting
Data Flipped: C45 is setting
Data Flipped: E2 is setting
  Parsed 8/8 files successfully.
  Bounding box: lat [1.9, 90.0]  lon [-180.0, -42.7]  |  vertices: 305
  [trim] n_geo=305 > MAX_MESH_VERTICES=200 — dropping GN04 01:25 (36.3° from centroid)
  Bounding box: lat [1.9, 90.0]  lon [-150.5, -42.7]  |  vertices: 240
  [trim] n_geo=240 > MAX_MESH_VERTICES=200 — dropping GN04 01:02 (20.9° from centroid)
  Bounding box: lat [13.7, 90.0]  lon [-150.5, -43.2]  |  vertices: 188
  Final group: 6 occultation(s), 188 mesh vertices
  [warn] Trim diagnostic plot failed: cannot access local variable 'cfg' where it is not associated with a value
  [1/6] Building H for GN04 01:00 (506 rays) …
  -> Building H Matrix (506 rays, parallel)...
  [2/6] Building H for GN04 01:03 (422 rays) …
  -> Building H Matrix (422 rays, parallel)...
  [3/6] Building H for GN04 01:04 (430 rays) …
  -> Building H Matrix (430 rays, parallel)...
  [4/6] Building H for GN04 01:16 (365 rays) …
  -> Building H Matrix (365 rays, parallel)...
  [5/6] Building H for GN04 01:18 (448 rays) …
  -> Building H Matrix (448 rays, parallel)...
  [6/6] Building H for GN04 01:20 (462 rays) …
  -> Building H Matrix (462 rays, parallel)...
  Combined H shape : (2633, 10340)  (total rays = 2633)
  Running sequential KF assimilation …
  [step 1/6] Assimilating GN04 01:00 (506 rays) …
  [step 2/6] Assimilating GN04 01:03 (422 rays) …
  [step 3/6] Assimilating GN04 01:04 (430 rays) …
  [step 4/6] Assimilating GN04 01:16 (365 rays) …
  [step 5/6] Assimilating GN04 01:18 (448 rays) …
  [step 6/6] Assimilating GN04 01:20 (462 rays) …
  Running joint (batch) KF assimilation …
  Prior RMSE        : 164.212 TECU
  Post  RMSE (seq)  : 18.211 TECU
  Post  RMSE (joint): 16.284 TECU
  -> Running Lei-Abel inversion...
    [Abel] GN04 01:00: NmF2=3.84e+11 m⁻³  hmF2=312.8 km
  -> Running Lei-Abel inversion...
    [Abel] GN04 01:03: NmF2=3.66e+11 m⁻³  hmF2=341.5 km
  -> Running Lei-Abel inversion...
    [Abel] GN04 01:04: NmF2=3.86e+11 m⁻³  hmF2=322.1 km
  -> Running Lei-Abel inversion...
    [Abel] GN04 01:16: NmF2=3.99e+11 m⁻³  hmF2=364.9 km
  -> Running Lei-Abel inversion...
    [Abel] GN04 01:18: NmF2=2.68e+11 m⁻³  hmF2=356.1 km
  -> Running Lei-Abel inversion...
    [Abel] GN04 01:20: NmF2=3.14e+11 m⁻³  hmF2=361.1 km
/home/austinhunter/IonosphereTomography/demo_group.py:1169: MatplotlibDeprecationWarning: The get_cmap function was deprecated in Matplotlib 3.7 and will be removed in 3.11. Use ``matplotlib.colormaps[name]`` or ``matplotlib.colormaps.get_cmap()`` or ``pyplot.get_cmap()`` instead.
  cmap      = mpl.colormaps.get_cmap(cmap_name)
/home/austinhunter/IonosphereTomography/demo_group.py:1435: UserWarning: This figure includes Axes that are not compatible with tight_layout, so results might be incorrect.
  plt.tight_layout()
  Saved group plot (Sequential KF) → ./Figures/GroupKF/group_2024-10-10_0100__LAT+030_LON-120_seq.png
/home/austinhunter/IonosphereTomography/demo_group.py:1169: MatplotlibDeprecationWarning: The get_cmap function was deprecated in Matplotlib 3.7 and will be removed in 3.11. Use ``matplotlib.colormaps[name]`` or ``matplotlib.colormaps.get_cmap()`` or ``pyplot.get_cmap()`` instead.
  cmap      = mpl.colormaps.get_cmap(cmap_name)
/home/austinhunter/IonosphereTomography/demo_group.py:1435: UserWarning: This figure includes Axes that are not compatible with tight_layout, so results might be incorrect.
  plt.tight_layout()
  Saved group plot (Joint KF) → ./Figures/GroupKF/group_2024-10-10_0100__LAT+030_LON-120_joint.png
/home/austinhunter/IonosphereTomography/demo_group.py:953: MatplotlibDeprecationWarning: The get_cmap function was deprecated in Matplotlib 3.7 and will be removed in 3.11. Use ``matplotlib.colormaps[name]`` or ``matplotlib.colormaps.get_cmap()`` or ``pyplot.get_cmap()`` instead.
  step_cmap    = mpl.colormaps.get_cmap("viridis", max(n_occs, 2))
  Saved sequential plot → ./Figures/GroupKF/group_2024-10-10_0100__LAT+030_LON-120_sequential.png

[14/494]
────────────────────────────────────────────────────────────
  Group : 2024-10-10_0100__LAT-060_LON+120
  Window: 2024-10-10_0100  |  Region: LAT-060_LON+120  |  1 occultation(s)
────────────────────────────────────────────────────────────
Data Flipped: C32 is setting
  Parsed 1/1 files successfully.
  Bounding box: lat [-72.7, -23.7]  lon [124.8, 154.7]  |  vertices: 38
  Final group: 1 occultation(s), 38 mesh vertices
  [warn] Trim diagnostic plot failed: cannot access local variable 'cfg' where it is not associated with a value
  [1/1] Building H for GN05 01:00 (191 rays) …
  -> Building H Matrix (191 rays, parallel)...
  Combined H shape : (191, 2090)  (total rays = 191)
  Running sequential KF assimilation …
  [step 1/1] Assimilating GN05 01:00 (191 rays) …
  Running joint (batch) KF assimilation …
  Prior RMSE        : 14.321 TECU
  Post  RMSE (seq)  : 3.580 TECU
  Post  RMSE (joint): 3.580 TECU
  -> Running Lei-Abel inversion...
    [Abel] GN05 01:00: NmF2=2.97e+11 m⁻³  hmF2=474.9 km
/home/austinhunter/IonosphereTomography/demo_group.py:1169: MatplotlibDeprecationWarning: The get_cmap function was deprecated in Matplotlib 3.7 and will be removed in 3.11. Use ``matplotlib.colormaps[name]`` or ``matplotlib.colormaps.get_cmap()`` or ``pyplot.get_cmap()`` instead.
  cmap      = mpl.colormaps.get_cmap(cmap_name)
/home/austinhunter/IonosphereTomography/demo_group.py:1435: UserWarning: This figure includes Axes that are not compatible with tight_layout, so results might be incorrect.
  plt.tight_layout()
  Saved group plot (Sequential KF) → ./Figures/GroupKF/group_2024-10-10_0100__LAT-060_LON+120_seq.png
/home/austinhunter/IonosphereTomography/demo_group.py:1169: MatplotlibDeprecationWarning: The get_cmap function was deprecated in Matplotlib 3.7 and will be removed in 3.11. Use ``matplotlib.colormaps[name]`` or ``matplotlib.colormaps.get_cmap()`` or ``pyplot.get_cmap()`` instead.
  cmap      = mpl.colormaps.get_cmap(cmap_name)
/home/austinhunter/IonosphereTomography/demo_group.py:1435: UserWarning: This figure includes Axes that are not compatible with tight_layout, so results might be incorrect.
  plt.tight_layout()
  Saved group plot (Joint KF) → ./Figures/GroupKF/group_2024-10-10_0100__LAT-060_LON+120_joint.png
/home/austinhunter/IonosphereTomography/demo_group.py:953: MatplotlibDeprecationWarning: The get_cmap function was deprecated in Matplotlib 3.7 and will be removed in 3.11. Use ``matplotlib.colormaps[name]`` or ``matplotlib.colormaps.get_cmap()`` or ``pyplot.get_cmap()`` instead.
  step_cmap    = mpl.colormaps.get_cmap("viridis", max(n_occs, 2))
  Saved sequential plot → ./Figures/GroupKF/group_2024-10-10_0100__LAT-060_LON+120_sequential.png

[15/494]
────────────────────────────────────────────────────────────
  Group : 2024-10-10_0100__LAT-060_LON-060
  Window: 2024-10-10_0100  |  Region: LAT-060_LON-060  |  13 occultation(s)
────────────────────────────────────────────────────────────
E34 is rising
G6 is rising
C35 is rising
C40 is rising
G12 is rising
C24 is rising
E27 is rising
E29 is rising
Data Flipped: C37 is setting
Data Flipped: R24 is setting
Data Flipped: C27 is setting
Data Flipped: E5 is setting
Data Flipped: E31 is setting
  Parsed 13/13 files successfully.
  Bounding box: lat [-90.0, -1.6]  lon [-98.2, 28.2]  |  vertices: 282
  [trim] n_geo=282 > MAX_MESH_VERTICES=200 — dropping GN05 01:02 (20.9° from centroid)
  Bounding box: lat [-90.0, -4.3]  lon [-98.2, 28.2]  |  vertices: 268
  [trim] n_geo=268 > MAX_MESH_VERTICES=200 — dropping GN05 01:01 (22.1° from centroid)
  Bounding box: lat [-90.0, -6.5]  lon [-98.2, 28.2]  |  vertices: 257
  [trim] n_geo=257 > MAX_MESH_VERTICES=200 — dropping GN05 01:03 (21.3° from centroid)
  Bounding box: lat [-90.0, -6.5]  lon [-98.2, 28.2]  |  vertices: 257
  [trim] n_geo=257 > MAX_MESH_VERTICES=200 — dropping GN05 01:20 (22.3° from centroid)
  Bounding box: lat [-90.0, -6.5]  lon [-55.4, 28.2]  |  vertices: 170
  Final group: 9 occultation(s), 170 mesh vertices
  [warn] Trim diagnostic plot failed: cannot access local variable 'cfg' where it is not associated with a value
  [1/9] Building H for GN05 01:03 (429 rays) …
  -> Building H Matrix (429 rays, parallel)...
  [2/9] Building H for GN05 01:05 (384 rays) …
  -> Building H Matrix (384 rays, parallel)...
  [3/9] Building H for GN05 01:05 (376 rays) …
  -> Building H Matrix (376 rays, parallel)...
  [4/9] Building H for GN05 01:06 (385 rays) …
  -> Building H Matrix (385 rays, parallel)...
  [5/9] Building H for GN05 01:08 (698 rays) …
  -> Building H Matrix (698 rays, parallel)...
  [6/9] Building H for GN05 01:16 (379 rays) …
  -> Building H Matrix (379 rays, parallel)...
  [7/9] Building H for GN05 01:18 (468 rays) …
  -> Building H Matrix (468 rays, parallel)...
  [8/9] Building H for GN05 01:19 (446 rays) …
  -> Building H Matrix (446 rays, parallel)...
  [9/9] Building H for GN05 01:21 (433 rays) …
  -> Building H Matrix (433 rays, parallel)...
  Combined H shape : (3998, 9350)  (total rays = 3998)
  Running sequential KF assimilation …
  [step 1/9] Assimilating GN05 01:03 (429 rays) …
  [step 2/9] Assimilating GN05 01:05 (384 rays) …
  [step 3/9] Assimilating GN05 01:05 (376 rays) …
  [step 4/9] Assimilating GN05 01:06 (385 rays) …
  [step 5/9] Assimilating GN05 01:08 (698 rays) …
  [step 6/9] Assimilating GN05 01:16 (379 rays) …
  [step 7/9] Assimilating GN05 01:18 (468 rays) …
  [step 8/9] Assimilating GN05 01:19 (446 rays) …
  [step 9/9] Assimilating GN05 01:21 (433 rays) …
  Running joint (batch) KF assimilation …
  Prior RMSE        : 149.815 TECU
  Post  RMSE (seq)  : 31.986 TECU
  Post  RMSE (joint): 10.372 TECU
  -> Running Lei-Abel inversion...
    [Abel] GN05 01:03: NmF2=3.10e+11 m⁻³  hmF2=374.0 km
  -> Running Lei-Abel inversion...
    [Abel] GN05 01:05: NmF2=3.48e+11 m⁻³  hmF2=387.5 km
  -> Running Lei-Abel inversion...
    [Abel] GN05 01:05: NmF2=2.97e+11 m⁻³  hmF2=403.0 km
  -> Running Lei-Abel inversion...
    [Abel] GN05 01:06: NmF2=3.88e+11 m⁻³  hmF2=365.9 km
  -> Running Lei-Abel inversion...
    [Abel] GN05 01:08: NmF2=2.25e+11 m⁻³  hmF2=407.7 km
  -> Running Lei-Abel inversion...
    [Abel] GN05 01:16: NmF2=2.17e+11 m⁻³  hmF2=420.8 km
  -> Running Lei-Abel inversion...
    [Abel] GN05 01:18: NmF2=3.56e+11 m⁻³  hmF2=392.2 km
  -> Running Lei-Abel inversion...
    [Abel] GN05 01:19: NmF2=4.09e+11 m⁻³  hmF2=360.8 km
  -> Running Lei-Abel inversion...
    [Abel] GN05 01:21: NmF2=3.86e+11 m⁻³  hmF2=366.3 km
/home/austinhunter/IonosphereTomography/demo_group.py:1169: MatplotlibDeprecationWarning: The get_cmap function was deprecated in Matplotlib 3.7 and will be removed in 3.11. Use ``matplotlib.colormaps[name]`` or ``matplotlib.colormaps.get_cmap()`` or ``pyplot.get_cmap()`` instead.
  cmap      = mpl.colormaps.get_cmap(cmap_name)
/home/austinhunter/IonosphereTomography/demo_group.py:1435: UserWarning: This figure includes Axes that are not compatible with tight_layout, so results might be incorrect.
  plt.tight_layout()
  Saved group plot (Sequential KF) → ./Figures/GroupKF/group_2024-10-10_0100__LAT-060_LON-060_seq.png
/home/austinhunter/IonosphereTomography/demo_group.py:1169: MatplotlibDeprecationWarning: The get_cmap function was deprecated in Matplotlib 3.7 and will be removed in 3.11. Use ``matplotlib.colormaps[name]`` or ``matplotlib.colormaps.get_cmap()`` or ``pyplot.get_cmap()`` instead.
  cmap      = mpl.colormaps.get_cmap(cmap_name)
/home/austinhunter/IonosphereTomography/demo_group.py:1435: UserWarning: This figure includes Axes that are not compatible with tight_layout, so results might be incorrect.
  plt.tight_layout()
  Saved group plot (Joint KF) → ./Figures/GroupKF/group_2024-10-10_0100__LAT-060_LON-060_joint.png
/home/austinhunter/IonosphereTomography/demo_group.py:953: MatplotlibDeprecationWarning: The get_cmap function was deprecated in Matplotlib 3.7 and will be removed in 3.11. Use ``matplotlib.colormaps[name]`` or ``matplotlib.colormaps.get_cmap()`` or ``pyplot.get_cmap()`` instead.
  step_cmap    = mpl.colormaps.get_cmap("viridis", max(n_occs, 2))
  Saved sequential plot → ./Figures/GroupKF/group_2024-10-10_0100__LAT-060_LON-060_sequential.png

[16/494]
────────────────────────────────────────────────────────────
  Group : 2024-10-10_0100__POLAR_N
  Window: 2024-10-10_0100  |  Region: POLAR_N  |  16 occultation(s)
────────────────────────────────────────────────────────────
E10 is rising
C30 is rising
E12 is rising
G26 is rising
R24 is rising
C37 is rising
G9 is rising
C27 is rising
Data Flipped: G15 is setting
E31 is rising
E5 is rising
Data Flipped: R16 is setting
Data Flipped: E7 is setting
Data Flipped: E13 is setting
Data Flipped: R21 is setting
Data Flipped: C34 is setting
  Parsed 16/16 files successfully.
  Bounding box: lat [65.0, 90.0]  lon [-180.0, 180.0]  |  vertices: 77
  Final group: 16 occultation(s), 77 mesh vertices
  [warn] Trim diagnostic plot failed: cannot access local variable 'cfg' where it is not associated with a value
  [1/16] Building H for GN04 01:04 (441 rays) …
  -> Building H Matrix (441 rays, parallel)...
  [2/16] Building H for GN04 01:06 (507 rays) …
  -> Building H Matrix (507 rays, parallel)...
  [3/16] Building H for GN04 01:09 (482 rays) …
  -> Building H Matrix (482 rays, parallel)...
  [4/16] Building H for GN04 01:10 (666 rays) …
  -> Building H Matrix (666 rays, parallel)...
  [5/16] Building H for GN04 01:12 (456 rays) …
  -> Building H Matrix (456 rays, parallel)...
  [6/16] Building H for GN04 01:13 (400 rays) …
  -> Building H Matrix (400 rays, parallel)...
  [7/16] Building H for GN04 01:14 (542 rays) …
  -> Building H Matrix (542 rays, parallel)...
  [8/16] Building H for GN04 01:14 (439 rays) …
  -> Building H Matrix (439 rays, parallel)...
  [9/16] Building H for GN04 01:19 (388 rays) …
  -> Building H Matrix (388 rays, parallel)...
  [10/16] Building H for GN04 01:19 (520 rays) …
  -> Building H Matrix (520 rays, parallel)...
  [11/16] Building H for GN04 01:19 (553 rays) …
  -> Building H Matrix (553 rays, parallel)...
  [12/16] Building H for GN04 01:22 (486 rays) …
  -> Building H Matrix (486 rays, parallel)...
  [13/16] Building H for GN04 01:22 (420 rays) …
  -> Building H Matrix (420 rays, parallel)...
  [14/16] Building H for GN04 01:23 (439 rays) …
  -> Building H Matrix (439 rays, parallel)...
  [15/16] Building H for GN04 01:26 (497 rays) …
  -> Building H Matrix (497 rays, parallel)...
  [16/16] Building H for GN04 01:28 (522 rays) …
  -> Building H Matrix (522 rays, parallel)...
  Combined H shape : (7758, 4235)  (total rays = 7758)
  Running sequential KF assimilation …
  [step 1/16] Assimilating GN04 01:04 (441 rays) …
  [step 2/16] Assimilating GN04 01:06 (507 rays) …
  [step 3/16] Assimilating GN04 01:09 (482 rays) …
  [step 4/16] Assimilating GN04 01:10 (666 rays) …
  [step 5/16] Assimilating GN04 01:12 (456 rays) …
  [step 6/16] Assimilating GN04 01:13 (400 rays) …
  [step 7/16] Assimilating GN04 01:14 (542 rays) …
  [step 8/16] Assimilating GN04 01:14 (439 rays) …
  [step 9/16] Assimilating GN04 01:19 (388 rays) …
  [step 10/16] Assimilating GN04 01:19 (520 rays) …
  [step 11/16] Assimilating GN04 01:19 (553 rays) …
  [step 12/16] Assimilating GN04 01:22 (486 rays) …
  [step 13/16] Assimilating GN04 01:22 (420 rays) …
  [step 14/16] Assimilating GN04 01:23 (439 rays) …
  [step 15/16] Assimilating GN04 01:26 (497 rays) …
  [step 16/16] Assimilating GN04 01:28 (522 rays) …
  Running joint (batch) KF assimilation …
  Prior RMSE        : 59.760 TECU
  Post  RMSE (seq)  : 43.892 TECU
  Post  RMSE (joint): 30.191 TECU
  -> Running Lei-Abel inversion...
    [Abel] GN04 01:04: NmF2=5.33e+11 m⁻³  hmF2=353.9 km
  -> Running Lei-Abel inversion...
    [Abel] GN04 01:06: NmF2=5.68e+11 m⁻³  hmF2=328.4 km
  -> Running Lei-Abel inversion...
    [Abel] GN04 01:09: NmF2=4.17e+11 m⁻³  hmF2=399.4 km
  -> Running Lei-Abel inversion...
    [Abel] GN04 01:10: NmF2=5.12e+11 m⁻³  hmF2=349.9 km
  -> Running Lei-Abel inversion...
    [Abel] GN04 01:12: NmF2=5.42e+11 m⁻³  hmF2=280.5 km
  -> Running Lei-Abel inversion...
    [Abel] GN04 01:13: NmF2=4.12e+11 m⁻³  hmF2=477.7 km
  -> Running Lei-Abel inversion...
    [Abel] GN04 01:14: NmF2=6.84e+11 m⁻³  hmF2=275.2 km
  -> Running Lei-Abel inversion...
    [Abel] GN04 01:14: NmF2=6.83e+11 m⁻³  hmF2=273.2 km
  -> Running Lei-Abel inversion...
    [Abel] GN04 01:19: NmF2=2.67e+11 m⁻³  hmF2=307.9 km
  -> Running Lei-Abel inversion...
    [Abel] GN04 01:19: NmF2=9.30e+11 m⁻³  hmF2=263.4 km
  -> Running Lei-Abel inversion...
    [Abel] GN04 01:19: NmF2=7.91e+11 m⁻³  hmF2=249.6 km
  -> Running Lei-Abel inversion...
    [Abel] GN04 01:22: NmF2=4.12e+11 m⁻³  hmF2=346.8 km
  -> Running Lei-Abel inversion...
    [Abel] GN04 01:22: NmF2=4.42e+11 m⁻³  hmF2=405.9 km
  -> Running Lei-Abel inversion...
    [Abel] GN04 01:23: NmF2=5.16e+11 m⁻³  hmF2=357.7 km
  -> Running Lei-Abel inversion...
    [Abel] GN04 01:26: NmF2=5.12e+11 m⁻³  hmF2=329.3 km
  -> Running Lei-Abel inversion...
    [Abel] GN04 01:28: NmF2=5.02e+11 m⁻³  hmF2=286.4 km
/home/austinhunter/IonosphereTomography/demo_group.py:1169: MatplotlibDeprecationWarning: The get_cmap function was deprecated in Matplotlib 3.7 and will be removed in 3.11. Use ``matplotlib.colormaps[name]`` or ``matplotlib.colormaps.get_cmap()`` or ``pyplot.get_cmap()`` instead.
  cmap      = mpl.colormaps.get_cmap(cmap_name)
/home/austinhunter/IonosphereTomography/demo_group.py:1435: UserWarning: This figure includes Axes that are not compatible with tight_layout, so results might be incorrect.
  plt.tight_layout()
  Saved group plot (Sequential KF) → ./Figures/GroupKF/group_2024-10-10_0100__POLAR_N_seq.png
/home/austinhunter/IonosphereTomography/demo_group.py:1169: MatplotlibDeprecationWarning: The get_cmap function was deprecated in Matplotlib 3.7 and will be removed in 3.11. Use ``matplotlib.colormaps[name]`` or ``matplotlib.colormaps.get_cmap()`` or ``pyplot.get_cmap()`` instead.
  cmap      = mpl.colormaps.get_cmap(cmap_name)
/home/austinhunter/IonosphereTomography/demo_group.py:1435: UserWarning: This figure includes Axes that are not compatible with tight_layout, so results might be incorrect.
  plt.tight_layout()
  Saved group plot (Joint KF) → ./Figures/GroupKF/group_2024-10-10_0100__POLAR_N_joint.png
/home/austinhunter/IonosphereTomography/demo_group.py:953: MatplotlibDeprecationWarning: The get_cmap function was deprecated in Matplotlib 3.7 and will be removed in 3.11. Use ``matplotlib.colormaps[name]`` or ``matplotlib.colormaps.get_cmap()`` or ``pyplot.get_cmap()`` instead.
  step_cmap    = mpl.colormaps.get_cmap("viridis", max(n_occs, 2))
  Saved sequential plot → ./Figures/GroupKF/group_2024-10-10_0100__POLAR_N_sequential.png

[17/494]
────────────────────────────────────────────────────────────
  Group : 2024-10-10_0100__LAT+000_LON-060
  Window: 2024-10-10_0100  |  Region: LAT+000_LON-060  |  21 occultation(s)
────────────────────────────────────────────────────────────
Data Flipped: G10 is setting
Data Flipped: G30 is setting
Data Flipped: R4 is setting
Data Flipped: E3 is setting
No valid descending tangent points found. Skipping.
    [skip] podTc2_GN04.2024.284.01.12.0020.E25.00_0000.0001_nc — parse returned None
Data Flipped: C36 is setting
Data Flipped: G23 is setting
R18 is rising
E36 is rising
R1 is rising
C29 is rising
R2 is rising
G3 is rising
C32 is rising
E4 is rising
G17 is rising
C41 is rising
C20 is rising
R3 is rising
E6 is rising
G31 is rising
  Parsed 20/21 files successfully.
  Bounding box: lat [-80.7, 72.3]  lon [33.2, -16.2]  |  vertices: 1381
  [trim] n_geo=1381 > MAX_MESH_VERTICES=200 — dropping GN05 01:10 (106.6° from centroid)
  Bounding box: lat [-35.4, 72.3]  lon [-77.9, -16.2]  |  vertices: 217
  [trim] n_geo=217 > MAX_MESH_VERTICES=200 — dropping GN05 01:23 (19.6° from centroid)
  Bounding box: lat [-15.8, 72.3]  lon [-77.9, -16.2]  |  vertices: 174
  Final group: 18 occultation(s), 174 mesh vertices
  [warn] Trim diagnostic plot failed: cannot access local variable 'cfg' where it is not associated with a value
  [1/18] Building H for GN04 01:12 (105 rays) …
  -> Building H Matrix (105 rays, parallel)...
  [2/18] Building H for GN04 01:12 (144 rays) …
  -> Building H Matrix (144 rays, parallel)...
  [3/18] Building H for GN04 01:12 (161 rays) …
  -> Building H Matrix (161 rays, parallel)...
  [4/18] Building H for GN04 01:13 (106 rays) …
  -> Building H Matrix (106 rays, parallel)...
  [5/18] Building H for GN04 01:15 (287 rays) …
  -> Building H Matrix (287 rays, parallel)...
  [6/18] Building H for GN05 01:19 (195 rays) …
  -> Building H Matrix (195 rays, parallel)...
  [7/18] Building H for GN05 01:19 (194 rays) …
  -> Building H Matrix (194 rays, parallel)...
  [8/18] Building H for GN05 01:19 (278 rays) …
  -> Building H Matrix (278 rays, parallel)...
  [9/18] Building H for GN05 01:20 (220 rays) …
  -> Building H Matrix (220 rays, parallel)...
  [10/18] Building H for GN05 01:20 (170 rays) …
  -> Building H Matrix (170 rays, parallel)...
  [11/18] Building H for GN05 01:21 (110 rays) …
  -> Building H Matrix (110 rays, parallel)...
  [12/18] Building H for GN05 01:22 (152 rays) …
  -> Building H Matrix (152 rays, parallel)...
  [13/18] Building H for GN05 01:23 (147 rays) …
  -> Building H Matrix (147 rays, parallel)...
  [14/18] Building H for GN05 01:23 (154 rays) …
  -> Building H Matrix (154 rays, parallel)...
  [15/18] Building H for GN05 01:25 (156 rays) …
  -> Building H Matrix (156 rays, parallel)...
  [16/18] Building H for GN05 01:25 (199 rays) …
  -> Building H Matrix (199 rays, parallel)...
  [17/18] Building H for GN05 01:26 (288 rays) …
  -> Building H Matrix (288 rays, parallel)...
  [18/18] Building H for GN05 01:27 (113 rays) …
  -> Building H Matrix (113 rays, parallel)...
  Combined H shape : (3179, 9570)  (total rays = 3179)
  Running sequential KF assimilation …
  [step 1/18] Assimilating GN04 01:12 (105 rays) …
  [step 2/18] Assimilating GN04 01:12 (144 rays) …
  [step 3/18] Assimilating GN04 01:12 (161 rays) …
  [step 4/18] Assimilating GN04 01:13 (106 rays) …
  [step 5/18] Assimilating GN04 01:15 (287 rays) …
  [step 6/18] Assimilating GN05 01:19 (195 rays) …
  [step 7/18] Assimilating GN05 01:19 (194 rays) …
  [step 8/18] Assimilating GN05 01:19 (278 rays) …
  [step 9/18] Assimilating GN05 01:20 (220 rays) …
  [step 10/18] Assimilating GN05 01:20 (170 rays) …
  [step 11/18] Assimilating GN05 01:21 (110 rays) …
  [step 12/18] Assimilating GN05 01:22 (152 rays) …
  [step 13/18] Assimilating GN05 01:23 (147 rays) …
  [step 14/18] Assimilating GN05 01:23 (154 rays) …
  [step 15/18] Assimilating GN05 01:25 (156 rays) …
  [step 16/18] Assimilating GN05 01:25 (199 rays) …
  [step 17/18] Assimilating GN05 01:26 (288 rays) …
  [step 18/18] Assimilating GN05 01:27 (113 rays) …
  Running joint (batch) KF assimilation …
  Prior RMSE        : 204.647 TECU
  Post  RMSE (seq)  : 124.688 TECU
  Post  RMSE (joint): 113.403 TECU
  -> Running Lei-Abel inversion...
    [Abel] GN04 01:12: NmF2=1.74e+12 m⁻³  hmF2=538.1 km
  -> Running Lei-Abel inversion...
    [Abel] GN04 01:12: NmF2=1.88e+11 m⁻³  hmF2=584.9 km
  -> Running Lei-Abel inversion...
    [Abel] GN04 01:12: NmF2=2.15e+12 m⁻³  hmF2=494.3 km
  -> Running Lei-Abel inversion...
    [Abel] GN04 01:13: NmF2=1.36e+12 m⁻³  hmF2=537.3 km
  -> Running Lei-Abel inversion...
    [Abel] GN04 01:15: NmF2=1.16e+12 m⁻³  hmF2=508.3 km
  -> Running Lei-Abel inversion...
    [Abel] GN05 01:19: NmF2=1.30e+12 m⁻³  hmF2=548.2 km
  -> Running Lei-Abel inversion...
    [Abel] GN05 01:19: NmF2=1.45e+12 m⁻³  hmF2=550.1 km
  -> Running Lei-Abel inversion...
    [Abel] GN05 01:19: NmF2=7.57e+11 m⁻³  hmF2=413.3 km
  -> Running Lei-Abel inversion...
    [Abel] GN05 01:20: NmF2=2.65e+12 m⁻³  hmF2=562.5 km
  -> Running Lei-Abel inversion...
    [Abel] GN05 01:20: NmF2=9.29e+11 m⁻³  hmF2=470.1 km
  -> Running Lei-Abel inversion...
    [Abel] GN05 01:21: NmF2=8.29e+11 m⁻³  hmF2=547.5 km
  -> Running Lei-Abel inversion...
    [Abel] GN05 01:22: NmF2=1.19e+12 m⁻³  hmF2=496.7 km
  -> Running Lei-Abel inversion...
    [Abel] GN05 01:23: NmF2=1.25e+12 m⁻³  hmF2=495.3 km
  -> Running Lei-Abel inversion...
    [Abel] GN05 01:23: NmF2=1.42e+12 m⁻³  hmF2=548.9 km
  -> Running Lei-Abel inversion...
    [Abel] GN05 01:25: NmF2=1.31e+12 m⁻³  hmF2=542.8 km
  -> Running Lei-Abel inversion...
    [Abel] GN05 01:25: NmF2=2.49e+12 m⁻³  hmF2=544.0 km
  -> Running Lei-Abel inversion...
    [Abel] GN05 01:26: NmF2=1.63e+12 m⁻³  hmF2=336.7 km
  -> Running Lei-Abel inversion...
    [Abel] GN05 01:27: NmF2=7.99e+11 m⁻³  hmF2=531.4 km
/home/austinhunter/IonosphereTomography/demo_group.py:1169: MatplotlibDeprecationWarning: The get_cmap function was deprecated in Matplotlib 3.7 and will be removed in 3.11. Use ``matplotlib.colormaps[name]`` or ``matplotlib.colormaps.get_cmap()`` or ``pyplot.get_cmap()`` instead.
  cmap      = mpl.colormaps.get_cmap(cmap_name)
/home/austinhunter/IonosphereTomography/demo_group.py:1435: UserWarning: This figure includes Axes that are not compatible with tight_layout, so results might be incorrect.
  plt.tight_layout()
  Saved group plot (Sequential KF) → ./Figures/GroupKF/group_2024-10-10_0100__LAT+000_LON-060_seq.png
/home/austinhunter/IonosphereTomography/demo_group.py:1169: MatplotlibDeprecationWarning: The get_cmap function was deprecated in Matplotlib 3.7 and will be removed in 3.11. Use ``matplotlib.colormaps[name]`` or ``matplotlib.colormaps.get_cmap()`` or ``pyplot.get_cmap()`` instead.
  cmap      = mpl.colormaps.get_cmap(cmap_name)
/home/austinhunter/IonosphereTomography/demo_group.py:1435: UserWarning: This figure includes Axes that are not compatible with tight_layout, so results might be incorrect.
  plt.tight_layout()
  Saved group plot (Joint KF) → ./Figures/GroupKF/group_2024-10-10_0100__LAT+000_LON-060_joint.png
/home/austinhunter/IonosphereTomography/demo_group.py:953: MatplotlibDeprecationWarning: The get_cmap function was deprecated in Matplotlib 3.7 and will be removed in 3.11. Use ``matplotlib.colormaps[name]`` or ``matplotlib.colormaps.get_cmap()`` or ``pyplot.get_cmap()`` instead.
  step_cmap    = mpl.colormaps.get_cmap("viridis", max(n_occs, 2))
  Saved sequential plot → ./Figures/GroupKF/group_2024-10-10_0100__LAT+000_LON-060_sequential.png

[18/494]
────────────────────────────────────────────────────────────
  Group : 2024-10-10_0100__LAT+000_LON-120
  Window: 2024-10-10_0100  |  Region: LAT+000_LON-120  |  4 occultation(s)
────────────────────────────────────────────────────────────
Data Flipped: R15 is setting
Data Flipped: R5 is setting
Data Flipped: C22 is setting
Data Flipped: G14 is setting
  Parsed 4/4 files successfully.
  Bounding box: lat [0.8, 56.1]  lon [-105.7, -38.4]  |  vertices: 127
  Final group: 4 occultation(s), 127 mesh vertices
  [warn] Trim diagnostic plot failed: cannot access local variable 'cfg' where it is not associated with a value
  [1/4] Building H for GN04 01:12 (274 rays) …
  -> Building H Matrix (274 rays, parallel)...
  [2/4] Building H for GN04 01:12 (239 rays) …
  -> Building H Matrix (239 rays, parallel)...
  [3/4] Building H for GN04 01:13 (484 rays) …
  -> Building H Matrix (484 rays, parallel)...
  [4/4] Building H for GN04 01:13 (475 rays) …
  -> Building H Matrix (475 rays, parallel)...
  Combined H shape : (1472, 6985)  (total rays = 1472)
  Running sequential KF assimilation …
  [step 1/4] Assimilating GN04 01:12 (274 rays) …
  [step 2/4] Assimilating GN04 01:12 (239 rays) …
  [step 3/4] Assimilating GN04 01:13 (484 rays) …
  [step 4/4] Assimilating GN04 01:13 (475 rays) …
  Running joint (batch) KF assimilation …
  Prior RMSE        : 149.349 TECU
  Post  RMSE (seq)  : 119.136 TECU
  Post  RMSE (joint): 105.985 TECU
  -> Running Lei-Abel inversion...
    [Abel] GN04 01:12: NmF2=3.03e+12 m⁻³  hmF2=333.4 km
  -> Running Lei-Abel inversion...
    [Abel] GN04 01:12: NmF2=2.57e+12 m⁻³  hmF2=421.6 km
  -> Running Lei-Abel inversion...
    [Abel] GN04 01:13: NmF2=1.05e+12 m⁻³  hmF2=310.7 km
  -> Running Lei-Abel inversion...
    [Abel] GN04 01:13: NmF2=2.85e+12 m⁻³  hmF2=298.8 km
/home/austinhunter/IonosphereTomography/demo_group.py:1169: MatplotlibDeprecationWarning: The get_cmap function was deprecated in Matplotlib 3.7 and will be removed in 3.11. Use ``matplotlib.colormaps[name]`` or ``matplotlib.colormaps.get_cmap()`` or ``pyplot.get_cmap()`` instead.
  cmap      = mpl.colormaps.get_cmap(cmap_name)
/home/austinhunter/IonosphereTomography/demo_group.py:1435: UserWarning: This figure includes Axes that are not compatible with tight_layout, so results might be incorrect.
  plt.tight_layout()
  Saved group plot (Sequential KF) → ./Figures/GroupKF/group_2024-10-10_0100__LAT+000_LON-120_seq.png
/home/austinhunter/IonosphereTomography/demo_group.py:1169: MatplotlibDeprecationWarning: The get_cmap function was deprecated in Matplotlib 3.7 and will be removed in 3.11. Use ``matplotlib.colormaps[name]`` or ``matplotlib.colormaps.get_cmap()`` or ``pyplot.get_cmap()`` instead.
  cmap      = mpl.colormaps.get_cmap(cmap_name)
/home/austinhunter/IonosphereTomography/demo_group.py:1435: UserWarning: This figure includes Axes that are not compatible with tight_layout, so results might be incorrect.
  plt.tight_layout()
  Saved group plot (Joint KF) → ./Figures/GroupKF/group_2024-10-10_0100__LAT+000_LON-120_joint.png
/home/austinhunter/IonosphereTomography/demo_group.py:953: MatplotlibDeprecationWarning: The get_cmap function was deprecated in Matplotlib 3.7 and will be removed in 3.11. Use ``matplotlib.colormaps[name]`` or ``matplotlib.colormaps.get_cmap()`` or ``pyplot.get_cmap()`` instead.
  step_cmap    = mpl.colormaps.get_cmap("viridis", max(n_occs, 2))
  Saved sequential plot → ./Figures/GroupKF/group_2024-10-10_0100__LAT+000_LON-120_sequential.png

[19/494]
────────────────────────────────────────────────────────────
  Group : 2024-10-10_0100__LAT+030_LON+120
  Window: 2024-10-10_0100  |  Region: LAT+030_LON+120  |  5 occultation(s)
────────────────────────────────────────────────────────────
G8 is rising
E24 is rising
G7 is rising
R14 is rising
G30 is rising
  Parsed 5/5 files successfully.
  Bounding box: lat [1.6, 87.2]  lon [102.5, -157.4]  |  vertices: 223
  [trim] n_geo=223 > MAX_MESH_VERTICES=200 — dropping GN04 01:23 (78.3° from centroid)
  Bounding box: lat [1.6, 87.2]  lon [102.5, 167.5]  |  vertices: 145
  Final group: 4 occultation(s), 145 mesh vertices
  [warn] Trim diagnostic plot failed: cannot access local variable 'cfg' where it is not associated with a value
  [1/4] Building H for GN04 01:19 (426 rays) …
  -> Building H Matrix (426 rays, parallel)...
  [2/4] Building H for GN04 01:22 (382 rays) …
  -> Building H Matrix (382 rays, parallel)...
  [3/4] Building H for GN04 01:24 (364 rays) …
  -> Building H Matrix (364 rays, parallel)...
  [4/4] Building H for GN04 01:29 (344 rays) …
  -> Building H Matrix (344 rays, parallel)...
  Combined H shape : (1516, 7975)  (total rays = 1516)
  Running sequential KF assimilation …
  [step 1/4] Assimilating GN04 01:19 (426 rays) …
  [step 2/4] Assimilating GN04 01:22 (382 rays) …
  [step 3/4] Assimilating GN04 01:24 (364 rays) …
  [step 4/4] Assimilating GN04 01:29 (344 rays) …
  Running joint (batch) KF assimilation …
  Prior RMSE        : 203.138 TECU
  Post  RMSE (seq)  : 100.838 TECU
  Post  RMSE (joint): 60.481 TECU
  -> Running Lei-Abel inversion...
    [Abel] GN04 01:19: NmF2=1.53e+12 m⁻³  hmF2=275.4 km
  -> Running Lei-Abel inversion...
    [Abel] GN04 01:22: NmF2=1.76e+12 m⁻³  hmF2=276.5 km
  -> Running Lei-Abel inversion...
    [Abel] GN04 01:24: NmF2=1.68e+12 m⁻³  hmF2=276.6 km
  -> Running Lei-Abel inversion...
    [Abel] GN04 01:29: NmF2=2.29e+12 m⁻³  hmF2=293.8 km
/home/austinhunter/IonosphereTomography/demo_group.py:1169: MatplotlibDeprecationWarning: The get_cmap function was deprecated in Matplotlib 3.7 and will be removed in 3.11. Use ``matplotlib.colormaps[name]`` or ``matplotlib.colormaps.get_cmap()`` or ``pyplot.get_cmap()`` instead.
  cmap      = mpl.colormaps.get_cmap(cmap_name)
/home/austinhunter/IonosphereTomography/demo_group.py:1435: UserWarning: This figure includes Axes that are not compatible with tight_layout, so results might be incorrect.
  plt.tight_layout()
  Saved group plot (Sequential KF) → ./Figures/GroupKF/group_2024-10-10_0100__LAT+030_LON+120_seq.png
/home/austinhunter/IonosphereTomography/demo_group.py:1169: MatplotlibDeprecationWarning: The get_cmap function was deprecated in Matplotlib 3.7 and will be removed in 3.11. Use ``matplotlib.colormaps[name]`` or ``matplotlib.colormaps.get_cmap()`` or ``pyplot.get_cmap()`` instead.
  cmap      = mpl.colormaps.get_cmap(cmap_name)
/home/austinhunter/IonosphereTomography/demo_group.py:1435: UserWarning: This figure includes Axes that are not compatible with tight_layout, so results might be incorrect.
  plt.tight_layout()
  Saved group plot (Joint KF) → ./Figures/GroupKF/group_2024-10-10_0100__LAT+030_LON+120_joint.png
/home/austinhunter/IonosphereTomography/demo_group.py:953: MatplotlibDeprecationWarning: The get_cmap function was deprecated in Matplotlib 3.7 and will be removed in 3.11. Use ``matplotlib.colormaps[name]`` or ``matplotlib.colormaps.get_cmap()`` or ``pyplot.get_cmap()`` instead.
  step_cmap    = mpl.colormaps.get_cmap("viridis", max(n_occs, 2))
  Saved sequential plot → ./Figures/GroupKF/group_2024-10-10_0100__LAT+030_LON+120_sequential.png

[20/494]
────────────────────────────────────────────────────────────
  Group : 2024-10-10_0100__LAT+000_LON+060
  Window: 2024-10-10_0100  |  Region: LAT+000_LON+060  |  2 occultation(s)
────────────────────────────────────────────────────────────
C28 is rising
E33 is rising
  Parsed 2/2 files successfully.
  Bounding box: lat [-13.1, 55.4]  lon [77.1, 139.1]  |  vertices: 150
  Final group: 2 occultation(s), 150 mesh vertices
  [warn] Trim diagnostic plot failed: cannot access local variable 'cfg' where it is not associated with a value
  [1/2] Building H for GN04 01:23 (565 rays) …
  -> Building H Matrix (565 rays, parallel)...
  [2/2] Building H for GN04 01:25 (548 rays) …
  -> Building H Matrix (548 rays, parallel)...
  Combined H shape : (1113, 8250)  (total rays = 1113)
  Running sequential KF assimilation …
  [step 1/2] Assimilating GN04 01:23 (565 rays) …
  [step 2/2] Assimilating GN04 01:25 (548 rays) …
  Running joint (batch) KF assimilation …
  Prior RMSE        : 271.807 TECU
  Post  RMSE (seq)  : 53.156 TECU
  Post  RMSE (joint): 50.063 TECU
  -> Running Lei-Abel inversion...
    [Abel] GN04 01:23: NmF2=2.24e+12 m⁻³  hmF2=270.5 km
  -> Running Lei-Abel inversion...
    [Abel] GN04 01:25: NmF2=2.80e+12 m⁻³  hmF2=312.0 km
/home/austinhunter/IonosphereTomography/demo_group.py:1169: MatplotlibDeprecationWarning: The get_cmap function was deprecated in Matplotlib 3.7 and will be removed in 3.11. Use ``matplotlib.colormaps[name]`` or ``matplotlib.colormaps.get_cmap()`` or ``pyplot.get_cmap()`` instead.
  cmap      = mpl.colormaps.get_cmap(cmap_name)
/home/austinhunter/IonosphereTomography/demo_group.py:1435: UserWarning: This figure includes Axes that are not compatible with tight_layout, so results might be incorrect.
  plt.tight_layout()
  Saved group plot (Sequential KF) → ./Figures/GroupKF/group_2024-10-10_0100__LAT+000_LON+060_seq.png
/home/austinhunter/IonosphereTomography/demo_group.py:1169: MatplotlibDeprecationWarning: The get_cmap function was deprecated in Matplotlib 3.7 and will be removed in 3.11. Use ``matplotlib.colormaps[name]`` or ``matplotlib.colormaps.get_cmap()`` or ``pyplot.get_cmap()`` instead.
  cmap      = mpl.colormaps.get_cmap(cmap_name)
/home/austinhunter/IonosphereTomography/demo_group.py:1435: UserWarning: This figure includes Axes that are not compatible with tight_layout, so results might be incorrect.
  plt.tight_layout()
  Saved group plot (Joint KF) → ./Figures/GroupKF/group_2024-10-10_0100__LAT+000_LON+060_joint.png
/home/austinhunter/IonosphereTomography/demo_group.py:953: MatplotlibDeprecationWarning: The get_cmap function was deprecated in Matplotlib 3.7 and will be removed in 3.11. Use ``matplotlib.colormaps[name]`` or ``matplotlib.colormaps.get_cmap()`` or ``pyplot.get_cmap()`` instead.
  step_cmap    = mpl.colormaps.get_cmap("viridis", max(n_occs, 2))
  Saved sequential plot → ./Figures/GroupKF/group_2024-10-10_0100__LAT+000_LON+060_sequential.png

[21/494]
────────────────────────────────────────────────────────────
  Group : 2024-10-10_0100__LAT+030_LON+060
  Window: 2024-10-10_0100  |  Region: LAT+030_LON+060  |  1 occultation(s)
────────────────────────────────────────────────────────────
G27 is rising
  Parsed 1/1 files successfully.
  Bounding box: lat [-2.2, 57.4]  lon [74.4, 140.0]  |  vertices: 132
  Final group: 1 occultation(s), 132 mesh vertices
  [warn] Trim diagnostic plot failed: cannot access local variable 'cfg' where it is not associated with a value
  [1/1] Building H for GN04 01:23 (549 rays) …
  -> Building H Matrix (549 rays, parallel)...
  Combined H shape : (549, 7260)  (total rays = 549)
  Running sequential KF assimilation …
  [step 1/1] Assimilating GN04 01:23 (549 rays) …
  Running joint (batch) KF assimilation …
  Prior RMSE        : 237.210 TECU
  Post  RMSE (seq)  : 28.101 TECU
  Post  RMSE (joint): 28.101 TECU
  -> Running Lei-Abel inversion...
    [Abel] GN04 01:23: NmF2=2.13e+12 m⁻³  hmF2=267.6 km
/home/austinhunter/IonosphereTomography/demo_group.py:1169: MatplotlibDeprecationWarning: The get_cmap function was deprecated in Matplotlib 3.7 and will be removed in 3.11. Use ``matplotlib.colormaps[name]`` or ``matplotlib.colormaps.get_cmap()`` or ``pyplot.get_cmap()`` instead.
  cmap      = mpl.colormaps.get_cmap(cmap_name)
/home/austinhunter/IonosphereTomography/demo_group.py:1435: UserWarning: This figure includes Axes that are not compatible with tight_layout, so results might be incorrect.
  plt.tight_layout()
  Saved group plot (Sequential KF) → ./Figures/GroupKF/group_2024-10-10_0100__LAT+030_LON+060_seq.png
/home/austinhunter/IonosphereTomography/demo_group.py:1169: MatplotlibDeprecationWarning: The get_cmap function was deprecated in Matplotlib 3.7 and will be removed in 3.11. Use ``matplotlib.colormaps[name]`` or ``matplotlib.colormaps.get_cmap()`` or ``pyplot.get_cmap()`` instead.
  cmap      = mpl.colormaps.get_cmap(cmap_name)
/home/austinhunter/IonosphereTomography/demo_group.py:1435: UserWarning: This figure includes Axes that are not compatible with tight_layout, so results might be incorrect.
  plt.tight_layout()
  Saved group plot (Joint KF) → ./Figures/GroupKF/group_2024-10-10_0100__LAT+030_LON+060_joint.png
/home/austinhunter/IonosphereTomography/demo_group.py:953: MatplotlibDeprecationWarning: The get_cmap function was deprecated in Matplotlib 3.7 and will be removed in 3.11. Use ``matplotlib.colormaps[name]`` or ``matplotlib.colormaps.get_cmap()`` or ``pyplot.get_cmap()`` instead.
  step_cmap    = mpl.colormaps.get_cmap("viridis", max(n_occs, 2))
  Saved sequential plot → ./Figures/GroupKF/group_2024-10-10_0100__LAT+030_LON+060_sequential.png

[22/494]
────────────────────────────────────────────────────────────
  Group : 2024-10-10_0100__LAT+030_LON-180
  Window: 2024-10-10_0100  |  Region: LAT+030_LON-180  |  1 occultation(s)
────────────────────────────────────────────────────────────
R4 is rising
  Parsed 1/1 files successfully.
  Bounding box: lat [23.9, 75.2]  lon [120.5, -62.5]  |  vertices: 228
  Final group: 1 occultation(s), 228 mesh vertices
  [warn] Trim diagnostic plot failed: cannot access local variable 'cfg' where it is not associated with a value
  [1/1] Building H for GN04 01:26 (925 rays) …
  -> Building H Matrix (925 rays, parallel)...
  Combined H shape : (925, 12540)  (total rays = 925)
  Running sequential KF assimilation …
  [step 1/1] Assimilating GN04 01:26 (925 rays) …
  Running joint (batch) KF assimilation …
  Prior RMSE        : 169.796 TECU
  Post  RMSE (seq)  : 7.965 TECU
  Post  RMSE (joint): 7.965 TECU
  -> Running Lei-Abel inversion...
    [Abel] GN04 01:26: NmF2=9.16e+11 m⁻³  hmF2=234.8 km
/home/austinhunter/IonosphereTomography/demo_group.py:1169: MatplotlibDeprecationWarning: The get_cmap function was deprecated in Matplotlib 3.7 and will be removed in 3.11. Use ``matplotlib.colormaps[name]`` or ``matplotlib.colormaps.get_cmap()`` or ``pyplot.get_cmap()`` instead.
  cmap      = mpl.colormaps.get_cmap(cmap_name)
/home/austinhunter/IonosphereTomography/demo_group.py:1435: UserWarning: This figure includes Axes that are not compatible with tight_layout, so results might be incorrect.
  plt.tight_layout()
  Saved group plot (Sequential KF) → ./Figures/GroupKF/group_2024-10-10_0100__LAT+030_LON-180_seq.png
/home/austinhunter/IonosphereTomography/demo_group.py:1169: MatplotlibDeprecationWarning: The get_cmap function was deprecated in Matplotlib 3.7 and will be removed in 3.11. Use ``matplotlib.colormaps[name]`` or ``matplotlib.colormaps.get_cmap()`` or ``pyplot.get_cmap()`` instead.
  cmap      = mpl.colormaps.get_cmap(cmap_name)
/home/austinhunter/IonosphereTomography/demo_group.py:1435: UserWarning: This figure includes Axes that are not compatible with tight_layout, so results might be incorrect.
  plt.tight_layout()
  Saved group plot (Joint KF) → ./Figures/GroupKF/group_2024-10-10_0100__LAT+030_LON-180_joint.png
/home/austinhunter/IonosphereTomography/demo_group.py:953: MatplotlibDeprecationWarning: The get_cmap function was deprecated in Matplotlib 3.7 and will be removed in 3.11. Use ``matplotlib.colormaps[name]`` or ``matplotlib.colormaps.get_cmap()`` or ``pyplot.get_cmap()`` instead.
  step_cmap    = mpl.colormaps.get_cmap("viridis", max(n_occs, 2))
  Saved sequential plot → ./Figures/GroupKF/group_2024-10-10_0100__LAT+030_LON-180_sequential.png

[23/494]
────────────────────────────────────────────────────────────
  Group : 2024-10-10_0100__LAT+000_LON+120
  Window: 2024-10-10_0100  |  Region: LAT+000_LON+120  |  1 occultation(s)
────────────────────────────────────────────────────────────
E25 is rising
  Parsed 1/1 files successfully.
  Bounding box: lat [-4.3, 50.8]  lon [109.8, 171.8]  |  vertices: 121
  Final group: 1 occultation(s), 121 mesh vertices
  [warn] Trim diagnostic plot failed: cannot access local variable 'cfg' where it is not associated with a value
  [1/1] Building H for GN04 01:29 (449 rays) …
  -> Building H Matrix (449 rays, parallel)...
  Combined H shape : (449, 6655)  (total rays = 449)
  Running sequential KF assimilation …
  [step 1/1] Assimilating GN04 01:29 (449 rays) …
  Running joint (batch) KF assimilation …
  Prior RMSE        : 234.961 TECU
  Post  RMSE (seq)  : 20.095 TECU
  Post  RMSE (joint): 20.095 TECU
  -> Running Lei-Abel inversion...
    [Abel] GN04 01:29: NmF2=2.47e+12 m⁻³  hmF2=301.2 km
/home/austinhunter/IonosphereTomography/demo_group.py:1169: MatplotlibDeprecationWarning: The get_cmap function was deprecated in Matplotlib 3.7 and will be removed in 3.11. Use ``matplotlib.colormaps[name]`` or ``matplotlib.colormaps.get_cmap()`` or ``pyplot.get_cmap()`` instead.
  cmap      = mpl.colormaps.get_cmap(cmap_name)
/home/austinhunter/IonosphereTomography/demo_group.py:1435: UserWarning: This figure includes Axes that are not compatible with tight_layout, so results might be incorrect.
  plt.tight_layout()
  Saved group plot (Sequential KF) → ./Figures/GroupKF/group_2024-10-10_0100__LAT+000_LON+120_seq.png
/home/austinhunter/IonosphereTomography/demo_group.py:1169: MatplotlibDeprecationWarning: The get_cmap function was deprecated in Matplotlib 3.7 and will be removed in 3.11. Use ``matplotlib.colormaps[name]`` or ``matplotlib.colormaps.get_cmap()`` or ``pyplot.get_cmap()`` instead.
  cmap      = mpl.colormaps.get_cmap(cmap_name)
/home/austinhunter/IonosphereTomography/demo_group.py:1435: UserWarning: This figure includes Axes that are not compatible with tight_layout, so results might be incorrect.
  plt.tight_layout()
  Saved group plot (Joint KF) → ./Figures/GroupKF/group_2024-10-10_0100__LAT+000_LON+120_joint.png
/home/austinhunter/IonosphereTomography/demo_group.py:953: MatplotlibDeprecationWarning: The get_cmap function was deprecated in Matplotlib 3.7 and will be removed in 3.11. Use ``matplotlib.colormaps[name]`` or ``matplotlib.colormaps.get_cmap()`` or ``pyplot.get_cmap()`` instead.
  step_cmap    = mpl.colormaps.get_cmap("viridis", max(n_occs, 2))
  Saved sequential plot → ./Figures/GroupKF/group_2024-10-10_0100__LAT+000_LON+120_sequential.png

[24/494]
────────────────────────────────────────────────────────────
  Group : 2024-10-10_0130__LAT-030_LON-060
  Window: 2024-10-10_0130  |  Region: LAT-030_LON-060  |  6 occultation(s)
────────────────────────────────────────────────────────────
Data Flipped: C28 is setting
Data Flipped: G27 is setting
Data Flipped: E33 is setting
Data Flipped: G7 is setting
Data Flipped: R14 is setting
No valid descending tangent points found. Skipping.
    [skip] podTc2_GN05.2024.284.01.36.0020.E24.00_0000.0001_nc — parse returned None
  Parsed 5/6 files successfully.
  Bounding box: lat [-44.5, 10.1]  lon [-60.9, -17.9]  |  vertices: 87
  Final group: 5 occultation(s), 87 mesh vertices
  [warn] Trim diagnostic plot failed: cannot access local variable 'cfg' where it is not associated with a value
  [1/5] Building H for GN05 01:30 (243 rays) …
  -> Building H Matrix (243 rays, parallel)...
  [2/5] Building H for GN05 01:31 (236 rays) …
  -> Building H Matrix (236 rays, parallel)...
  [3/5] Building H for GN05 01:31 (259 rays) …
  -> Building H Matrix (259 rays, parallel)...
  [4/5] Building H for GN05 01:32 (113 rays) …
  -> Building H Matrix (113 rays, parallel)...
  [5/5] Building H for GN05 01:32 (137 rays) …
  -> Building H Matrix (137 rays, parallel)...
  Combined H shape : (988, 4785)  (total rays = 988)
  Running sequential KF assimilation …
  [step 1/5] Assimilating GN05 01:30 (243 rays) …
  [step 2/5] Assimilating GN05 01:31 (236 rays) …
  [step 3/5] Assimilating GN05 01:31 (259 rays) …
  [step 4/5] Assimilating GN05 01:32 (113 rays) …
  [step 5/5] Assimilating GN05 01:32 (137 rays) …
  Running joint (batch) KF assimilation …
  Prior RMSE        : 129.125 TECU
  Post  RMSE (seq)  : 53.811 TECU
  Post  RMSE (joint): 21.164 TECU
  -> Running Lei-Abel inversion...
    [Abel] GN05 01:30: NmF2=4.69e+11 m⁻³  hmF2=447.6 km
  -> Running Lei-Abel inversion...
    [Abel] GN05 01:31: NmF2=1.10e+12 m⁻³  hmF2=439.4 km
  -> Running Lei-Abel inversion...
    [Abel] GN05 01:31: NmF2=4.25e+11 m⁻³  hmF2=497.8 km
  -> Running Lei-Abel inversion...
    [Abel] GN05 01:32: NmF2=8.66e+11 m⁻³  hmF2=540.2 km
  -> Running Lei-Abel inversion...
    [Abel] GN05 01:32: NmF2=7.43e+11 m⁻³  hmF2=514.7 km
/home/austinhunter/IonosphereTomography/demo_group.py:1169: MatplotlibDeprecationWarning: The get_cmap function was deprecated in Matplotlib 3.7 and will be removed in 3.11. Use ``matplotlib.colormaps[name]`` or ``matplotlib.colormaps.get_cmap()`` or ``pyplot.get_cmap()`` instead.
  cmap      = mpl.colormaps.get_cmap(cmap_name)
/home/austinhunter/IonosphereTomography/demo_group.py:1435: UserWarning: This figure includes Axes that are not compatible with tight_layout, so results might be incorrect.
  plt.tight_layout()
  Saved group plot (Sequential KF) → ./Figures/GroupKF/group_2024-10-10_0130__LAT-030_LON-060_seq.png
/home/austinhunter/IonosphereTomography/demo_group.py:1169: MatplotlibDeprecationWarning: The get_cmap function was deprecated in Matplotlib 3.7 and will be removed in 3.11. Use ``matplotlib.colormaps[name]`` or ``matplotlib.colormaps.get_cmap()`` or ``pyplot.get_cmap()`` instead.
  cmap      = mpl.colormaps.get_cmap(cmap_name)
/home/austinhunter/IonosphereTomography/demo_group.py:1435: UserWarning: This figure includes Axes that are not compatible with tight_layout, so results might be incorrect.
  plt.tight_layout()
  Saved group plot (Joint KF) → ./Figures/GroupKF/group_2024-10-10_0130__LAT-030_LON-060_joint.png
/home/austinhunter/IonosphereTomography/demo_group.py:953: MatplotlibDeprecationWarning: The get_cmap function was deprecated in Matplotlib 3.7 and will be removed in 3.11. Use ``matplotlib.colormaps[name]`` or ``matplotlib.colormaps.get_cmap()`` or ``pyplot.get_cmap()`` instead.
  step_cmap    = mpl.colormaps.get_cmap("viridis", max(n_occs, 2))
  Saved sequential plot → ./Figures/GroupKF/group_2024-10-10_0130__LAT-030_LON-060_sequential.png

[25/494]
────────────────────────────────────────────────────────────
  Group : 2024-10-10_0130__LAT+030_LON-120
  Window: 2024-10-10_0130  |  Region: LAT+030_LON-120  |  6 occultation(s)
────────────────────────────────────────────────────────────
E9 is rising
G4 is rising
G9 is rising
Data Flipped: E2 is setting
Data Flipped: C45 is setting
Data Flipped: R16 is setting
  Parsed 6/6 files successfully.
  Bounding box: lat [3.7, 90.0]  lon [-138.0, -39.7]  |  vertices: 210
  [trim] n_geo=210 > MAX_MESH_VERTICES=200 — dropping GN05 01:39 (16.5° from centroid)
  Bounding box: lat [3.7, 81.1]  lon [-138.0, -39.7]  |  vertices: 208
  [trim] n_geo=208 > MAX_MESH_VERTICES=200 — dropping GN05 01:49 (12.4° from centroid)
  Bounding box: lat [3.7, 81.1]  lon [-128.6, -39.7]  |  vertices: 189
  Final group: 4 occultation(s), 189 mesh vertices
  [warn] Trim diagnostic plot failed: cannot access local variable 'cfg' where it is not associated with a value
  [1/4] Building H for GN05 01:30 (433 rays) …
  -> Building H Matrix (433 rays, parallel)...
  [2/4] Building H for GN05 01:30 (438 rays) …
  -> Building H Matrix (438 rays, parallel)...
  [3/4] Building H for GN05 01:47 (670 rays) …
  -> Building H Matrix (670 rays, parallel)...
  [4/4] Building H for GN05 01:48 (427 rays) …
  -> Building H Matrix (427 rays, parallel)...
  Combined H shape : (1968, 10395)  (total rays = 1968)
  Running sequential KF assimilation …
  [step 1/4] Assimilating GN05 01:30 (433 rays) …
  [step 2/4] Assimilating GN05 01:30 (438 rays) …
  [step 3/4] Assimilating GN05 01:47 (670 rays) …
  [step 4/4] Assimilating GN05 01:48 (427 rays) …
  Running joint (batch) KF assimilation …
  Prior RMSE        : 72.422 TECU
  Post  RMSE (seq)  : 47.867 TECU
  Post  RMSE (joint): 32.073 TECU
  -> Running Lei-Abel inversion...
    [Abel] GN05 01:30: NmF2=4.52e+11 m⁻³  hmF2=380.1 km
  -> Running Lei-Abel inversion...
    [Abel] GN05 01:30: NmF2=5.12e+11 m⁻³  hmF2=354.7 km
  -> Running Lei-Abel inversion...
    [Abel] GN05 01:47: NmF2=5.86e+11 m⁻³  hmF2=312.2 km
  -> Running Lei-Abel inversion...
    [Abel] GN05 01:48: NmF2=2.53e+11 m⁻³  hmF2=375.2 km
/home/austinhunter/IonosphereTomography/demo_group.py:1169: MatplotlibDeprecationWarning: The get_cmap function was deprecated in Matplotlib 3.7 and will be removed in 3.11. Use ``matplotlib.colormaps[name]`` or ``matplotlib.colormaps.get_cmap()`` or ``pyplot.get_cmap()`` instead.
  cmap      = mpl.colormaps.get_cmap(cmap_name)
/home/austinhunter/IonosphereTomography/demo_group.py:1435: UserWarning: This figure includes Axes that are not compatible with tight_layout, so results might be incorrect.
  plt.tight_layout()
  Saved group plot (Sequential KF) → ./Figures/GroupKF/group_2024-10-10_0130__LAT+030_LON-120_seq.png
/home/austinhunter/IonosphereTomography/demo_group.py:1169: MatplotlibDeprecationWarning: The get_cmap function was deprecated in Matplotlib 3.7 and will be removed in 3.11. Use ``matplotlib.colormaps[name]`` or ``matplotlib.colormaps.get_cmap()`` or ``pyplot.get_cmap()`` instead.
  cmap      = mpl.colormaps.get_cmap(cmap_name)
/home/austinhunter/IonosphereTomography/demo_group.py:1435: UserWarning: This figure includes Axes that are not compatible with tight_layout, so results might be incorrect.
  plt.tight_layout()
  Saved group plot (Joint KF) → ./Figures/GroupKF/group_2024-10-10_0130__LAT+030_LON-120_joint.png
/home/austinhunter/IonosphereTomography/demo_group.py:953: MatplotlibDeprecationWarning: The get_cmap function was deprecated in Matplotlib 3.7 and will be removed in 3.11. Use ``matplotlib.colormaps[name]`` or ``matplotlib.colormaps.get_cmap()`` or ``pyplot.get_cmap()`` instead.
  step_cmap    = mpl.colormaps.get_cmap("viridis", max(n_occs, 2))
  Saved sequential plot → ./Figures/GroupKF/group_2024-10-10_0130__LAT+030_LON-120_sequential.png

[26/494]
────────────────────────────────────────────────────────────
  Group : 2024-10-10_0130__LAT+000_LON+120
  Window: 2024-10-10_0130  |  Region: LAT+000_LON+120  |  12 occultation(s)
────────────────────────────────────────────────────────────
C36 is rising
E3 is rising
R15 is rising
R5 is rising
G14 is rising
Data Flipped: G12 is setting
Data Flipped: E27 is setting
Data Flipped: G25 is setting
Data Flipped: C35 is setting
No valid descending tangent points found. Skipping.
    [skip] podTc2_GN04.2024.284.01.48.0011.R08.00_0000.0001_nc — parse returned None
Data Flipped: E34 is setting
E25 is rising
  Parsed 11/12 files successfully.
  Bounding box: lat [-22.2, 61.5]  lon [100.7, 172.4]  |  vertices: 206
  [trim] n_geo=206 > MAX_MESH_VERTICES=200 — dropping GN04 01:49 (13.6° from centroid)
  Bounding box: lat [-20.5, 61.5]  lon [100.7, 172.4]  |  vertices: 202
  [trim] n_geo=202 > MAX_MESH_VERTICES=200 — dropping GN05 01:58 (12.3° from centroid)
  Bounding box: lat [-20.5, 61.5]  lon [100.7, 172.4]  |  vertices: 202
  [trim] n_geo=202 > MAX_MESH_VERTICES=200 — dropping GN04 01:46 (9.8° from centroid)
  Bounding box: lat [-20.5, 61.5]  lon [105.7, 172.4]  |  vertices: 188
  Final group: 8 occultation(s), 188 mesh vertices
  [warn] Trim diagnostic plot failed: cannot access local variable 'cfg' where it is not associated with a value
  [1/8] Building H for GN04 01:31 (396 rays) …
  -> Building H Matrix (396 rays, parallel)...
  [2/8] Building H for GN04 01:32 (437 rays) …
  -> Building H Matrix (437 rays, parallel)...
  [3/8] Building H for GN04 01:33 (382 rays) …
  -> Building H Matrix (382 rays, parallel)...
  [4/8] Building H for GN04 01:34 (610 rays) …
  -> Building H Matrix (610 rays, parallel)...
  [5/8] Building H for GN04 01:36 (554 rays) …
  -> Building H Matrix (554 rays, parallel)...
  [6/8] Building H for GN04 01:43 (382 rays) …
  -> Building H Matrix (382 rays, parallel)...
  [7/8] Building H for GN04 01:44 (370 rays) …
  -> Building H Matrix (370 rays, parallel)...
  [8/8] Building H for GN04 01:47 (565 rays) …
  -> Building H Matrix (565 rays, parallel)...
  Combined H shape : (3696, 10340)  (total rays = 3696)
  Running sequential KF assimilation …
  [step 1/8] Assimilating GN04 01:31 (396 rays) …
  [step 2/8] Assimilating GN04 01:32 (437 rays) …
  [step 3/8] Assimilating GN04 01:33 (382 rays) …
  [step 4/8] Assimilating GN04 01:34 (610 rays) …
  [step 5/8] Assimilating GN04 01:36 (554 rays) …
  [step 6/8] Assimilating GN04 01:43 (382 rays) …
  [step 7/8] Assimilating GN04 01:44 (370 rays) …
  [step 8/8] Assimilating GN04 01:47 (565 rays) …
  Running joint (batch) KF assimilation …
  Prior RMSE        : 382.656 TECU
  Post  RMSE (seq)  : 100.696 TECU
  Post  RMSE (joint): 76.348 TECU
  -> Running Lei-Abel inversion...
    [Abel] GN04 01:31: NmF2=2.84e+12 m⁻³  hmF2=307.4 km
  -> Running Lei-Abel inversion...
    [Abel] GN04 01:32: NmF2=3.23e+12 m⁻³  hmF2=358.8 km
  -> Running Lei-Abel inversion...
    [Abel] GN04 01:33: NmF2=2.98e+12 m⁻³  hmF2=331.4 km
  -> Running Lei-Abel inversion...
    [Abel] GN04 01:34: NmF2=3.50e+12 m⁻³  hmF2=401.8 km
  -> Running Lei-Abel inversion...
    [Abel] GN04 01:36: NmF2=3.34e+12 m⁻³  hmF2=383.1 km
  -> Running Lei-Abel inversion...
    [Abel] GN04 01:43: NmF2=2.85e+12 m⁻³  hmF2=303.0 km
  -> Running Lei-Abel inversion...
    [Abel] GN04 01:44: NmF2=2.86e+12 m⁻³  hmF2=310.7 km
  -> Running Lei-Abel inversion...
    [Abel] GN04 01:47: NmF2=2.46e+12 m⁻³  hmF2=425.4 km
/home/austinhunter/IonosphereTomography/demo_group.py:1169: MatplotlibDeprecationWarning: The get_cmap function was deprecated in Matplotlib 3.7 and will be removed in 3.11. Use ``matplotlib.colormaps[name]`` or ``matplotlib.colormaps.get_cmap()`` or ``pyplot.get_cmap()`` instead.
  cmap      = mpl.colormaps.get_cmap(cmap_name)
/home/austinhunter/IonosphereTomography/demo_group.py:1435: UserWarning: This figure includes Axes that are not compatible with tight_layout, so results might be incorrect.
  plt.tight_layout()
  Saved group plot (Sequential KF) → ./Figures/GroupKF/group_2024-10-10_0130__LAT+000_LON+120_seq.png
/home/austinhunter/IonosphereTomography/demo_group.py:1169: MatplotlibDeprecationWarning: The get_cmap function was deprecated in Matplotlib 3.7 and will be removed in 3.11. Use ``matplotlib.colormaps[name]`` or ``matplotlib.colormaps.get_cmap()`` or ``pyplot.get_cmap()`` instead.
  cmap      = mpl.colormaps.get_cmap(cmap_name)
/home/austinhunter/IonosphereTomography/demo_group.py:1435: UserWarning: This figure includes Axes that are not compatible with tight_layout, so results might be incorrect.
  plt.tight_layout()
  Saved group plot (Joint KF) → ./Figures/GroupKF/group_2024-10-10_0130__LAT+000_LON+120_joint.png
/home/austinhunter/IonosphereTomography/demo_group.py:953: MatplotlibDeprecationWarning: The get_cmap function was deprecated in Matplotlib 3.7 and will be removed in 3.11. Use ``matplotlib.colormaps[name]`` or ``matplotlib.colormaps.get_cmap()`` or ``pyplot.get_cmap()`` instead.
  step_cmap    = mpl.colormaps.get_cmap("viridis", max(n_occs, 2))
  Saved sequential plot → ./Figures/GroupKF/group_2024-10-10_0130__LAT+000_LON+120_sequential.png

[27/494]
────────────────────────────────────────────────────────────
  Group : 2024-10-10_0130__LAT+030_LON-060
  Window: 2024-10-10_0130  |  Region: LAT+030_LON-060  |  12 occultation(s)
────────────────────────────────────────────────────────────
R12 is rising
G26 is rising
Data Flipped: E8 is setting
Data Flipped: E26 is setting
Data Flipped: C42 is setting
Data Flipped: R22 is setting
Data Flipped: R7 is setting
Data Flipped: C21 is setting
Data Flipped: C43 is setting
Data Flipped: C38 is setting
Data Flipped: G15 is setting
Data Flipped: G18 is setting
  Parsed 12/12 files successfully.
  Bounding box: lat [8.9, 88.7]  lon [-90.9, 17.7]  |  vertices: 210
  [trim] n_geo=210 > MAX_MESH_VERTICES=200 — dropping GN05 01:45 (15.2° from centroid)
  Bounding box: lat [8.9, 88.7]  lon [-90.9, 17.7]  |  vertices: 210
  [trim] n_geo=210 > MAX_MESH_VERTICES=200 — dropping GN05 01:44 (15.4° from centroid)
  Bounding box: lat [9.1, 88.7]  lon [-90.9, 17.7]  |  vertices: 209
  [trim] n_geo=209 > MAX_MESH_VERTICES=200 — dropping GN05 01:46 (16.5° from centroid)
  Bounding box: lat [9.1, 88.7]  lon [-90.9, 17.7]  |  vertices: 209
  [trim] n_geo=209 > MAX_MESH_VERTICES=200 — dropping GN05 01:47 (10.1° from centroid)
  Bounding box: lat [9.1, 85.2]  lon [-90.9, 17.7]  |  vertices: 209
  [trim] n_geo=209 > MAX_MESH_VERTICES=200 — dropping GN05 01:47 (10.2° from centroid)
  Bounding box: lat [9.1, 85.2]  lon [-90.9, 11.4]  |  vertices: 198
  Final group: 7 occultation(s), 198 mesh vertices
  [warn] Trim diagnostic plot failed: cannot access local variable 'cfg' where it is not associated with a value
  [1/7] Building H for GN05 01:31 (416 rays) …
  -> Building H Matrix (416 rays, parallel)...
  [2/7] Building H for GN05 01:35 (571 rays) …
  -> Building H Matrix (571 rays, parallel)...
  [3/7] Building H for GN05 01:44 (485 rays) …
  -> Building H Matrix (485 rays, parallel)...
  [4/7] Building H for GN05 01:44 (480 rays) …
  -> Building H Matrix (480 rays, parallel)...
  [5/7] Building H for GN05 01:44 (603 rays) …
  -> Building H Matrix (603 rays, parallel)...
  [6/7] Building H for GN05 01:44 (482 rays) …
  -> Building H Matrix (482 rays, parallel)...
  [7/7] Building H for GN05 01:45 (860 rays) …
  -> Building H Matrix (860 rays, parallel)...
  Combined H shape : (3897, 10890)  (total rays = 3897)
  Running sequential KF assimilation …
  [step 1/7] Assimilating GN05 01:31 (416 rays) …
  [step 2/7] Assimilating GN05 01:35 (571 rays) …
  [step 3/7] Assimilating GN05 01:44 (485 rays) …
  [step 4/7] Assimilating GN05 01:44 (480 rays) …
  [step 5/7] Assimilating GN05 01:44 (603 rays) …
  [step 6/7] Assimilating GN05 01:44 (482 rays) …
  [step 7/7] Assimilating GN05 01:45 (860 rays) …
  Running joint (batch) KF assimilation …
  Prior RMSE        : 76.789 TECU
  Post  RMSE (seq)  : 73.023 TECU
  Post  RMSE (joint): 51.958 TECU
  -> Running Lei-Abel inversion...
    [Abel] GN05 01:31: NmF2=6.08e+11 m⁻³  hmF2=397.6 km
  -> Running Lei-Abel inversion...
    [Abel] GN05 01:35: NmF2=1.90e+11 m⁻³  hmF2=410.5 km
  -> Running Lei-Abel inversion...
    [Abel] GN05 01:44: NmF2=5.78e+11 m⁻³  hmF2=162.0 km
  -> Running Lei-Abel inversion...
    [Abel] GN05 01:44: NmF2=4.36e+11 m⁻³  hmF2=386.8 km
  -> Running Lei-Abel inversion...
    [Abel] GN05 01:44: NmF2=4.04e+11 m⁻³  hmF2=377.0 km
  -> Running Lei-Abel inversion...
    [Abel] GN05 01:44: NmF2=4.79e+11 m⁻³  hmF2=389.6 km
  -> Running Lei-Abel inversion...
    [Abel] GN05 01:45: NmF2=3.61e+11 m⁻³  hmF2=475.2 km
/home/austinhunter/IonosphereTomography/demo_group.py:1169: MatplotlibDeprecationWarning: The get_cmap function was deprecated in Matplotlib 3.7 and will be removed in 3.11. Use ``matplotlib.colormaps[name]`` or ``matplotlib.colormaps.get_cmap()`` or ``pyplot.get_cmap()`` instead.
  cmap      = mpl.colormaps.get_cmap(cmap_name)
/home/austinhunter/IonosphereTomography/demo_group.py:1435: UserWarning: This figure includes Axes that are not compatible with tight_layout, so results might be incorrect.
  plt.tight_layout()
  Saved group plot (Sequential KF) → ./Figures/GroupKF/group_2024-10-10_0130__LAT+030_LON-060_seq.png
/home/austinhunter/IonosphereTomography/demo_group.py:1169: MatplotlibDeprecationWarning: The get_cmap function was deprecated in Matplotlib 3.7 and will be removed in 3.11. Use ``matplotlib.colormaps[name]`` or ``matplotlib.colormaps.get_cmap()`` or ``pyplot.get_cmap()`` instead.
  cmap      = mpl.colormaps.get_cmap(cmap_name)
/home/austinhunter/IonosphereTomography/demo_group.py:1435: UserWarning: This figure includes Axes that are not compatible with tight_layout, so results might be incorrect.
  plt.tight_layout()
  Saved group plot (Joint KF) → ./Figures/GroupKF/group_2024-10-10_0130__LAT+030_LON-060_joint.png
/home/austinhunter/IonosphereTomography/demo_group.py:953: MatplotlibDeprecationWarning: The get_cmap function was deprecated in Matplotlib 3.7 and will be removed in 3.11. Use ``matplotlib.colormaps[name]`` or ``matplotlib.colormaps.get_cmap()`` or ``pyplot.get_cmap()`` instead.
  step_cmap    = mpl.colormaps.get_cmap("viridis", max(n_occs, 2))
  Saved sequential plot → ./Figures/GroupKF/group_2024-10-10_0130__LAT+030_LON-060_sequential.png

[28/494]
────────────────────────────────────────────────────────────
  Group : 2024-10-10_0130__POLAR_N
  Window: 2024-10-10_0130  |  Region: POLAR_N  |  19 occultation(s)
────────────────────────────────────────────────────────────
E11 is rising
Data Flipped: G24 is setting
Data Flipped: E29 is setting
C39 is rising
R17 is rising
E10 is rising
C26 is rising
C30 is rising
C37 is rising
E12 is rising
E31 is rising
E5 is rising
Data Flipped: E7 is setting
G7 is rising
Data Flipped: G5 is setting
R14 is rising
Data Flipped: E13 is setting
Data Flipped: C39 is setting
Data Flipped: G24 is setting
  Parsed 19/19 files successfully.
  Bounding box: lat [65.0, 90.0]  lon [-180.0, 180.0]  |  vertices: 77
  Final group: 19 occultation(s), 77 mesh vertices
  [warn] Trim diagnostic plot failed: cannot access local variable 'cfg' where it is not associated with a value
  [1/19] Building H for GN05 01:31 (408 rays) …
  -> Building H Matrix (408 rays, parallel)...
  [2/19] Building H for GN04 01:32 (348 rays) …
  -> Building H Matrix (348 rays, parallel)...
  [3/19] Building H for GN04 01:35 (537 rays) …
  -> Building H Matrix (537 rays, parallel)...
  [4/19] Building H for GN04 01:35 (67 rays) …
  -> Building H Matrix (67 rays, parallel)...
  [5/19] Building H for GN05 01:35 (470 rays) …
  -> Building H Matrix (470 rays, parallel)...
  [6/19] Building H for GN05 01:37 (447 rays) …
  -> Building H Matrix (447 rays, parallel)...
  [7/19] Building H for GN04 01:39 (57 rays) …
  -> Building H Matrix (57 rays, parallel)...
  [8/19] Building H for GN05 01:40 (501 rays) …
  -> Building H Matrix (501 rays, parallel)...
  [9/19] Building H for GN05 01:40 (392 rays) …
  -> Building H Matrix (392 rays, parallel)...
  [10/19] Building H for GN05 01:42 (485 rays) …
  -> Building H Matrix (485 rays, parallel)...
  [11/19] Building H for GN05 01:46 (516 rays) …
  -> Building H Matrix (516 rays, parallel)...
  [12/19] Building H for GN05 01:47 (658 rays) …
  -> Building H Matrix (658 rays, parallel)...
  [13/19] Building H for GN05 01:49 (434 rays) …
  -> Building H Matrix (434 rays, parallel)...
  [14/19] Building H for GN05 01:50 (383 rays) …
  -> Building H Matrix (383 rays, parallel)...
  [15/19] Building H for GN05 01:51 (499 rays) …
  -> Building H Matrix (499 rays, parallel)...
  [16/19] Building H for GN05 01:51 (370 rays) …
  -> Building H Matrix (370 rays, parallel)...
  [17/19] Building H for GN05 01:56 (449 rays) …
  -> Building H Matrix (449 rays, parallel)...
  [18/19] Building H for GN05 01:58 (385 rays) …
  -> Building H Matrix (385 rays, parallel)...
  [19/19] Building H for GN05 01:59 (358 rays) …
  -> Building H Matrix (358 rays, parallel)...
  Combined H shape : (7764, 4235)  (total rays = 7764)
  Running sequential KF assimilation …
  [step 1/19] Assimilating GN05 01:31 (408 rays) …
  [step 2/19] Assimilating GN04 01:32 (348 rays) …
  [step 3/19] Assimilating GN04 01:35 (537 rays) …
  [step 4/19] Assimilating GN04 01:35 (67 rays) …
  [step 5/19] Assimilating GN05 01:35 (470 rays) …
  [step 6/19] Assimilating GN05 01:37 (447 rays) …
  [step 7/19] Assimilating GN04 01:39 (57 rays) …
  [step 8/19] Assimilating GN05 01:40 (501 rays) …
  [step 9/19] Assimilating GN05 01:40 (392 rays) …
  [step 10/19] Assimilating GN05 01:42 (485 rays) …
  [step 11/19] Assimilating GN05 01:46 (516 rays) …
  [step 12/19] Assimilating GN05 01:47 (658 rays) …
  [step 13/19] Assimilating GN05 01:49 (434 rays) …
  [step 14/19] Assimilating GN05 01:50 (383 rays) …
  [step 15/19] Assimilating GN05 01:51 (499 rays) …
  [step 16/19] Assimilating GN05 01:51 (370 rays) …
  [step 17/19] Assimilating GN05 01:56 (449 rays) …
  [step 18/19] Assimilating GN05 01:58 (385 rays) …
  [step 19/19] Assimilating GN05 01:59 (358 rays) …
  Running joint (batch) KF assimilation …
  Prior RMSE        : 66.059 TECU
  Post  RMSE (seq)  : 68.099 TECU
  Post  RMSE (joint): 37.649 TECU
  -> Running Lei-Abel inversion...
    [Abel] GN05 01:31: NmF2=4.21e+11 m⁻³  hmF2=336.0 km
  -> Running Lei-Abel inversion...
    [Abel] GN04 01:32: NmF2=7.23e+11 m⁻³  hmF2=272.8 km
  -> Running Lei-Abel inversion...
    [Abel] GN04 01:35: NmF2=7.01e+11 m⁻³  hmF2=276.7 km
  -> Running Lei-Abel inversion...
    [Abel] GN04 01:35: NmF2=1.43e+11 m⁻³  hmF2=567.3 km
  -> Running Lei-Abel inversion...
    [Abel] GN05 01:35: NmF2=4.17e+11 m⁻³  hmF2=406.1 km
  -> Running Lei-Abel inversion...
    [Abel] GN05 01:37: NmF2=4.90e+11 m⁻³  hmF2=378.6 km
  -> Running Lei-Abel inversion...
    [Abel] GN04 01:39: NmF2=1.05e+11 m⁻³  hmF2=572.0 km
  -> Running Lei-Abel inversion...
    [Abel] GN05 01:40: NmF2=4.41e+11 m⁻³  hmF2=327.1 km
  -> Running Lei-Abel inversion...
    [Abel] GN05 01:40: NmF2=3.38e+11 m⁻³  hmF2=320.7 km
  -> Running Lei-Abel inversion...
    [Abel] GN05 01:42: NmF2=5.49e+11 m⁻³  hmF2=276.3 km
  -> Running Lei-Abel inversion...
    [Abel] GN05 01:46: NmF2=4.10e+11 m⁻³  hmF2=291.2 km
  -> Running Lei-Abel inversion...
    [Abel] GN05 01:47: NmF2=8.65e+11 m⁻³  hmF2=348.5 km
  -> Running Lei-Abel inversion...
    [Abel] GN05 01:49: NmF2=2.86e+11 m⁻³  hmF2=370.9 km
  -> Running Lei-Abel inversion...
    [Abel] GN05 01:50: NmF2=1.13e+12 m⁻³  hmF2=269.1 km
  -> Running Lei-Abel inversion...
    [Abel] GN05 01:51: NmF2=3.43e+11 m⁻³  hmF2=391.9 km
  -> Running Lei-Abel inversion...
    [Abel] GN05 01:51: NmF2=1.20e+12 m⁻³  hmF2=267.6 km
  -> Running Lei-Abel inversion...
    [Abel] GN05 01:56: NmF2=4.28e+11 m⁻³  hmF2=322.3 km
  -> Running Lei-Abel inversion...
    [Abel] GN05 01:58: NmF2=4.29e+11 m⁻³  hmF2=339.0 km
  -> Running Lei-Abel inversion...
    [Abel] GN05 01:59: NmF2=4.57e+11 m⁻³  hmF2=333.6 km
/home/austinhunter/IonosphereTomography/demo_group.py:1169: MatplotlibDeprecationWarning: The get_cmap function was deprecated in Matplotlib 3.7 and will be removed in 3.11. Use ``matplotlib.colormaps[name]`` or ``matplotlib.colormaps.get_cmap()`` or ``pyplot.get_cmap()`` instead.
  cmap      = mpl.colormaps.get_cmap(cmap_name)
/home/austinhunter/IonosphereTomography/demo_group.py:1435: UserWarning: This figure includes Axes that are not compatible with tight_layout, so results might be incorrect.
  plt.tight_layout()
  Saved group plot (Sequential KF) → ./Figures/GroupKF/group_2024-10-10_0130__POLAR_N_seq.png
/home/austinhunter/IonosphereTomography/demo_group.py:1169: MatplotlibDeprecationWarning: The get_cmap function was deprecated in Matplotlib 3.7 and will be removed in 3.11. Use ``matplotlib.colormaps[name]`` or ``matplotlib.colormaps.get_cmap()`` or ``pyplot.get_cmap()`` instead.
  cmap      = mpl.colormaps.get_cmap(cmap_name)
/home/austinhunter/IonosphereTomography/demo_group.py:1435: UserWarning: This figure includes Axes that are not compatible with tight_layout, so results might be incorrect.
  plt.tight_layout()
  Saved group plot (Joint KF) → ./Figures/GroupKF/group_2024-10-10_0130__POLAR_N_joint.png
/home/austinhunter/IonosphereTomography/demo_group.py:953: MatplotlibDeprecationWarning: The get_cmap function was deprecated in Matplotlib 3.7 and will be removed in 3.11. Use ``matplotlib.colormaps[name]`` or ``matplotlib.colormaps.get_cmap()`` or ``pyplot.get_cmap()`` instead.
  step_cmap    = mpl.colormaps.get_cmap("viridis", max(n_occs, 2))
  Saved sequential plot → ./Figures/GroupKF/group_2024-10-10_0130__POLAR_N_sequential.png

[29/494]
────────────────────────────────────────────────────────────
  Group : 2024-10-10_0130__LAT+030_LON+120
  Window: 2024-10-10_0130  |  Region: LAT+030_LON+120  |  14 occultation(s)
────────────────────────────────────────────────────────────
Data Flipped: E15 is setting
Data Flipped: R9 is setting
Data Flipped: G11 is setting
Data Flipped: R20 is setting
Data Flipped: E30 is setting
Data Flipped: C40 is setting
R24 is rising
No valid descending tangent points found. Skipping.
    [skip] podTc2_GN04.2024.284.01.47.0025.C44.00_0000.0001_nc — parse returned None
C27 is rising
Data Flipped: C24 is setting
G8 is rising
E24 is rising
G30 is rising
C36 is rising
  Parsed 13/14 files successfully.
  Bounding box: lat [-0.8, 90.0]  lon [87.9, -152.8]  |  vertices: 277
  [trim] n_geo=277 > MAX_MESH_VERTICES=200 — dropping GN04 01:34 (86.4° from centroid)
  Bounding box: lat [-0.8, 90.0]  lon [87.9, 180.0]  |  vertices: 213
  [trim] n_geo=213 > MAX_MESH_VERTICES=200 — dropping GN05 01:47 (16.3° from centroid)
  Bounding box: lat [-0.8, 90.0]  lon [87.9, 180.0]  |  vertices: 213
  [trim] n_geo=213 > MAX_MESH_VERTICES=200 — dropping GN05 01:46 (15.5° from centroid)
  Bounding box: lat [-0.8, 89.8]  lon [87.9, 180.0]  |  vertices: 213
  [trim] n_geo=213 > MAX_MESH_VERTICES=200 — dropping GN04 01:36 (16.1° from centroid)
  Bounding box: lat [-0.8, 89.8]  lon [87.9, 180.0]  |  vertices: 213
  [trim] n_geo=213 > MAX_MESH_VERTICES=200 — dropping GN05 01:51 (14.9° from centroid)
  Bounding box: lat [-0.8, 83.0]  lon [87.9, 180.0]  |  vertices: 212
  [trim] n_geo=212 > MAX_MESH_VERTICES=200 — dropping GN05 01:51 (16.2° from centroid)
  Bounding box: lat [-0.8, 83.0]  lon [108.2, 180.0]  |  vertices: 165
  Final group: 7 occultation(s), 165 mesh vertices
  [warn] Trim diagnostic plot failed: cannot access local variable 'cfg' where it is not associated with a value
  [1/7] Building H for GN04 01:37 (545 rays) …
  -> Building H Matrix (545 rays, parallel)...
  [2/7] Building H for GN04 01:38 (454 rays) …
  -> Building H Matrix (454 rays, parallel)...
  [3/7] Building H for GN04 01:39 (449 rays) …
  -> Building H Matrix (449 rays, parallel)...
  [4/7] Building H for GN04 01:41 (378 rays) …
  -> Building H Matrix (378 rays, parallel)...
  [5/7] Building H for GN04 01:47 (72 rays) …
  -> Building H Matrix (72 rays, parallel)...
  [6/7] Building H for GN05 01:57 (397 rays) …
  -> Building H Matrix (397 rays, parallel)...
  [7/7] Building H for GN05 01:59 (366 rays) …
  -> Building H Matrix (366 rays, parallel)...
  Combined H shape : (2661, 9075)  (total rays = 2661)
  Running sequential KF assimilation …
  [step 1/7] Assimilating GN04 01:37 (545 rays) …
  [step 2/7] Assimilating GN04 01:38 (454 rays) …
  [step 3/7] Assimilating GN04 01:39 (449 rays) …
  [step 4/7] Assimilating GN04 01:41 (378 rays) …
  [step 5/7] Assimilating GN04 01:47 (72 rays) …
  [step 6/7] Assimilating GN05 01:57 (397 rays) …
  [step 7/7] Assimilating GN05 01:59 (366 rays) …
  Running joint (batch) KF assimilation …
  Prior RMSE        : 240.433 TECU
  Post  RMSE (seq)  : 78.956 TECU
  Post  RMSE (joint): 53.236 TECU
  -> Running Lei-Abel inversion...
    [Abel] GN04 01:37: NmF2=2.16e+12 m⁻³  hmF2=291.4 km
  -> Running Lei-Abel inversion...
    [Abel] GN04 01:38: NmF2=2.20e+12 m⁻³  hmF2=285.7 km
  -> Running Lei-Abel inversion...
    [Abel] GN04 01:39: NmF2=2.12e+12 m⁻³  hmF2=297.5 km
  -> Running Lei-Abel inversion...
    [Abel] GN04 01:41: NmF2=2.18e+12 m⁻³  hmF2=281.9 km
  -> Running Lei-Abel inversion...
    [Abel] GN04 01:47: NmF2=1.99e+11 m⁻³  hmF2=549.1 km
  -> Running Lei-Abel inversion...
    [Abel] GN05 01:57: NmF2=2.31e+12 m⁻³  hmF2=294.8 km
  -> Running Lei-Abel inversion...
    [Abel] GN05 01:59: NmF2=2.40e+12 m⁻³  hmF2=310.4 km
/home/austinhunter/IonosphereTomography/demo_group.py:1169: MatplotlibDeprecationWarning: The get_cmap function was deprecated in Matplotlib 3.7 and will be removed in 3.11. Use ``matplotlib.colormaps[name]`` or ``matplotlib.colormaps.get_cmap()`` or ``pyplot.get_cmap()`` instead.
  cmap      = mpl.colormaps.get_cmap(cmap_name)
/home/austinhunter/IonosphereTomography/demo_group.py:1435: UserWarning: This figure includes Axes that are not compatible with tight_layout, so results might be incorrect.
  plt.tight_layout()
  Saved group plot (Sequential KF) → ./Figures/GroupKF/group_2024-10-10_0130__LAT+030_LON+120_seq.png
/home/austinhunter/IonosphereTomography/demo_group.py:1169: MatplotlibDeprecationWarning: The get_cmap function was deprecated in Matplotlib 3.7 and will be removed in 3.11. Use ``matplotlib.colormaps[name]`` or ``matplotlib.colormaps.get_cmap()`` or ``pyplot.get_cmap()`` instead.
  cmap      = mpl.colormaps.get_cmap(cmap_name)
/home/austinhunter/IonosphereTomography/demo_group.py:1435: UserWarning: This figure includes Axes that are not compatible with tight_layout, so results might be incorrect.
  plt.tight_layout()
  Saved group plot (Joint KF) → ./Figures/GroupKF/group_2024-10-10_0130__LAT+030_LON+120_joint.png
/home/austinhunter/IonosphereTomography/demo_group.py:953: MatplotlibDeprecationWarning: The get_cmap function was deprecated in Matplotlib 3.7 and will be removed in 3.11. Use ``matplotlib.colormaps[name]`` or ``matplotlib.colormaps.get_cmap()`` or ``pyplot.get_cmap()`` instead.
  step_cmap    = mpl.colormaps.get_cmap("viridis", max(n_occs, 2))
  Saved sequential plot → ./Figures/GroupKF/group_2024-10-10_0130__LAT+030_LON+120_sequential.png

[30/494]
────────────────────────────────────────────────────────────
  Group : 2024-10-10_0130__LAT+030_LON+060
  Window: 2024-10-10_0130  |  Region: LAT+030_LON+060  |  2 occultation(s)
────────────────────────────────────────────────────────────
Data Flipped: G29 is setting
G10 is rising
  Parsed 2/2 files successfully.
  Bounding box: lat [27.6, 88.3]  lon [85.7, 180.0]  |  vertices: 116
  Final group: 2 occultation(s), 116 mesh vertices
  [warn] Trim diagnostic plot failed: cannot access local variable 'cfg' where it is not associated with a value
  [1/2] Building H for GN04 01:35 (536 rays) …
  -> Building H Matrix (536 rays, parallel)...
  [2/2] Building H for GN04 01:37 (495 rays) …
  -> Building H Matrix (495 rays, parallel)...
  Combined H shape : (1031, 6380)  (total rays = 1031)
  Running sequential KF assimilation …
  [step 1/2] Assimilating GN04 01:35 (536 rays) …
  [step 2/2] Assimilating GN04 01:37 (495 rays) …
  Running joint (batch) KF assimilation …
  Prior RMSE        : 87.096 TECU
  Post  RMSE (seq)  : 20.117 TECU
  Post  RMSE (joint): 14.748 TECU
  -> Running Lei-Abel inversion...
    [Abel] GN04 01:35: NmF2=1.05e+12 m⁻³  hmF2=276.3 km
  -> Running Lei-Abel inversion...
    [Abel] GN04 01:37: NmF2=5.82e+11 m⁻³  hmF2=512.5 km
/home/austinhunter/IonosphereTomography/demo_group.py:1169: MatplotlibDeprecationWarning: The get_cmap function was deprecated in Matplotlib 3.7 and will be removed in 3.11. Use ``matplotlib.colormaps[name]`` or ``matplotlib.colormaps.get_cmap()`` or ``pyplot.get_cmap()`` instead.
  cmap      = mpl.colormaps.get_cmap(cmap_name)
/home/austinhunter/IonosphereTomography/demo_group.py:1435: UserWarning: This figure includes Axes that are not compatible with tight_layout, so results might be incorrect.
  plt.tight_layout()
  Saved group plot (Sequential KF) → ./Figures/GroupKF/group_2024-10-10_0130__LAT+030_LON+060_seq.png
/home/austinhunter/IonosphereTomography/demo_group.py:1169: MatplotlibDeprecationWarning: The get_cmap function was deprecated in Matplotlib 3.7 and will be removed in 3.11. Use ``matplotlib.colormaps[name]`` or ``matplotlib.colormaps.get_cmap()`` or ``pyplot.get_cmap()`` instead.
  cmap      = mpl.colormaps.get_cmap(cmap_name)
/home/austinhunter/IonosphereTomography/demo_group.py:1435: UserWarning: This figure includes Axes that are not compatible with tight_layout, so results might be incorrect.
  plt.tight_layout()
  Saved group plot (Joint KF) → ./Figures/GroupKF/group_2024-10-10_0130__LAT+030_LON+060_joint.png
/home/austinhunter/IonosphereTomography/demo_group.py:953: MatplotlibDeprecationWarning: The get_cmap function was deprecated in Matplotlib 3.7 and will be removed in 3.11. Use ``matplotlib.colormaps[name]`` or ``matplotlib.colormaps.get_cmap()`` or ``pyplot.get_cmap()`` instead.
  step_cmap    = mpl.colormaps.get_cmap("viridis", max(n_occs, 2))
  Saved sequential plot → ./Figures/GroupKF/group_2024-10-10_0130__LAT+030_LON+060_sequential.png

[31/494]
────────────────────────────────────────────────────────────
  Group : 2024-10-10_0130__LAT-030_LON+060
  Window: 2024-10-10_0130  |  Region: LAT-030_LON+060  |  8 occultation(s)
────────────────────────────────────────────────────────────
G23 is rising
G15 is rising
C42 is rising
R7 is rising
Data Flipped: R11 is setting
Data Flipped: G28 is setting
Data Flipped: C41 is setting
Data Flipped: R1 is setting
  Parsed 8/8 files successfully.
  Bounding box: lat [-63.0, 26.2]  lon [64.4, 133.8]  |  vertices: 212
  [trim] n_geo=212 > MAX_MESH_VERTICES=200 — dropping GN04 01:53 (12.7° from centroid)
  Bounding box: lat [-63.0, 23.6]  lon [64.4, 133.5]  |  vertices: 204
  [trim] n_geo=204 > MAX_MESH_VERTICES=200 — dropping GN04 01:53 (8.6° from centroid)
  Bounding box: lat [-63.0, 17.5]  lon [64.4, 132.7]  |  vertices: 186
  Final group: 6 occultation(s), 186 mesh vertices
  [warn] Trim diagnostic plot failed: cannot access local variable 'cfg' where it is not associated with a value
  [1/6] Building H for GN04 01:39 (541 rays) …
  -> Building H Matrix (541 rays, parallel)...
  [2/6] Building H for GN04 01:42 (371 rays) …
  -> Building H Matrix (371 rays, parallel)...
  [3/6] Building H for GN04 01:42 (418 rays) …
  -> Building H Matrix (418 rays, parallel)...
  [4/6] Building H for GN04 01:43 (384 rays) …
  -> Building H Matrix (384 rays, parallel)...
  [5/6] Building H for GN04 01:56 (902 rays) …
  -> Building H Matrix (902 rays, parallel)...
  [6/6] Building H for GN04 01:56 (502 rays) …
  -> Building H Matrix (502 rays, parallel)...
  Combined H shape : (3118, 10230)  (total rays = 3118)
  Running sequential KF assimilation …
  [step 1/6] Assimilating GN04 01:39 (541 rays) …
  [step 2/6] Assimilating GN04 01:42 (371 rays) …
  [step 3/6] Assimilating GN04 01:42 (418 rays) …
  [step 4/6] Assimilating GN04 01:43 (384 rays) …
  [step 5/6] Assimilating GN04 01:56 (902 rays) …
  [step 6/6] Assimilating GN04 01:56 (502 rays) …
  Running joint (batch) KF assimilation …
  Prior RMSE        : 215.895 TECU
  Post  RMSE (seq)  : 37.914 TECU
  Post  RMSE (joint): 30.487 TECU
  -> Running Lei-Abel inversion...
    [Abel] GN04 01:39: NmF2=1.72e+12 m⁻³  hmF2=308.8 km
  -> Running Lei-Abel inversion...
    [Abel] GN04 01:42: NmF2=1.71e+12 m⁻³  hmF2=305.4 km
  -> Running Lei-Abel inversion...
    [Abel] GN04 01:42: NmF2=1.50e+12 m⁻³  hmF2=302.6 km
  -> Running Lei-Abel inversion...
    [Abel] GN04 01:43: NmF2=1.65e+12 m⁻³  hmF2=301.1 km
  -> Running Lei-Abel inversion...
    [Abel] GN04 01:56: NmF2=1.73e+12 m⁻³  hmF2=296.5 km
  -> Running Lei-Abel inversion...
    [Abel] GN04 01:56: NmF2=1.96e+12 m⁻³  hmF2=306.2 km
/home/austinhunter/IonosphereTomography/demo_group.py:1169: MatplotlibDeprecationWarning: The get_cmap function was deprecated in Matplotlib 3.7 and will be removed in 3.11. Use ``matplotlib.colormaps[name]`` or ``matplotlib.colormaps.get_cmap()`` or ``pyplot.get_cmap()`` instead.
  cmap      = mpl.colormaps.get_cmap(cmap_name)
/home/austinhunter/IonosphereTomography/demo_group.py:1435: UserWarning: This figure includes Axes that are not compatible with tight_layout, so results might be incorrect.
  plt.tight_layout()
  Saved group plot (Sequential KF) → ./Figures/GroupKF/group_2024-10-10_0130__LAT-030_LON+060_seq.png
/home/austinhunter/IonosphereTomography/demo_group.py:1169: MatplotlibDeprecationWarning: The get_cmap function was deprecated in Matplotlib 3.7 and will be removed in 3.11. Use ``matplotlib.colormaps[name]`` or ``matplotlib.colormaps.get_cmap()`` or ``pyplot.get_cmap()`` instead.
  cmap      = mpl.colormaps.get_cmap(cmap_name)
/home/austinhunter/IonosphereTomography/demo_group.py:1435: UserWarning: This figure includes Axes that are not compatible with tight_layout, so results might be incorrect.
  plt.tight_layout()
  Saved group plot (Joint KF) → ./Figures/GroupKF/group_2024-10-10_0130__LAT-030_LON+060_joint.png
/home/austinhunter/IonosphereTomography/demo_group.py:953: MatplotlibDeprecationWarning: The get_cmap function was deprecated in Matplotlib 3.7 and will be removed in 3.11. Use ``matplotlib.colormaps[name]`` or ``matplotlib.colormaps.get_cmap()`` or ``pyplot.get_cmap()`` instead.
  step_cmap    = mpl.colormaps.get_cmap("viridis", max(n_occs, 2))
  Saved sequential plot → ./Figures/GroupKF/group_2024-10-10_0130__LAT-030_LON+060_sequential.png

[32/494]
────────────────────────────────────────────────────────────
  Group : 2024-10-10_0130__LAT+000_LON-060
  Window: 2024-10-10_0130  |  Region: LAT+000_LON-060  |  9 occultation(s)
────────────────────────────────────────────────────────────
Data Flipped: E25 is setting
Data Flipped: G30 is setting
Data Flipped: C36 is setting
Data Flipped: E3 is setting
Data Flipped: R15 is setting
Data Flipped: G23 is setting
R4 is rising
G17 is rising
C29 is rising
  Parsed 9/9 files successfully.
    [skip] GN05 01:41 — only 25 valid rays
  Bounding box: lat [-11.1, 90.0]  lon [160.8, -17.3]  |  vertices: 497
  [trim] n_geo=497 > MAX_MESH_VERTICES=200 — dropping GN05 01:43 (69.4° from centroid)
  Bounding box: lat [-11.1, 90.0]  lon [160.8, -17.3]  |  vertices: 497
  [trim] n_geo=497 > MAX_MESH_VERTICES=200 — dropping GN05 01:45 (45.9° from centroid)
  Bounding box: lat [-11.1, 73.9]  lon [-105.2, -17.3]  |  vertices: 232
  [trim] n_geo=232 > MAX_MESH_VERTICES=200 — dropping GN05 01:45 (22.4° from centroid)
  Bounding box: lat [-11.1, 45.3]  lon [-75.2, -17.3]  |  vertices: 120
  Final group: 5 occultation(s), 120 mesh vertices
  [warn] Trim diagnostic plot failed: cannot access local variable 'cfg' where it is not associated with a value
  [1/5] Building H for GN05 01:39 (122 rays) …
  -> Building H Matrix (122 rays, parallel)...
  [2/5] Building H for GN05 01:41 (70 rays) …
  -> Building H Matrix (70 rays, parallel)...
  [3/5] Building H for GN05 01:42 (161 rays) …
  -> Building H Matrix (161 rays, parallel)...
  [4/5] Building H for GN05 01:42 (105 rays) …
  -> Building H Matrix (105 rays, parallel)...
  [5/5] Building H for GN05 01:43 (322 rays) …
  -> Building H Matrix (322 rays, parallel)...
  Combined H shape : (780, 6600)  (total rays = 780)
  Running sequential KF assimilation …
  [step 1/5] Assimilating GN05 01:39 (122 rays) …
  [step 2/5] Assimilating GN05 01:41 (70 rays) …
  [step 3/5] Assimilating GN05 01:42 (161 rays) …
  [step 4/5] Assimilating GN05 01:42 (105 rays) …
  [step 5/5] Assimilating GN05 01:43 (322 rays) …
  Running joint (batch) KF assimilation …
  Prior RMSE        : 156.870 TECU
  Post  RMSE (seq)  : 459.384 TECU
  Post  RMSE (joint): 86.222 TECU
  -> Running Lei-Abel inversion...
    [Abel] GN05 01:39: NmF2=8.15e+11 m⁻³  hmF2=550.8 km
  -> Running Lei-Abel inversion...
    [Abel] GN05 01:41: NmF2=7.65e+11 m⁻³  hmF2=570.2 km
  -> Running Lei-Abel inversion...
    [Abel] GN05 01:42: NmF2=1.47e+12 m⁻³  hmF2=527.3 km
  -> Running Lei-Abel inversion...
    [Abel] GN05 01:42: NmF2=1.19e+12 m⁻³  hmF2=543.0 km
  -> Running Lei-Abel inversion...
    [Abel] GN05 01:43: NmF2=2.35e+12 m⁻³  hmF2=476.8 km
/home/austinhunter/IonosphereTomography/demo_group.py:1169: MatplotlibDeprecationWarning: The get_cmap function was deprecated in Matplotlib 3.7 and will be removed in 3.11. Use ``matplotlib.colormaps[name]`` or ``matplotlib.colormaps.get_cmap()`` or ``pyplot.get_cmap()`` instead.
  cmap      = mpl.colormaps.get_cmap(cmap_name)
/home/austinhunter/IonosphereTomography/demo_group.py:1435: UserWarning: This figure includes Axes that are not compatible with tight_layout, so results might be incorrect.
  plt.tight_layout()
  Saved group plot (Sequential KF) → ./Figures/GroupKF/group_2024-10-10_0130__LAT+000_LON-060_seq.png
/home/austinhunter/IonosphereTomography/demo_group.py:1169: MatplotlibDeprecationWarning: The get_cmap function was deprecated in Matplotlib 3.7 and will be removed in 3.11. Use ``matplotlib.colormaps[name]`` or ``matplotlib.colormaps.get_cmap()`` or ``pyplot.get_cmap()`` instead.
  cmap      = mpl.colormaps.get_cmap(cmap_name)
/home/austinhunter/IonosphereTomography/demo_group.py:1435: UserWarning: This figure includes Axes that are not compatible with tight_layout, so results might be incorrect.
  plt.tight_layout()
  Saved group plot (Joint KF) → ./Figures/GroupKF/group_2024-10-10_0130__LAT+000_LON-060_joint.png
/home/austinhunter/IonosphereTomography/demo_group.py:953: MatplotlibDeprecationWarning: The get_cmap function was deprecated in Matplotlib 3.7 and will be removed in 3.11. Use ``matplotlib.colormaps[name]`` or ``matplotlib.colormaps.get_cmap()`` or ``pyplot.get_cmap()`` instead.
  step_cmap    = mpl.colormaps.get_cmap("viridis", max(n_occs, 2))
  Saved sequential plot → ./Figures/GroupKF/group_2024-10-10_0130__LAT+000_LON-060_sequential.png

[33/494]
────────────────────────────────────────────────────────────
  Group : 2024-10-10_0130__LAT-030_LON+120
  Window: 2024-10-10_0130  |  Region: LAT-030_LON+120  |  8 occultation(s)
────────────────────────────────────────────────────────────
E8 is rising
C22 is rising
C21 is rising
C45 is rising
R16 is rising
E2 is rising
Data Flipped: G6 is setting
Data Flipped: R19 is setting
  Parsed 8/8 files successfully.
  Bounding box: lat [-54.7, 30.4]  lon [97.1, 170.5]  |  vertices: 223
  [trim] n_geo=223 > MAX_MESH_VERTICES=200 — dropping GN04 01:52 (9.8° from centroid)
  Bounding box: lat [-54.7, 19.3]  lon [97.1, 170.5]  |  vertices: 194
  Final group: 7 occultation(s), 194 mesh vertices
  [warn] Trim diagnostic plot failed: cannot access local variable 'cfg' where it is not associated with a value
  [1/7] Building H for GN04 01:39 (338 rays) …
  -> Building H Matrix (338 rays, parallel)...
  [2/7] Building H for GN04 01:40 (767 rays) …
  -> Building H Matrix (767 rays, parallel)...
  [3/7] Building H for GN04 01:40 (361 rays) …
  -> Building H Matrix (361 rays, parallel)...
  [4/7] Building H for GN04 01:44 (408 rays) …
  -> Building H Matrix (408 rays, parallel)...
  [5/7] Building H for GN04 01:46 (460 rays) …
  -> Building H Matrix (460 rays, parallel)...
  [6/7] Building H for GN04 01:48 (814 rays) …
  -> Building H Matrix (814 rays, parallel)...
  [7/7] Building H for GN04 01:56 (459 rays) …
  -> Building H Matrix (459 rays, parallel)...
  Combined H shape : (3607, 10670)  (total rays = 3607)
  Running sequential KF assimilation …
  [step 1/7] Assimilating GN04 01:39 (338 rays) …
  [step 2/7] Assimilating GN04 01:40 (767 rays) …
  [step 3/7] Assimilating GN04 01:40 (361 rays) …
  [step 4/7] Assimilating GN04 01:44 (408 rays) …
  [step 5/7] Assimilating GN04 01:46 (460 rays) …
  [step 6/7] Assimilating GN04 01:48 (814 rays) …
  [step 7/7] Assimilating GN04 01:56 (459 rays) …
  Running joint (batch) KF assimilation …
  Prior RMSE        : 146.335 TECU
  Post  RMSE (seq)  : 89.608 TECU
  Post  RMSE (joint): 57.110 TECU
  -> Running Lei-Abel inversion...
    [Abel] GN04 01:39: NmF2=2.18e+12 m⁻³  hmF2=320.4 km
  -> Running Lei-Abel inversion...
    [Abel] GN04 01:40: NmF2=1.82e+12 m⁻³  hmF2=338.6 km
  -> Running Lei-Abel inversion...
    [Abel] GN04 01:40: NmF2=1.89e+12 m⁻³  hmF2=312.5 km
  -> Running Lei-Abel inversion...
    [Abel] GN04 01:44: NmF2=1.83e+12 m⁻³  hmF2=318.3 km
  -> Running Lei-Abel inversion...
    [Abel] GN04 01:46: NmF2=1.70e+12 m⁻³  hmF2=312.9 km
  -> Running Lei-Abel inversion...
    [Abel] GN04 01:48: NmF2=1.57e+12 m⁻³  hmF2=330.8 km
  -> Running Lei-Abel inversion...
    [Abel] GN04 01:56: NmF2=1.89e+12 m⁻³  hmF2=315.3 km
/home/austinhunter/IonosphereTomography/demo_group.py:1169: MatplotlibDeprecationWarning: The get_cmap function was deprecated in Matplotlib 3.7 and will be removed in 3.11. Use ``matplotlib.colormaps[name]`` or ``matplotlib.colormaps.get_cmap()`` or ``pyplot.get_cmap()`` instead.
  cmap      = mpl.colormaps.get_cmap(cmap_name)
/home/austinhunter/IonosphereTomography/demo_group.py:1435: UserWarning: This figure includes Axes that are not compatible with tight_layout, so results might be incorrect.
  plt.tight_layout()
  Saved group plot (Sequential KF) → ./Figures/GroupKF/group_2024-10-10_0130__LAT-030_LON+120_seq.png
/home/austinhunter/IonosphereTomography/demo_group.py:1169: MatplotlibDeprecationWarning: The get_cmap function was deprecated in Matplotlib 3.7 and will be removed in 3.11. Use ``matplotlib.colormaps[name]`` or ``matplotlib.colormaps.get_cmap()`` or ``pyplot.get_cmap()`` instead.
  cmap      = mpl.colormaps.get_cmap(cmap_name)
/home/austinhunter/IonosphereTomography/demo_group.py:1435: UserWarning: This figure includes Axes that are not compatible with tight_layout, so results might be incorrect.
  plt.tight_layout()
  Saved group plot (Joint KF) → ./Figures/GroupKF/group_2024-10-10_0130__LAT-030_LON+120_joint.png
/home/austinhunter/IonosphereTomography/demo_group.py:953: MatplotlibDeprecationWarning: The get_cmap function was deprecated in Matplotlib 3.7 and will be removed in 3.11. Use ``matplotlib.colormaps[name]`` or ``matplotlib.colormaps.get_cmap()`` or ``pyplot.get_cmap()`` instead.
  step_cmap    = mpl.colormaps.get_cmap("viridis", max(n_occs, 2))
  Saved sequential plot → ./Figures/GroupKF/group_2024-10-10_0130__LAT-030_LON+120_sequential.png

[34/494]
────────────────────────────────────────────────────────────
  Group : 2024-10-10_0130__LAT-060_LON+060
  Window: 2024-10-10_0130  |  Region: LAT-060_LON+060  |  9 occultation(s)
────────────────────────────────────────────────────────────
E26 is rising
R22 is rising
C38 is rising
G18 is rising
C43 is rising
E7 is rising
C33 is rising
R8 is rising
Data Flipped: R2 is setting
  Parsed 9/9 files successfully.
  Bounding box: lat [-90.0, 1.5]  lon [47.7, 132.2]  |  vertices: 198
  Final group: 9 occultation(s), 198 mesh vertices
  [warn] Trim diagnostic plot failed: cannot access local variable 'cfg' where it is not associated with a value
  [1/9] Building H for GN04 01:41 (486 rays) …
  -> Building H Matrix (486 rays, parallel)...
  [2/9] Building H for GN04 01:42 (546 rays) …
  -> Building H Matrix (546 rays, parallel)...
  [3/9] Building H for GN04 01:42 (403 rays) …
  -> Building H Matrix (403 rays, parallel)...
  [4/9] Building H for GN04 01:44 (476 rays) …
  -> Building H Matrix (476 rays, parallel)...
  [5/9] Building H for GN04 01:47 (650 rays) …
  -> Building H Matrix (650 rays, parallel)...
  [6/9] Building H for GN04 01:47 (380 rays) …
  -> Building H Matrix (380 rays, parallel)...
  [7/9] Building H for GN04 01:57 (1040 rays) …
  -> Building H Matrix (1040 rays, parallel)...
  [8/9] Building H for GN04 01:58 (798 rays) …
  -> Building H Matrix (798 rays, parallel)...
  [9/9] Building H for GN04 01:59 (390 rays) …
  -> Building H Matrix (390 rays, parallel)...
  Combined H shape : (5169, 10890)  (total rays = 5169)
  Running sequential KF assimilation …
  [step 1/9] Assimilating GN04 01:41 (486 rays) …
  [step 2/9] Assimilating GN04 01:42 (546 rays) …
  [step 3/9] Assimilating GN04 01:42 (403 rays) …
  [step 4/9] Assimilating GN04 01:44 (476 rays) …
  [step 5/9] Assimilating GN04 01:47 (650 rays) …
  [step 6/9] Assimilating GN04 01:47 (380 rays) …
  [step 7/9] Assimilating GN04 01:57 (1040 rays) …
  [step 8/9] Assimilating GN04 01:58 (798 rays) …
  [step 9/9] Assimilating GN04 01:59 (390 rays) …
  Running joint (batch) KF assimilation …
  Prior RMSE        : 125.799 TECU
  Post  RMSE (seq)  : 48.433 TECU
  Post  RMSE (joint): 38.451 TECU
  -> Running Lei-Abel inversion...
    [Abel] GN04 01:41: NmF2=1.08e+12 m⁻³  hmF2=302.0 km
  -> Running Lei-Abel inversion...
    [Abel] GN04 01:42: NmF2=8.88e+11 m⁻³  hmF2=298.1 km
  -> Running Lei-Abel inversion...
    [Abel] GN04 01:42: NmF2=9.30e+11 m⁻³  hmF2=292.3 km
  -> Running Lei-Abel inversion...
    [Abel] GN04 01:44: NmF2=7.70e+11 m⁻³  hmF2=291.8 km
  -> Running Lei-Abel inversion...
    [Abel] GN04 01:47: NmF2=7.51e+11 m⁻³  hmF2=338.6 km
  -> Running Lei-Abel inversion...
    [Abel] GN04 01:47: NmF2=9.50e+11 m⁻³  hmF2=290.6 km
  -> Running Lei-Abel inversion...
    [Abel] GN04 01:57: NmF2=8.76e+11 m⁻³  hmF2=301.3 km
  -> Running Lei-Abel inversion...
    [Abel] GN04 01:58: NmF2=8.42e+11 m⁻³  hmF2=310.5 km
  -> Running Lei-Abel inversion...
    [Abel] GN04 01:59: NmF2=1.14e+12 m⁻³  hmF2=296.5 km
/home/austinhunter/IonosphereTomography/demo_group.py:1169: MatplotlibDeprecationWarning: The get_cmap function was deprecated in Matplotlib 3.7 and will be removed in 3.11. Use ``matplotlib.colormaps[name]`` or ``matplotlib.colormaps.get_cmap()`` or ``pyplot.get_cmap()`` instead.
  cmap      = mpl.colormaps.get_cmap(cmap_name)
/home/austinhunter/IonosphereTomography/demo_group.py:1435: UserWarning: This figure includes Axes that are not compatible with tight_layout, so results might be incorrect.
  plt.tight_layout()
  Saved group plot (Sequential KF) → ./Figures/GroupKF/group_2024-10-10_0130__LAT-060_LON+060_seq.png
/home/austinhunter/IonosphereTomography/demo_group.py:1169: MatplotlibDeprecationWarning: The get_cmap function was deprecated in Matplotlib 3.7 and will be removed in 3.11. Use ``matplotlib.colormaps[name]`` or ``matplotlib.colormaps.get_cmap()`` or ``pyplot.get_cmap()`` instead.
  cmap      = mpl.colormaps.get_cmap(cmap_name)
/home/austinhunter/IonosphereTomography/demo_group.py:1435: UserWarning: This figure includes Axes that are not compatible with tight_layout, so results might be incorrect.
  plt.tight_layout()
  Saved group plot (Joint KF) → ./Figures/GroupKF/group_2024-10-10_0130__LAT-060_LON+060_joint.png
/home/austinhunter/IonosphereTomography/demo_group.py:953: MatplotlibDeprecationWarning: The get_cmap function was deprecated in Matplotlib 3.7 and will be removed in 3.11. Use ``matplotlib.colormaps[name]`` or ``matplotlib.colormaps.get_cmap()`` or ``pyplot.get_cmap()`` instead.
  step_cmap    = mpl.colormaps.get_cmap("viridis", max(n_occs, 2))
  Saved sequential plot → ./Figures/GroupKF/group_2024-10-10_0130__LAT-060_LON+060_sequential.png

[35/494]
────────────────────────────────────────────────────────────
  Group : 2024-10-10_0130__LAT+000_LON-120
  Window: 2024-10-10_0130  |  Region: LAT+000_LON-120  |  4 occultation(s)
────────────────────────────────────────────────────────────
Data Flipped: G14 is setting
Data Flipped: R5 is setting
Data Flipped: C22 is setting
C19 is rising
  Parsed 4/4 files successfully.
  Bounding box: lat [2.7, 79.8]  lon [-124.7, -35.4]  |  vertices: 192
  Final group: 4 occultation(s), 192 mesh vertices
  [warn] Trim diagnostic plot failed: cannot access local variable 'cfg' where it is not associated with a value
  [1/4] Building H for GN05 01:42 (340 rays) …
  -> Building H Matrix (340 rays, parallel)...
  [2/4] Building H for GN05 01:42 (390 rays) …
  -> Building H Matrix (390 rays, parallel)...
  [3/4] Building H for GN05 01:43 (657 rays) …
  -> Building H Matrix (657 rays, parallel)...
  [4/4] Building H for GN05 01:45 (758 rays) …
  -> Building H Matrix (758 rays, parallel)...
  Combined H shape : (2145, 10560)  (total rays = 2145)
  Running sequential KF assimilation …
  [step 1/4] Assimilating GN05 01:42 (340 rays) …
  [step 2/4] Assimilating GN05 01:42 (390 rays) …
  [step 3/4] Assimilating GN05 01:43 (657 rays) …
  [step 4/4] Assimilating GN05 01:45 (758 rays) …
  Running joint (batch) KF assimilation …
  Prior RMSE        : 132.453 TECU
  Post  RMSE (seq)  : 105.290 TECU
  Post  RMSE (joint): 93.334 TECU
  -> Running Lei-Abel inversion...
    [Abel] GN05 01:42: NmF2=3.48e+12 m⁻³  hmF2=357.8 km
  -> Running Lei-Abel inversion...
    [Abel] GN05 01:42: NmF2=3.17e+12 m⁻³  hmF2=357.0 km
  -> Running Lei-Abel inversion...
    [Abel] GN05 01:43: NmF2=6.79e+11 m⁻³  hmF2=345.7 km
  -> Running Lei-Abel inversion...
    [Abel] GN05 01:45: NmF2=1.39e+12 m⁻³  hmF2=369.3 km
/home/austinhunter/IonosphereTomography/demo_group.py:1169: MatplotlibDeprecationWarning: The get_cmap function was deprecated in Matplotlib 3.7 and will be removed in 3.11. Use ``matplotlib.colormaps[name]`` or ``matplotlib.colormaps.get_cmap()`` or ``pyplot.get_cmap()`` instead.
  cmap      = mpl.colormaps.get_cmap(cmap_name)
/home/austinhunter/IonosphereTomography/demo_group.py:1435: UserWarning: This figure includes Axes that are not compatible with tight_layout, so results might be incorrect.
  plt.tight_layout()
  Saved group plot (Sequential KF) → ./Figures/GroupKF/group_2024-10-10_0130__LAT+000_LON-120_seq.png
/home/austinhunter/IonosphereTomography/demo_group.py:1169: MatplotlibDeprecationWarning: The get_cmap function was deprecated in Matplotlib 3.7 and will be removed in 3.11. Use ``matplotlib.colormaps[name]`` or ``matplotlib.colormaps.get_cmap()`` or ``pyplot.get_cmap()`` instead.
  cmap      = mpl.colormaps.get_cmap(cmap_name)
/home/austinhunter/IonosphereTomography/demo_group.py:1435: UserWarning: This figure includes Axes that are not compatible with tight_layout, so results might be incorrect.
  plt.tight_layout()
  Saved group plot (Joint KF) → ./Figures/GroupKF/group_2024-10-10_0130__LAT+000_LON-120_joint.png
/home/austinhunter/IonosphereTomography/demo_group.py:953: MatplotlibDeprecationWarning: The get_cmap function was deprecated in Matplotlib 3.7 and will be removed in 3.11. Use ``matplotlib.colormaps[name]`` or ``matplotlib.colormaps.get_cmap()`` or ``pyplot.get_cmap()`` instead.
  step_cmap    = mpl.colormaps.get_cmap("viridis", max(n_occs, 2))
  Saved sequential plot → ./Figures/GroupKF/group_2024-10-10_0130__LAT+000_LON-120_sequential.png

[36/494]
────────────────────────────────────────────────────────────
  Group : 2024-10-10_0130__LAT-060_LON+120
  Window: 2024-10-10_0130  |  Region: LAT-060_LON+120  |  1 occultation(s)
────────────────────────────────────────────────────────────
G5 is rising
  Parsed 1/1 files successfully.
  Bounding box: lat [-81.6, -22.6]  lon [75.5, 160.8]  |  vertices: 118
  Final group: 1 occultation(s), 118 mesh vertices
  [warn] Trim diagnostic plot failed: cannot access local variable 'cfg' where it is not associated with a value
  [1/1] Building H for GN04 01:46 (603 rays) …
  -> Building H Matrix (603 rays, parallel)...
  Combined H shape : (603, 6490)  (total rays = 603)
  Running sequential KF assimilation …
  [step 1/1] Assimilating GN04 01:46 (603 rays) …
  Running joint (batch) KF assimilation …
  Prior RMSE        : 69.078 TECU
  Post  RMSE (seq)  : 7.310 TECU
  Post  RMSE (joint): 7.310 TECU
  -> Running Lei-Abel inversion...
    [Abel] GN04 01:46: NmF2=5.43e+11 m⁻³  hmF2=294.3 km
/home/austinhunter/IonosphereTomography/demo_group.py:1169: MatplotlibDeprecationWarning: The get_cmap function was deprecated in Matplotlib 3.7 and will be removed in 3.11. Use ``matplotlib.colormaps[name]`` or ``matplotlib.colormaps.get_cmap()`` or ``pyplot.get_cmap()`` instead.
  cmap      = mpl.colormaps.get_cmap(cmap_name)
/home/austinhunter/IonosphereTomography/demo_group.py:1435: UserWarning: This figure includes Axes that are not compatible with tight_layout, so results might be incorrect.
  plt.tight_layout()
  Saved group plot (Sequential KF) → ./Figures/GroupKF/group_2024-10-10_0130__LAT-060_LON+120_seq.png
/home/austinhunter/IonosphereTomography/demo_group.py:1169: MatplotlibDeprecationWarning: The get_cmap function was deprecated in Matplotlib 3.7 and will be removed in 3.11. Use ``matplotlib.colormaps[name]`` or ``matplotlib.colormaps.get_cmap()`` or ``pyplot.get_cmap()`` instead.
  cmap      = mpl.colormaps.get_cmap(cmap_name)
/home/austinhunter/IonosphereTomography/demo_group.py:1435: UserWarning: This figure includes Axes that are not compatible with tight_layout, so results might be incorrect.
  plt.tight_layout()
  Saved group plot (Joint KF) → ./Figures/GroupKF/group_2024-10-10_0130__LAT-060_LON+120_joint.png
/home/austinhunter/IonosphereTomography/demo_group.py:953: MatplotlibDeprecationWarning: The get_cmap function was deprecated in Matplotlib 3.7 and will be removed in 3.11. Use ``matplotlib.colormaps[name]`` or ``matplotlib.colormaps.get_cmap()`` or ``pyplot.get_cmap()`` instead.
  step_cmap    = mpl.colormaps.get_cmap("viridis", max(n_occs, 2))
  Saved sequential plot → ./Figures/GroupKF/group_2024-10-10_0130__LAT-060_LON+120_sequential.png

[37/494]
────────────────────────────────────────────────────────────
  Group : 2024-10-10_0130__LAT+000_LON+060
  Window: 2024-10-10_0130  |  Region: LAT+000_LON+060  |  8 occultation(s)
────────────────────────────────────────────────────────────
Data Flipped: G32 is setting
Data Flipped: E21 is setting
Data Flipped: C25 is setting
Data Flipped: E19 is setting
Data not high enough. Skipping.
    [skip] podTc2_GN04.2024.284.01.51.0009.G10.01_0000.0001_nc — parse returned None
G27 is rising
C28 is rising
E33 is rising
  Parsed 7/8 files successfully.
  Bounding box: lat [-28.2, 54.9]  lon [73.3, 143.5]  |  vertices: 209
  [trim] n_geo=209 > MAX_MESH_VERTICES=200 — dropping GN05 01:55 (14.4° from centroid)
  Bounding box: lat [-28.2, 51.3]  lon [77.7, 141.9]  |  vertices: 185
  Final group: 6 occultation(s), 185 mesh vertices
  [warn] Trim diagnostic plot failed: cannot access local variable 'cfg' where it is not associated with a value
  [1/6] Building H for GN04 01:46 (524 rays) …
  -> Building H Matrix (524 rays, parallel)...
  [2/6] Building H for GN04 01:50 (360 rays) …
  -> Building H Matrix (360 rays, parallel)...
  [3/6] Building H for GN04 01:50 (388 rays) …
  -> Building H Matrix (388 rays, parallel)...
  [4/6] Building H for GN04 01:51 (366 rays) …
  -> Building H Matrix (366 rays, parallel)...
  [5/6] Building H for GN05 01:55 (571 rays) …
  -> Building H Matrix (571 rays, parallel)...
  [6/6] Building H for GN05 01:58 (624 rays) …
  -> Building H Matrix (624 rays, parallel)...
