[ISR-DA] Logging this run to: /home/austinhunter/IonosphereTomography/Logs/ISR_DA_Comparison/isr_da_comparison_20260723_071824.log
[ISR-DA] Output routed to /home/austinhunter/IonosphereTomography/Figures/ISR_DA_Comparison/OUTPUT_AUG27_2026 (metrics=isr_metrics_OUTPUT_AUG27_2026.csv, manifest=progress_manifest_OUTPUT_AUG27_2026.json)
[ISR-DA] Experiment config: run_gridded_kf=False ekf_grid=fibonacci ekf_grid_km=200.0 max_pts=off roi_gate=6000km filters=['ekf_allfree', 'ekf_nmf2']
[ISR] Processing 359 new file(s) …
  MAD6400_2025-02-26_beata_40@uhfa.hdf5: 64 profiles
  MAD6400_2025-02-26_beata_60@uhfa.hdf5: 199 profiles
  MAD6400_2025-02-26_manda_60@uhf.hdf5: 31 profiles
  MAD6400_2025-02-27_beata_60@uhfa.hdf5: 244 profiles
  MAD6400_2025-03-03_beata_60@uhfa.hdf5: 882 profiles
  MAD6400_2025-03-04_beata_60@uhfa.hdf5: 500 profiles
  MAD6400_2025-03-15_beata_60@uhfa.hdf5: 239 profiles
  MAD6400_2025-03-21_bella_60@uhf.hdf5: 196 profiles
  MAD6400_2025-03-24_manda_60@uhf.hdf5: 246 profiles
  MAD6400_2025-03-26_beata_60@uhfa.hdf5: 961 profiles
  MAD6400_2025-03-27_beata_60@uhfa.hdf5: 1437 profiles
  MAD6400_2025-03-28_beata_60@uhfa.hdf5: 1432 profiles
  MAD6400_2025-03-29_beata_60@uhfa.hdf5: 1431 profiles
  MAD6400_2025-03-30_beata_60@uhfa.hdf5: 1440 profiles
  MAD6400_2025-03-31_beata_60@uhfa.hdf5: 480 profiles
  MAD6400_2025-03-31_manda_60@uhf.hdf5: 238 profiles
  MAD6400_2025-04-01_beata_60@uhfa.hdf5: 237 profiles
  MAD6400_2025-04-02_beata_30@uhfa.hdf5: 438 profiles
  MAD6400_2025-04-02_beata_60@uhfa.hdf5: 351 profiles
  MAD6400_2025-04-03_beata_60@uhfa.hdf5: 360 profiles
  MAD6400_2025-04-04_beata_60@uhfa.hdf5: 360 profiles
  MAD6400_2025-04-05_beata_60@uhfa.hdf5: 356 profiles
  MAD6400_2025-04-06_beata_60@uhfa.hdf5: 362 profiles
  MAD6400_2025-04-07_beata_60@uhfa.hdf5: 60 profiles
  MAD6400_2025-05-05_leo_120@uhf.hdf5: 244 profiles
  MAD6400_2025-05-10_leo_120@uhf.hdf5: 241 profiles
  MAD6400_2025-05-18_beata_60@uhfa.hdf5: 658 profiles
  MAD6400_2025-05-19_beata_60@uhfa.hdf5: 1440 profiles
  MAD6400_2025-05-20_beata_60@uhfa.hdf5: 956 profiles
  MAD6400_2025-05-20_leo_120@uhf.hdf5: 240 profiles
  MAD6400_2025-05-21_beata_60@uhfa.hdf5: 600 profiles
  MAD6400_2025-07-28_beata_30@uhfa.hdf5: 25 profiles
  MAD6400_2025-07-30_beata_60@uhfa.hdf5: 89 profiles
  MAD6400_2025-08-01_beata_scan@uhfa.hdf5: 141 profiles
  MAD6400_2025-08-02_beata_scan@uhfa.hdf5: 222 profiles
  MAD6400_2025-08-03_beata_scan@uhfa.hdf5: 235 profiles
  MAD6400_2025-08-04_beata_scan@uhfa.hdf5: 235 profiles
  MAD6400_2025-08-05_beata_scan@uhfa.hdf5: 198 profiles
  MAD6400_2025-08-06_beata_scan@uhfa.hdf5: 237 profiles
  MAD6400_2025-08-07_beata_scan@uhfa.hdf5: 61 profiles
  MAD6400_2025-08-12_beata_60@uhfa.hdf5: 350 profiles
  MAD6400_2025-08-27_ipy_30@42m.hdf5: 2 profiles
  MAD6400_2025-09-10_ipy_60@42m.hdf5: 62 profiles
  MAD6400_2025-09-11_ipy_60@42m.hdf5: 80 profiles
  MAD6400_2025-09-12_ipy_60@42m.hdf5: 195 profiles
  MAD6400_2025-09-15_ipy_60@32mc.hdf5: 251 profiles
  MAD6400_2025-09-15_ipy_60@42ma.hdf5: 251 profiles
  MAD6400_2025-09-17_ipy_60@42m.hdf5: 274 profiles
  MAD6400_2025-09-22_beata_60@uhfa.hdf5: 834 profiles
  MAD6400_2025-09-22_ipy_60@42m.hdf5: 925 profiles
  MAD6400_2025-09-23_beata_60@uhfa.hdf5: 1436 profiles
  MAD6400_2025-09-23_ipy_60@42m.hdf5: 1440 profiles
  MAD6400_2025-09-24_beata_60@uhfa.hdf5: 1114 profiles
  MAD6400_2025-09-24_ipy_60@42m.hdf5: 1438 profiles
  MAD6400_2025-09-25_beata_60@uhfa.hdf5: 1432 profiles
  MAD6400_2025-09-25_ipy_60@42m.hdf5: 1440 profiles
  MAD6400_2025-09-26_beata_60@uhfa.hdf5: 600 profiles
  MAD6400_2025-09-26_ipy_60@42m.hdf5: 598 profiles
  MAD6400_2025-09-26_othia_60@42m.hdf5: 96 profiles
  MAD6400_2025-09-30_ipy_60@42m.hdf5: 290 profiles
  MAD6400_2025-09-30_manda_60@42m.hdf5: 9 profiles
  MAD6400_2025-09-30_othia_60@42m.hdf5: 14 profiles
  MAD6400_2025-10-13_ipy_60@42m.hdf5: 79 profiles
  MAD6400_2025-10-14_beata_60@uhfa.hdf5: 695 profiles
  MAD6400_2025-10-14_ipy_30@42m.hdf5: 472 profiles
  MAD6400_2025-10-14_ipy_60@42m.hdf5: 660 profiles
  MAD6400_2025-10-15_beata_60@uhfa.hdf5: 1378 profiles
  MAD6400_2025-10-15_ipy_60@42m.hdf5: 1440 profiles
  MAD6400_2025-10-16_beata_60@uhfa.hdf5: 1425 profiles
  MAD6400_2025-10-16_ipy_60@42m.hdf5: 1440 profiles
  MAD6400_2025-10-17_beata_60@uhfa.hdf5: 1319 profiles
  MAD6400_2025-10-17_ipy_60@42m.hdf5: 1439 profiles
  MAD6400_2025-10-18_ipy_60@42m.hdf5: 1436 profiles
  MAD6400_2025-10-19_ipy_60@42m.hdf5: 931 profiles
  MAD6400_2025-11-03_leo_120@uhf.hdf5: 480 profiles
  MAD6400_2025-11-04_beata_60@uhfa.hdf5: 237 profiles
  MAD6400_2025-11-04_ipy_60@42m.hdf5: 250 profiles
  MAD6400_2025-11-04_leo_120@uhf.hdf5: 285 profiles
  MAD6400_2025-11-05_beata_scan@uhfa.hdf5: 340 profiles
  MAD6400_2025-11-06_beata_60@uhfa.hdf5: 241 profiles
  MAD6400_2025-11-06_beata_scan@uhfa.hdf5: 103 profiles
  MAD6400_2025-11-06_ipy_60@42m.hdf5: 870 profiles
  MAD6400_2025-11-07_ipy_60@42m.hdf5: 827 profiles
  MAD6400_2025-11-10_beata_60@uhfa.hdf5: 360 profiles
  MAD6400_2025-11-11_beata_60@uhfa.hdf5: 412 profiles
  MAD6400_2025-11-11_ipy_60@42m.hdf5: 280 profiles
  MAD6400_2025-11-12_beata_60@uhfa.hdf5: 565 profiles
  MAD6400_2025-11-12_ipy_60@42m.hdf5: 1440 profiles
  MAD6400_2025-11-13_beata_60@uhfa.hdf5: 337 profiles
  MAD6400_2025-11-13_ipy_60@42m.hdf5: 1440 profiles
  MAD6400_2025-11-14_ipy_60@42m.hdf5: 650 profiles
  MAD6400_2025-11-15_ipy_60@42m.hdf5: 324 profiles
  MAD6400_2025-11-16_ipy_60@42m.hdf5: 153 profiles
  MAD6400_2025-11-16_othia_60@42m.hdf5: 174 profiles
  MAD6400_2025-11-17_ipy_60@42m.hdf5: 321 profiles
  MAD6400_2025-11-18_beata_60@uhfa.hdf5: 96 profiles
  MAD6400_2025-11-18_beata_scan@uhfa.hdf5: 241 profiles
  MAD6400_2025-11-18_ipy_60@42m.hdf5: 370 profiles
  MAD6400_2025-11-18_othia_60@42m.hdf5: 159 profiles
  MAD6400_2025-11-19_othia_60@42m.hdf5: 318 profiles
  MAD6400_2025-11-20_beata_scan@uhfa.hdf5: 121 profiles
  MAD6400_2025-11-20_othia_60@42m.hdf5: 316 profiles
  MAD6400_2025-11-21_beata_scan@uhfa.hdf5: 41 profiles
  MAD6400_2025-11-21_ipy_60@42m.hdf5: 90 profiles
  MAD6400_2025-11-21_othia_60@42m.hdf5: 316 profiles
  MAD6400_2025-11-22_ipy_60@42m.hdf5: 271 profiles
  MAD6400_2025-11-22_othia_60@42m.hdf5: 32 profiles
  MAD6400_2025-11-23_beata_scan@uhfa.hdf5: 160 profiles
  MAD6400_2025-11-23_othia_60@42m.hdf5: 372 profiles
  MAD6400_2025-11-24_beata_scan@uhfa.hdf5: 636 profiles
  MAD6400_2025-11-24_ipy_60@42m.hdf5: 1010 profiles
  MAD6400_2025-11-25_beata_scan@uhfa.hdf5: 1009 profiles
  MAD6400_2025-11-25_ipy_60@42m.hdf5: 1440 profiles
  MAD6400_2025-11-26_beata_scan@uhfa.hdf5: 1005 profiles
  MAD6400_2025-11-26_ipy_60@42m.hdf5: 1430 profiles
  MAD6400_2025-11-27_beata_scan@uhfa.hdf5: 1009 profiles
  MAD6400_2025-11-27_ipy_60@42m.hdf5: 1430 profiles
  MAD6400_2025-11-28_beata_scan@uhfa.hdf5: 1005 profiles
  MAD6400_2025-11-28_ipy_60@42m.hdf5: 1142 profiles
  MAD6400_2025-11-29_beata_scan@uhfa.hdf5: 356 profiles
  MAD6400_2025-11-29_ipy_60@42m.hdf5: 480 profiles
  MAD6400_2025-12-07_beata_60@uhfa.hdf5: 240 profiles
  MAD6400_2025-12-08_beata_60@uhfa.hdf5: 301 profiles
  MAD6400_2025-12-08_ipy_60@42m.hdf5: 971 profiles
  MAD6400_2025-12-09_beata_60@uhfa.hdf5: 360 profiles
  MAD6400_2025-12-09_ipy_60@42m.hdf5: 1074 profiles
  MAD6400_2025-12-09_othia_60@42m.hdf5: 359 profiles
  MAD6400_2025-12-10_ipy_60@42m.hdf5: 451 profiles
  MAD6400_2025-12-12_ipy_60@42m.hdf5: 27 profiles
  MAD6400_2025-12-13_manda_60@uhf.hdf5: 357 profiles
  MAD6400_2025-12-14_beata_scan@uhfa.hdf5: 291 profiles
  MAD6400_2025-12-14_ipy_60@42m.hdf5: 422 profiles
  MAD6400_2025-12-14_manda_60@uhf.hdf5: 1082 profiles
  MAD6400_2025-12-15_beata_60@uhfa.hdf5: 240 profiles
  MAD6400_2025-12-15_beata_scan@uhfa.hdf5: 513 profiles
  MAD6400_2025-12-15_ipy_60@42m.hdf5: 1200 profiles
  MAD6400_2025-12-16_beata_60@uhfa.hdf5: 349 profiles
  MAD6400_2025-12-16_beata_scan@uhfa.hdf5: 468 profiles
  MAD6400_2025-12-16_ipy_60@42m.hdf5: 961 profiles
  MAD6400_2025-12-17_beata_60@uhfa.hdf5: 239 profiles
  MAD6400_2025-12-17_beata_scan@uhfa.hdf5: 530 profiles
  MAD6400_2025-12-17_ipy_60@42m.hdf5: 540 profiles
  MAD6400_2025-12-18_beata_60@uhfa.hdf5: 292 profiles
  MAD6400_2025-12-18_beata_scan@uhfa.hdf5: 472 profiles
  MAD6400_2025-12-18_ipy_60@42m.hdf5: 55 profiles
  MAD6400_2025-12-19_beata_scan@uhfa.hdf5: 534 profiles
  MAD6400_2025-12-20_beata_scan@uhfa.hdf5: 237 profiles
  MAD6400_2026-01-06_beata_60@uhfa.hdf5: 239 profiles
  MAD6400_2026-01-13_beata_60@uhfa.hdf5: 240 profiles
  MAD6400_2026-01-13_othia_60@42m.hdf5: 120 profiles
  MAD6400_2026-01-14_othia_60@42m.hdf5: 88 profiles
  MAD6400_2026-01-15_othia_60@42m.hdf5: 121 profiles
  MAD6400_2026-01-16_othia_60@42m.hdf5: 114 profiles
  MAD6400_2026-01-20_ipy_60@42m.hdf5: 419 profiles
  MAD6400_2026-01-20_manda_60@42m.hdf5: 55 profiles
  MAD6400_2026-01-20_othia_60@42m.hdf5: 239 profiles
  MAD6400_2026-01-21_othia_60@42m.hdf5: 357 profiles
  MAD6400_2026-01-22_beata_60@uhfa.hdf5: 240 profiles
  MAD6400_2026-01-29_beata_60@uhfa.hdf5: 240 profiles
  MAD6400_2026-02-02_beata_60@uhfa.hdf5: 284 profiles
  MAD6400_2026-02-02_ipy_60@42m.hdf5: 13 profiles
  MAD6400_2026-02-02_manda_60@42m.hdf5: 69 profiles
  MAD6400_2026-02-03_ipy_60@42m.hdf5: 9 profiles
  MAD6400_2026-02-03_othia_60@42m.hdf5: 109 profiles
  MAD6400_2026-02-05_beata_60@uhfa.hdf5: 242 profiles
  MAD6400_2026-02-09_leo_60@42m.hdf5: 128 profiles
  MAD6400_2026-02-12_beata_60@uhfa.hdf5: 219 profiles
  MAD6400_2026-02-12_manda_60@42m.hdf5: 137 profiles
  MAD6400_2026-02-17_beata_60@uhfa.hdf5: 240 profiles
  MAD6300_2025-02-26_beata_40@uhfa.hdf5: 64 profiles
  MAD6300_2025-02-26_beata_60@uhfa.hdf5: 196 profiles
  MAD6300_2025-02-26_manda_60@uhf.hdf5: 31 profiles
  MAD6300_2025-02-27_beata_60@uhfa.hdf5: 241 profiles
  MAD6300_2025-03-03_beata_60@uhfa.hdf5: 874 profiles
  MAD6300_2025-03-04_beata_60@uhfa.hdf5: 497 profiles
  MAD6300_2025-03-15_beata_60@uhfa.hdf5: 238 profiles
  MAD6300_2025-03-21_bella_60@uhf.hdf5: 196 profiles
  MAD6300_2025-03-24_manda_60@uhf.hdf5: 246 profiles
  MAD6300_2025-03-26_beata_60@uhfa.hdf5: 956 profiles
  MAD6300_2025-03-27_beata_60@uhfa.hdf5: 1424 profiles
  MAD6300_2025-03-28_beata_60@uhfa.hdf5: 1421 profiles
  MAD6300_2025-03-29_beata_60@uhfa.hdf5: 1424 profiles
  MAD6300_2025-03-30_beata_60@uhfa.hdf5: 1432 profiles
  MAD6300_2025-03-31_beata_60@uhfa.hdf5: 478 profiles
  MAD6300_2025-03-31_manda_60@uhf.hdf5: 238 profiles
  MAD6300_2025-04-01_beata_60@uhfa.hdf5: 237 profiles
  MAD6300_2025-04-02_beata_30@uhfa.hdf5: 434 profiles
  MAD6300_2025-04-02_beata_60@uhfa.hdf5: 349 profiles
  MAD6300_2025-04-03_beata_60@uhfa.hdf5: 358 profiles
  MAD6300_2025-04-04_beata_60@uhfa.hdf5: 358 profiles
  MAD6300_2025-04-05_beata_60@uhfa.hdf5: 353 profiles
  MAD6300_2025-04-06_beata_60@uhfa.hdf5: 360 profiles
  MAD6300_2025-04-07_beata_60@uhfa.hdf5: 60 profiles
  MAD6300_2025-05-05_leo_120@uhf.hdf5: 244 profiles
  MAD6300_2025-05-10_leo_120@uhf.hdf5: 241 profiles
  MAD6300_2025-05-18_beata_60@uhfa.hdf5: 653 profiles
  MAD6300_2025-05-19_beata_60@uhfa.hdf5: 1424 profiles
  MAD6300_2025-05-20_beata_60@uhfa.hdf5: 946 profiles
  MAD6300_2025-05-20_leo_120@uhf.hdf5: 240 profiles
  MAD6300_2025-05-21_beata_60@uhfa.hdf5: 597 profiles
  MAD6300_2025-07-28_beata_30@uhfa.hdf5: 25 profiles
  MAD6300_2025-07-30_beata_60@uhfa.hdf5: 88 profiles
  MAD6300_2025-08-01_beata_scan@uhfa.hdf5: 139 profiles
  MAD6300_2025-08-02_beata_scan@uhfa.hdf5: 222 profiles
  MAD6300_2025-08-03_beata_scan@uhfa.hdf5: 235 profiles
  MAD6300_2025-08-04_beata_scan@uhfa.hdf5: 234 profiles
  MAD6300_2025-08-05_beata_scan@uhfa.hdf5: 198 profiles
  MAD6300_2025-08-06_beata_scan@uhfa.hdf5: 237 profiles
  MAD6300_2025-08-07_beata_scan@uhfa.hdf5: 61 profiles
  MAD6300_2025-08-12_beata_60@uhfa.hdf5: 349 profiles
  MAD6300_2025-08-27_ipy_30@42m.hdf5: 0 profiles
  MAD6300_2025-09-10_ipy_60@42m.hdf5: 0 profiles
  MAD6300_2025-09-11_ipy_60@42m.hdf5: 0 profiles
  MAD6300_2025-09-12_ipy_60@42m.hdf5: 0 profiles
  MAD6300_2025-09-15_ipy_60@32mc.hdf5: 0 profiles
  MAD6300_2025-09-15_ipy_60@42ma.hdf5: 0 profiles
  MAD6300_2025-09-17_ipy_60@42m.hdf5: 0 profiles
  MAD6300_2025-09-22_beata_60@uhfa.hdf5: 828 profiles
  MAD6300_2025-09-22_ipy_60@42m.hdf5: 0 profiles
  MAD6300_2025-09-23_beata_60@uhfa.hdf5: 1424 profiles
  MAD6300_2025-09-23_ipy_60@42m.hdf5: 0 profiles
  MAD6300_2025-09-24_beata_60@uhfa.hdf5: 1109 profiles
  MAD6300_2025-09-24_ipy_60@42m.hdf5: 0 profiles
  MAD6300_2025-09-25_beata_60@uhfa.hdf5: 1422 profiles
  MAD6300_2025-09-25_ipy_60@42m.hdf5: 0 profiles
  MAD6300_2025-09-26_beata_60@uhfa.hdf5: 598 profiles
  MAD6300_2025-09-26_ipy_60@42m.hdf5: 0 profiles
  MAD6300_2025-09-26_othia_60@42m.hdf5: 0 profiles
  MAD6300_2025-09-30_ipy_60@42m.hdf5: 0 profiles
  MAD6300_2025-09-30_manda_60@42m.hdf5: 0 profiles
  MAD6300_2025-09-30_othia_60@42m.hdf5: 0 profiles
  MAD6300_2025-10-13_ipy_60@42m.hdf5: 0 profiles
  MAD6300_2025-10-14_beata_60@uhfa.hdf5: 692 profiles
  MAD6300_2025-10-14_ipy_30@42m.hdf5: 0 profiles
  MAD6300_2025-10-14_ipy_60@42m.hdf5: 0 profiles
  MAD6300_2025-10-15_beata_60@uhfa.hdf5: 1372 profiles
  MAD6300_2025-10-15_ipy_60@42m.hdf5: 0 profiles
  MAD6300_2025-10-16_beata_60@uhfa.hdf5: 1417 profiles
  MAD6300_2025-10-16_ipy_60@42m.hdf5: 0 profiles
  MAD6300_2025-10-17_beata_60@uhfa.hdf5: 1311 profiles
  MAD6300_2025-10-17_ipy_60@42m.hdf5: 0 profiles
  MAD6300_2025-10-18_ipy_60@42m.hdf5: 0 profiles
  MAD6300_2025-10-19_ipy_60@42m.hdf5: 0 profiles
  MAD6300_2025-11-03_leo_120@uhf.hdf5: 480 profiles
  MAD6300_2025-11-04_beata_60@uhfa.hdf5: 237 profiles
  MAD6300_2025-11-04_ipy_60@42m.hdf5: 0 profiles
  MAD6300_2025-11-04_leo_120@uhf.hdf5: 285 profiles
  MAD6300_2025-11-05_beata_scan@uhfa.hdf5: 340 profiles
  MAD6300_2025-11-06_beata_60@uhfa.hdf5: 240 profiles
  MAD6300_2025-11-06_beata_scan@uhfa.hdf5: 102 profiles
  MAD6300_2025-11-06_ipy_60@42m.hdf5: 0 profiles
  MAD6300_2025-11-07_ipy_60@42m.hdf5: 0 profiles
  MAD6300_2025-11-10_beata_60@uhfa.hdf5: 357 profiles
  MAD6300_2025-11-11_beata_60@uhfa.hdf5: 409 profiles
  MAD6300_2025-11-11_ipy_60@42m.hdf5: 0 profiles
  MAD6300_2025-11-12_beata_60@uhfa.hdf5: 561 profiles
  MAD6300_2025-11-12_ipy_60@42m.hdf5: 0 profiles
  MAD6300_2025-11-13_beata_60@uhfa.hdf5: 334 profiles
  MAD6300_2025-11-13_ipy_60@42m.hdf5: 0 profiles
  MAD6300_2025-11-14_ipy_60@42m.hdf5: 0 profiles
  MAD6300_2025-11-15_ipy_60@42m.hdf5: 0 profiles
  MAD6300_2025-11-16_ipy_60@42m.hdf5: 0 profiles
  MAD6300_2025-11-16_othia_60@42m.hdf5: 0 profiles
  MAD6300_2025-11-17_ipy_60@42m.hdf5: 0 profiles
  MAD6300_2025-11-18_beata_60@uhfa.hdf5: 95 profiles
  MAD6300_2025-11-18_beata_scan@uhfa.hdf5: 239 profiles
  MAD6300_2025-11-18_ipy_60@42m.hdf5: 0 profiles
  MAD6300_2025-11-18_othia_60@42m.hdf5: 0 profiles
  MAD6300_2025-11-19_othia_60@42m.hdf5: 0 profiles
  MAD6300_2025-11-20_beata_scan@uhfa.hdf5: 120 profiles
  MAD6300_2025-11-20_othia_60@42m.hdf5: 0 profiles
  MAD6300_2025-11-21_beata_scan@uhfa.hdf5: 39 profiles
  MAD6300_2025-11-21_ipy_60@42m.hdf5: 0 profiles
  MAD6300_2025-11-21_othia_60@42m.hdf5: 0 profiles
  MAD6300_2025-11-22_ipy_60@42m.hdf5: 0 profiles
  MAD6300_2025-11-22_othia_60@42m.hdf5: 0 profiles
  MAD6300_2025-11-23_beata_scan@uhfa.hdf5: 159 profiles
  MAD6300_2025-11-23_othia_60@42m.hdf5: 0 profiles
  MAD6300_2025-11-24_beata_scan@uhfa.hdf5: 632 profiles
  MAD6300_2025-11-24_ipy_60@42m.hdf5: 0 profiles
  MAD6300_2025-11-25_beata_scan@uhfa.hdf5: 1004 profiles
  MAD6300_2025-11-25_ipy_60@42m.hdf5: 0 profiles
  MAD6300_2025-11-26_beata_scan@uhfa.hdf5: 1000 profiles
  MAD6300_2025-11-26_ipy_60@42m.hdf5: 0 profiles
  MAD6300_2025-11-27_beata_scan@uhfa.hdf5: 1007 profiles
  MAD6300_2025-11-27_ipy_60@42m.hdf5: 0 profiles
  MAD6300_2025-11-28_beata_scan@uhfa.hdf5: 1001 profiles
  MAD6300_2025-11-28_ipy_60@42m.hdf5: 0 profiles
  MAD6300_2025-11-29_beata_scan@uhfa.hdf5: 355 profiles
  MAD6300_2025-11-29_ipy_60@42m.hdf5: 0 profiles
  MAD6300_2025-12-07_beata_60@uhfa.hdf5: 238 profiles
  MAD6300_2025-12-08_beata_60@uhfa.hdf5: 300 profiles
  MAD6300_2025-12-08_ipy_60@42m.hdf5: 0 profiles
  MAD6300_2025-12-09_beata_60@uhfa.hdf5: 356 profiles
  MAD6300_2025-12-09_ipy_60@42m.hdf5: 0 profiles
  MAD6300_2025-12-09_othia_60@42m.hdf5: 0 profiles
  MAD6300_2025-12-10_ipy_60@42m.hdf5: 0 profiles
  MAD6300_2025-12-12_ipy_60@42m.hdf5: 0 profiles
  MAD6300_2025-12-13_manda_60@uhf.hdf5: 357 profiles
  MAD6300_2025-12-14_beata_scan@uhfa.hdf5: 290 profiles
  MAD6300_2025-12-14_ipy_60@42m.hdf5: 0 profiles
  MAD6300_2025-12-14_manda_60@uhf.hdf5: 1082 profiles
  MAD6300_2025-12-15_beata_60@uhfa.hdf5: 237 profiles
  MAD6300_2025-12-15_beata_scan@uhfa.hdf5: 509 profiles
  MAD6300_2025-12-15_ipy_60@42m.hdf5: 0 profiles
  MAD6300_2025-12-16_beata_60@uhfa.hdf5: 344 profiles
  MAD6300_2025-12-16_beata_scan@uhfa.hdf5: 468 profiles
  MAD6300_2025-12-16_ipy_60@42m.hdf5: 0 profiles
  MAD6300_2025-12-17_beata_60@uhfa.hdf5: 238 profiles
  MAD6300_2025-12-17_beata_scan@uhfa.hdf5: 527 profiles
  MAD6300_2025-12-17_ipy_60@42m.hdf5: 0 profiles
  MAD6300_2025-12-18_beata_60@uhfa.hdf5: 291 profiles
  MAD6300_2025-12-18_beata_scan@uhfa.hdf5: 471 profiles
  MAD6300_2025-12-18_ipy_60@42m.hdf5: 0 profiles
  MAD6300_2025-12-19_beata_scan@uhfa.hdf5: 531 profiles
  MAD6300_2025-12-20_beata_scan@uhfa.hdf5: 236 profiles
  MAD6300_2026-01-06_beata_60@uhfa.hdf5: 236 profiles
  MAD6300_2026-01-13_beata_60@uhfa.hdf5: 238 profiles
  MAD6300_2026-01-13_othia_60@42m.hdf5: 0 profiles
  MAD6300_2026-01-14_othia_60@42m.hdf5: 0 profiles
  MAD6300_2026-01-15_othia_60@42m.hdf5: 0 profiles
  MAD6300_2026-01-16_othia_60@42m.hdf5: 0 profiles
  MAD6300_2026-01-20_ipy_60@42m.hdf5: 0 profiles
  MAD6300_2026-01-20_manda_60@42m.hdf5: 0 profiles
  MAD6300_2026-01-20_othia_60@42m.hdf5: 0 profiles
  MAD6300_2026-01-21_othia_60@42m.hdf5: 0 profiles
  MAD6300_2026-01-22_beata_60@uhfa.hdf5: 239 profiles
  MAD6300_2026-01-29_beata_60@uhfa.hdf5: 240 profiles
  MAD6300_2026-02-02_beata_60@uhfa.hdf5: 283 profiles
  MAD6300_2026-02-02_ipy_60@42m.hdf5: 0 profiles
  MAD6300_2026-02-02_manda_60@42m.hdf5: 0 profiles
  MAD6300_2026-02-03_ipy_60@42m.hdf5: 0 profiles
  MAD6300_2026-02-03_othia_60@42m.hdf5: 0 profiles
  MAD6300_2026-02-05_beata_60@uhfa.hdf5: 240 profiles
  MAD6300_2026-02-09_leo_60@42m.hdf5: 0 profiles
  MAD6300_2026-02-12_beata_60@uhfa.hdf5: 218 profiles
  MAD6300_2026-02-12_manda_60@42m.hdf5: 0 profiles
  MAD6300_2026-02-17_beata_60@uhfa.hdf5: 240 profiles
  jro20250121_130001.hdf5: 165 profiles
  jro20250122_050005.hdf5: 283 profiles
  jro20250123_050003.hdf5: 265 profiles
  jro20250124_050003.hdf5: 275 profiles
  jro20250125_050004.hdf5: 270 profiles
  jro20250126_050005.hdf5: 280 profiles
  jro20250127_050003.hdf5: 269 profiles
  jro20250128_050003.hdf5: 243 profiles
  jro20250129_050004.hdf5: 271 profiles
  jro20250130_050005.hdf5: 286 profiles
  jro20250131_050005.hdf5: 85 profiles
  jro20250516_132000.hdf5: 154 profiles
  jro20250517_050004.hdf5: 266 profiles
  jro20250518_050004.hdf5: 255 profiles
  jro20250519_050005.hdf5: 89 profiles
  jro20260526_130455.hdf5: 72 profiles
  jro20260527_050341.hdf5: 116 profiles
  jro20260528_101613.hdf5: 94 profiles
  jro20260529_050413.hdf5: 119 profiles
  jro20260530_050413.hdf5: 119 profiles
  jro20260531_050413.hdf5: 40 profiles
[ISR] Cache updated → /home/austinhunter/IonosphereTomography/Data/ISR_Data/esr_edp_cache.pkl (135834 total profiles)
[ISR-DA] Processing 1 day(s)
  Tier 2  2025-08-27  instruments=['ESR']  podtc=yes

[ISR-DA] Loading ISR EDP cache ...
[ISR] Loading cache esr_edp_cache.pkl … 135834 profiles from 285 files
[ISR] Processing 74 new file(s) …
  MAD6300_2025-08-27_ipy_30@42m.hdf5: 0 profiles
  MAD6300_2025-09-10_ipy_60@42m.hdf5: 0 profiles
  MAD6300_2025-09-11_ipy_60@42m.hdf5: 0 profiles
  MAD6300_2025-09-12_ipy_60@42m.hdf5: 0 profiles
  MAD6300_2025-09-15_ipy_60@32mc.hdf5: 0 profiles
  MAD6300_2025-09-15_ipy_60@42ma.hdf5: 0 profiles
  MAD6300_2025-09-17_ipy_60@42m.hdf5: 0 profiles
  MAD6300_2025-09-22_ipy_60@42m.hdf5: 0 profiles
  MAD6300_2025-09-23_ipy_60@42m.hdf5: 0 profiles
  MAD6300_2025-09-24_ipy_60@42m.hdf5: 0 profiles
  MAD6300_2025-09-25_ipy_60@42m.hdf5: 0 profiles
  MAD6300_2025-09-26_ipy_60@42m.hdf5: 0 profiles
  MAD6300_2025-09-26_othia_60@42m.hdf5: 0 profiles
  MAD6300_2025-09-30_ipy_60@42m.hdf5: 0 profiles
  MAD6300_2025-09-30_manda_60@42m.hdf5: 0 profiles
  MAD6300_2025-09-30_othia_60@42m.hdf5: 0 profiles
  MAD6300_2025-10-13_ipy_60@42m.hdf5: 0 profiles
  MAD6300_2025-10-14_ipy_30@42m.hdf5: 0 profiles
  MAD6300_2025-10-14_ipy_60@42m.hdf5: 0 profiles
  MAD6300_2025-10-15_ipy_60@42m.hdf5: 0 profiles
  MAD6300_2025-10-16_ipy_60@42m.hdf5: 0 profiles
  MAD6300_2025-10-17_ipy_60@42m.hdf5: 0 profiles
  MAD6300_2025-10-18_ipy_60@42m.hdf5: 0 profiles
  MAD6300_2025-10-19_ipy_60@42m.hdf5: 0 profiles
  MAD6300_2025-11-04_ipy_60@42m.hdf5: 0 profiles
  MAD6300_2025-11-06_ipy_60@42m.hdf5: 0 profiles
  MAD6300_2025-11-07_ipy_60@42m.hdf5: 0 profiles
  MAD6300_2025-11-11_ipy_60@42m.hdf5: 0 profiles
  MAD6300_2025-11-12_ipy_60@42m.hdf5: 0 profiles
  MAD6300_2025-11-13_ipy_60@42m.hdf5: 0 profiles
  MAD6300_2025-11-14_ipy_60@42m.hdf5: 0 profiles
  MAD6300_2025-11-15_ipy_60@42m.hdf5: 0 profiles
  MAD6300_2025-11-16_ipy_60@42m.hdf5: 0 profiles
  MAD6300_2025-11-16_othia_60@42m.hdf5: 0 profiles
  MAD6300_2025-11-17_ipy_60@42m.hdf5: 0 profiles
  MAD6300_2025-11-18_ipy_60@42m.hdf5: 0 profiles
  MAD6300_2025-11-18_othia_60@42m.hdf5: 0 profiles
  MAD6300_2025-11-19_othia_60@42m.hdf5: 0 profiles
  MAD6300_2025-11-20_othia_60@42m.hdf5: 0 profiles
  MAD6300_2025-11-21_ipy_60@42m.hdf5: 0 profiles
  MAD6300_2025-11-21_othia_60@42m.hdf5: 0 profiles
  MAD6300_2025-11-22_ipy_60@42m.hdf5: 0 profiles
  MAD6300_2025-11-22_othia_60@42m.hdf5: 0 profiles
  MAD6300_2025-11-23_othia_60@42m.hdf5: 0 profiles
  MAD6300_2025-11-24_ipy_60@42m.hdf5: 0 profiles
  MAD6300_2025-11-25_ipy_60@42m.hdf5: 0 profiles
  MAD6300_2025-11-26_ipy_60@42m.hdf5: 0 profiles
  MAD6300_2025-11-27_ipy_60@42m.hdf5: 0 profiles
  MAD6300_2025-11-28_ipy_60@42m.hdf5: 0 profiles
  MAD6300_2025-11-29_ipy_60@42m.hdf5: 0 profiles
  MAD6300_2025-12-08_ipy_60@42m.hdf5: 0 profiles
  MAD6300_2025-12-09_ipy_60@42m.hdf5: 0 profiles
  MAD6300_2025-12-09_othia_60@42m.hdf5: 0 profiles
  MAD6300_2025-12-10_ipy_60@42m.hdf5: 0 profiles
  MAD6300_2025-12-12_ipy_60@42m.hdf5: 0 profiles
  MAD6300_2025-12-14_ipy_60@42m.hdf5: 0 profiles
  MAD6300_2025-12-15_ipy_60@42m.hdf5: 0 profiles
  MAD6300_2025-12-16_ipy_60@42m.hdf5: 0 profiles
  MAD6300_2025-12-17_ipy_60@42m.hdf5: 0 profiles
  MAD6300_2025-12-18_ipy_60@42m.hdf5: 0 profiles
  MAD6300_2026-01-13_othia_60@42m.hdf5: 0 profiles
  MAD6300_2026-01-14_othia_60@42m.hdf5: 0 profiles
  MAD6300_2026-01-15_othia_60@42m.hdf5: 0 profiles
  MAD6300_2026-01-16_othia_60@42m.hdf5: 0 profiles
  MAD6300_2026-01-20_ipy_60@42m.hdf5: 0 profiles
  MAD6300_2026-01-20_manda_60@42m.hdf5: 0 profiles
  MAD6300_2026-01-20_othia_60@42m.hdf5: 0 profiles
  MAD6300_2026-01-21_othia_60@42m.hdf5: 0 profiles
  MAD6300_2026-02-02_ipy_60@42m.hdf5: 0 profiles
  MAD6300_2026-02-02_manda_60@42m.hdf5: 0 profiles
  MAD6300_2026-02-03_ipy_60@42m.hdf5: 0 profiles
  MAD6300_2026-02-03_othia_60@42m.hdf5: 0 profiles
  MAD6300_2026-02-09_leo_60@42m.hdf5: 0 profiles
  MAD6300_2026-02-12_manda_60@42m.hdf5: 0 profiles
         135834 profiles loaded, 85642 fitted (kindat 6400) used as ground truth

======================================================================
[Day] 2025-08-27  tier=2  instruments=['ESR']
  Scanning 9819 files for metadata …
  Found 9819 valid files across 755 geographic groups (48 30-min windows).
[ISR-DA][minima-windows] 2025-08-27: 15 window(s) (>= 10 arcs each)
  0100  centre=2025-08-27 01:00:00  n_occ=50  span=[2025-08-27 00:00:00 .. 2025-08-27 02:00:00)
  0247  centre=2025-08-27 02:47:30  n_occ=39  span=[2025-08-27 02:00:00 .. 2025-08-27 03:35:00)
  0422  centre=2025-08-27 04:22:30  n_occ=49  span=[2025-08-27 03:35:00 .. 2025-08-27 05:10:00)
  0557  centre=2025-08-27 05:57:30  n_occ=56  span=[2025-08-27 05:10:00 .. 2025-08-27 06:45:00)
  0735  centre=2025-08-27 07:35:00  n_occ=82  span=[2025-08-27 06:45:00 .. 2025-08-27 08:25:00)
  0912  centre=2025-08-27 09:12:30  n_occ=121  span=[2025-08-27 08:25:00 .. 2025-08-27 10:00:00)
  1050  centre=2025-08-27 10:50:00  n_occ=98  span=[2025-08-27 10:00:00 .. 2025-08-27 11:40:00)
  1227  centre=2025-08-27 12:27:30  n_occ=62  span=[2025-08-27 11:40:00 .. 2025-08-27 13:15:00)
  1400  centre=2025-08-27 14:00:00  n_occ=60  span=[2025-08-27 13:15:00 .. 2025-08-27 14:45:00)
  1535  centre=2025-08-27 15:35:00  n_occ=63  span=[2025-08-27 14:45:00 .. 2025-08-27 16:25:00)
  1717  centre=2025-08-27 17:17:30  n_occ=44  span=[2025-08-27 16:25:00 .. 2025-08-27 18:10:00)
  1857  centre=2025-08-27 18:57:30  n_occ=46  span=[2025-08-27 18:10:00 .. 2025-08-27 19:45:00)
  2025  centre=2025-08-27 20:25:00  n_occ=65  span=[2025-08-27 19:45:00 .. 2025-08-27 21:05:00)
  2200  centre=2025-08-27 22:00:00  n_occ=98  span=[2025-08-27 21:05:00 .. 2025-08-27 22:55:00)
  2327  centre=2025-08-27 23:27:30  n_occ=60  span=[2025-08-27 22:55:00 .. 2025-08-28 00:00:00)
  [IGS/TRO1] Loaded 226 arc(s) from cache.
  [IGS/NYA1] Loaded 325 arc(s) from cache.
  [IGS/KIR0] Loaded 289 arc(s) from cache.
  [IGS/SOD3] Running TEC pipeline for 2025-08-27 …
  [nav] Using multi-GNSS mixed nav: BRDC00IGS_R_20252390000_01D_MN.rnx.gz
  [IGS/SOD3] Pipeline failed: cannot reindex or align along dimension 'sv' because the (pandas) index has duplicate values
  [IGS/ALRT] Loaded 0 arc(s) from cache.
  [IGS/SCOR] Loaded 379 arc(s) from cache.
  [IGS/HOFN] Loaded 260 arc(s) from cache.
  [IGS/REYK] Loaded 267 arc(s) from cache.
  15 minima window(s), 1746 IGS arc(s)
  Running 15 window(s) x 2 occultation-count bins x 3 obs modes x 2 filters ...
  [diag] 1/15 window(s) have co-located ISR truth; dropped 14 ISR-blind window(s) (--all-windows to keep them).
EDPS: (55, 1650, 50), N_geo: 1650
EDPS: (55, 1650, 50), N_geo: 1650
No valid descending tangent points found. Skipping.
No valid descending tangent points found. Skipping.
No valid descending tangent points found. Skipping.
No valid descending tangent points found. Skipping.
No valid descending tangent points found. Skipping.
No valid descending tangent points found. Skipping.
No valid descending tangent points found. Skipping.
No valid descending tangent points found. Skipping.
No valid descending tangent points found. Skipping.
No valid descending tangent points found. Skipping.
No valid descending tangent points found. Skipping.
No valid descending tangent points found. Skipping.
No valid descending tangent points found. Skipping.
No valid descending tangent points found. Skipping.
▶▶▶ _run_or_load START | 2025-08-27_1227 | bin=all | ro_only   | gridded_kf    
    [diag] 2025-08-27_1227 | bin=all | ro_only   | gridded_kf     : RUNNING    (force=True, cached=True) ...

────────────────────────────────────────────────────────────
  Group : 2025-08-27_1227
  Window: 2025-08-27_1227  |  Region: POLAR_N  |  62 occultation(s)
────────────────────────────────────────────────────────────
No valid descending tangent points found. Skipping.
    [skip] podTc2_GN04.2025.239.12.17.0019.R24.01_0000.0001_nc — parse returned None
No valid descending tangent points found. Skipping.
    [skip] podTc2_GN04.2025.239.12.17.0019.G31.01_0000.0001_nc — parse returned None
No valid descending tangent points found. Skipping.
    [skip] podTc2_GN04.2025.239.12.20.0016.C25.01_0000.0001_nc — parse returned None
No valid descending tangent points found. Skipping.
    [skip] podTc2_GN04.2025.239.12.21.0015.C34.01_0000.0001_nc — parse returned None
No valid descending tangent points found. Skipping.
    [skip] podTc2_GN04.2025.239.12.23.0013.R05.01_0000.0001_nc — parse returned None
No valid descending tangent points found. Skipping.
    [skip] podTc2_GN04.2025.239.12.23.0013.C32.01_0000.0001_nc — parse returned None
No valid descending tangent points found. Skipping.
    [skip] podTc2_GN04.2025.239.12.26.0010.R14.01_0000.0001_nc — parse returned None
No valid descending tangent points found. Skipping.
    [skip] podTc2_GN05.2025.239.12.33.0019.C25.01_0000.0001_nc — parse returned None
No valid descending tangent points found. Skipping.
    [skip] podTc2_GN05.2025.239.12.34.0018.R24.01_0000.0001_nc — parse returned None
No valid descending tangent points found. Skipping.
    [skip] podTc2_GN05.2025.239.12.37.0015.C34.01_0000.0001_nc — parse returned None
No valid descending tangent points found. Skipping.
    [skip] podTc2_GN05.2025.239.12.38.0014.R14.01_0000.0001_nc — parse returned None
No valid descending tangent points found. Skipping.
    [skip] podTc2_GN05.2025.239.12.38.0014.E24.01_0000.0001_nc — parse returned None
No valid descending tangent points found. Skipping.
    [skip] podTc2_GN05.2025.239.12.39.0013.E03.01_0000.0001_nc — parse returned None
No valid descending tangent points found. Skipping.
    [skip] podTc2_GN05.2025.239.12.40.0013.R05.01_0000.0001_nc — parse returned None
  Parsed 48/62 files successfully.
    [podTc2] GN04 12:35 — 711 valid rays → decimated to 178 (stride 4)
    [podTc2] GN04 12:35 — 621 valid rays → decimated to 156 (stride 4)
    [podTc2] GN04 12:35 — 473 valid rays → decimated to 158 (stride 3)
    [podTc2] GN04 12:35 — 406 valid rays → decimated to 136 (stride 3)
    [podTc2] GN04 12:36 — 431 valid rays → decimated to 144 (stride 3)
    [podTc2] GN04 12:36 — 322 valid rays → decimated to 161 (stride 2)
    [podTc2] GN04 12:37 — 460 valid rays → decimated to 154 (stride 3)
    [podTc2] GN04 12:36 — 282 valid rays → decimated to 141 (stride 2)
    [podTc2] GN04 12:36 — 324 valid rays → decimated to 162 (stride 2)
    [podTc2] GN04 12:36 — 368 valid rays → decimated to 184 (stride 2)
    [podTc2] GN04 12:36 — 230 valid rays → decimated to 115 (stride 2)
    [podTc2] GN04 12:35 — 325 valid rays → decimated to 163 (stride 2)
    [podTc2] GN04 12:35 — 416 valid rays → decimated to 139 (stride 3)
    [podTc2] GN04 12:36 — 126 valid rays → decimated to 126 (stride 1)
    [podTc2] YM08 12:19 — 418 valid rays → decimated to 140 (stride 3)
    [podTc2] GN04 12:41 — 384 valid rays → decimated to 192 (stride 2)
    [podTc2] GN05 12:50 — 438 valid rays → decimated to 146 (stride 3)
    [podTc2] GN04 12:36 — 56 valid rays → decimated to 56 (stride 1)
    [podTc2] YM08 12:24 — 437 valid rays → decimated to 146 (stride 3)
    [podTc2] GN04 12:44 — 438 valid rays → decimated to 146 (stride 3)
    [podTc2] GN05 12:52 — 417 valid rays → decimated to 139 (stride 3)
    [podTc2] GN04 12:44 — 543 valid rays → decimated to 181 (stride 3)
    [podTc2] GN04 12:26 — 482 valid rays → decimated to 161 (stride 3)
    [podTc2] GN04 12:26 — 482 valid rays → decimated to 161 (stride 3)
    [podTc2] GN05 12:52 — 270 valid rays → decimated to 135 (stride 2)
    [podTc2] GN05 12:53 — 306 valid rays → decimated to 153 (stride 2)
    [podTc2] GN05 12:52 — 189 valid rays → decimated to 189 (stride 1)
    [podTc2] GN04 12:27 — 442 valid rays → decimated to 148 (stride 3)
    [podTc2] GN04 12:27 — 442 valid rays → decimated to 148 (stride 3)
    [podTc2] YM08 12:26 — 252 valid rays → decimated to 126 (stride 2)
    [podTc2] YM08 12:27 — 411 valid rays → decimated to 137 (stride 3)
    [podTc2] YM08 12:28 — 404 valid rays → decimated to 135 (stride 3)
    [podTc2] GN05 12:50 — 394 valid rays → decimated to 197 (stride 2)
    [podTc2] YM08 12:28 — 784 valid rays → decimated to 196 (stride 4)
    [podTc2] GN04 12:30 — 449 valid rays → decimated to 150 (stride 3)
    [podTc2] GN04 12:31 — 408 valid rays → decimated to 136 (stride 3)
    [podTc2] GN05 12:52 — 57 valid rays → decimated to 57 (stride 1)
    [podTc2] GN04 12:31 — 499 valid rays → decimated to 167 (stride 3)
    [skip] GN05 12:53 — only 9 valid rays
    [podTc2] GN05 12:52 — 102 valid rays → decimated to 102 (stride 1)
    [podTc2] GN04 12:33 — 339 valid rays → decimated to 170 (stride 2)
    [podTc2] GN04 12:34 — 452 valid rays → decimated to 151 (stride 3)
    [podTc2] GN04 12:35 — 1821 valid rays → decimated to 183 (stride 10)
    [podTc2] GN05 12:42 — 469 valid rays → decimated to 157 (stride 3)
    [podTc2] GN05 12:44 — 462 valid rays → decimated to 154 (stride 3)
    [podTc2] GN05 12:44 — 431 valid rays → decimated to 144 (stride 3)
    [podTc2] GN05 12:52 — 88 valid rays → decimated to 88 (stride 1)
    [podTc2] GN05 12:44 — 396 valid rays → decimated to 198 (stride 2)
  Bbox lat [17.2, 90.0]  lon [-180.0, 180.0]  |  union vertices: 190
  Final group: 47 occultation(s), 190 union-mesh vertices
  Saved trim diagnostic → /home/austinhunter/IonosphereTomography/Figures/ISR_DA_Comparison/OUTPUT_AUG27_2026/bin_all/2025-08-27_1227/ro_only/group_2025-08-27_1227_trim.png
  -> Building H matrices (7006 rays across 47 arc(s), single parallel sweep) …
  -> Building H matrices:    700/7006 rays ( 10.0%)
  -> Building H matrices:   1400/7006 rays ( 20.0%)
  -> Building H matrices:   2100/7006 rays ( 30.0%)
  -> Building H matrices:   2800/7006 rays ( 40.0%)
  -> Building H matrices:   3500/7006 rays ( 50.0%)
  -> Building H matrices:   4200/7006 rays ( 59.9%)
  -> Building H matrices:   4900/7006 rays ( 69.9%)
  -> Building H matrices:   5600/7006 rays ( 79.9%)
  -> Building H matrices:   6300/7006 rays ( 89.9%)
  -> Building H matrices:   7000/7006 rays ( 99.9%)
  -> Building H matrices:   7006/7006 rays (100.0%)
  Combined H shape : (7006, 10640)  (total rays = 7006)
  Skipping sequential KF assimilation (run_sequential=False).
  Running joint (batch) KF assimilation …
  Skipping joint (batch) KF assimilation (skip_joint=True) — gridded KF not run; posterior aliased to prior.
  Prior RMSE  : 36.374 TECU
  Post  RMSE  : 36.374 TECU
    [Abel] GN04 12:35: NmF2=3.73e+11 m⁻³  hmF2=356.6 km
    [Abel] GN04 12:35: NmF2=3.73e+11 m⁻³  hmF2=356.6 km
    [Abel] GN04 12:35: NmF2=5.33e+11 m⁻³  hmF2=294.9 km
    [Abel] GN04 12:35: NmF2=5.33e+11 m⁻³  hmF2=294.9 km
    [Abel] GN04 12:36: NmF2=4.89e+11 m⁻³  hmF2=293.1 km
    [Abel] GN04 12:36: NmF2=4.89e+11 m⁻³  hmF2=293.1 km
    [Abel] GN04 12:37: NmF2=4.58e+11 m⁻³  hmF2=306.6 km
    [Abel] GN04 12:36: NmF2=4.01e+11 m⁻³  hmF2=355.3 km
    [Abel] GN04 12:36: NmF2=5.16e+11 m⁻³  hmF2=293.1 km
    [Abel] GN04 12:36: NmF2=5.16e+11 m⁻³  hmF2=293.1 km
    [Abel] GN04 12:36: NmF2=2.35e+11 m⁻³  hmF2=536.6 km
    [Abel] GN04 12:35: NmF2=4.02e+11 m⁻³  hmF2=285.6 km
    [Abel] GN04 12:35: NmF2=4.02e+11 m⁻³  hmF2=285.6 km
    [Abel] GN04 12:36: NmF2=1.56e+11 m⁻³  hmF2=573.2 km
    [Abel] YM08 12:19: NmF2=4.56e+11 m⁻³  hmF2=278.7 km
    [Abel] GN04 12:41: NmF2=4.47e+11 m⁻³  hmF2=322.9 km
    [Abel] GN05 12:50: NmF2=4.41e+11 m⁻³  hmF2=324.4 km
    [Abel] GN04 12:36: NmF2=1.20e+11 m⁻³  hmF2=577.6 km
    [Abel] YM08 12:24: NmF2=3.34e+11 m⁻³  hmF2=310.3 km
    [Abel] GN04 12:44: NmF2=5.78e+11 m⁻³  hmF2=263.7 km
    [Abel] GN05 12:52: NmF2=4.82e+11 m⁻³  hmF2=350.0 km
    [Abel] GN04 12:44: NmF2=6.74e+11 m⁻³  hmF2=258.4 km
    [Abel] GN04 12:26: NmF2=6.82e+11 m⁻³  hmF2=273.6 km
    [Abel] GN04 12:26: NmF2=6.82e+11 m⁻³  hmF2=273.6 km
    [Abel] GN05 12:52: NmF2=3.09e+11 m⁻³  hmF2=391.0 km
    [Abel] GN05 12:53: NmF2=3.83e+11 m⁻³  hmF2=363.0 km
    [Abel] GN05 12:52: NmF2=2.05e+11 m⁻³  hmF2=475.6 km
    [Abel] GN04 12:27: NmF2=3.72e+11 m⁻³  hmF2=363.5 km
    [Abel] GN04 12:27: NmF2=3.72e+11 m⁻³  hmF2=363.5 km
    [Abel] YM08 12:26: NmF2=3.64e+11 m⁻³  hmF2=309.7 km
    [Abel] YM08 12:27: NmF2=4.37e+11 m⁻³  hmF2=297.0 km
    [Abel] YM08 12:28: NmF2=4.48e+11 m⁻³  hmF2=330.2 km
    [Abel] GN05 12:50: NmF2=5.99e+11 m⁻³  hmF2=291.8 km
    [Abel] YM08 12:28: NmF2=5.10e+11 m⁻³  hmF2=411.1 km
    [Abel] GN04 12:30: NmF2=4.52e+11 m⁻³  hmF2=329.9 km
    [Abel] GN04 12:31: NmF2=4.90e+11 m⁻³  hmF2=329.5 km
    [Abel] GN05 12:52: NmF2=1.86e+11 m⁻³  hmF2=582.0 km
    [Abel] GN04 12:31: NmF2=4.35e+11 m⁻³  hmF2=296.5 km
    [Abel] GN05 12:52: NmF2=1.46e+11 m⁻³  hmF2=539.2 km
    [Abel] GN04 12:33: NmF2=4.14e+11 m⁻³  hmF2=331.0 km
    [Abel] GN04 12:34: NmF2=5.55e+11 m⁻³  hmF2=276.3 km
    [Abel] GN04 12:35: NmF2=3.25e+13 m⁻³  hmF2=491.0 km
    [Abel] GN05 12:42: NmF2=3.98e+11 m⁻³  hmF2=287.6 km
    [Abel] GN05 12:44: NmF2=4.96e+11 m⁻³  hmF2=289.9 km
    [Abel] GN05 12:44: NmF2=4.14e+11 m⁻³  hmF2=403.5 km
    [Abel] GN05 12:52: NmF2=1.84e+11 m⁻³  hmF2=579.2 km
    [Abel] GN05 12:44: NmF2=4.73e+11 m⁻³  hmF2=291.2 km
◀◀◀ _run_or_load END   | 2025-08-27_1227 | bin=all | ro_only   | gridded_kf     : DONE       (773.8s) -> status=Success
▶▶▶ _run_or_load START | 2025-08-27_1227 | bin=all | ro_igs    | gridded_kf    
    [diag] 2025-08-27_1227 | bin=all | ro_igs    | gridded_kf     : RUNNING    (force=True, cached=True) ...

────────────────────────────────────────────────────────────
  Group : 2025-08-27_1227
  Window: 2025-08-27_1227  |  Region: POLAR_N  |  62 occultation(s)
────────────────────────────────────────────────────────────
No valid descending tangent points found. Skipping.
    [skip] podTc2_GN04.2025.239.12.17.0019.R24.01_0000.0001_nc — parse returned None
No valid descending tangent points found. Skipping.
    [skip] podTc2_GN04.2025.239.12.17.0019.G31.01_0000.0001_nc — parse returned None
No valid descending tangent points found. Skipping.
    [skip] podTc2_GN04.2025.239.12.20.0016.C25.01_0000.0001_nc — parse returned None
No valid descending tangent points found. Skipping.
    [skip] podTc2_GN04.2025.239.12.21.0015.C34.01_0000.0001_nc — parse returned None
No valid descending tangent points found. Skipping.
    [skip] podTc2_GN04.2025.239.12.23.0013.R05.01_0000.0001_nc — parse returned None
No valid descending tangent points found. Skipping.
    [skip] podTc2_GN04.2025.239.12.23.0013.C32.01_0000.0001_nc — parse returned None
No valid descending tangent points found. Skipping.
    [skip] podTc2_GN04.2025.239.12.26.0010.R14.01_0000.0001_nc — parse returned None
No valid descending tangent points found. Skipping.
    [skip] podTc2_GN05.2025.239.12.33.0019.C25.01_0000.0001_nc — parse returned None
No valid descending tangent points found. Skipping.
    [skip] podTc2_GN05.2025.239.12.34.0018.R24.01_0000.0001_nc — parse returned None
No valid descending tangent points found. Skipping.
    [skip] podTc2_GN05.2025.239.12.37.0015.C34.01_0000.0001_nc — parse returned None
No valid descending tangent points found. Skipping.
    [skip] podTc2_GN05.2025.239.12.38.0014.R14.01_0000.0001_nc — parse returned None
No valid descending tangent points found. Skipping.
    [skip] podTc2_GN05.2025.239.12.38.0014.E24.01_0000.0001_nc — parse returned None
No valid descending tangent points found. Skipping.
    [skip] podTc2_GN05.2025.239.12.39.0013.E03.01_0000.0001_nc — parse returned None
No valid descending tangent points found. Skipping.
    [skip] podTc2_GN05.2025.239.12.40.0013.R05.01_0000.0001_nc — parse returned None
  Parsed 48/62 files successfully.
    [podTc2] GN04 12:35 — 711 valid rays → decimated to 178 (stride 4)
    [podTc2] GN04 12:35 — 621 valid rays → decimated to 156 (stride 4)
    [podTc2] GN04 12:35 — 473 valid rays → decimated to 158 (stride 3)
    [podTc2] GN04 12:35 — 406 valid rays → decimated to 136 (stride 3)
    [podTc2] GN04 12:36 — 431 valid rays → decimated to 144 (stride 3)
    [podTc2] GN04 12:36 — 322 valid rays → decimated to 161 (stride 2)
    [podTc2] GN04 12:37 — 460 valid rays → decimated to 154 (stride 3)
    [podTc2] GN04 12:36 — 282 valid rays → decimated to 141 (stride 2)
    [podTc2] GN04 12:36 — 324 valid rays → decimated to 162 (stride 2)
    [podTc2] GN04 12:36 — 368 valid rays → decimated to 184 (stride 2)
    [podTc2] GN04 12:36 — 230 valid rays → decimated to 115 (stride 2)
    [podTc2] GN04 12:35 — 325 valid rays → decimated to 163 (stride 2)
    [podTc2] GN04 12:35 — 416 valid rays → decimated to 139 (stride 3)
    [podTc2] GN04 12:36 — 126 valid rays → decimated to 126 (stride 1)
    [podTc2] YM08 12:19 — 418 valid rays → decimated to 140 (stride 3)
    [podTc2] GN04 12:41 — 384 valid rays → decimated to 192 (stride 2)
    [podTc2] GN05 12:50 — 438 valid rays → decimated to 146 (stride 3)
    [podTc2] GN04 12:36 — 56 valid rays → decimated to 56 (stride 1)
    [podTc2] YM08 12:24 — 437 valid rays → decimated to 146 (stride 3)
    [podTc2] GN04 12:44 — 438 valid rays → decimated to 146 (stride 3)
    [podTc2] GN05 12:52 — 417 valid rays → decimated to 139 (stride 3)
    [podTc2] GN04 12:44 — 543 valid rays → decimated to 181 (stride 3)
    [podTc2] GN04 12:26 — 482 valid rays → decimated to 161 (stride 3)
    [podTc2] GN04 12:26 — 482 valid rays → decimated to 161 (stride 3)
    [podTc2] GN05 12:52 — 270 valid rays → decimated to 135 (stride 2)
    [podTc2] GN05 12:53 — 306 valid rays → decimated to 153 (stride 2)
    [podTc2] GN05 12:52 — 189 valid rays → decimated to 189 (stride 1)
    [podTc2] GN04 12:27 — 442 valid rays → decimated to 148 (stride 3)
    [podTc2] GN04 12:27 — 442 valid rays → decimated to 148 (stride 3)
    [podTc2] YM08 12:26 — 252 valid rays → decimated to 126 (stride 2)
    [podTc2] YM08 12:27 — 411 valid rays → decimated to 137 (stride 3)
    [podTc2] YM08 12:28 — 404 valid rays → decimated to 135 (stride 3)
    [podTc2] GN05 12:50 — 394 valid rays → decimated to 197 (stride 2)
    [podTc2] YM08 12:28 — 784 valid rays → decimated to 196 (stride 4)
    [podTc2] GN04 12:30 — 449 valid rays → decimated to 150 (stride 3)
    [podTc2] GN04 12:31 — 408 valid rays → decimated to 136 (stride 3)
    [podTc2] GN05 12:52 — 57 valid rays → decimated to 57 (stride 1)
    [podTc2] GN04 12:31 — 499 valid rays → decimated to 167 (stride 3)
    [skip] GN05 12:53 — only 9 valid rays
    [podTc2] GN05 12:52 — 102 valid rays → decimated to 102 (stride 1)
    [podTc2] GN04 12:33 — 339 valid rays → decimated to 170 (stride 2)
    [podTc2] GN04 12:34 — 452 valid rays → decimated to 151 (stride 3)
    [podTc2] GN04 12:35 — 1821 valid rays → decimated to 183 (stride 10)
    [podTc2] GN05 12:42 — 469 valid rays → decimated to 157 (stride 3)
    [podTc2] GN05 12:44 — 462 valid rays → decimated to 154 (stride 3)
    [podTc2] GN05 12:44 — 431 valid rays → decimated to 144 (stride 3)
    [podTc2] GN05 12:52 — 88 valid rays → decimated to 88 (stride 1)
    [podTc2] GN05 12:44 — 396 valid rays → decimated to 198 (stride 2)
  Bbox lat [17.2, 90.0]  lon [-180.0, 180.0]  |  union vertices: 190
  Final group: 47 occultation(s), 190 union-mesh vertices
  Saved trim diagnostic → /home/austinhunter/IonosphereTomography/Figures/ISR_DA_Comparison/OUTPUT_AUG27_2026/bin_all/2025-08-27_1227/ro_igs/group_2025-08-27_1227_trim.png
  [extra] Injected 103 ground-station arc(s) → total 150 arc(s) in assimilation pool
  -> Building H matrices (7109 rays across 150 arc(s), single parallel sweep) …
  -> Building H matrices:    710/7109 rays ( 10.0%)
  -> Building H matrices:   1420/7109 rays ( 20.0%)
  -> Building H matrices:   2130/7109 rays ( 30.0%)
  -> Building H matrices:   2840/7109 rays ( 39.9%)
  -> Building H matrices:   3550/7109 rays ( 49.9%)
  -> Building H matrices:   4260/7109 rays ( 59.9%)
  -> Building H matrices:   4970/7109 rays ( 69.9%)
  -> Building H matrices:   5680/7109 rays ( 79.9%)
  -> Building H matrices:   6390/7109 rays ( 89.9%)
  -> Building H matrices:   7100/7109 rays ( 99.9%)
  -> Building H matrices:   7109/7109 rays (100.0%)
  Combined H shape : (7109, 10640)  (total rays = 7109)
  Skipping sequential KF assimilation (run_sequential=False).
  Running joint (batch) KF assimilation …
  Skipping joint (batch) KF assimilation (skip_joint=True) — gridded KF not run; posterior aliased to prior.
  Prior RMSE  : 36.226 TECU
  Post  RMSE  : 36.226 TECU
    [Abel] GN04 12:35: NmF2=3.73e+11 m⁻³  hmF2=356.6 km
    [Abel] GN04 12:35: NmF2=3.73e+11 m⁻³  hmF2=356.6 km
    [Abel] GN04 12:35: NmF2=5.33e+11 m⁻³  hmF2=294.9 km
    [Abel] GN04 12:35: NmF2=5.33e+11 m⁻³  hmF2=294.9 km
    [Abel] GN04 12:36: NmF2=4.89e+11 m⁻³  hmF2=293.1 km
    [Abel] GN04 12:36: NmF2=4.89e+11 m⁻³  hmF2=293.1 km
    [Abel] GN04 12:37: NmF2=4.58e+11 m⁻³  hmF2=306.6 km
    [Abel] GN04 12:36: NmF2=4.01e+11 m⁻³  hmF2=355.3 km
    [Abel] GN04 12:36: NmF2=5.16e+11 m⁻³  hmF2=293.1 km
    [Abel] GN04 12:36: NmF2=5.16e+11 m⁻³  hmF2=293.1 km
    [Abel] GN04 12:36: NmF2=2.35e+11 m⁻³  hmF2=536.6 km
    [Abel] GN04 12:35: NmF2=4.02e+11 m⁻³  hmF2=285.6 km
    [Abel] GN04 12:35: NmF2=4.02e+11 m⁻³  hmF2=285.6 km
    [Abel] GN04 12:36: NmF2=1.56e+11 m⁻³  hmF2=573.2 km
    [Abel] YM08 12:19: NmF2=4.56e+11 m⁻³  hmF2=278.7 km
    [Abel] GN04 12:41: NmF2=4.47e+11 m⁻³  hmF2=322.9 km
    [Abel] GN05 12:50: NmF2=4.41e+11 m⁻³  hmF2=324.4 km
    [Abel] GN04 12:36: NmF2=1.20e+11 m⁻³  hmF2=577.6 km
    [Abel] YM08 12:24: NmF2=3.34e+11 m⁻³  hmF2=310.3 km
    [Abel] GN04 12:44: NmF2=5.78e+11 m⁻³  hmF2=263.7 km
    [Abel] GN05 12:52: NmF2=4.82e+11 m⁻³  hmF2=350.0 km
    [Abel] GN04 12:44: NmF2=6.74e+11 m⁻³  hmF2=258.4 km
    [Abel] GN04 12:26: NmF2=6.82e+11 m⁻³  hmF2=273.6 km
    [Abel] GN04 12:26: NmF2=6.82e+11 m⁻³  hmF2=273.6 km
    [Abel] GN05 12:52: NmF2=3.09e+11 m⁻³  hmF2=391.0 km
    [Abel] GN05 12:53: NmF2=3.83e+11 m⁻³  hmF2=363.0 km
    [Abel] GN05 12:52: NmF2=2.05e+11 m⁻³  hmF2=475.6 km
    [Abel] GN04 12:27: NmF2=3.72e+11 m⁻³  hmF2=363.5 km
    [Abel] GN04 12:27: NmF2=3.72e+11 m⁻³  hmF2=363.5 km
    [Abel] YM08 12:26: NmF2=3.64e+11 m⁻³  hmF2=309.7 km
    [Abel] YM08 12:27: NmF2=4.37e+11 m⁻³  hmF2=297.0 km
    [Abel] YM08 12:28: NmF2=4.48e+11 m⁻³  hmF2=330.2 km
    [Abel] GN05 12:50: NmF2=5.99e+11 m⁻³  hmF2=291.8 km
    [Abel] YM08 12:28: NmF2=5.10e+11 m⁻³  hmF2=411.1 km
    [Abel] GN04 12:30: NmF2=4.52e+11 m⁻³  hmF2=329.9 km
    [Abel] GN04 12:31: NmF2=4.90e+11 m⁻³  hmF2=329.5 km
    [Abel] GN05 12:52: NmF2=1.86e+11 m⁻³  hmF2=582.0 km
    [Abel] GN04 12:31: NmF2=4.35e+11 m⁻³  hmF2=296.5 km
    [Abel] GN05 12:52: NmF2=1.46e+11 m⁻³  hmF2=539.2 km
    [Abel] GN04 12:33: NmF2=4.14e+11 m⁻³  hmF2=331.0 km
    [Abel] GN04 12:34: NmF2=5.55e+11 m⁻³  hmF2=276.3 km
    [Abel] GN04 12:35: NmF2=3.25e+13 m⁻³  hmF2=491.0 km
    [Abel] GN05 12:42: NmF2=3.98e+11 m⁻³  hmF2=287.6 km
    [Abel] GN05 12:44: NmF2=4.96e+11 m⁻³  hmF2=289.9 km
    [Abel] GN05 12:44: NmF2=4.14e+11 m⁻³  hmF2=403.5 km
    [Abel] GN05 12:52: NmF2=1.84e+11 m⁻³  hmF2=579.2 km
    [Abel] GN05 12:44: NmF2=4.73e+11 m⁻³  hmF2=291.2 km
    [Abel] Skipped 103 ground-station arc(s) (RO-only technique)
/home/austinhunter/Downloads/PlanetiQ_Code/venv311/lib/python3.11/site-packages/shapely/creation.py:218: RuntimeWarning: invalid value encountered in linestrings
  return lib.linestrings(coords, np.intc(handle_nan), out=out, **kwargs)
◀◀◀ _run_or_load END   | 2025-08-27_1227 | bin=all | ro_igs    | gridded_kf     : DONE       (725.2s) -> status=Success
▶▶▶ _run_or_load START | 2025-08-27_1227 | bin=all | igs_only  | gridded_kf    
    [diag] 2025-08-27_1227 | bin=all | igs_only  | gridded_kf     : RUNNING    (force=True, cached=True) ...
    [Info] Initialising information matrix (n_state=16280) …
    [Info] arcs ingested = 103/103  |  obs rows = 103  |  Λ cond ≈ 2.33e+23
    [Info] Solving …
    [Prior] innovation  mean=14.82  std=22.04  n_obs=103
    [Post ] innovation  mean=8.61  std=17.28
    RMSE:  prior=26.560 TECU  →  post=19.312 TECU
◀◀◀ _run_or_load END   | 2025-08-27_1227 | bin=all | igs_only  | gridded_kf     : DONE       (403.4s) -> status=ok (no 'status' key)
No valid descending tangent points found. Skipping.
No valid descending tangent points found. Skipping.
No valid descending tangent points found. Skipping.
No valid descending tangent points found. Skipping.
No valid descending tangent points found. Skipping.
No valid descending tangent points found. Skipping.
No valid descending tangent points found. Skipping.
No valid descending tangent points found. Skipping.
No valid descending tangent points found. Skipping.
No valid descending tangent points found. Skipping.
No valid descending tangent points found. Skipping.
No valid descending tangent points found. Skipping.
No valid descending tangent points found. Skipping.
No valid descending tangent points found. Skipping.
  [EKF] ROI gate @ 6000 km: dropped 2 stray RO anchor(s) far from the IGS/ISR footprint (130 RO anchor(s) kept)
  [EKF] Fibonacci ROI grid @ 200 km: 1835 points (great-circle around robust footprint centroid, cap=None, 233 full-window ROI anchor pts; built once per window)
▶▶▶ _run_or_load START | 2025-08-27_1227 | bin=all | ro_only   | ekf_allfree   
    [diag] 2025-08-27_1227 | bin=all | ro_only   | ekf_allfree    : RUNNING    (force=True, cached=True) ...
  [EKF] Building IRI state at 1835 grid points (batch call) …
  [EnKF] Estimating background covariance from 100 EDP samples x 1835 grid points ...
  [EnKF] Parameter sigma: log10(NmF2)=0.15  hmF2=20  H0=15  gamma=0.15  B0=20  B1=0.3  log10(NmE)=0.2  hmE=8
  [EnKF] Spatial corr (Ne-space KF method): mean=0.960  max=1.000  min=-0.133
  [EKF] Running EKF_Param on 47 arc(s) …
  [EKF] 47 arcs  |  7006 profile rays  |  3638 update rays  |  n_state = 14680
  [EKF] Prior innovations  mean=-26.83  std=35.80  max_abs=145.06 TECU
  [EKF] iterating [analytical]:   0%|          | 0/20 [00:00<?, ?it/s]  [EKF] iterating [analytical]:   0%|          | 0/20 [00:24<?, ?it/s, RMSE=44.738TECU, a=0.50, rel_dP=1.29e-01]  [EKF] iterating [analytical]:   5%|5         | 1/20 [00:24<07:54, 24.98s/it, RMSE=44.738TECU, a=0.50, rel_dP=1.29e-01]  [EKF] iterating [analytical]:   5%|5         | 1/20 [00:49<07:54, 24.98s/it, RMSE=30.993TECU, a=0.50, rel_dP=7.44e-02]  [EKF] iterating [analytical]:  10%|#         | 2/20 [00:49<07:28, 24.89s/it, RMSE=30.993TECU, a=0.50, rel_dP=7.44e-02]  [EKF] iterating [analytical]:  10%|#         | 2/20 [01:14<07:28, 24.89s/it, RMSE=27.403TECU, a=0.50, rel_dP=8.56e-02]  [EKF] iterating [analytical]:  15%|#5        | 3/20 [01:14<07:04, 24.95s/it, RMSE=27.403TECU, a=0.50, rel_dP=8.56e-02]  [EKF] iterating [analytical]:  15%|#5        | 3/20 [01:39<07:04, 24.95s/it, RMSE=26.804TECU, a=0.50, rel_dP=3.67e-02]  [EKF] iterating [analytical]:  20%|##        | 4/20 [01:39<06:39, 24.98s/it, RMSE=26.804TECU, a=0.50, rel_dP=3.67e-02]  [EKF] iterating [analytical]:  20%|##        | 4/20 [02:04<06:39, 24.98s/it, RMSE=26.208TECU, a=0.50, rel_dP=4.01e-02]  [EKF] iterating [analytical]:  25%|##5       | 5/20 [02:04<06:14, 25.00s/it, RMSE=26.208TECU, a=0.50, rel_dP=4.01e-02]  [EKF] iterating [analytical]:  25%|##5       | 5/20 [39:54<06:14, 25.00s/it, RMSE=25.790TECU, a=0.50, rel_dP=2.28e-02]  [EKF] iterating [analytical]:  30%|###       | 6/20 [39:54<3:03:54, 788.17s/it, RMSE=25.790TECU, a=0.50, rel_dP=2.28e-02]  [EKF] iterating [analytical]:  30%|###       | 6/20 [41:41<3:03:54, 788.17s/it, RMSE=25.518TECU, a=0.50, rel_dP=7.48e-32]  [EKF] iterating [analytical]:  35%|###5      | 7/20 [41:41<2:02:31, 565.53s/it, RMSE=25.518TECU, a=0.50, rel_dP=7.48e-32]  [EKF] iterating [analytical]:  35%|###5      | 7/20 [43:32<2:02:31, 565.53s/it, RMSE=25.518TECU, a=0.50, rel_dP=7.48e-32]  [EKF] iterating [analytical]:  40%|####      | 8/20 [43:32<1:24:08, 420.68s/it, RMSE=25.518TECU, a=0.50, rel_dP=7.48e-32]  [EKF] iterating [analytical]:  40%|####      | 8/20 [45:10<1:24:08, 420.68s/it, RMSE=25.518TECU, a=0.50, rel_dP=7.48e-32]  [EKF] iterating [analytical]:  45%|####5     | 9/20 [45:10<58:39, 319.92s/it, RMSE=25.518TECU, a=0.50, rel_dP=7.48e-32]    [EKF] iterating [analytical]:  45%|####5     | 9/20 [47:03<58:39, 319.92s/it, RMSE=25.518TECU, a=0.50, rel_dP=7.48e-32]  [EKF] iterating [analytical]:  50%|#####     | 10/20 [47:03<42:40, 256.06s/it, RMSE=25.518TECU, a=0.50, rel_dP=7.48e-32]  [EKF] iterating [analytical]:  50%|#####     | 10/20 [49:14<42:40, 256.06s/it, RMSE=25.518TECU, a=0.50, rel_dP=7.48e-32]  [EKF] iterating [analytical]:  55%|#####5    | 11/20 [49:14<32:39, 217.68s/it, RMSE=25.518TECU, a=0.50, rel_dP=7.48e-32]  [EKF] iterating [analytical]:  55%|#####5    | 11/20 [51:33<32:39, 217.68s/it, RMSE=25.518TECU, a=0.50, rel_dP=7.48e-32]  [EKF] iterating [analytical]:  60%|######    | 12/20 [51:33<25:51, 193.93s/it, RMSE=25.518TECU, a=0.50, rel_dP=7.48e-32]  [EKF] iterating [analytical]:  60%|######    | 12/20 [53:47<25:51, 193.93s/it, RMSE=25.518TECU, a=0.50, rel_dP=7.48e-32]  [EKF] iterating [analytical]:  65%|######5   | 13/20 [53:47<20:30, 175.81s/it, RMSE=25.518TECU, a=0.50, rel_dP=7.48e-32]  [EKF] iterating [analytical]:  65%|######5   | 13/20 [55:56<20:30, 175.81s/it, RMSE=25.518TECU, a=0.50, rel_dP=7.48e-32]  [EKF] iterating [analytical]:  70%|#######   | 14/20 [55:56<16:09, 161.56s/it, RMSE=25.518TECU, a=0.50, rel_dP=7.48e-32]  [EKF] iterating [analytical]:  70%|#######   | 14/20 [58:22<16:09, 161.56s/it, RMSE=25.518TECU, a=0.50, rel_dP=7.48e-32]  [EKF] iterating [analytical]:  75%|#######5  | 15/20 [58:22<13:04, 156.85s/it, RMSE=25.518TECU, a=0.50, rel_dP=7.48e-32]  [EKF] iterating [analytical]:  75%|#######5  | 15/20 [1:00:44<13:04, 156.85s/it, RMSE=25.518TECU, a=0.50, rel_dP=7.48e-32]  [EKF] iterating [analytical]:  80%|########  | 16/20 [1:00:44<10:09, 152.35s/it, RMSE=25.518TECU, a=0.50, rel_dP=7.48e-32]  [EKF] iterating [analytical]:  80%|########  | 16/20 [1:02:58<10:09, 152.35s/it, RMSE=25.518TECU, a=0.50, rel_dP=7.48e-32]  [EKF] iterating [analytical]:  85%|########5 | 17/20 [1:02:58<07:20, 146.78s/it, RMSE=25.518TECU, a=0.50, rel_dP=7.48e-32]  [EKF] iterating [analytical]:  85%|########5 | 17/20 [1:05:30<07:20, 146.78s/it, RMSE=25.518TECU, a=0.50, rel_dP=7.48e-32]  [EKF] iterating [analytical]:  90%|######### | 18/20 [1:05:30<04:56, 148.28s/it, RMSE=25.518TECU, a=0.50, rel_dP=7.48e-32]  [EKF] iterating [analytical]:  90%|######### | 18/20 [1:07:51<04:56, 148.28s/it, RMSE=25.518TECU, a=0.50, rel_dP=7.48e-32]  [EKF] iterating [analytical]:  95%|#########5| 19/20 [1:07:51<02:26, 146.16s/it, RMSE=25.518TECU, a=0.50, rel_dP=7.48e-32]  [EKF] iterating [analytical]:  95%|#########5| 19/20 [1:10:10<02:26, 146.16s/it, RMSE=25.518TECU, a=0.50, rel_dP=7.48e-32]  [EKF] iterating [analytical]: 100%|##########| 20/20 [1:10:10<00:00, 143.95s/it, RMSE=25.518TECU, a=0.50, rel_dP=7.48e-32]                                                                                                                              [EKF] reached max_iter=20 without convergence  (final ||ΔP||/||P|| = 7.48e-32, RMSE=25.52TECU vs tol 5.0)
  [EKF] Posterior innovations  mean=-1.42  std=25.48  max_abs=136.00 TECU
  [EKF] Prior RMSE 44.221 TECU  →  Post RMSE 25.598 TECU
  Saved EKF convergence plot → /home/austinhunter/IonosphereTomography/Figures/ISR_DA_Comparison/OUTPUT_AUG27_2026/bin_all/2025-08-27_1227/ro_only/2025-08-27_1227_ro_only_ekf_allfree_ekf_convergence.png
◀◀◀ _run_or_load END   | 2025-08-27_1227 | bin=all | ro_only   | ekf_allfree    : DONE       (6104.3s) -> status=Success
▶▶▶ _run_or_load START | 2025-08-27_1227 | bin=all | ro_only   | ekf_nmf2      
    [diag] 2025-08-27_1227 | bin=all | ro_only   | ekf_nmf2       : RUNNING    (force=True, cached=True) ...
  [EKF] Building IRI state at 1835 grid points (batch call) …
  [EnKF] Estimating background covariance from 100 EDP samples x 1835 grid points ...
  [EnKF] Parameter sigma: log10(NmF2)=0.15  hmF2=20  H0=15  gamma=0.15  B0=20  B1=0.3  log10(NmE)=0.2  hmE=8
  [EnKF] Spatial corr (Ne-space KF method): mean=0.960  max=1.000  min=-0.133
  [EKF] Running EKF_Param on 47 arc(s) …
  [EKF] 47 arcs  |  7006 profile rays  |  3638 update rays  |  n_state = 14680
  [EKF] Prior innovations  mean=-26.83  std=35.80  max_abs=145.06 TECU
  [EKF] stage 1/1: free=[log10(NmF2)] (1/8 params)
  [EKF] iterating [analytical]:   0%|          | 0/20 [00:00<?, ?it/s]  [EKF] iterating [analytical]:   0%|          | 0/20 [00:30<?, ?it/s, RMSE=44.738TECU, a=0.50, rel_dP=1.66e-04]  [EKF] iterating [analytical]:   5%|5         | 1/20 [00:30<09:33, 30.16s/it, RMSE=44.738TECU, a=0.50, rel_dP=1.66e-04]  [EKF] iterating [analytical]:   5%|5         | 1/20 [00:59<09:33, 30.16s/it, RMSE=34.790TECU, a=0.50, rel_dP=1.05e-04]  [EKF] iterating [analytical]:  10%|#         | 2/20 [00:59<08:50, 29.48s/it, RMSE=34.790TECU, a=0.50, rel_dP=1.05e-04]  [EKF] iterating [analytical]:  10%|#         | 2/20 [01:30<08:50, 29.48s/it, RMSE=31.369TECU, a=0.50, rel_dP=7.03e-05]  [EKF] iterating [analytical]:  15%|#5        | 3/20 [01:30<08:32, 30.12s/it, RMSE=31.369TECU, a=0.50, rel_dP=7.03e-05]  [EKF] iterating [analytical]:  15%|#5        | 3/20 [02:01<08:32, 30.12s/it, RMSE=30.144TECU, a=0.50, rel_dP=4.89e-05]  [EKF] iterating [analytical]:  20%|##        | 4/20 [02:01<08:08, 30.55s/it, RMSE=30.144TECU, a=0.50, rel_dP=4.89e-05]  [EKF] iterating [analytical]:  20%|##        | 4/20 [02:33<08:08, 30.55s/it, RMSE=29.656TECU, a=0.50, rel_dP=3.61e-05]  [EKF] iterating [analytical]:  25%|##5       | 5/20 [02:33<07:49, 31.31s/it, RMSE=29.656TECU, a=0.50, rel_dP=3.61e-05]  [EKF] iterating [analytical]:  25%|##5       | 5/20 [03:05<07:49, 31.31s/it, RMSE=29.411TECU, a=0.50, rel_dP=2.85e-05]  [EKF] iterating [analytical]:  30%|###       | 6/20 [03:05<07:21, 31.56s/it, RMSE=29.411TECU, a=0.50, rel_dP=2.85e-05]  [EKF] iterating [analytical]:  30%|###       | 6/20 [05:41<07:21, 31.56s/it, RMSE=29.256TECU, a=0.50, rel_dP=3.94e-32]  [EKF] iterating [analytical]:  35%|###5      | 7/20 [05:41<15:35, 71.96s/it, RMSE=29.256TECU, a=0.50, rel_dP=3.94e-32]  [EKF] iterating [analytical]:  35%|###5      | 7/20 [07:57<15:35, 71.96s/it, RMSE=29.256TECU, a=0.50, rel_dP=3.94e-32]  [EKF] iterating [analytical]:  40%|####      | 8/20 [07:57<18:29, 92.49s/it, RMSE=29.256TECU, a=0.50, rel_dP=3.94e-32]  [EKF] iterating [analytical]:  40%|####      | 8/20 [10:21<18:29, 92.49s/it, RMSE=29.256TECU, a=0.50, rel_dP=3.94e-32]  [EKF] iterating [analytical]:  45%|####5     | 9/20 [10:21<19:52, 108.42s/it, RMSE=29.256TECU, a=0.50, rel_dP=3.94e-32]  [EKF] iterating [analytical]:  45%|####5     | 9/20 [12:57<19:52, 108.42s/it, RMSE=29.256TECU, a=0.50, rel_dP=3.94e-32]  [EKF] iterating [analytical]:  50%|#####     | 10/20 [12:57<20:33, 123.37s/it, RMSE=29.256TECU, a=0.50, rel_dP=3.94e-32]  [EKF] iterating [analytical]:  50%|#####     | 10/20 [15:10<20:33, 123.37s/it, RMSE=29.256TECU, a=0.50, rel_dP=3.94e-32]  [EKF] iterating [analytical]:  55%|#####5    | 11/20 [15:10<18:57, 126.36s/it, RMSE=29.256TECU, a=0.50, rel_dP=3.94e-32]  [EKF] iterating [analytical]:  55%|#####5    | 11/20 [17:43<18:57, 126.36s/it, RMSE=29.256TECU, a=0.50, rel_dP=3.94e-32]  [EKF] iterating [analytical]:  60%|######    | 12/20 [17:43<17:55, 134.40s/it, RMSE=29.256TECU, a=0.50, rel_dP=3.94e-32]  [EKF] iterating [analytical]:  60%|######    | 12/20 [20:01<17:55, 134.40s/it, RMSE=29.256TECU, a=0.50, rel_dP=3.94e-32]  [EKF] iterating [analytical]:  65%|######5   | 13/20 [20:01<15:48, 135.54s/it, RMSE=29.256TECU, a=0.50, rel_dP=3.94e-32]  [EKF] iterating [analytical]:  65%|######5   | 13/20 [22:12<15:48, 135.54s/it, RMSE=29.256TECU, a=0.50, rel_dP=3.94e-32]  [EKF] iterating [analytical]:  70%|#######   | 14/20 [22:12<13:24, 134.02s/it, RMSE=29.256TECU, a=0.50, rel_dP=3.94e-32]  [EKF] iterating [analytical]:  70%|#######   | 14/20 [24:27<13:24, 134.02s/it, RMSE=29.256TECU, a=0.50, rel_dP=3.94e-32]  [EKF] iterating [analytical]:  75%|#######5  | 15/20 [24:27<11:11, 134.36s/it, RMSE=29.256TECU, a=0.50, rel_dP=3.94e-32]  [EKF] iterating [analytical]:  75%|#######5  | 15/20 [26:36<11:11, 134.36s/it, RMSE=29.256TECU, a=0.50, rel_dP=3.94e-32]  [EKF] iterating [analytical]:  80%|########  | 16/20 [26:36<08:50, 132.74s/it, RMSE=29.256TECU, a=0.50, rel_dP=3.94e-32]  [EKF] iterating [analytical]:  80%|########  | 16/20 [28:41<08:50, 132.74s/it, RMSE=29.256TECU, a=0.50, rel_dP=3.94e-32]  [EKF] iterating [analytical]:  85%|########5 | 17/20 [28:41<06:31, 130.39s/it, RMSE=29.256TECU, a=0.50, rel_dP=3.94e-32]  [EKF] iterating [analytical]:  85%|########5 | 17/20 [30:58<06:31, 130.39s/it, RMSE=29.256TECU, a=0.50, rel_dP=3.94e-32]  [EKF] iterating [analytical]:  90%|######### | 18/20 [30:58<04:24, 132.47s/it, RMSE=29.256TECU, a=0.50, rel_dP=3.94e-32]  [EKF] iterating [analytical]:  90%|######### | 18/20 [33:14<04:24, 132.47s/it, RMSE=29.256TECU, a=0.50, rel_dP=3.94e-32]  [EKF] iterating [analytical]:  95%|#########5| 19/20 [33:14<02:13, 133.35s/it, RMSE=29.256TECU, a=0.50, rel_dP=3.94e-32]  [EKF] iterating [analytical]:  95%|#########5| 19/20 [35:28<02:13, 133.35s/it, RMSE=29.256TECU, a=0.50, rel_dP=3.94e-32]  [EKF] iterating [analytical]: 100%|##########| 20/20 [35:28<00:00, 133.51s/it, RMSE=29.256TECU, a=0.50, rel_dP=3.94e-32]                                                                                                                            [EKF] stage 1 reached max_iter=20 without convergence  (final ||ΔP||/||P|| = 3.94e-32, RMSE=29.26TECU vs tol 5.0)
  [EKF] Posterior innovations  mean=-3.96  std=28.99  max_abs=159.00 TECU
  [EKF] Prior RMSE 44.221 TECU  →  Post RMSE 29.388 TECU
  Saved EKF convergence plot → /home/austinhunter/IonosphereTomography/Figures/ISR_DA_Comparison/OUTPUT_AUG27_2026/bin_all/2025-08-27_1227/ro_only/2025-08-27_1227_ro_only_ekf_nmf2_ekf_convergence.png
◀◀◀ _run_or_load END   | 2025-08-27_1227 | bin=all | ro_only   | ekf_nmf2       : DONE       (4792.5s) -> status=Success
▶▶▶ _run_or_load START | 2025-08-27_1227 | bin=all | ro_igs    | ekf_allfree   
    [diag] 2025-08-27_1227 | bin=all | ro_igs    | ekf_allfree    : RUNNING    (force=True, cached=True) ...
  [EKF] Building IRI state at 1835 grid points (batch call) …
  [EnKF] Estimating background covariance from 100 EDP samples x 1835 grid points ...
  [EnKF] Parameter sigma: log10(NmF2)=0.15  hmF2=20  H0=15  gamma=0.15  B0=20  B1=0.3  log10(NmE)=0.2  hmE=8
  [EnKF] Spatial corr (Ne-space KF method): mean=0.960  max=1.000  min=-0.133
  [EKF] Running EKF_Param on 150 arc(s) …
  [EKF] 150 arcs  |  7109 profile rays  |  3741 update rays  |  n_state = 14680
  [EKF] Prior innovations  mean=-26.00  std=35.82  max_abs=145.06 TECU
  [EKF] iterating [analytical]:   0%|          | 0/20 [00:00<?, ?it/s]  [EKF] iterating [analytical]:   0%|          | 0/20 [00:30<?, ?it/s, RMSE=44.264TECU, a=0.50, rel_dP=1.41e-01]  [EKF] iterating [analytical]:   5%|5         | 1/20 [00:30<09:41, 30.61s/it, RMSE=44.264TECU, a=0.50, rel_dP=1.41e-01]  [EKF] iterating [analytical]:   5%|5         | 1/20 [01:00<09:41, 30.61s/it, RMSE=30.794TECU, a=0.50, rel_dP=9.66e-02]  [EKF] iterating [analytical]:  10%|#         | 2/20 [01:00<09:00, 30.05s/it, RMSE=30.794TECU, a=0.50, rel_dP=9.66e-02]  [EKF] iterating [analytical]:  10%|#         | 2/20 [01:30<09:00, 30.05s/it, RMSE=27.713TECU, a=0.50, rel_dP=9.90e-02]  [EKF] iterating [analytical]:  15%|#5        | 3/20 [01:30<08:29, 29.98s/it, RMSE=27.713TECU, a=0.50, rel_dP=9.90e-02]  [EKF] iterating [analytical]:  15%|#5        | 3/20 [03:39<08:29, 29.98s/it, RMSE=27.571TECU, a=0.50, rel_dP=2.52e-31]  [EKF] iterating [analytical]:  20%|##        | 4/20 [03:39<18:27, 69.21s/it, RMSE=27.571TECU, a=0.50, rel_dP=2.52e-31]  [EKF] iterating [analytical]:  20%|##        | 4/20 [05:39<18:27, 69.21s/it, RMSE=27.571TECU, a=0.50, rel_dP=2.52e-31]  [EKF] iterating [analytical]:  25%|##5       | 5/20 [05:39<21:54, 87.61s/it, RMSE=27.571TECU, a=0.50, rel_dP=2.52e-31]  [EKF] iterating [analytical]:  25%|##5       | 5/20 [07:16<21:54, 87.61s/it, RMSE=27.571TECU, a=0.50, rel_dP=2.52e-31]  [EKF] iterating [analytical]:  30%|###       | 6/20 [07:16<21:11, 90.83s/it, RMSE=27.571TECU, a=0.50, rel_dP=2.52e-31]  [EKF] iterating [analytical]:  30%|###       | 6/20 [08:12<21:11, 90.83s/it, RMSE=27.571TECU, a=0.50, rel_dP=2.52e-31]  [EKF] iterating [analytical]:  35%|###5      | 7/20 [08:12<17:11, 79.33s/it, RMSE=27.571TECU, a=0.50, rel_dP=2.52e-31]  [EKF] iterating [analytical]:  35%|###5      | 7/20 [09:10<17:11, 79.33s/it, RMSE=27.571TECU, a=0.50, rel_dP=2.52e-31]  [EKF] iterating [analytical]:  40%|####      | 8/20 [09:10<14:32, 72.67s/it, RMSE=27.571TECU, a=0.50, rel_dP=2.52e-31]  [EKF] iterating [analytical]:  40%|####      | 8/20 [10:06<14:32, 72.67s/it, RMSE=27.571TECU, a=0.50, rel_dP=2.52e-31]  [EKF] iterating [analytical]:  45%|####5     | 9/20 [10:06<12:21, 67.39s/it, RMSE=27.571TECU, a=0.50, rel_dP=2.52e-31]  [EKF] iterating [analytical]:  45%|####5     | 9/20 [11:00<12:21, 67.39s/it, RMSE=27.571TECU, a=0.50, rel_dP=2.52e-31]  [EKF] iterating [analytical]:  50%|#####     | 10/20 [11:00<10:33, 63.31s/it, RMSE=27.571TECU, a=0.50, rel_dP=2.52e-31]  [EKF] iterating [analytical]:  50%|#####     | 10/20 [11:57<10:33, 63.31s/it, RMSE=27.571TECU, a=0.50, rel_dP=2.52e-31]  [EKF] iterating [analytical]:  55%|#####5    | 11/20 [11:57<09:11, 61.30s/it, RMSE=27.571TECU, a=0.50, rel_dP=2.52e-31]  [EKF] iterating [analytical]:  55%|#####5    | 11/20 [12:49<09:11, 61.30s/it, RMSE=27.571TECU, a=0.50, rel_dP=2.52e-31]  [EKF] iterating [analytical]:  60%|######    | 12/20 [12:49<07:47, 58.46s/it, RMSE=27.571TECU, a=0.50, rel_dP=2.52e-31]  [EKF] iterating [analytical]:  60%|######    | 12/20 [13:46<07:47, 58.46s/it, RMSE=27.571TECU, a=0.50, rel_dP=2.52e-31]  [EKF] iterating [analytical]:  65%|######5   | 13/20 [13:46<06:45, 57.95s/it, RMSE=27.571TECU, a=0.50, rel_dP=2.52e-31]  [EKF] iterating [analytical]:  65%|######5   | 13/20 [14:43<06:45, 57.95s/it, RMSE=27.571TECU, a=0.50, rel_dP=2.52e-31]  [EKF] iterating [analytical]:  70%|#######   | 14/20 [14:43<05:46, 57.70s/it, RMSE=27.571TECU, a=0.50, rel_dP=2.52e-31]  [EKF] iterating [analytical]:  70%|#######   | 14/20 [15:39<05:46, 57.70s/it, RMSE=27.571TECU, a=0.50, rel_dP=2.52e-31]  [EKF] iterating [analytical]:  75%|#######5  | 15/20 [15:39<04:45, 57.17s/it, RMSE=27.571TECU, a=0.50, rel_dP=2.52e-31]  [EKF] iterating [analytical]:  75%|#######5  | 15/20 [16:36<04:45, 57.17s/it, RMSE=27.571TECU, a=0.50, rel_dP=2.52e-31]  [EKF] iterating [analytical]:  80%|########  | 16/20 [16:36<03:48, 57.13s/it, RMSE=27.571TECU, a=0.50, rel_dP=2.52e-31]  [EKF] iterating [analytical]:  80%|########  | 16/20 [17:35<03:48, 57.13s/it, RMSE=27.571TECU, a=0.50, rel_dP=2.52e-31]  [EKF] iterating [analytical]:  85%|########5 | 17/20 [17:35<02:53, 57.76s/it, RMSE=27.571TECU, a=0.50, rel_dP=2.52e-31]  [EKF] iterating [analytical]:  85%|########5 | 17/20 [18:37<02:53, 57.76s/it, RMSE=27.571TECU, a=0.50, rel_dP=2.52e-31]  [EKF] iterating [analytical]:  90%|######### | 18/20 [18:37<01:57, 58.90s/it, RMSE=27.571TECU, a=0.50, rel_dP=2.52e-31]  [EKF] iterating [analytical]:  90%|######### | 18/20 [19:31<01:57, 58.90s/it, RMSE=27.571TECU, a=0.50, rel_dP=2.52e-31]  [EKF] iterating [analytical]:  95%|#########5| 19/20 [19:31<00:57, 57.39s/it, RMSE=27.571TECU, a=0.50, rel_dP=2.52e-31]  [EKF] iterating [analytical]:  95%|#########5| 19/20 [20:29<00:57, 57.39s/it, RMSE=27.571TECU, a=0.50, rel_dP=2.52e-31]  [EKF] iterating [analytical]: 100%|##########| 20/20 [20:29<00:00, 57.63s/it, RMSE=27.571TECU, a=0.50, rel_dP=2.52e-31]                                                                                                                           [EKF] reached max_iter=20 without convergence  (final ||ΔP||/||P|| = 2.52e-31, RMSE=27.57TECU vs tol 5.0)
  [EKF] Posterior innovations  mean=-3.82  std=27.30  max_abs=133.31 TECU
  [EKF] Prior RMSE 43.976 TECU  →  Post RMSE 27.590 TECU
  Saved EKF convergence plot → /home/austinhunter/IonosphereTomography/Figures/ISR_DA_Comparison/OUTPUT_AUG27_2026/bin_all/2025-08-27_1227/ro_igs/2025-08-27_1227_ro_igs_ekf_allfree_ekf_convergence.png
◀◀◀ _run_or_load END   | 2025-08-27_1227 | bin=all | ro_igs    | ekf_allfree    : DONE       (4250.7s) -> status=Success
▶▶▶ _run_or_load START | 2025-08-27_1227 | bin=all | ro_igs    | ekf_nmf2      
    [diag] 2025-08-27_1227 | bin=all | ro_igs    | ekf_nmf2       : RUNNING    (force=True, cached=True) ...
  [EKF] Building IRI state at 1835 grid points (batch call) …
  [EnKF] Estimating background covariance from 100 EDP samples x 1835 grid points ...
  [EnKF] Parameter sigma: log10(NmF2)=0.15  hmF2=20  H0=15  gamma=0.15  B0=20  B1=0.3  log10(NmE)=0.2  hmE=8
  [EnKF] Spatial corr (Ne-space KF method): mean=0.960  max=1.000  min=-0.133
  [EKF] Running EKF_Param on 150 arc(s) …
  [EKF] 150 arcs  |  7109 profile rays  |  3741 update rays  |  n_state = 14680
  [EKF] Prior innovations  mean=-26.00  std=35.82  max_abs=145.06 TECU
  [EKF] stage 1/1: free=[log10(NmF2)] (1/8 params)
  [EKF] iterating [analytical]:   0%|          | 0/20 [00:00<?, ?it/s]  [EKF] iterating [analytical]:   0%|          | 0/20 [00:16<?, ?it/s, RMSE=44.264TECU, a=0.50, rel_dP=1.55e-04]  [EKF] iterating [analytical]:   5%|5         | 1/20 [00:16<05:05, 16.08s/it, RMSE=44.264TECU, a=0.50, rel_dP=1.55e-04]  [EKF] iterating [analytical]:   5%|5         | 1/20 [00:32<05:05, 16.08s/it, RMSE=34.598TECU, a=0.50, rel_dP=9.89e-05]  [EKF] iterating [analytical]:  10%|#         | 2/20 [00:32<04:51, 16.18s/it, RMSE=34.598TECU, a=0.50, rel_dP=9.89e-05]  [EKF] iterating [analytical]:  10%|#         | 2/20 [00:49<04:51, 16.18s/it, RMSE=31.280TECU, a=0.50, rel_dP=6.49e-05]  [EKF] iterating [analytical]:  15%|#5        | 3/20 [00:49<04:40, 16.47s/it, RMSE=31.280TECU, a=0.50, rel_dP=6.49e-05]  [EKF] iterating [analytical]:  15%|#5        | 3/20 [01:05<04:40, 16.47s/it, RMSE=30.092TECU, a=0.50, rel_dP=4.40e-05]  [EKF] iterating [analytical]:  20%|##        | 4/20 [01:05<04:21, 16.33s/it, RMSE=30.092TECU, a=0.50, rel_dP=4.40e-05]  [EKF] iterating [analytical]:  20%|##        | 4/20 [01:20<04:21, 16.33s/it, RMSE=29.623TECU, a=0.50, rel_dP=3.14e-05]  [EKF] iterating [analytical]:  25%|##5       | 5/20 [01:20<04:00, 16.03s/it, RMSE=29.623TECU, a=0.50, rel_dP=3.14e-05]  [EKF] iterating [analytical]:  25%|##5       | 5/20 [01:36<04:00, 16.03s/it, RMSE=29.392TECU, a=0.50, rel_dP=2.39e-05]  [EKF] iterating [analytical]:  30%|###       | 6/20 [01:36<03:42, 15.87s/it, RMSE=29.392TECU, a=0.50, rel_dP=2.39e-05]  [EKF] iterating [analytical]:  30%|###       | 6/20 [01:52<03:42, 15.87s/it, RMSE=29.251TECU, a=0.50, rel_dP=1.91e-05]  [EKF] iterating [analytical]:  35%|###5      | 7/20 [01:52<03:27, 16.00s/it, RMSE=29.251TECU, a=0.50, rel_dP=1.91e-05]  [EKF] iterating [analytical]:  35%|###5      | 7/20 [02:08<03:27, 16.00s/it, RMSE=29.148TECU, a=0.50, rel_dP=1.61e-05]  [EKF] iterating [analytical]:  40%|####      | 8/20 [02:08<03:13, 16.10s/it, RMSE=29.148TECU, a=0.50, rel_dP=1.61e-05]  [EKF] iterating [analytical]:  40%|####      | 8/20 [03:00<03:13, 16.10s/it, RMSE=29.068TECU, a=0.50, rel_dP=6.42e-32]  [EKF] iterating [analytical]:  45%|####5     | 9/20 [03:00<05:00, 27.30s/it, RMSE=29.068TECU, a=0.50, rel_dP=6.42e-32]  [EKF] iterating [analytical]:  45%|####5     | 9/20 [03:54<05:00, 27.30s/it, RMSE=29.068TECU, a=0.50, rel_dP=6.42e-32]  [EKF] iterating [analytical]:  50%|#####     | 10/20 [03:54<05:55, 35.58s/it, RMSE=29.068TECU, a=0.50, rel_dP=6.42e-32]  [EKF] iterating [analytical]:  50%|#####     | 10/20 [04:51<05:55, 35.58s/it, RMSE=29.068TECU, a=0.50, rel_dP=6.42e-32]  [EKF] iterating [analytical]:  55%|#####5    | 11/20 [04:51<06:18, 42.02s/it, RMSE=29.068TECU, a=0.50, rel_dP=6.42e-32]  [EKF] iterating [analytical]:  55%|#####5    | 11/20 [05:49<06:18, 42.02s/it, RMSE=29.068TECU, a=0.50, rel_dP=6.42e-32]  [EKF] iterating [analytical]:  60%|######    | 12/20 [05:49<06:15, 46.91s/it, RMSE=29.068TECU, a=0.50, rel_dP=6.42e-32]  [EKF] iterating [analytical]:  60%|######    | 12/20 [06:46<06:15, 46.91s/it, RMSE=29.068TECU, a=0.50, rel_dP=6.42e-32]  [EKF] iterating [analytical]:  65%|######5   | 13/20 [06:46<05:48, 49.81s/it, RMSE=29.068TECU, a=0.50, rel_dP=6.42e-32]  [EKF] iterating [analytical]:  65%|######5   | 13/20 [07:45<05:48, 49.81s/it, RMSE=29.068TECU, a=0.50, rel_dP=6.42e-32]  [EKF] iterating [analytical]:  70%|#######   | 14/20 [07:45<05:16, 52.76s/it, RMSE=29.068TECU, a=0.50, rel_dP=6.42e-32]  [EKF] iterating [analytical]:  70%|#######   | 14/20 [08:40<05:16, 52.76s/it, RMSE=29.068TECU, a=0.50, rel_dP=6.42e-32]  [EKF] iterating [analytical]:  75%|#######5  | 15/20 [08:40<04:26, 53.36s/it, RMSE=29.068TECU, a=0.50, rel_dP=6.42e-32]  [EKF] iterating [analytical]:  75%|#######5  | 15/20 [09:37<04:26, 53.36s/it, RMSE=29.068TECU, a=0.50, rel_dP=6.42e-32]  [EKF] iterating [analytical]:  80%|########  | 16/20 [09:37<03:37, 54.43s/it, RMSE=29.068TECU, a=0.50, rel_dP=6.42e-32]  [EKF] iterating [analytical]:  80%|########  | 16/20 [10:32<03:37, 54.43s/it, RMSE=29.068TECU, a=0.50, rel_dP=6.42e-32]  [EKF] iterating [analytical]:  85%|########5 | 17/20 [10:32<02:44, 54.68s/it, RMSE=29.068TECU, a=0.50, rel_dP=6.42e-32]  [EKF] iterating [analytical]:  85%|########5 | 17/20 [11:30<02:44, 54.68s/it, RMSE=29.068TECU, a=0.50, rel_dP=6.42e-32]  [EKF] iterating [analytical]:  90%|######### | 18/20 [11:30<01:51, 55.62s/it, RMSE=29.068TECU, a=0.50, rel_dP=6.42e-32]  [EKF] iterating [analytical]:  90%|######### | 18/20 [12:28<01:51, 55.62s/it, RMSE=29.068TECU, a=0.50, rel_dP=6.42e-32]  [EKF] iterating [analytical]:  95%|#########5| 19/20 [12:28<00:56, 56.32s/it, RMSE=29.068TECU, a=0.50, rel_dP=6.42e-32]  [EKF] iterating [analytical]:  95%|#########5| 19/20 [13:29<00:56, 56.32s/it, RMSE=29.068TECU, a=0.50, rel_dP=6.42e-32]  [EKF] iterating [analytical]: 100%|##########| 20/20 [13:29<00:00, 57.87s/it, RMSE=29.068TECU, a=0.50, rel_dP=6.42e-32]                                                                                                                           [EKF] stage 1 reached max_iter=20 without convergence  (final ||ΔP||/||P|| = 6.42e-32, RMSE=29.07TECU vs tol 5.0)
  [EKF] Posterior innovations  mean=-3.01  std=28.91  max_abs=158.11 TECU
  [EKF] Prior RMSE 43.976 TECU  →  Post RMSE 29.157 TECU
  Saved EKF convergence plot → /home/austinhunter/IonosphereTomography/Figures/ISR_DA_Comparison/OUTPUT_AUG27_2026/bin_all/2025-08-27_1227/ro_igs/2025-08-27_1227_ro_igs_ekf_nmf2_ekf_convergence.png
◀◀◀ _run_or_load END   | 2025-08-27_1227 | bin=all | ro_igs    | ekf_nmf2       : DONE       (1682.8s) -> status=Success
▶▶▶ _run_or_load START | 2025-08-27_1227 | bin=all | igs_only  | ekf_allfree   
    [diag] 2025-08-27_1227 | bin=all | igs_only  | ekf_allfree    : RUNNING    (force=True, cached=True) ...
  [EKF] Building IRI state at 1835 grid points (batch call) …
  [EnKF] Estimating background covariance from 100 EDP samples x 1835 grid points ...
  [EnKF] Parameter sigma: log10(NmF2)=0.15  hmF2=20  H0=15  gamma=0.15  B0=20  B1=0.3  log10(NmE)=0.2  hmE=8
  [EnKF] Spatial corr (Ne-space KF method): mean=0.960  max=1.000  min=-0.133
  [EKF] Running EKF_Param on 103 arc(s) …
  [EKF] 103 arcs  |  103 profile rays  |  103 update rays  |  n_state = 14680
  [EKF] Prior innovations  mean=3.09  std=21.42  max_abs=50.70 TECU
  [EKF] iterating [analytical]:   0%|          | 0/20 [00:00<?, ?it/s]  [EKF] iterating [analytical]:   0%|          | 0/20 [00:00<?, ?it/s, RMSE=21.642TECU, a=0.50, rel_dP=2.00e-02]  [EKF] iterating [analytical]:   5%|5         | 1/20 [00:00<00:06,  2.80it/s, RMSE=21.642TECU, a=0.50, rel_dP=2.00e-02]  [EKF] iterating [analytical]:   5%|5         | 1/20 [00:00<00:06,  2.80it/s, RMSE=19.536TECU, a=0.50, rel_dP=1.26e-02]  [EKF] iterating [analytical]:  10%|#         | 2/20 [00:00<00:06,  2.67it/s, RMSE=19.536TECU, a=0.50, rel_dP=1.26e-02]  [EKF] iterating [analytical]:  10%|#         | 2/20 [00:01<00:06,  2.67it/s, RMSE=18.678TECU, a=0.50, rel_dP=9.70e-03]  [EKF] iterating [analytical]:  15%|#5        | 3/20 [00:01<00:06,  2.54it/s, RMSE=18.678TECU, a=0.50, rel_dP=9.70e-03]  [EKF] iterating [analytical]:  15%|#5        | 3/20 [00:01<00:06,  2.54it/s, RMSE=18.364TECU, a=0.50, rel_dP=9.07e-03]  [EKF] iterating [analytical]:  20%|##        | 4/20 [00:01<00:06,  2.59it/s, RMSE=18.364TECU, a=0.50, rel_dP=9.07e-03]  [EKF] iterating [analytical]:  20%|##        | 4/20 [00:01<00:06,  2.59it/s, RMSE=18.233TECU, a=0.50, rel_dP=1.01e-02]  [EKF] iterating [analytical]:  25%|##5       | 5/20 [00:01<00:05,  2.56it/s, RMSE=18.233TECU, a=0.50, rel_dP=1.01e-02]  [EKF] iterating [analytical]:  25%|##5       | 5/20 [00:02<00:05,  2.56it/s, RMSE=18.167TECU, a=0.50, rel_dP=9.39e-03]  [EKF] iterating [analytical]:  30%|###       | 6/20 [00:02<00:05,  2.53it/s, RMSE=18.167TECU, a=0.50, rel_dP=9.39e-03]  [EKF] iterating [analytical]:  30%|###       | 6/20 [00:02<00:05,  2.53it/s, RMSE=18.128TECU, a=0.50, rel_dP=8.33e-03]  [EKF] iterating [analytical]:  35%|###5      | 7/20 [00:02<00:05,  2.56it/s, RMSE=18.128TECU, a=0.50, rel_dP=8.33e-03]  [EKF] iterating [analytical]:  35%|###5      | 7/20 [00:03<00:05,  2.56it/s, RMSE=18.103TECU, a=0.50, rel_dP=3.97e-03]  [EKF] iterating [analytical]:  40%|####      | 8/20 [00:03<00:04,  2.56it/s, RMSE=18.103TECU, a=0.50, rel_dP=3.97e-03]  [EKF] iterating [analytical]:  40%|####      | 8/20 [00:03<00:04,  2.56it/s, RMSE=18.084TECU, a=0.50, rel_dP=4.46e-03]  [EKF] iterating [analytical]:  45%|####5     | 9/20 [00:03<00:04,  2.44it/s, RMSE=18.084TECU, a=0.50, rel_dP=4.46e-03]  [EKF] iterating [analytical]:  45%|####5     | 9/20 [00:03<00:04,  2.44it/s, RMSE=18.068TECU, a=0.50, rel_dP=1.03e-02]  [EKF] iterating [analytical]:  50%|#####     | 10/20 [00:03<00:04,  2.44it/s, RMSE=18.068TECU, a=0.50, rel_dP=1.03e-02]  [EKF] iterating [analytical]:  50%|#####     | 10/20 [00:04<00:04,  2.44it/s, RMSE=18.050TECU, a=0.50, rel_dP=1.02e-02]  [EKF] iterating [analytical]:  55%|#####5    | 11/20 [00:04<00:03,  2.45it/s, RMSE=18.050TECU, a=0.50, rel_dP=1.02e-02]  [EKF] iterating [analytical]:  55%|#####5    | 11/20 [00:04<00:03,  2.45it/s, RMSE=18.034TECU, a=0.50, rel_dP=4.24e-03]  [EKF] iterating [analytical]:  60%|######    | 12/20 [00:04<00:03,  2.46it/s, RMSE=18.034TECU, a=0.50, rel_dP=4.24e-03]  [EKF] iterating [analytical]:  60%|######    | 12/20 [00:05<00:03,  2.46it/s, RMSE=18.023TECU, a=0.50, rel_dP=3.38e-03]  [EKF] iterating [analytical]:  65%|######5   | 13/20 [00:05<00:02,  2.50it/s, RMSE=18.023TECU, a=0.50, rel_dP=3.38e-03]  [EKF] iterating [analytical]:  65%|######5   | 13/20 [00:05<00:02,  2.50it/s, RMSE=18.013TECU, a=0.50, rel_dP=3.83e-03]  [EKF] iterating [analytical]:  70%|#######   | 14/20 [00:05<00:02,  2.44it/s, RMSE=18.013TECU, a=0.50, rel_dP=3.83e-03]  [EKF] iterating [analytical]:  70%|#######   | 14/20 [00:05<00:02,  2.44it/s, RMSE=18.004TECU, a=0.50, rel_dP=9.18e-03]  [EKF] iterating [analytical]:  75%|#######5  | 15/20 [00:05<00:02,  2.49it/s, RMSE=18.004TECU, a=0.50, rel_dP=9.18e-03]  [EKF] iterating [analytical]:  75%|#######5  | 15/20 [00:06<00:02,  2.49it/s, RMSE=17.994TECU, a=0.50, rel_dP=2.90e-03]  [EKF] iterating [analytical]:  80%|########  | 16/20 [00:06<00:01,  2.43it/s, RMSE=17.994TECU, a=0.50, rel_dP=2.90e-03]  [EKF] iterating [analytical]:  80%|########  | 16/20 [00:06<00:01,  2.43it/s, RMSE=17.986TECU, a=0.50, rel_dP=9.48e-03]  [EKF] iterating [analytical]:  85%|########5 | 17/20 [00:06<00:01,  2.49it/s, RMSE=17.986TECU, a=0.50, rel_dP=9.48e-03]  [EKF] iterating [analytical]:  85%|########5 | 17/20 [00:07<00:01,  2.49it/s, RMSE=17.978TECU, a=0.50, rel_dP=5.88e-03]  [EKF] iterating [analytical]:  90%|######### | 18/20 [00:07<00:00,  2.51it/s, RMSE=17.978TECU, a=0.50, rel_dP=5.88e-03]  [EKF] iterating [analytical]:  90%|######### | 18/20 [00:07<00:00,  2.51it/s, RMSE=17.971TECU, a=0.50, rel_dP=1.16e-02]  [EKF] iterating [analytical]:  95%|#########5| 19/20 [00:07<00:00,  2.30it/s, RMSE=17.971TECU, a=0.50, rel_dP=1.16e-02]  [EKF] iterating [analytical]:  95%|#########5| 19/20 [00:08<00:00,  2.30it/s, RMSE=17.962TECU, a=0.50, rel_dP=8.56e-03]  [EKF] iterating [analytical]: 100%|##########| 20/20 [00:08<00:00,  2.34it/s, RMSE=17.962TECU, a=0.50, rel_dP=8.56e-03]                                                                                                                           [EKF] reached max_iter=20 without convergence  (final ||ΔP||/||P|| = 8.56e-03, RMSE=17.96TECU vs tol 5.0)
  [EKF] Posterior innovations  mean=0.81  std=17.94  max_abs=68.24 TECU
  [EKF] Prior RMSE 21.642 TECU  →  Post RMSE 17.957 TECU
  Saved EKF convergence plot → /home/austinhunter/IonosphereTomography/Figures/ISR_DA_Comparison/OUTPUT_AUG27_2026/bin_all/2025-08-27_1227/igs_only/2025-08-27_1227_igs_only_ekf_allfree_ekf_convergence.png
◀◀◀ _run_or_load END   | 2025-08-27_1227 | bin=all | igs_only  | ekf_allfree    : DONE       (831.4s) -> status=ok (no 'status' key)
▶▶▶ _run_or_load START | 2025-08-27_1227 | bin=all | igs_only  | ekf_nmf2      
    [diag] 2025-08-27_1227 | bin=all | igs_only  | ekf_nmf2       : RUNNING    (force=True, cached=True) ...
  [EKF] Building IRI state at 1835 grid points (batch call) …
  [EnKF] Estimating background covariance from 100 EDP samples x 1835 grid points ...
  [EnKF] Parameter sigma: log10(NmF2)=0.15  hmF2=20  H0=15  gamma=0.15  B0=20  B1=0.3  log10(NmE)=0.2  hmE=8
  [EnKF] Spatial corr (Ne-space KF method): mean=0.960  max=1.000  min=-0.133
  [EKF] Running EKF_Param on 103 arc(s) …
  [EKF] 103 arcs  |  103 profile rays  |  103 update rays  |  n_state = 14680
  [EKF] Prior innovations  mean=3.09  std=21.42  max_abs=50.70 TECU
  [EKF] stage 1/1: free=[log10(NmF2)] (1/8 params)
  [EKF] iterating [analytical]:   0%|          | 0/20 [00:00<?, ?it/s]  [EKF] iterating [analytical]:   0%|          | 0/20 [00:00<?, ?it/s, RMSE=21.642TECU, a=0.50, rel_dP=1.14e-04]  [EKF] iterating [analytical]:   5%|5         | 1/20 [00:00<00:06,  2.82it/s, RMSE=21.642TECU, a=0.50, rel_dP=1.14e-04]  [EKF] iterating [analytical]:   5%|5         | 1/20 [00:00<00:06,  2.82it/s, RMSE=19.557TECU, a=0.50, rel_dP=7.22e-05]  [EKF] iterating [analytical]:  10%|#         | 2/20 [00:00<00:06,  2.61it/s, RMSE=19.557TECU, a=0.50, rel_dP=7.22e-05]  [EKF] iterating [analytical]:  10%|#         | 2/20 [00:01<00:06,  2.61it/s, RMSE=18.699TECU, a=0.50, rel_dP=4.54e-05]  [EKF] iterating [analytical]:  15%|#5        | 3/20 [00:01<00:06,  2.44it/s, RMSE=18.699TECU, a=0.50, rel_dP=4.54e-05]  [EKF] iterating [analytical]:  15%|#5        | 3/20 [00:01<00:06,  2.44it/s, RMSE=18.403TECU, a=0.50, rel_dP=2.87e-05]  [EKF] iterating [analytical]:  20%|##        | 4/20 [00:01<00:06,  2.52it/s, RMSE=18.403TECU, a=0.50, rel_dP=2.87e-05]  [EKF] iterating [analytical]:  20%|##        | 4/20 [00:01<00:06,  2.52it/s, RMSE=18.292TECU, a=0.50, rel_dP=1.88e-05]  [EKF] iterating [analytical]:  25%|##5       | 5/20 [00:01<00:06,  2.50it/s, RMSE=18.292TECU, a=0.50, rel_dP=1.88e-05]  [EKF] iterating [analytical]:  25%|##5       | 5/20 [00:02<00:06,  2.50it/s, RMSE=18.242TECU, a=0.50, rel_dP=1.34e-05]  [EKF] iterating [analytical]:  30%|###       | 6/20 [00:02<00:05,  2.55it/s, RMSE=18.242TECU, a=0.50, rel_dP=1.34e-05]  [EKF] iterating [analytical]:  30%|###       | 6/20 [00:02<00:05,  2.55it/s, RMSE=18.213TECU, a=0.50, rel_dP=1.08e-05]  [EKF] iterating [analytical]:  35%|###5      | 7/20 [00:02<00:05,  2.58it/s, RMSE=18.213TECU, a=0.50, rel_dP=1.08e-05]  [EKF] iterating [analytical]:  35%|###5      | 7/20 [00:03<00:05,  2.58it/s, RMSE=18.192TECU, a=0.50, rel_dP=9.56e-06]  [EKF] iterating [analytical]:  40%|####      | 8/20 [00:03<00:04,  2.48it/s, RMSE=18.192TECU, a=0.50, rel_dP=9.56e-06]  [EKF] iterating [analytical]:  40%|####      | 8/20 [00:03<00:04,  2.48it/s, RMSE=18.174TECU, a=0.50, rel_dP=9.01e-06]  [EKF] iterating [analytical]:  45%|####5     | 9/20 [00:03<00:04,  2.47it/s, RMSE=18.174TECU, a=0.50, rel_dP=9.01e-06]  [EKF] iterating [analytical]:  45%|####5     | 9/20 [00:03<00:04,  2.47it/s, RMSE=18.159TECU, a=0.50, rel_dP=8.70e-06]  [EKF] iterating [analytical]:  50%|#####     | 10/20 [00:03<00:04,  2.47it/s, RMSE=18.159TECU, a=0.50, rel_dP=8.70e-06]  [EKF] iterating [analytical]:  50%|#####     | 10/20 [00:04<00:04,  2.47it/s, RMSE=18.145TECU, a=0.50, rel_dP=8.49e-06]  [EKF] iterating [analytical]:  55%|#####5    | 11/20 [00:04<00:03,  2.51it/s, RMSE=18.145TECU, a=0.50, rel_dP=8.49e-06]  [EKF] iterating [analytical]:  55%|#####5    | 11/20 [00:04<00:03,  2.51it/s, RMSE=18.132TECU, a=0.50, rel_dP=8.32e-06]  [EKF] iterating [analytical]:  60%|######    | 12/20 [00:04<00:03,  2.55it/s, RMSE=18.132TECU, a=0.50, rel_dP=8.32e-06]  [EKF] iterating [analytical]:  60%|######    | 12/20 [00:05<00:03,  2.55it/s, RMSE=18.119TECU, a=0.50, rel_dP=8.16e-06]  [EKF] iterating [analytical]:  65%|######5   | 13/20 [00:05<00:02,  2.52it/s, RMSE=18.119TECU, a=0.50, rel_dP=8.16e-06]  [EKF] iterating [analytical]:  65%|######5   | 13/20 [00:05<00:02,  2.52it/s, RMSE=18.108TECU, a=0.50, rel_dP=8.05e-06]  [EKF] iterating [analytical]:  70%|#######   | 14/20 [00:05<00:02,  2.57it/s, RMSE=18.108TECU, a=0.50, rel_dP=8.05e-06]  [EKF] iterating [analytical]:  70%|#######   | 14/20 [00:05<00:02,  2.57it/s, RMSE=18.097TECU, a=0.50, rel_dP=7.93e-06]  [EKF] iterating [analytical]:  75%|#######5  | 15/20 [00:05<00:01,  2.53it/s, RMSE=18.097TECU, a=0.50, rel_dP=7.93e-06]  [EKF] iterating [analytical]:  75%|#######5  | 15/20 [00:06<00:01,  2.53it/s, RMSE=18.086TECU, a=0.50, rel_dP=7.83e-06]  [EKF] iterating [analytical]:  80%|########  | 16/20 [00:06<00:01,  2.49it/s, RMSE=18.086TECU, a=0.50, rel_dP=7.83e-06]  [EKF] iterating [analytical]:  80%|########  | 16/20 [00:06<00:01,  2.49it/s, RMSE=18.076TECU, a=0.50, rel_dP=7.73e-06]  [EKF] iterating [analytical]:  85%|########5 | 17/20 [00:06<00:01,  2.49it/s, RMSE=18.076TECU, a=0.50, rel_dP=7.73e-06]  [EKF] iterating [analytical]:  85%|########5 | 17/20 [00:07<00:01,  2.49it/s, RMSE=18.067TECU, a=0.50, rel_dP=7.64e-06]  [EKF] iterating [analytical]:  90%|######### | 18/20 [00:07<00:00,  2.45it/s, RMSE=18.067TECU, a=0.50, rel_dP=7.64e-06]  [EKF] iterating [analytical]:  90%|######### | 18/20 [00:07<00:00,  2.45it/s, RMSE=18.058TECU, a=0.50, rel_dP=7.55e-06]  [EKF] iterating [analytical]:  95%|#########5| 19/20 [00:07<00:00,  2.49it/s, RMSE=18.058TECU, a=0.50, rel_dP=7.55e-06]  [EKF] iterating [analytical]:  95%|#########5| 19/20 [00:07<00:00,  2.49it/s, RMSE=18.049TECU, a=0.50, rel_dP=7.48e-06]  [EKF] iterating [analytical]: 100%|##########| 20/20 [00:07<00:00,  2.52it/s, RMSE=18.049TECU, a=0.50, rel_dP=7.48e-06]                                                                                                                           [EKF] stage 1 reached max_iter=20 without convergence  (final ||ΔP||/||P|| = 7.48e-06, RMSE=18.05TECU vs tol 5.0)
  [EKF] Posterior innovations  mean=0.93  std=18.02  max_abs=68.67 TECU
  [EKF] Prior RMSE 21.642 TECU  →  Post RMSE 18.041 TECU
  Saved EKF convergence plot → /home/austinhunter/IonosphereTomography/Figures/ISR_DA_Comparison/OUTPUT_AUG27_2026/bin_all/2025-08-27_1227/igs_only/2025-08-27_1227_igs_only_ekf_nmf2_ekf_convergence.png
◀◀◀ _run_or_load END   | 2025-08-27_1227 | bin=all | igs_only  | ekf_nmf2       : DONE       (844.2s) -> status=ok (no 'status' key)
  [diag] 2025-08-27_1227 | bin=all : summary of 6 obs_mode/filter_type combos
           ro_only   | ekf_allfree    -> Success
           ro_only   | ekf_nmf2       -> Success
           ro_igs    | ekf_allfree    -> Success
           ro_igs    | ekf_nmf2       -> Success
           igs_only  | ekf_allfree    -> ok (no 'status' key)
           igs_only  | ekf_nmf2       -> ok (no 'status' key)

▶▶▶ compute_isr_metrics START | group=2025-08-27_1227 bin=all
◀◀◀ compute_isr_metrics END   | group=2025-08-27_1227 bin=all -> 12 metric row(s)
/home/austinhunter/IonosphereTomography/demo_isr_da_comparison.py:2367: FutureWarning: The behavior of DataFrame concatenation with empty or all-NA entries is deprecated. In a future version, this will no longer exclude empty or all-NA columns when determining the result dtypes. To retain the old behavior, exclude the relevant entries before the concat operation.
  combined = pd.concat([existing_df, new_df], ignore_index=True)

▶▶▶ _plot_group_all_modes START | group=2025-08-27_1227
  [skip] group summary metrics plot for 2025-08-27_1227: no data in any config
◀◀◀ _plot_group_all_modes END   | group=2025-08-27_1227
No valid descending tangent points found. Skipping.
No valid descending tangent points found. Skipping.
▶▶▶ _run_or_load START | 2025-08-27_1227 | bin=5   | ro_only   | gridded_kf    
    [diag] 2025-08-27_1227 | bin=5   | ro_only   | gridded_kf     : RUNNING    (force=True, cached=True) ...

────────────────────────────────────────────────────────────
  Group : 2025-08-27_1227
  Window: 2025-08-27_1227  |  Region: POLAR_N  |  5 occultation(s)
────────────────────────────────────────────────────────────
No valid descending tangent points found. Skipping.
    [skip] podTc2_GN04.2025.239.12.26.0010.R14.01_0000.0001_nc — parse returned None
No valid descending tangent points found. Skipping.
    [skip] podTc2_GN05.2025.239.12.39.0013.E03.01_0000.0001_nc — parse returned None
  Parsed 3/5 files successfully.
    [podTc2] GN04 12:36 — 56 valid rays → decimated to 56 (stride 1)
    [podTc2] YM08 12:28 — 404 valid rays → decimated to 135 (stride 3)
    [podTc2] GN05 12:44 — 396 valid rays → decimated to 198 (stride 2)
  Bbox lat [51.5, 90.0]  lon [-180.0, 180.0]  |  union vertices: 45
  Final group: 3 occultation(s), 45 union-mesh vertices
  Saved trim diagnostic → /home/austinhunter/IonosphereTomography/Figures/ISR_DA_Comparison/OUTPUT_AUG27_2026/bin_5/2025-08-27_1227/ro_only/group_2025-08-27_1227_trim.png
  -> Building H matrices (389 rays across 3 arc(s), single parallel sweep) …
  -> Building H matrices:     38/389 rays (  9.8%)
  -> Building H matrices:     76/389 rays ( 19.5%)
  -> Building H matrices:    114/389 rays ( 29.3%)
  -> Building H matrices:    152/389 rays ( 39.1%)
  -> Building H matrices:    190/389 rays ( 48.8%)
  -> Building H matrices:    228/389 rays ( 58.6%)
  -> Building H matrices:    266/389 rays ( 68.4%)
  -> Building H matrices:    304/389 rays ( 78.1%)
  -> Building H matrices:    342/389 rays ( 87.9%)
  -> Building H matrices:    380/389 rays ( 97.7%)
  -> Building H matrices:    389/389 rays (100.0%)
  Combined H shape : (389, 2520)  (total rays = 389)
  Skipping sequential KF assimilation (run_sequential=False).
  Running joint (batch) KF assimilation …
  Skipping joint (batch) KF assimilation (skip_joint=True) — gridded KF not run; posterior aliased to prior.
  Prior RMSE  : 61.105 TECU
  Post  RMSE  : 61.105 TECU
    [Abel] GN04 12:36: NmF2=1.20e+11 m⁻³  hmF2=577.6 km
    [Abel] YM08 12:28: NmF2=4.48e+11 m⁻³  hmF2=330.2 km
    [Abel] GN05 12:44: NmF2=4.73e+11 m⁻³  hmF2=291.2 km
◀◀◀ _run_or_load END   | 2025-08-27_1227 | bin=5   | ro_only   | gridded_kf     : DONE       (12.9s) -> status=Success
▶▶▶ _run_or_load START | 2025-08-27_1227 | bin=5   | ro_igs    | gridded_kf    
    [diag] 2025-08-27_1227 | bin=5   | ro_igs    | gridded_kf     : RUNNING    (force=True, cached=True) ...

────────────────────────────────────────────────────────────
  Group : 2025-08-27_1227
  Window: 2025-08-27_1227  |  Region: POLAR_N  |  5 occultation(s)
────────────────────────────────────────────────────────────
No valid descending tangent points found. Skipping.
    [skip] podTc2_GN04.2025.239.12.26.0010.R14.01_0000.0001_nc — parse returned None
No valid descending tangent points found. Skipping.
    [skip] podTc2_GN05.2025.239.12.39.0013.E03.01_0000.0001_nc — parse returned None
  Parsed 3/5 files successfully.
    [podTc2] GN04 12:36 — 56 valid rays → decimated to 56 (stride 1)
    [podTc2] YM08 12:28 — 404 valid rays → decimated to 135 (stride 3)
    [podTc2] GN05 12:44 — 396 valid rays → decimated to 198 (stride 2)
  Bbox lat [51.5, 90.0]  lon [-180.0, 180.0]  |  union vertices: 45
  Final group: 3 occultation(s), 45 union-mesh vertices
  Saved trim diagnostic → /home/austinhunter/IonosphereTomography/Figures/ISR_DA_Comparison/OUTPUT_AUG27_2026/bin_5/2025-08-27_1227/ro_igs/group_2025-08-27_1227_trim.png
  [extra] Injected 103 ground-station arc(s) → total 106 arc(s) in assimilation pool
  -> Building H matrices (492 rays across 106 arc(s), single parallel sweep) …
  -> Building H matrices:     49/492 rays ( 10.0%)
  -> Building H matrices:     98/492 rays ( 19.9%)
  -> Building H matrices:    147/492 rays ( 29.9%)
  -> Building H matrices:    196/492 rays ( 39.8%)
  -> Building H matrices:    245/492 rays ( 49.8%)
  -> Building H matrices:    294/492 rays ( 59.8%)
  -> Building H matrices:    343/492 rays ( 69.7%)
  -> Building H matrices:    392/492 rays ( 79.7%)
  -> Building H matrices:    441/492 rays ( 89.6%)
  -> Building H matrices:    490/492 rays ( 99.6%)
  -> Building H matrices:    492/492 rays (100.0%)
  Combined H shape : (492, 2520)  (total rays = 492)
  Skipping sequential KF assimilation (run_sequential=False).
  Running joint (batch) KF assimilation …
  Skipping joint (batch) KF assimilation (skip_joint=True) — gridded KF not run; posterior aliased to prior.
  Prior RMSE  : 55.370 TECU
  Post  RMSE  : 55.370 TECU
    [Abel] GN04 12:36: NmF2=1.20e+11 m⁻³  hmF2=577.6 km
    [Abel] YM08 12:28: NmF2=4.48e+11 m⁻³  hmF2=330.2 km
    [Abel] GN05 12:44: NmF2=4.73e+11 m⁻³  hmF2=291.2 km
    [Abel] Skipped 103 ground-station arc(s) (RO-only technique)
/home/austinhunter/Downloads/PlanetiQ_Code/venv311/lib/python3.11/site-packages/shapely/creation.py:218: RuntimeWarning: invalid value encountered in linestrings
  return lib.linestrings(coords, np.intc(handle_nan), out=out, **kwargs)
◀◀◀ _run_or_load END   | 2025-08-27_1227 | bin=5   | ro_igs    | gridded_kf     : DONE       (12.5s) -> status=Success
▶▶▶ _run_or_load START | 2025-08-27_1227 | bin=5   | igs_only  | gridded_kf    
    [diag] 2025-08-27_1227 | bin=5   | igs_only  | gridded_kf     : RUNNING    (force=True, cached=True) ...
    [Info] Initialising information matrix (n_state=10175) …
    [Info] arcs ingested = 103/103  |  obs rows = 103  |  Λ cond ≈ 2.33e+23
    [Info] Solving …
    [Prior] innovation  mean=14.82  std=22.04  n_obs=103
    [Post ] innovation  mean=8.79  std=17.48
    RMSE:  prior=26.560 TECU  →  post=19.568 TECU
◀◀◀ _run_or_load END   | 2025-08-27_1227 | bin=5   | igs_only  | gridded_kf     : DONE       (86.5s) -> status=ok (no 'status' key)
  [EKF] Fibonacci ROI grid @ 200 km: 1835 points (memoized for window 2025-08-27_1227; reused across occultation-count bins)
▶▶▶ _run_or_load START | 2025-08-27_1227 | bin=5   | ro_only   | ekf_allfree   
    [diag] 2025-08-27_1227 | bin=5   | ro_only   | ekf_allfree    : RUNNING    (force=True, cached=True) ...
  [EKF] Building IRI state at 1835 grid points (batch call) …
  [EnKF] Estimating background covariance from 100 EDP samples x 1835 grid points ...
  [EnKF] Parameter sigma: log10(NmF2)=0.15  hmF2=20  H0=15  gamma=0.15  B0=20  B1=0.3  log10(NmE)=0.2  hmE=8
  [EnKF] Spatial corr (Ne-space KF method): mean=0.960  max=1.000  min=-0.133
  [EKF] Running EKF_Param on 3 arc(s) …
  [EKF] 3 arcs  |  389 profile rays  |  224 update rays  |  n_state = 14680
  [EKF] Prior innovations  mean=-5.18  std=66.88  max_abs=145.06 TECU
  [EKF] iterating [analytical]:   0%|          | 0/20 [00:00<?, ?it/s]  [EKF] iterating [analytical]:   0%|          | 0/20 [00:00<?, ?it/s, RMSE=67.076TECU, a=0.50, rel_dP=1.94e-01]  [EKF] iterating [analytical]:   5%|5         | 1/20 [00:00<00:14,  1.31it/s, RMSE=67.076TECU, a=0.50, rel_dP=1.94e-01]  [EKF] iterating [analytical]:   5%|5         | 1/20 [00:01<00:14,  1.31it/s, RMSE=50.169TECU, a=0.50, rel_dP=1.84e-01]  [EKF] iterating [analytical]:  10%|#         | 2/20 [00:01<00:14,  1.28it/s, RMSE=50.169TECU, a=0.50, rel_dP=1.84e-01]  [EKF] iterating [analytical]:  10%|#         | 2/20 [00:02<00:14,  1.28it/s, RMSE=41.898TECU, a=0.50, rel_dP=1.32e-01]  [EKF] iterating [analytical]:  15%|#5        | 3/20 [00:02<00:12,  1.33it/s, RMSE=41.898TECU, a=0.50, rel_dP=1.32e-01]  [EKF] iterating [analytical]:  15%|#5        | 3/20 [00:02<00:12,  1.33it/s, RMSE=36.206TECU, a=0.50, rel_dP=9.29e-02]  [EKF] iterating [analytical]:  20%|##        | 4/20 [00:02<00:11,  1.38it/s, RMSE=36.206TECU, a=0.50, rel_dP=9.29e-02]  [EKF] iterating [analytical]:  20%|##        | 4/20 [00:03<00:11,  1.38it/s, RMSE=31.820TECU, a=0.50, rel_dP=5.80e-02]  [EKF] iterating [analytical]:  25%|##5       | 5/20 [00:03<00:10,  1.43it/s, RMSE=31.820TECU, a=0.50, rel_dP=5.80e-02]  [EKF] iterating [analytical]:  25%|##5       | 5/20 [00:04<00:10,  1.43it/s, RMSE=28.617TECU, a=0.50, rel_dP=3.30e-02]  [EKF] iterating [analytical]:  30%|###       | 6/20 [00:04<00:10,  1.36it/s, RMSE=28.617TECU, a=0.50, rel_dP=3.30e-02]  [EKF] iterating [analytical]:  30%|###       | 6/20 [00:05<00:10,  1.36it/s, RMSE=26.208TECU, a=0.50, rel_dP=3.12e-02]  [EKF] iterating [analytical]:  35%|###5      | 7/20 [00:05<00:09,  1.33it/s, RMSE=26.208TECU, a=0.50, rel_dP=3.12e-02]  [EKF] iterating [analytical]:  35%|###5      | 7/20 [00:05<00:09,  1.33it/s, RMSE=24.243TECU, a=0.50, rel_dP=2.48e-02]  [EKF] iterating [analytical]:  40%|####      | 8/20 [00:05<00:08,  1.35it/s, RMSE=24.243TECU, a=0.50, rel_dP=2.48e-02]  [EKF] iterating [analytical]:  40%|####      | 8/20 [00:06<00:08,  1.35it/s, RMSE=22.646TECU, a=0.50, rel_dP=2.27e-02]  [EKF] iterating [analytical]:  45%|####5     | 9/20 [00:06<00:08,  1.34it/s, RMSE=22.646TECU, a=0.50, rel_dP=2.27e-02]  [EKF] iterating [analytical]:  45%|####5     | 9/20 [00:07<00:08,  1.34it/s, RMSE=21.140TECU, a=0.50, rel_dP=2.17e-02]  [EKF] iterating [analytical]:  50%|#####     | 10/20 [00:07<00:07,  1.34it/s, RMSE=21.140TECU, a=0.50, rel_dP=2.17e-02]  [EKF] iterating [analytical]:  50%|#####     | 10/20 [00:08<00:07,  1.34it/s, RMSE=19.858TECU, a=0.50, rel_dP=2.16e-02]  [EKF] iterating [analytical]:  55%|#####5    | 11/20 [00:08<00:06,  1.33it/s, RMSE=19.858TECU, a=0.50, rel_dP=2.16e-02]  [EKF] iterating [analytical]:  55%|#####5    | 11/20 [00:08<00:06,  1.33it/s, RMSE=18.724TECU, a=0.50, rel_dP=2.63e-02]  [EKF] iterating [analytical]:  60%|######    | 12/20 [00:08<00:06,  1.33it/s, RMSE=18.724TECU, a=0.50, rel_dP=2.63e-02]  [EKF] iterating [analytical]:  60%|######    | 12/20 [00:09<00:06,  1.33it/s, RMSE=17.670TECU, a=0.50, rel_dP=2.61e-02]  [EKF] iterating [analytical]:  65%|######5   | 13/20 [00:09<00:05,  1.32it/s, RMSE=17.670TECU, a=0.50, rel_dP=2.61e-02]  [EKF] iterating [analytical]:  65%|######5   | 13/20 [00:10<00:05,  1.32it/s, RMSE=16.700TECU, a=0.50, rel_dP=3.21e-02]  [EKF] iterating [analytical]:  70%|#######   | 14/20 [00:10<00:04,  1.37it/s, RMSE=16.700TECU, a=0.50, rel_dP=3.21e-02]  [EKF] iterating [analytical]:  70%|#######   | 14/20 [00:11<00:04,  1.37it/s, RMSE=15.843TECU, a=0.50, rel_dP=2.71e-02]  [EKF] iterating [analytical]:  75%|#######5  | 15/20 [00:11<00:03,  1.41it/s, RMSE=15.843TECU, a=0.50, rel_dP=2.71e-02]  [EKF] iterating [analytical]:  75%|#######5  | 15/20 [00:11<00:03,  1.41it/s, RMSE=15.073TECU, a=0.50, rel_dP=2.82e-02]  [EKF] iterating [analytical]:  80%|########  | 16/20 [00:11<00:02,  1.39it/s, RMSE=15.073TECU, a=0.50, rel_dP=2.82e-02]  [EKF] iterating [analytical]:  80%|########  | 16/20 [00:12<00:02,  1.39it/s, RMSE=14.374TECU, a=0.50, rel_dP=3.08e-02]  [EKF] iterating [analytical]:  85%|########5 | 17/20 [00:12<00:02,  1.39it/s, RMSE=14.374TECU, a=0.50, rel_dP=3.08e-02]  [EKF] iterating [analytical]:  85%|########5 | 17/20 [00:13<00:02,  1.39it/s, RMSE=13.732TECU, a=0.50, rel_dP=2.34e-02]  [EKF] iterating [analytical]:  90%|######### | 18/20 [00:13<00:01,  1.42it/s, RMSE=13.732TECU, a=0.50, rel_dP=2.34e-02]  [EKF] iterating [analytical]:  90%|######### | 18/20 [00:13<00:01,  1.42it/s, RMSE=13.199TECU, a=0.50, rel_dP=2.69e-02]  [EKF] iterating [analytical]:  95%|#########5| 19/20 [00:13<00:00,  1.39it/s, RMSE=13.199TECU, a=0.50, rel_dP=2.69e-02]  [EKF] iterating [analytical]:  95%|#########5| 19/20 [00:14<00:00,  1.39it/s, RMSE=12.701TECU, a=0.50, rel_dP=2.25e-02]  [EKF] iterating [analytical]: 100%|##########| 20/20 [00:14<00:00,  1.43it/s, RMSE=12.701TECU, a=0.50, rel_dP=2.25e-02]                                                                                                                           [EKF] reached max_iter=20 without convergence  (final ||ΔP||/||P|| = 2.25e-02, RMSE=12.70TECU vs tol 5.0)
  [EKF] Posterior innovations  mean=-1.90  std=12.09  max_abs=36.90 TECU
  [EKF] Prior RMSE 68.159 TECU  →  Post RMSE 12.401 TECU
  Saved EKF convergence plot → /home/austinhunter/IonosphereTomography/Figures/ISR_DA_Comparison/OUTPUT_AUG27_2026/bin_5/2025-08-27_1227/ro_only/2025-08-27_1227_ro_only_ekf_allfree_ekf_convergence.png
◀◀◀ _run_or_load END   | 2025-08-27_1227 | bin=5   | ro_only   | ekf_allfree    : DONE       (783.4s) -> status=Success
▶▶▶ _run_or_load START | 2025-08-27_1227 | bin=5   | ro_only   | ekf_nmf2      
    [diag] 2025-08-27_1227 | bin=5   | ro_only   | ekf_nmf2       : RUNNING    (force=True, cached=True) ...
  [EKF] Building IRI state at 1835 grid points (batch call) …
  [EnKF] Estimating background covariance from 100 EDP samples x 1835 grid points ...
  [EnKF] Parameter sigma: log10(NmF2)=0.15  hmF2=20  H0=15  gamma=0.15  B0=20  B1=0.3  log10(NmE)=0.2  hmE=8
  [EnKF] Spatial corr (Ne-space KF method): mean=0.960  max=1.000  min=-0.133
  [EKF] Running EKF_Param on 3 arc(s) …
  [EKF] 3 arcs  |  389 profile rays  |  224 update rays  |  n_state = 14680
  [EKF] Prior innovations  mean=-5.18  std=66.88  max_abs=145.06 TECU
  [EKF] stage 1/1: free=[log10(NmF2)] (1/8 params)
  [EKF] iterating [analytical]:   0%|          | 0/20 [00:00<?, ?it/s]  [EKF] iterating [analytical]:   0%|          | 0/20 [00:00<?, ?it/s, RMSE=67.076TECU, a=0.50, rel_dP=3.16e-04]  [EKF] iterating [analytical]:   5%|5         | 1/20 [00:00<00:11,  1.60it/s, RMSE=67.076TECU, a=0.50, rel_dP=3.16e-04]  [EKF] iterating [analytical]:   5%|5         | 1/20 [00:01<00:11,  1.60it/s, RMSE=52.253TECU, a=0.50, rel_dP=2.50e-04]  [EKF] iterating [analytical]:  10%|#         | 2/20 [00:01<00:13,  1.34it/s, RMSE=52.253TECU, a=0.50, rel_dP=2.50e-04]  [EKF] iterating [analytical]:  10%|#         | 2/20 [00:02<00:13,  1.34it/s, RMSE=43.970TECU, a=0.50, rel_dP=1.75e-04]  [EKF] iterating [analytical]:  15%|#5        | 3/20 [00:02<00:13,  1.31it/s, RMSE=43.970TECU, a=0.50, rel_dP=1.75e-04]  [EKF] iterating [analytical]:  15%|#5        | 3/20 [00:02<00:13,  1.31it/s, RMSE=38.915TECU, a=0.50, rel_dP=1.31e-04]  [EKF] iterating [analytical]:  20%|##        | 4/20 [00:02<00:11,  1.36it/s, RMSE=38.915TECU, a=0.50, rel_dP=1.31e-04]  [EKF] iterating [analytical]:  20%|##        | 4/20 [00:03<00:11,  1.36it/s, RMSE=35.951TECU, a=0.50, rel_dP=1.06e-04]  [EKF] iterating [analytical]:  25%|##5       | 5/20 [00:03<00:10,  1.39it/s, RMSE=35.951TECU, a=0.50, rel_dP=1.06e-04]  [EKF] iterating [analytical]:  25%|##5       | 5/20 [00:04<00:10,  1.39it/s, RMSE=33.870TECU, a=0.50, rel_dP=9.08e-05]  [EKF] iterating [analytical]:  30%|###       | 6/20 [00:04<00:09,  1.42it/s, RMSE=33.870TECU, a=0.50, rel_dP=9.08e-05]  [EKF] iterating [analytical]:  30%|###       | 6/20 [00:05<00:09,  1.42it/s, RMSE=32.238TECU, a=0.50, rel_dP=8.05e-05]  [EKF] iterating [analytical]:  35%|###5      | 7/20 [00:05<00:09,  1.40it/s, RMSE=32.238TECU, a=0.50, rel_dP=8.05e-05]  [EKF] iterating [analytical]:  35%|###5      | 7/20 [00:05<00:09,  1.40it/s, RMSE=30.883TECU, a=0.50, rel_dP=7.34e-05]  [EKF] iterating [analytical]:  40%|####      | 8/20 [00:05<00:08,  1.34it/s, RMSE=30.883TECU, a=0.50, rel_dP=7.34e-05]  [EKF] iterating [analytical]:  40%|####      | 8/20 [00:06<00:08,  1.34it/s, RMSE=29.708TECU, a=0.50, rel_dP=6.87e-05]  [EKF] iterating [analytical]:  45%|####5     | 9/20 [00:06<00:08,  1.32it/s, RMSE=29.708TECU, a=0.50, rel_dP=6.87e-05]  [EKF] iterating [analytical]:  45%|####5     | 9/20 [00:07<00:08,  1.32it/s, RMSE=28.630TECU, a=0.50, rel_dP=6.60e-05]  [EKF] iterating [analytical]:  50%|#####     | 10/20 [00:07<00:07,  1.27it/s, RMSE=28.630TECU, a=0.50, rel_dP=6.60e-05]  [EKF] iterating [analytical]:  50%|#####     | 10/20 [00:08<00:07,  1.27it/s, RMSE=27.556TECU, a=0.50, rel_dP=6.34e-05]  [EKF] iterating [analytical]:  55%|#####5    | 11/20 [00:08<00:07,  1.27it/s, RMSE=27.556TECU, a=0.50, rel_dP=6.34e-05]  [EKF] iterating [analytical]:  55%|#####5    | 11/20 [00:09<00:07,  1.27it/s, RMSE=26.418TECU, a=0.50, rel_dP=5.68e-05]  [EKF] iterating [analytical]:  60%|######    | 12/20 [00:09<00:06,  1.27it/s, RMSE=26.418TECU, a=0.50, rel_dP=5.68e-05]  [EKF] iterating [analytical]:  60%|######    | 12/20 [00:09<00:06,  1.27it/s, RMSE=25.350TECU, a=0.50, rel_dP=4.82e-05]  [EKF] iterating [analytical]:  65%|######5   | 13/20 [00:09<00:05,  1.28it/s, RMSE=25.350TECU, a=0.50, rel_dP=4.82e-05]  [EKF] iterating [analytical]:  65%|######5   | 13/20 [00:10<00:05,  1.28it/s, RMSE=24.577TECU, a=0.50, rel_dP=4.21e-05]  [EKF] iterating [analytical]:  70%|#######   | 14/20 [00:10<00:04,  1.26it/s, RMSE=24.577TECU, a=0.50, rel_dP=4.21e-05]  [EKF] iterating [analytical]:  70%|#######   | 14/20 [00:11<00:04,  1.26it/s, RMSE=24.054TECU, a=0.50, rel_dP=3.78e-05]  [EKF] iterating [analytical]:  75%|#######5  | 15/20 [00:11<00:03,  1.34it/s, RMSE=24.054TECU, a=0.50, rel_dP=3.78e-05]  [EKF] iterating [analytical]:  75%|#######5  | 15/20 [00:12<00:03,  1.34it/s, RMSE=23.675TECU, a=0.50, rel_dP=3.42e-05]  [EKF] iterating [analytical]:  80%|########  | 16/20 [00:12<00:03,  1.31it/s, RMSE=23.675TECU, a=0.50, rel_dP=3.42e-05]  [EKF] iterating [analytical]:  80%|########  | 16/20 [00:12<00:03,  1.31it/s, RMSE=23.377TECU, a=0.50, rel_dP=3.11e-05]  [EKF] iterating [analytical]:  85%|########5 | 17/20 [00:12<00:02,  1.31it/s, RMSE=23.377TECU, a=0.50, rel_dP=3.11e-05]  [EKF] iterating [analytical]:  85%|########5 | 17/20 [00:13<00:02,  1.31it/s, RMSE=23.133TECU, a=0.50, rel_dP=2.85e-05]  [EKF] iterating [analytical]:  90%|######### | 18/20 [00:13<00:01,  1.29it/s, RMSE=23.133TECU, a=0.50, rel_dP=2.85e-05]  [EKF] iterating [analytical]:  90%|######### | 18/20 [00:14<00:01,  1.29it/s, RMSE=22.927TECU, a=0.50, rel_dP=2.62e-05]  [EKF] iterating [analytical]:  95%|#########5| 19/20 [00:14<00:00,  1.34it/s, RMSE=22.927TECU, a=0.50, rel_dP=2.62e-05]  [EKF] iterating [analytical]:  95%|#########5| 19/20 [00:15<00:00,  1.34it/s, RMSE=22.751TECU, a=0.50, rel_dP=2.43e-05]  [EKF] iterating [analytical]: 100%|##########| 20/20 [00:15<00:00,  1.38it/s, RMSE=22.751TECU, a=0.50, rel_dP=2.43e-05]                                                                                                                           [EKF] stage 1 reached max_iter=20 without convergence  (final ||ΔP||/||P|| = 2.43e-05, RMSE=22.75TECU vs tol 5.0)
  [EKF] Posterior innovations  mean=-3.16  std=22.38  max_abs=101.29 TECU
  [EKF] Prior RMSE 68.159 TECU  →  Post RMSE 23.428 TECU
  Saved EKF convergence plot → /home/austinhunter/IonosphereTomography/Figures/ISR_DA_Comparison/OUTPUT_AUG27_2026/bin_5/2025-08-27_1227/ro_only/2025-08-27_1227_ro_only_ekf_nmf2_ekf_convergence.png
◀◀◀ _run_or_load END   | 2025-08-27_1227 | bin=5   | ro_only   | ekf_nmf2       : DONE       (798.0s) -> status=Success
▶▶▶ _run_or_load START | 2025-08-27_1227 | bin=5   | ro_igs    | ekf_allfree   
    [diag] 2025-08-27_1227 | bin=5   | ro_igs    | ekf_allfree    : RUNNING    (force=True, cached=True) ...
  [EKF] Building IRI state at 1835 grid points (batch call) …
  [EnKF] Estimating background covariance from 100 EDP samples x 1835 grid points ...
  [EnKF] Parameter sigma: log10(NmF2)=0.15  hmF2=20  H0=15  gamma=0.15  B0=20  B1=0.3  log10(NmE)=0.2  hmE=8
  [EnKF] Spatial corr (Ne-space KF method): mean=0.960  max=1.000  min=-0.133
  [EKF] Running EKF_Param on 106 arc(s) …
  [EKF] 106 arcs  |  492 profile rays  |  327 update rays  |  n_state = 14680
  [EKF] Prior innovations  mean=-2.57  std=56.77  max_abs=145.06 TECU
  [EKF] iterating [analytical]:   0%|          | 0/20 [00:00<?, ?it/s]  [EKF] iterating [analytical]:   0%|          | 0/20 [00:01<?, ?it/s, RMSE=56.829TECU, a=0.50, rel_dP=1.93e-01]  [EKF] iterating [analytical]:   5%|5         | 1/20 [00:01<00:21,  1.12s/it, RMSE=56.829TECU, a=0.50, rel_dP=1.93e-01]  [EKF] iterating [analytical]:   5%|5         | 1/20 [00:02<00:21,  1.12s/it, RMSE=42.789TECU, a=0.50, rel_dP=2.15e-01]  [EKF] iterating [analytical]:  10%|#         | 2/20 [00:02<00:18,  1.05s/it, RMSE=42.789TECU, a=0.50, rel_dP=2.15e-01]  [EKF] iterating [analytical]:  10%|#         | 2/20 [00:03<00:18,  1.05s/it, RMSE=36.196TECU, a=0.50, rel_dP=1.40e-01]  [EKF] iterating [analytical]:  15%|#5        | 3/20 [00:03<00:17,  1.03s/it, RMSE=36.196TECU, a=0.50, rel_dP=1.40e-01]  [EKF] iterating [analytical]:  15%|#5        | 3/20 [00:04<00:17,  1.03s/it, RMSE=32.028TECU, a=0.50, rel_dP=1.02e-01]  [EKF] iterating [analytical]:  20%|##        | 4/20 [00:04<00:16,  1.03s/it, RMSE=32.028TECU, a=0.50, rel_dP=1.02e-01]  [EKF] iterating [analytical]:  20%|##        | 4/20 [00:05<00:16,  1.03s/it, RMSE=28.745TECU, a=0.50, rel_dP=6.72e-02]  [EKF] iterating [analytical]:  25%|##5       | 5/20 [00:05<00:15,  1.02s/it, RMSE=28.745TECU, a=0.50, rel_dP=6.72e-02]  [EKF] iterating [analytical]:  25%|##5       | 5/20 [00:06<00:15,  1.02s/it, RMSE=26.321TECU, a=0.50, rel_dP=4.51e-02]  [EKF] iterating [analytical]:  30%|###       | 6/20 [00:06<00:13,  1.01it/s, RMSE=26.321TECU, a=0.50, rel_dP=4.51e-02]  [EKF] iterating [analytical]:  30%|###       | 6/20 [00:07<00:13,  1.01it/s, RMSE=24.509TECU, a=0.50, rel_dP=3.71e-02]  [EKF] iterating [analytical]:  35%|###5      | 7/20 [00:07<00:13,  1.01s/it, RMSE=24.509TECU, a=0.50, rel_dP=3.71e-02]  [EKF] iterating [analytical]:  35%|###5      | 7/20 [00:08<00:13,  1.01s/it, RMSE=23.150TECU, a=0.50, rel_dP=3.45e-02]  [EKF] iterating [analytical]:  40%|####      | 8/20 [00:08<00:12,  1.02s/it, RMSE=23.150TECU, a=0.50, rel_dP=3.45e-02]  [EKF] iterating [analytical]:  40%|####      | 8/20 [00:09<00:12,  1.02s/it, RMSE=22.044TECU, a=0.50, rel_dP=3.19e-02]  [EKF] iterating [analytical]:  45%|####5     | 9/20 [00:09<00:11,  1.04s/it, RMSE=22.044TECU, a=0.50, rel_dP=3.19e-02]  [EKF] iterating [analytical]:  45%|####5     | 9/20 [00:10<00:11,  1.04s/it, RMSE=21.106TECU, a=0.50, rel_dP=3.20e-02]  [EKF] iterating [analytical]:  50%|#####     | 10/20 [00:10<00:10,  1.01s/it, RMSE=21.106TECU, a=0.50, rel_dP=3.20e-02]  [EKF] iterating [analytical]:  50%|#####     | 10/20 [00:11<00:10,  1.01s/it, RMSE=20.288TECU, a=0.50, rel_dP=2.62e-02]  [EKF] iterating [analytical]:  55%|#####5    | 11/20 [00:11<00:09,  1.01s/it, RMSE=20.288TECU, a=0.50, rel_dP=2.62e-02]  [EKF] iterating [analytical]:  55%|#####5    | 11/20 [00:12<00:09,  1.01s/it, RMSE=19.593TECU, a=0.50, rel_dP=2.90e-02]  [EKF] iterating [analytical]:  60%|######    | 12/20 [00:12<00:08,  1.02s/it, RMSE=19.593TECU, a=0.50, rel_dP=2.90e-02]  [EKF] iterating [analytical]:  60%|######    | 12/20 [00:13<00:08,  1.02s/it, RMSE=18.983TECU, a=0.50, rel_dP=2.69e-02]  [EKF] iterating [analytical]:  65%|######5   | 13/20 [00:13<00:07,  1.03s/it, RMSE=18.983TECU, a=0.50, rel_dP=2.69e-02]  [EKF] iterating [analytical]:  65%|######5   | 13/20 [00:14<00:07,  1.03s/it, RMSE=18.452TECU, a=0.50, rel_dP=2.41e-02]  [EKF] iterating [analytical]:  70%|#######   | 14/20 [00:14<00:06,  1.02s/it, RMSE=18.452TECU, a=0.50, rel_dP=2.41e-02]  [EKF] iterating [analytical]:  70%|#######   | 14/20 [00:15<00:06,  1.02s/it, RMSE=17.991TECU, a=0.50, rel_dP=2.25e-02]  [EKF] iterating [analytical]:  75%|#######5  | 15/20 [00:15<00:05,  1.03s/it, RMSE=17.991TECU, a=0.50, rel_dP=2.25e-02]  [EKF] iterating [analytical]:  75%|#######5  | 15/20 [00:16<00:05,  1.03s/it, RMSE=17.588TECU, a=0.50, rel_dP=2.14e-02]  [EKF] iterating [analytical]:  80%|########  | 16/20 [00:16<00:04,  1.02s/it, RMSE=17.588TECU, a=0.50, rel_dP=2.14e-02]  [EKF] iterating [analytical]:  80%|########  | 16/20 [00:17<00:04,  1.02s/it, RMSE=17.234TECU, a=0.50, rel_dP=2.22e-02]  [EKF] iterating [analytical]:  85%|########5 | 17/20 [00:17<00:02,  1.00it/s, RMSE=17.234TECU, a=0.50, rel_dP=2.22e-02]  [EKF] iterating [analytical]:  85%|########5 | 17/20 [00:18<00:02,  1.00it/s, RMSE=16.917TECU, a=0.50, rel_dP=2.31e-02]  [EKF] iterating [analytical]:  90%|######### | 18/20 [00:18<00:01,  1.00it/s, RMSE=16.917TECU, a=0.50, rel_dP=2.31e-02]  [EKF] iterating [analytical]:  90%|######### | 18/20 [00:19<00:01,  1.00it/s, RMSE=16.639TECU, a=0.50, rel_dP=2.21e-02]  [EKF] iterating [analytical]:  95%|#########5| 19/20 [00:19<00:01,  1.01s/it, RMSE=16.639TECU, a=0.50, rel_dP=2.21e-02]  [EKF] iterating [analytical]:  95%|#########5| 19/20 [00:20<00:01,  1.01s/it, RMSE=16.394TECU, a=0.50, rel_dP=2.44e-02]  [EKF] iterating [analytical]: 100%|##########| 20/20 [00:20<00:00,  1.03s/it, RMSE=16.394TECU, a=0.50, rel_dP=2.44e-02]                                                                                                                           [EKF] reached max_iter=20 without convergence  (final ||ΔP||/||P|| = 2.44e-02, RMSE=16.39TECU vs tol 5.0)
  [EKF] Posterior innovations  mean=0.36  std=16.18  max_abs=68.96 TECU
  [EKF] Prior RMSE 61.409 TECU  →  Post RMSE 15.296 TECU
  Saved EKF convergence plot → /home/austinhunter/IonosphereTomography/Figures/ISR_DA_Comparison/OUTPUT_AUG27_2026/bin_5/2025-08-27_1227/ro_igs/2025-08-27_1227_ro_igs_ekf_allfree_ekf_convergence.png
◀◀◀ _run_or_load END   | 2025-08-27_1227 | bin=5   | ro_igs    | ekf_allfree    : DONE       (2503.1s) -> status=Success
▶▶▶ _run_or_load START | 2025-08-27_1227 | bin=5   | ro_igs    | ekf_nmf2      
    [diag] 2025-08-27_1227 | bin=5   | ro_igs    | ekf_nmf2       : RUNNING    (force=True, cached=True) ...
  [EKF] Building IRI state at 1835 grid points (batch call) …
  [EnKF] Estimating background covariance from 100 EDP samples x 1835 grid points ...
  [EnKF] Parameter sigma: log10(NmF2)=0.15  hmF2=20  H0=15  gamma=0.15  B0=20  B1=0.3  log10(NmE)=0.2  hmE=8
  [EnKF] Spatial corr (Ne-space KF method): mean=0.960  max=1.000  min=-0.133
  [EKF] Running EKF_Param on 106 arc(s) …
  [EKF] 106 arcs  |  492 profile rays  |  327 update rays  |  n_state = 14680
  [EKF] Prior innovations  mean=-2.57  std=56.77  max_abs=145.06 TECU
  [EKF] stage 1/1: free=[log10(NmF2)] (1/8 params)
  [EKF] iterating [analytical]:   0%|          | 0/20 [00:00<?, ?it/s]  [EKF] iterating [analytical]:   0%|          | 0/20 [00:01<?, ?it/s, RMSE=56.829TECU, a=0.50, rel_dP=2.82e-04]  [EKF] iterating [analytical]:   5%|5         | 1/20 [00:01<00:22,  1.18s/it, RMSE=56.829TECU, a=0.50, rel_dP=2.82e-04]  [EKF] iterating [analytical]:   5%|5         | 1/20 [00:02<00:22,  1.18s/it, RMSE=44.684TECU, a=0.50, rel_dP=2.25e-04]  [EKF] iterating [analytical]:  10%|#         | 2/20 [00:02<00:19,  1.11s/it, RMSE=44.684TECU, a=0.50, rel_dP=2.25e-04]  [EKF] iterating [analytical]:  10%|#         | 2/20 [00:03<00:19,  1.11s/it, RMSE=39.012TECU, a=0.50, rel_dP=1.60e-04]  [EKF] iterating [analytical]:  15%|#5        | 3/20 [00:03<00:18,  1.09s/it, RMSE=39.012TECU, a=0.50, rel_dP=1.60e-04]  [EKF] iterating [analytical]:  15%|#5        | 3/20 [00:04<00:18,  1.09s/it, RMSE=35.380TECU, a=0.50, rel_dP=1.13e-04]  [EKF] iterating [analytical]:  20%|##        | 4/20 [00:04<00:17,  1.07s/it, RMSE=35.380TECU, a=0.50, rel_dP=1.13e-04]  [EKF] iterating [analytical]:  20%|##        | 4/20 [00:05<00:17,  1.07s/it, RMSE=32.912TECU, a=0.50, rel_dP=8.95e-05]  [EKF] iterating [analytical]:  25%|##5       | 5/20 [00:05<00:16,  1.10s/it, RMSE=32.912TECU, a=0.50, rel_dP=8.95e-05]  [EKF] iterating [analytical]:  25%|##5       | 5/20 [00:07<00:16,  1.10s/it, RMSE=31.212TECU, a=0.50, rel_dP=8.79e-33]  [EKF] iterating [analytical]:  30%|###       | 6/20 [00:07<00:19,  1.36s/it, RMSE=31.212TECU, a=0.50, rel_dP=8.79e-33]  [EKF] iterating [analytical]:  30%|###       | 6/20 [00:09<00:19,  1.36s/it, RMSE=31.212TECU, a=0.50, rel_dP=8.79e-33]  [EKF] iterating [analytical]:  35%|###5      | 7/20 [00:09<00:20,  1.61s/it, RMSE=31.212TECU, a=0.50, rel_dP=8.79e-33]  [EKF] iterating [analytical]:  35%|###5      | 7/20 [00:11<00:20,  1.61s/it, RMSE=31.212TECU, a=0.50, rel_dP=8.79e-33]  [EKF] iterating [analytical]:  40%|####      | 8/20 [00:11<00:19,  1.62s/it, RMSE=31.212TECU, a=0.50, rel_dP=8.79e-33]  [EKF] iterating [analytical]:  40%|####      | 8/20 [00:12<00:19,  1.62s/it, RMSE=31.212TECU, a=0.50, rel_dP=8.79e-33]  [EKF] iterating [analytical]:  45%|####5     | 9/20 [00:12<00:18,  1.66s/it, RMSE=31.212TECU, a=0.50, rel_dP=8.79e-33]  [EKF] iterating [analytical]:  45%|####5     | 9/20 [00:15<00:18,  1.66s/it, RMSE=31.212TECU, a=0.50, rel_dP=8.79e-33]  [EKF] iterating [analytical]:  50%|#####     | 10/20 [00:15<00:18,  1.82s/it, RMSE=31.212TECU, a=0.50, rel_dP=8.79e-33]  [EKF] iterating [analytical]:  50%|#####     | 10/20 [00:16<00:18,  1.82s/it, RMSE=31.212TECU, a=0.50, rel_dP=8.79e-33]  [EKF] iterating [analytical]:  55%|#####5    | 11/20 [00:16<00:15,  1.77s/it, RMSE=31.212TECU, a=0.50, rel_dP=8.79e-33]  [EKF] iterating [analytical]:  55%|#####5    | 11/20 [00:18<00:15,  1.77s/it, RMSE=31.212TECU, a=0.50, rel_dP=8.79e-33]  [EKF] iterating [analytical]:  60%|######    | 12/20 [00:18<00:14,  1.78s/it, RMSE=31.212TECU, a=0.50, rel_dP=8.79e-33]  [EKF] iterating [analytical]:  60%|######    | 12/20 [00:20<00:14,  1.78s/it, RMSE=31.212TECU, a=0.50, rel_dP=8.79e-33]  [EKF] iterating [analytical]:  65%|######5   | 13/20 [00:20<00:13,  1.88s/it, RMSE=31.212TECU, a=0.50, rel_dP=8.79e-33]  [EKF] iterating [analytical]:  65%|######5   | 13/20 [00:22<00:13,  1.88s/it, RMSE=31.212TECU, a=0.50, rel_dP=8.79e-33]  [EKF] iterating [analytical]:  70%|#######   | 14/20 [00:22<00:10,  1.77s/it, RMSE=31.212TECU, a=0.50, rel_dP=8.79e-33]  [EKF] iterating [analytical]:  70%|#######   | 14/20 [00:24<00:10,  1.77s/it, RMSE=31.212TECU, a=0.50, rel_dP=8.79e-33]  [EKF] iterating [analytical]:  75%|#######5  | 15/20 [00:24<00:09,  1.83s/it, RMSE=31.212TECU, a=0.50, rel_dP=8.79e-33]  [EKF] iterating [analytical]:  75%|#######5  | 15/20 [00:25<00:09,  1.83s/it, RMSE=31.212TECU, a=0.50, rel_dP=8.79e-33]  [EKF] iterating [analytical]:  80%|########  | 16/20 [00:25<00:07,  1.78s/it, RMSE=31.212TECU, a=0.50, rel_dP=8.79e-33]  [EKF] iterating [analytical]:  80%|########  | 16/20 [00:27<00:07,  1.78s/it, RMSE=31.212TECU, a=0.50, rel_dP=8.79e-33]  [EKF] iterating [analytical]:  85%|########5 | 17/20 [00:27<00:05,  1.82s/it, RMSE=31.212TECU, a=0.50, rel_dP=8.79e-33]  [EKF] iterating [analytical]:  85%|########5 | 17/20 [00:29<00:05,  1.82s/it, RMSE=31.212TECU, a=0.50, rel_dP=8.79e-33]  [EKF] iterating [analytical]:  90%|######### | 18/20 [00:29<00:03,  1.76s/it, RMSE=31.212TECU, a=0.50, rel_dP=8.79e-33]  [EKF] iterating [analytical]:  90%|######### | 18/20 [00:31<00:03,  1.76s/it, RMSE=31.212TECU, a=0.50, rel_dP=8.79e-33]  [EKF] iterating [analytical]:  95%|#########5| 19/20 [00:31<00:01,  1.87s/it, RMSE=31.212TECU, a=0.50, rel_dP=8.79e-33]  [EKF] iterating [analytical]:  95%|#########5| 19/20 [00:33<00:01,  1.87s/it, RMSE=31.212TECU, a=0.50, rel_dP=8.79e-33]  [EKF] iterating [analytical]: 100%|##########| 20/20 [00:33<00:00,  1.80s/it, RMSE=31.212TECU, a=0.50, rel_dP=8.79e-33]                                                                                                                           [EKF] stage 1 reached max_iter=20 without convergence  (final ||ΔP||/||P|| = 8.79e-33, RMSE=31.21TECU vs tol 5.0)
  [EKF] Posterior innovations  mean=-1.45  std=31.18  max_abs=129.15 TECU
  [EKF] Prior RMSE 61.409 TECU  →  Post RMSE 32.425 TECU
  Saved EKF convergence plot → /home/austinhunter/IonosphereTomography/Figures/ISR_DA_Comparison/OUTPUT_AUG27_2026/bin_5/2025-08-27_1227/ro_igs/2025-08-27_1227_ro_igs_ekf_nmf2_ekf_convergence.png
◀◀◀ _run_or_load END   | 2025-08-27_1227 | bin=5   | ro_igs    | ekf_nmf2       : DONE       (833.9s) -> status=Success
▶▶▶ _run_or_load START | 2025-08-27_1227 | bin=5   | igs_only  | ekf_allfree   
    [diag] 2025-08-27_1227 | bin=5   | igs_only  | ekf_allfree    : RUNNING    (force=True, cached=True) ...
  [EKF] Building IRI state at 1835 grid points (batch call) …
  [EnKF] Estimating background covariance from 100 EDP samples x 1835 grid points ...
  [EnKF] Parameter sigma: log10(NmF2)=0.15  hmF2=20  H0=15  gamma=0.15  B0=20  B1=0.3  log10(NmE)=0.2  hmE=8
  [EnKF] Spatial corr (Ne-space KF method): mean=0.960  max=1.000  min=-0.133
  [EKF] Running EKF_Param on 103 arc(s) …
  [EKF] 103 arcs  |  103 profile rays  |  103 update rays  |  n_state = 14680
  [EKF] Prior innovations  mean=3.09  std=21.42  max_abs=50.70 TECU
  [EKF] iterating [analytical]:   0%|          | 0/20 [00:00<?, ?it/s]  [EKF] iterating [analytical]:   0%|          | 0/20 [00:00<?, ?it/s, RMSE=21.642TECU, a=0.50, rel_dP=2.24e-02]  [EKF] iterating [analytical]:   5%|5         | 1/20 [00:00<00:06,  2.77it/s, RMSE=21.642TECU, a=0.50, rel_dP=2.24e-02]  [EKF] iterating [analytical]:   5%|5         | 1/20 [00:00<00:06,  2.77it/s, RMSE=19.604TECU, a=0.50, rel_dP=1.62e-02]  [EKF] iterating [analytical]:  10%|#         | 2/20 [00:00<00:06,  2.67it/s, RMSE=19.604TECU, a=0.50, rel_dP=1.62e-02]  [EKF] iterating [analytical]:  10%|#         | 2/20 [00:01<00:06,  2.67it/s, RMSE=18.746TECU, a=0.50, rel_dP=1.17e-02]  [EKF] iterating [analytical]:  15%|#5        | 3/20 [00:01<00:06,  2.65it/s, RMSE=18.746TECU, a=0.50, rel_dP=1.17e-02]  [EKF] iterating [analytical]:  15%|#5        | 3/20 [00:01<00:06,  2.65it/s, RMSE=18.417TECU, a=0.50, rel_dP=1.02e-02]  [EKF] iterating [analytical]:  20%|##        | 4/20 [00:01<00:06,  2.57it/s, RMSE=18.417TECU, a=0.50, rel_dP=1.02e-02]  [EKF] iterating [analytical]:  20%|##        | 4/20 [00:01<00:06,  2.57it/s, RMSE=18.273TECU, a=0.50, rel_dP=8.07e-03]  [EKF] iterating [analytical]:  25%|##5       | 5/20 [00:01<00:05,  2.59it/s, RMSE=18.273TECU, a=0.50, rel_dP=8.07e-03]  [EKF] iterating [analytical]:  25%|##5       | 5/20 [00:02<00:05,  2.59it/s, RMSE=18.203TECU, a=0.50, rel_dP=4.08e-03]  [EKF] iterating [analytical]:  30%|###       | 6/20 [00:02<00:06,  2.23it/s, RMSE=18.203TECU, a=0.50, rel_dP=4.08e-03]  [EKF] iterating [analytical]:  30%|###       | 6/20 [00:02<00:06,  2.23it/s, RMSE=18.164TECU, a=0.50, rel_dP=2.32e-03]  [EKF] iterating [analytical]:  35%|###5      | 7/20 [00:02<00:05,  2.31it/s, RMSE=18.164TECU, a=0.50, rel_dP=2.32e-03]  [EKF] iterating [analytical]:  35%|###5      | 7/20 [00:03<00:05,  2.31it/s, RMSE=18.138TECU, a=0.50, rel_dP=2.54e-03]  [EKF] iterating [analytical]:  40%|####      | 8/20 [00:03<00:04,  2.41it/s, RMSE=18.138TECU, a=0.50, rel_dP=2.54e-03]  [EKF] iterating [analytical]:  40%|####      | 8/20 [00:03<00:04,  2.41it/s, RMSE=18.118TECU, a=0.50, rel_dP=4.16e-03]  [EKF] iterating [analytical]:  45%|####5     | 9/20 [00:03<00:04,  2.45it/s, RMSE=18.118TECU, a=0.50, rel_dP=4.16e-03]  [EKF] iterating [analytical]:  45%|####5     | 9/20 [00:04<00:04,  2.45it/s, RMSE=18.101TECU, a=0.50, rel_dP=4.37e-03]  [EKF] iterating [analytical]:  50%|#####     | 10/20 [00:04<00:03,  2.54it/s, RMSE=18.101TECU, a=0.50, rel_dP=4.37e-03]  [EKF] iterating [analytical]:  50%|#####     | 10/20 [00:04<00:03,  2.54it/s, RMSE=18.088TECU, a=0.50, rel_dP=8.53e-03]  [EKF] iterating [analytical]:  55%|#####5    | 11/20 [00:04<00:03,  2.33it/s, RMSE=18.088TECU, a=0.50, rel_dP=8.53e-03]  [EKF] iterating [analytical]:  55%|#####5    | 11/20 [00:04<00:03,  2.33it/s, RMSE=18.075TECU, a=0.50, rel_dP=1.18e-02]  [EKF] iterating [analytical]:  60%|######    | 12/20 [00:04<00:03,  2.40it/s, RMSE=18.075TECU, a=0.50, rel_dP=1.18e-02]  [EKF] iterating [analytical]:  60%|######    | 12/20 [00:05<00:03,  2.40it/s, RMSE=18.056TECU, a=0.50, rel_dP=1.96e-02]  [EKF] iterating [analytical]:  65%|######5   | 13/20 [00:05<00:02,  2.49it/s, RMSE=18.056TECU, a=0.50, rel_dP=1.96e-02]  [EKF] iterating [analytical]:  65%|######5   | 13/20 [00:05<00:02,  2.49it/s, RMSE=18.045TECU, a=0.50, rel_dP=3.69e-03]  [EKF] iterating [analytical]:  70%|#######   | 14/20 [00:05<00:02,  2.54it/s, RMSE=18.045TECU, a=0.50, rel_dP=3.69e-03]  [EKF] iterating [analytical]:  70%|#######   | 14/20 [00:06<00:02,  2.54it/s, RMSE=18.043TECU, a=0.50, rel_dP=3.08e-03]  [EKF] iterating [analytical]:  75%|#######5  | 15/20 [00:06<00:01,  2.60it/s, RMSE=18.043TECU, a=0.50, rel_dP=3.08e-03]  [EKF] iterating [analytical]:  75%|#######5  | 15/20 [00:06<00:01,  2.60it/s, RMSE=18.035TECU, a=0.50, rel_dP=7.84e-03]  [EKF] iterating [analytical]:  80%|########  | 16/20 [00:06<00:01,  2.61it/s, RMSE=18.035TECU, a=0.50, rel_dP=7.84e-03]  [EKF] iterating [analytical]:  80%|########  | 16/20 [00:06<00:01,  2.61it/s, RMSE=18.038TECU, a=0.50, rel_dP=4.44e-03]  [EKF] iterating [analytical]:  85%|########5 | 17/20 [00:06<00:01,  2.67it/s, RMSE=18.038TECU, a=0.50, rel_dP=4.44e-03]  [EKF] iterating [analytical]:  85%|########5 | 17/20 [00:07<00:01,  2.67it/s, RMSE=18.020TECU, a=0.50, rel_dP=1.20e-02]  [EKF] iterating [analytical]:  90%|######### | 18/20 [00:07<00:00,  2.69it/s, RMSE=18.020TECU, a=0.50, rel_dP=1.20e-02]  [EKF] iterating [analytical]:  90%|######### | 18/20 [00:07<00:00,  2.69it/s, RMSE=18.023TECU, a=0.50, rel_dP=6.04e-03]  [EKF] iterating [analytical]:  95%|#########5| 19/20 [00:07<00:00,  2.66it/s, RMSE=18.023TECU, a=0.50, rel_dP=6.04e-03]  [EKF] iterating [analytical]:  95%|#########5| 19/20 [00:07<00:00,  2.66it/s, RMSE=18.004TECU, a=0.50, rel_dP=1.23e-02]  [EKF] iterating [analytical]: 100%|##########| 20/20 [00:07<00:00,  2.68it/s, RMSE=18.004TECU, a=0.50, rel_dP=1.23e-02]                                                                                                                           [EKF] reached max_iter=20 without convergence  (final ||ΔP||/||P|| = 1.23e-02, RMSE=18.00TECU vs tol 5.0)
