[ISR-DA] Logging this run to: /home/austinhunter/IonosphereTomography/Logs/ISR_DA_Comparison/isr_da_comparison_20260720_235313.log
[ISR-DA] EKF config: alpha=0.25 sigma_obs=10.0 max_rays=100 tol=0.0005 max_iter=20 n_members=200 prior_scale=1.0 free=['log10(NmF2)', 'hmF2', 'H0', 'gamma', 'B0', 'log10(NmE)'] adapt_alpha=True alpha_max=1.0 tec_rmse_tol=5.0
[ISR] Processing 359 new file(s) …
  MAD6400_2025-02-26_beata_40@uhfa.hdf5: 64 profiles
  MAD6400_2025-02-26_beata_60@uhfa.hdf5: 199 profiles
  MAD6400_2025-02-26_manda_60@uhf.hdf5: 31 profiles
  MAD6400_2025-02-27_beata_60@uhfa.hdf5: 244 profiles
  MAD6400_2025-03-03_beata_60@uhfa.hdf5: 882 profiles
  MAD6400_2025-03-04_beata_60@uhfa.hdf5: 500 profiles
  MAD6400_2025-03-15_beata_60@uhfa.hdf5: 239 profiles
  MAD6400_2025-03-21_bella_60@uhf.hdf5: 196 profiles
  MAD6400_2025-03-24_manda_60@uhf.hdf5: 246 profiles
  MAD6400_2025-03-26_beata_60@uhfa.hdf5: 961 profiles
  MAD6400_2025-03-27_beata_60@uhfa.hdf5: 1437 profiles
  MAD6400_2025-03-28_beata_60@uhfa.hdf5: 1432 profiles
  MAD6400_2025-03-29_beata_60@uhfa.hdf5: 1431 profiles
  MAD6400_2025-03-30_beata_60@uhfa.hdf5: 1440 profiles
  MAD6400_2025-03-31_beata_60@uhfa.hdf5: 480 profiles
  MAD6400_2025-03-31_manda_60@uhf.hdf5: 238 profiles
  MAD6400_2025-04-01_beata_60@uhfa.hdf5: 237 profiles
  MAD6400_2025-04-02_beata_30@uhfa.hdf5: 438 profiles
  MAD6400_2025-04-02_beata_60@uhfa.hdf5: 351 profiles
  MAD6400_2025-04-03_beata_60@uhfa.hdf5: 360 profiles
  MAD6400_2025-04-04_beata_60@uhfa.hdf5: 360 profiles
  MAD6400_2025-04-05_beata_60@uhfa.hdf5: 356 profiles
  MAD6400_2025-04-06_beata_60@uhfa.hdf5: 362 profiles
  MAD6400_2025-04-07_beata_60@uhfa.hdf5: 60 profiles
  MAD6400_2025-05-05_leo_120@uhf.hdf5: 244 profiles
  MAD6400_2025-05-10_leo_120@uhf.hdf5: 241 profiles
  MAD6400_2025-05-18_beata_60@uhfa.hdf5: 658 profiles
  MAD6400_2025-05-19_beata_60@uhfa.hdf5: 1440 profiles
  MAD6400_2025-05-20_beata_60@uhfa.hdf5: 956 profiles
  MAD6400_2025-05-20_leo_120@uhf.hdf5: 240 profiles
  MAD6400_2025-05-21_beata_60@uhfa.hdf5: 600 profiles
  MAD6400_2025-07-28_beata_30@uhfa.hdf5: 25 profiles
  MAD6400_2025-07-30_beata_60@uhfa.hdf5: 89 profiles
  MAD6400_2025-08-01_beata_scan@uhfa.hdf5: 141 profiles
  MAD6400_2025-08-02_beata_scan@uhfa.hdf5: 222 profiles
  MAD6400_2025-08-03_beata_scan@uhfa.hdf5: 235 profiles
  MAD6400_2025-08-04_beata_scan@uhfa.hdf5: 235 profiles
  MAD6400_2025-08-05_beata_scan@uhfa.hdf5: 198 profiles
  MAD6400_2025-08-06_beata_scan@uhfa.hdf5: 237 profiles
  MAD6400_2025-08-07_beata_scan@uhfa.hdf5: 61 profiles
  MAD6400_2025-08-12_beata_60@uhfa.hdf5: 350 profiles
  MAD6400_2025-08-27_ipy_30@42m.hdf5: 2 profiles
  MAD6400_2025-09-10_ipy_60@42m.hdf5: 62 profiles
  MAD6400_2025-09-11_ipy_60@42m.hdf5: 80 profiles
  MAD6400_2025-09-12_ipy_60@42m.hdf5: 195 profiles
  MAD6400_2025-09-15_ipy_60@32mc.hdf5: 251 profiles
  MAD6400_2025-09-15_ipy_60@42ma.hdf5: 251 profiles
  MAD6400_2025-09-17_ipy_60@42m.hdf5: 274 profiles
  MAD6400_2025-09-22_beata_60@uhfa.hdf5: 834 profiles
  MAD6400_2025-09-22_ipy_60@42m.hdf5: 925 profiles
  MAD6400_2025-09-23_beata_60@uhfa.hdf5: 1436 profiles
  MAD6400_2025-09-23_ipy_60@42m.hdf5: 1440 profiles
  MAD6400_2025-09-24_beata_60@uhfa.hdf5: 1114 profiles
  MAD6400_2025-09-24_ipy_60@42m.hdf5: 1438 profiles
  MAD6400_2025-09-25_beata_60@uhfa.hdf5: 1432 profiles
  MAD6400_2025-09-25_ipy_60@42m.hdf5: 1440 profiles
  MAD6400_2025-09-26_beata_60@uhfa.hdf5: 600 profiles
  MAD6400_2025-09-26_ipy_60@42m.hdf5: 598 profiles
  MAD6400_2025-09-26_othia_60@42m.hdf5: 96 profiles
  MAD6400_2025-09-30_ipy_60@42m.hdf5: 290 profiles
  MAD6400_2025-09-30_manda_60@42m.hdf5: 9 profiles
  MAD6400_2025-09-30_othia_60@42m.hdf5: 14 profiles
  MAD6400_2025-10-13_ipy_60@42m.hdf5: 79 profiles
  MAD6400_2025-10-14_beata_60@uhfa.hdf5: 695 profiles
  MAD6400_2025-10-14_ipy_30@42m.hdf5: 472 profiles
  MAD6400_2025-10-14_ipy_60@42m.hdf5: 660 profiles
  MAD6400_2025-10-15_beata_60@uhfa.hdf5: 1378 profiles
  MAD6400_2025-10-15_ipy_60@42m.hdf5: 1440 profiles
  MAD6400_2025-10-16_beata_60@uhfa.hdf5: 1425 profiles
  MAD6400_2025-10-16_ipy_60@42m.hdf5: 1440 profiles
  MAD6400_2025-10-17_beata_60@uhfa.hdf5: 1319 profiles
  MAD6400_2025-10-17_ipy_60@42m.hdf5: 1439 profiles
  MAD6400_2025-10-18_ipy_60@42m.hdf5: 1436 profiles
  MAD6400_2025-10-19_ipy_60@42m.hdf5: 931 profiles
  MAD6400_2025-11-03_leo_120@uhf.hdf5: 480 profiles
  MAD6400_2025-11-04_beata_60@uhfa.hdf5: 237 profiles
  MAD6400_2025-11-04_ipy_60@42m.hdf5: 250 profiles
  MAD6400_2025-11-04_leo_120@uhf.hdf5: 285 profiles
  MAD6400_2025-11-05_beata_scan@uhfa.hdf5: 340 profiles
  MAD6400_2025-11-06_beata_60@uhfa.hdf5: 241 profiles
  MAD6400_2025-11-06_beata_scan@uhfa.hdf5: 103 profiles
  MAD6400_2025-11-06_ipy_60@42m.hdf5: 870 profiles
  MAD6400_2025-11-07_ipy_60@42m.hdf5: 827 profiles
  MAD6400_2025-11-10_beata_60@uhfa.hdf5: 360 profiles
  MAD6400_2025-11-11_beata_60@uhfa.hdf5: 412 profiles
  MAD6400_2025-11-11_ipy_60@42m.hdf5: 280 profiles
  MAD6400_2025-11-12_beata_60@uhfa.hdf5: 565 profiles
  MAD6400_2025-11-12_ipy_60@42m.hdf5: 1440 profiles
  MAD6400_2025-11-13_beata_60@uhfa.hdf5: 337 profiles
  MAD6400_2025-11-13_ipy_60@42m.hdf5: 1440 profiles
  MAD6400_2025-11-14_ipy_60@42m.hdf5: 650 profiles
  MAD6400_2025-11-15_ipy_60@42m.hdf5: 324 profiles
  MAD6400_2025-11-16_ipy_60@42m.hdf5: 153 profiles
  MAD6400_2025-11-16_othia_60@42m.hdf5: 174 profiles
  MAD6400_2025-11-17_ipy_60@42m.hdf5: 321 profiles
  MAD6400_2025-11-18_beata_60@uhfa.hdf5: 96 profiles
  MAD6400_2025-11-18_beata_scan@uhfa.hdf5: 241 profiles
  MAD6400_2025-11-18_ipy_60@42m.hdf5: 370 profiles
  MAD6400_2025-11-18_othia_60@42m.hdf5: 159 profiles
  MAD6400_2025-11-19_othia_60@42m.hdf5: 318 profiles
  MAD6400_2025-11-20_beata_scan@uhfa.hdf5: 121 profiles
  MAD6400_2025-11-20_othia_60@42m.hdf5: 316 profiles
  MAD6400_2025-11-21_beata_scan@uhfa.hdf5: 41 profiles
  MAD6400_2025-11-21_ipy_60@42m.hdf5: 90 profiles
  MAD6400_2025-11-21_othia_60@42m.hdf5: 316 profiles
  MAD6400_2025-11-22_ipy_60@42m.hdf5: 271 profiles
  MAD6400_2025-11-22_othia_60@42m.hdf5: 32 profiles
  MAD6400_2025-11-23_beata_scan@uhfa.hdf5: 160 profiles
  MAD6400_2025-11-23_othia_60@42m.hdf5: 372 profiles
  MAD6400_2025-11-24_beata_scan@uhfa.hdf5: 636 profiles
  MAD6400_2025-11-24_ipy_60@42m.hdf5: 1010 profiles
  MAD6400_2025-11-25_beata_scan@uhfa.hdf5: 1009 profiles
  MAD6400_2025-11-25_ipy_60@42m.hdf5: 1440 profiles
  MAD6400_2025-11-26_beata_scan@uhfa.hdf5: 1005 profiles
  MAD6400_2025-11-26_ipy_60@42m.hdf5: 1430 profiles
  MAD6400_2025-11-27_beata_scan@uhfa.hdf5: 1009 profiles
  MAD6400_2025-11-27_ipy_60@42m.hdf5: 1430 profiles
  MAD6400_2025-11-28_beata_scan@uhfa.hdf5: 1005 profiles
  MAD6400_2025-11-28_ipy_60@42m.hdf5: 1142 profiles
  MAD6400_2025-11-29_beata_scan@uhfa.hdf5: 356 profiles
  MAD6400_2025-11-29_ipy_60@42m.hdf5: 480 profiles
  MAD6400_2025-12-07_beata_60@uhfa.hdf5: 240 profiles
  MAD6400_2025-12-08_beata_60@uhfa.hdf5: 301 profiles
  MAD6400_2025-12-08_ipy_60@42m.hdf5: 971 profiles
  MAD6400_2025-12-09_beata_60@uhfa.hdf5: 360 profiles
  MAD6400_2025-12-09_ipy_60@42m.hdf5: 1074 profiles
  MAD6400_2025-12-09_othia_60@42m.hdf5: 359 profiles
  MAD6400_2025-12-10_ipy_60@42m.hdf5: 451 profiles
  MAD6400_2025-12-12_ipy_60@42m.hdf5: 27 profiles
  MAD6400_2025-12-13_manda_60@uhf.hdf5: 357 profiles
  MAD6400_2025-12-14_beata_scan@uhfa.hdf5: 291 profiles
  MAD6400_2025-12-14_ipy_60@42m.hdf5: 422 profiles
  MAD6400_2025-12-14_manda_60@uhf.hdf5: 1082 profiles
  MAD6400_2025-12-15_beata_60@uhfa.hdf5: 240 profiles
  MAD6400_2025-12-15_beata_scan@uhfa.hdf5: 513 profiles
  MAD6400_2025-12-15_ipy_60@42m.hdf5: 1200 profiles
  MAD6400_2025-12-16_beata_60@uhfa.hdf5: 349 profiles
  MAD6400_2025-12-16_beata_scan@uhfa.hdf5: 468 profiles
  MAD6400_2025-12-16_ipy_60@42m.hdf5: 961 profiles
  MAD6400_2025-12-17_beata_60@uhfa.hdf5: 239 profiles
  MAD6400_2025-12-17_beata_scan@uhfa.hdf5: 530 profiles
  MAD6400_2025-12-17_ipy_60@42m.hdf5: 540 profiles
  MAD6400_2025-12-18_beata_60@uhfa.hdf5: 292 profiles
  MAD6400_2025-12-18_beata_scan@uhfa.hdf5: 472 profiles
  MAD6400_2025-12-18_ipy_60@42m.hdf5: 55 profiles
  MAD6400_2025-12-19_beata_scan@uhfa.hdf5: 534 profiles
  MAD6400_2025-12-20_beata_scan@uhfa.hdf5: 237 profiles
  MAD6400_2026-01-06_beata_60@uhfa.hdf5: 239 profiles
  MAD6400_2026-01-13_beata_60@uhfa.hdf5: 240 profiles
  MAD6400_2026-01-13_othia_60@42m.hdf5: 120 profiles
  MAD6400_2026-01-14_othia_60@42m.hdf5: 88 profiles
  MAD6400_2026-01-15_othia_60@42m.hdf5: 121 profiles
  MAD6400_2026-01-16_othia_60@42m.hdf5: 114 profiles
  MAD6400_2026-01-20_ipy_60@42m.hdf5: 419 profiles
  MAD6400_2026-01-20_manda_60@42m.hdf5: 55 profiles
  MAD6400_2026-01-20_othia_60@42m.hdf5: 239 profiles
  MAD6400_2026-01-21_othia_60@42m.hdf5: 357 profiles
  MAD6400_2026-01-22_beata_60@uhfa.hdf5: 240 profiles
  MAD6400_2026-01-29_beata_60@uhfa.hdf5: 240 profiles
  MAD6400_2026-02-02_beata_60@uhfa.hdf5: 284 profiles
  MAD6400_2026-02-02_ipy_60@42m.hdf5: 13 profiles
  MAD6400_2026-02-02_manda_60@42m.hdf5: 69 profiles
  MAD6400_2026-02-03_ipy_60@42m.hdf5: 9 profiles
  MAD6400_2026-02-03_othia_60@42m.hdf5: 109 profiles
  MAD6400_2026-02-05_beata_60@uhfa.hdf5: 242 profiles
  MAD6400_2026-02-09_leo_60@42m.hdf5: 128 profiles
  MAD6400_2026-02-12_beata_60@uhfa.hdf5: 219 profiles
  MAD6400_2026-02-12_manda_60@42m.hdf5: 137 profiles
  MAD6400_2026-02-17_beata_60@uhfa.hdf5: 240 profiles
  MAD6300_2025-02-26_beata_40@uhfa.hdf5: 64 profiles
  MAD6300_2025-02-26_beata_60@uhfa.hdf5: 196 profiles
  MAD6300_2025-02-26_manda_60@uhf.hdf5: 31 profiles
  MAD6300_2025-02-27_beata_60@uhfa.hdf5: 241 profiles
  MAD6300_2025-03-03_beata_60@uhfa.hdf5: 874 profiles
  MAD6300_2025-03-04_beata_60@uhfa.hdf5: 497 profiles
  MAD6300_2025-03-15_beata_60@uhfa.hdf5: 238 profiles
  MAD6300_2025-03-21_bella_60@uhf.hdf5: 196 profiles
  MAD6300_2025-03-24_manda_60@uhf.hdf5: 246 profiles
  MAD6300_2025-03-26_beata_60@uhfa.hdf5: 956 profiles
  MAD6300_2025-03-27_beata_60@uhfa.hdf5: 1424 profiles
  MAD6300_2025-03-28_beata_60@uhfa.hdf5: 1421 profiles
  MAD6300_2025-03-29_beata_60@uhfa.hdf5: 1424 profiles
  MAD6300_2025-03-30_beata_60@uhfa.hdf5: 1432 profiles
  MAD6300_2025-03-31_beata_60@uhfa.hdf5: 478 profiles
  MAD6300_2025-03-31_manda_60@uhf.hdf5: 238 profiles
  MAD6300_2025-04-01_beata_60@uhfa.hdf5: 237 profiles
  MAD6300_2025-04-02_beata_30@uhfa.hdf5: 434 profiles
  MAD6300_2025-04-02_beata_60@uhfa.hdf5: 349 profiles
  MAD6300_2025-04-03_beata_60@uhfa.hdf5: 358 profiles
  MAD6300_2025-04-04_beata_60@uhfa.hdf5: 358 profiles
  MAD6300_2025-04-05_beata_60@uhfa.hdf5: 353 profiles
  MAD6300_2025-04-06_beata_60@uhfa.hdf5: 360 profiles
  MAD6300_2025-04-07_beata_60@uhfa.hdf5: 60 profiles
  MAD6300_2025-05-05_leo_120@uhf.hdf5: 244 profiles
  MAD6300_2025-05-10_leo_120@uhf.hdf5: 241 profiles
  MAD6300_2025-05-18_beata_60@uhfa.hdf5: 653 profiles
  MAD6300_2025-05-19_beata_60@uhfa.hdf5: 1424 profiles
  MAD6300_2025-05-20_beata_60@uhfa.hdf5: 946 profiles
  MAD6300_2025-05-20_leo_120@uhf.hdf5: 240 profiles
  MAD6300_2025-05-21_beata_60@uhfa.hdf5: 597 profiles
  MAD6300_2025-07-28_beata_30@uhfa.hdf5: 25 profiles
  MAD6300_2025-07-30_beata_60@uhfa.hdf5: 88 profiles
  MAD6300_2025-08-01_beata_scan@uhfa.hdf5: 139 profiles
  MAD6300_2025-08-02_beata_scan@uhfa.hdf5: 222 profiles
  MAD6300_2025-08-03_beata_scan@uhfa.hdf5: 235 profiles
  MAD6300_2025-08-04_beata_scan@uhfa.hdf5: 234 profiles
  MAD6300_2025-08-05_beata_scan@uhfa.hdf5: 198 profiles
  MAD6300_2025-08-06_beata_scan@uhfa.hdf5: 237 profiles
  MAD6300_2025-08-07_beata_scan@uhfa.hdf5: 61 profiles
  MAD6300_2025-08-12_beata_60@uhfa.hdf5: 349 profiles
  MAD6300_2025-08-27_ipy_30@42m.hdf5: 0 profiles
  MAD6300_2025-09-10_ipy_60@42m.hdf5: 0 profiles
  MAD6300_2025-09-11_ipy_60@42m.hdf5: 0 profiles
  MAD6300_2025-09-12_ipy_60@42m.hdf5: 0 profiles
  MAD6300_2025-09-15_ipy_60@32mc.hdf5: 0 profiles
  MAD6300_2025-09-15_ipy_60@42ma.hdf5: 0 profiles
  MAD6300_2025-09-17_ipy_60@42m.hdf5: 0 profiles
  MAD6300_2025-09-22_beata_60@uhfa.hdf5: 828 profiles
  MAD6300_2025-09-22_ipy_60@42m.hdf5: 0 profiles
  MAD6300_2025-09-23_beata_60@uhfa.hdf5: 1424 profiles
  MAD6300_2025-09-23_ipy_60@42m.hdf5: 0 profiles
  MAD6300_2025-09-24_beata_60@uhfa.hdf5: 1109 profiles
  MAD6300_2025-09-24_ipy_60@42m.hdf5: 0 profiles
  MAD6300_2025-09-25_beata_60@uhfa.hdf5: 1422 profiles
  MAD6300_2025-09-25_ipy_60@42m.hdf5: 0 profiles
  MAD6300_2025-09-26_beata_60@uhfa.hdf5: 598 profiles
  MAD6300_2025-09-26_ipy_60@42m.hdf5: 0 profiles
  MAD6300_2025-09-26_othia_60@42m.hdf5: 0 profiles
  MAD6300_2025-09-30_ipy_60@42m.hdf5: 0 profiles
  MAD6300_2025-09-30_manda_60@42m.hdf5: 0 profiles
  MAD6300_2025-09-30_othia_60@42m.hdf5: 0 profiles
  MAD6300_2025-10-13_ipy_60@42m.hdf5: 0 profiles
  MAD6300_2025-10-14_beata_60@uhfa.hdf5: 692 profiles
  MAD6300_2025-10-14_ipy_30@42m.hdf5: 0 profiles
  MAD6300_2025-10-14_ipy_60@42m.hdf5: 0 profiles
  MAD6300_2025-10-15_beata_60@uhfa.hdf5: 1372 profiles
  MAD6300_2025-10-15_ipy_60@42m.hdf5: 0 profiles
  MAD6300_2025-10-16_beata_60@uhfa.hdf5: 1417 profiles
  MAD6300_2025-10-16_ipy_60@42m.hdf5: 0 profiles
  MAD6300_2025-10-17_beata_60@uhfa.hdf5: 1311 profiles
  MAD6300_2025-10-17_ipy_60@42m.hdf5: 0 profiles
  MAD6300_2025-10-18_ipy_60@42m.hdf5: 0 profiles
  MAD6300_2025-10-19_ipy_60@42m.hdf5: 0 profiles
  MAD6300_2025-11-03_leo_120@uhf.hdf5: 480 profiles
  MAD6300_2025-11-04_beata_60@uhfa.hdf5: 237 profiles
  MAD6300_2025-11-04_ipy_60@42m.hdf5: 0 profiles
  MAD6300_2025-11-04_leo_120@uhf.hdf5: 285 profiles
  MAD6300_2025-11-05_beata_scan@uhfa.hdf5: 340 profiles
  MAD6300_2025-11-06_beata_60@uhfa.hdf5: 240 profiles
  MAD6300_2025-11-06_beata_scan@uhfa.hdf5: 102 profiles
  MAD6300_2025-11-06_ipy_60@42m.hdf5: 0 profiles
  MAD6300_2025-11-07_ipy_60@42m.hdf5: 0 profiles
  MAD6300_2025-11-10_beata_60@uhfa.hdf5: 357 profiles
  MAD6300_2025-11-11_beata_60@uhfa.hdf5: 409 profiles
  MAD6300_2025-11-11_ipy_60@42m.hdf5: 0 profiles
  MAD6300_2025-11-12_beata_60@uhfa.hdf5: 561 profiles
  MAD6300_2025-11-12_ipy_60@42m.hdf5: 0 profiles
  MAD6300_2025-11-13_beata_60@uhfa.hdf5: 334 profiles
  MAD6300_2025-11-13_ipy_60@42m.hdf5: 0 profiles
  MAD6300_2025-11-14_ipy_60@42m.hdf5: 0 profiles
  MAD6300_2025-11-15_ipy_60@42m.hdf5: 0 profiles
  MAD6300_2025-11-16_ipy_60@42m.hdf5: 0 profiles
  MAD6300_2025-11-16_othia_60@42m.hdf5: 0 profiles
  MAD6300_2025-11-17_ipy_60@42m.hdf5: 0 profiles
  MAD6300_2025-11-18_beata_60@uhfa.hdf5: 95 profiles
  MAD6300_2025-11-18_beata_scan@uhfa.hdf5: 239 profiles
  MAD6300_2025-11-18_ipy_60@42m.hdf5: 0 profiles
  MAD6300_2025-11-18_othia_60@42m.hdf5: 0 profiles
  MAD6300_2025-11-19_othia_60@42m.hdf5: 0 profiles
  MAD6300_2025-11-20_beata_scan@uhfa.hdf5: 120 profiles
  MAD6300_2025-11-20_othia_60@42m.hdf5: 0 profiles
  MAD6300_2025-11-21_beata_scan@uhfa.hdf5: 39 profiles
  MAD6300_2025-11-21_ipy_60@42m.hdf5: 0 profiles
  MAD6300_2025-11-21_othia_60@42m.hdf5: 0 profiles
  MAD6300_2025-11-22_ipy_60@42m.hdf5: 0 profiles
  MAD6300_2025-11-22_othia_60@42m.hdf5: 0 profiles
  MAD6300_2025-11-23_beata_scan@uhfa.hdf5: 159 profiles
  MAD6300_2025-11-23_othia_60@42m.hdf5: 0 profiles
  MAD6300_2025-11-24_beata_scan@uhfa.hdf5: 632 profiles
  MAD6300_2025-11-24_ipy_60@42m.hdf5: 0 profiles
  MAD6300_2025-11-25_beata_scan@uhfa.hdf5: 1004 profiles
  MAD6300_2025-11-25_ipy_60@42m.hdf5: 0 profiles
  MAD6300_2025-11-26_beata_scan@uhfa.hdf5: 1000 profiles
  MAD6300_2025-11-26_ipy_60@42m.hdf5: 0 profiles
  MAD6300_2025-11-27_beata_scan@uhfa.hdf5: 1007 profiles
  MAD6300_2025-11-27_ipy_60@42m.hdf5: 0 profiles
  MAD6300_2025-11-28_beata_scan@uhfa.hdf5: 1001 profiles
  MAD6300_2025-11-28_ipy_60@42m.hdf5: 0 profiles
  MAD6300_2025-11-29_beata_scan@uhfa.hdf5: 355 profiles
  MAD6300_2025-11-29_ipy_60@42m.hdf5: 0 profiles
  MAD6300_2025-12-07_beata_60@uhfa.hdf5: 238 profiles
  MAD6300_2025-12-08_beata_60@uhfa.hdf5: 300 profiles
  MAD6300_2025-12-08_ipy_60@42m.hdf5: 0 profiles
  MAD6300_2025-12-09_beata_60@uhfa.hdf5: 356 profiles
  MAD6300_2025-12-09_ipy_60@42m.hdf5: 0 profiles
  MAD6300_2025-12-09_othia_60@42m.hdf5: 0 profiles
  MAD6300_2025-12-10_ipy_60@42m.hdf5: 0 profiles
  MAD6300_2025-12-12_ipy_60@42m.hdf5: 0 profiles
  MAD6300_2025-12-13_manda_60@uhf.hdf5: 357 profiles
  MAD6300_2025-12-14_beata_scan@uhfa.hdf5: 290 profiles
  MAD6300_2025-12-14_ipy_60@42m.hdf5: 0 profiles
  MAD6300_2025-12-14_manda_60@uhf.hdf5: 1082 profiles
  MAD6300_2025-12-15_beata_60@uhfa.hdf5: 237 profiles
  MAD6300_2025-12-15_beata_scan@uhfa.hdf5: 509 profiles
  MAD6300_2025-12-15_ipy_60@42m.hdf5: 0 profiles
  MAD6300_2025-12-16_beata_60@uhfa.hdf5: 344 profiles
  MAD6300_2025-12-16_beata_scan@uhfa.hdf5: 468 profiles
  MAD6300_2025-12-16_ipy_60@42m.hdf5: 0 profiles
  MAD6300_2025-12-17_beata_60@uhfa.hdf5: 238 profiles
  MAD6300_2025-12-17_beata_scan@uhfa.hdf5: 527 profiles
  MAD6300_2025-12-17_ipy_60@42m.hdf5: 0 profiles
  MAD6300_2025-12-18_beata_60@uhfa.hdf5: 291 profiles
  MAD6300_2025-12-18_beata_scan@uhfa.hdf5: 471 profiles
  MAD6300_2025-12-18_ipy_60@42m.hdf5: 0 profiles
  MAD6300_2025-12-19_beata_scan@uhfa.hdf5: 531 profiles
  MAD6300_2025-12-20_beata_scan@uhfa.hdf5: 236 profiles
  MAD6300_2026-01-06_beata_60@uhfa.hdf5: 236 profiles
  MAD6300_2026-01-13_beata_60@uhfa.hdf5: 238 profiles
  MAD6300_2026-01-13_othia_60@42m.hdf5: 0 profiles
  MAD6300_2026-01-14_othia_60@42m.hdf5: 0 profiles
  MAD6300_2026-01-15_othia_60@42m.hdf5: 0 profiles
  MAD6300_2026-01-16_othia_60@42m.hdf5: 0 profiles
  MAD6300_2026-01-20_ipy_60@42m.hdf5: 0 profiles
  MAD6300_2026-01-20_manda_60@42m.hdf5: 0 profiles
  MAD6300_2026-01-20_othia_60@42m.hdf5: 0 profiles
  MAD6300_2026-01-21_othia_60@42m.hdf5: 0 profiles
  MAD6300_2026-01-22_beata_60@uhfa.hdf5: 239 profiles
  MAD6300_2026-01-29_beata_60@uhfa.hdf5: 240 profiles
  MAD6300_2026-02-02_beata_60@uhfa.hdf5: 283 profiles
  MAD6300_2026-02-02_ipy_60@42m.hdf5: 0 profiles
  MAD6300_2026-02-02_manda_60@42m.hdf5: 0 profiles
  MAD6300_2026-02-03_ipy_60@42m.hdf5: 0 profiles
  MAD6300_2026-02-03_othia_60@42m.hdf5: 0 profiles
  MAD6300_2026-02-05_beata_60@uhfa.hdf5: 240 profiles
  MAD6300_2026-02-09_leo_60@42m.hdf5: 0 profiles
  MAD6300_2026-02-12_beata_60@uhfa.hdf5: 218 profiles
  MAD6300_2026-02-12_manda_60@42m.hdf5: 0 profiles
  MAD6300_2026-02-17_beata_60@uhfa.hdf5: 240 profiles
  jro20250121_130001.hdf5: 165 profiles
  jro20250122_050005.hdf5: 283 profiles
  jro20250123_050003.hdf5: 265 profiles
  jro20250124_050003.hdf5: 275 profiles
  jro20250125_050004.hdf5: 270 profiles
  jro20250126_050005.hdf5: 280 profiles
  jro20250127_050003.hdf5: 269 profiles
  jro20250128_050003.hdf5: 243 profiles
  jro20250129_050004.hdf5: 271 profiles
  jro20250130_050005.hdf5: 286 profiles
  jro20250131_050005.hdf5: 85 profiles
  jro20250516_132000.hdf5: 154 profiles
  jro20250517_050004.hdf5: 266 profiles
  jro20250518_050004.hdf5: 255 profiles
  jro20250519_050005.hdf5: 89 profiles
  jro20260526_130455.hdf5: 72 profiles
  jro20260527_050341.hdf5: 116 profiles
  jro20260528_101613.hdf5: 94 profiles
  jro20260529_050413.hdf5: 119 profiles
  jro20260530_050413.hdf5: 119 profiles
  jro20260531_050413.hdf5: 40 profiles
[ISR] Cache updated → /home/austinhunter/IonosphereTomography/Data/ISR_Data/esr_edp_cache.pkl (135834 total profiles)
[ISR-DA] Processing 1 day(s)
  Tier 2  2025-08-27  instruments=['ESR']  podtc=yes

[ISR-DA] Loading ISR EDP cache ...
[ISR] Loading cache esr_edp_cache.pkl … 135834 profiles from 285 files
[ISR] Processing 74 new file(s) …
  MAD6300_2025-08-27_ipy_30@42m.hdf5: 0 profiles
  MAD6300_2025-09-10_ipy_60@42m.hdf5: 0 profiles
  MAD6300_2025-09-11_ipy_60@42m.hdf5: 0 profiles
  MAD6300_2025-09-12_ipy_60@42m.hdf5: 0 profiles
  MAD6300_2025-09-15_ipy_60@32mc.hdf5: 0 profiles
  MAD6300_2025-09-15_ipy_60@42ma.hdf5: 0 profiles
  MAD6300_2025-09-17_ipy_60@42m.hdf5: 0 profiles
  MAD6300_2025-09-22_ipy_60@42m.hdf5: 0 profiles
  MAD6300_2025-09-23_ipy_60@42m.hdf5: 0 profiles
  MAD6300_2025-09-24_ipy_60@42m.hdf5: 0 profiles
  MAD6300_2025-09-25_ipy_60@42m.hdf5: 0 profiles
  MAD6300_2025-09-26_ipy_60@42m.hdf5: 0 profiles
  MAD6300_2025-09-26_othia_60@42m.hdf5: 0 profiles
  MAD6300_2025-09-30_ipy_60@42m.hdf5: 0 profiles
  MAD6300_2025-09-30_manda_60@42m.hdf5: 0 profiles
  MAD6300_2025-09-30_othia_60@42m.hdf5: 0 profiles
  MAD6300_2025-10-13_ipy_60@42m.hdf5: 0 profiles
  MAD6300_2025-10-14_ipy_30@42m.hdf5: 0 profiles
  MAD6300_2025-10-14_ipy_60@42m.hdf5: 0 profiles
  MAD6300_2025-10-15_ipy_60@42m.hdf5: 0 profiles
  MAD6300_2025-10-16_ipy_60@42m.hdf5: 0 profiles
  MAD6300_2025-10-17_ipy_60@42m.hdf5: 0 profiles
  MAD6300_2025-10-18_ipy_60@42m.hdf5: 0 profiles
  MAD6300_2025-10-19_ipy_60@42m.hdf5: 0 profiles
  MAD6300_2025-11-04_ipy_60@42m.hdf5: 0 profiles
  MAD6300_2025-11-06_ipy_60@42m.hdf5: 0 profiles
  MAD6300_2025-11-07_ipy_60@42m.hdf5: 0 profiles
  MAD6300_2025-11-11_ipy_60@42m.hdf5: 0 profiles
  MAD6300_2025-11-12_ipy_60@42m.hdf5: 0 profiles
  MAD6300_2025-11-13_ipy_60@42m.hdf5: 0 profiles
  MAD6300_2025-11-14_ipy_60@42m.hdf5: 0 profiles
  MAD6300_2025-11-15_ipy_60@42m.hdf5: 0 profiles
  MAD6300_2025-11-16_ipy_60@42m.hdf5: 0 profiles
  MAD6300_2025-11-16_othia_60@42m.hdf5: 0 profiles
  MAD6300_2025-11-17_ipy_60@42m.hdf5: 0 profiles
  MAD6300_2025-11-18_ipy_60@42m.hdf5: 0 profiles
  MAD6300_2025-11-18_othia_60@42m.hdf5: 0 profiles
  MAD6300_2025-11-19_othia_60@42m.hdf5: 0 profiles
  MAD6300_2025-11-20_othia_60@42m.hdf5: 0 profiles
  MAD6300_2025-11-21_ipy_60@42m.hdf5: 0 profiles
  MAD6300_2025-11-21_othia_60@42m.hdf5: 0 profiles
  MAD6300_2025-11-22_ipy_60@42m.hdf5: 0 profiles
  MAD6300_2025-11-22_othia_60@42m.hdf5: 0 profiles
  MAD6300_2025-11-23_othia_60@42m.hdf5: 0 profiles
  MAD6300_2025-11-24_ipy_60@42m.hdf5: 0 profiles
  MAD6300_2025-11-25_ipy_60@42m.hdf5: 0 profiles
  MAD6300_2025-11-26_ipy_60@42m.hdf5: 0 profiles
  MAD6300_2025-11-27_ipy_60@42m.hdf5: 0 profiles
  MAD6300_2025-11-28_ipy_60@42m.hdf5: 0 profiles
  MAD6300_2025-11-29_ipy_60@42m.hdf5: 0 profiles
  MAD6300_2025-12-08_ipy_60@42m.hdf5: 0 profiles
  MAD6300_2025-12-09_ipy_60@42m.hdf5: 0 profiles
  MAD6300_2025-12-09_othia_60@42m.hdf5: 0 profiles
  MAD6300_2025-12-10_ipy_60@42m.hdf5: 0 profiles
  MAD6300_2025-12-12_ipy_60@42m.hdf5: 0 profiles
  MAD6300_2025-12-14_ipy_60@42m.hdf5: 0 profiles
  MAD6300_2025-12-15_ipy_60@42m.hdf5: 0 profiles
  MAD6300_2025-12-16_ipy_60@42m.hdf5: 0 profiles
  MAD6300_2025-12-17_ipy_60@42m.hdf5: 0 profiles
  MAD6300_2025-12-18_ipy_60@42m.hdf5: 0 profiles
  MAD6300_2026-01-13_othia_60@42m.hdf5: 0 profiles
  MAD6300_2026-01-14_othia_60@42m.hdf5: 0 profiles
  MAD6300_2026-01-15_othia_60@42m.hdf5: 0 profiles
  MAD6300_2026-01-16_othia_60@42m.hdf5: 0 profiles
  MAD6300_2026-01-20_ipy_60@42m.hdf5: 0 profiles
  MAD6300_2026-01-20_manda_60@42m.hdf5: 0 profiles
  MAD6300_2026-01-20_othia_60@42m.hdf5: 0 profiles
  MAD6300_2026-01-21_othia_60@42m.hdf5: 0 profiles
  MAD6300_2026-02-02_ipy_60@42m.hdf5: 0 profiles
  MAD6300_2026-02-02_manda_60@42m.hdf5: 0 profiles
  MAD6300_2026-02-03_ipy_60@42m.hdf5: 0 profiles
  MAD6300_2026-02-03_othia_60@42m.hdf5: 0 profiles
  MAD6300_2026-02-09_leo_60@42m.hdf5: 0 profiles
  MAD6300_2026-02-12_manda_60@42m.hdf5: 0 profiles
         135834 profiles loaded, 85642 fitted (kindat 6400) used as ground truth

======================================================================
[Day] 2025-08-27  tier=2  instruments=['ESR']
  Scanning 9819 files for metadata …
  Found 9819 valid files across 755 geographic groups (48 30-min windows).
[ISR-DA][minima-windows] 2025-08-27: 15 window(s) (>= 10 arcs each)
  0100  centre=2025-08-27 01:00:00  n_occ=50  span=[2025-08-27 00:00:00 .. 2025-08-27 02:00:00)
  0247  centre=2025-08-27 02:47:30  n_occ=39  span=[2025-08-27 02:00:00 .. 2025-08-27 03:35:00)
  0422  centre=2025-08-27 04:22:30  n_occ=49  span=[2025-08-27 03:35:00 .. 2025-08-27 05:10:00)
  0557  centre=2025-08-27 05:57:30  n_occ=56  span=[2025-08-27 05:10:00 .. 2025-08-27 06:45:00)
  0735  centre=2025-08-27 07:35:00  n_occ=82  span=[2025-08-27 06:45:00 .. 2025-08-27 08:25:00)
  0912  centre=2025-08-27 09:12:30  n_occ=121  span=[2025-08-27 08:25:00 .. 2025-08-27 10:00:00)
  1050  centre=2025-08-27 10:50:00  n_occ=98  span=[2025-08-27 10:00:00 .. 2025-08-27 11:40:00)
  1227  centre=2025-08-27 12:27:30  n_occ=62  span=[2025-08-27 11:40:00 .. 2025-08-27 13:15:00)
  1400  centre=2025-08-27 14:00:00  n_occ=60  span=[2025-08-27 13:15:00 .. 2025-08-27 14:45:00)
  1535  centre=2025-08-27 15:35:00  n_occ=63  span=[2025-08-27 14:45:00 .. 2025-08-27 16:25:00)
  1717  centre=2025-08-27 17:17:30  n_occ=44  span=[2025-08-27 16:25:00 .. 2025-08-27 18:10:00)
  1857  centre=2025-08-27 18:57:30  n_occ=46  span=[2025-08-27 18:10:00 .. 2025-08-27 19:45:00)
  2025  centre=2025-08-27 20:25:00  n_occ=65  span=[2025-08-27 19:45:00 .. 2025-08-27 21:05:00)
  2200  centre=2025-08-27 22:00:00  n_occ=98  span=[2025-08-27 21:05:00 .. 2025-08-27 22:55:00)
  2327  centre=2025-08-27 23:27:30  n_occ=60  span=[2025-08-27 22:55:00 .. 2025-08-28 00:00:00)
  [IGS/TRO1] Loaded 226 arc(s) from cache.
  [IGS/WUTH] Running TEC pipeline for 2025-08-27 …
  [IGS/WUTH] Pipeline failed: No RINEX-3 observation file found in https://cddis.nasa.gov/archive/gnss/data/daily/2025/239/25d for station WUTH. Available: ['ABMF00GLP_R_20252390000_01D_30S_MO.crx.gz ', 'AC2300USA_R_20252390000_01D_15S_MO.crx.gz ', 'AC2400USA_R_20252390000_01D_15S_MO.crx.gz ', 'ACRG00GHA_R_20252390000_01D_30S_MO.crx.gz ', 'ACSO00USA_R_20252390000_01D_15S_MO.crx.gz ', 'ADIS00ETH_R_20252390000_01D_30S_MO.crx.gz ', 'AIRA00JPN_R_20252390000_01D_30S_MO.crx.gz ', 'AL2H00CAN_R_20252390000_01D_30S_MO.crx.gz ', 'ALAC00ESP_R_20252390000_01D_30S_MO.crx.gz ', 'ALB400CAN_R_20252390000_01D_30S_MO.crx.gz ']
  [IGS/NYA1] Loaded 325 arc(s) from cache.
  15 minima window(s), 551 IGS arc(s)
  Running 15 window(s) x 7 occultation-count bins x 3 obs modes x 2 filters ...
  [diag] Reordered 15 window(s): 1 ISR-aligned (most occultations first), 14 without ISR truth (run last)
EDPS: (55, 1650, 50), N_geo: 1650
EDPS: (55, 1650, 50), N_geo: 1650
No valid descending tangent points found. Skipping.
No valid descending tangent points found. Skipping.
No valid descending tangent points found. Skipping.
No valid descending tangent points found. Skipping.
No valid descending tangent points found. Skipping.
No valid descending tangent points found. Skipping.
No valid descending tangent points found. Skipping.
No valid descending tangent points found. Skipping.
No valid descending tangent points found. Skipping.
No valid descending tangent points found. Skipping.
No valid descending tangent points found. Skipping.
No valid descending tangent points found. Skipping.
No valid descending tangent points found. Skipping.
No valid descending tangent points found. Skipping.
▶▶▶ _run_or_load START | 2025-08-27_1227 | bin=all | ro_only   | gridded_kf    
    [diag] 2025-08-27_1227 | bin=all | ro_only   | gridded_kf     : RUNNING    (force=True, cached=True) ...

────────────────────────────────────────────────────────────
  Group : 2025-08-27_1227
  Window: 2025-08-27_1227  |  Region: POLAR_N  |  62 occultation(s)
────────────────────────────────────────────────────────────
No valid descending tangent points found. Skipping.
    [skip] podTc2_GN04.2025.239.12.17.0019.R24.01_0000.0001_nc — parse returned None
No valid descending tangent points found. Skipping.
    [skip] podTc2_GN04.2025.239.12.17.0019.G31.01_0000.0001_nc — parse returned None
No valid descending tangent points found. Skipping.
    [skip] podTc2_GN04.2025.239.12.20.0016.C25.01_0000.0001_nc — parse returned None
No valid descending tangent points found. Skipping.
    [skip] podTc2_GN04.2025.239.12.21.0015.C34.01_0000.0001_nc — parse returned None
No valid descending tangent points found. Skipping.
    [skip] podTc2_GN04.2025.239.12.23.0013.R05.01_0000.0001_nc — parse returned None
No valid descending tangent points found. Skipping.
    [skip] podTc2_GN04.2025.239.12.23.0013.C32.01_0000.0001_nc — parse returned None
No valid descending tangent points found. Skipping.
    [skip] podTc2_GN04.2025.239.12.26.0010.R14.01_0000.0001_nc — parse returned None
No valid descending tangent points found. Skipping.
    [skip] podTc2_GN05.2025.239.12.33.0019.C25.01_0000.0001_nc — parse returned None
No valid descending tangent points found. Skipping.
    [skip] podTc2_GN05.2025.239.12.34.0018.R24.01_0000.0001_nc — parse returned None
No valid descending tangent points found. Skipping.
    [skip] podTc2_GN05.2025.239.12.37.0015.C34.01_0000.0001_nc — parse returned None
No valid descending tangent points found. Skipping.
    [skip] podTc2_GN05.2025.239.12.38.0014.R14.01_0000.0001_nc — parse returned None
No valid descending tangent points found. Skipping.
    [skip] podTc2_GN05.2025.239.12.38.0014.E24.01_0000.0001_nc — parse returned None
No valid descending tangent points found. Skipping.
    [skip] podTc2_GN05.2025.239.12.39.0013.E03.01_0000.0001_nc — parse returned None
No valid descending tangent points found. Skipping.
    [skip] podTc2_GN05.2025.239.12.40.0013.R05.01_0000.0001_nc — parse returned None
  Parsed 48/62 files successfully.
    [podTc2] GN04 12:35 — 711 valid rays → decimated to 178 (stride 4)
    [podTc2] GN04 12:35 — 621 valid rays → decimated to 156 (stride 4)
    [podTc2] GN04 12:35 — 473 valid rays → decimated to 158 (stride 3)
    [podTc2] GN04 12:35 — 406 valid rays → decimated to 136 (stride 3)
    [podTc2] GN04 12:36 — 431 valid rays → decimated to 144 (stride 3)
    [podTc2] GN04 12:36 — 322 valid rays → decimated to 161 (stride 2)
    [podTc2] GN04 12:37 — 460 valid rays → decimated to 154 (stride 3)
    [podTc2] GN04 12:36 — 282 valid rays → decimated to 141 (stride 2)
    [podTc2] GN04 12:36 — 324 valid rays → decimated to 162 (stride 2)
    [podTc2] GN04 12:36 — 368 valid rays → decimated to 184 (stride 2)
    [podTc2] GN04 12:36 — 230 valid rays → decimated to 115 (stride 2)
    [podTc2] GN04 12:35 — 325 valid rays → decimated to 163 (stride 2)
    [podTc2] GN04 12:35 — 416 valid rays → decimated to 139 (stride 3)
    [podTc2] GN04 12:36 — 126 valid rays → decimated to 126 (stride 1)
    [podTc2] YM08 12:19 — 418 valid rays → decimated to 140 (stride 3)
    [podTc2] GN04 12:41 — 384 valid rays → decimated to 192 (stride 2)
    [podTc2] GN05 12:50 — 438 valid rays → decimated to 146 (stride 3)
    [podTc2] GN04 12:36 — 56 valid rays → decimated to 56 (stride 1)
    [podTc2] YM08 12:24 — 437 valid rays → decimated to 146 (stride 3)
    [podTc2] GN04 12:44 — 438 valid rays → decimated to 146 (stride 3)
    [podTc2] GN05 12:52 — 417 valid rays → decimated to 139 (stride 3)
    [podTc2] GN04 12:44 — 543 valid rays → decimated to 181 (stride 3)
    [podTc2] GN04 12:26 — 482 valid rays → decimated to 161 (stride 3)
    [podTc2] GN04 12:26 — 482 valid rays → decimated to 161 (stride 3)
    [podTc2] GN05 12:52 — 270 valid rays → decimated to 135 (stride 2)
    [podTc2] GN05 12:53 — 306 valid rays → decimated to 153 (stride 2)
    [podTc2] GN05 12:52 — 189 valid rays → decimated to 189 (stride 1)
    [podTc2] GN04 12:27 — 442 valid rays → decimated to 148 (stride 3)
    [podTc2] GN04 12:27 — 442 valid rays → decimated to 148 (stride 3)
    [podTc2] YM08 12:26 — 252 valid rays → decimated to 126 (stride 2)
    [podTc2] YM08 12:27 — 411 valid rays → decimated to 137 (stride 3)
    [podTc2] YM08 12:28 — 404 valid rays → decimated to 135 (stride 3)
    [podTc2] GN05 12:50 — 394 valid rays → decimated to 197 (stride 2)
    [podTc2] YM08 12:28 — 784 valid rays → decimated to 196 (stride 4)
    [podTc2] GN04 12:30 — 449 valid rays → decimated to 150 (stride 3)
    [podTc2] GN04 12:31 — 408 valid rays → decimated to 136 (stride 3)
    [podTc2] GN05 12:52 — 57 valid rays → decimated to 57 (stride 1)
    [podTc2] GN04 12:31 — 499 valid rays → decimated to 167 (stride 3)
    [skip] GN05 12:53 — only 9 valid rays
    [podTc2] GN05 12:52 — 102 valid rays → decimated to 102 (stride 1)
    [podTc2] GN04 12:33 — 339 valid rays → decimated to 170 (stride 2)
    [podTc2] GN04 12:34 — 452 valid rays → decimated to 151 (stride 3)
    [podTc2] GN04 12:35 — 1821 valid rays → decimated to 183 (stride 10)
    [podTc2] GN05 12:42 — 469 valid rays → decimated to 157 (stride 3)
    [podTc2] GN05 12:44 — 462 valid rays → decimated to 154 (stride 3)
    [podTc2] GN05 12:44 — 431 valid rays → decimated to 144 (stride 3)
    [podTc2] GN05 12:52 — 88 valid rays → decimated to 88 (stride 1)
    [podTc2] GN05 12:44 — 396 valid rays → decimated to 198 (stride 2)
  Bbox lat [17.2, 90.0]  lon [-180.0, 180.0]  |  union vertices: 190
  Final group: 47 occultation(s), 190 union-mesh vertices
  Saved trim diagnostic → /home/austinhunter/IonosphereTomography/Figures/ISR_DA_Comparison/OUTPUT/2025-08-27_1227/bin_all/ro_only/group_2025-08-27_1227_trim.png
  -> Building H matrices (7006 rays across 47 arc(s), single parallel sweep) …
  -> Building H matrices:    700/7006 rays ( 10.0%)
  -> Building H matrices:   1400/7006 rays ( 20.0%)
  -> Building H matrices:   2100/7006 rays ( 30.0%)
  -> Building H matrices:   2800/7006 rays ( 40.0%)
  -> Building H matrices:   3500/7006 rays ( 50.0%)
  -> Building H matrices:   4200/7006 rays ( 59.9%)
  -> Building H matrices:   4900/7006 rays ( 69.9%)
  -> Building H matrices:   5600/7006 rays ( 79.9%)
  -> Building H matrices:   6300/7006 rays ( 89.9%)
  -> Building H matrices:   7000/7006 rays ( 99.9%)
  -> Building H matrices:   7006/7006 rays (100.0%)
  Combined H shape : (7006, 10640)  (total rays = 7006)
  Skipping sequential KF assimilation (run_sequential=False).
  Running joint (batch) KF assimilation …
  Prior RMSE  : 36.374 TECU
  Post  RMSE  : 14.378 TECU
    [Abel] GN04 12:35: NmF2=3.73e+11 m⁻³  hmF2=356.6 km
    [Abel] GN04 12:35: NmF2=3.73e+11 m⁻³  hmF2=356.6 km
    [Abel] GN04 12:35: NmF2=5.33e+11 m⁻³  hmF2=294.9 km
    [Abel] GN04 12:35: NmF2=5.33e+11 m⁻³  hmF2=294.9 km
    [Abel] GN04 12:36: NmF2=4.89e+11 m⁻³  hmF2=293.1 km
    [Abel] GN04 12:36: NmF2=4.89e+11 m⁻³  hmF2=293.1 km
    [Abel] GN04 12:37: NmF2=4.58e+11 m⁻³  hmF2=306.6 km
    [Abel] GN04 12:36: NmF2=4.01e+11 m⁻³  hmF2=355.3 km
    [Abel] GN04 12:36: NmF2=5.16e+11 m⁻³  hmF2=293.1 km
    [Abel] GN04 12:36: NmF2=5.16e+11 m⁻³  hmF2=293.1 km
    [Abel] GN04 12:36: NmF2=2.35e+11 m⁻³  hmF2=536.6 km
    [Abel] GN04 12:35: NmF2=4.02e+11 m⁻³  hmF2=285.6 km
    [Abel] GN04 12:35: NmF2=4.02e+11 m⁻³  hmF2=285.6 km
    [Abel] GN04 12:36: NmF2=1.56e+11 m⁻³  hmF2=573.2 km
    [Abel] YM08 12:19: NmF2=4.56e+11 m⁻³  hmF2=278.7 km
    [Abel] GN04 12:41: NmF2=4.47e+11 m⁻³  hmF2=322.9 km
    [Abel] GN05 12:50: NmF2=4.41e+11 m⁻³  hmF2=324.4 km
    [Abel] GN04 12:36: NmF2=1.20e+11 m⁻³  hmF2=577.6 km
    [Abel] YM08 12:24: NmF2=3.34e+11 m⁻³  hmF2=310.3 km
    [Abel] GN04 12:44: NmF2=5.78e+11 m⁻³  hmF2=263.7 km
    [Abel] GN05 12:52: NmF2=4.82e+11 m⁻³  hmF2=350.0 km
    [Abel] GN04 12:44: NmF2=6.74e+11 m⁻³  hmF2=258.4 km
    [Abel] GN04 12:26: NmF2=6.82e+11 m⁻³  hmF2=273.6 km
    [Abel] GN04 12:26: NmF2=6.82e+11 m⁻³  hmF2=273.6 km
    [Abel] GN05 12:52: NmF2=3.09e+11 m⁻³  hmF2=391.0 km
    [Abel] GN05 12:53: NmF2=3.83e+11 m⁻³  hmF2=363.0 km
    [Abel] GN05 12:52: NmF2=2.05e+11 m⁻³  hmF2=475.6 km
    [Abel] GN04 12:27: NmF2=3.72e+11 m⁻³  hmF2=363.5 km
    [Abel] GN04 12:27: NmF2=3.72e+11 m⁻³  hmF2=363.5 km
    [Abel] YM08 12:26: NmF2=3.64e+11 m⁻³  hmF2=309.7 km
    [Abel] YM08 12:27: NmF2=4.37e+11 m⁻³  hmF2=297.0 km
    [Abel] YM08 12:28: NmF2=4.48e+11 m⁻³  hmF2=330.2 km
    [Abel] GN05 12:50: NmF2=5.99e+11 m⁻³  hmF2=291.8 km
    [Abel] YM08 12:28: NmF2=5.10e+11 m⁻³  hmF2=411.1 km
    [Abel] GN04 12:30: NmF2=4.52e+11 m⁻³  hmF2=329.9 km
    [Abel] GN04 12:31: NmF2=4.90e+11 m⁻³  hmF2=329.5 km
    [Abel] GN05 12:52: NmF2=1.86e+11 m⁻³  hmF2=582.0 km
    [Abel] GN04 12:31: NmF2=4.35e+11 m⁻³  hmF2=296.5 km
    [Abel] GN05 12:52: NmF2=1.46e+11 m⁻³  hmF2=539.2 km
    [Abel] GN04 12:33: NmF2=4.14e+11 m⁻³  hmF2=331.0 km
    [Abel] GN04 12:34: NmF2=5.55e+11 m⁻³  hmF2=276.3 km
    [Abel] GN04 12:35: NmF2=3.25e+13 m⁻³  hmF2=491.0 km
    [Abel] GN05 12:42: NmF2=3.98e+11 m⁻³  hmF2=287.6 km
    [Abel] GN05 12:44: NmF2=4.96e+11 m⁻³  hmF2=289.9 km
    [Abel] GN05 12:44: NmF2=4.14e+11 m⁻³  hmF2=403.5 km
    [Abel] GN05 12:52: NmF2=1.84e+11 m⁻³  hmF2=579.2 km
    [Abel] GN05 12:44: NmF2=4.73e+11 m⁻³  hmF2=291.2 km
◀◀◀ _run_or_load END   | 2025-08-27_1227 | bin=all | ro_only   | gridded_kf     : DONE       (504.3s) -> status=Success
▶▶▶ _run_or_load START | 2025-08-27_1227 | bin=all | ro_igs    | gridded_kf    
    [diag] 2025-08-27_1227 | bin=all | ro_igs    | gridded_kf     : RUNNING    (force=True, cached=True) ...

────────────────────────────────────────────────────────────
  Group : 2025-08-27_1227
  Window: 2025-08-27_1227  |  Region: POLAR_N  |  62 occultation(s)
────────────────────────────────────────────────────────────
No valid descending tangent points found. Skipping.
    [skip] podTc2_GN04.2025.239.12.17.0019.R24.01_0000.0001_nc — parse returned None
No valid descending tangent points found. Skipping.
    [skip] podTc2_GN04.2025.239.12.17.0019.G31.01_0000.0001_nc — parse returned None
No valid descending tangent points found. Skipping.
    [skip] podTc2_GN04.2025.239.12.20.0016.C25.01_0000.0001_nc — parse returned None
No valid descending tangent points found. Skipping.
    [skip] podTc2_GN04.2025.239.12.21.0015.C34.01_0000.0001_nc — parse returned None
No valid descending tangent points found. Skipping.
    [skip] podTc2_GN04.2025.239.12.23.0013.R05.01_0000.0001_nc — parse returned None
No valid descending tangent points found. Skipping.
    [skip] podTc2_GN04.2025.239.12.23.0013.C32.01_0000.0001_nc — parse returned None
No valid descending tangent points found. Skipping.
    [skip] podTc2_GN04.2025.239.12.26.0010.R14.01_0000.0001_nc — parse returned None
No valid descending tangent points found. Skipping.
    [skip] podTc2_GN05.2025.239.12.33.0019.C25.01_0000.0001_nc — parse returned None
No valid descending tangent points found. Skipping.
    [skip] podTc2_GN05.2025.239.12.34.0018.R24.01_0000.0001_nc — parse returned None
No valid descending tangent points found. Skipping.
    [skip] podTc2_GN05.2025.239.12.37.0015.C34.01_0000.0001_nc — parse returned None
No valid descending tangent points found. Skipping.
    [skip] podTc2_GN05.2025.239.12.38.0014.R14.01_0000.0001_nc — parse returned None
No valid descending tangent points found. Skipping.
    [skip] podTc2_GN05.2025.239.12.38.0014.E24.01_0000.0001_nc — parse returned None
No valid descending tangent points found. Skipping.
    [skip] podTc2_GN05.2025.239.12.39.0013.E03.01_0000.0001_nc — parse returned None
No valid descending tangent points found. Skipping.
    [skip] podTc2_GN05.2025.239.12.40.0013.R05.01_0000.0001_nc — parse returned None
  Parsed 48/62 files successfully.
    [podTc2] GN04 12:35 — 711 valid rays → decimated to 178 (stride 4)
    [podTc2] GN04 12:35 — 621 valid rays → decimated to 156 (stride 4)
    [podTc2] GN04 12:35 — 473 valid rays → decimated to 158 (stride 3)
    [podTc2] GN04 12:35 — 406 valid rays → decimated to 136 (stride 3)
    [podTc2] GN04 12:36 — 431 valid rays → decimated to 144 (stride 3)
    [podTc2] GN04 12:36 — 322 valid rays → decimated to 161 (stride 2)
    [podTc2] GN04 12:37 — 460 valid rays → decimated to 154 (stride 3)
    [podTc2] GN04 12:36 — 282 valid rays → decimated to 141 (stride 2)
    [podTc2] GN04 12:36 — 324 valid rays → decimated to 162 (stride 2)
    [podTc2] GN04 12:36 — 368 valid rays → decimated to 184 (stride 2)
    [podTc2] GN04 12:36 — 230 valid rays → decimated to 115 (stride 2)
    [podTc2] GN04 12:35 — 325 valid rays → decimated to 163 (stride 2)
    [podTc2] GN04 12:35 — 416 valid rays → decimated to 139 (stride 3)
    [podTc2] GN04 12:36 — 126 valid rays → decimated to 126 (stride 1)
    [podTc2] YM08 12:19 — 418 valid rays → decimated to 140 (stride 3)
    [podTc2] GN04 12:41 — 384 valid rays → decimated to 192 (stride 2)
    [podTc2] GN05 12:50 — 438 valid rays → decimated to 146 (stride 3)
    [podTc2] GN04 12:36 — 56 valid rays → decimated to 56 (stride 1)
    [podTc2] YM08 12:24 — 437 valid rays → decimated to 146 (stride 3)
    [podTc2] GN04 12:44 — 438 valid rays → decimated to 146 (stride 3)
    [podTc2] GN05 12:52 — 417 valid rays → decimated to 139 (stride 3)
    [podTc2] GN04 12:44 — 543 valid rays → decimated to 181 (stride 3)
    [podTc2] GN04 12:26 — 482 valid rays → decimated to 161 (stride 3)
    [podTc2] GN04 12:26 — 482 valid rays → decimated to 161 (stride 3)
    [podTc2] GN05 12:52 — 270 valid rays → decimated to 135 (stride 2)
    [podTc2] GN05 12:53 — 306 valid rays → decimated to 153 (stride 2)
    [podTc2] GN05 12:52 — 189 valid rays → decimated to 189 (stride 1)
    [podTc2] GN04 12:27 — 442 valid rays → decimated to 148 (stride 3)
    [podTc2] GN04 12:27 — 442 valid rays → decimated to 148 (stride 3)
    [podTc2] YM08 12:26 — 252 valid rays → decimated to 126 (stride 2)
    [podTc2] YM08 12:27 — 411 valid rays → decimated to 137 (stride 3)
    [podTc2] YM08 12:28 — 404 valid rays → decimated to 135 (stride 3)
    [podTc2] GN05 12:50 — 394 valid rays → decimated to 197 (stride 2)
    [podTc2] YM08 12:28 — 784 valid rays → decimated to 196 (stride 4)
    [podTc2] GN04 12:30 — 449 valid rays → decimated to 150 (stride 3)
    [podTc2] GN04 12:31 — 408 valid rays → decimated to 136 (stride 3)
    [podTc2] GN05 12:52 — 57 valid rays → decimated to 57 (stride 1)
    [podTc2] GN04 12:31 — 499 valid rays → decimated to 167 (stride 3)
    [skip] GN05 12:53 — only 9 valid rays
    [podTc2] GN05 12:52 — 102 valid rays → decimated to 102 (stride 1)
    [podTc2] GN04 12:33 — 339 valid rays → decimated to 170 (stride 2)
    [podTc2] GN04 12:34 — 452 valid rays → decimated to 151 (stride 3)
    [podTc2] GN04 12:35 — 1821 valid rays → decimated to 183 (stride 10)
    [podTc2] GN05 12:42 — 469 valid rays → decimated to 157 (stride 3)
    [podTc2] GN05 12:44 — 462 valid rays → decimated to 154 (stride 3)
    [podTc2] GN05 12:44 — 431 valid rays → decimated to 144 (stride 3)
    [podTc2] GN05 12:52 — 88 valid rays → decimated to 88 (stride 1)
    [podTc2] GN05 12:44 — 396 valid rays → decimated to 198 (stride 2)
  Bbox lat [17.2, 90.0]  lon [-180.0, 180.0]  |  union vertices: 190
  Final group: 47 occultation(s), 190 union-mesh vertices
  Saved trim diagnostic → /home/austinhunter/IonosphereTomography/Figures/ISR_DA_Comparison/OUTPUT/2025-08-27_1227/bin_all/ro_igs/group_2025-08-27_1227_trim.png
  [extra] Injected 51 ground-station arc(s) → total 98 arc(s) in assimilation pool
  -> Building H matrices (7057 rays across 98 arc(s), single parallel sweep) …
  -> Building H matrices:    705/7057 rays ( 10.0%)
  -> Building H matrices:   1410/7057 rays ( 20.0%)
  -> Building H matrices:   2115/7057 rays ( 30.0%)
  -> Building H matrices:   2820/7057 rays ( 40.0%)
  -> Building H matrices:   3525/7057 rays ( 50.0%)
  -> Building H matrices:   4230/7057 rays ( 59.9%)
  -> Building H matrices:   4935/7057 rays ( 69.9%)
  -> Building H matrices:   5640/7057 rays ( 79.9%)
  -> Building H matrices:   6345/7057 rays ( 89.9%)
  -> Building H matrices:   7050/7057 rays ( 99.9%)
  -> Building H matrices:   7057/7057 rays (100.0%)
  Combined H shape : (7057, 10640)  (total rays = 7057)
  Skipping sequential KF assimilation (run_sequential=False).
  Running joint (batch) KF assimilation …
  Prior RMSE  : 36.349 TECU
  Post  RMSE  : 14.562 TECU
    [Abel] GN04 12:35: NmF2=3.73e+11 m⁻³  hmF2=356.6 km
    [Abel] GN04 12:35: NmF2=3.73e+11 m⁻³  hmF2=356.6 km
    [Abel] GN04 12:35: NmF2=5.33e+11 m⁻³  hmF2=294.9 km
    [Abel] GN04 12:35: NmF2=5.33e+11 m⁻³  hmF2=294.9 km
    [Abel] GN04 12:36: NmF2=4.89e+11 m⁻³  hmF2=293.1 km
    [Abel] GN04 12:36: NmF2=4.89e+11 m⁻³  hmF2=293.1 km
    [Abel] GN04 12:37: NmF2=4.58e+11 m⁻³  hmF2=306.6 km
    [Abel] GN04 12:36: NmF2=4.01e+11 m⁻³  hmF2=355.3 km
    [Abel] GN04 12:36: NmF2=5.16e+11 m⁻³  hmF2=293.1 km
    [Abel] GN04 12:36: NmF2=5.16e+11 m⁻³  hmF2=293.1 km
    [Abel] GN04 12:36: NmF2=2.35e+11 m⁻³  hmF2=536.6 km
    [Abel] GN04 12:35: NmF2=4.02e+11 m⁻³  hmF2=285.6 km
    [Abel] GN04 12:35: NmF2=4.02e+11 m⁻³  hmF2=285.6 km
    [Abel] GN04 12:36: NmF2=1.56e+11 m⁻³  hmF2=573.2 km
    [Abel] YM08 12:19: NmF2=4.56e+11 m⁻³  hmF2=278.7 km
    [Abel] GN04 12:41: NmF2=4.47e+11 m⁻³  hmF2=322.9 km
    [Abel] GN05 12:50: NmF2=4.41e+11 m⁻³  hmF2=324.4 km
    [Abel] GN04 12:36: NmF2=1.20e+11 m⁻³  hmF2=577.6 km
    [Abel] YM08 12:24: NmF2=3.34e+11 m⁻³  hmF2=310.3 km
    [Abel] GN04 12:44: NmF2=5.78e+11 m⁻³  hmF2=263.7 km
    [Abel] GN05 12:52: NmF2=4.82e+11 m⁻³  hmF2=350.0 km
    [Abel] GN04 12:44: NmF2=6.74e+11 m⁻³  hmF2=258.4 km
    [Abel] GN04 12:26: NmF2=6.82e+11 m⁻³  hmF2=273.6 km
    [Abel] GN04 12:26: NmF2=6.82e+11 m⁻³  hmF2=273.6 km
    [Abel] GN05 12:52: NmF2=3.09e+11 m⁻³  hmF2=391.0 km
    [Abel] GN05 12:53: NmF2=3.83e+11 m⁻³  hmF2=363.0 km
    [Abel] GN05 12:52: NmF2=2.05e+11 m⁻³  hmF2=475.6 km
    [Abel] GN04 12:27: NmF2=3.72e+11 m⁻³  hmF2=363.5 km
    [Abel] GN04 12:27: NmF2=3.72e+11 m⁻³  hmF2=363.5 km
    [Abel] YM08 12:26: NmF2=3.64e+11 m⁻³  hmF2=309.7 km
    [Abel] YM08 12:27: NmF2=4.37e+11 m⁻³  hmF2=297.0 km
    [Abel] YM08 12:28: NmF2=4.48e+11 m⁻³  hmF2=330.2 km
    [Abel] GN05 12:50: NmF2=5.99e+11 m⁻³  hmF2=291.8 km
    [Abel] YM08 12:28: NmF2=5.10e+11 m⁻³  hmF2=411.1 km
    [Abel] GN04 12:30: NmF2=4.52e+11 m⁻³  hmF2=329.9 km
    [Abel] GN04 12:31: NmF2=4.90e+11 m⁻³  hmF2=329.5 km
    [Abel] GN05 12:52: NmF2=1.86e+11 m⁻³  hmF2=582.0 km
    [Abel] GN04 12:31: NmF2=4.35e+11 m⁻³  hmF2=296.5 km
    [Abel] GN05 12:52: NmF2=1.46e+11 m⁻³  hmF2=539.2 km
    [Abel] GN04 12:33: NmF2=4.14e+11 m⁻³  hmF2=331.0 km
    [Abel] GN04 12:34: NmF2=5.55e+11 m⁻³  hmF2=276.3 km
    [Abel] GN04 12:35: NmF2=3.25e+13 m⁻³  hmF2=491.0 km
    [Abel] GN05 12:42: NmF2=3.98e+11 m⁻³  hmF2=287.6 km
    [Abel] GN05 12:44: NmF2=4.96e+11 m⁻³  hmF2=289.9 km
    [Abel] GN05 12:44: NmF2=4.14e+11 m⁻³  hmF2=403.5 km
    [Abel] GN05 12:52: NmF2=1.84e+11 m⁻³  hmF2=579.2 km
    [Abel] GN05 12:44: NmF2=4.73e+11 m⁻³  hmF2=291.2 km
    [Abel] Skipped 51 ground-station arc(s) (RO-only technique)
/home/austinhunter/Downloads/PlanetiQ_Code/venv311/lib/python3.11/site-packages/shapely/creation.py:218: RuntimeWarning: invalid value encountered in linestrings
  return lib.linestrings(coords, np.intc(handle_nan), out=out, **kwargs)
◀◀◀ _run_or_load END   | 2025-08-27_1227 | bin=all | ro_igs    | gridded_kf     : DONE       (487.6s) -> status=Success
▶▶▶ _run_or_load START | 2025-08-27_1227 | bin=all | igs_only  | gridded_kf    
    [diag] 2025-08-27_1227 | bin=all | igs_only  | gridded_kf     : RUNNING    (force=True, cached=True) ...
    [Info] Initialising information matrix (n_state=16280) …
    [Info] arcs ingested = 51/51  |  obs rows = 51  |  Λ cond ≈ 2.33e+23
    [Info] Solving …
    [Prior] innovation  mean=29.85  std=22.22  n_obs=51
    [Post ] innovation  mean=18.58  std=17.69
    RMSE:  prior=37.212 TECU  →  post=25.654 TECU
◀◀◀ _run_or_load END   | 2025-08-27_1227 | bin=all | igs_only  | gridded_kf     : DONE       (144.0s) -> status=ok (no 'status' key)
▶▶▶ _run_or_load START | 2025-08-27_1227 | bin=all | ro_only   | parametric_ekf
    [diag] 2025-08-27_1227 | bin=all | ro_only   | parametric_ekf : RUNNING    (force=True, cached=True) ...
  [EKF] Building IRI state at 190 grid points (batch call) …
  [EnKF] Estimating background covariance from 50 EDP samples x 190 grid points ...
  [EnKF] Parameter sigma: log10(NmF2)=0.15  hmF2=20  H0=15  gamma=0.15  B0=20  B1=0.3  log10(NmE)=0.2  hmE=8
  [EnKF] Spatial corr (Ne-space KF method): mean=0.962  max=1.000  min=0.172
  [EKF] Running EKF_Param on 47 arc(s) …
  [EKF] 47 arcs  |  7006 profile rays  |  3638 update rays  |  n_state = 1520
  [EKF] Prior innovations  mean=-25.98  std=36.02  max_abs=144.08 TECU
  [EKF] stage 1/1: free=[log10(NmF2),hmF2,H0,gamma,B0,log10(NmE)] (6/8 params)
  [EKF] iterating [analytical]:   0%|          | 0/20 [00:00<?, ?it/s]  [EKF] iterating [analytical]:   0%|          | 0/20 [00:09<?, ?it/s, RMSE=44.416TECU, a=0.25, rel_dP=5.23e-02]  [EKF] iterating [analytical]:   5%|5         | 1/20 [00:09<02:51,  9.03s/it, RMSE=44.416TECU, a=0.25, rel_dP=5.23e-02]  [EKF] iterating [analytical]:   5%|5         | 1/20 [00:18<02:51,  9.03s/it, RMSE=36.721TECU, a=0.33, rel_dP=5.40e-02]  [EKF] iterating [analytical]:  10%|#         | 2/20 [00:18<02:42,  9.00s/it, RMSE=36.721TECU, a=0.33, rel_dP=5.40e-02]  [EKF] iterating [analytical]:  10%|#         | 2/20 [00:27<02:42,  9.00s/it, RMSE=31.016TECU, a=0.42, rel_dP=4.25e-02]  [EKF] iterating [analytical]:  15%|#5        | 3/20 [00:27<02:33,  9.00s/it, RMSE=31.016TECU, a=0.42, rel_dP=4.25e-02]  [EKF] iterating [analytical]:  15%|#5        | 3/20 [00:35<02:33,  9.00s/it, RMSE=27.249TECU, a=0.55, rel_dP=4.76e-02]  [EKF] iterating [analytical]:  20%|##        | 4/20 [00:35<02:23,  8.99s/it, RMSE=27.249TECU, a=0.55, rel_dP=4.76e-02]  [EKF] iterating [analytical]:  20%|##        | 4/20 [00:44<02:23,  8.99s/it, RMSE=25.177TECU, a=0.71, rel_dP=4.41e-02]  [EKF] iterating [analytical]:  25%|##5       | 5/20 [00:44<02:14,  8.99s/it, RMSE=25.177TECU, a=0.71, rel_dP=4.41e-02]  [EKF] iterating [analytical]:  25%|##5       | 5/20 [00:53<02:14,  8.99s/it, RMSE=24.238TECU, a=0.93, rel_dP=2.50e-02]  [EKF] iterating [analytical]:  30%|###       | 6/20 [00:53<02:05,  8.97s/it, RMSE=24.238TECU, a=0.93, rel_dP=2.50e-02]  [EKF] iterating [analytical]:  30%|###       | 6/20 [01:03<02:05,  8.97s/it, RMSE=23.808TECU, a=1.00, rel_dP=4.29e-02]  [EKF] iterating [analytical]:  35%|###5      | 7/20 [01:03<01:57,  9.03s/it, RMSE=23.808TECU, a=1.00, rel_dP=4.29e-02]  [EKF] iterating [analytical]:  35%|###5      | 7/20 [01:12<01:57,  9.03s/it, RMSE=23.599TECU, a=1.00, rel_dP=1.75e-02]  [EKF] iterating [analytical]:  40%|####      | 8/20 [01:12<01:48,  9.02s/it, RMSE=23.599TECU, a=1.00, rel_dP=1.75e-02]  [EKF] iterating [analytical]:  40%|####      | 8/20 [01:21<01:48,  9.02s/it, RMSE=23.407TECU, a=1.00, rel_dP=2.96e-02]  [EKF] iterating [analytical]:  45%|####5     | 9/20 [01:21<01:39,  9.01s/it, RMSE=23.407TECU, a=1.00, rel_dP=2.96e-02]  [EKF] iterating [analytical]:  45%|####5     | 9/20 [01:30<01:39,  9.01s/it, RMSE=23.272TECU, a=1.00, rel_dP=1.81e-02]  [EKF] iterating [analytical]:  50%|#####     | 10/20 [01:30<01:29,  9.00s/it, RMSE=23.272TECU, a=1.00, rel_dP=1.81e-02]  [EKF] iterating [analytical]:  50%|#####     | 10/20 [01:39<01:29,  9.00s/it, RMSE=23.178TECU, a=1.00, rel_dP=2.40e-02]  [EKF] iterating [analytical]:  55%|#####5    | 11/20 [01:39<01:21,  9.01s/it, RMSE=23.178TECU, a=1.00, rel_dP=2.40e-02]  [EKF] iterating [analytical]:  55%|#####5    | 11/20 [01:48<01:21,  9.01s/it, RMSE=23.082TECU, a=1.00, rel_dP=2.05e-02]  [EKF] iterating [analytical]:  60%|######    | 12/20 [01:48<01:11,  8.99s/it, RMSE=23.082TECU, a=1.00, rel_dP=2.05e-02]  [EKF] iterating [analytical]:  60%|######    | 12/20 [01:57<01:11,  8.99s/it, RMSE=23.000TECU, a=1.00, rel_dP=2.04e-02]  [EKF] iterating [analytical]:  65%|######5   | 13/20 [01:57<01:03,  9.00s/it, RMSE=23.000TECU, a=1.00, rel_dP=2.04e-02]  [EKF] iterating [analytical]:  65%|######5   | 13/20 [02:06<01:03,  9.00s/it, RMSE=22.918TECU, a=1.00, rel_dP=1.83e-02]  [EKF] iterating [analytical]:  70%|#######   | 14/20 [02:06<00:54,  9.01s/it, RMSE=22.918TECU, a=1.00, rel_dP=1.83e-02]  [EKF] iterating [analytical]:  70%|#######   | 14/20 [02:15<00:54,  9.01s/it, RMSE=22.872TECU, a=1.00, rel_dP=1.87e-02]  [EKF] iterating [analytical]:  75%|#######5  | 15/20 [02:15<00:45,  9.02s/it, RMSE=22.872TECU, a=1.00, rel_dP=1.87e-02]  [EKF] iterating [analytical]:  75%|#######5  | 15/20 [02:24<00:45,  9.02s/it, RMSE=22.870TECU, a=1.00, rel_dP=1.85e-02]  [EKF] iterating [analytical]:  80%|########  | 16/20 [02:24<00:36,  9.02s/it, RMSE=22.870TECU, a=1.00, rel_dP=1.85e-02]  [EKF] iterating [analytical]:  80%|########  | 16/20 [02:32<00:36,  9.02s/it, RMSE=22.870TECU, a=0.50, note=reject]      [EKF] iterating [analytical]:  85%|########5 | 17/20 [02:32<00:26,  8.76s/it, RMSE=22.870TECU, a=0.50, note=reject]  [EKF] iterating [analytical]:  85%|########5 | 17/20 [02:40<00:26,  8.76s/it, RMSE=22.870TECU, a=0.65, rel_dP=1.20e-02]  [EKF] iterating [analytical]:  90%|######### | 18/20 [02:40<00:17,  8.74s/it, RMSE=22.870TECU, a=0.65, rel_dP=1.20e-02]  [EKF] iterating [analytical]:  90%|######### | 18/20 [02:49<00:17,  8.74s/it, RMSE=22.870TECU, a=0.33, note=reject]      [EKF] iterating [analytical]:  95%|#########5| 19/20 [02:49<00:08,  8.57s/it, RMSE=22.870TECU, a=0.33, note=reject]  [EKF] iterating [analytical]:  95%|#########5| 19/20 [02:57<00:08,  8.57s/it, RMSE=22.870TECU, a=0.42, rel_dP=7.83e-03]  [EKF] iterating [analytical]: 100%|##########| 20/20 [02:57<00:00,  8.61s/it, RMSE=22.870TECU, a=0.42, rel_dP=7.83e-03]                                                                                                                           [EKF] stage 1 reached max_iter=20 without convergence  (final ||ΔP||/||P|| = 7.83e-03, RMSE=22.87TECU vs tol 5.0)
  [EKF] Posterior innovations  mean=-2.37  std=22.80  max_abs=122.20 TECU
  [EKF] Prior RMSE 44.202 TECU  →  Post RMSE 23.139 TECU
  Saved EKF convergence plot → /home/austinhunter/IonosphereTomography/Figures/ISR_DA_Comparison/OUTPUT/2025-08-27_1227/bin_all/ro_only/2025-08-27_1227_ro_only_ekf_convergence.png
◀◀◀ _run_or_load END   | 2025-08-27_1227 | bin=all | ro_only   | parametric_ekf : DONE       (259.1s) -> status=Success
▶▶▶ _run_or_load START | 2025-08-27_1227 | bin=all | ro_igs    | parametric_ekf
    [diag] 2025-08-27_1227 | bin=all | ro_igs    | parametric_ekf : RUNNING    (force=True, cached=True) ...
  [EKF] Building IRI state at 190 grid points (batch call) …
  [EnKF] Estimating background covariance from 50 EDP samples x 190 grid points ...
  [EnKF] Parameter sigma: log10(NmF2)=0.15  hmF2=20  H0=15  gamma=0.15  B0=20  B1=0.3  log10(NmE)=0.2  hmE=8
  [EnKF] Spatial corr (Ne-space KF method): mean=0.962  max=1.000  min=0.172
  [EKF] Running EKF_Param on 98 arc(s) …
  [EKF] 98 arcs  |  7057 profile rays  |  3689 update rays  |  n_state = 1520
  [EKF] Prior innovations  mean=-25.35  std=36.27  max_abs=144.08 TECU
  [EKF] stage 1/1: free=[log10(NmF2),hmF2,H0,gamma,B0,log10(NmE)] (6/8 params)
  [EKF] iterating [analytical]:   0%|          | 0/20 [00:00<?, ?it/s]  [EKF] iterating [analytical]:   0%|          | 0/20 [00:09<?, ?it/s, RMSE=44.250TECU, a=0.25, rel_dP=5.54e-02]  [EKF] iterating [analytical]:   5%|5         | 1/20 [00:09<02:51,  9.03s/it, RMSE=44.250TECU, a=0.25, rel_dP=5.54e-02]  [EKF] iterating [analytical]:   5%|5         | 1/20 [00:18<02:51,  9.03s/it, RMSE=36.672TECU, a=0.33, rel_dP=5.59e-02]  [EKF] iterating [analytical]:  10%|#         | 2/20 [00:18<02:44,  9.16s/it, RMSE=36.672TECU, a=0.33, rel_dP=5.59e-02]  [EKF] iterating [analytical]:  10%|#         | 2/20 [00:27<02:44,  9.16s/it, RMSE=31.030TECU, a=0.42, rel_dP=4.92e-02]  [EKF] iterating [analytical]:  15%|#5        | 3/20 [00:27<02:35,  9.17s/it, RMSE=31.030TECU, a=0.42, rel_dP=4.92e-02]  [EKF] iterating [analytical]:  15%|#5        | 3/20 [00:36<02:35,  9.17s/it, RMSE=27.356TECU, a=0.55, rel_dP=6.30e-02]  [EKF] iterating [analytical]:  20%|##        | 4/20 [00:36<02:26,  9.15s/it, RMSE=27.356TECU, a=0.55, rel_dP=6.30e-02]  [EKF] iterating [analytical]:  20%|##        | 4/20 [00:45<02:26,  9.15s/it, RMSE=25.399TECU, a=0.71, rel_dP=5.66e-02]  [EKF] iterating [analytical]:  25%|##5       | 5/20 [00:45<02:18,  9.24s/it, RMSE=25.399TECU, a=0.71, rel_dP=5.66e-02]  [EKF] iterating [analytical]:  25%|##5       | 5/20 [00:55<02:18,  9.24s/it, RMSE=24.524TECU, a=0.93, rel_dP=2.59e-02]  [EKF] iterating [analytical]:  30%|###       | 6/20 [00:55<02:08,  9.21s/it, RMSE=24.524TECU, a=0.93, rel_dP=2.59e-02]  [EKF] iterating [analytical]:  30%|###       | 6/20 [01:03<02:08,  9.21s/it, RMSE=24.524TECU, a=0.46, note=reject]      [EKF] iterating [analytical]:  35%|###5      | 7/20 [01:03<01:56,  8.93s/it, RMSE=24.524TECU, a=0.46, note=reject]  [EKF] iterating [analytical]:  35%|###5      | 7/20 [01:12<01:56,  8.93s/it, RMSE=24.524TECU, a=0.60, rel_dP=1.68e-02]  [EKF] iterating [analytical]:  40%|####      | 8/20 [01:12<01:47,  8.92s/it, RMSE=24.524TECU, a=0.60, rel_dP=1.68e-02]  [EKF] iterating [analytical]:  40%|####      | 8/20 [01:20<01:47,  8.92s/it, RMSE=24.524TECU, a=0.30, note=reject]      [EKF] iterating [analytical]:  45%|####5     | 9/20 [01:20<01:35,  8.72s/it, RMSE=24.524TECU, a=0.30, note=reject]  [EKF] iterating [analytical]:  45%|####5     | 9/20 [01:29<01:35,  8.72s/it, RMSE=24.524TECU, a=0.39, rel_dP=1.09e-02]  [EKF] iterating [analytical]:  50%|#####     | 10/20 [01:29<01:27,  8.79s/it, RMSE=24.524TECU, a=0.39, rel_dP=1.09e-02]  [EKF] iterating [analytical]:  50%|#####     | 10/20 [01:38<01:27,  8.79s/it, RMSE=24.403TECU, a=0.51, rel_dP=1.61e-02]  [EKF] iterating [analytical]:  55%|#####5    | 11/20 [01:38<01:19,  8.89s/it, RMSE=24.403TECU, a=0.51, rel_dP=1.61e-02]  [EKF] iterating [analytical]:  55%|#####5    | 11/20 [01:47<01:19,  8.89s/it, RMSE=24.265TECU, a=0.66, rel_dP=2.02e-02]  [EKF] iterating [analytical]:  60%|######    | 12/20 [01:47<01:11,  9.00s/it, RMSE=24.265TECU, a=0.66, rel_dP=2.02e-02]  [EKF] iterating [analytical]:  60%|######    | 12/20 [01:56<01:11,  9.00s/it, RMSE=24.265TECU, a=0.33, note=reject]      [EKF] iterating [analytical]:  65%|######5   | 13/20 [01:56<01:01,  8.79s/it, RMSE=24.265TECU, a=0.33, note=reject]  [EKF] iterating [analytical]:  65%|######5   | 13/20 [02:05<01:01,  8.79s/it, RMSE=24.265TECU, a=0.43, rel_dP=1.31e-02]  [EKF] iterating [analytical]:  70%|#######   | 14/20 [02:05<00:52,  8.78s/it, RMSE=24.265TECU, a=0.43, rel_dP=1.31e-02]  [EKF] iterating [analytical]:  70%|#######   | 14/20 [02:14<00:52,  8.78s/it, RMSE=24.240TECU, a=0.56, rel_dP=1.68e-02]  [EKF] iterating [analytical]:  75%|#######5  | 15/20 [02:14<00:44,  8.90s/it, RMSE=24.240TECU, a=0.56, rel_dP=1.68e-02]  [EKF] iterating [analytical]:  75%|#######5  | 15/20 [02:22<00:44,  8.90s/it, RMSE=24.240TECU, a=0.28, note=reject]      [EKF] iterating [analytical]:  80%|########  | 16/20 [02:22<00:34,  8.72s/it, RMSE=24.240TECU, a=0.28, note=reject]  [EKF] iterating [analytical]:  80%|########  | 16/20 [02:31<00:34,  8.72s/it, RMSE=24.240TECU, a=0.36, rel_dP=1.09e-02]  [EKF] iterating [analytical]:  85%|########5 | 17/20 [02:31<00:26,  8.74s/it, RMSE=24.240TECU, a=0.36, rel_dP=1.09e-02]  [EKF] iterating [analytical]:  85%|########5 | 17/20 [02:39<00:26,  8.74s/it, RMSE=24.240TECU, a=0.18, note=reject]      [EKF] iterating [analytical]:  90%|######### | 18/20 [02:39<00:17,  8.60s/it, RMSE=24.240TECU, a=0.18, note=reject]  [EKF] iterating [analytical]:  90%|######### | 18/20 [02:48<00:17,  8.60s/it, RMSE=24.240TECU, a=0.24, rel_dP=7.08e-03]  [EKF] iterating [analytical]:  95%|#########5| 19/20 [02:48<00:08,  8.69s/it, RMSE=24.240TECU, a=0.24, rel_dP=7.08e-03]  [EKF] iterating [analytical]:  95%|#########5| 19/20 [02:56<00:08,  8.69s/it, RMSE=24.240TECU, a=0.12, note=reject]      [EKF] iterating [analytical]: 100%|##########| 20/20 [02:56<00:00,  8.61s/it, RMSE=24.240TECU, a=0.12, note=reject]                                                                                                                       [EKF] stage 1 reached max_iter=20 without convergence  (final ||ΔP||/||P|| = 7.08e-03, RMSE=24.27TECU vs tol 5.0)
  [EKF] Posterior innovations  mean=-1.36  std=24.20  max_abs=121.00 TECU
  [EKF] Prior RMSE 44.117 TECU  →  Post RMSE 24.294 TECU
  Saved EKF convergence plot → /home/austinhunter/IonosphereTomography/Figures/ISR_DA_Comparison/OUTPUT/2025-08-27_1227/bin_all/ro_igs/2025-08-27_1227_ro_igs_ekf_convergence.png
◀◀◀ _run_or_load END   | 2025-08-27_1227 | bin=all | ro_igs    | parametric_ekf : DONE       (256.4s) -> status=Success
▶▶▶ _run_or_load START | 2025-08-27_1227 | bin=all | igs_only  | parametric_ekf
    [diag] 2025-08-27_1227 | bin=all | igs_only  | parametric_ekf : RUNNING    (force=True, cached=True) ...
  [EKF] Building IRI state at 296 grid points (batch call) …
  [EnKF] Estimating background covariance from 500 EDP samples x 296 grid points ...
  [EnKF] Parameter sigma: log10(NmF2)=0.15  hmF2=20  H0=15  gamma=0.15  B0=20  B1=0.3  log10(NmE)=0.2  hmE=8
  [EnKF] Spatial corr (Ne-space KF method): mean=0.968  max=1.000  min=0.240
  [EKF] Running EKF_Param on 51 arc(s) …
  [EKF] 51 arcs  |  51 profile rays  |  51 update rays  |  n_state = 2368
  [EKF] Prior innovations  mean=15.94  std=22.82  max_abs=51.79 TECU
  [EKF] stage 1/1: free=[log10(NmF2),hmF2,H0,gamma,B0,log10(NmE)] (6/8 params)
  [EKF] iterating [analytical]:   0%|          | 0/20 [00:00<?, ?it/s]  [EKF] iterating [analytical]:   0%|          | 0/20 [00:00<?, ?it/s, RMSE=27.835TECU, a=0.25, rel_dP=4.34e-03]  [EKF] iterating [analytical]:   5%|5         | 1/20 [00:00<00:03,  6.17it/s, RMSE=27.835TECU, a=0.25, rel_dP=4.34e-03]  [EKF] iterating [analytical]:   5%|5         | 1/20 [00:00<00:03,  6.17it/s, RMSE=26.261TECU, a=0.33, rel_dP=6.15e-03]  [EKF] iterating [analytical]:  10%|#         | 2/20 [00:00<00:03,  5.22it/s, RMSE=26.261TECU, a=0.33, rel_dP=6.15e-03]  [EKF] iterating [analytical]:  10%|#         | 2/20 [00:00<00:03,  5.22it/s, RMSE=24.738TECU, a=0.42, rel_dP=7.54e-03]  [EKF] iterating [analytical]:  15%|#5        | 3/20 [00:00<00:03,  4.72it/s, RMSE=24.738TECU, a=0.42, rel_dP=7.54e-03]  [EKF] iterating [analytical]:  15%|#5        | 3/20 [00:00<00:03,  4.72it/s, RMSE=23.845TECU, a=0.55, rel_dP=1.05e-02]  [EKF] iterating [analytical]:  20%|##        | 4/20 [00:00<00:03,  4.98it/s, RMSE=23.845TECU, a=0.55, rel_dP=1.05e-02]  [EKF] iterating [analytical]:  20%|##        | 4/20 [00:00<00:03,  4.98it/s, RMSE=23.472TECU, a=0.71, rel_dP=1.18e-02]  [EKF] iterating [analytical]:  25%|##5       | 5/20 [00:00<00:02,  5.10it/s, RMSE=23.472TECU, a=0.71, rel_dP=1.18e-02]  [EKF] iterating [analytical]:  25%|##5       | 5/20 [00:01<00:02,  5.10it/s, RMSE=23.371TECU, a=0.93, rel_dP=1.91e-02]  [EKF] iterating [analytical]:  30%|###       | 6/20 [00:01<00:02,  5.17it/s, RMSE=23.371TECU, a=0.93, rel_dP=1.91e-02]  [EKF] iterating [analytical]:  30%|###       | 6/20 [00:01<00:02,  5.17it/s, RMSE=23.343TECU, a=1.00, rel_dP=1.70e-02]  [EKF] iterating [analytical]:  35%|###5      | 7/20 [00:01<00:02,  5.29it/s, RMSE=23.343TECU, a=1.00, rel_dP=1.70e-02]  [EKF] iterating [analytical]:  35%|###5      | 7/20 [00:01<00:02,  5.29it/s, RMSE=23.330TECU, a=1.00, rel_dP=2.05e-02]  [EKF] iterating [analytical]:  40%|####      | 8/20 [00:01<00:02,  5.26it/s, RMSE=23.330TECU, a=1.00, rel_dP=2.05e-02]  [EKF] iterating [analytical]:  40%|####      | 8/20 [00:01<00:02,  5.26it/s, RMSE=23.310TECU, a=1.00, rel_dP=1.86e-02]  [EKF] iterating [analytical]:  45%|####5     | 9/20 [00:01<00:02,  5.25it/s, RMSE=23.310TECU, a=1.00, rel_dP=1.86e-02]  [EKF] iterating [analytical]:  45%|####5     | 9/20 [00:01<00:02,  5.25it/s, RMSE=23.296TECU, a=1.00, rel_dP=2.09e-02]  [EKF] iterating [analytical]:  50%|#####     | 10/20 [00:01<00:01,  5.17it/s, RMSE=23.296TECU, a=1.00, rel_dP=2.09e-02]  [EKF] iterating [analytical]:  50%|#####     | 10/20 [00:02<00:01,  5.17it/s, RMSE=23.276TECU, a=1.00, rel_dP=1.79e-02]  [EKF] iterating [analytical]:  55%|#####5    | 11/20 [00:02<00:01,  5.15it/s, RMSE=23.276TECU, a=1.00, rel_dP=1.79e-02]  [EKF] iterating [analytical]:  55%|#####5    | 11/20 [00:02<00:01,  5.15it/s, RMSE=23.262TECU, a=1.00, rel_dP=1.62e-02]  [EKF] iterating [analytical]:  60%|######    | 12/20 [00:02<00:01,  5.16it/s, RMSE=23.262TECU, a=1.00, rel_dP=1.62e-02]  [EKF] iterating [analytical]:  60%|######    | 12/20 [00:02<00:01,  5.16it/s, RMSE=23.247TECU, a=1.00, rel_dP=2.14e-02]  [EKF] iterating [analytical]:  65%|######5   | 13/20 [00:02<00:01,  5.08it/s, RMSE=23.247TECU, a=1.00, rel_dP=2.14e-02]  [EKF] iterating [analytical]:  65%|######5   | 13/20 [00:02<00:01,  5.08it/s, RMSE=23.231TECU, a=1.00, rel_dP=1.40e-02]  [EKF] iterating [analytical]:  70%|#######   | 14/20 [00:02<00:01,  5.00it/s, RMSE=23.231TECU, a=1.00, rel_dP=1.40e-02]  [EKF] iterating [analytical]:  70%|#######   | 14/20 [00:02<00:01,  5.00it/s, RMSE=23.219TECU, a=1.00, rel_dP=2.63e-02]  [EKF] iterating [analytical]:  75%|#######5  | 15/20 [00:02<00:01,  4.96it/s, RMSE=23.219TECU, a=1.00, rel_dP=2.63e-02]  [EKF] iterating [analytical]:  75%|#######5  | 15/20 [00:03<00:01,  4.96it/s, RMSE=23.196TECU, a=1.00, rel_dP=1.44e-02]  [EKF] iterating [analytical]:  80%|########  | 16/20 [00:03<00:00,  5.11it/s, RMSE=23.196TECU, a=1.00, rel_dP=1.44e-02]  [EKF] iterating [analytical]:  80%|########  | 16/20 [00:03<00:00,  5.11it/s, RMSE=23.185TECU, a=1.00, rel_dP=2.59e-02]  [EKF] iterating [analytical]:  85%|########5 | 17/20 [00:03<00:00,  5.13it/s, RMSE=23.185TECU, a=1.00, rel_dP=2.59e-02]  [EKF] iterating [analytical]:  85%|########5 | 17/20 [00:03<00:00,  5.13it/s, RMSE=23.167TECU, a=1.00, rel_dP=1.71e-02]  [EKF] iterating [analytical]:  90%|######### | 18/20 [00:03<00:00,  5.22it/s, RMSE=23.167TECU, a=1.00, rel_dP=1.71e-02]  [EKF] iterating [analytical]:  90%|######### | 18/20 [00:03<00:00,  5.22it/s, RMSE=23.144TECU, a=1.00, rel_dP=2.38e-02]  [EKF] iterating [analytical]:  95%|#########5| 19/20 [00:03<00:00,  5.32it/s, RMSE=23.144TECU, a=1.00, rel_dP=2.38e-02]  [EKF] iterating [analytical]:  95%|#########5| 19/20 [00:03<00:00,  5.32it/s, RMSE=23.132TECU, a=1.00, rel_dP=1.08e-02]  [EKF] iterating [analytical]: 100%|##########| 20/20 [00:03<00:00,  5.35it/s, RMSE=23.132TECU, a=1.00, rel_dP=1.08e-02]                                                                                                                           [EKF] stage 1 reached max_iter=20 without convergence  (final ||ΔP||/||P|| = 1.08e-02, RMSE=23.13TECU vs tol 5.0)
  [EKF] Posterior innovations  mean=1.11  std=23.10  max_abs=67.56 TECU
  [EKF] Prior RMSE 27.835 TECU  →  Post RMSE 23.126 TECU
  Saved EKF convergence plot → /home/austinhunter/IonosphereTomography/Figures/ISR_DA_Comparison/OUTPUT/2025-08-27_1227/bin_all/igs_only/2025-08-27_1227_igs_only_ekf_convergence.png
◀◀◀ _run_or_load END   | 2025-08-27_1227 | bin=all | igs_only  | parametric_ekf : DONE       (852.9s) -> status=ok (no 'status' key)
  [diag] 2025-08-27_1227 | bin=all : summary of 6 obs_mode/filter_type combos
           ro_only   | gridded_kf     -> Success
           ro_only   | parametric_ekf -> Success
           ro_igs    | gridded_kf     -> Success
           ro_igs    | parametric_ekf -> Success
           igs_only  | gridded_kf     -> ok (no 'status' key)
           igs_only  | parametric_ekf -> ok (no 'status' key)

▶▶▶ compute_isr_metrics START | group=2025-08-27_1227 bin=all
◀◀◀ compute_isr_metrics END   | group=2025-08-27_1227 bin=all -> 12 metric row(s)
/home/austinhunter/IonosphereTomography/demo_isr_da_comparison.py:1978: FutureWarning: The behavior of DataFrame concatenation with empty or all-NA entries is deprecated. In a future version, this will no longer exclude empty or all-NA columns when determining the result dtypes. To retain the old behavior, exclude the relevant entries before the concat operation.
  combined = pd.concat([existing_df, new_df], ignore_index=True)

▶▶▶ _plot_group_all_modes START | group=2025-08-27_1227
  [diag] 2025-08-27_1227/ro_igs/gridded_kf: arc-innovation panels thinned to 47 RO + 20/51 representative IGS arcs (of 98 total)
  [diag] 2025-08-27_1227/ro_igs/parametric_ekf: arc-innovation panels thinned to 47 RO + 20/51 representative IGS arcs (of 98 total)
  [diag] 2025-08-27_1227/igs_only/gridded_kf: arc-innovation panels thinned to 0 RO + 20/51 representative IGS arcs (of 51 total)
  [diag] 2025-08-27_1227/igs_only/parametric_ekf: arc-innovation panels thinned to 0 RO + 20/51 representative IGS arcs (of 51 total)
/home/austinhunter/Downloads/PlanetiQ_Code/venv311/lib/python3.11/site-packages/shapely/creation.py:218: RuntimeWarning: invalid value encountered in linestrings
  return lib.linestrings(coords, np.intc(handle_nan), out=out, **kwargs)
/home/austinhunter/IonosphereTomography/plotIonosphereTomography.py:3914: UserWarning: This figure includes Axes that are not compatible with tight_layout, so results might be incorrect.
  plt.tight_layout(rect=[0, 0, 1, 0.98])
/home/austinhunter/IonosphereTomography/plotIonosphereTomography.py:3914: UserWarning: This figure includes Axes that are not compatible with tight_layout, so results might be incorrect.
  plt.tight_layout(rect=[0, 0, 1, 0.98])
/home/austinhunter/IonosphereTomography/plotIonosphereTomography.py:3914: UserWarning: This figure includes Axes that are not compatible with tight_layout, so results might be incorrect.
  plt.tight_layout(rect=[0, 0, 1, 0.98])
◀◀◀ _plot_group_all_modes END   | group=2025-08-27_1227
No valid descending tangent points found. Skipping.
No valid descending tangent points found. Skipping.
No valid descending tangent points found. Skipping.
No valid descending tangent points found. Skipping.
No valid descending tangent points found. Skipping.
No valid descending tangent points found. Skipping.
No valid descending tangent points found. Skipping.
No valid descending tangent points found. Skipping.
No valid descending tangent points found. Skipping.
No valid descending tangent points found. Skipping.
No valid descending tangent points found. Skipping.
No valid descending tangent points found. Skipping.
No valid descending tangent points found. Skipping.
▶▶▶ _run_or_load START | 2025-08-27_1227 | bin=55  | ro_only   | gridded_kf    
    [diag] 2025-08-27_1227 | bin=55  | ro_only   | gridded_kf     : RUNNING    (force=True, cached=True) ...

────────────────────────────────────────────────────────────
  Group : 2025-08-27_1227
  Window: 2025-08-27_1227  |  Region: POLAR_N  |  55 occultation(s)
────────────────────────────────────────────────────────────
No valid descending tangent points found. Skipping.
    [skip] podTc2_GN04.2025.239.12.17.0019.R24.01_0000.0001_nc — parse returned None
No valid descending tangent points found. Skipping.
    [skip] podTc2_GN04.2025.239.12.20.0016.C25.01_0000.0001_nc — parse returned None
No valid descending tangent points found. Skipping.
    [skip] podTc2_GN04.2025.239.12.21.0015.C34.01_0000.0001_nc — parse returned None
No valid descending tangent points found. Skipping.
    [skip] podTc2_GN04.2025.239.12.23.0013.R05.01_0000.0001_nc — parse returned None
No valid descending tangent points found. Skipping.
    [skip] podTc2_GN04.2025.239.12.23.0013.C32.01_0000.0001_nc — parse returned None
No valid descending tangent points found. Skipping.
    [skip] podTc2_GN04.2025.239.12.26.0010.R14.01_0000.0001_nc — parse returned None
No valid descending tangent points found. Skipping.
    [skip] podTc2_GN05.2025.239.12.33.0019.C25.01_0000.0001_nc — parse returned None
No valid descending tangent points found. Skipping.
    [skip] podTc2_GN05.2025.239.12.34.0018.R24.01_0000.0001_nc — parse returned None
No valid descending tangent points found. Skipping.
    [skip] podTc2_GN05.2025.239.12.37.0015.C34.01_0000.0001_nc — parse returned None
No valid descending tangent points found. Skipping.
    [skip] podTc2_GN05.2025.239.12.38.0014.R14.01_0000.0001_nc — parse returned None
No valid descending tangent points found. Skipping.
    [skip] podTc2_GN05.2025.239.12.38.0014.E24.01_0000.0001_nc — parse returned None
No valid descending tangent points found. Skipping.
    [skip] podTc2_GN05.2025.239.12.39.0013.E03.01_0000.0001_nc — parse returned None
No valid descending tangent points found. Skipping.
    [skip] podTc2_GN05.2025.239.12.40.0013.R05.01_0000.0001_nc — parse returned None
  Parsed 42/55 files successfully.
    [podTc2] GN04 12:35 — 711 valid rays → decimated to 178 (stride 4)
    [podTc2] GN04 12:35 — 621 valid rays → decimated to 156 (stride 4)
    [podTc2] GN04 12:35 — 473 valid rays → decimated to 158 (stride 3)
    [podTc2] GN04 12:35 — 406 valid rays → decimated to 136 (stride 3)
    [podTc2] GN04 12:36 — 322 valid rays → decimated to 161 (stride 2)
    [podTc2] GN04 12:37 — 460 valid rays → decimated to 154 (stride 3)
    [podTc2] GN04 12:36 — 282 valid rays → decimated to 141 (stride 2)
    [podTc2] GN04 12:36 — 324 valid rays → decimated to 162 (stride 2)
    [podTc2] GN04 12:36 — 368 valid rays → decimated to 184 (stride 2)
    [podTc2] GN04 12:36 — 230 valid rays → decimated to 115 (stride 2)
    [podTc2] GN04 12:35 — 325 valid rays → decimated to 163 (stride 2)
    [podTc2] GN04 12:36 — 126 valid rays → decimated to 126 (stride 1)
    [podTc2] YM08 12:19 — 418 valid rays → decimated to 140 (stride 3)
    [podTc2] GN04 12:41 — 384 valid rays → decimated to 192 (stride 2)
    [podTc2] GN05 12:50 — 438 valid rays → decimated to 146 (stride 3)
    [podTc2] YM08 12:24 — 437 valid rays → decimated to 146 (stride 3)
    [podTc2] GN04 12:44 — 438 valid rays → decimated to 146 (stride 3)
    [podTc2] GN05 12:52 — 417 valid rays → decimated to 139 (stride 3)
    [podTc2] GN04 12:44 — 543 valid rays → decimated to 181 (stride 3)
    [podTc2] GN04 12:26 — 482 valid rays → decimated to 161 (stride 3)
    [podTc2] GN05 12:52 — 270 valid rays → decimated to 135 (stride 2)
    [podTc2] GN05 12:53 — 306 valid rays → decimated to 153 (stride 2)
    [podTc2] GN05 12:52 — 189 valid rays → decimated to 189 (stride 1)
    [podTc2] GN04 12:27 — 442 valid rays → decimated to 148 (stride 3)
    [podTc2] GN04 12:27 — 442 valid rays → decimated to 148 (stride 3)
    [podTc2] YM08 12:26 — 252 valid rays → decimated to 126 (stride 2)
    [podTc2] YM08 12:27 — 411 valid rays → decimated to 137 (stride 3)
    [podTc2] YM08 12:28 — 404 valid rays → decimated to 135 (stride 3)
    [podTc2] GN05 12:50 — 394 valid rays → decimated to 197 (stride 2)
    [podTc2] YM08 12:28 — 784 valid rays → decimated to 196 (stride 4)
    [podTc2] GN04 12:30 — 449 valid rays → decimated to 150 (stride 3)
    [podTc2] GN04 12:31 — 408 valid rays → decimated to 136 (stride 3)
    [podTc2] GN05 12:52 — 57 valid rays → decimated to 57 (stride 1)
    [podTc2] GN04 12:31 — 499 valid rays → decimated to 167 (stride 3)
    [podTc2] GN05 12:52 — 102 valid rays → decimated to 102 (stride 1)
    [podTc2] GN04 12:33 — 339 valid rays → decimated to 170 (stride 2)
    [podTc2] GN04 12:34 — 452 valid rays → decimated to 151 (stride 3)
    [podTc2] GN04 12:35 — 1821 valid rays → decimated to 183 (stride 10)
    [podTc2] GN05 12:42 — 469 valid rays → decimated to 157 (stride 3)
    [podTc2] GN05 12:44 — 462 valid rays → decimated to 154 (stride 3)
    [podTc2] GN05 12:44 — 431 valid rays → decimated to 144 (stride 3)
    [podTc2] GN05 12:52 — 88 valid rays → decimated to 88 (stride 1)
  Bbox lat [17.2, 90.0]  lon [-180.0, 180.0]  |  union vertices: 189
  Final group: 42 occultation(s), 189 union-mesh vertices
  Saved trim diagnostic → /home/austinhunter/IonosphereTomography/Figures/ISR_DA_Comparison/OUTPUT/2025-08-27_1227/bin_55/ro_only/group_2025-08-27_1227_trim.png
  -> Building H matrices (6308 rays across 42 arc(s), single parallel sweep) …
  -> Building H matrices:    630/6308 rays ( 10.0%)
  -> Building H matrices:   1260/6308 rays ( 20.0%)
  -> Building H matrices:   1890/6308 rays ( 30.0%)
  -> Building H matrices:   2520/6308 rays ( 39.9%)
  -> Building H matrices:   3150/6308 rays ( 49.9%)
  -> Building H matrices:   3780/6308 rays ( 59.9%)
  -> Building H matrices:   4410/6308 rays ( 69.9%)
  -> Building H matrices:   5040/6308 rays ( 79.9%)
  -> Building H matrices:   5670/6308 rays ( 89.9%)
  -> Building H matrices:   6300/6308 rays ( 99.9%)
  -> Building H matrices:   6308/6308 rays (100.0%)
  Combined H shape : (6308, 10584)  (total rays = 6308)
  Skipping sequential KF assimilation (run_sequential=False).
  Running joint (batch) KF assimilation …
  Prior RMSE  : 37.094 TECU
  Post  RMSE  : 14.954 TECU
    [Abel] GN04 12:35: NmF2=3.73e+11 m⁻³  hmF2=356.6 km
    [Abel] GN04 12:35: NmF2=3.73e+11 m⁻³  hmF2=356.6 km
    [Abel] GN04 12:35: NmF2=5.33e+11 m⁻³  hmF2=294.9 km
    [Abel] GN04 12:35: NmF2=5.33e+11 m⁻³  hmF2=294.9 km
    [Abel] GN04 12:36: NmF2=4.89e+11 m⁻³  hmF2=293.1 km
    [Abel] GN04 12:37: NmF2=4.58e+11 m⁻³  hmF2=306.6 km
    [Abel] GN04 12:36: NmF2=4.01e+11 m⁻³  hmF2=355.3 km
    [Abel] GN04 12:36: NmF2=5.16e+11 m⁻³  hmF2=293.1 km
    [Abel] GN04 12:36: NmF2=5.16e+11 m⁻³  hmF2=293.1 km
    [Abel] GN04 12:36: NmF2=2.35e+11 m⁻³  hmF2=536.6 km
    [Abel] GN04 12:35: NmF2=4.02e+11 m⁻³  hmF2=285.6 km
    [Abel] GN04 12:36: NmF2=1.56e+11 m⁻³  hmF2=573.2 km
    [Abel] YM08 12:19: NmF2=4.56e+11 m⁻³  hmF2=278.7 km
    [Abel] GN04 12:41: NmF2=4.47e+11 m⁻³  hmF2=322.9 km
    [Abel] GN05 12:50: NmF2=4.41e+11 m⁻³  hmF2=324.4 km
    [Abel] YM08 12:24: NmF2=3.34e+11 m⁻³  hmF2=310.3 km
    [Abel] GN04 12:44: NmF2=5.78e+11 m⁻³  hmF2=263.7 km
    [Abel] GN05 12:52: NmF2=4.82e+11 m⁻³  hmF2=350.0 km
    [Abel] GN04 12:44: NmF2=6.74e+11 m⁻³  hmF2=258.4 km
    [Abel] GN04 12:26: NmF2=6.82e+11 m⁻³  hmF2=273.6 km
    [Abel] GN05 12:52: NmF2=3.09e+11 m⁻³  hmF2=391.0 km
    [Abel] GN05 12:53: NmF2=3.83e+11 m⁻³  hmF2=363.0 km
    [Abel] GN05 12:52: NmF2=2.05e+11 m⁻³  hmF2=475.6 km
    [Abel] GN04 12:27: NmF2=3.72e+11 m⁻³  hmF2=363.5 km
    [Abel] GN04 12:27: NmF2=3.72e+11 m⁻³  hmF2=363.5 km
    [Abel] YM08 12:26: NmF2=3.64e+11 m⁻³  hmF2=309.7 km
    [Abel] YM08 12:27: NmF2=4.37e+11 m⁻³  hmF2=297.0 km
    [Abel] YM08 12:28: NmF2=4.48e+11 m⁻³  hmF2=330.2 km
    [Abel] GN05 12:50: NmF2=5.99e+11 m⁻³  hmF2=291.8 km
    [Abel] YM08 12:28: NmF2=5.10e+11 m⁻³  hmF2=411.1 km
    [Abel] GN04 12:30: NmF2=4.52e+11 m⁻³  hmF2=329.9 km
    [Abel] GN04 12:31: NmF2=4.90e+11 m⁻³  hmF2=329.5 km
    [Abel] GN05 12:52: NmF2=1.86e+11 m⁻³  hmF2=582.0 km
    [Abel] GN04 12:31: NmF2=4.35e+11 m⁻³  hmF2=296.5 km
    [Abel] GN05 12:52: NmF2=1.46e+11 m⁻³  hmF2=539.2 km
    [Abel] GN04 12:33: NmF2=4.14e+11 m⁻³  hmF2=331.0 km
    [Abel] GN04 12:34: NmF2=5.55e+11 m⁻³  hmF2=276.3 km
    [Abel] GN04 12:35: NmF2=3.25e+13 m⁻³  hmF2=491.0 km
    [Abel] GN05 12:42: NmF2=3.98e+11 m⁻³  hmF2=287.6 km
    [Abel] GN05 12:44: NmF2=4.96e+11 m⁻³  hmF2=289.9 km
    [Abel] GN05 12:44: NmF2=4.14e+11 m⁻³  hmF2=403.5 km
    [Abel] GN05 12:52: NmF2=1.84e+11 m⁻³  hmF2=579.2 km
◀◀◀ _run_or_load END   | 2025-08-27_1227 | bin=55  | ro_only   | gridded_kf     : DONE       (463.2s) -> status=Success
▶▶▶ _run_or_load START | 2025-08-27_1227 | bin=55  | ro_igs    | gridded_kf    
    [diag] 2025-08-27_1227 | bin=55  | ro_igs    | gridded_kf     : RUNNING    (force=True, cached=True) ...

────────────────────────────────────────────────────────────
  Group : 2025-08-27_1227
  Window: 2025-08-27_1227  |  Region: POLAR_N  |  55 occultation(s)
────────────────────────────────────────────────────────────
No valid descending tangent points found. Skipping.
    [skip] podTc2_GN04.2025.239.12.17.0019.R24.01_0000.0001_nc — parse returned None
No valid descending tangent points found. Skipping.
    [skip] podTc2_GN04.2025.239.12.20.0016.C25.01_0000.0001_nc — parse returned None
No valid descending tangent points found. Skipping.
    [skip] podTc2_GN04.2025.239.12.21.0015.C34.01_0000.0001_nc — parse returned None
No valid descending tangent points found. Skipping.
    [skip] podTc2_GN04.2025.239.12.23.0013.R05.01_0000.0001_nc — parse returned None
No valid descending tangent points found. Skipping.
    [skip] podTc2_GN04.2025.239.12.23.0013.C32.01_0000.0001_nc — parse returned None
No valid descending tangent points found. Skipping.
    [skip] podTc2_GN04.2025.239.12.26.0010.R14.01_0000.0001_nc — parse returned None
No valid descending tangent points found. Skipping.
    [skip] podTc2_GN05.2025.239.12.33.0019.C25.01_0000.0001_nc — parse returned None
No valid descending tangent points found. Skipping.
    [skip] podTc2_GN05.2025.239.12.34.0018.R24.01_0000.0001_nc — parse returned None
No valid descending tangent points found. Skipping.
    [skip] podTc2_GN05.2025.239.12.37.0015.C34.01_0000.0001_nc — parse returned None
No valid descending tangent points found. Skipping.
    [skip] podTc2_GN05.2025.239.12.38.0014.R14.01_0000.0001_nc — parse returned None
No valid descending tangent points found. Skipping.
    [skip] podTc2_GN05.2025.239.12.38.0014.E24.01_0000.0001_nc — parse returned None
No valid descending tangent points found. Skipping.
    [skip] podTc2_GN05.2025.239.12.39.0013.E03.01_0000.0001_nc — parse returned None
No valid descending tangent points found. Skipping.
    [skip] podTc2_GN05.2025.239.12.40.0013.R05.01_0000.0001_nc — parse returned None
  Parsed 42/55 files successfully.
    [podTc2] GN04 12:35 — 711 valid rays → decimated to 178 (stride 4)
    [podTc2] GN04 12:35 — 621 valid rays → decimated to 156 (stride 4)
    [podTc2] GN04 12:35 — 473 valid rays → decimated to 158 (stride 3)
    [podTc2] GN04 12:35 — 406 valid rays → decimated to 136 (stride 3)
    [podTc2] GN04 12:36 — 322 valid rays → decimated to 161 (stride 2)
    [podTc2] GN04 12:37 — 460 valid rays → decimated to 154 (stride 3)
    [podTc2] GN04 12:36 — 282 valid rays → decimated to 141 (stride 2)
    [podTc2] GN04 12:36 — 324 valid rays → decimated to 162 (stride 2)
    [podTc2] GN04 12:36 — 368 valid rays → decimated to 184 (stride 2)
    [podTc2] GN04 12:36 — 230 valid rays → decimated to 115 (stride 2)
    [podTc2] GN04 12:35 — 325 valid rays → decimated to 163 (stride 2)
    [podTc2] GN04 12:36 — 126 valid rays → decimated to 126 (stride 1)
    [podTc2] YM08 12:19 — 418 valid rays → decimated to 140 (stride 3)
    [podTc2] GN04 12:41 — 384 valid rays → decimated to 192 (stride 2)
    [podTc2] GN05 12:50 — 438 valid rays → decimated to 146 (stride 3)
    [podTc2] YM08 12:24 — 437 valid rays → decimated to 146 (stride 3)
    [podTc2] GN04 12:44 — 438 valid rays → decimated to 146 (stride 3)
    [podTc2] GN05 12:52 — 417 valid rays → decimated to 139 (stride 3)
    [podTc2] GN04 12:44 — 543 valid rays → decimated to 181 (stride 3)
    [podTc2] GN04 12:26 — 482 valid rays → decimated to 161 (stride 3)
    [podTc2] GN05 12:52 — 270 valid rays → decimated to 135 (stride 2)
    [podTc2] GN05 12:53 — 306 valid rays → decimated to 153 (stride 2)
    [podTc2] GN05 12:52 — 189 valid rays → decimated to 189 (stride 1)
    [podTc2] GN04 12:27 — 442 valid rays → decimated to 148 (stride 3)
    [podTc2] GN04 12:27 — 442 valid rays → decimated to 148 (stride 3)
    [podTc2] YM08 12:26 — 252 valid rays → decimated to 126 (stride 2)
    [podTc2] YM08 12:27 — 411 valid rays → decimated to 137 (stride 3)
    [podTc2] YM08 12:28 — 404 valid rays → decimated to 135 (stride 3)
    [podTc2] GN05 12:50 — 394 valid rays → decimated to 197 (stride 2)
    [podTc2] YM08 12:28 — 784 valid rays → decimated to 196 (stride 4)
    [podTc2] GN04 12:30 — 449 valid rays → decimated to 150 (stride 3)
    [podTc2] GN04 12:31 — 408 valid rays → decimated to 136 (stride 3)
    [podTc2] GN05 12:52 — 57 valid rays → decimated to 57 (stride 1)
    [podTc2] GN04 12:31 — 499 valid rays → decimated to 167 (stride 3)
    [podTc2] GN05 12:52 — 102 valid rays → decimated to 102 (stride 1)
    [podTc2] GN04 12:33 — 339 valid rays → decimated to 170 (stride 2)
    [podTc2] GN04 12:34 — 452 valid rays → decimated to 151 (stride 3)
    [podTc2] GN04 12:35 — 1821 valid rays → decimated to 183 (stride 10)
    [podTc2] GN05 12:42 — 469 valid rays → decimated to 157 (stride 3)
    [podTc2] GN05 12:44 — 462 valid rays → decimated to 154 (stride 3)
    [podTc2] GN05 12:44 — 431 valid rays → decimated to 144 (stride 3)
    [podTc2] GN05 12:52 — 88 valid rays → decimated to 88 (stride 1)
  Bbox lat [17.2, 90.0]  lon [-180.0, 180.0]  |  union vertices: 189
  Final group: 42 occultation(s), 189 union-mesh vertices
  Saved trim diagnostic → /home/austinhunter/IonosphereTomography/Figures/ISR_DA_Comparison/OUTPUT/2025-08-27_1227/bin_55/ro_igs/group_2025-08-27_1227_trim.png
  [extra] Injected 51 ground-station arc(s) → total 93 arc(s) in assimilation pool
  -> Building H matrices (6359 rays across 93 arc(s), single parallel sweep) …
  -> Building H matrices:    635/6359 rays ( 10.0%)
  -> Building H matrices:   1270/6359 rays ( 20.0%)
  -> Building H matrices:   1905/6359 rays ( 30.0%)
  -> Building H matrices:   2540/6359 rays ( 39.9%)
  -> Building H matrices:   3175/6359 rays ( 49.9%)
  -> Building H matrices:   3810/6359 rays ( 59.9%)
  -> Building H matrices:   4445/6359 rays ( 69.9%)
  -> Building H matrices:   5080/6359 rays ( 79.9%)
  -> Building H matrices:   5715/6359 rays ( 89.9%)
  -> Building H matrices:   6350/6359 rays ( 99.9%)
  -> Building H matrices:   6359/6359 rays (100.0%)
  Combined H shape : (6359, 10584)  (total rays = 6359)
  Skipping sequential KF assimilation (run_sequential=False).
  Running joint (batch) KF assimilation …
  Prior RMSE  : 37.060 TECU
  Post  RMSE  : 15.132 TECU
    [Abel] GN04 12:35: NmF2=3.73e+11 m⁻³  hmF2=356.6 km
    [Abel] GN04 12:35: NmF2=3.73e+11 m⁻³  hmF2=356.6 km
    [Abel] GN04 12:35: NmF2=5.33e+11 m⁻³  hmF2=294.9 km
    [Abel] GN04 12:35: NmF2=5.33e+11 m⁻³  hmF2=294.9 km
    [Abel] GN04 12:36: NmF2=4.89e+11 m⁻³  hmF2=293.1 km
    [Abel] GN04 12:37: NmF2=4.58e+11 m⁻³  hmF2=306.6 km
    [Abel] GN04 12:36: NmF2=4.01e+11 m⁻³  hmF2=355.3 km
    [Abel] GN04 12:36: NmF2=5.16e+11 m⁻³  hmF2=293.1 km
    [Abel] GN04 12:36: NmF2=5.16e+11 m⁻³  hmF2=293.1 km
    [Abel] GN04 12:36: NmF2=2.35e+11 m⁻³  hmF2=536.6 km
    [Abel] GN04 12:35: NmF2=4.02e+11 m⁻³  hmF2=285.6 km
    [Abel] GN04 12:36: NmF2=1.56e+11 m⁻³  hmF2=573.2 km
    [Abel] YM08 12:19: NmF2=4.56e+11 m⁻³  hmF2=278.7 km
    [Abel] GN04 12:41: NmF2=4.47e+11 m⁻³  hmF2=322.9 km
    [Abel] GN05 12:50: NmF2=4.41e+11 m⁻³  hmF2=324.4 km
    [Abel] YM08 12:24: NmF2=3.34e+11 m⁻³  hmF2=310.3 km
    [Abel] GN04 12:44: NmF2=5.78e+11 m⁻³  hmF2=263.7 km
    [Abel] GN05 12:52: NmF2=4.82e+11 m⁻³  hmF2=350.0 km
    [Abel] GN04 12:44: NmF2=6.74e+11 m⁻³  hmF2=258.4 km
    [Abel] GN04 12:26: NmF2=6.82e+11 m⁻³  hmF2=273.6 km
    [Abel] GN05 12:52: NmF2=3.09e+11 m⁻³  hmF2=391.0 km
    [Abel] GN05 12:53: NmF2=3.83e+11 m⁻³  hmF2=363.0 km
    [Abel] GN05 12:52: NmF2=2.05e+11 m⁻³  hmF2=475.6 km
    [Abel] GN04 12:27: NmF2=3.72e+11 m⁻³  hmF2=363.5 km
    [Abel] GN04 12:27: NmF2=3.72e+11 m⁻³  hmF2=363.5 km
    [Abel] YM08 12:26: NmF2=3.64e+11 m⁻³  hmF2=309.7 km
    [Abel] YM08 12:27: NmF2=4.37e+11 m⁻³  hmF2=297.0 km
    [Abel] YM08 12:28: NmF2=4.48e+11 m⁻³  hmF2=330.2 km
    [Abel] GN05 12:50: NmF2=5.99e+11 m⁻³  hmF2=291.8 km
    [Abel] YM08 12:28: NmF2=5.10e+11 m⁻³  hmF2=411.1 km
    [Abel] GN04 12:30: NmF2=4.52e+11 m⁻³  hmF2=329.9 km
    [Abel] GN04 12:31: NmF2=4.90e+11 m⁻³  hmF2=329.5 km
    [Abel] GN05 12:52: NmF2=1.86e+11 m⁻³  hmF2=582.0 km
    [Abel] GN04 12:31: NmF2=4.35e+11 m⁻³  hmF2=296.5 km
    [Abel] GN05 12:52: NmF2=1.46e+11 m⁻³  hmF2=539.2 km
    [Abel] GN04 12:33: NmF2=4.14e+11 m⁻³  hmF2=331.0 km
    [Abel] GN04 12:34: NmF2=5.55e+11 m⁻³  hmF2=276.3 km
    [Abel] GN04 12:35: NmF2=3.25e+13 m⁻³  hmF2=491.0 km
    [Abel] GN05 12:42: NmF2=3.98e+11 m⁻³  hmF2=287.6 km
    [Abel] GN05 12:44: NmF2=4.96e+11 m⁻³  hmF2=289.9 km
    [Abel] GN05 12:44: NmF2=4.14e+11 m⁻³  hmF2=403.5 km
    [Abel] GN05 12:52: NmF2=1.84e+11 m⁻³  hmF2=579.2 km
    [Abel] Skipped 51 ground-station arc(s) (RO-only technique)
/home/austinhunter/Downloads/PlanetiQ_Code/venv311/lib/python3.11/site-packages/shapely/creation.py:218: RuntimeWarning: invalid value encountered in linestrings
  return lib.linestrings(coords, np.intc(handle_nan), out=out, **kwargs)
◀◀◀ _run_or_load END   | 2025-08-27_1227 | bin=55  | ro_igs    | gridded_kf     : DONE       (455.2s) -> status=Success
▶▶▶ _run_or_load START | 2025-08-27_1227 | bin=55  | igs_only  | gridded_kf    
    [diag] 2025-08-27_1227 | bin=55  | igs_only  | gridded_kf     : RUNNING    (force=True, cached=True) ...
    [Info] Initialising information matrix (n_state=16280) …
    [Info] arcs ingested = 51/51  |  obs rows = 51  |  Λ cond ≈ 2.33e+23
    [Info] Solving …
    [Prior] innovation  mean=29.85  std=22.22  n_obs=51
    [Post ] innovation  mean=18.58  std=17.69
    RMSE:  prior=37.212 TECU  →  post=25.654 TECU
◀◀◀ _run_or_load END   | 2025-08-27_1227 | bin=55  | igs_only  | gridded_kf     : DONE       (141.2s) -> status=ok (no 'status' key)
▶▶▶ _run_or_load START | 2025-08-27_1227 | bin=55  | ro_only   | parametric_ekf
    [diag] 2025-08-27_1227 | bin=55  | ro_only   | parametric_ekf : RUNNING    (force=True, cached=True) ...
  [EKF] Building IRI state at 189 grid points (batch call) …
  [EnKF] Estimating background covariance from 50 EDP samples x 189 grid points ...
  [EnKF] Parameter sigma: log10(NmF2)=0.15  hmF2=20  H0=15  gamma=0.15  B0=20  B1=0.3  log10(NmE)=0.2  hmE=8
  [EnKF] Spatial corr (Ne-space KF method): mean=0.961  max=1.000  min=0.172
  [EKF] Running EKF_Param on 42 arc(s) …
  [EKF] 42 arcs  |  6308 profile rays  |  3258 update rays  |  n_state = 1512
  [EKF] Prior innovations  mean=-25.87  std=36.91  max_abs=144.08 TECU
  [EKF] stage 1/1: free=[log10(NmF2),hmF2,H0,gamma,B0,log10(NmE)] (6/8 params)
  [EKF] iterating [analytical]:   0%|          | 0/20 [00:00<?, ?it/s]  [EKF] iterating [analytical]:   0%|          | 0/20 [00:07<?, ?it/s, RMSE=45.067TECU, a=0.25, rel_dP=5.81e-02]  [EKF] iterating [analytical]:   5%|5         | 1/20 [00:07<02:29,  7.88s/it, RMSE=45.067TECU, a=0.25, rel_dP=5.81e-02]  [EKF] iterating [analytical]:   5%|5         | 1/20 [00:15<02:29,  7.88s/it, RMSE=37.206TECU, a=0.33, rel_dP=5.53e-02]  [EKF] iterating [analytical]:  10%|#         | 2/20 [00:15<02:23,  7.99s/it, RMSE=37.206TECU, a=0.33, rel_dP=5.53e-02]  [EKF] iterating [analytical]:  10%|#         | 2/20 [00:23<02:23,  7.99s/it, RMSE=31.743TECU, a=0.42, rel_dP=5.00e-02]  [EKF] iterating [analytical]:  15%|#5        | 3/20 [00:23<02:15,  8.00s/it, RMSE=31.743TECU, a=0.42, rel_dP=5.00e-02]  [EKF] iterating [analytical]:  15%|#5        | 3/20 [00:32<02:15,  8.00s/it, RMSE=28.210TECU, a=0.55, rel_dP=6.39e-02]  [EKF] iterating [analytical]:  20%|##        | 4/20 [00:32<02:08,  8.04s/it, RMSE=28.210TECU, a=0.55, rel_dP=6.39e-02]  [EKF] iterating [analytical]:  20%|##        | 4/20 [00:40<02:08,  8.04s/it, RMSE=26.224TECU, a=0.71, rel_dP=5.39e-02]  [EKF] iterating [analytical]:  25%|##5       | 5/20 [00:40<02:00,  8.02s/it, RMSE=26.224TECU, a=0.71, rel_dP=5.39e-02]  [EKF] iterating [analytical]:  25%|##5       | 5/20 [00:53<02:00,  8.02s/it, RMSE=25.260TECU, a=0.93, rel_dP=8.13e-32]  [EKF] iterating [analytical]:  30%|###       | 6/20 [00:53<02:17,  9.85s/it, RMSE=25.260TECU, a=0.93, rel_dP=8.13e-32]  [EKF] iterating [analytical]:  30%|###       | 6/20 [01:10<02:17,  9.85s/it, RMSE=25.260TECU, a=1.00, rel_dP=8.76e-32]  [EKF] iterating [analytical]:  35%|###5      | 7/20 [01:10<02:37, 12.13s/it, RMSE=25.260TECU, a=1.00, rel_dP=8.76e-32]  [EKF] iterating [analytical]:  35%|###5      | 7/20 [01:23<02:37, 12.13s/it, RMSE=25.260TECU, a=1.00, rel_dP=8.76e-32]  [EKF] iterating [analytical]:  40%|####      | 8/20 [01:23<02:29, 12.49s/it, RMSE=25.260TECU, a=1.00, rel_dP=8.76e-32]  [EKF] iterating [analytical]:  40%|####      | 8/20 [01:36<02:29, 12.49s/it, RMSE=25.260TECU, a=1.00, rel_dP=8.76e-32]  [EKF] iterating [analytical]:  45%|####5     | 9/20 [01:36<02:19, 12.70s/it, RMSE=25.260TECU, a=1.00, rel_dP=8.76e-32]  [EKF] iterating [analytical]:  45%|####5     | 9/20 [01:50<02:19, 12.70s/it, RMSE=25.260TECU, a=1.00, rel_dP=8.76e-32]  [EKF] iterating [analytical]:  50%|#####     | 10/20 [01:50<02:09, 12.90s/it, RMSE=25.260TECU, a=1.00, rel_dP=8.76e-32]  [EKF] iterating [analytical]:  50%|#####     | 10/20 [02:04<02:09, 12.90s/it, RMSE=25.260TECU, a=1.00, rel_dP=8.76e-32]  [EKF] iterating [analytical]:  55%|#####5    | 11/20 [02:04<01:59, 13.30s/it, RMSE=25.260TECU, a=1.00, rel_dP=8.76e-32]  [EKF] iterating [analytical]:  55%|#####5    | 11/20 [02:17<01:59, 13.30s/it, RMSE=25.260TECU, a=1.00, rel_dP=8.76e-32]  [EKF] iterating [analytical]:  60%|######    | 12/20 [02:17<01:46, 13.29s/it, RMSE=25.260TECU, a=1.00, rel_dP=8.76e-32]  [EKF] iterating [analytical]:  60%|######    | 12/20 [02:31<01:46, 13.29s/it, RMSE=25.260TECU, a=1.00, rel_dP=8.76e-32]  [EKF] iterating [analytical]:  65%|######5   | 13/20 [02:31<01:34, 13.43s/it, RMSE=25.260TECU, a=1.00, rel_dP=8.76e-32]  [EKF] iterating [analytical]:  65%|######5   | 13/20 [02:44<01:34, 13.43s/it, RMSE=25.260TECU, a=1.00, rel_dP=8.76e-32]  [EKF] iterating [analytical]:  70%|#######   | 14/20 [02:44<01:20, 13.38s/it, RMSE=25.260TECU, a=1.00, rel_dP=8.76e-32]  [EKF] iterating [analytical]:  70%|#######   | 14/20 [02:57<01:20, 13.38s/it, RMSE=25.260TECU, a=1.00, rel_dP=8.76e-32]  [EKF] iterating [analytical]:  75%|#######5  | 15/20 [02:57<01:06, 13.33s/it, RMSE=25.260TECU, a=1.00, rel_dP=8.76e-32]  [EKF] iterating [analytical]:  75%|#######5  | 15/20 [03:11<01:06, 13.33s/it, RMSE=25.260TECU, a=1.00, rel_dP=8.76e-32]  [EKF] iterating [analytical]:  80%|########  | 16/20 [03:11<00:53, 13.32s/it, RMSE=25.260TECU, a=1.00, rel_dP=8.76e-32]  [EKF] iterating [analytical]:  80%|########  | 16/20 [03:28<00:53, 13.32s/it, RMSE=25.260TECU, a=1.00, rel_dP=8.76e-32]  [EKF] iterating [analytical]:  85%|########5 | 17/20 [03:28<00:43, 14.53s/it, RMSE=25.260TECU, a=1.00, rel_dP=8.76e-32]  [EKF] iterating [analytical]:  85%|########5 | 17/20 [03:41<00:43, 14.53s/it, RMSE=25.260TECU, a=1.00, rel_dP=8.76e-32]  [EKF] iterating [analytical]:  90%|######### | 18/20 [03:41<00:28, 14.11s/it, RMSE=25.260TECU, a=1.00, rel_dP=8.76e-32]  [EKF] iterating [analytical]:  90%|######### | 18/20 [03:54<00:28, 14.11s/it, RMSE=25.260TECU, a=1.00, rel_dP=8.76e-32]  [EKF] iterating [analytical]:  95%|#########5| 19/20 [03:54<00:13, 13.91s/it, RMSE=25.260TECU, a=1.00, rel_dP=8.76e-32]  [EKF] iterating [analytical]:  95%|#########5| 19/20 [04:08<00:13, 13.91s/it, RMSE=25.260TECU, a=1.00, rel_dP=8.76e-32]  [EKF] iterating [analytical]: 100%|##########| 20/20 [04:08<00:00, 13.67s/it, RMSE=25.260TECU, a=1.00, rel_dP=8.76e-32]                                                                                                                           [EKF] stage 1 reached max_iter=20 without convergence  (final ||ΔP||/||P|| = 8.76e-32, RMSE=25.26TECU vs tol 5.0)
  [EKF] Posterior innovations  mean=-2.35  std=25.15  max_abs=117.55 TECU
  [EKF] Prior RMSE 44.912 TECU  →  Post RMSE 25.395 TECU
  Saved EKF convergence plot → /home/austinhunter/IonosphereTomography/Figures/ISR_DA_Comparison/OUTPUT/2025-08-27_1227/bin_55/ro_only/2025-08-27_1227_ro_only_ekf_convergence.png
◀◀◀ _run_or_load END   | 2025-08-27_1227 | bin=55  | ro_only   | parametric_ekf : DONE       (324.6s) -> status=Success
▶▶▶ _run_or_load START | 2025-08-27_1227 | bin=55  | ro_igs    | parametric_ekf
    [diag] 2025-08-27_1227 | bin=55  | ro_igs    | parametric_ekf : RUNNING    (force=True, cached=True) ...
  [EKF] Building IRI state at 189 grid points (batch call) …
  [EnKF] Estimating background covariance from 50 EDP samples x 189 grid points ...
  [EnKF] Parameter sigma: log10(NmF2)=0.15  hmF2=20  H0=15  gamma=0.15  B0=20  B1=0.3  log10(NmE)=0.2  hmE=8
  [EnKF] Spatial corr (Ne-space KF method): mean=0.961  max=1.000  min=0.172
  [EKF] Running EKF_Param on 93 arc(s) …
  [EKF] 93 arcs  |  6359 profile rays  |  3309 update rays  |  n_state = 1512
  [EKF] Prior innovations  mean=-25.16  std=37.16  max_abs=144.08 TECU
  [EKF] stage 1/1: free=[log10(NmF2),hmF2,H0,gamma,B0,log10(NmE)] (6/8 params)
  [EKF] iterating [analytical]:   0%|          | 0/20 [00:00<?, ?it/s]  [EKF] iterating [analytical]:   0%|          | 0/20 [00:08<?, ?it/s, RMSE=44.875TECU, a=0.25, rel_dP=5.62e-02]  [EKF] iterating [analytical]:   5%|5         | 1/20 [00:08<02:32,  8.04s/it, RMSE=44.875TECU, a=0.25, rel_dP=5.62e-02]  [EKF] iterating [analytical]:   5%|5         | 1/20 [00:16<02:32,  8.04s/it, RMSE=37.431TECU, a=0.33, rel_dP=5.74e-02]  [EKF] iterating [analytical]:  10%|#         | 2/20 [00:16<02:26,  8.15s/it, RMSE=37.431TECU, a=0.33, rel_dP=5.74e-02]  [EKF] iterating [analytical]:  10%|#         | 2/20 [00:24<02:26,  8.15s/it, RMSE=32.051TECU, a=0.42, rel_dP=4.55e-02]  [EKF] iterating [analytical]:  15%|#5        | 3/20 [00:24<02:19,  8.19s/it, RMSE=32.051TECU, a=0.42, rel_dP=4.55e-02]  [EKF] iterating [analytical]:  15%|#5        | 3/20 [00:32<02:19,  8.19s/it, RMSE=28.482TECU, a=0.55, rel_dP=4.50e-02]  [EKF] iterating [analytical]:  20%|##        | 4/20 [00:32<02:10,  8.16s/it, RMSE=28.482TECU, a=0.55, rel_dP=4.50e-02]  [EKF] iterating [analytical]:  20%|##        | 4/20 [00:40<02:10,  8.16s/it, RMSE=26.407TECU, a=0.71, rel_dP=4.12e-02]  [EKF] iterating [analytical]:  25%|##5       | 5/20 [00:40<02:02,  8.15s/it, RMSE=26.407TECU, a=0.71, rel_dP=4.12e-02]  [EKF] iterating [analytical]:  25%|##5       | 5/20 [00:48<02:02,  8.15s/it, RMSE=25.438TECU, a=0.93, rel_dP=3.38e-02]  [EKF] iterating [analytical]:  30%|###       | 6/20 [00:48<01:54,  8.16s/it, RMSE=25.438TECU, a=0.93, rel_dP=3.38e-02]  [EKF] iterating [analytical]:  30%|###       | 6/20 [01:02<01:54,  8.16s/it, RMSE=24.928TECU, a=1.00, rel_dP=3.40e-31]  [EKF] iterating [analytical]:  35%|###5      | 7/20 [01:02<02:08,  9.91s/it, RMSE=24.928TECU, a=1.00, rel_dP=3.40e-31]  [EKF] iterating [analytical]:  35%|###5      | 7/20 [01:17<02:08,  9.91s/it, RMSE=24.928TECU, a=1.00, rel_dP=3.40e-31]  [EKF] iterating [analytical]:  40%|####      | 8/20 [01:17<02:19, 11.66s/it, RMSE=24.928TECU, a=1.00, rel_dP=3.40e-31]  [EKF] iterating [analytical]:  40%|####      | 8/20 [01:31<02:19, 11.66s/it, RMSE=24.928TECU, a=1.00, rel_dP=3.40e-31]  [EKF] iterating [analytical]:  45%|####5     | 9/20 [01:31<02:15, 12.34s/it, RMSE=24.928TECU, a=1.00, rel_dP=3.40e-31]  [EKF] iterating [analytical]:  45%|####5     | 9/20 [01:45<02:15, 12.34s/it, RMSE=24.928TECU, a=1.00, rel_dP=3.40e-31]  [EKF] iterating [analytical]:  50%|#####     | 10/20 [01:45<02:08, 12.81s/it, RMSE=24.928TECU, a=1.00, rel_dP=3.40e-31]  [EKF] iterating [analytical]:  50%|#####     | 10/20 [01:59<02:08, 12.81s/it, RMSE=24.928TECU, a=1.00, rel_dP=3.40e-31]  [EKF] iterating [analytical]:  55%|#####5    | 11/20 [01:59<01:58, 13.19s/it, RMSE=24.928TECU, a=1.00, rel_dP=3.40e-31]  [EKF] iterating [analytical]:  55%|#####5    | 11/20 [02:14<01:58, 13.19s/it, RMSE=24.928TECU, a=1.00, rel_dP=3.40e-31]  [EKF] iterating [analytical]:  60%|######    | 12/20 [02:14<01:49, 13.64s/it, RMSE=24.928TECU, a=1.00, rel_dP=3.40e-31]  [EKF] iterating [analytical]:  60%|######    | 12/20 [02:28<01:49, 13.64s/it, RMSE=24.928TECU, a=1.00, rel_dP=3.40e-31]  [EKF] iterating [analytical]:  65%|######5   | 13/20 [02:28<01:36, 13.74s/it, RMSE=24.928TECU, a=1.00, rel_dP=3.40e-31]  [EKF] iterating [analytical]:  65%|######5   | 13/20 [02:42<01:36, 13.74s/it, RMSE=24.928TECU, a=1.00, rel_dP=3.40e-31]  [EKF] iterating [analytical]:  70%|#######   | 14/20 [02:42<01:22, 13.75s/it, RMSE=24.928TECU, a=1.00, rel_dP=3.40e-31]  [EKF] iterating [analytical]:  70%|#######   | 14/20 [02:55<01:22, 13.75s/it, RMSE=24.928TECU, a=1.00, rel_dP=3.40e-31]  [EKF] iterating [analytical]:  75%|#######5  | 15/20 [02:55<01:08, 13.72s/it, RMSE=24.928TECU, a=1.00, rel_dP=3.40e-31]  [EKF] iterating [analytical]:  75%|#######5  | 15/20 [03:09<01:08, 13.72s/it, RMSE=24.928TECU, a=1.00, rel_dP=3.40e-31]  [EKF] iterating [analytical]:  80%|########  | 16/20 [03:09<00:55, 13.82s/it, RMSE=24.928TECU, a=1.00, rel_dP=3.40e-31]  [EKF] iterating [analytical]:  80%|########  | 16/20 [03:23<00:55, 13.82s/it, RMSE=24.928TECU, a=1.00, rel_dP=3.40e-31]  [EKF] iterating [analytical]:  85%|########5 | 17/20 [03:23<00:41, 13.80s/it, RMSE=24.928TECU, a=1.00, rel_dP=3.40e-31]  [EKF] iterating [analytical]:  85%|########5 | 17/20 [03:37<00:41, 13.80s/it, RMSE=24.928TECU, a=1.00, rel_dP=3.40e-31]  [EKF] iterating [analytical]:  90%|######### | 18/20 [03:37<00:27, 13.88s/it, RMSE=24.928TECU, a=1.00, rel_dP=3.40e-31]  [EKF] iterating [analytical]:  90%|######### | 18/20 [03:50<00:27, 13.88s/it, RMSE=24.928TECU, a=1.00, rel_dP=3.40e-31]  [EKF] iterating [analytical]:  95%|#########5| 19/20 [03:50<00:13, 13.69s/it, RMSE=24.928TECU, a=1.00, rel_dP=3.40e-31]  [EKF] iterating [analytical]:  95%|#########5| 19/20 [04:04<00:13, 13.69s/it, RMSE=24.928TECU, a=1.00, rel_dP=3.40e-31]  [EKF] iterating [analytical]: 100%|##########| 20/20 [04:04<00:00, 13.65s/it, RMSE=24.928TECU, a=1.00, rel_dP=3.40e-31]                                                                                                                           [EKF] stage 1 reached max_iter=20 without convergence  (final ||ΔP||/||P|| = 3.40e-31, RMSE=24.93TECU vs tol 5.0)
  [EKF] Posterior innovations  mean=-0.75  std=24.92  max_abs=119.79 TECU
  [EKF] Prior RMSE 44.813 TECU  →  Post RMSE 24.893 TECU
  Saved EKF convergence plot → /home/austinhunter/IonosphereTomography/Figures/ISR_DA_Comparison/OUTPUT/2025-08-27_1227/bin_55/ro_igs/2025-08-27_1227_ro_igs_ekf_convergence.png
◀◀◀ _run_or_load END   | 2025-08-27_1227 | bin=55  | ro_igs    | parametric_ekf : DONE       (322.6s) -> status=Success
▶▶▶ _run_or_load START | 2025-08-27_1227 | bin=55  | igs_only  | parametric_ekf
    [diag] 2025-08-27_1227 | bin=55  | igs_only  | parametric_ekf : RUNNING    (force=True, cached=True) ...
  [EKF] Building IRI state at 296 grid points (batch call) …
  [EnKF] Estimating background covariance from 500 EDP samples x 296 grid points ...
  [EnKF] Parameter sigma: log10(NmF2)=0.15  hmF2=20  H0=15  gamma=0.15  B0=20  B1=0.3  log10(NmE)=0.2  hmE=8
  [EnKF] Spatial corr (Ne-space KF method): mean=0.968  max=1.000  min=0.240
  [EKF] Running EKF_Param on 51 arc(s) …
  [EKF] 51 arcs  |  51 profile rays  |  51 update rays  |  n_state = 2368
  [EKF] Prior innovations  mean=15.94  std=22.82  max_abs=51.79 TECU
  [EKF] stage 1/1: free=[log10(NmF2),hmF2,H0,gamma,B0,log10(NmE)] (6/8 params)
  [EKF] iterating [analytical]:   0%|          | 0/20 [00:00<?, ?it/s]  [EKF] iterating [analytical]:   0%|          | 0/20 [00:00<?, ?it/s, RMSE=27.835TECU, a=0.25, rel_dP=4.35e-03]  [EKF] iterating [analytical]:   5%|5         | 1/20 [00:00<00:03,  5.95it/s, RMSE=27.835TECU, a=0.25, rel_dP=4.35e-03]  [EKF] iterating [analytical]:   5%|5         | 1/20 [00:00<00:03,  5.95it/s, RMSE=26.264TECU, a=0.33, rel_dP=5.95e-03]  [EKF] iterating [analytical]:  10%|#         | 2/20 [00:00<00:03,  4.91it/s, RMSE=26.264TECU, a=0.33, rel_dP=5.95e-03]  [EKF] iterating [analytical]:  10%|#         | 2/20 [00:00<00:03,  4.91it/s, RMSE=24.738TECU, a=0.42, rel_dP=6.83e-03]  [EKF] iterating [analytical]:  15%|#5        | 3/20 [00:00<00:03,  5.05it/s, RMSE=24.738TECU, a=0.42, rel_dP=6.83e-03]  [EKF] iterating [analytical]:  15%|#5        | 3/20 [00:00<00:03,  5.05it/s, RMSE=23.848TECU, a=0.55, rel_dP=9.03e-03]  [EKF] iterating [analytical]:  20%|##        | 4/20 [00:00<00:03,  4.53it/s, RMSE=23.848TECU, a=0.55, rel_dP=9.03e-03]  [EKF] iterating [analytical]:  20%|##        | 4/20 [00:01<00:03,  4.53it/s, RMSE=23.479TECU, a=0.71, rel_dP=1.03e-02]  [EKF] iterating [analytical]:  25%|##5       | 5/20 [00:01<00:03,  4.66it/s, RMSE=23.479TECU, a=0.71, rel_dP=1.03e-02]  [EKF] iterating [analytical]:  25%|##5       | 5/20 [00:01<00:03,  4.66it/s, RMSE=23.382TECU, a=0.93, rel_dP=1.53e-02]  [EKF] iterating [analytical]:  30%|###       | 6/20 [00:01<00:02,  4.86it/s, RMSE=23.382TECU, a=0.93, rel_dP=1.53e-02]  [EKF] iterating [analytical]:  30%|###       | 6/20 [00:01<00:02,  4.86it/s, RMSE=23.359TECU, a=1.00, rel_dP=1.84e-02]  [EKF] iterating [analytical]:  35%|###5      | 7/20 [00:01<00:02,  5.07it/s, RMSE=23.359TECU, a=1.00, rel_dP=1.84e-02]  [EKF] iterating [analytical]:  35%|###5      | 7/20 [00:01<00:02,  5.07it/s, RMSE=23.344TECU, a=1.00, rel_dP=1.34e-02]  [EKF] iterating [analytical]:  40%|####      | 8/20 [00:01<00:02,  5.21it/s, RMSE=23.344TECU, a=1.00, rel_dP=1.34e-02]  [EKF] iterating [analytical]:  40%|####      | 8/20 [00:01<00:02,  5.21it/s, RMSE=23.333TECU, a=1.00, rel_dP=2.18e-02]  [EKF] iterating [analytical]:  45%|####5     | 9/20 [00:01<00:02,  5.25it/s, RMSE=23.333TECU, a=1.00, rel_dP=2.18e-02]  [EKF] iterating [analytical]:  45%|####5     | 9/20 [00:01<00:02,  5.25it/s, RMSE=23.315TECU, a=1.00, rel_dP=1.50e-02]  [EKF] iterating [analytical]:  50%|#####     | 10/20 [00:01<00:01,  5.30it/s, RMSE=23.315TECU, a=1.00, rel_dP=1.50e-02]  [EKF] iterating [analytical]:  50%|#####     | 10/20 [00:02<00:01,  5.30it/s, RMSE=23.304TECU, a=1.00, rel_dP=1.86e-02]  [EKF] iterating [analytical]:  55%|#####5    | 11/20 [00:02<00:01,  5.34it/s, RMSE=23.304TECU, a=1.00, rel_dP=1.86e-02]  [EKF] iterating [analytical]:  55%|#####5    | 11/20 [00:02<00:01,  5.34it/s, RMSE=23.286TECU, a=1.00, rel_dP=1.83e-02]  [EKF] iterating [analytical]:  60%|######    | 12/20 [00:02<00:01,  5.37it/s, RMSE=23.286TECU, a=1.00, rel_dP=1.83e-02]  [EKF] iterating [analytical]:  60%|######    | 12/20 [00:02<00:01,  5.37it/s, RMSE=23.271TECU, a=1.00, rel_dP=1.26e-02]  [EKF] iterating [analytical]:  65%|######5   | 13/20 [00:02<00:01,  5.35it/s, RMSE=23.271TECU, a=1.00, rel_dP=1.26e-02]  [EKF] iterating [analytical]:  65%|######5   | 13/20 [00:02<00:01,  5.35it/s, RMSE=23.262TECU, a=1.00, rel_dP=1.97e-02]  [EKF] iterating [analytical]:  70%|#######   | 14/20 [00:02<00:01,  5.34it/s, RMSE=23.262TECU, a=1.00, rel_dP=1.97e-02]  [EKF] iterating [analytical]:  70%|#######   | 14/20 [00:02<00:01,  5.34it/s, RMSE=23.245TECU, a=1.00, rel_dP=1.50e-02]  [EKF] iterating [analytical]:  75%|#######5  | 15/20 [00:02<00:00,  5.34it/s, RMSE=23.245TECU, a=1.00, rel_dP=1.50e-02]  [EKF] iterating [analytical]:  75%|#######5  | 15/20 [00:03<00:00,  5.34it/s, RMSE=23.233TECU, a=1.00, rel_dP=1.74e-02]  [EKF] iterating [analytical]:  80%|########  | 16/20 [00:03<00:00,  5.47it/s, RMSE=23.233TECU, a=1.00, rel_dP=1.74e-02]  [EKF] iterating [analytical]:  80%|########  | 16/20 [00:03<00:00,  5.47it/s, RMSE=23.214TECU, a=1.00, rel_dP=1.75e-02]  [EKF] iterating [analytical]:  85%|########5 | 17/20 [00:03<00:00,  5.46it/s, RMSE=23.214TECU, a=1.00, rel_dP=1.75e-02]  [EKF] iterating [analytical]:  85%|########5 | 17/20 [00:03<00:00,  5.46it/s, RMSE=23.202TECU, a=1.00, rel_dP=1.26e-02]  [EKF] iterating [analytical]:  90%|######### | 18/20 [00:03<00:00,  5.52it/s, RMSE=23.202TECU, a=1.00, rel_dP=1.26e-02]  [EKF] iterating [analytical]:  90%|######### | 18/20 [00:03<00:00,  5.52it/s, RMSE=23.194TECU, a=1.00, rel_dP=1.58e-02]  [EKF] iterating [analytical]:  95%|#########5| 19/20 [00:03<00:00,  5.50it/s, RMSE=23.194TECU, a=1.00, rel_dP=1.58e-02]  [EKF] iterating [analytical]:  95%|#########5| 19/20 [00:03<00:00,  5.50it/s, RMSE=23.177TECU, a=1.00, rel_dP=1.77e-02]  [EKF] iterating [analytical]: 100%|##########| 20/20 [00:03<00:00,  5.48it/s, RMSE=23.177TECU, a=1.00, rel_dP=1.77e-02]                                                                                                                           [EKF] stage 1 reached max_iter=20 without convergence  (final ||ΔP||/||P|| = 1.77e-02, RMSE=23.18TECU vs tol 5.0)
  [EKF] Posterior innovations  mean=1.13  std=23.14  max_abs=67.70 TECU
  [EKF] Prior RMSE 27.835 TECU  →  Post RMSE 23.167 TECU
  Saved EKF convergence plot → /home/austinhunter/IonosphereTomography/Figures/ISR_DA_Comparison/OUTPUT/2025-08-27_1227/bin_55/igs_only/2025-08-27_1227_igs_only_ekf_convergence.png
◀◀◀ _run_or_load END   | 2025-08-27_1227 | bin=55  | igs_only  | parametric_ekf : DONE       (881.5s) -> status=ok (no 'status' key)
  [diag] 2025-08-27_1227 | bin=55 : summary of 6 obs_mode/filter_type combos
           ro_only   | gridded_kf     -> Success
           ro_only   | parametric_ekf -> Success
           ro_igs    | gridded_kf     -> Success
           ro_igs    | parametric_ekf -> Success
           igs_only  | gridded_kf     -> ok (no 'status' key)
           igs_only  | parametric_ekf -> ok (no 'status' key)

▶▶▶ compute_isr_metrics START | group=2025-08-27_1227 bin=55
◀◀◀ compute_isr_metrics END   | group=2025-08-27_1227 bin=55 -> 12 metric row(s)

▶▶▶ _plot_group_all_modes START | group=2025-08-27_1227
  [diag] 2025-08-27_1227/ro_igs/gridded_kf: arc-innovation panels thinned to 42 RO + 20/51 representative IGS arcs (of 93 total)
  [diag] 2025-08-27_1227/ro_igs/parametric_ekf: arc-innovation panels thinned to 42 RO + 20/51 representative IGS arcs (of 93 total)
  [diag] 2025-08-27_1227/igs_only/gridded_kf: arc-innovation panels thinned to 0 RO + 20/51 representative IGS arcs (of 51 total)
  [diag] 2025-08-27_1227/igs_only/parametric_ekf: arc-innovation panels thinned to 0 RO + 20/51 representative IGS arcs (of 51 total)
/home/austinhunter/Downloads/PlanetiQ_Code/venv311/lib/python3.11/site-packages/shapely/creation.py:218: RuntimeWarning: invalid value encountered in linestrings
  return lib.linestrings(coords, np.intc(handle_nan), out=out, **kwargs)
/home/austinhunter/IonosphereTomography/plotIonosphereTomography.py:3914: UserWarning: This figure includes Axes that are not compatible with tight_layout, so results might be incorrect.
  plt.tight_layout(rect=[0, 0, 1, 0.98])
/home/austinhunter/IonosphereTomography/plotIonosphereTomography.py:3914: UserWarning: This figure includes Axes that are not compatible with tight_layout, so results might be incorrect.
  plt.tight_layout(rect=[0, 0, 1, 0.98])
/home/austinhunter/IonosphereTomography/plotIonosphereTomography.py:3914: UserWarning: This figure includes Axes that are not compatible with tight_layout, so results might be incorrect.
  plt.tight_layout(rect=[0, 0, 1, 0.98])
◀◀◀ _plot_group_all_modes END   | group=2025-08-27_1227
No valid descending tangent points found. Skipping.
No valid descending tangent points found. Skipping.
No valid descending tangent points found. Skipping.
No valid descending tangent points found. Skipping.
No valid descending tangent points found. Skipping.
No valid descending tangent points found. Skipping.
No valid descending tangent points found. Skipping.
No valid descending tangent points found. Skipping.
▶▶▶ _run_or_load START | 2025-08-27_1227 | bin=45  | ro_only   | gridded_kf    
    [diag] 2025-08-27_1227 | bin=45  | ro_only   | gridded_kf     : RUNNING    (force=True, cached=True) ...

────────────────────────────────────────────────────────────
  Group : 2025-08-27_1227
  Window: 2025-08-27_1227  |  Region: POLAR_N  |  45 occultation(s)
────────────────────────────────────────────────────────────
No valid descending tangent points found. Skipping.
    [skip] podTc2_GN04.2025.239.12.17.0019.R24.01_0000.0001_nc — parse returned None
No valid descending tangent points found. Skipping.
    [skip] podTc2_GN04.2025.239.12.17.0019.G31.01_0000.0001_nc — parse returned None
No valid descending tangent points found. Skipping.
    [skip] podTc2_GN04.2025.239.12.20.0016.C25.01_0000.0001_nc — parse returned None
No valid descending tangent points found. Skipping.
    [skip] podTc2_GN05.2025.239.12.33.0019.C25.01_0000.0001_nc — parse returned None
No valid descending tangent points found. Skipping.
    [skip] podTc2_GN05.2025.239.12.34.0018.R24.01_0000.0001_nc — parse returned None
No valid descending tangent points found. Skipping.
    [skip] podTc2_GN05.2025.239.12.37.0015.C34.01_0000.0001_nc — parse returned None
No valid descending tangent points found. Skipping.
    [skip] podTc2_GN05.2025.239.12.38.0014.R14.01_0000.0001_nc — parse returned None
No valid descending tangent points found. Skipping.
    [skip] podTc2_GN05.2025.239.12.40.0013.R05.01_0000.0001_nc — parse returned None
  Parsed 37/45 files successfully.
    [podTc2] GN04 12:35 — 711 valid rays → decimated to 178 (stride 4)
    [podTc2] GN04 12:35 — 621 valid rays → decimated to 156 (stride 4)
    [podTc2] GN04 12:35 — 473 valid rays → decimated to 158 (stride 3)
    [podTc2] GN04 12:36 — 431 valid rays → decimated to 144 (stride 3)
    [podTc2] GN04 12:36 — 322 valid rays → decimated to 161 (stride 2)
    [podTc2] GN04 12:36 — 368 valid rays → decimated to 184 (stride 2)
    [podTc2] GN04 12:36 — 230 valid rays → decimated to 115 (stride 2)
    [podTc2] GN04 12:35 — 325 valid rays → decimated to 163 (stride 2)
    [podTc2] GN04 12:36 — 126 valid rays → decimated to 126 (stride 1)
    [podTc2] YM08 12:19 — 418 valid rays → decimated to 140 (stride 3)
    [podTc2] GN04 12:41 — 384 valid rays → decimated to 192 (stride 2)
    [podTc2] GN04 12:36 — 56 valid rays → decimated to 56 (stride 1)
    [podTc2] YM08 12:24 — 437 valid rays → decimated to 146 (stride 3)
    [podTc2] GN04 12:44 — 438 valid rays → decimated to 146 (stride 3)
    [podTc2] GN05 12:52 — 417 valid rays → decimated to 139 (stride 3)
    [podTc2] GN04 12:26 — 482 valid rays → decimated to 161 (stride 3)
    [podTc2] GN05 12:52 — 270 valid rays → decimated to 135 (stride 2)
    [podTc2] GN05 12:53 — 306 valid rays → decimated to 153 (stride 2)
    [podTc2] GN05 12:52 — 189 valid rays → decimated to 189 (stride 1)
    [podTc2] GN04 12:27 — 442 valid rays → decimated to 148 (stride 3)
    [podTc2] YM08 12:27 — 411 valid rays → decimated to 137 (stride 3)
    [podTc2] YM08 12:28 — 404 valid rays → decimated to 135 (stride 3)
    [podTc2] GN05 12:50 — 394 valid rays → decimated to 197 (stride 2)
    [podTc2] YM08 12:28 — 784 valid rays → decimated to 196 (stride 4)
    [podTc2] GN04 12:30 — 449 valid rays → decimated to 150 (stride 3)
    [podTc2] GN04 12:31 — 408 valid rays → decimated to 136 (stride 3)
    [podTc2] GN05 12:52 — 57 valid rays → decimated to 57 (stride 1)
    [podTc2] GN04 12:31 — 499 valid rays → decimated to 167 (stride 3)
    [skip] GN05 12:53 — only 9 valid rays
    [podTc2] GN05 12:52 — 102 valid rays → decimated to 102 (stride 1)
    [podTc2] GN04 12:33 — 339 valid rays → decimated to 170 (stride 2)
    [podTc2] GN04 12:34 — 452 valid rays → decimated to 151 (stride 3)
    [podTc2] GN04 12:35 — 1821 valid rays → decimated to 183 (stride 10)
    [podTc2] GN05 12:42 — 469 valid rays → decimated to 157 (stride 3)
    [podTc2] GN05 12:44 — 431 valid rays → decimated to 144 (stride 3)
    [podTc2] GN05 12:52 — 88 valid rays → decimated to 88 (stride 1)
    [podTc2] GN05 12:44 — 396 valid rays → decimated to 198 (stride 2)
  Bbox lat [17.2, 90.0]  lon [-180.0, 180.0]  |  union vertices: 182
  Final group: 36 occultation(s), 182 union-mesh vertices
  Saved trim diagnostic → /home/austinhunter/IonosphereTomography/Figures/ISR_DA_Comparison/OUTPUT/2025-08-27_1227/bin_45/ro_only/group_2025-08-27_1227_trim.png
  -> Building H matrices (5358 rays across 36 arc(s), single parallel sweep) …
  -> Building H matrices:    535/5358 rays ( 10.0%)
  -> Building H matrices:   1070/5358 rays ( 20.0%)
  -> Building H matrices:   1605/5358 rays ( 30.0%)
  -> Building H matrices:   2140/5358 rays ( 39.9%)
  -> Building H matrices:   2675/5358 rays ( 49.9%)
  -> Building H matrices:   3210/5358 rays ( 59.9%)
  -> Building H matrices:   3745/5358 rays ( 69.9%)
  -> Building H matrices:   4280/5358 rays ( 79.9%)
  -> Building H matrices:   4815/5358 rays ( 89.9%)
  -> Building H matrices:   5350/5358 rays ( 99.9%)
  -> Building H matrices:   5358/5358 rays (100.0%)
  Combined H shape : (5358, 10192)  (total rays = 5358)
  Skipping sequential KF assimilation (run_sequential=False).
  Running joint (batch) KF assimilation …
  Prior RMSE  : 37.394 TECU
  Post  RMSE  : 14.044 TECU
    [Abel] GN04 12:35: NmF2=3.73e+11 m⁻³  hmF2=356.6 km
    [Abel] GN04 12:35: NmF2=3.73e+11 m⁻³  hmF2=356.6 km
    [Abel] GN04 12:35: NmF2=5.33e+11 m⁻³  hmF2=294.9 km
    [Abel] GN04 12:36: NmF2=4.89e+11 m⁻³  hmF2=293.1 km
    [Abel] GN04 12:36: NmF2=4.89e+11 m⁻³  hmF2=293.1 km
    [Abel] GN04 12:36: NmF2=5.16e+11 m⁻³  hmF2=293.1 km
    [Abel] GN04 12:36: NmF2=2.35e+11 m⁻³  hmF2=536.6 km
    [Abel] GN04 12:35: NmF2=4.02e+11 m⁻³  hmF2=285.6 km
    [Abel] GN04 12:36: NmF2=1.56e+11 m⁻³  hmF2=573.2 km
    [Abel] YM08 12:19: NmF2=4.56e+11 m⁻³  hmF2=278.7 km
    [Abel] GN04 12:41: NmF2=4.47e+11 m⁻³  hmF2=322.9 km
    [Abel] GN04 12:36: NmF2=1.20e+11 m⁻³  hmF2=577.6 km
    [Abel] YM08 12:24: NmF2=3.34e+11 m⁻³  hmF2=310.3 km
    [Abel] GN04 12:44: NmF2=5.78e+11 m⁻³  hmF2=263.7 km
    [Abel] GN05 12:52: NmF2=4.82e+11 m⁻³  hmF2=350.0 km
    [Abel] GN04 12:26: NmF2=6.82e+11 m⁻³  hmF2=273.6 km
    [Abel] GN05 12:52: NmF2=3.09e+11 m⁻³  hmF2=391.0 km
    [Abel] GN05 12:53: NmF2=3.83e+11 m⁻³  hmF2=363.0 km
    [Abel] GN05 12:52: NmF2=2.05e+11 m⁻³  hmF2=475.6 km
    [Abel] GN04 12:27: NmF2=3.72e+11 m⁻³  hmF2=363.5 km
    [Abel] YM08 12:27: NmF2=4.37e+11 m⁻³  hmF2=297.0 km
    [Abel] YM08 12:28: NmF2=4.48e+11 m⁻³  hmF2=330.2 km
    [Abel] GN05 12:50: NmF2=5.99e+11 m⁻³  hmF2=291.8 km
    [Abel] YM08 12:28: NmF2=5.10e+11 m⁻³  hmF2=411.1 km
    [Abel] GN04 12:30: NmF2=4.52e+11 m⁻³  hmF2=329.9 km
    [Abel] GN04 12:31: NmF2=4.90e+11 m⁻³  hmF2=329.5 km
    [Abel] GN05 12:52: NmF2=1.86e+11 m⁻³  hmF2=582.0 km
    [Abel] GN04 12:31: NmF2=4.35e+11 m⁻³  hmF2=296.5 km
    [Abel] GN05 12:52: NmF2=1.46e+11 m⁻³  hmF2=539.2 km
    [Abel] GN04 12:33: NmF2=4.14e+11 m⁻³  hmF2=331.0 km
    [Abel] GN04 12:34: NmF2=5.55e+11 m⁻³  hmF2=276.3 km
    [Abel] GN04 12:35: NmF2=3.25e+13 m⁻³  hmF2=491.0 km
    [Abel] GN05 12:42: NmF2=3.98e+11 m⁻³  hmF2=287.6 km
    [Abel] GN05 12:44: NmF2=4.14e+11 m⁻³  hmF2=403.5 km
    [Abel] GN05 12:52: NmF2=1.84e+11 m⁻³  hmF2=579.2 km
    [Abel] GN05 12:44: NmF2=4.73e+11 m⁻³  hmF2=291.2 km
◀◀◀ _run_or_load END   | 2025-08-27_1227 | bin=45  | ro_only   | gridded_kf     : DONE       (401.3s) -> status=Success
▶▶▶ _run_or_load START | 2025-08-27_1227 | bin=45  | ro_igs    | gridded_kf    
    [diag] 2025-08-27_1227 | bin=45  | ro_igs    | gridded_kf     : RUNNING    (force=True, cached=True) ...

────────────────────────────────────────────────────────────
  Group : 2025-08-27_1227
  Window: 2025-08-27_1227  |  Region: POLAR_N  |  45 occultation(s)
────────────────────────────────────────────────────────────
No valid descending tangent points found. Skipping.
    [skip] podTc2_GN04.2025.239.12.17.0019.R24.01_0000.0001_nc — parse returned None
No valid descending tangent points found. Skipping.
    [skip] podTc2_GN04.2025.239.12.17.0019.G31.01_0000.0001_nc — parse returned None
No valid descending tangent points found. Skipping.
    [skip] podTc2_GN04.2025.239.12.20.0016.C25.01_0000.0001_nc — parse returned None
No valid descending tangent points found. Skipping.
    [skip] podTc2_GN05.2025.239.12.33.0019.C25.01_0000.0001_nc — parse returned None
No valid descending tangent points found. Skipping.
    [skip] podTc2_GN05.2025.239.12.34.0018.R24.01_0000.0001_nc — parse returned None
No valid descending tangent points found. Skipping.
    [skip] podTc2_GN05.2025.239.12.37.0015.C34.01_0000.0001_nc — parse returned None
No valid descending tangent points found. Skipping.
    [skip] podTc2_GN05.2025.239.12.38.0014.R14.01_0000.0001_nc — parse returned None
No valid descending tangent points found. Skipping.
    [skip] podTc2_GN05.2025.239.12.40.0013.R05.01_0000.0001_nc — parse returned None
  Parsed 37/45 files successfully.
    [podTc2] GN04 12:35 — 711 valid rays → decimated to 178 (stride 4)
    [podTc2] GN04 12:35 — 621 valid rays → decimated to 156 (stride 4)
    [podTc2] GN04 12:35 — 473 valid rays → decimated to 158 (stride 3)
    [podTc2] GN04 12:36 — 431 valid rays → decimated to 144 (stride 3)
    [podTc2] GN04 12:36 — 322 valid rays → decimated to 161 (stride 2)
    [podTc2] GN04 12:36 — 368 valid rays → decimated to 184 (stride 2)
    [podTc2] GN04 12:36 — 230 valid rays → decimated to 115 (stride 2)
    [podTc2] GN04 12:35 — 325 valid rays → decimated to 163 (stride 2)
    [podTc2] GN04 12:36 — 126 valid rays → decimated to 126 (stride 1)
    [podTc2] YM08 12:19 — 418 valid rays → decimated to 140 (stride 3)
    [podTc2] GN04 12:41 — 384 valid rays → decimated to 192 (stride 2)
    [podTc2] GN04 12:36 — 56 valid rays → decimated to 56 (stride 1)
    [podTc2] YM08 12:24 — 437 valid rays → decimated to 146 (stride 3)
    [podTc2] GN04 12:44 — 438 valid rays → decimated to 146 (stride 3)
    [podTc2] GN05 12:52 — 417 valid rays → decimated to 139 (stride 3)
    [podTc2] GN04 12:26 — 482 valid rays → decimated to 161 (stride 3)
    [podTc2] GN05 12:52 — 270 valid rays → decimated to 135 (stride 2)
    [podTc2] GN05 12:53 — 306 valid rays → decimated to 153 (stride 2)
    [podTc2] GN05 12:52 — 189 valid rays → decimated to 189 (stride 1)
    [podTc2] GN04 12:27 — 442 valid rays → decimated to 148 (stride 3)
    [podTc2] YM08 12:27 — 411 valid rays → decimated to 137 (stride 3)
    [podTc2] YM08 12:28 — 404 valid rays → decimated to 135 (stride 3)
    [podTc2] GN05 12:50 — 394 valid rays → decimated to 197 (stride 2)
    [podTc2] YM08 12:28 — 784 valid rays → decimated to 196 (stride 4)
    [podTc2] GN04 12:30 — 449 valid rays → decimated to 150 (stride 3)
    [podTc2] GN04 12:31 — 408 valid rays → decimated to 136 (stride 3)
    [podTc2] GN05 12:52 — 57 valid rays → decimated to 57 (stride 1)
    [podTc2] GN04 12:31 — 499 valid rays → decimated to 167 (stride 3)
    [skip] GN05 12:53 — only 9 valid rays
    [podTc2] GN05 12:52 — 102 valid rays → decimated to 102 (stride 1)
    [podTc2] GN04 12:33 — 339 valid rays → decimated to 170 (stride 2)
    [podTc2] GN04 12:34 — 452 valid rays → decimated to 151 (stride 3)
    [podTc2] GN04 12:35 — 1821 valid rays → decimated to 183 (stride 10)
    [podTc2] GN05 12:42 — 469 valid rays → decimated to 157 (stride 3)
    [podTc2] GN05 12:44 — 431 valid rays → decimated to 144 (stride 3)
    [podTc2] GN05 12:52 — 88 valid rays → decimated to 88 (stride 1)
    [podTc2] GN05 12:44 — 396 valid rays → decimated to 198 (stride 2)
  Bbox lat [17.2, 90.0]  lon [-180.0, 180.0]  |  union vertices: 182
  Final group: 36 occultation(s), 182 union-mesh vertices
  Saved trim diagnostic → /home/austinhunter/IonosphereTomography/Figures/ISR_DA_Comparison/OUTPUT/2025-08-27_1227/bin_45/ro_igs/group_2025-08-27_1227_trim.png
  [extra] Injected 51 ground-station arc(s) → total 87 arc(s) in assimilation pool
  -> Building H matrices (5409 rays across 87 arc(s), single parallel sweep) …
  -> Building H matrices:    540/5409 rays ( 10.0%)
  -> Building H matrices:   1080/5409 rays ( 20.0%)
  -> Building H matrices:   1620/5409 rays ( 30.0%)
  -> Building H matrices:   2160/5409 rays ( 39.9%)
  -> Building H matrices:   2700/5409 rays ( 49.9%)
  -> Building H matrices:   3240/5409 rays ( 59.9%)
  -> Building H matrices:   3780/5409 rays ( 69.9%)
  -> Building H matrices:   4320/5409 rays ( 79.9%)
  -> Building H matrices:   4860/5409 rays ( 89.9%)
  -> Building H matrices:   5400/5409 rays ( 99.8%)
  -> Building H matrices:   5409/5409 rays (100.0%)
  Combined H shape : (5409, 10192)  (total rays = 5409)
  Skipping sequential KF assimilation (run_sequential=False).
  Running joint (batch) KF assimilation …
  Prior RMSE  : 37.352 TECU
  Post  RMSE  : 14.264 TECU
    [Abel] GN04 12:35: NmF2=3.73e+11 m⁻³  hmF2=356.6 km
    [Abel] GN04 12:35: NmF2=3.73e+11 m⁻³  hmF2=356.6 km
    [Abel] GN04 12:35: NmF2=5.33e+11 m⁻³  hmF2=294.9 km
    [Abel] GN04 12:36: NmF2=4.89e+11 m⁻³  hmF2=293.1 km
    [Abel] GN04 12:36: NmF2=4.89e+11 m⁻³  hmF2=293.1 km
    [Abel] GN04 12:36: NmF2=5.16e+11 m⁻³  hmF2=293.1 km
    [Abel] GN04 12:36: NmF2=2.35e+11 m⁻³  hmF2=536.6 km
    [Abel] GN04 12:35: NmF2=4.02e+11 m⁻³  hmF2=285.6 km
    [Abel] GN04 12:36: NmF2=1.56e+11 m⁻³  hmF2=573.2 km
    [Abel] YM08 12:19: NmF2=4.56e+11 m⁻³  hmF2=278.7 km
    [Abel] GN04 12:41: NmF2=4.47e+11 m⁻³  hmF2=322.9 km
    [Abel] GN04 12:36: NmF2=1.20e+11 m⁻³  hmF2=577.6 km
    [Abel] YM08 12:24: NmF2=3.34e+11 m⁻³  hmF2=310.3 km
    [Abel] GN04 12:44: NmF2=5.78e+11 m⁻³  hmF2=263.7 km
    [Abel] GN05 12:52: NmF2=4.82e+11 m⁻³  hmF2=350.0 km
    [Abel] GN04 12:26: NmF2=6.82e+11 m⁻³  hmF2=273.6 km
    [Abel] GN05 12:52: NmF2=3.09e+11 m⁻³  hmF2=391.0 km
    [Abel] GN05 12:53: NmF2=3.83e+11 m⁻³  hmF2=363.0 km
    [Abel] GN05 12:52: NmF2=2.05e+11 m⁻³  hmF2=475.6 km
    [Abel] GN04 12:27: NmF2=3.72e+11 m⁻³  hmF2=363.5 km
    [Abel] YM08 12:27: NmF2=4.37e+11 m⁻³  hmF2=297.0 km
    [Abel] YM08 12:28: NmF2=4.48e+11 m⁻³  hmF2=330.2 km
    [Abel] GN05 12:50: NmF2=5.99e+11 m⁻³  hmF2=291.8 km
    [Abel] YM08 12:28: NmF2=5.10e+11 m⁻³  hmF2=411.1 km
    [Abel] GN04 12:30: NmF2=4.52e+11 m⁻³  hmF2=329.9 km
    [Abel] GN04 12:31: NmF2=4.90e+11 m⁻³  hmF2=329.5 km
    [Abel] GN05 12:52: NmF2=1.86e+11 m⁻³  hmF2=582.0 km
    [Abel] GN04 12:31: NmF2=4.35e+11 m⁻³  hmF2=296.5 km
    [Abel] GN05 12:52: NmF2=1.46e+11 m⁻³  hmF2=539.2 km
    [Abel] GN04 12:33: NmF2=4.14e+11 m⁻³  hmF2=331.0 km
    [Abel] GN04 12:34: NmF2=5.55e+11 m⁻³  hmF2=276.3 km
    [Abel] GN04 12:35: NmF2=3.25e+13 m⁻³  hmF2=491.0 km
    [Abel] GN05 12:42: NmF2=3.98e+11 m⁻³  hmF2=287.6 km
    [Abel] GN05 12:44: NmF2=4.14e+11 m⁻³  hmF2=403.5 km
    [Abel] GN05 12:52: NmF2=1.84e+11 m⁻³  hmF2=579.2 km
    [Abel] GN05 12:44: NmF2=4.73e+11 m⁻³  hmF2=291.2 km
    [Abel] Skipped 51 ground-station arc(s) (RO-only technique)
/home/austinhunter/Downloads/PlanetiQ_Code/venv311/lib/python3.11/site-packages/shapely/creation.py:218: RuntimeWarning: invalid value encountered in linestrings
  return lib.linestrings(coords, np.intc(handle_nan), out=out, **kwargs)
◀◀◀ _run_or_load END   | 2025-08-27_1227 | bin=45  | ro_igs    | gridded_kf     : DONE       (399.9s) -> status=Success
▶▶▶ _run_or_load START | 2025-08-27_1227 | bin=45  | igs_only  | gridded_kf    
    [diag] 2025-08-27_1227 | bin=45  | igs_only  | gridded_kf     : RUNNING    (force=True, cached=True) ...
    [Info] Initialising information matrix (n_state=16280) …
    [Info] arcs ingested = 51/51  |  obs rows = 51  |  Λ cond ≈ 2.33e+23
    [Info] Solving …
    [Prior] innovation  mean=29.85  std=22.22  n_obs=51
    [Post ] innovation  mean=18.58  std=17.69
    RMSE:  prior=37.212 TECU  →  post=25.654 TECU
◀◀◀ _run_or_load END   | 2025-08-27_1227 | bin=45  | igs_only  | gridded_kf     : DONE       (141.6s) -> status=ok (no 'status' key)
▶▶▶ _run_or_load START | 2025-08-27_1227 | bin=45  | ro_only   | parametric_ekf
    [diag] 2025-08-27_1227 | bin=45  | ro_only   | parametric_ekf : RUNNING    (force=True, cached=True) ...
  [EKF] Building IRI state at 182 grid points (batch call) …
  [EnKF] Estimating background covariance from 50 EDP samples x 182 grid points ...
  [EnKF] Parameter sigma: log10(NmF2)=0.15  hmF2=20  H0=15  gamma=0.15  B0=20  B1=0.3  log10(NmE)=0.2  hmE=8
  [EnKF] Spatial corr (Ne-space KF method): mean=0.961  max=1.000  min=0.172
  [EKF] Running EKF_Param on 36 arc(s) …
  [EKF] 36 arcs  |  5358 profile rays  |  2805 update rays  |  n_state = 1456
  [EKF] Prior innovations  mean=-29.88  std=34.98  max_abs=144.08 TECU
  [EKF] stage 1/1: free=[log10(NmF2),hmF2,H0,gamma,B0,log10(NmE)] (6/8 params)
  [EKF] iterating [analytical]:   0%|          | 0/20 [00:00<?, ?it/s]  [EKF] iterating [analytical]:   0%|          | 0/20 [00:06<?, ?it/s, RMSE=46.007TECU, a=0.25, rel_dP=7.55e-02]  [EKF] iterating [analytical]:   5%|5         | 1/20 [00:06<02:07,  6.73s/it, RMSE=46.007TECU, a=0.25, rel_dP=7.55e-02]  [EKF] iterating [analytical]:   5%|5         | 1/20 [00:13<02:07,  6.73s/it, RMSE=36.989TECU, a=0.33, rel_dP=7.94e-02]  [EKF] iterating [analytical]:  10%|#         | 2/20 [00:13<02:02,  6.83s/it, RMSE=36.989TECU, a=0.33, rel_dP=7.94e-02]  [EKF] iterating [analytical]:  10%|#         | 2/20 [00:20<02:02,  6.83s/it, RMSE=30.780TECU, a=0.42, rel_dP=9.41e-02]  [EKF] iterating [analytical]:  15%|#5        | 3/20 [00:20<01:59,  7.00s/it, RMSE=30.780TECU, a=0.42, rel_dP=9.41e-02]  [EKF] iterating [analytical]:  15%|#5        | 3/20 [00:27<01:59,  7.00s/it, RMSE=27.417TECU, a=0.55, rel_dP=1.26e-01]  [EKF] iterating [analytical]:  20%|##        | 4/20 [00:27<01:50,  6.92s/it, RMSE=27.417TECU, a=0.55, rel_dP=1.26e-01]  [EKF] iterating [analytical]:  20%|##        | 4/20 [00:34<01:50,  6.92s/it, RMSE=27.417TECU, a=0.27, note=reject]      [EKF] iterating [analytical]:  25%|##5       | 5/20 [00:34<01:41,  6.74s/it, RMSE=27.417TECU, a=0.27, note=reject]  [EKF] iterating [analytical]:  25%|##5       | 5/20 [00:40<01:41,  6.74s/it, RMSE=27.417TECU, a=0.36, rel_dP=8.20e-02]  [EKF] iterating [analytical]:  30%|###       | 6/20 [00:40<01:33,  6.68s/it, RMSE=27.417TECU, a=0.36, rel_dP=8.20e-02]  [EKF] iterating [analytical]:  30%|###       | 6/20 [00:46<01:33,  6.68s/it, RMSE=27.417TECU, a=0.18, note=reject]      [EKF] iterating [analytical]:  35%|###5      | 7/20 [00:46<01:25,  6.58s/it, RMSE=27.417TECU, a=0.18, note=reject]  [EKF] iterating [analytical]:  35%|###5      | 7/20 [00:53<01:25,  6.58s/it, RMSE=27.417TECU, a=0.23, rel_dP=5.33e-02]  [EKF] iterating [analytical]:  40%|####      | 8/20 [00:53<01:18,  6.55s/it, RMSE=27.417TECU, a=0.23, rel_dP=5.33e-02]  [EKF] iterating [analytical]:  40%|####      | 8/20 [00:59<01:18,  6.55s/it, RMSE=27.417TECU, a=0.12, note=reject]      [EKF] iterating [analytical]:  45%|####5     | 9/20 [00:59<01:11,  6.52s/it, RMSE=27.417TECU, a=0.12, note=reject]  [EKF] iterating [analytical]:  45%|####5     | 9/20 [01:06<01:11,  6.52s/it, RMSE=27.417TECU, a=0.15, rel_dP=3.47e-02]  [EKF] iterating [analytical]:  50%|#####     | 10/20 [01:06<01:05,  6.51s/it, RMSE=27.417TECU, a=0.15, rel_dP=3.47e-02]  [EKF] iterating [analytical]:  50%|#####     | 10/20 [01:13<01:05,  6.51s/it, RMSE=27.364TECU, a=0.20, rel_dP=5.14e-02]  [EKF] iterating [analytical]:  55%|#####5    | 11/20 [01:13<00:59,  6.62s/it, RMSE=27.364TECU, a=0.20, rel_dP=5.14e-02]  [EKF] iterating [analytical]:  55%|#####5    | 11/20 [01:19<00:59,  6.62s/it, RMSE=27.364TECU, a=0.10, note=reject]      [EKF] iterating [analytical]:  60%|######    | 12/20 [01:19<00:52,  6.55s/it, RMSE=27.364TECU, a=0.10, note=reject]  [EKF] iterating [analytical]:  60%|######    | 12/20 [01:26<00:52,  6.55s/it, RMSE=27.364TECU, a=0.13, rel_dP=3.34e-02]  [EKF] iterating [analytical]:  65%|######5   | 13/20 [01:26<00:45,  6.55s/it, RMSE=27.364TECU, a=0.13, rel_dP=3.34e-02]  [EKF] iterating [analytical]:  65%|######5   | 13/20 [01:32<00:45,  6.55s/it, RMSE=27.364TECU, a=0.06, note=reject]      [EKF] iterating [analytical]:  70%|#######   | 14/20 [01:32<00:38,  6.50s/it, RMSE=27.364TECU, a=0.06, note=reject]  [EKF] iterating [analytical]:  70%|#######   | 14/20 [01:39<00:38,  6.50s/it, RMSE=27.364TECU, a=0.08, rel_dP=2.17e-02]  [EKF] iterating [analytical]:  75%|#######5  | 15/20 [01:39<00:32,  6.51s/it, RMSE=27.364TECU, a=0.08, rel_dP=2.17e-02]  [EKF] iterating [analytical]:  75%|#######5  | 15/20 [01:45<00:32,  6.51s/it, RMSE=27.364TECU, a=0.04, note=reject]      [EKF] iterating [analytical]:  80%|########  | 16/20 [01:45<00:26,  6.50s/it, RMSE=27.364TECU, a=0.04, note=reject]  [EKF] iterating [analytical]:  80%|########  | 16/20 [01:52<00:26,  6.50s/it, RMSE=27.364TECU, a=0.05, rel_dP=1.41e-02]  [EKF] iterating [analytical]:  85%|########5 | 17/20 [01:52<00:19,  6.50s/it, RMSE=27.364TECU, a=0.05, rel_dP=1.41e-02]  [EKF] iterating [analytical]:  85%|########5 | 17/20 [01:58<00:19,  6.50s/it, RMSE=27.364TECU, a=0.03, note=reject]      [EKF] iterating [analytical]:  90%|######### | 18/20 [01:58<00:12,  6.47s/it, RMSE=27.364TECU, a=0.03, note=reject]  [EKF] iterating [analytical]:  90%|######### | 18/20 [02:05<00:12,  6.47s/it, RMSE=27.364TECU, a=0.04, rel_dP=9.18e-03]  [EKF] iterating [analytical]:  95%|#########5| 19/20 [02:05<00:06,  6.50s/it, RMSE=27.364TECU, a=0.04, rel_dP=9.18e-03]  [EKF] iterating [analytical]:  95%|#########5| 19/20 [02:11<00:06,  6.50s/it, RMSE=27.364TECU, a=0.02, note=reject]      [EKF] iterating [analytical]: 100%|##########| 20/20 [02:11<00:00,  6.47s/it, RMSE=27.364TECU, a=0.02, note=reject]                                                                                                                       [EKF] stage 1 reached max_iter=20 without convergence  (final ||ΔP||/||P|| = 9.18e-03, RMSE=27.44TECU vs tol 5.0)
  [EKF] Posterior innovations  mean=-7.45  std=26.33  max_abs=126.13 TECU
  [EKF] Prior RMSE 45.826 TECU  →  Post RMSE 27.614 TECU
  Saved EKF convergence plot → /home/austinhunter/IonosphereTomography/Figures/ISR_DA_Comparison/OUTPUT/2025-08-27_1227/bin_45/ro_only/2025-08-27_1227_ro_only_ekf_convergence.png
◀◀◀ _run_or_load END   | 2025-08-27_1227 | bin=45  | ro_only   | parametric_ekf : DONE       (198.2s) -> status=Success
▶▶▶ _run_or_load START | 2025-08-27_1227 | bin=45  | ro_igs    | parametric_ekf
    [diag] 2025-08-27_1227 | bin=45  | ro_igs    | parametric_ekf : RUNNING    (force=True, cached=True) ...
  [EKF] Building IRI state at 182 grid points (batch call) …
  [EnKF] Estimating background covariance from 50 EDP samples x 182 grid points ...
  [EnKF] Parameter sigma: log10(NmF2)=0.15  hmF2=20  H0=15  gamma=0.15  B0=20  B1=0.3  log10(NmE)=0.2  hmE=8
  [EnKF] Spatial corr (Ne-space KF method): mean=0.961  max=1.000  min=0.172
  [EKF] Running EKF_Param on 87 arc(s) …
  [EKF] 87 arcs  |  5409 profile rays  |  2856 update rays  |  n_state = 1456
  [EKF] Prior innovations  mean=-28.99  std=35.42  max_abs=144.08 TECU
  [EKF] stage 1/1: free=[log10(NmF2),hmF2,H0,gamma,B0,log10(NmE)] (6/8 params)
  [EKF] iterating [analytical]:   0%|          | 0/20 [00:00<?, ?it/s]  [EKF] iterating [analytical]:   0%|          | 0/20 [00:07<?, ?it/s, RMSE=45.772TECU, a=0.25, rel_dP=7.42e-02]  [EKF] iterating [analytical]:   5%|5         | 1/20 [00:07<02:13,  7.04s/it, RMSE=45.772TECU, a=0.25, rel_dP=7.42e-02]  [EKF] iterating [analytical]:   5%|5         | 1/20 [00:14<02:13,  7.04s/it, RMSE=37.256TECU, a=0.33, rel_dP=7.36e-02]  [EKF] iterating [analytical]:  10%|#         | 2/20 [00:14<02:07,  7.06s/it, RMSE=37.256TECU, a=0.33, rel_dP=7.36e-02]  [EKF] iterating [analytical]:  10%|#         | 2/20 [00:22<02:07,  7.06s/it, RMSE=30.983TECU, a=0.42, rel_dP=7.60e-02]  [EKF] iterating [analytical]:  15%|#5        | 3/20 [00:22<02:07,  7.51s/it, RMSE=30.983TECU, a=0.42, rel_dP=7.60e-02]  [EKF] iterating [analytical]:  15%|#5        | 3/20 [00:29<02:07,  7.51s/it, RMSE=27.101TECU, a=0.55, rel_dP=7.79e-02]  [EKF] iterating [analytical]:  20%|##        | 4/20 [00:29<01:56,  7.28s/it, RMSE=27.101TECU, a=0.55, rel_dP=7.79e-02]  [EKF] iterating [analytical]:  20%|##        | 4/20 [00:35<01:56,  7.28s/it, RMSE=25.223TECU, a=0.71, rel_dP=6.49e-02]  [EKF] iterating [analytical]:  25%|##5       | 5/20 [00:35<01:46,  7.13s/it, RMSE=25.223TECU, a=0.71, rel_dP=6.49e-02]  [EKF] iterating [analytical]:  25%|##5       | 5/20 [00:43<01:46,  7.13s/it, RMSE=24.457TECU, a=0.93, rel_dP=4.75e-02]  [EKF] iterating [analytical]:  30%|###       | 6/20 [00:43<01:39,  7.14s/it, RMSE=24.457TECU, a=0.93, rel_dP=4.75e-02]  [EKF] iterating [analytical]:  30%|###       | 6/20 [00:50<01:39,  7.14s/it, RMSE=24.184TECU, a=1.00, rel_dP=2.87e-02]  [EKF] iterating [analytical]:  35%|###5      | 7/20 [00:50<01:32,  7.12s/it, RMSE=24.184TECU, a=1.00, rel_dP=2.87e-02]  [EKF] iterating [analytical]:  35%|###5      | 7/20 [00:56<01:32,  7.12s/it, RMSE=24.184TECU, a=0.50, note=reject]      [EKF] iterating [analytical]:  40%|####      | 8/20 [00:56<01:23,  6.94s/it, RMSE=24.184TECU, a=0.50, note=reject]  [EKF] iterating [analytical]:  40%|####      | 8/20 [01:03<01:23,  6.94s/it, RMSE=24.184TECU, a=0.65, rel_dP=1.86e-02]  [EKF] iterating [analytical]:  45%|####5     | 9/20 [01:03<01:15,  6.90s/it, RMSE=24.184TECU, a=0.65, rel_dP=1.86e-02]  [EKF] iterating [analytical]:  45%|####5     | 9/20 [01:10<01:15,  6.90s/it, RMSE=24.164TECU, a=0.85, rel_dP=2.43e-02]  [EKF] iterating [analytical]:  50%|#####     | 10/20 [01:10<01:09,  6.98s/it, RMSE=24.164TECU, a=0.85, rel_dP=2.43e-02]  [EKF] iterating [analytical]:  50%|#####     | 10/20 [01:17<01:09,  6.98s/it, RMSE=24.164TECU, a=0.42, note=reject]      [EKF] iterating [analytical]:  55%|#####5    | 11/20 [01:17<01:01,  6.87s/it, RMSE=24.164TECU, a=0.42, note=reject]  [EKF] iterating [analytical]:  55%|#####5    | 11/20 [01:24<01:01,  6.87s/it, RMSE=24.164TECU, a=0.55, rel_dP=1.58e-02]  [EKF] iterating [analytical]:  60%|######    | 12/20 [01:24<00:54,  6.82s/it, RMSE=24.164TECU, a=0.55, rel_dP=1.58e-02]  [EKF] iterating [analytical]:  60%|######    | 12/20 [01:30<00:54,  6.82s/it, RMSE=24.164TECU, a=0.27, note=reject]      [EKF] iterating [analytical]:  65%|######5   | 13/20 [01:30<00:47,  6.76s/it, RMSE=24.164TECU, a=0.27, note=reject]  [EKF] iterating [analytical]:  65%|######5   | 13/20 [01:37<00:47,  6.76s/it, RMSE=24.164TECU, a=0.36, rel_dP=1.03e-02]  [EKF] iterating [analytical]:  70%|#######   | 14/20 [01:37<00:40,  6.74s/it, RMSE=24.164TECU, a=0.36, rel_dP=1.03e-02]  [EKF] iterating [analytical]:  70%|#######   | 14/20 [01:43<00:40,  6.74s/it, RMSE=24.164TECU, a=0.18, note=reject]      [EKF] iterating [analytical]:  75%|#######5  | 15/20 [01:43<00:33,  6.70s/it, RMSE=24.164TECU, a=0.18, note=reject]  [EKF] iterating [analytical]:  75%|#######5  | 15/20 [01:50<00:33,  6.70s/it, RMSE=24.164TECU, a=0.23, rel_dP=6.67e-03]  [EKF] iterating [analytical]:  80%|########  | 16/20 [01:50<00:26,  6.72s/it, RMSE=24.164TECU, a=0.23, rel_dP=6.67e-03]  [EKF] iterating [analytical]:  80%|########  | 16/20 [01:57<00:26,  6.72s/it, RMSE=24.164TECU, a=0.12, note=reject]      [EKF] iterating [analytical]:  85%|########5 | 17/20 [01:57<00:20,  6.69s/it, RMSE=24.164TECU, a=0.12, note=reject]  [EKF] iterating [analytical]:  85%|########5 | 17/20 [02:04<00:20,  6.69s/it, RMSE=24.164TECU, a=0.15, rel_dP=4.33e-03]  [EKF] iterating [analytical]:  90%|######### | 18/20 [02:04<00:13,  6.95s/it, RMSE=24.164TECU, a=0.15, rel_dP=4.33e-03]  [EKF] iterating [analytical]:  90%|######### | 18/20 [02:11<00:13,  6.95s/it, RMSE=24.164TECU, a=0.08, note=reject]      [EKF] iterating [analytical]:  95%|#########5| 19/20 [02:11<00:06,  6.80s/it, RMSE=24.164TECU, a=0.08, note=reject]  [EKF] iterating [analytical]:  95%|#########5| 19/20 [02:18<00:06,  6.80s/it, RMSE=24.164TECU, a=0.10, rel_dP=2.82e-03]  [EKF] iterating [analytical]: 100%|##########| 20/20 [02:18<00:00,  6.77s/it, RMSE=24.164TECU, a=0.10, rel_dP=2.82e-03]                                                                                                                           [EKF] stage 1 reached max_iter=20 without convergence  (final ||ΔP||/||P|| = 2.82e-03, RMSE=24.16TECU vs tol 5.0)
  [EKF] Posterior innovations  mean=-3.32  std=23.94  max_abs=117.89 TECU
  [EKF] Prior RMSE 45.704 TECU  →  Post RMSE 24.284 TECU
  Saved EKF convergence plot → /home/austinhunter/IonosphereTomography/Figures/ISR_DA_Comparison/OUTPUT/2025-08-27_1227/bin_45/ro_igs/2025-08-27_1227_ro_igs_ekf_convergence.png
◀◀◀ _run_or_load END   | 2025-08-27_1227 | bin=45  | ro_igs    | parametric_ekf : DONE       (202.9s) -> status=Success
▶▶▶ _run_or_load START | 2025-08-27_1227 | bin=45  | igs_only  | parametric_ekf
    [diag] 2025-08-27_1227 | bin=45  | igs_only  | parametric_ekf : RUNNING    (force=True, cached=True) ...
  [EKF] Building IRI state at 296 grid points (batch call) …
  [EnKF] Estimating background covariance from 500 EDP samples x 296 grid points ...
  [EnKF] Parameter sigma: log10(NmF2)=0.15  hmF2=20  H0=15  gamma=0.15  B0=20  B1=0.3  log10(NmE)=0.2  hmE=8
  [EnKF] Spatial corr (Ne-space KF method): mean=0.968  max=1.000  min=0.240
  [EKF] Running EKF_Param on 51 arc(s) …
  [EKF] 51 arcs  |  51 profile rays  |  51 update rays  |  n_state = 2368
  [EKF] Prior innovations  mean=15.94  std=22.82  max_abs=51.79 TECU
  [EKF] stage 1/1: free=[log10(NmF2),hmF2,H0,gamma,B0,log10(NmE)] (6/8 params)
  [EKF] iterating [analytical]:   0%|          | 0/20 [00:00<?, ?it/s]  [EKF] iterating [analytical]:   0%|          | 0/20 [00:00<?, ?it/s, RMSE=27.835TECU, a=0.25, rel_dP=4.29e-03]  [EKF] iterating [analytical]:   5%|5         | 1/20 [00:00<00:03,  6.13it/s, RMSE=27.835TECU, a=0.25, rel_dP=4.29e-03]  [EKF] iterating [analytical]:   5%|5         | 1/20 [00:00<00:03,  6.13it/s, RMSE=26.268TECU, a=0.33, rel_dP=5.44e-03]  [EKF] iterating [analytical]:  10%|#         | 2/20 [00:00<00:03,  5.27it/s, RMSE=26.268TECU, a=0.33, rel_dP=5.44e-03]  [EKF] iterating [analytical]:  10%|#         | 2/20 [00:00<00:03,  5.27it/s, RMSE=24.746TECU, a=0.42, rel_dP=6.58e-03]  [EKF] iterating [analytical]:  15%|#5        | 3/20 [00:00<00:03,  5.05it/s, RMSE=24.746TECU, a=0.42, rel_dP=6.58e-03]  [EKF] iterating [analytical]:  15%|#5        | 3/20 [00:00<00:03,  5.05it/s, RMSE=23.853TECU, a=0.55, rel_dP=9.89e-03]  [EKF] iterating [analytical]:  20%|##        | 4/20 [00:00<00:03,  4.03it/s, RMSE=23.853TECU, a=0.55, rel_dP=9.89e-03]  [EKF] iterating [analytical]:  20%|##        | 4/20 [00:01<00:03,  4.03it/s, RMSE=23.478TECU, a=0.71, rel_dP=1.13e-02]  [EKF] iterating [analytical]:  25%|##5       | 5/20 [00:01<00:03,  4.23it/s, RMSE=23.478TECU, a=0.71, rel_dP=1.13e-02]  [EKF] iterating [analytical]:  25%|##5       | 5/20 [00:01<00:03,  4.23it/s, RMSE=23.376TECU, a=0.93, rel_dP=1.77e-02]  [EKF] iterating [analytical]:  30%|###       | 6/20 [00:01<00:03,  4.49it/s, RMSE=23.376TECU, a=0.93, rel_dP=1.77e-02]  [EKF] iterating [analytical]:  30%|###       | 6/20 [00:01<00:03,  4.49it/s, RMSE=23.349TECU, a=1.00, rel_dP=1.64e-02]  [EKF] iterating [analytical]:  35%|###5      | 7/20 [00:01<00:02,  4.73it/s, RMSE=23.349TECU, a=1.00, rel_dP=1.64e-02]  [EKF] iterating [analytical]:  35%|###5      | 7/20 [00:01<00:02,  4.73it/s, RMSE=23.336TECU, a=1.00, rel_dP=1.29e-02]  [EKF] iterating [analytical]:  40%|####      | 8/20 [00:01<00:02,  4.67it/s, RMSE=23.336TECU, a=1.00, rel_dP=1.29e-02]  [EKF] iterating [analytical]:  40%|####      | 8/20 [00:01<00:02,  4.67it/s, RMSE=23.325TECU, a=1.00, rel_dP=2.04e-02]  [EKF] iterating [analytical]:  45%|####5     | 9/20 [00:01<00:02,  4.83it/s, RMSE=23.325TECU, a=1.00, rel_dP=2.04e-02]  [EKF] iterating [analytical]:  45%|####5     | 9/20 [00:02<00:02,  4.83it/s, RMSE=23.307TECU, a=1.00, rel_dP=1.54e-02]  [EKF] iterating [analytical]:  50%|#####     | 10/20 [00:02<00:01,  5.03it/s, RMSE=23.307TECU, a=1.00, rel_dP=1.54e-02]  [EKF] iterating [analytical]:  50%|#####     | 10/20 [00:02<00:01,  5.03it/s, RMSE=23.295TECU, a=1.00, rel_dP=1.94e-02]  [EKF] iterating [analytical]:  55%|#####5    | 11/20 [00:02<00:01,  5.09it/s, RMSE=23.295TECU, a=1.00, rel_dP=1.94e-02]  [EKF] iterating [analytical]:  55%|#####5    | 11/20 [00:02<00:01,  5.09it/s, RMSE=23.276TECU, a=1.00, rel_dP=1.82e-02]  [EKF] iterating [analytical]:  60%|######    | 12/20 [00:02<00:01,  5.09it/s, RMSE=23.276TECU, a=1.00, rel_dP=1.82e-02]  [EKF] iterating [analytical]:  60%|######    | 12/20 [00:02<00:01,  5.09it/s, RMSE=23.262TECU, a=1.00, rel_dP=1.34e-02]  [EKF] iterating [analytical]:  65%|######5   | 13/20 [00:02<00:01,  5.03it/s, RMSE=23.262TECU, a=1.00, rel_dP=1.34e-02]  [EKF] iterating [analytical]:  65%|######5   | 13/20 [00:02<00:01,  5.03it/s, RMSE=23.250TECU, a=1.00, rel_dP=2.01e-02]  [EKF] iterating [analytical]:  70%|#######   | 14/20 [00:02<00:01,  4.76it/s, RMSE=23.250TECU, a=1.00, rel_dP=2.01e-02]  [EKF] iterating [analytical]:  70%|#######   | 14/20 [00:03<00:01,  4.76it/s, RMSE=23.235TECU, a=1.00, rel_dP=1.30e-02]  [EKF] iterating [analytical]:  75%|#######5  | 15/20 [00:03<00:01,  4.95it/s, RMSE=23.235TECU, a=1.00, rel_dP=1.30e-02]  [EKF] iterating [analytical]:  75%|#######5  | 15/20 [00:03<00:01,  4.95it/s, RMSE=23.224TECU, a=1.00, rel_dP=2.41e-02]  [EKF] iterating [analytical]:  80%|########  | 16/20 [00:03<00:00,  5.05it/s, RMSE=23.224TECU, a=1.00, rel_dP=2.41e-02]  [EKF] iterating [analytical]:  80%|########  | 16/20 [00:03<00:00,  5.05it/s, RMSE=23.201TECU, a=1.00, rel_dP=1.27e-02]  [EKF] iterating [analytical]:  85%|########5 | 17/20 [00:03<00:00,  5.07it/s, RMSE=23.201TECU, a=1.00, rel_dP=1.27e-02]  [EKF] iterating [analytical]:  85%|########5 | 17/20 [00:03<00:00,  5.07it/s, RMSE=23.193TECU, a=1.00, rel_dP=1.09e-02]  [EKF] iterating [analytical]:  90%|######### | 18/20 [00:03<00:00,  5.21it/s, RMSE=23.193TECU, a=1.00, rel_dP=1.09e-02]  [EKF] iterating [analytical]:  90%|######### | 18/20 [00:03<00:00,  5.21it/s, RMSE=23.185TECU, a=1.00, rel_dP=1.70e-02]  [EKF] iterating [analytical]:  95%|#########5| 19/20 [00:03<00:00,  5.24it/s, RMSE=23.185TECU, a=1.00, rel_dP=1.70e-02]  [EKF] iterating [analytical]:  95%|#########5| 19/20 [00:04<00:00,  5.24it/s, RMSE=23.168TECU, a=1.00, rel_dP=1.14e-02]  [EKF] iterating [analytical]: 100%|##########| 20/20 [00:04<00:00,  5.30it/s, RMSE=23.168TECU, a=1.00, rel_dP=1.14e-02]                                                                                                                           [EKF] stage 1 reached max_iter=20 without convergence  (final ||ΔP||/||P|| = 1.14e-02, RMSE=23.17TECU vs tol 5.0)
  [EKF] Posterior innovations  mean=1.14  std=23.13  max_abs=67.68 TECU
  [EKF] Prior RMSE 27.835 TECU  →  Post RMSE 23.161 TECU
  Saved EKF convergence plot → /home/austinhunter/IonosphereTomography/Figures/ISR_DA_Comparison/OUTPUT/2025-08-27_1227/bin_45/igs_only/2025-08-27_1227_igs_only_ekf_convergence.png
◀◀◀ _run_or_load END   | 2025-08-27_1227 | bin=45  | igs_only  | parametric_ekf : DONE       (866.0s) -> status=ok (no 'status' key)
  [diag] 2025-08-27_1227 | bin=45 : summary of 6 obs_mode/filter_type combos
           ro_only   | gridded_kf     -> Success
           ro_only   | parametric_ekf -> Success
           ro_igs    | gridded_kf     -> Success
           ro_igs    | parametric_ekf -> Success
           igs_only  | gridded_kf     -> ok (no 'status' key)
           igs_only  | parametric_ekf -> ok (no 'status' key)

▶▶▶ compute_isr_metrics START | group=2025-08-27_1227 bin=45
◀◀◀ compute_isr_metrics END   | group=2025-08-27_1227 bin=45 -> 12 metric row(s)

▶▶▶ _plot_group_all_modes START | group=2025-08-27_1227
  [diag] 2025-08-27_1227/ro_igs/gridded_kf: arc-innovation panels thinned to 36 RO + 20/51 representative IGS arcs (of 87 total)
  [diag] 2025-08-27_1227/ro_igs/parametric_ekf: arc-innovation panels thinned to 36 RO + 20/51 representative IGS arcs (of 87 total)
  [diag] 2025-08-27_1227/igs_only/gridded_kf: arc-innovation panels thinned to 0 RO + 20/51 representative IGS arcs (of 51 total)
  [diag] 2025-08-27_1227/igs_only/parametric_ekf: arc-innovation panels thinned to 0 RO + 20/51 representative IGS arcs (of 51 total)
/home/austinhunter/Downloads/PlanetiQ_Code/venv311/lib/python3.11/site-packages/shapely/creation.py:218: RuntimeWarning: invalid value encountered in linestrings
  return lib.linestrings(coords, np.intc(handle_nan), out=out, **kwargs)
/home/austinhunter/IonosphereTomography/plotIonosphereTomography.py:3914: UserWarning: This figure includes Axes that are not compatible with tight_layout, so results might be incorrect.
  plt.tight_layout(rect=[0, 0, 1, 0.98])
/home/austinhunter/IonosphereTomography/plotIonosphereTomography.py:3914: UserWarning: This figure includes Axes that are not compatible with tight_layout, so results might be incorrect.
  plt.tight_layout(rect=[0, 0, 1, 0.98])
/home/austinhunter/IonosphereTomography/plotIonosphereTomography.py:3914: UserWarning: This figure includes Axes that are not compatible with tight_layout, so results might be incorrect.
  plt.tight_layout(rect=[0, 0, 1, 0.98])
◀◀◀ _plot_group_all_modes END   | group=2025-08-27_1227
No valid descending tangent points found. Skipping.
No valid descending tangent points found. Skipping.
No valid descending tangent points found. Skipping.
No valid descending tangent points found. Skipping.
No valid descending tangent points found. Skipping.
No valid descending tangent points found. Skipping.
No valid descending tangent points found. Skipping.
No valid descending tangent points found. Skipping.
No valid descending tangent points found. Skipping.
No valid descending tangent points found. Skipping.
▶▶▶ _run_or_load START | 2025-08-27_1227 | bin=35  | ro_only   | gridded_kf    
    [diag] 2025-08-27_1227 | bin=35  | ro_only   | gridded_kf     : RUNNING    (force=True, cached=True) ...

────────────────────────────────────────────────────────────
  Group : 2025-08-27_1227
  Window: 2025-08-27_1227  |  Region: POLAR_N  |  35 occultation(s)
────────────────────────────────────────────────────────────
No valid descending tangent points found. Skipping.
    [skip] podTc2_GN04.2025.239.12.17.0019.G31.01_0000.0001_nc — parse returned None
No valid descending tangent points found. Skipping.
    [skip] podTc2_GN04.2025.239.12.21.0015.C34.01_0000.0001_nc — parse returned None
No valid descending tangent points found. Skipping.
    [skip] podTc2_GN04.2025.239.12.23.0013.C32.01_0000.0001_nc — parse returned None
No valid descending tangent points found. Skipping.
    [skip] podTc2_GN04.2025.239.12.26.0010.R14.01_0000.0001_nc — parse returned None
No valid descending tangent points found. Skipping.
    [skip] podTc2_GN05.2025.239.12.33.0019.C25.01_0000.0001_nc — parse returned None
No valid descending tangent points found. Skipping.
    [skip] podTc2_GN05.2025.239.12.37.0015.C34.01_0000.0001_nc — parse returned None
No valid descending tangent points found. Skipping.
    [skip] podTc2_GN05.2025.239.12.38.0014.R14.01_0000.0001_nc — parse returned None
No valid descending tangent points found. Skipping.
    [skip] podTc2_GN05.2025.239.12.38.0014.E24.01_0000.0001_nc — parse returned None
No valid descending tangent points found. Skipping.
    [skip] podTc2_GN05.2025.239.12.39.0013.E03.01_0000.0001_nc — parse returned None
No valid descending tangent points found. Skipping.
    [skip] podTc2_GN05.2025.239.12.40.0013.R05.01_0000.0001_nc — parse returned None
  Parsed 25/35 files successfully.
    [podTc2] GN04 12:35 — 711 valid rays → decimated to 178 (stride 4)
    [podTc2] GN04 12:35 — 621 valid rays → decimated to 156 (stride 4)
    [podTc2] GN04 12:35 — 406 valid rays → decimated to 136 (stride 3)
    [podTc2] GN04 12:36 — 322 valid rays → decimated to 161 (stride 2)
    [podTc2] GN04 12:36 — 282 valid rays → decimated to 141 (stride 2)
    [podTc2] GN04 12:36 — 126 valid rays → decimated to 126 (stride 1)
    [podTc2] YM08 12:19 — 418 valid rays → decimated to 140 (stride 3)
    [podTc2] GN05 12:50 — 438 valid rays → decimated to 146 (stride 3)
    [podTc2] GN04 12:36 — 56 valid rays → decimated to 56 (stride 1)
    [podTc2] YM08 12:24 — 437 valid rays → decimated to 146 (stride 3)
    [podTc2] GN04 12:26 — 482 valid rays → decimated to 161 (stride 3)
    [podTc2] GN04 12:26 — 482 valid rays → decimated to 161 (stride 3)
    [podTc2] GN05 12:53 — 306 valid rays → decimated to 153 (stride 2)
    [podTc2] GN05 12:52 — 189 valid rays → decimated to 189 (stride 1)
    [podTc2] YM08 12:26 — 252 valid rays → decimated to 126 (stride 2)
    [podTc2] YM08 12:28 — 404 valid rays → decimated to 135 (stride 3)
    [podTc2] YM08 12:28 — 784 valid rays → decimated to 196 (stride 4)
    [podTc2] GN05 12:52 — 57 valid rays → decimated to 57 (stride 1)
    [podTc2] GN04 12:31 — 499 valid rays → decimated to 167 (stride 3)
    [podTc2] GN05 12:52 — 102 valid rays → decimated to 102 (stride 1)
    [podTc2] GN04 12:33 — 339 valid rays → decimated to 170 (stride 2)
    [podTc2] GN04 12:34 — 452 valid rays → decimated to 151 (stride 3)
    [podTc2] GN05 12:42 — 469 valid rays → decimated to 157 (stride 3)
    [podTc2] GN05 12:44 — 462 valid rays → decimated to 154 (stride 3)
    [podTc2] GN05 12:44 — 396 valid rays → decimated to 198 (stride 2)
  Bbox lat [37.8, 90.0]  lon [-180.0, 180.0]  |  union vertices: 123
  Final group: 25 occultation(s), 123 union-mesh vertices
  Saved trim diagnostic → /home/austinhunter/IonosphereTomography/Figures/ISR_DA_Comparison/OUTPUT/2025-08-27_1227/bin_35/ro_only/group_2025-08-27_1227_trim.png
  -> Building H matrices (3663 rays across 25 arc(s), single parallel sweep) …
  -> Building H matrices:    366/3663 rays ( 10.0%)
  -> Building H matrices:    732/3663 rays ( 20.0%)
  -> Building H matrices:   1098/3663 rays ( 30.0%)
  -> Building H matrices:   1464/3663 rays ( 40.0%)
  -> Building H matrices:   1830/3663 rays ( 50.0%)
  -> Building H matrices:   2196/3663 rays ( 60.0%)
  -> Building H matrices:   2562/3663 rays ( 69.9%)
  -> Building H matrices:   2928/3663 rays ( 79.9%)
  -> Building H matrices:   3294/3663 rays ( 89.9%)
  -> Building H matrices:   3660/3663 rays ( 99.9%)
  -> Building H matrices:   3663/3663 rays (100.0%)
  Combined H shape : (3663, 6888)  (total rays = 3663)
  Skipping sequential KF assimilation (run_sequential=False).
  Running joint (batch) KF assimilation …
  Prior RMSE  : 40.452 TECU
  Post  RMSE  : 12.726 TECU
    [Abel] GN04 12:35: NmF2=3.73e+11 m⁻³  hmF2=356.6 km
    [Abel] GN04 12:35: NmF2=3.73e+11 m⁻³  hmF2=356.6 km
    [Abel] GN04 12:35: NmF2=5.33e+11 m⁻³  hmF2=294.9 km
    [Abel] GN04 12:36: NmF2=4.89e+11 m⁻³  hmF2=293.1 km
    [Abel] GN04 12:36: NmF2=4.01e+11 m⁻³  hmF2=355.3 km
    [Abel] GN04 12:36: NmF2=1.56e+11 m⁻³  hmF2=573.2 km
    [Abel] YM08 12:19: NmF2=4.56e+11 m⁻³  hmF2=278.7 km
    [Abel] GN05 12:50: NmF2=4.41e+11 m⁻³  hmF2=324.4 km
    [Abel] GN04 12:36: NmF2=1.20e+11 m⁻³  hmF2=577.6 km
    [Abel] YM08 12:24: NmF2=3.34e+11 m⁻³  hmF2=310.3 km
    [Abel] GN04 12:26: NmF2=6.82e+11 m⁻³  hmF2=273.6 km
    [Abel] GN04 12:26: NmF2=6.82e+11 m⁻³  hmF2=273.6 km
    [Abel] GN05 12:53: NmF2=3.83e+11 m⁻³  hmF2=363.0 km
    [Abel] GN05 12:52: NmF2=2.05e+11 m⁻³  hmF2=475.6 km
    [Abel] YM08 12:26: NmF2=3.64e+11 m⁻³  hmF2=309.7 km
    [Abel] YM08 12:28: NmF2=4.48e+11 m⁻³  hmF2=330.2 km
    [Abel] YM08 12:28: NmF2=5.10e+11 m⁻³  hmF2=411.1 km
    [Abel] GN05 12:52: NmF2=1.86e+11 m⁻³  hmF2=582.0 km
    [Abel] GN04 12:31: NmF2=4.35e+11 m⁻³  hmF2=296.5 km
    [Abel] GN05 12:52: NmF2=1.46e+11 m⁻³  hmF2=539.2 km
    [Abel] GN04 12:33: NmF2=4.14e+11 m⁻³  hmF2=331.0 km
    [Abel] GN04 12:34: NmF2=5.55e+11 m⁻³  hmF2=276.3 km
    [Abel] GN05 12:42: NmF2=3.98e+11 m⁻³  hmF2=287.6 km
    [Abel] GN05 12:44: NmF2=4.96e+11 m⁻³  hmF2=289.9 km
    [Abel] GN05 12:44: NmF2=4.73e+11 m⁻³  hmF2=291.2 km
◀◀◀ _run_or_load END   | 2025-08-27_1227 | bin=35  | ro_only   | gridded_kf     : DONE       (153.2s) -> status=Success
▶▶▶ _run_or_load START | 2025-08-27_1227 | bin=35  | ro_igs    | gridded_kf    
    [diag] 2025-08-27_1227 | bin=35  | ro_igs    | gridded_kf     : RUNNING    (force=True, cached=True) ...

────────────────────────────────────────────────────────────
  Group : 2025-08-27_1227
  Window: 2025-08-27_1227  |  Region: POLAR_N  |  35 occultation(s)
────────────────────────────────────────────────────────────
No valid descending tangent points found. Skipping.
    [skip] podTc2_GN04.2025.239.12.17.0019.G31.01_0000.0001_nc — parse returned None
No valid descending tangent points found. Skipping.
    [skip] podTc2_GN04.2025.239.12.21.0015.C34.01_0000.0001_nc — parse returned None
No valid descending tangent points found. Skipping.
    [skip] podTc2_GN04.2025.239.12.23.0013.C32.01_0000.0001_nc — parse returned None
No valid descending tangent points found. Skipping.
    [skip] podTc2_GN04.2025.239.12.26.0010.R14.01_0000.0001_nc — parse returned None
No valid descending tangent points found. Skipping.
    [skip] podTc2_GN05.2025.239.12.33.0019.C25.01_0000.0001_nc — parse returned None
No valid descending tangent points found. Skipping.
    [skip] podTc2_GN05.2025.239.12.37.0015.C34.01_0000.0001_nc — parse returned None
No valid descending tangent points found. Skipping.
    [skip] podTc2_GN05.2025.239.12.38.0014.R14.01_0000.0001_nc — parse returned None
No valid descending tangent points found. Skipping.
    [skip] podTc2_GN05.2025.239.12.38.0014.E24.01_0000.0001_nc — parse returned None
No valid descending tangent points found. Skipping.
    [skip] podTc2_GN05.2025.239.12.39.0013.E03.01_0000.0001_nc — parse returned None
No valid descending tangent points found. Skipping.
    [skip] podTc2_GN05.2025.239.12.40.0013.R05.01_0000.0001_nc — parse returned None
  Parsed 25/35 files successfully.
    [podTc2] GN04 12:35 — 711 valid rays → decimated to 178 (stride 4)
    [podTc2] GN04 12:35 — 621 valid rays → decimated to 156 (stride 4)
    [podTc2] GN04 12:35 — 406 valid rays → decimated to 136 (stride 3)
    [podTc2] GN04 12:36 — 322 valid rays → decimated to 161 (stride 2)
    [podTc2] GN04 12:36 — 282 valid rays → decimated to 141 (stride 2)
    [podTc2] GN04 12:36 — 126 valid rays → decimated to 126 (stride 1)
    [podTc2] YM08 12:19 — 418 valid rays → decimated to 140 (stride 3)
    [podTc2] GN05 12:50 — 438 valid rays → decimated to 146 (stride 3)
    [podTc2] GN04 12:36 — 56 valid rays → decimated to 56 (stride 1)
    [podTc2] YM08 12:24 — 437 valid rays → decimated to 146 (stride 3)
    [podTc2] GN04 12:26 — 482 valid rays → decimated to 161 (stride 3)
    [podTc2] GN04 12:26 — 482 valid rays → decimated to 161 (stride 3)
    [podTc2] GN05 12:53 — 306 valid rays → decimated to 153 (stride 2)
    [podTc2] GN05 12:52 — 189 valid rays → decimated to 189 (stride 1)
    [podTc2] YM08 12:26 — 252 valid rays → decimated to 126 (stride 2)
    [podTc2] YM08 12:28 — 404 valid rays → decimated to 135 (stride 3)
    [podTc2] YM08 12:28 — 784 valid rays → decimated to 196 (stride 4)
    [podTc2] GN05 12:52 — 57 valid rays → decimated to 57 (stride 1)
    [podTc2] GN04 12:31 — 499 valid rays → decimated to 167 (stride 3)
    [podTc2] GN05 12:52 — 102 valid rays → decimated to 102 (stride 1)
    [podTc2] GN04 12:33 — 339 valid rays → decimated to 170 (stride 2)
    [podTc2] GN04 12:34 — 452 valid rays → decimated to 151 (stride 3)
    [podTc2] GN05 12:42 — 469 valid rays → decimated to 157 (stride 3)
    [podTc2] GN05 12:44 — 462 valid rays → decimated to 154 (stride 3)
    [podTc2] GN05 12:44 — 396 valid rays → decimated to 198 (stride 2)
  Bbox lat [37.8, 90.0]  lon [-180.0, 180.0]  |  union vertices: 123
  Final group: 25 occultation(s), 123 union-mesh vertices
  Saved trim diagnostic → /home/austinhunter/IonosphereTomography/Figures/ISR_DA_Comparison/OUTPUT/2025-08-27_1227/bin_35/ro_igs/group_2025-08-27_1227_trim.png
  [extra] Injected 51 ground-station arc(s) → total 76 arc(s) in assimilation pool
  -> Building H matrices (3714 rays across 76 arc(s), single parallel sweep) …
  -> Building H matrices:    371/3714 rays ( 10.0%)
  -> Building H matrices:    742/3714 rays ( 20.0%)
  -> Building H matrices:   1113/3714 rays ( 30.0%)
  -> Building H matrices:   1484/3714 rays ( 40.0%)
  -> Building H matrices:   1855/3714 rays ( 49.9%)
  -> Building H matrices:   2226/3714 rays ( 59.9%)
  -> Building H matrices:   2597/3714 rays ( 69.9%)
  -> Building H matrices:   2968/3714 rays ( 79.9%)
  -> Building H matrices:   3339/3714 rays ( 89.9%)
  -> Building H matrices:   3710/3714 rays ( 99.9%)
  -> Building H matrices:   3714/3714 rays (100.0%)
  Combined H shape : (3714, 6888)  (total rays = 3714)
  Skipping sequential KF assimilation (run_sequential=False).
  Running joint (batch) KF assimilation …
  Prior RMSE  : 40.355 TECU
  Post  RMSE  : 13.133 TECU
    [Abel] GN04 12:35: NmF2=3.73e+11 m⁻³  hmF2=356.6 km
    [Abel] GN04 12:35: NmF2=3.73e+11 m⁻³  hmF2=356.6 km
    [Abel] GN04 12:35: NmF2=5.33e+11 m⁻³  hmF2=294.9 km
    [Abel] GN04 12:36: NmF2=4.89e+11 m⁻³  hmF2=293.1 km
    [Abel] GN04 12:36: NmF2=4.01e+11 m⁻³  hmF2=355.3 km
    [Abel] GN04 12:36: NmF2=1.56e+11 m⁻³  hmF2=573.2 km
    [Abel] YM08 12:19: NmF2=4.56e+11 m⁻³  hmF2=278.7 km
    [Abel] GN05 12:50: NmF2=4.41e+11 m⁻³  hmF2=324.4 km
    [Abel] GN04 12:36: NmF2=1.20e+11 m⁻³  hmF2=577.6 km
    [Abel] YM08 12:24: NmF2=3.34e+11 m⁻³  hmF2=310.3 km
    [Abel] GN04 12:26: NmF2=6.82e+11 m⁻³  hmF2=273.6 km
    [Abel] GN04 12:26: NmF2=6.82e+11 m⁻³  hmF2=273.6 km
    [Abel] GN05 12:53: NmF2=3.83e+11 m⁻³  hmF2=363.0 km
    [Abel] GN05 12:52: NmF2=2.05e+11 m⁻³  hmF2=475.6 km
    [Abel] YM08 12:26: NmF2=3.64e+11 m⁻³  hmF2=309.7 km
    [Abel] YM08 12:28: NmF2=4.48e+11 m⁻³  hmF2=330.2 km
    [Abel] YM08 12:28: NmF2=5.10e+11 m⁻³  hmF2=411.1 km
    [Abel] GN05 12:52: NmF2=1.86e+11 m⁻³  hmF2=582.0 km
    [Abel] GN04 12:31: NmF2=4.35e+11 m⁻³  hmF2=296.5 km
    [Abel] GN05 12:52: NmF2=1.46e+11 m⁻³  hmF2=539.2 km
    [Abel] GN04 12:33: NmF2=4.14e+11 m⁻³  hmF2=331.0 km
    [Abel] GN04 12:34: NmF2=5.55e+11 m⁻³  hmF2=276.3 km
    [Abel] GN05 12:42: NmF2=3.98e+11 m⁻³  hmF2=287.6 km
    [Abel] GN05 12:44: NmF2=4.96e+11 m⁻³  hmF2=289.9 km
    [Abel] GN05 12:44: NmF2=4.73e+11 m⁻³  hmF2=291.2 km
    [Abel] Skipped 51 ground-station arc(s) (RO-only technique)
/home/austinhunter/Downloads/PlanetiQ_Code/venv311/lib/python3.11/site-packages/shapely/creation.py:218: RuntimeWarning: invalid value encountered in linestrings
  return lib.linestrings(coords, np.intc(handle_nan), out=out, **kwargs)
◀◀◀ _run_or_load END   | 2025-08-27_1227 | bin=35  | ro_igs    | gridded_kf     : DONE       (152.1s) -> status=Success
▶▶▶ _run_or_load START | 2025-08-27_1227 | bin=35  | igs_only  | gridded_kf    
    [diag] 2025-08-27_1227 | bin=35  | igs_only  | gridded_kf     : RUNNING    (force=True, cached=True) ...
    [Info] Initialising information matrix (n_state=12210) …
    [Info] arcs ingested = 51/51  |  obs rows = 51  |  Λ cond ≈ 2.33e+23
    [Info] Solving …
    [Prior] innovation  mean=29.85  std=22.22  n_obs=51
    [Post ] innovation  mean=18.54  std=17.72
    RMSE:  prior=37.212 TECU  →  post=25.643 TECU
◀◀◀ _run_or_load END   | 2025-08-27_1227 | bin=35  | igs_only  | gridded_kf     : DONE       (63.0s) -> status=ok (no 'status' key)
▶▶▶ _run_or_load START | 2025-08-27_1227 | bin=35  | ro_only   | parametric_ekf
    [diag] 2025-08-27_1227 | bin=35  | ro_only   | parametric_ekf : RUNNING    (force=True, cached=True) ...
  [EKF] Building IRI state at 123 grid points (batch call) …
  [EnKF] Estimating background covariance from 50 EDP samples x 123 grid points ...
  [EnKF] Parameter sigma: log10(NmF2)=0.15  hmF2=20  H0=15  gamma=0.15  B0=20  B1=0.3  log10(NmE)=0.2  hmE=8
  [EnKF] Spatial corr (Ne-space KF method): mean=0.963  max=1.000  min=0.251
  [EKF] Running EKF_Param on 25 arc(s) …
  [EKF] 25 arcs  |  3663 profile rays  |  1906 update rays  |  n_state = 984
  [EKF] Prior innovations  mean=-27.05  std=40.20  max_abs=144.08 TECU
  [EKF] stage 1/1: free=[log10(NmF2),hmF2,H0,gamma,B0,log10(NmE)] (6/8 params)
  [EKF] iterating [analytical]:   0%|          | 0/20 [00:00<?, ?it/s]  [EKF] iterating [analytical]:   0%|          | 0/20 [00:04<?, ?it/s, RMSE=48.451TECU, a=0.25, rel_dP=6.34e-02]  [EKF] iterating [analytical]:   5%|5         | 1/20 [00:04<01:29,  4.68s/it, RMSE=48.451TECU, a=0.25, rel_dP=6.34e-02]  [EKF] iterating [analytical]:   5%|5         | 1/20 [00:09<01:29,  4.68s/it, RMSE=40.104TECU, a=0.33, rel_dP=6.36e-02]  [EKF] iterating [analytical]:  10%|#         | 2/20 [00:09<01:22,  4.57s/it, RMSE=40.104TECU, a=0.33, rel_dP=6.36e-02]  [EKF] iterating [analytical]:  10%|#         | 2/20 [00:13<01:22,  4.57s/it, RMSE=34.140TECU, a=0.42, rel_dP=4.24e-02]  [EKF] iterating [analytical]:  15%|#5        | 3/20 [00:13<01:16,  4.50s/it, RMSE=34.140TECU, a=0.42, rel_dP=4.24e-02]  [EKF] iterating [analytical]:  15%|#5        | 3/20 [00:18<01:16,  4.50s/it, RMSE=30.771TECU, a=0.55, rel_dP=9.62e-33]  [EKF] iterating [analytical]:  20%|##        | 4/20 [00:18<01:16,  4.79s/it, RMSE=30.771TECU, a=0.55, rel_dP=9.62e-33]  [EKF] iterating [analytical]:  20%|##        | 4/20 [00:24<01:16,  4.79s/it, RMSE=30.771TECU, a=0.71, rel_dP=1.25e-32]  [EKF] iterating [analytical]:  25%|##5       | 5/20 [00:24<01:16,  5.07s/it, RMSE=30.771TECU, a=0.71, rel_dP=1.25e-32]  [EKF] iterating [analytical]:  25%|##5       | 5/20 [00:29<01:16,  5.07s/it, RMSE=30.771TECU, a=0.93, rel_dP=1.63e-32]  [EKF] iterating [analytical]:  30%|###       | 6/20 [00:29<01:12,  5.15s/it, RMSE=30.771TECU, a=0.93, rel_dP=1.63e-32]  [EKF] iterating [analytical]:  30%|###       | 6/20 [00:34<01:12,  5.15s/it, RMSE=30.771TECU, a=1.00, rel_dP=1.75e-32]  [EKF] iterating [analytical]:  35%|###5      | 7/20 [00:34<01:07,  5.17s/it, RMSE=30.771TECU, a=1.00, rel_dP=1.75e-32]  [EKF] iterating [analytical]:  35%|###5      | 7/20 [00:40<01:07,  5.17s/it, RMSE=30.771TECU, a=1.00, rel_dP=1.75e-32]  [EKF] iterating [analytical]:  40%|####      | 8/20 [00:40<01:03,  5.26s/it, RMSE=30.771TECU, a=1.00, rel_dP=1.75e-32]  [EKF] iterating [analytical]:  40%|####      | 8/20 [00:45<01:03,  5.26s/it, RMSE=30.771TECU, a=1.00, rel_dP=1.75e-32]  [EKF] iterating [analytical]:  45%|####5     | 9/20 [00:45<00:57,  5.26s/it, RMSE=30.771TECU, a=1.00, rel_dP=1.75e-32]  [EKF] iterating [analytical]:  45%|####5     | 9/20 [00:50<00:57,  5.26s/it, RMSE=30.771TECU, a=1.00, rel_dP=1.75e-32]  [EKF] iterating [analytical]:  50%|#####     | 10/20 [00:50<00:52,  5.27s/it, RMSE=30.771TECU, a=1.00, rel_dP=1.75e-32]  [EKF] iterating [analytical]:  50%|#####     | 10/20 [00:56<00:52,  5.27s/it, RMSE=30.771TECU, a=1.00, rel_dP=1.75e-32]  [EKF] iterating [analytical]:  55%|#####5    | 11/20 [00:56<00:48,  5.38s/it, RMSE=30.771TECU, a=1.00, rel_dP=1.75e-32]  [EKF] iterating [analytical]:  55%|#####5    | 11/20 [01:01<00:48,  5.38s/it, RMSE=30.771TECU, a=1.00, rel_dP=1.75e-32]  [EKF] iterating [analytical]:  60%|######    | 12/20 [01:01<00:43,  5.38s/it, RMSE=30.771TECU, a=1.00, rel_dP=1.75e-32]  [EKF] iterating [analytical]:  60%|######    | 12/20 [01:07<00:43,  5.38s/it, RMSE=30.771TECU, a=1.00, rel_dP=1.75e-32]  [EKF] iterating [analytical]:  65%|######5   | 13/20 [01:07<00:37,  5.36s/it, RMSE=30.771TECU, a=1.00, rel_dP=1.75e-32]  [EKF] iterating [analytical]:  65%|######5   | 13/20 [01:12<00:37,  5.36s/it, RMSE=30.771TECU, a=1.00, rel_dP=1.75e-32]  [EKF] iterating [analytical]:  70%|#######   | 14/20 [01:12<00:32,  5.40s/it, RMSE=30.771TECU, a=1.00, rel_dP=1.75e-32]  [EKF] iterating [analytical]:  70%|#######   | 14/20 [01:18<00:32,  5.40s/it, RMSE=30.771TECU, a=1.00, rel_dP=1.75e-32]  [EKF] iterating [analytical]:  75%|#######5  | 15/20 [01:18<00:27,  5.53s/it, RMSE=30.771TECU, a=1.00, rel_dP=1.75e-32]  [EKF] iterating [analytical]:  75%|#######5  | 15/20 [01:23<00:27,  5.53s/it, RMSE=30.771TECU, a=1.00, rel_dP=1.75e-32]  [EKF] iterating [analytical]:  80%|########  | 16/20 [01:23<00:21,  5.49s/it, RMSE=30.771TECU, a=1.00, rel_dP=1.75e-32]  [EKF] iterating [analytical]:  80%|########  | 16/20 [01:29<00:21,  5.49s/it, RMSE=30.771TECU, a=1.00, rel_dP=1.75e-32]  [EKF] iterating [analytical]:  85%|########5 | 17/20 [01:29<00:16,  5.45s/it, RMSE=30.771TECU, a=1.00, rel_dP=1.75e-32]  [EKF] iterating [analytical]:  85%|########5 | 17/20 [01:34<00:16,  5.45s/it, RMSE=30.771TECU, a=1.00, rel_dP=1.75e-32]  [EKF] iterating [analytical]:  90%|######### | 18/20 [01:34<00:10,  5.41s/it, RMSE=30.771TECU, a=1.00, rel_dP=1.75e-32]  [EKF] iterating [analytical]:  90%|######### | 18/20 [01:39<00:10,  5.41s/it, RMSE=30.771TECU, a=1.00, rel_dP=1.75e-32]  [EKF] iterating [analytical]:  95%|#########5| 19/20 [01:39<00:05,  5.38s/it, RMSE=30.771TECU, a=1.00, rel_dP=1.75e-32]  [EKF] iterating [analytical]:  95%|#########5| 19/20 [01:45<00:05,  5.38s/it, RMSE=30.771TECU, a=1.00, rel_dP=1.75e-32]  [EKF] iterating [analytical]: 100%|##########| 20/20 [01:45<00:00,  5.43s/it, RMSE=30.771TECU, a=1.00, rel_dP=1.75e-32]                                                                                                                           [EKF] stage 1 reached max_iter=20 without convergence  (final ||ΔP||/||P|| = 1.75e-32, RMSE=30.77TECU vs tol 5.0)
  [EKF] Posterior innovations  mean=-8.56  std=29.55  max_abs=122.19 TECU
  [EKF] Prior RMSE 48.142 TECU  →  Post RMSE 30.782 TECU
  Saved EKF convergence plot → /home/austinhunter/IonosphereTomography/Figures/ISR_DA_Comparison/OUTPUT/2025-08-27_1227/bin_35/ro_only/2025-08-27_1227_ro_only_ekf_convergence.png
◀◀◀ _run_or_load END   | 2025-08-27_1227 | bin=35  | ro_only   | parametric_ekf : DONE       (150.5s) -> status=Success
▶▶▶ _run_or_load START | 2025-08-27_1227 | bin=35  | ro_igs    | parametric_ekf
    [diag] 2025-08-27_1227 | bin=35  | ro_igs    | parametric_ekf : RUNNING    (force=True, cached=True) ...
  [EKF] Building IRI state at 123 grid points (batch call) …
  [EnKF] Estimating background covariance from 50 EDP samples x 123 grid points ...
  [EnKF] Parameter sigma: log10(NmF2)=0.15  hmF2=20  H0=15  gamma=0.15  B0=20  B1=0.3  log10(NmE)=0.2  hmE=8
  [EnKF] Spatial corr (Ne-space KF method): mean=0.963  max=1.000  min=0.251
  [EKF] Running EKF_Param on 76 arc(s) …
  [EKF] 76 arcs  |  3714 profile rays  |  1957 update rays  |  n_state = 984
  [EKF] Prior innovations  mean=-25.83  std=40.54  max_abs=144.08 TECU
  [EKF] stage 1/1: free=[log10(NmF2),hmF2,H0,gamma,B0,log10(NmE)] (6/8 params)
  [EKF] iterating [analytical]:   0%|          | 0/20 [00:00<?, ?it/s]  [EKF] iterating [analytical]:   0%|          | 0/20 [00:05<?, ?it/s, RMSE=48.063TECU, a=0.25, rel_dP=7.98e-02]  [EKF] iterating [analytical]:   5%|5         | 1/20 [00:05<01:36,  5.09s/it, RMSE=48.063TECU, a=0.25, rel_dP=7.98e-02]  [EKF] iterating [analytical]:   5%|5         | 1/20 [00:09<01:36,  5.09s/it, RMSE=39.338TECU, a=0.33, rel_dP=8.15e-02]  [EKF] iterating [analytical]:  10%|#         | 2/20 [00:09<01:27,  4.84s/it, RMSE=39.338TECU, a=0.33, rel_dP=8.15e-02]  [EKF] iterating [analytical]:  10%|#         | 2/20 [00:14<01:27,  4.84s/it, RMSE=33.548TECU, a=0.42, rel_dP=7.10e-02]  [EKF] iterating [analytical]:  15%|#5        | 3/20 [00:14<01:19,  4.70s/it, RMSE=33.548TECU, a=0.42, rel_dP=7.10e-02]  [EKF] iterating [analytical]:  15%|#5        | 3/20 [00:18<01:19,  4.70s/it, RMSE=31.315TECU, a=0.55, rel_dP=1.02e-01]  [EKF] iterating [analytical]:  20%|##        | 4/20 [00:18<01:14,  4.64s/it, RMSE=31.315TECU, a=0.55, rel_dP=1.02e-01]  [EKF] iterating [analytical]:  20%|##        | 4/20 [00:23<01:14,  4.64s/it, RMSE=31.315TECU, a=0.27, note=reject]      [EKF] iterating [analytical]:  25%|##5       | 5/20 [00:23<01:07,  4.51s/it, RMSE=31.315TECU, a=0.27, note=reject]  [EKF] iterating [analytical]:  25%|##5       | 5/20 [00:27<01:07,  4.51s/it, RMSE=31.315TECU, a=0.36, rel_dP=6.63e-02]  [EKF] iterating [analytical]:  30%|###       | 6/20 [00:27<01:02,  4.50s/it, RMSE=31.315TECU, a=0.36, rel_dP=6.63e-02]  [EKF] iterating [analytical]:  30%|###       | 6/20 [00:31<01:02,  4.50s/it, RMSE=31.315TECU, a=0.18, note=reject]      [EKF] iterating [analytical]:  35%|###5      | 7/20 [00:31<00:57,  4.44s/it, RMSE=31.315TECU, a=0.18, note=reject]  [EKF] iterating [analytical]:  35%|###5      | 7/20 [00:36<00:57,  4.44s/it, RMSE=31.315TECU, a=0.23, rel_dP=4.31e-02]  [EKF] iterating [analytical]:  40%|####      | 8/20 [00:36<00:54,  4.56s/it, RMSE=31.315TECU, a=0.23, rel_dP=4.31e-02]  [EKF] iterating [analytical]:  40%|####      | 8/20 [00:41<00:54,  4.56s/it, RMSE=31.315TECU, a=0.12, note=reject]      [EKF] iterating [analytical]:  45%|####5     | 9/20 [00:41<00:49,  4.47s/it, RMSE=31.315TECU, a=0.12, note=reject]  [EKF] iterating [analytical]:  45%|####5     | 9/20 [00:45<00:49,  4.47s/it, RMSE=31.315TECU, a=0.15, rel_dP=2.80e-02]  [EKF] iterating [analytical]:  50%|#####     | 10/20 [00:45<00:44,  4.49s/it, RMSE=31.315TECU, a=0.15, rel_dP=2.80e-02]  [EKF] iterating [analytical]:  50%|#####     | 10/20 [00:49<00:44,  4.49s/it, RMSE=31.315TECU, a=0.08, note=reject]      [EKF] iterating [analytical]:  55%|#####5    | 11/20 [00:49<00:39,  4.43s/it, RMSE=31.315TECU, a=0.08, note=reject]  [EKF] iterating [analytical]:  55%|#####5    | 11/20 [00:54<00:39,  4.43s/it, RMSE=31.315TECU, a=0.10, rel_dP=1.82e-02]  [EKF] iterating [analytical]:  60%|######    | 12/20 [00:54<00:36,  4.60s/it, RMSE=31.315TECU, a=0.10, rel_dP=1.82e-02]  [EKF] iterating [analytical]:  60%|######    | 12/20 [00:59<00:36,  4.60s/it, RMSE=31.315TECU, a=0.05, note=reject]      [EKF] iterating [analytical]:  65%|######5   | 13/20 [00:59<00:31,  4.51s/it, RMSE=31.315TECU, a=0.05, note=reject]  [EKF] iterating [analytical]:  65%|######5   | 13/20 [01:03<00:31,  4.51s/it, RMSE=31.315TECU, a=0.06, rel_dP=1.18e-02]  [EKF] iterating [analytical]:  70%|#######   | 14/20 [01:03<00:27,  4.52s/it, RMSE=31.315TECU, a=0.06, rel_dP=1.18e-02]  [EKF] iterating [analytical]:  70%|#######   | 14/20 [01:08<00:27,  4.52s/it, RMSE=31.315TECU, a=0.03, note=reject]      [EKF] iterating [analytical]:  75%|#######5  | 15/20 [01:08<00:22,  4.46s/it, RMSE=31.315TECU, a=0.03, note=reject]  [EKF] iterating [analytical]:  75%|#######5  | 15/20 [01:12<00:22,  4.46s/it, RMSE=31.315TECU, a=0.04, rel_dP=7.69e-03]  [EKF] iterating [analytical]:  80%|########  | 16/20 [01:12<00:18,  4.51s/it, RMSE=31.315TECU, a=0.04, rel_dP=7.69e-03]  [EKF] iterating [analytical]:  80%|########  | 16/20 [01:16<00:18,  4.51s/it, RMSE=31.315TECU, a=0.02, note=reject]      [EKF] iterating [analytical]:  85%|########5 | 17/20 [01:16<00:13,  4.45s/it, RMSE=31.315TECU, a=0.02, note=reject]  [EKF] iterating [analytical]:  85%|########5 | 17/20 [01:21<00:13,  4.45s/it, RMSE=31.315TECU, a=0.03, rel_dP=5.00e-03]  [EKF] iterating [analytical]:  90%|######### | 18/20 [01:21<00:08,  4.46s/it, RMSE=31.315TECU, a=0.03, rel_dP=5.00e-03]  [EKF] iterating [analytical]:  90%|######### | 18/20 [01:25<00:08,  4.46s/it, RMSE=31.313TECU, a=0.04, rel_dP=6.49e-03]  [EKF] iterating [analytical]:  95%|#########5| 19/20 [01:25<00:04,  4.48s/it, RMSE=31.313TECU, a=0.04, rel_dP=6.49e-03]  [EKF] iterating [analytical]:  95%|#########5| 19/20 [01:30<00:04,  4.48s/it, RMSE=31.313TECU, a=0.02, note=reject]      [EKF] iterating [analytical]: 100%|##########| 20/20 [01:30<00:00,  4.42s/it, RMSE=31.313TECU, a=0.02, note=reject]                                                                                                                       [EKF] stage 1 reached max_iter=20 without convergence  (final ||ΔP||/||P|| = 6.49e-03, RMSE=31.32TECU vs tol 5.0)
  [EKF] Posterior innovations  mean=-6.64  std=30.60  max_abs=123.23 TECU
  [EKF] Prior RMSE 47.941 TECU  →  Post RMSE 31.319 TECU
  Saved EKF convergence plot → /home/austinhunter/IonosphereTomography/Figures/ISR_DA_Comparison/OUTPUT/2025-08-27_1227/bin_35/ro_igs/2025-08-27_1227_ro_igs_ekf_convergence.png
◀◀◀ _run_or_load END   | 2025-08-27_1227 | bin=35  | ro_igs    | parametric_ekf : DONE       (133.1s) -> status=Success
▶▶▶ _run_or_load START | 2025-08-27_1227 | bin=35  | igs_only  | parametric_ekf
    [diag] 2025-08-27_1227 | bin=35  | igs_only  | parametric_ekf : RUNNING    (force=True, cached=True) ...
  [EKF] Building IRI state at 222 grid points (batch call) …
  [EnKF] Estimating background covariance from 500 EDP samples x 222 grid points ...
  [EnKF] Parameter sigma: log10(NmF2)=0.15  hmF2=20  H0=15  gamma=0.15  B0=20  B1=0.3  log10(NmE)=0.2  hmE=8
  [EnKF] Spatial corr (Ne-space KF method): mean=0.965  max=1.000  min=0.161
  [EKF] Running EKF_Param on 51 arc(s) …
  [EKF] 51 arcs  |  51 profile rays  |  51 update rays  |  n_state = 1776
  [EKF] Prior innovations  mean=16.13  std=22.81  max_abs=51.51 TECU
  [EKF] stage 1/1: free=[log10(NmF2),hmF2,H0,gamma,B0,log10(NmE)] (6/8 params)
  [EKF] iterating [analytical]:   0%|          | 0/20 [00:00<?, ?it/s]  [EKF] iterating [analytical]:   0%|          | 0/20 [00:00<?, ?it/s, RMSE=27.932TECU, a=0.25, rel_dP=9.99e-03]  [EKF] iterating [analytical]:   5%|5         | 1/20 [00:00<00:03,  6.27it/s, RMSE=27.932TECU, a=0.25, rel_dP=9.99e-03]  [EKF] iterating [analytical]:   5%|5         | 1/20 [00:00<00:03,  6.27it/s, RMSE=26.348TECU, a=0.33, rel_dP=1.02e-02]  [EKF] iterating [analytical]:  10%|#         | 2/20 [00:00<00:03,  5.31it/s, RMSE=26.348TECU, a=0.33, rel_dP=1.02e-02]  [EKF] iterating [analytical]:  10%|#         | 2/20 [00:00<00:03,  5.31it/s, RMSE=24.812TECU, a=0.42, rel_dP=1.14e-02]  [EKF] iterating [analytical]:  15%|#5        | 3/20 [00:00<00:03,  5.17it/s, RMSE=24.812TECU, a=0.42, rel_dP=1.14e-02]  [EKF] iterating [analytical]:  15%|#5        | 3/20 [00:00<00:03,  5.17it/s, RMSE=23.897TECU, a=0.55, rel_dP=1.14e-02]  [EKF] iterating [analytical]:  20%|##        | 4/20 [00:00<00:03,  5.06it/s, RMSE=23.897TECU, a=0.55, rel_dP=1.14e-02]  [EKF] iterating [analytical]:  20%|##        | 4/20 [00:01<00:03,  5.06it/s, RMSE=23.497TECU, a=0.71, rel_dP=1.95e-02]  [EKF] iterating [analytical]:  25%|##5       | 5/20 [00:01<00:03,  4.75it/s, RMSE=23.497TECU, a=0.71, rel_dP=1.95e-02]  [EKF] iterating [analytical]:  25%|##5       | 5/20 [00:01<00:03,  4.75it/s, RMSE=23.370TECU, a=0.93, rel_dP=1.96e-02]  [EKF] iterating [analytical]:  30%|###       | 6/20 [00:01<00:02,  4.94it/s, RMSE=23.370TECU, a=0.93, rel_dP=1.96e-02]  [EKF] iterating [analytical]:  30%|###       | 6/20 [00:01<00:02,  4.94it/s, RMSE=23.335TECU, a=1.00, rel_dP=2.34e-02]  [EKF] iterating [analytical]:  35%|###5      | 7/20 [00:01<00:02,  4.96it/s, RMSE=23.335TECU, a=1.00, rel_dP=2.34e-02]  [EKF] iterating [analytical]:  35%|###5      | 7/20 [00:01<00:02,  4.96it/s, RMSE=23.314TECU, a=1.00, rel_dP=1.33e-02]  [EKF] iterating [analytical]:  40%|####      | 8/20 [00:01<00:02,  4.94it/s, RMSE=23.314TECU, a=1.00, rel_dP=1.33e-02]  [EKF] iterating [analytical]:  40%|####      | 8/20 [00:01<00:02,  4.94it/s, RMSE=23.303TECU, a=1.00, rel_dP=2.55e-02]  [EKF] iterating [analytical]:  45%|####5     | 9/20 [00:01<00:02,  5.05it/s, RMSE=23.303TECU, a=1.00, rel_dP=2.55e-02]  [EKF] iterating [analytical]:  45%|####5     | 9/20 [00:01<00:02,  5.05it/s, RMSE=23.283TECU, a=1.00, rel_dP=1.46e-02]  [EKF] iterating [analytical]:  50%|#####     | 10/20 [00:01<00:01,  5.13it/s, RMSE=23.283TECU, a=1.00, rel_dP=1.46e-02]  [EKF] iterating [analytical]:  50%|#####     | 10/20 [00:02<00:01,  5.13it/s, RMSE=23.273TECU, a=1.00, rel_dP=2.14e-02]  [EKF] iterating [analytical]:  55%|#####5    | 11/20 [00:02<00:01,  5.16it/s, RMSE=23.273TECU, a=1.00, rel_dP=2.14e-02]  [EKF] iterating [analytical]:  55%|#####5    | 11/20 [00:02<00:01,  5.16it/s, RMSE=23.256TECU, a=1.00, rel_dP=1.42e-02]  [EKF] iterating [analytical]:  60%|######    | 12/20 [00:02<00:01,  5.20it/s, RMSE=23.256TECU, a=1.00, rel_dP=1.42e-02]  [EKF] iterating [analytical]:  60%|######    | 12/20 [00:02<00:01,  5.20it/s, RMSE=23.245TECU, a=1.00, rel_dP=1.87e-02]  [EKF] iterating [analytical]:  65%|######5   | 13/20 [00:02<00:01,  5.20it/s, RMSE=23.245TECU, a=1.00, rel_dP=1.87e-02]  [EKF] iterating [analytical]:  65%|######5   | 13/20 [00:02<00:01,  5.20it/s, RMSE=23.225TECU, a=1.00, rel_dP=1.69e-02]  [EKF] iterating [analytical]:  70%|#######   | 14/20 [00:02<00:01,  5.26it/s, RMSE=23.225TECU, a=1.00, rel_dP=1.69e-02]  [EKF] iterating [analytical]:  70%|#######   | 14/20 [00:02<00:01,  5.26it/s, RMSE=23.214TECU, a=1.00, rel_dP=1.28e-02]  [EKF] iterating [analytical]:  75%|#######5  | 15/20 [00:02<00:01,  4.94it/s, RMSE=23.214TECU, a=1.00, rel_dP=1.28e-02]  [EKF] iterating [analytical]:  75%|#######5  | 15/20 [00:03<00:01,  4.94it/s, RMSE=23.205TECU, a=1.00, rel_dP=2.38e-02]  [EKF] iterating [analytical]:  80%|########  | 16/20 [00:03<00:00,  4.84it/s, RMSE=23.205TECU, a=1.00, rel_dP=2.38e-02]  [EKF] iterating [analytical]:  80%|########  | 16/20 [00:03<00:00,  4.84it/s, RMSE=23.186TECU, a=1.00, rel_dP=9.93e-03]  [EKF] iterating [analytical]:  85%|########5 | 17/20 [00:03<00:00,  4.91it/s, RMSE=23.186TECU, a=1.00, rel_dP=9.93e-03]  [EKF] iterating [analytical]:  85%|########5 | 17/20 [00:03<00:00,  4.91it/s, RMSE=23.180TECU, a=1.00, rel_dP=1.64e-02]  [EKF] iterating [analytical]:  90%|######### | 18/20 [00:03<00:00,  5.06it/s, RMSE=23.180TECU, a=1.00, rel_dP=1.64e-02]  [EKF] iterating [analytical]:  90%|######### | 18/20 [00:03<00:00,  5.06it/s, RMSE=23.160TECU, a=1.00, rel_dP=2.42e-02]  [EKF] iterating [analytical]:  95%|#########5| 19/20 [00:03<00:00,  5.14it/s, RMSE=23.160TECU, a=1.00, rel_dP=2.42e-02]  [EKF] iterating [analytical]:  95%|#########5| 19/20 [00:03<00:00,  5.14it/s, RMSE=23.145TECU, a=1.00, rel_dP=1.03e-02]  [EKF] iterating [analytical]: 100%|##########| 20/20 [00:03<00:00,  5.04it/s, RMSE=23.145TECU, a=1.00, rel_dP=1.03e-02]                                                                                                                           [EKF] stage 1 reached max_iter=20 without convergence  (final ||ΔP||/||P|| = 1.03e-02, RMSE=23.14TECU vs tol 5.0)
  [EKF] Posterior innovations  mean=1.09  std=23.11  max_abs=67.52 TECU
  [EKF] Prior RMSE 27.932 TECU  →  Post RMSE 23.138 TECU
  Saved EKF convergence plot → /home/austinhunter/IonosphereTomography/Figures/ISR_DA_Comparison/OUTPUT/2025-08-27_1227/bin_35/igs_only/2025-08-27_1227_igs_only_ekf_convergence.png
◀◀◀ _run_or_load END   | 2025-08-27_1227 | bin=35  | igs_only  | parametric_ekf : DONE       (590.5s) -> status=ok (no 'status' key)
  [diag] 2025-08-27_1227 | bin=35 : summary of 6 obs_mode/filter_type combos
           ro_only   | gridded_kf     -> Success
           ro_only   | parametric_ekf -> Success
           ro_igs    | gridded_kf     -> Success
           ro_igs    | parametric_ekf -> Success
           igs_only  | gridded_kf     -> ok (no 'status' key)
           igs_only  | parametric_ekf -> ok (no 'status' key)

▶▶▶ compute_isr_metrics START | group=2025-08-27_1227 bin=35
◀◀◀ compute_isr_metrics END   | group=2025-08-27_1227 bin=35 -> 12 metric row(s)

▶▶▶ _plot_group_all_modes START | group=2025-08-27_1227
  [diag] 2025-08-27_1227/ro_igs/gridded_kf: arc-innovation panels thinned to 25 RO + 20/51 representative IGS arcs (of 76 total)
  [diag] 2025-08-27_1227/ro_igs/parametric_ekf: arc-innovation panels thinned to 25 RO + 20/51 representative IGS arcs (of 76 total)
  [diag] 2025-08-27_1227/igs_only/gridded_kf: arc-innovation panels thinned to 0 RO + 20/51 representative IGS arcs (of 51 total)
  [diag] 2025-08-27_1227/igs_only/parametric_ekf: arc-innovation panels thinned to 0 RO + 20/51 representative IGS arcs (of 51 total)
/home/austinhunter/Downloads/PlanetiQ_Code/venv311/lib/python3.11/site-packages/shapely/creation.py:218: RuntimeWarning: invalid value encountered in linestrings
  return lib.linestrings(coords, np.intc(handle_nan), out=out, **kwargs)
/home/austinhunter/IonosphereTomography/plotIonosphereTomography.py:3914: UserWarning: This figure includes Axes that are not compatible with tight_layout, so results might be incorrect.
  plt.tight_layout(rect=[0, 0, 1, 0.98])
/home/austinhunter/IonosphereTomography/plotIonosphereTomography.py:3914: UserWarning: This figure includes Axes that are not compatible with tight_layout, so results might be incorrect.
  plt.tight_layout(rect=[0, 0, 1, 0.98])
/home/austinhunter/IonosphereTomography/plotIonosphereTomography.py:3914: UserWarning: This figure includes Axes that are not compatible with tight_layout, so results might be incorrect.
  plt.tight_layout(rect=[0, 0, 1, 0.98])
◀◀◀ _plot_group_all_modes END   | group=2025-08-27_1227
No valid descending tangent points found. Skipping.
No valid descending tangent points found. Skipping.
No valid descending tangent points found. Skipping.
No valid descending tangent points found. Skipping.
No valid descending tangent points found. Skipping.
No valid descending tangent points found. Skipping.
▶▶▶ _run_or_load START | 2025-08-27_1227 | bin=25  | ro_only   | gridded_kf    
    [diag] 2025-08-27_1227 | bin=25  | ro_only   | gridded_kf     : RUNNING    (force=True, cached=True) ...

────────────────────────────────────────────────────────────
  Group : 2025-08-27_1227
  Window: 2025-08-27_1227  |  Region: POLAR_N  |  25 occultation(s)
────────────────────────────────────────────────────────────
No valid descending tangent points found. Skipping.
    [skip] podTc2_GN04.2025.239.12.20.0016.C25.01_0000.0001_nc — parse returned None
No valid descending tangent points found. Skipping.
    [skip] podTc2_GN04.2025.239.12.23.0013.R05.01_0000.0001_nc — parse returned None
No valid descending tangent points found. Skipping.
    [skip] podTc2_GN04.2025.239.12.26.0010.R14.01_0000.0001_nc — parse returned None
No valid descending tangent points found. Skipping.
    [skip] podTc2_GN05.2025.239.12.37.0015.C34.01_0000.0001_nc — parse returned None
No valid descending tangent points found. Skipping.
    [skip] podTc2_GN05.2025.239.12.38.0014.R14.01_0000.0001_nc — parse returned None
No valid descending tangent points found. Skipping.
    [skip] podTc2_GN05.2025.239.12.38.0014.E24.01_0000.0001_nc — parse returned None
  Parsed 19/25 files successfully.
    [podTc2] GN04 12:35 — 711 valid rays → decimated to 178 (stride 4)
    [podTc2] GN04 12:35 — 621 valid rays → decimated to 156 (stride 4)
    [podTc2] GN04 12:35 — 473 valid rays → decimated to 158 (stride 3)
    [podTc2] GN04 12:35 — 406 valid rays → decimated to 136 (stride 3)
    [podTc2] GN04 12:37 — 460 valid rays → decimated to 154 (stride 3)
    [podTc2] GN04 12:36 — 324 valid rays → decimated to 162 (stride 2)
    [podTc2] GN04 12:36 — 368 valid rays → decimated to 184 (stride 2)
    [podTc2] GN04 12:41 — 384 valid rays → decimated to 192 (stride 2)
    [podTc2] GN05 12:50 — 438 valid rays → decimated to 146 (stride 3)
    [podTc2] GN05 12:52 — 417 valid rays → decimated to 139 (stride 3)
    [podTc2] GN04 12:44 — 543 valid rays → decimated to 181 (stride 3)
    [podTc2] GN04 12:26 — 482 valid rays → decimated to 161 (stride 3)
    [podTc2] GN04 12:27 — 442 valid rays → decimated to 148 (stride 3)
    [podTc2] YM08 12:26 — 252 valid rays → decimated to 126 (stride 2)
    [podTc2] GN05 12:50 — 394 valid rays → decimated to 197 (stride 2)
    [podTc2] YM08 12:28 — 784 valid rays → decimated to 196 (stride 4)
    [podTc2] GN04 12:30 — 449 valid rays → decimated to 150 (stride 3)
    [skip] GN05 12:53 — only 9 valid rays
    [podTc2] GN05 12:52 — 102 valid rays → decimated to 102 (stride 1)
  Bbox lat [39.5, 90.0]  lon [-180.0, 180.0]  |  union vertices: 135
  Final group: 18 occultation(s), 135 union-mesh vertices
  Saved trim diagnostic → /home/austinhunter/IonosphereTomography/Figures/ISR_DA_Comparison/OUTPUT/2025-08-27_1227/bin_25/ro_only/group_2025-08-27_1227_trim.png
  -> Building H matrices (2866 rays across 18 arc(s), single parallel sweep) …
  -> Building H matrices:    286/2866 rays ( 10.0%)
  -> Building H matrices:    572/2866 rays ( 20.0%)
  -> Building H matrices:    858/2866 rays ( 29.9%)
  -> Building H matrices:   1144/2866 rays ( 39.9%)
  -> Building H matrices:   1430/2866 rays ( 49.9%)
  -> Building H matrices:   1716/2866 rays ( 59.9%)
  -> Building H matrices:   2002/2866 rays ( 69.9%)
  -> Building H matrices:   2288/2866 rays ( 79.8%)
  -> Building H matrices:   2574/2866 rays ( 89.8%)
  -> Building H matrices:   2860/2866 rays ( 99.8%)
  -> Building H matrices:   2866/2866 rays (100.0%)
  Combined H shape : (2866, 7560)  (total rays = 2866)
  Skipping sequential KF assimilation (run_sequential=False).
  Running joint (batch) KF assimilation …
  Prior RMSE  : 32.448 TECU
  Post  RMSE  : 10.191 TECU
    [Abel] GN04 12:35: NmF2=3.73e+11 m⁻³  hmF2=356.6 km
    [Abel] GN04 12:35: NmF2=3.73e+11 m⁻³  hmF2=356.6 km
    [Abel] GN04 12:35: NmF2=5.33e+11 m⁻³  hmF2=294.9 km
    [Abel] GN04 12:35: NmF2=5.33e+11 m⁻³  hmF2=294.9 km
    [Abel] GN04 12:37: NmF2=4.58e+11 m⁻³  hmF2=306.6 km
    [Abel] GN04 12:36: NmF2=5.16e+11 m⁻³  hmF2=293.1 km
    [Abel] GN04 12:36: NmF2=5.16e+11 m⁻³  hmF2=293.1 km
    [Abel] GN04 12:41: NmF2=4.47e+11 m⁻³  hmF2=322.9 km
    [Abel] GN05 12:50: NmF2=4.41e+11 m⁻³  hmF2=324.4 km
    [Abel] GN05 12:52: NmF2=4.82e+11 m⁻³  hmF2=350.0 km
    [Abel] GN04 12:44: NmF2=6.74e+11 m⁻³  hmF2=258.4 km
    [Abel] GN04 12:26: NmF2=6.82e+11 m⁻³  hmF2=273.6 km
    [Abel] GN04 12:27: NmF2=3.72e+11 m⁻³  hmF2=363.5 km
    [Abel] YM08 12:26: NmF2=3.64e+11 m⁻³  hmF2=309.7 km
    [Abel] GN05 12:50: NmF2=5.99e+11 m⁻³  hmF2=291.8 km
    [Abel] YM08 12:28: NmF2=5.10e+11 m⁻³  hmF2=411.1 km
    [Abel] GN04 12:30: NmF2=4.52e+11 m⁻³  hmF2=329.9 km
    [Abel] GN05 12:52: NmF2=1.46e+11 m⁻³  hmF2=539.2 km
◀◀◀ _run_or_load END   | 2025-08-27_1227 | bin=25  | ro_only   | gridded_kf     : DONE       (153.5s) -> status=Success
▶▶▶ _run_or_load START | 2025-08-27_1227 | bin=25  | ro_igs    | gridded_kf    
    [diag] 2025-08-27_1227 | bin=25  | ro_igs    | gridded_kf     : RUNNING    (force=True, cached=True) ...

────────────────────────────────────────────────────────────
  Group : 2025-08-27_1227
  Window: 2025-08-27_1227  |  Region: POLAR_N  |  25 occultation(s)
────────────────────────────────────────────────────────────
No valid descending tangent points found. Skipping.
    [skip] podTc2_GN04.2025.239.12.20.0016.C25.01_0000.0001_nc — parse returned None
No valid descending tangent points found. Skipping.
    [skip] podTc2_GN04.2025.239.12.23.0013.R05.01_0000.0001_nc — parse returned None
No valid descending tangent points found. Skipping.
    [skip] podTc2_GN04.2025.239.12.26.0010.R14.01_0000.0001_nc — parse returned None
No valid descending tangent points found. Skipping.
    [skip] podTc2_GN05.2025.239.12.37.0015.C34.01_0000.0001_nc — parse returned None
No valid descending tangent points found. Skipping.
    [skip] podTc2_GN05.2025.239.12.38.0014.R14.01_0000.0001_nc — parse returned None
No valid descending tangent points found. Skipping.
    [skip] podTc2_GN05.2025.239.12.38.0014.E24.01_0000.0001_nc — parse returned None
  Parsed 19/25 files successfully.
    [podTc2] GN04 12:35 — 711 valid rays → decimated to 178 (stride 4)
    [podTc2] GN04 12:35 — 621 valid rays → decimated to 156 (stride 4)
    [podTc2] GN04 12:35 — 473 valid rays → decimated to 158 (stride 3)
    [podTc2] GN04 12:35 — 406 valid rays → decimated to 136 (stride 3)
    [podTc2] GN04 12:37 — 460 valid rays → decimated to 154 (stride 3)
    [podTc2] GN04 12:36 — 324 valid rays → decimated to 162 (stride 2)
    [podTc2] GN04 12:36 — 368 valid rays → decimated to 184 (stride 2)
    [podTc2] GN04 12:41 — 384 valid rays → decimated to 192 (stride 2)
    [podTc2] GN05 12:50 — 438 valid rays → decimated to 146 (stride 3)
    [podTc2] GN05 12:52 — 417 valid rays → decimated to 139 (stride 3)
    [podTc2] GN04 12:44 — 543 valid rays → decimated to 181 (stride 3)
    [podTc2] GN04 12:26 — 482 valid rays → decimated to 161 (stride 3)
    [podTc2] GN04 12:27 — 442 valid rays → decimated to 148 (stride 3)
    [podTc2] YM08 12:26 — 252 valid rays → decimated to 126 (stride 2)
    [podTc2] GN05 12:50 — 394 valid rays → decimated to 197 (stride 2)
    [podTc2] YM08 12:28 — 784 valid rays → decimated to 196 (stride 4)
    [podTc2] GN04 12:30 — 449 valid rays → decimated to 150 (stride 3)
    [skip] GN05 12:53 — only 9 valid rays
    [podTc2] GN05 12:52 — 102 valid rays → decimated to 102 (stride 1)
  Bbox lat [39.5, 90.0]  lon [-180.0, 180.0]  |  union vertices: 135
  Final group: 18 occultation(s), 135 union-mesh vertices
  Saved trim diagnostic → /home/austinhunter/IonosphereTomography/Figures/ISR_DA_Comparison/OUTPUT/2025-08-27_1227/bin_25/ro_igs/group_2025-08-27_1227_trim.png
  [extra] Injected 51 ground-station arc(s) → total 69 arc(s) in assimilation pool
  -> Building H matrices (2917 rays across 69 arc(s), single parallel sweep) …
  -> Building H matrices:    291/2917 rays ( 10.0%)
  -> Building H matrices:    582/2917 rays ( 20.0%)
  -> Building H matrices:    873/2917 rays ( 29.9%)
  -> Building H matrices:   1164/2917 rays ( 39.9%)
  -> Building H matrices:   1455/2917 rays ( 49.9%)
  -> Building H matrices:   1746/2917 rays ( 59.9%)
  -> Building H matrices:   2037/2917 rays ( 69.8%)
  -> Building H matrices:   2328/2917 rays ( 79.8%)
  -> Building H matrices:   2619/2917 rays ( 89.8%)
  -> Building H matrices:   2910/2917 rays ( 99.8%)
  -> Building H matrices:   2917/2917 rays (100.0%)
  Combined H shape : (2917, 7560)  (total rays = 2917)
  Skipping sequential KF assimilation (run_sequential=False).
  Running joint (batch) KF assimilation …
  Prior RMSE  : 32.451 TECU
  Post  RMSE  : 10.663 TECU
    [Abel] GN04 12:35: NmF2=3.73e+11 m⁻³  hmF2=356.6 km
    [Abel] GN04 12:35: NmF2=3.73e+11 m⁻³  hmF2=356.6 km
    [Abel] GN04 12:35: NmF2=5.33e+11 m⁻³  hmF2=294.9 km
    [Abel] GN04 12:35: NmF2=5.33e+11 m⁻³  hmF2=294.9 km
    [Abel] GN04 12:37: NmF2=4.58e+11 m⁻³  hmF2=306.6 km
    [Abel] GN04 12:36: NmF2=5.16e+11 m⁻³  hmF2=293.1 km
    [Abel] GN04 12:36: NmF2=5.16e+11 m⁻³  hmF2=293.1 km
    [Abel] GN04 12:41: NmF2=4.47e+11 m⁻³  hmF2=322.9 km
    [Abel] GN05 12:50: NmF2=4.41e+11 m⁻³  hmF2=324.4 km
    [Abel] GN05 12:52: NmF2=4.82e+11 m⁻³  hmF2=350.0 km
    [Abel] GN04 12:44: NmF2=6.74e+11 m⁻³  hmF2=258.4 km
    [Abel] GN04 12:26: NmF2=6.82e+11 m⁻³  hmF2=273.6 km
    [Abel] GN04 12:27: NmF2=3.72e+11 m⁻³  hmF2=363.5 km
    [Abel] YM08 12:26: NmF2=3.64e+11 m⁻³  hmF2=309.7 km
    [Abel] GN05 12:50: NmF2=5.99e+11 m⁻³  hmF2=291.8 km
    [Abel] YM08 12:28: NmF2=5.10e+11 m⁻³  hmF2=411.1 km
    [Abel] GN04 12:30: NmF2=4.52e+11 m⁻³  hmF2=329.9 km
    [Abel] GN05 12:52: NmF2=1.46e+11 m⁻³  hmF2=539.2 km
    [Abel] Skipped 51 ground-station arc(s) (RO-only technique)
/home/austinhunter/Downloads/PlanetiQ_Code/venv311/lib/python3.11/site-packages/shapely/creation.py:218: RuntimeWarning: invalid value encountered in linestrings
  return lib.linestrings(coords, np.intc(handle_nan), out=out, **kwargs)
◀◀◀ _run_or_load END   | 2025-08-27_1227 | bin=25  | ro_igs    | gridded_kf     : DONE       (155.8s) -> status=Success
▶▶▶ _run_or_load START | 2025-08-27_1227 | bin=25  | igs_only  | gridded_kf    
    [diag] 2025-08-27_1227 | bin=25  | igs_only  | gridded_kf     : RUNNING    (force=True, cached=True) ...
    [Info] Initialising information matrix (n_state=12210) …
    [Info] arcs ingested = 51/51  |  obs rows = 51  |  Λ cond ≈ 2.33e+23
    [Info] Solving …
    [Prior] innovation  mean=29.85  std=22.22  n_obs=51
    [Post ] innovation  mean=18.60  std=17.96
    RMSE:  prior=37.212 TECU  →  post=25.854 TECU
◀◀◀ _run_or_load END   | 2025-08-27_1227 | bin=25  | igs_only  | gridded_kf     : DONE       (67.4s) -> status=ok (no 'status' key)
▶▶▶ _run_or_load START | 2025-08-27_1227 | bin=25  | ro_only   | parametric_ekf
    [diag] 2025-08-27_1227 | bin=25  | ro_only   | parametric_ekf : RUNNING    (force=True, cached=True) ...
  [EKF] Building IRI state at 135 grid points (batch call) …
  [EnKF] Estimating background covariance from 50 EDP samples x 135 grid points ...
  [EnKF] Parameter sigma: log10(NmF2)=0.15  hmF2=20  H0=15  gamma=0.15  B0=20  B1=0.3  log10(NmE)=0.2  hmE=8
  [EnKF] Spatial corr (Ne-space KF method): mean=0.963  max=1.000  min=0.251
  [EKF] Running EKF_Param on 18 arc(s) …
  [EKF] 18 arcs  |  2866 profile rays  |  1449 update rays  |  n_state = 1080
  [EKF] Prior innovations  mean=-13.54  std=34.15  max_abs=129.96 TECU
  [EKF] stage 1/1: free=[log10(NmF2),hmF2,H0,gamma,B0,log10(NmE)] (6/8 params)
  [EKF] iterating [analytical]:   0%|          | 0/20 [00:00<?, ?it/s]  [EKF] iterating [analytical]:   0%|          | 0/20 [00:03<?, ?it/s, RMSE=36.737TECU, a=0.25, rel_dP=5.17e-02]  [EKF] iterating [analytical]:   5%|5         | 1/20 [00:03<01:06,  3.52s/it, RMSE=36.737TECU, a=0.25, rel_dP=5.17e-02]  [EKF] iterating [analytical]:   5%|5         | 1/20 [00:06<01:06,  3.52s/it, RMSE=29.814TECU, a=0.33, rel_dP=5.61e-02]  [EKF] iterating [analytical]:  10%|#         | 2/20 [00:06<01:02,  3.48s/it, RMSE=29.814TECU, a=0.33, rel_dP=5.61e-02]  [EKF] iterating [analytical]:  10%|#         | 2/20 [00:10<01:02,  3.48s/it, RMSE=24.097TECU, a=0.42, rel_dP=3.51e-02]  [EKF] iterating [analytical]:  15%|#5        | 3/20 [00:10<00:58,  3.46s/it, RMSE=24.097TECU, a=0.42, rel_dP=3.51e-02]  [EKF] iterating [analytical]:  15%|#5        | 3/20 [00:13<00:58,  3.46s/it, RMSE=20.488TECU, a=0.55, rel_dP=1.65e-02]  [EKF] iterating [analytical]:  20%|##        | 4/20 [00:13<00:55,  3.44s/it, RMSE=20.488TECU, a=0.55, rel_dP=1.65e-02]  [EKF] iterating [analytical]:  20%|##        | 4/20 [00:17<00:55,  3.44s/it, RMSE=18.714TECU, a=0.71, rel_dP=1.41e-02]  [EKF] iterating [analytical]:  25%|##5       | 5/20 [00:17<00:52,  3.49s/it, RMSE=18.714TECU, a=0.71, rel_dP=1.41e-02]  [EKF] iterating [analytical]:  25%|##5       | 5/20 [00:20<00:52,  3.49s/it, RMSE=17.736TECU, a=0.93, rel_dP=1.72e-02]  [EKF] iterating [analytical]:  30%|###       | 6/20 [00:20<00:48,  3.47s/it, RMSE=17.736TECU, a=0.93, rel_dP=1.72e-02]  [EKF] iterating [analytical]:  30%|###       | 6/20 [00:24<00:48,  3.47s/it, RMSE=17.040TECU, a=1.00, rel_dP=2.09e-02]  [EKF] iterating [analytical]:  35%|###5      | 7/20 [00:24<00:44,  3.46s/it, RMSE=17.040TECU, a=1.00, rel_dP=2.09e-02]  [EKF] iterating [analytical]:  35%|###5      | 7/20 [00:27<00:44,  3.46s/it, RMSE=16.552TECU, a=1.00, rel_dP=1.59e-02]  [EKF] iterating [analytical]:  40%|####      | 8/20 [00:27<00:41,  3.43s/it, RMSE=16.552TECU, a=1.00, rel_dP=1.59e-02]  [EKF] iterating [analytical]:  40%|####      | 8/20 [00:31<00:41,  3.43s/it, RMSE=16.312TECU, a=1.00, rel_dP=1.64e-02]  [EKF] iterating [analytical]:  45%|####5     | 9/20 [00:31<00:37,  3.42s/it, RMSE=16.312TECU, a=1.00, rel_dP=1.64e-02]  [EKF] iterating [analytical]:  45%|####5     | 9/20 [00:34<00:37,  3.42s/it, RMSE=16.123TECU, a=1.00, rel_dP=1.36e-02]  [EKF] iterating [analytical]:  50%|#####     | 10/20 [00:34<00:34,  3.42s/it, RMSE=16.123TECU, a=1.00, rel_dP=1.36e-02]  [EKF] iterating [analytical]:  50%|#####     | 10/20 [00:37<00:34,  3.42s/it, RMSE=15.990TECU, a=1.00, rel_dP=1.15e-02]  [EKF] iterating [analytical]:  55%|#####5    | 11/20 [00:37<00:30,  3.43s/it, RMSE=15.990TECU, a=1.00, rel_dP=1.15e-02]  [EKF] iterating [analytical]:  55%|#####5    | 11/20 [00:41<00:30,  3.43s/it, RMSE=15.890TECU, a=1.00, rel_dP=9.22e-03]  [EKF] iterating [analytical]:  60%|######    | 12/20 [00:41<00:27,  3.43s/it, RMSE=15.890TECU, a=1.00, rel_dP=9.22e-03]  [EKF] iterating [analytical]:  60%|######    | 12/20 [00:44<00:27,  3.43s/it, RMSE=15.810TECU, a=1.00, rel_dP=8.98e-03]  [EKF] iterating [analytical]:  65%|######5   | 13/20 [00:44<00:24,  3.46s/it, RMSE=15.810TECU, a=1.00, rel_dP=8.98e-03]  [EKF] iterating [analytical]:  65%|######5   | 13/20 [00:48<00:24,  3.46s/it, RMSE=15.744TECU, a=1.00, rel_dP=8.77e-03]  [EKF] iterating [analytical]:  70%|#######   | 14/20 [00:48<00:20,  3.48s/it, RMSE=15.744TECU, a=1.00, rel_dP=8.77e-03]  [EKF] iterating [analytical]:  70%|#######   | 14/20 [00:51<00:20,  3.48s/it, RMSE=15.684TECU, a=1.00, rel_dP=7.91e-03]  [EKF] iterating [analytical]:  75%|#######5  | 15/20 [00:51<00:17,  3.46s/it, RMSE=15.684TECU, a=1.00, rel_dP=7.91e-03]  [EKF] iterating [analytical]:  75%|#######5  | 15/20 [00:55<00:17,  3.46s/it, RMSE=15.630TECU, a=1.00, rel_dP=7.68e-03]  [EKF] iterating [analytical]:  80%|########  | 16/20 [00:55<00:13,  3.49s/it, RMSE=15.630TECU, a=1.00, rel_dP=7.68e-03]  [EKF] iterating [analytical]:  80%|########  | 16/20 [00:59<00:13,  3.49s/it, RMSE=15.580TECU, a=1.00, rel_dP=7.03e-03]  [EKF] iterating [analytical]:  85%|########5 | 17/20 [00:59<00:10,  3.55s/it, RMSE=15.580TECU, a=1.00, rel_dP=7.03e-03]  [EKF] iterating [analytical]:  85%|########5 | 17/20 [01:02<00:10,  3.55s/it, RMSE=15.535TECU, a=1.00, rel_dP=6.67e-03]  [EKF] iterating [analytical]:  90%|######### | 18/20 [01:02<00:07,  3.51s/it, RMSE=15.535TECU, a=1.00, rel_dP=6.67e-03]  [EKF] iterating [analytical]:  90%|######### | 18/20 [01:06<00:07,  3.51s/it, RMSE=15.495TECU, a=1.00, rel_dP=6.45e-03]  [EKF] iterating [analytical]:  95%|#########5| 19/20 [01:06<00:03,  3.65s/it, RMSE=15.495TECU, a=1.00, rel_dP=6.45e-03]  [EKF] iterating [analytical]:  95%|#########5| 19/20 [01:09<00:03,  3.65s/it, RMSE=15.457TECU, a=1.00, rel_dP=6.25e-03]  [EKF] iterating [analytical]: 100%|##########| 20/20 [01:09<00:00,  3.60s/it, RMSE=15.457TECU, a=1.00, rel_dP=6.25e-03]                                                                                                                           [EKF] stage 1 reached max_iter=20 without convergence  (final ||ΔP||/||P|| = 6.25e-03, RMSE=15.46TECU vs tol 5.0)
  [EKF] Posterior innovations  mean=-0.70  std=15.41  max_abs=77.14 TECU
  [EKF] Prior RMSE 36.680 TECU  →  Post RMSE 15.308 TECU
  Saved EKF convergence plot → /home/austinhunter/IonosphereTomography/Figures/ISR_DA_Comparison/OUTPUT/2025-08-27_1227/bin_25/ro_only/2025-08-27_1227_ro_only_ekf_convergence.png
◀◀◀ _run_or_load END   | 2025-08-27_1227 | bin=25  | ro_only   | parametric_ekf : DONE       (111.4s) -> status=Success
▶▶▶ _run_or_load START | 2025-08-27_1227 | bin=25  | ro_igs    | parametric_ekf
    [diag] 2025-08-27_1227 | bin=25  | ro_igs    | parametric_ekf : RUNNING    (force=True, cached=True) ...
  [EKF] Building IRI state at 135 grid points (batch call) …
  [EnKF] Estimating background covariance from 50 EDP samples x 135 grid points ...
  [EnKF] Parameter sigma: log10(NmF2)=0.15  hmF2=20  H0=15  gamma=0.15  B0=20  B1=0.3  log10(NmE)=0.2  hmE=8
  [EnKF] Spatial corr (Ne-space KF method): mean=0.963  max=1.000  min=0.251
  [EKF] Running EKF_Param on 69 arc(s) …
  [EKF] 69 arcs  |  2917 profile rays  |  1500 update rays  |  n_state = 1080
  [EKF] Prior innovations  mean=-12.40  std=34.36  max_abs=129.96 TECU
  [EKF] stage 1/1: free=[log10(NmF2),hmF2,H0,gamma,B0,log10(NmE)] (6/8 params)
  [EKF] iterating [analytical]:   0%|          | 0/20 [00:00<?, ?it/s]  [EKF] iterating [analytical]:   0%|          | 0/20 [00:03<?, ?it/s, RMSE=36.533TECU, a=0.25, rel_dP=5.31e-02]  [EKF] iterating [analytical]:   5%|5         | 1/20 [00:03<01:07,  3.54s/it, RMSE=36.533TECU, a=0.25, rel_dP=5.31e-02]  [EKF] iterating [analytical]:   5%|5         | 1/20 [00:07<01:07,  3.54s/it, RMSE=30.076TECU, a=0.33, rel_dP=5.84e-02]  [EKF] iterating [analytical]:  10%|#         | 2/20 [00:07<01:05,  3.63s/it, RMSE=30.076TECU, a=0.33, rel_dP=5.84e-02]  [EKF] iterating [analytical]:  10%|#         | 2/20 [00:10<01:05,  3.63s/it, RMSE=24.783TECU, a=0.42, rel_dP=3.55e-02]  [EKF] iterating [analytical]:  15%|#5        | 3/20 [00:10<01:00,  3.58s/it, RMSE=24.783TECU, a=0.42, rel_dP=3.55e-02]  [EKF] iterating [analytical]:  15%|#5        | 3/20 [00:14<01:00,  3.58s/it, RMSE=21.547TECU, a=0.55, rel_dP=1.45e-02]  [EKF] iterating [analytical]:  20%|##        | 4/20 [00:14<00:58,  3.68s/it, RMSE=21.547TECU, a=0.55, rel_dP=1.45e-02]  [EKF] iterating [analytical]:  20%|##        | 4/20 [00:18<00:58,  3.68s/it, RMSE=20.017TECU, a=0.71, rel_dP=1.10e-02]  [EKF] iterating [analytical]:  25%|##5       | 5/20 [00:18<00:54,  3.64s/it, RMSE=20.017TECU, a=0.71, rel_dP=1.10e-02]  [EKF] iterating [analytical]:  25%|##5       | 5/20 [00:21<00:54,  3.64s/it, RMSE=19.201TECU, a=0.93, rel_dP=1.79e-02]  [EKF] iterating [analytical]:  30%|###       | 6/20 [00:21<00:50,  3.61s/it, RMSE=19.201TECU, a=0.93, rel_dP=1.79e-02]  [EKF] iterating [analytical]:  30%|###       | 6/20 [00:25<00:50,  3.61s/it, RMSE=18.610TECU, a=1.00, rel_dP=2.02e-02]  [EKF] iterating [analytical]:  35%|###5      | 7/20 [00:25<00:46,  3.59s/it, RMSE=18.610TECU, a=1.00, rel_dP=2.02e-02]  [EKF] iterating [analytical]:  35%|###5      | 7/20 [00:28<00:46,  3.59s/it, RMSE=18.266TECU, a=1.00, rel_dP=1.49e-02]  [EKF] iterating [analytical]:  40%|####      | 8/20 [00:28<00:42,  3.56s/it, RMSE=18.266TECU, a=1.00, rel_dP=1.49e-02]  [EKF] iterating [analytical]:  40%|####      | 8/20 [00:32<00:42,  3.56s/it, RMSE=18.075TECU, a=1.00, rel_dP=1.56e-02]  [EKF] iterating [analytical]:  45%|####5     | 9/20 [00:32<00:40,  3.65s/it, RMSE=18.075TECU, a=1.00, rel_dP=1.56e-02]  [EKF] iterating [analytical]:  45%|####5     | 9/20 [00:36<00:40,  3.65s/it, RMSE=17.917TECU, a=1.00, rel_dP=1.48e-02]  [EKF] iterating [analytical]:  50%|#####     | 10/20 [00:36<00:37,  3.78s/it, RMSE=17.917TECU, a=1.00, rel_dP=1.48e-02]  [EKF] iterating [analytical]:  50%|#####     | 10/20 [00:40<00:37,  3.78s/it, RMSE=17.795TECU, a=1.00, rel_dP=1.27e-02]  [EKF] iterating [analytical]:  55%|#####5    | 11/20 [00:40<00:33,  3.73s/it, RMSE=17.795TECU, a=1.00, rel_dP=1.27e-02]  [EKF] iterating [analytical]:  55%|#####5    | 11/20 [00:43<00:33,  3.73s/it, RMSE=17.691TECU, a=1.00, rel_dP=1.27e-02]  [EKF] iterating [analytical]:  60%|######    | 12/20 [00:43<00:29,  3.66s/it, RMSE=17.691TECU, a=1.00, rel_dP=1.27e-02]  [EKF] iterating [analytical]:  60%|######    | 12/20 [00:47<00:29,  3.66s/it, RMSE=17.595TECU, a=1.00, rel_dP=1.38e-02]  [EKF] iterating [analytical]:  65%|######5   | 13/20 [00:47<00:25,  3.63s/it, RMSE=17.595TECU, a=1.00, rel_dP=1.38e-02]  [EKF] iterating [analytical]:  65%|######5   | 13/20 [00:50<00:25,  3.63s/it, RMSE=17.509TECU, a=1.00, rel_dP=1.02e-02]  [EKF] iterating [analytical]:  70%|#######   | 14/20 [00:50<00:21,  3.63s/it, RMSE=17.509TECU, a=1.00, rel_dP=1.02e-02]  [EKF] iterating [analytical]:  70%|#######   | 14/20 [00:54<00:21,  3.63s/it, RMSE=17.441TECU, a=1.00, rel_dP=9.36e-03]  [EKF] iterating [analytical]:  75%|#######5  | 15/20 [00:54<00:18,  3.61s/it, RMSE=17.441TECU, a=1.00, rel_dP=9.36e-03]  [EKF] iterating [analytical]:  75%|#######5  | 15/20 [00:58<00:18,  3.61s/it, RMSE=17.389TECU, a=1.00, rel_dP=9.80e-03]  [EKF] iterating [analytical]:  80%|########  | 16/20 [00:58<00:14,  3.73s/it, RMSE=17.389TECU, a=1.00, rel_dP=9.80e-03]  [EKF] iterating [analytical]:  80%|########  | 16/20 [01:02<00:14,  3.73s/it, RMSE=17.372TECU, a=1.00, rel_dP=1.24e-02]  [EKF] iterating [analytical]:  85%|########5 | 17/20 [01:02<00:10,  3.66s/it, RMSE=17.372TECU, a=1.00, rel_dP=1.24e-02]  [EKF] iterating [analytical]:  85%|########5 | 17/20 [01:05<00:10,  3.66s/it, RMSE=17.372TECU, a=0.50, note=reject]      [EKF] iterating [analytical]:  90%|######### | 18/20 [01:05<00:07,  3.56s/it, RMSE=17.372TECU, a=0.50, note=reject]  [EKF] iterating [analytical]:  90%|######### | 18/20 [01:08<00:07,  3.56s/it, RMSE=17.372TECU, a=0.65, rel_dP=8.08e-03]  [EKF] iterating [analytical]:  95%|#########5| 19/20 [01:08<00:03,  3.53s/it, RMSE=17.372TECU, a=0.65, rel_dP=8.08e-03]  [EKF] iterating [analytical]:  95%|#########5| 19/20 [01:12<00:03,  3.53s/it, RMSE=17.372TECU, a=0.33, note=reject]      [EKF] iterating [analytical]: 100%|##########| 20/20 [01:12<00:00,  3.47s/it, RMSE=17.372TECU, a=0.33, note=reject]                                                                                                                       [EKF] stage 1 reached max_iter=20 without convergence  (final ||ΔP||/||P|| = 8.08e-03, RMSE=17.37TECU vs tol 5.0)
  [EKF] Posterior innovations  mean=0.13  std=17.37  max_abs=83.53 TECU
  [EKF] Prior RMSE 36.576 TECU  →  Post RMSE 16.482 TECU
  Saved EKF convergence plot → /home/austinhunter/IonosphereTomography/Figures/ISR_DA_Comparison/OUTPUT/2025-08-27_1227/bin_25/ro_igs/2025-08-27_1227_ro_igs_ekf_convergence.png
◀◀◀ _run_or_load END   | 2025-08-27_1227 | bin=25  | ro_igs    | parametric_ekf : DONE       (113.7s) -> status=Success
▶▶▶ _run_or_load START | 2025-08-27_1227 | bin=25  | igs_only  | parametric_ekf
    [diag] 2025-08-27_1227 | bin=25  | igs_only  | parametric_ekf : RUNNING    (force=True, cached=True) ...
  [EKF] Building IRI state at 222 grid points (batch call) …
  [EnKF] Estimating background covariance from 500 EDP samples x 222 grid points ...
  [EnKF] Parameter sigma: log10(NmF2)=0.15  hmF2=20  H0=15  gamma=0.15  B0=20  B1=0.3  log10(NmE)=0.2  hmE=8
  [EnKF] Spatial corr (Ne-space KF method): mean=0.939  max=1.000  min=0.104
  [EKF] Running EKF_Param on 51 arc(s) …
  [EKF] 51 arcs  |  51 profile rays  |  51 update rays  |  n_state = 1776
  [EKF] Prior innovations  mean=17.36  std=22.70  max_abs=50.54 TECU
  [EKF] stage 1/1: free=[log10(NmF2),hmF2,H0,gamma,B0,log10(NmE)] (6/8 params)
  [EKF] iterating [analytical]:   0%|          | 0/20 [00:00<?, ?it/s]  [EKF] iterating [analytical]:   0%|          | 0/20 [00:00<?, ?it/s, RMSE=28.580TECU, a=0.25, rel_dP=6.69e-03]  [EKF] iterating [analytical]:   5%|5         | 1/20 [00:00<00:03,  5.72it/s, RMSE=28.580TECU, a=0.25, rel_dP=6.69e-03]  [EKF] iterating [analytical]:   5%|5         | 1/20 [00:00<00:03,  5.72it/s, RMSE=26.725TECU, a=0.33, rel_dP=7.46e-03]  [EKF] iterating [analytical]:  10%|#         | 2/20 [00:00<00:03,  5.15it/s, RMSE=26.725TECU, a=0.33, rel_dP=7.46e-03]  [EKF] iterating [analytical]:  10%|#         | 2/20 [00:00<00:03,  5.15it/s, RMSE=24.972TECU, a=0.42, rel_dP=8.00e-03]  [EKF] iterating [analytical]:  15%|#5        | 3/20 [00:00<00:03,  5.28it/s, RMSE=24.972TECU, a=0.42, rel_dP=8.00e-03]  [EKF] iterating [analytical]:  15%|#5        | 3/20 [00:00<00:03,  5.28it/s, RMSE=23.942TECU, a=0.55, rel_dP=1.22e-02]  [EKF] iterating [analytical]:  20%|##        | 4/20 [00:00<00:03,  5.25it/s, RMSE=23.942TECU, a=0.55, rel_dP=1.22e-02]  [EKF] iterating [analytical]:  20%|##        | 4/20 [00:00<00:03,  5.25it/s, RMSE=23.502TECU, a=0.71, rel_dP=1.79e-02]  [EKF] iterating [analytical]:  25%|##5       | 5/20 [00:00<00:02,  5.27it/s, RMSE=23.502TECU, a=0.71, rel_dP=1.79e-02]  [EKF] iterating [analytical]:  25%|##5       | 5/20 [00:01<00:02,  5.27it/s, RMSE=23.373TECU, a=0.93, rel_dP=1.31e-02]  [EKF] iterating [analytical]:  30%|###       | 6/20 [00:01<00:02,  5.29it/s, RMSE=23.373TECU, a=0.93, rel_dP=1.31e-02]  [EKF] iterating [analytical]:  30%|###       | 6/20 [00:01<00:02,  5.29it/s, RMSE=23.346TECU, a=1.00, rel_dP=2.63e-02]  [EKF] iterating [analytical]:  35%|###5      | 7/20 [00:01<00:02,  5.30it/s, RMSE=23.346TECU, a=1.00, rel_dP=2.63e-02]  [EKF] iterating [analytical]:  35%|###5      | 7/20 [00:01<00:02,  5.30it/s, RMSE=23.322TECU, a=1.00, rel_dP=1.39e-02]  [EKF] iterating [analytical]:  40%|####      | 8/20 [00:01<00:02,  5.34it/s, RMSE=23.322TECU, a=1.00, rel_dP=1.39e-02]  [EKF] iterating [analytical]:  40%|####      | 8/20 [00:01<00:02,  5.34it/s, RMSE=23.311TECU, a=1.00, rel_dP=2.80e-02]  [EKF] iterating [analytical]:  45%|####5     | 9/20 [00:01<00:02,  5.33it/s, RMSE=23.311TECU, a=1.00, rel_dP=2.80e-02]  [EKF] iterating [analytical]:  45%|####5     | 9/20 [00:01<00:02,  5.33it/s, RMSE=23.288TECU, a=1.00, rel_dP=1.39e-02]  [EKF] iterating [analytical]:  50%|#####     | 10/20 [00:01<00:01,  5.37it/s, RMSE=23.288TECU, a=1.00, rel_dP=1.39e-02]  [EKF] iterating [analytical]:  50%|#####     | 10/20 [00:02<00:01,  5.37it/s, RMSE=23.277TECU, a=1.00, rel_dP=2.50e-02]  [EKF] iterating [analytical]:  55%|#####5    | 11/20 [00:02<00:01,  4.90it/s, RMSE=23.277TECU, a=1.00, rel_dP=2.50e-02]  [EKF] iterating [analytical]:  55%|#####5    | 11/20 [00:02<00:01,  4.90it/s, RMSE=23.258TECU, a=1.00, rel_dP=1.40e-02]  [EKF] iterating [analytical]:  60%|######    | 12/20 [00:02<00:01,  4.90it/s, RMSE=23.258TECU, a=1.00, rel_dP=1.40e-02]  [EKF] iterating [analytical]:  60%|######    | 12/20 [00:02<00:01,  4.90it/s, RMSE=23.245TECU, a=1.00, rel_dP=2.88e-02]  [EKF] iterating [analytical]:  65%|######5   | 13/20 [00:02<00:01,  5.05it/s, RMSE=23.245TECU, a=1.00, rel_dP=2.88e-02]  [EKF] iterating [analytical]:  65%|######5   | 13/20 [00:02<00:01,  5.05it/s, RMSE=23.222TECU, a=1.00, rel_dP=1.23e-02]  [EKF] iterating [analytical]:  70%|#######   | 14/20 [00:02<00:01,  5.13it/s, RMSE=23.222TECU, a=1.00, rel_dP=1.23e-02]  [EKF] iterating [analytical]:  70%|#######   | 14/20 [00:02<00:01,  5.13it/s, RMSE=23.213TECU, a=1.00, rel_dP=2.55e-02]  [EKF] iterating [analytical]:  75%|#######5  | 15/20 [00:02<00:00,  5.22it/s, RMSE=23.213TECU, a=1.00, rel_dP=2.55e-02]  [EKF] iterating [analytical]:  75%|#######5  | 15/20 [00:03<00:00,  5.22it/s, RMSE=23.194TECU, a=1.00, rel_dP=1.01e-02]  [EKF] iterating [analytical]:  80%|########  | 16/20 [00:03<00:00,  5.21it/s, RMSE=23.194TECU, a=1.00, rel_dP=1.01e-02]  [EKF] iterating [analytical]:  80%|########  | 16/20 [00:03<00:00,  5.21it/s, RMSE=23.187TECU, a=1.00, rel_dP=2.07e-02]  [EKF] iterating [analytical]:  85%|########5 | 17/20 [00:03<00:00,  5.27it/s, RMSE=23.187TECU, a=1.00, rel_dP=2.07e-02]  [EKF] iterating [analytical]:  85%|########5 | 17/20 [00:03<00:00,  5.27it/s, RMSE=23.160TECU, a=1.00, rel_dP=1.79e-02]  [EKF] iterating [analytical]:  90%|######### | 18/20 [00:03<00:00,  5.25it/s, RMSE=23.160TECU, a=1.00, rel_dP=1.79e-02]  [EKF] iterating [analytical]:  90%|######### | 18/20 [00:03<00:00,  5.25it/s, RMSE=23.151TECU, a=1.00, rel_dP=9.75e-03]  [EKF] iterating [analytical]:  95%|#########5| 19/20 [00:03<00:00,  5.31it/s, RMSE=23.151TECU, a=1.00, rel_dP=9.75e-03]  [EKF] iterating [analytical]:  95%|#########5| 19/20 [00:03<00:00,  5.31it/s, RMSE=23.144TECU, a=1.00, rel_dP=1.46e-02]  [EKF] iterating [analytical]: 100%|##########| 20/20 [00:03<00:00,  5.31it/s, RMSE=23.144TECU, a=1.00, rel_dP=1.46e-02]                                                                                                                           [EKF] stage 1 reached max_iter=20 without convergence  (final ||ΔP||/||P|| = 1.46e-02, RMSE=23.14TECU vs tol 5.0)
  [EKF] Posterior innovations  mean=1.10  std=23.12  max_abs=67.59 TECU
  [EKF] Prior RMSE 28.580 TECU  →  Post RMSE 23.141 TECU
  Saved EKF convergence plot → /home/austinhunter/IonosphereTomography/Figures/ISR_DA_Comparison/OUTPUT/2025-08-27_1227/bin_25/igs_only/2025-08-27_1227_igs_only_ekf_convergence.png
◀◀◀ _run_or_load END   | 2025-08-27_1227 | bin=25  | igs_only  | parametric_ekf : DONE       (591.6s) -> status=ok (no 'status' key)
  [diag] 2025-08-27_1227 | bin=25 : summary of 6 obs_mode/filter_type combos
           ro_only   | gridded_kf     -> Success
           ro_only   | parametric_ekf -> Success
           ro_igs    | gridded_kf     -> Success
           ro_igs    | parametric_ekf -> Success
           igs_only  | gridded_kf     -> ok (no 'status' key)
           igs_only  | parametric_ekf -> ok (no 'status' key)

▶▶▶ compute_isr_metrics START | group=2025-08-27_1227 bin=25
◀◀◀ compute_isr_metrics END   | group=2025-08-27_1227 bin=25 -> 12 metric row(s)

▶▶▶ _plot_group_all_modes START | group=2025-08-27_1227
  [diag] 2025-08-27_1227/ro_igs/gridded_kf: arc-innovation panels thinned to 18 RO + 20/51 representative IGS arcs (of 69 total)
  [diag] 2025-08-27_1227/ro_igs/parametric_ekf: arc-innovation panels thinned to 18 RO + 20/51 representative IGS arcs (of 69 total)
  [diag] 2025-08-27_1227/igs_only/gridded_kf: arc-innovation panels thinned to 0 RO + 20/51 representative IGS arcs (of 51 total)
  [diag] 2025-08-27_1227/igs_only/parametric_ekf: arc-innovation panels thinned to 0 RO + 20/51 representative IGS arcs (of 51 total)
/home/austinhunter/Downloads/PlanetiQ_Code/venv311/lib/python3.11/site-packages/shapely/creation.py:218: RuntimeWarning: invalid value encountered in linestrings
  return lib.linestrings(coords, np.intc(handle_nan), out=out, **kwargs)
/home/austinhunter/IonosphereTomography/plotIonosphereTomography.py:3914: UserWarning: This figure includes Axes that are not compatible with tight_layout, so results might be incorrect.
  plt.tight_layout(rect=[0, 0, 1, 0.98])
/home/austinhunter/IonosphereTomography/plotIonosphereTomography.py:3914: UserWarning: This figure includes Axes that are not compatible with tight_layout, so results might be incorrect.
  plt.tight_layout(rect=[0, 0, 1, 0.98])
/home/austinhunter/IonosphereTomography/plotIonosphereTomography.py:3914: UserWarning: This figure includes Axes that are not compatible with tight_layout, so results might be incorrect.
  plt.tight_layout(rect=[0, 0, 1, 0.98])
◀◀◀ _plot_group_all_modes END   | group=2025-08-27_1227
No valid descending tangent points found. Skipping.
▶▶▶ _run_or_load START | 2025-08-27_1227 | bin=15  | ro_only   | gridded_kf    
    [diag] 2025-08-27_1227 | bin=15  | ro_only   | gridded_kf     : RUNNING    (force=True, cached=True) ...

────────────────────────────────────────────────────────────
  Group : 2025-08-27_1227
  Window: 2025-08-27_1227  |  Region: POLAR_N  |  15 occultation(s)
────────────────────────────────────────────────────────────
No valid descending tangent points found. Skipping.
    [skip] podTc2_GN05.2025.239.12.34.0018.R24.01_0000.0001_nc — parse returned None
  Parsed 14/15 files successfully.
    [podTc2] GN04 12:35 — 711 valid rays → decimated to 178 (stride 4)
    [podTc2] GN04 12:35 — 473 valid rays → decimated to 158 (stride 3)
    [podTc2] GN04 12:36 — 431 valid rays → decimated to 144 (stride 3)
    [podTc2] GN04 12:36 — 230 valid rays → decimated to 115 (stride 2)
    [podTc2] GN04 12:35 — 325 valid rays → decimated to 163 (stride 2)
    [podTc2] GN04 12:36 — 56 valid rays → decimated to 56 (stride 1)
    [podTc2] YM08 12:24 — 437 valid rays → decimated to 146 (stride 3)
    [podTc2] GN04 12:26 — 482 valid rays → decimated to 161 (stride 3)
    [podTc2] GN05 12:53 — 306 valid rays → decimated to 153 (stride 2)
    [podTc2] GN04 12:27 — 442 valid rays → decimated to 148 (stride 3)
    [podTc2] YM08 12:27 — 411 valid rays → decimated to 137 (stride 3)
    [podTc2] GN05 12:52 — 57 valid rays → decimated to 57 (stride 1)
    [podTc2] GN04 12:31 — 499 valid rays → decimated to 167 (stride 3)
    [podTc2] GN04 12:34 — 452 valid rays → decimated to 151 (stride 3)
  Bbox lat [37.8, 90.0]  lon [-180.0, 180.0]  |  union vertices: 98
  Final group: 14 occultation(s), 98 union-mesh vertices
  Saved trim diagnostic → /home/austinhunter/IonosphereTomography/Figures/ISR_DA_Comparison/OUTPUT/2025-08-27_1227/bin_15/ro_only/group_2025-08-27_1227_trim.png
  -> Building H matrices (1934 rays across 14 arc(s), single parallel sweep) …
  -> Building H matrices:    193/1934 rays ( 10.0%)
  -> Building H matrices:    386/1934 rays ( 20.0%)
  -> Building H matrices:    579/1934 rays ( 29.9%)
  -> Building H matrices:    772/1934 rays ( 39.9%)
  -> Building H matrices:    965/1934 rays ( 49.9%)
  -> Building H matrices:   1158/1934 rays ( 59.9%)
  -> Building H matrices:   1351/1934 rays ( 69.9%)
  -> Building H matrices:   1544/1934 rays ( 79.8%)
  -> Building H matrices:   1737/1934 rays ( 89.8%)
  -> Building H matrices:   1930/1934 rays ( 99.8%)
  -> Building H matrices:   1934/1934 rays (100.0%)
  Combined H shape : (1934, 5488)  (total rays = 1934)
  Skipping sequential KF assimilation (run_sequential=False).
  Running joint (batch) KF assimilation …
  Prior RMSE  : 31.042 TECU
  Post  RMSE  : 5.645 TECU
    [Abel] GN04 12:35: NmF2=3.73e+11 m⁻³  hmF2=356.6 km
    [Abel] GN04 12:35: NmF2=5.33e+11 m⁻³  hmF2=294.9 km
    [Abel] GN04 12:36: NmF2=4.89e+11 m⁻³  hmF2=293.1 km
    [Abel] GN04 12:36: NmF2=2.35e+11 m⁻³  hmF2=536.6 km
    [Abel] GN04 12:35: NmF2=4.02e+11 m⁻³  hmF2=285.6 km
    [Abel] GN04 12:36: NmF2=1.20e+11 m⁻³  hmF2=577.6 km
    [Abel] YM08 12:24: NmF2=3.34e+11 m⁻³  hmF2=310.3 km
    [Abel] GN04 12:26: NmF2=6.82e+11 m⁻³  hmF2=273.6 km
    [Abel] GN05 12:53: NmF2=3.83e+11 m⁻³  hmF2=363.0 km
    [Abel] GN04 12:27: NmF2=3.72e+11 m⁻³  hmF2=363.5 km
    [Abel] YM08 12:27: NmF2=4.37e+11 m⁻³  hmF2=297.0 km
    [Abel] GN05 12:52: NmF2=1.86e+11 m⁻³  hmF2=582.0 km
    [Abel] GN04 12:31: NmF2=4.35e+11 m⁻³  hmF2=296.5 km
    [Abel] GN04 12:34: NmF2=5.55e+11 m⁻³  hmF2=276.3 km
◀◀◀ _run_or_load END   | 2025-08-27_1227 | bin=15  | ro_only   | gridded_kf     : DONE       (67.2s) -> status=Success
▶▶▶ _run_or_load START | 2025-08-27_1227 | bin=15  | ro_igs    | gridded_kf    
    [diag] 2025-08-27_1227 | bin=15  | ro_igs    | gridded_kf     : RUNNING    (force=True, cached=True) ...

────────────────────────────────────────────────────────────
  Group : 2025-08-27_1227
  Window: 2025-08-27_1227  |  Region: POLAR_N  |  15 occultation(s)
────────────────────────────────────────────────────────────
No valid descending tangent points found. Skipping.
    [skip] podTc2_GN05.2025.239.12.34.0018.R24.01_0000.0001_nc — parse returned None
  Parsed 14/15 files successfully.
    [podTc2] GN04 12:35 — 711 valid rays → decimated to 178 (stride 4)
    [podTc2] GN04 12:35 — 473 valid rays → decimated to 158 (stride 3)
    [podTc2] GN04 12:36 — 431 valid rays → decimated to 144 (stride 3)
    [podTc2] GN04 12:36 — 230 valid rays → decimated to 115 (stride 2)
    [podTc2] GN04 12:35 — 325 valid rays → decimated to 163 (stride 2)
    [podTc2] GN04 12:36 — 56 valid rays → decimated to 56 (stride 1)
    [podTc2] YM08 12:24 — 437 valid rays → decimated to 146 (stride 3)
    [podTc2] GN04 12:26 — 482 valid rays → decimated to 161 (stride 3)
    [podTc2] GN05 12:53 — 306 valid rays → decimated to 153 (stride 2)
    [podTc2] GN04 12:27 — 442 valid rays → decimated to 148 (stride 3)
    [podTc2] YM08 12:27 — 411 valid rays → decimated to 137 (stride 3)
    [podTc2] GN05 12:52 — 57 valid rays → decimated to 57 (stride 1)
    [podTc2] GN04 12:31 — 499 valid rays → decimated to 167 (stride 3)
    [podTc2] GN04 12:34 — 452 valid rays → decimated to 151 (stride 3)
  Bbox lat [37.8, 90.0]  lon [-180.0, 180.0]  |  union vertices: 98
  Final group: 14 occultation(s), 98 union-mesh vertices
  Saved trim diagnostic → /home/austinhunter/IonosphereTomography/Figures/ISR_DA_Comparison/OUTPUT/2025-08-27_1227/bin_15/ro_igs/group_2025-08-27_1227_trim.png
  [extra] Injected 51 ground-station arc(s) → total 65 arc(s) in assimilation pool
  -> Building H matrices (1985 rays across 65 arc(s), single parallel sweep) …
  -> Building H matrices:    198/1985 rays ( 10.0%)
  -> Building H matrices:    396/1985 rays ( 19.9%)
  -> Building H matrices:    594/1985 rays ( 29.9%)
  -> Building H matrices:    792/1985 rays ( 39.9%)
  -> Building H matrices:    990/1985 rays ( 49.9%)
  -> Building H matrices:   1188/1985 rays ( 59.8%)
  -> Building H matrices:   1386/1985 rays ( 69.8%)
  -> Building H matrices:   1584/1985 rays ( 79.8%)
  -> Building H matrices:   1782/1985 rays ( 89.8%)
  -> Building H matrices:   1980/1985 rays ( 99.7%)
  -> Building H matrices:   1985/1985 rays (100.0%)
  Combined H shape : (1985, 5488)  (total rays = 1985)
  Skipping sequential KF assimilation (run_sequential=False).
  Running joint (batch) KF assimilation …
  Prior RMSE  : 31.085 TECU
  Post  RMSE  : 7.010 TECU
    [Abel] GN04 12:35: NmF2=3.73e+11 m⁻³  hmF2=356.6 km
    [Abel] GN04 12:35: NmF2=5.33e+11 m⁻³  hmF2=294.9 km
    [Abel] GN04 12:36: NmF2=4.89e+11 m⁻³  hmF2=293.1 km
    [Abel] GN04 12:36: NmF2=2.35e+11 m⁻³  hmF2=536.6 km
    [Abel] GN04 12:35: NmF2=4.02e+11 m⁻³  hmF2=285.6 km
    [Abel] GN04 12:36: NmF2=1.20e+11 m⁻³  hmF2=577.6 km
    [Abel] YM08 12:24: NmF2=3.34e+11 m⁻³  hmF2=310.3 km
    [Abel] GN04 12:26: NmF2=6.82e+11 m⁻³  hmF2=273.6 km
    [Abel] GN05 12:53: NmF2=3.83e+11 m⁻³  hmF2=363.0 km
    [Abel] GN04 12:27: NmF2=3.72e+11 m⁻³  hmF2=363.5 km
    [Abel] YM08 12:27: NmF2=4.37e+11 m⁻³  hmF2=297.0 km
    [Abel] GN05 12:52: NmF2=1.86e+11 m⁻³  hmF2=582.0 km
    [Abel] GN04 12:31: NmF2=4.35e+11 m⁻³  hmF2=296.5 km
    [Abel] GN04 12:34: NmF2=5.55e+11 m⁻³  hmF2=276.3 km
    [Abel] Skipped 51 ground-station arc(s) (RO-only technique)
/home/austinhunter/Downloads/PlanetiQ_Code/venv311/lib/python3.11/site-packages/shapely/creation.py:218: RuntimeWarning: invalid value encountered in linestrings
  return lib.linestrings(coords, np.intc(handle_nan), out=out, **kwargs)
◀◀◀ _run_or_load END   | 2025-08-27_1227 | bin=15  | ro_igs    | gridded_kf     : DONE       (64.8s) -> status=Success
▶▶▶ _run_or_load START | 2025-08-27_1227 | bin=15  | igs_only  | gridded_kf    
    [diag] 2025-08-27_1227 | bin=15  | igs_only  | gridded_kf     : RUNNING    (force=True, cached=True) ...
    [Info] Initialising information matrix (n_state=12210) …
    [Info] arcs ingested = 51/51  |  obs rows = 51  |  Λ cond ≈ 2.33e+23
    [Info] Solving …
    [Prior] innovation  mean=29.85  std=22.22  n_obs=51
    [Post ] innovation  mean=18.54  std=17.72
    RMSE:  prior=37.212 TECU  →  post=25.643 TECU
◀◀◀ _run_or_load END   | 2025-08-27_1227 | bin=15  | igs_only  | gridded_kf     : DONE       (64.0s) -> status=ok (no 'status' key)
▶▶▶ _run_or_load START | 2025-08-27_1227 | bin=15  | ro_only   | parametric_ekf
    [diag] 2025-08-27_1227 | bin=15  | ro_only   | parametric_ekf : RUNNING    (force=True, cached=True) ...
  [EKF] Building IRI state at 98 grid points (batch call) …
  [EnKF] Estimating background covariance from 50 EDP samples x 98 grid points ...
  [EnKF] Parameter sigma: log10(NmF2)=0.15  hmF2=20  H0=15  gamma=0.15  B0=20  B1=0.3  log10(NmE)=0.2  hmE=8
  [EnKF] Spatial corr (Ne-space KF method): mean=0.959  max=1.000  min=0.251
  [EKF] Running EKF_Param on 14 arc(s) …
  [EKF] 14 arcs  |  1934 profile rays  |  1032 update rays  |  n_state = 784
  [EKF] Prior innovations  mean=-28.17  std=29.71  max_abs=73.14 TECU
  [EKF] stage 1/1: free=[log10(NmF2),hmF2,H0,gamma,B0,log10(NmE)] (6/8 params)
  [EKF] iterating [analytical]:   0%|          | 0/20 [00:00<?, ?it/s]  [EKF] iterating [analytical]:   0%|          | 0/20 [00:02<?, ?it/s, RMSE=40.940TECU, a=0.25, rel_dP=9.95e-02]  [EKF] iterating [analytical]:   5%|5         | 1/20 [00:02<00:47,  2.53s/it, RMSE=40.940TECU, a=0.25, rel_dP=9.95e-02]  [EKF] iterating [analytical]:   5%|5         | 1/20 [00:05<00:47,  2.53s/it, RMSE=31.242TECU, a=0.33, rel_dP=1.15e-01]  [EKF] iterating [analytical]:  10%|#         | 2/20 [00:05<00:47,  2.62s/it, RMSE=31.242TECU, a=0.33, rel_dP=1.15e-01]  [EKF] iterating [analytical]:  10%|#         | 2/20 [00:07<00:47,  2.62s/it, RMSE=24.036TECU, a=0.42, rel_dP=1.45e-01]  [EKF] iterating [analytical]:  15%|#5        | 3/20 [00:07<00:42,  2.53s/it, RMSE=24.036TECU, a=0.42, rel_dP=1.45e-01]  [EKF] iterating [analytical]:  15%|#5        | 3/20 [00:10<00:42,  2.53s/it, RMSE=21.310TECU, a=0.55, rel_dP=2.05e-01]  [EKF] iterating [analytical]:  20%|##        | 4/20 [00:10<00:40,  2.50s/it, RMSE=21.310TECU, a=0.55, rel_dP=2.05e-01]  [EKF] iterating [analytical]:  20%|##        | 4/20 [00:12<00:40,  2.50s/it, RMSE=20.512TECU, a=0.71, rel_dP=2.05e-01]  [EKF] iterating [analytical]:  25%|##5       | 5/20 [00:12<00:37,  2.48s/it, RMSE=20.512TECU, a=0.71, rel_dP=2.05e-01]  [EKF] iterating [analytical]:  25%|##5       | 5/20 [00:15<00:37,  2.48s/it, RMSE=20.091TECU, a=0.93, rel_dP=3.47e-34]  [EKF] iterating [analytical]:  30%|###       | 6/20 [00:15<00:35,  2.54s/it, RMSE=20.091TECU, a=0.93, rel_dP=3.47e-34]  [EKF] iterating [analytical]:  30%|###       | 6/20 [00:17<00:35,  2.54s/it, RMSE=20.091TECU, a=1.00, rel_dP=3.74e-34]  [EKF] iterating [analytical]:  35%|###5      | 7/20 [00:17<00:33,  2.57s/it, RMSE=20.091TECU, a=1.00, rel_dP=3.74e-34]  [EKF] iterating [analytical]:  35%|###5      | 7/20 [00:20<00:33,  2.57s/it, RMSE=20.091TECU, a=1.00, rel_dP=3.74e-34]  [EKF] iterating [analytical]:  40%|####      | 8/20 [00:20<00:30,  2.56s/it, RMSE=20.091TECU, a=1.00, rel_dP=3.74e-34]  [EKF] iterating [analytical]:  40%|####      | 8/20 [00:23<00:30,  2.56s/it, RMSE=20.091TECU, a=1.00, rel_dP=3.74e-34]  [EKF] iterating [analytical]:  45%|####5     | 9/20 [00:23<00:29,  2.71s/it, RMSE=20.091TECU, a=1.00, rel_dP=3.74e-34]  [EKF] iterating [analytical]:  45%|####5     | 9/20 [00:26<00:29,  2.71s/it, RMSE=20.091TECU, a=1.00, rel_dP=3.74e-34]  [EKF] iterating [analytical]:  50%|#####     | 10/20 [00:26<00:26,  2.70s/it, RMSE=20.091TECU, a=1.00, rel_dP=3.74e-34]  [EKF] iterating [analytical]:  50%|#####     | 10/20 [00:28<00:26,  2.70s/it, RMSE=20.091TECU, a=1.00, rel_dP=3.74e-34]  [EKF] iterating [analytical]:  55%|#####5    | 11/20 [00:28<00:24,  2.76s/it, RMSE=20.091TECU, a=1.00, rel_dP=3.74e-34]  [EKF] iterating [analytical]:  55%|#####5    | 11/20 [00:31<00:24,  2.76s/it, RMSE=20.091TECU, a=1.00, rel_dP=3.74e-34]  [EKF] iterating [analytical]:  60%|######    | 12/20 [00:31<00:22,  2.77s/it, RMSE=20.091TECU, a=1.00, rel_dP=3.74e-34]  [EKF] iterating [analytical]:  60%|######    | 12/20 [00:34<00:22,  2.77s/it, RMSE=20.091TECU, a=1.00, rel_dP=3.74e-34]  [EKF] iterating [analytical]:  65%|######5   | 13/20 [00:34<00:19,  2.74s/it, RMSE=20.091TECU, a=1.00, rel_dP=3.74e-34]  [EKF] iterating [analytical]:  65%|######5   | 13/20 [00:37<00:19,  2.74s/it, RMSE=20.091TECU, a=1.00, rel_dP=3.74e-34]  [EKF] iterating [analytical]:  70%|#######   | 14/20 [00:37<00:16,  2.83s/it, RMSE=20.091TECU, a=1.00, rel_dP=3.74e-34]  [EKF] iterating [analytical]:  70%|#######   | 14/20 [00:40<00:16,  2.83s/it, RMSE=20.091TECU, a=1.00, rel_dP=3.74e-34]  [EKF] iterating [analytical]:  75%|#######5  | 15/20 [00:40<00:13,  2.79s/it, RMSE=20.091TECU, a=1.00, rel_dP=3.74e-34]  [EKF] iterating [analytical]:  75%|#######5  | 15/20 [00:42<00:13,  2.79s/it, RMSE=20.091TECU, a=1.00, rel_dP=3.74e-34]  [EKF] iterating [analytical]:  80%|########  | 16/20 [00:42<00:11,  2.79s/it, RMSE=20.091TECU, a=1.00, rel_dP=3.74e-34]  [EKF] iterating [analytical]:  80%|########  | 16/20 [00:45<00:11,  2.79s/it, RMSE=20.091TECU, a=1.00, rel_dP=3.74e-34]  [EKF] iterating [analytical]:  85%|########5 | 17/20 [00:45<00:08,  2.78s/it, RMSE=20.091TECU, a=1.00, rel_dP=3.74e-34]  [EKF] iterating [analytical]:  85%|########5 | 17/20 [00:48<00:08,  2.78s/it, RMSE=20.091TECU, a=1.00, rel_dP=3.74e-34]  [EKF] iterating [analytical]:  90%|######### | 18/20 [00:48<00:05,  2.75s/it, RMSE=20.091TECU, a=1.00, rel_dP=3.74e-34]  [EKF] iterating [analytical]:  90%|######### | 18/20 [00:51<00:05,  2.75s/it, RMSE=20.091TECU, a=1.00, rel_dP=3.74e-34]  [EKF] iterating [analytical]:  95%|#########5| 19/20 [00:51<00:02,  2.85s/it, RMSE=20.091TECU, a=1.00, rel_dP=3.74e-34]  [EKF] iterating [analytical]:  95%|#########5| 19/20 [00:54<00:02,  2.85s/it, RMSE=20.091TECU, a=1.00, rel_dP=3.74e-34]  [EKF] iterating [analytical]: 100%|##########| 20/20 [00:54<00:00,  2.80s/it, RMSE=20.091TECU, a=1.00, rel_dP=3.74e-34]                                                                                                                           [EKF] stage 1 reached max_iter=20 without convergence  (final ||ΔP||/||P|| = 3.74e-34, RMSE=20.09TECU vs tol 5.0)
  [EKF] Posterior innovations  mean=-0.79  std=20.08  max_abs=56.16 TECU
  [EKF] Prior RMSE 39.842 TECU  →  Post RMSE 20.020 TECU
  Saved EKF convergence plot → /home/austinhunter/IonosphereTomography/Figures/ISR_DA_Comparison/OUTPUT/2025-08-27_1227/bin_15/ro_only/2025-08-27_1227_ro_only_ekf_convergence.png
◀◀◀ _run_or_load END   | 2025-08-27_1227 | bin=15  | ro_only   | parametric_ekf : DONE       (83.9s) -> status=Success
▶▶▶ _run_or_load START | 2025-08-27_1227 | bin=15  | ro_igs    | parametric_ekf
    [diag] 2025-08-27_1227 | bin=15  | ro_igs    | parametric_ekf : RUNNING    (force=True, cached=True) ...
  [EKF] Building IRI state at 98 grid points (batch call) …
  [EnKF] Estimating background covariance from 50 EDP samples x 98 grid points ...
  [EnKF] Parameter sigma: log10(NmF2)=0.15  hmF2=20  H0=15  gamma=0.15  B0=20  B1=0.3  log10(NmE)=0.2  hmE=8
  [EnKF] Spatial corr (Ne-space KF method): mean=0.959  max=1.000  min=0.251
  [EKF] Running EKF_Param on 65 arc(s) …
  [EKF] 65 arcs  |  1985 profile rays  |  1083 update rays  |  n_state = 784
  [EKF] Prior innovations  mean=-25.89  std=31.14  max_abs=73.14 TECU
  [EKF] stage 1/1: free=[log10(NmF2),hmF2,H0,gamma,B0,log10(NmE)] (6/8 params)
  [EKF] iterating [analytical]:   0%|          | 0/20 [00:00<?, ?it/s]  [EKF] iterating [analytical]:   0%|          | 0/20 [00:02<?, ?it/s, RMSE=40.501TECU, a=0.25, rel_dP=1.10e-01]  [EKF] iterating [analytical]:   5%|5         | 1/20 [00:02<00:48,  2.56s/it, RMSE=40.501TECU, a=0.25, rel_dP=1.10e-01]  [EKF] iterating [analytical]:   5%|5         | 1/20 [00:05<00:48,  2.56s/it, RMSE=31.141TECU, a=0.33, rel_dP=1.27e-01]  [EKF] iterating [analytical]:  10%|#         | 2/20 [00:05<00:46,  2.59s/it, RMSE=31.141TECU, a=0.33, rel_dP=1.27e-01]  [EKF] iterating [analytical]:  10%|#         | 2/20 [00:07<00:46,  2.59s/it, RMSE=24.498TECU, a=0.42, rel_dP=1.66e-01]  [EKF] iterating [analytical]:  15%|#5        | 3/20 [00:07<00:44,  2.59s/it, RMSE=24.498TECU, a=0.42, rel_dP=1.66e-01]  [EKF] iterating [analytical]:  15%|#5        | 3/20 [00:10<00:44,  2.59s/it, RMSE=22.502TECU, a=0.55, rel_dP=2.21e-01]  [EKF] iterating [analytical]:  20%|##        | 4/20 [00:10<00:41,  2.57s/it, RMSE=22.502TECU, a=0.55, rel_dP=2.21e-01]  [EKF] iterating [analytical]:  20%|##        | 4/20 [00:12<00:41,  2.57s/it, RMSE=21.874TECU, a=0.71, rel_dP=2.28e-01]  [EKF] iterating [analytical]:  25%|##5       | 5/20 [00:12<00:38,  2.58s/it, RMSE=21.874TECU, a=0.71, rel_dP=2.28e-01]  [EKF] iterating [analytical]:  25%|##5       | 5/20 [00:15<00:38,  2.58s/it, RMSE=21.038TECU, a=0.93, rel_dP=2.08e-01]  [EKF] iterating [analytical]:  30%|###       | 6/20 [00:15<00:35,  2.57s/it, RMSE=21.038TECU, a=0.93, rel_dP=2.08e-01]  [EKF] iterating [analytical]:  30%|###       | 6/20 [00:18<00:35,  2.57s/it, RMSE=20.135TECU, a=1.00, rel_dP=1.42e-01]  [EKF] iterating [analytical]:  35%|###5      | 7/20 [00:18<00:33,  2.60s/it, RMSE=20.135TECU, a=1.00, rel_dP=1.42e-01]  [EKF] iterating [analytical]:  35%|###5      | 7/20 [00:20<00:33,  2.60s/it, RMSE=19.561TECU, a=1.00, rel_dP=1.04e-01]  [EKF] iterating [analytical]:  40%|####      | 8/20 [00:20<00:31,  2.60s/it, RMSE=19.561TECU, a=1.00, rel_dP=1.04e-01]  [EKF] iterating [analytical]:  40%|####      | 8/20 [00:23<00:31,  2.60s/it, RMSE=19.097TECU, a=1.00, rel_dP=9.46e-02]  [EKF] iterating [analytical]:  45%|####5     | 9/20 [00:23<00:28,  2.58s/it, RMSE=19.097TECU, a=1.00, rel_dP=9.46e-02]  [EKF] iterating [analytical]:  45%|####5     | 9/20 [00:25<00:28,  2.58s/it, RMSE=18.652TECU, a=1.00, rel_dP=8.69e-02]  [EKF] iterating [analytical]:  50%|#####     | 10/20 [00:25<00:25,  2.58s/it, RMSE=18.652TECU, a=1.00, rel_dP=8.69e-02]  [EKF] iterating [analytical]:  50%|#####     | 10/20 [00:28<00:25,  2.58s/it, RMSE=18.243TECU, a=1.00, rel_dP=6.00e-02]  [EKF] iterating [analytical]:  55%|#####5    | 11/20 [00:28<00:23,  2.57s/it, RMSE=18.243TECU, a=1.00, rel_dP=6.00e-02]  [EKF] iterating [analytical]:  55%|#####5    | 11/20 [00:30<00:23,  2.57s/it, RMSE=17.348TECU, a=1.00, rel_dP=5.18e-02]  [EKF] iterating [analytical]:  60%|######    | 12/20 [00:30<00:20,  2.58s/it, RMSE=17.348TECU, a=1.00, rel_dP=5.18e-02]  [EKF] iterating [analytical]:  60%|######    | 12/20 [00:33<00:20,  2.58s/it, RMSE=15.885TECU, a=1.00, rel_dP=3.28e-02]  [EKF] iterating [analytical]:  65%|######5   | 13/20 [00:33<00:18,  2.59s/it, RMSE=15.885TECU, a=1.00, rel_dP=3.28e-02]  [EKF] iterating [analytical]:  65%|######5   | 13/20 [00:36<00:18,  2.59s/it, RMSE=15.470TECU, a=1.00, rel_dP=1.83e-02]  [EKF] iterating [analytical]:  70%|#######   | 14/20 [00:36<00:15,  2.62s/it, RMSE=15.470TECU, a=1.00, rel_dP=1.83e-02]  [EKF] iterating [analytical]:  70%|#######   | 14/20 [00:38<00:15,  2.62s/it, RMSE=15.256TECU, a=1.00, rel_dP=1.26e-02]  [EKF] iterating [analytical]:  75%|#######5  | 15/20 [00:38<00:13,  2.63s/it, RMSE=15.256TECU, a=1.00, rel_dP=1.26e-02]  [EKF] iterating [analytical]:  75%|#######5  | 15/20 [00:41<00:13,  2.63s/it, RMSE=15.085TECU, a=1.00, rel_dP=1.01e-02]  [EKF] iterating [analytical]:  80%|########  | 16/20 [00:41<00:10,  2.63s/it, RMSE=15.085TECU, a=1.00, rel_dP=1.01e-02]  [EKF] iterating [analytical]:  80%|########  | 16/20 [00:44<00:10,  2.63s/it, RMSE=14.932TECU, a=1.00, rel_dP=9.41e-03]  [EKF] iterating [analytical]:  85%|########5 | 17/20 [00:44<00:07,  2.61s/it, RMSE=14.932TECU, a=1.00, rel_dP=9.41e-03]  [EKF] iterating [analytical]:  85%|########5 | 17/20 [00:46<00:07,  2.61s/it, RMSE=14.786TECU, a=1.00, rel_dP=9.16e-03]  [EKF] iterating [analytical]:  90%|######### | 18/20 [00:46<00:05,  2.60s/it, RMSE=14.786TECU, a=1.00, rel_dP=9.16e-03]  [EKF] iterating [analytical]:  90%|######### | 18/20 [00:49<00:05,  2.60s/it, RMSE=14.629TECU, a=1.00, rel_dP=9.95e-03]  [EKF] iterating [analytical]:  95%|#########5| 19/20 [00:49<00:02,  2.59s/it, RMSE=14.629TECU, a=1.00, rel_dP=9.95e-03]  [EKF] iterating [analytical]:  95%|#########5| 19/20 [00:51<00:02,  2.59s/it, RMSE=14.454TECU, a=1.00, rel_dP=1.06e-02]  [EKF] iterating [analytical]: 100%|##########| 20/20 [00:51<00:00,  2.60s/it, RMSE=14.454TECU, a=1.00, rel_dP=1.06e-02]                                                                                                                           [EKF] stage 1 reached max_iter=20 without convergence  (final ||ΔP||/||P|| = 1.06e-02, RMSE=14.45TECU vs tol 5.0)
  [EKF] Posterior innovations  mean=-0.04  std=14.27  max_abs=58.80 TECU
  [EKF] Prior RMSE 39.625 TECU  →  Post RMSE 13.826 TECU
  Saved EKF convergence plot → /home/austinhunter/IonosphereTomography/Figures/ISR_DA_Comparison/OUTPUT/2025-08-27_1227/bin_15/ro_igs/2025-08-27_1227_ro_igs_ekf_convergence.png
◀◀◀ _run_or_load END   | 2025-08-27_1227 | bin=15  | ro_igs    | parametric_ekf : DONE       (82.3s) -> status=Success
▶▶▶ _run_or_load START | 2025-08-27_1227 | bin=15  | igs_only  | parametric_ekf
    [diag] 2025-08-27_1227 | bin=15  | igs_only  | parametric_ekf : RUNNING    (force=True, cached=True) ...
  [EKF] Building IRI state at 222 grid points (batch call) …
  [EnKF] Estimating background covariance from 500 EDP samples x 222 grid points ...
  [EnKF] Parameter sigma: log10(NmF2)=0.15  hmF2=20  H0=15  gamma=0.15  B0=20  B1=0.3  log10(NmE)=0.2  hmE=8
  [EnKF] Spatial corr (Ne-space KF method): mean=0.965  max=1.000  min=0.161
  [EKF] Running EKF_Param on 51 arc(s) …
  [EKF] 51 arcs  |  51 profile rays  |  51 update rays  |  n_state = 1776
  [EKF] Prior innovations  mean=16.13  std=22.81  max_abs=51.51 TECU
  [EKF] stage 1/1: free=[log10(NmF2),hmF2,H0,gamma,B0,log10(NmE)] (6/8 params)
  [EKF] iterating [analytical]:   0%|          | 0/20 [00:00<?, ?it/s]  [EKF] iterating [analytical]:   0%|          | 0/20 [00:00<?, ?it/s, RMSE=27.932TECU, a=0.25, rel_dP=7.16e-03]  [EKF] iterating [analytical]:   5%|5         | 1/20 [00:00<00:03,  6.26it/s, RMSE=27.932TECU, a=0.25, rel_dP=7.16e-03]  [EKF] iterating [analytical]:   5%|5         | 1/20 [00:00<00:03,  6.26it/s, RMSE=26.350TECU, a=0.33, rel_dP=8.03e-03]  [EKF] iterating [analytical]:  10%|#         | 2/20 [00:00<00:03,  5.25it/s, RMSE=26.350TECU, a=0.33, rel_dP=8.03e-03]  [EKF] iterating [analytical]:  10%|#         | 2/20 [00:00<00:03,  5.25it/s, RMSE=24.816TECU, a=0.42, rel_dP=9.38e-03]  [EKF] iterating [analytical]:  15%|#5        | 3/20 [00:00<00:03,  5.09it/s, RMSE=24.816TECU, a=0.42, rel_dP=9.38e-03]  [EKF] iterating [analytical]:  15%|#5        | 3/20 [00:00<00:03,  5.09it/s, RMSE=23.903TECU, a=0.55, rel_dP=1.19e-02]  [EKF] iterating [analytical]:  20%|##        | 4/20 [00:00<00:03,  4.93it/s, RMSE=23.903TECU, a=0.55, rel_dP=1.19e-02]  [EKF] iterating [analytical]:  20%|##        | 4/20 [00:00<00:03,  4.93it/s, RMSE=23.503TECU, a=0.71, rel_dP=1.54e-02]  [EKF] iterating [analytical]:  25%|##5       | 5/20 [00:00<00:02,  5.03it/s, RMSE=23.503TECU, a=0.71, rel_dP=1.54e-02]  [EKF] iterating [analytical]:  25%|##5       | 5/20 [00:01<00:02,  5.03it/s, RMSE=23.376TECU, a=0.93, rel_dP=2.28e-02]  [EKF] iterating [analytical]:  30%|###       | 6/20 [00:01<00:02,  5.02it/s, RMSE=23.376TECU, a=0.93, rel_dP=2.28e-02]  [EKF] iterating [analytical]:  30%|###       | 6/20 [00:01<00:02,  5.02it/s, RMSE=23.338TECU, a=1.00, rel_dP=1.42e-02]  [EKF] iterating [analytical]:  35%|###5      | 7/20 [00:01<00:02,  5.05it/s, RMSE=23.338TECU, a=1.00, rel_dP=1.42e-02]  [EKF] iterating [analytical]:  35%|###5      | 7/20 [00:01<00:02,  5.05it/s, RMSE=23.321TECU, a=1.00, rel_dP=2.31e-02]  [EKF] iterating [analytical]:  40%|####      | 8/20 [00:01<00:02,  5.10it/s, RMSE=23.321TECU, a=1.00, rel_dP=2.31e-02]  [EKF] iterating [analytical]:  40%|####      | 8/20 [00:01<00:02,  5.10it/s, RMSE=23.302TECU, a=1.00, rel_dP=1.41e-02]  [EKF] iterating [analytical]:  45%|####5     | 9/20 [00:01<00:02,  5.03it/s, RMSE=23.302TECU, a=1.00, rel_dP=1.41e-02]  [EKF] iterating [analytical]:  45%|####5     | 9/20 [00:01<00:02,  5.03it/s, RMSE=23.291TECU, a=1.00, rel_dP=2.93e-02]  [EKF] iterating [analytical]:  50%|#####     | 10/20 [00:01<00:02,  4.99it/s, RMSE=23.291TECU, a=1.00, rel_dP=2.93e-02]  [EKF] iterating [analytical]:  50%|#####     | 10/20 [00:02<00:02,  4.99it/s, RMSE=23.268TECU, a=1.00, rel_dP=1.47e-02]  [EKF] iterating [analytical]:  55%|#####5    | 11/20 [00:02<00:01,  4.96it/s, RMSE=23.268TECU, a=1.00, rel_dP=1.47e-02]  [EKF] iterating [analytical]:  55%|#####5    | 11/20 [00:02<00:01,  4.96it/s, RMSE=23.256TECU, a=1.00, rel_dP=2.18e-02]  [EKF] iterating [analytical]:  60%|######    | 12/20 [00:02<00:01,  4.72it/s, RMSE=23.256TECU, a=1.00, rel_dP=2.18e-02]  [EKF] iterating [analytical]:  60%|######    | 12/20 [00:02<00:01,  4.72it/s, RMSE=23.239TECU, a=1.00, rel_dP=1.54e-02]  [EKF] iterating [analytical]:  65%|######5   | 13/20 [00:02<00:01,  4.89it/s, RMSE=23.239TECU, a=1.00, rel_dP=1.54e-02]  [EKF] iterating [analytical]:  65%|######5   | 13/20 [00:02<00:01,  4.89it/s, RMSE=23.227TECU, a=1.00, rel_dP=3.00e-02]  [EKF] iterating [analytical]:  70%|#######   | 14/20 [00:02<00:01,  5.01it/s, RMSE=23.227TECU, a=1.00, rel_dP=3.00e-02]  [EKF] iterating [analytical]:  70%|#######   | 14/20 [00:02<00:01,  5.01it/s, RMSE=23.203TECU, a=1.00, rel_dP=1.39e-02]  [EKF] iterating [analytical]:  75%|#######5  | 15/20 [00:02<00:00,  5.16it/s, RMSE=23.203TECU, a=1.00, rel_dP=1.39e-02]  [EKF] iterating [analytical]:  75%|#######5  | 15/20 [00:03<00:00,  5.16it/s, RMSE=23.192TECU, a=1.00, rel_dP=2.91e-02]  [EKF] iterating [analytical]:  80%|########  | 16/20 [00:03<00:00,  5.21it/s, RMSE=23.192TECU, a=1.00, rel_dP=2.91e-02]  [EKF] iterating [analytical]:  80%|########  | 16/20 [00:03<00:00,  5.21it/s, RMSE=23.172TECU, a=1.00, rel_dP=2.07e-02]  [EKF] iterating [analytical]:  85%|########5 | 17/20 [00:03<00:00,  5.27it/s, RMSE=23.172TECU, a=1.00, rel_dP=2.07e-02]  [EKF] iterating [analytical]:  85%|########5 | 17/20 [00:03<00:00,  5.27it/s, RMSE=23.146TECU, a=1.00, rel_dP=2.09e-02]  [EKF] iterating [analytical]:  90%|######### | 18/20 [00:03<00:00,  5.29it/s, RMSE=23.146TECU, a=1.00, rel_dP=2.09e-02]  [EKF] iterating [analytical]:  90%|######### | 18/20 [00:03<00:00,  5.29it/s, RMSE=23.136TECU, a=1.00, rel_dP=8.54e-03]  [EKF] iterating [analytical]:  95%|#########5| 19/20 [00:03<00:00,  5.28it/s, RMSE=23.136TECU, a=1.00, rel_dP=8.54e-03]  [EKF] iterating [analytical]:  95%|#########5| 19/20 [00:03<00:00,  5.28it/s, RMSE=23.131TECU, a=1.00, rel_dP=8.93e-03]  [EKF] iterating [analytical]: 100%|##########| 20/20 [00:03<00:00,  5.38it/s, RMSE=23.131TECU, a=1.00, rel_dP=8.93e-03]                                                                                                                           [EKF] stage 1 reached max_iter=20 without convergence  (final ||ΔP||/||P|| = 8.93e-03, RMSE=23.13TECU vs tol 5.0)
  [EKF] Posterior innovations  mean=1.09  std=23.10  max_abs=67.52 TECU
  [EKF] Prior RMSE 27.932 TECU  →  Post RMSE 23.126 TECU
  Saved EKF convergence plot → /home/austinhunter/IonosphereTomography/Figures/ISR_DA_Comparison/OUTPUT/2025-08-27_1227/bin_15/igs_only/2025-08-27_1227_igs_only_ekf_convergence.png
◀◀◀ _run_or_load END   | 2025-08-27_1227 | bin=15  | igs_only  | parametric_ekf : DONE       (592.5s) -> status=ok (no 'status' key)
  [diag] 2025-08-27_1227 | bin=15 : summary of 6 obs_mode/filter_type combos
           ro_only   | gridded_kf     -> Success
           ro_only   | parametric_ekf -> Success
           ro_igs    | gridded_kf     -> Success
           ro_igs    | parametric_ekf -> Success
           igs_only  | gridded_kf     -> ok (no 'status' key)
           igs_only  | parametric_ekf -> ok (no 'status' key)

▶▶▶ compute_isr_metrics START | group=2025-08-27_1227 bin=15
◀◀◀ compute_isr_metrics END   | group=2025-08-27_1227 bin=15 -> 12 metric row(s)

▶▶▶ _plot_group_all_modes START | group=2025-08-27_1227
  [diag] 2025-08-27_1227/ro_igs/gridded_kf: arc-innovation panels thinned to 14 RO + 20/51 representative IGS arcs (of 65 total)
  [diag] 2025-08-27_1227/ro_igs/parametric_ekf: arc-innovation panels thinned to 14 RO + 20/51 representative IGS arcs (of 65 total)
  [diag] 2025-08-27_1227/igs_only/gridded_kf: arc-innovation panels thinned to 0 RO + 20/51 representative IGS arcs (of 51 total)
  [diag] 2025-08-27_1227/igs_only/parametric_ekf: arc-innovation panels thinned to 0 RO + 20/51 representative IGS arcs (of 51 total)
/home/austinhunter/Downloads/PlanetiQ_Code/venv311/lib/python3.11/site-packages/shapely/creation.py:218: RuntimeWarning: invalid value encountered in linestrings
  return lib.linestrings(coords, np.intc(handle_nan), out=out, **kwargs)
/home/austinhunter/IonosphereTomography/plotIonosphereTomography.py:3914: UserWarning: This figure includes Axes that are not compatible with tight_layout, so results might be incorrect.
  plt.tight_layout(rect=[0, 0, 1, 0.98])
/home/austinhunter/IonosphereTomography/plotIonosphereTomography.py:3914: UserWarning: This figure includes Axes that are not compatible with tight_layout, so results might be incorrect.
  plt.tight_layout(rect=[0, 0, 1, 0.98])
/home/austinhunter/IonosphereTomography/plotIonosphereTomography.py:3914: UserWarning: This figure includes Axes that are not compatible with tight_layout, so results might be incorrect.
  plt.tight_layout(rect=[0, 0, 1, 0.98])
◀◀◀ _plot_group_all_modes END   | group=2025-08-27_1227
No valid descending tangent points found. Skipping.
▶▶▶ _run_or_load START | 2025-08-27_1227 | bin=5   | ro_only   | gridded_kf    
    [diag] 2025-08-27_1227 | bin=5   | ro_only   | gridded_kf     : RUNNING    (force=True, cached=True) ...

────────────────────────────────────────────────────────────
  Group : 2025-08-27_1227
  Window: 2025-08-27_1227  |  Region: POLAR_N  |  5 occultation(s)
────────────────────────────────────────────────────────────
No valid descending tangent points found. Skipping.
    [skip] podTc2_GN05.2025.239.12.37.0015.C34.01_0000.0001_nc — parse returned None
  Parsed 4/5 files successfully.
    [podTc2] GN04 12:35 — 711 valid rays → decimated to 178 (stride 4)
    [podTc2] GN04 12:35 — 406 valid rays → decimated to 136 (stride 3)
    [skip] GN05 12:53 — only 9 valid rays
    [podTc2] GN05 12:44 — 396 valid rays → decimated to 198 (stride 2)
  Bbox lat [51.5, 90.0]  lon [-180.0, 180.0]  |  union vertices: 61
  Final group: 3 occultation(s), 61 union-mesh vertices
  Saved trim diagnostic → /home/austinhunter/IonosphereTomography/Figures/ISR_DA_Comparison/OUTPUT/2025-08-27_1227/bin_5/ro_only/group_2025-08-27_1227_trim.png
  -> Building H matrices (512 rays across 3 arc(s), single parallel sweep) …
  -> Building H matrices:     51/512 rays ( 10.0%)
  -> Building H matrices:    102/512 rays ( 19.9%)
  -> Building H matrices:    153/512 rays ( 29.9%)
  -> Building H matrices:    204/512 rays ( 39.8%)
  -> Building H matrices:    255/512 rays ( 49.8%)
  -> Building H matrices:    306/512 rays ( 59.8%)
  -> Building H matrices:    357/512 rays ( 69.7%)
  -> Building H matrices:    408/512 rays ( 79.7%)
  -> Building H matrices:    459/512 rays ( 89.6%)
  -> Building H matrices:    510/512 rays ( 99.6%)
  -> Building H matrices:    512/512 rays (100.0%)
  Combined H shape : (512, 3416)  (total rays = 512)
  Skipping sequential KF assimilation (run_sequential=False).
  Running joint (batch) KF assimilation …
  Prior RMSE  : 25.294 TECU
  Post  RMSE  : 4.305 TECU
    [Abel] GN04 12:35: NmF2=3.73e+11 m⁻³  hmF2=356.6 km
    [Abel] GN04 12:35: NmF2=5.33e+11 m⁻³  hmF2=294.9 km
    [Abel] GN05 12:44: NmF2=4.73e+11 m⁻³  hmF2=291.2 km
◀◀◀ _run_or_load END   | 2025-08-27_1227 | bin=5   | ro_only   | gridded_kf     : DONE       (22.0s) -> status=Success
▶▶▶ _run_or_load START | 2025-08-27_1227 | bin=5   | ro_igs    | gridded_kf    
    [diag] 2025-08-27_1227 | bin=5   | ro_igs    | gridded_kf     : RUNNING    (force=True, cached=True) ...

────────────────────────────────────────────────────────────
  Group : 2025-08-27_1227
  Window: 2025-08-27_1227  |  Region: POLAR_N  |  5 occultation(s)
────────────────────────────────────────────────────────────
No valid descending tangent points found. Skipping.
    [skip] podTc2_GN05.2025.239.12.37.0015.C34.01_0000.0001_nc — parse returned None
  Parsed 4/5 files successfully.
    [podTc2] GN04 12:35 — 711 valid rays → decimated to 178 (stride 4)
    [podTc2] GN04 12:35 — 406 valid rays → decimated to 136 (stride 3)
    [skip] GN05 12:53 — only 9 valid rays
    [podTc2] GN05 12:44 — 396 valid rays → decimated to 198 (stride 2)
  Bbox lat [51.5, 90.0]  lon [-180.0, 180.0]  |  union vertices: 61
  Final group: 3 occultation(s), 61 union-mesh vertices
  Saved trim diagnostic → /home/austinhunter/IonosphereTomography/Figures/ISR_DA_Comparison/OUTPUT/2025-08-27_1227/bin_5/ro_igs/group_2025-08-27_1227_trim.png
  [extra] Injected 51 ground-station arc(s) → total 54 arc(s) in assimilation pool
  -> Building H matrices (563 rays across 54 arc(s), single parallel sweep) …
  -> Building H matrices:     56/563 rays (  9.9%)
  -> Building H matrices:    112/563 rays ( 19.9%)
  -> Building H matrices:    168/563 rays ( 29.8%)
  -> Building H matrices:    224/563 rays ( 39.8%)
  -> Building H matrices:    280/563 rays ( 49.7%)
  -> Building H matrices:    336/563 rays ( 59.7%)
  -> Building H matrices:    392/563 rays ( 69.6%)
  -> Building H matrices:    448/563 rays ( 79.6%)
  -> Building H matrices:    504/563 rays ( 89.5%)
  -> Building H matrices:    560/563 rays ( 99.5%)
  -> Building H matrices:    563/563 rays (100.0%)
  Combined H shape : (563, 3416)  (total rays = 563)
  Skipping sequential KF assimilation (run_sequential=False).
  Running joint (batch) KF assimilation …
  Prior RMSE  : 25.957 TECU
  Post  RMSE  : 8.213 TECU
    [Abel] GN04 12:35: NmF2=3.73e+11 m⁻³  hmF2=356.6 km
    [Abel] GN04 12:35: NmF2=5.33e+11 m⁻³  hmF2=294.9 km
    [Abel] GN05 12:44: NmF2=4.73e+11 m⁻³  hmF2=291.2 km
    [Abel] Skipped 51 ground-station arc(s) (RO-only technique)
/home/austinhunter/Downloads/PlanetiQ_Code/venv311/lib/python3.11/site-packages/shapely/creation.py:218: RuntimeWarning: invalid value encountered in linestrings
  return lib.linestrings(coords, np.intc(handle_nan), out=out, **kwargs)
◀◀◀ _run_or_load END   | 2025-08-27_1227 | bin=5   | ro_igs    | gridded_kf     : DONE       (21.6s) -> status=Success
▶▶▶ _run_or_load START | 2025-08-27_1227 | bin=5   | igs_only  | gridded_kf    
    [diag] 2025-08-27_1227 | bin=5   | igs_only  | gridded_kf     : RUNNING    (force=True, cached=True) ...
    [Info] Initialising information matrix (n_state=10175) …
    [Info] arcs ingested = 51/51  |  obs rows = 51  |  Λ cond ≈ 2.33e+23
    [Info] Solving …
    [Prior] innovation  mean=29.85  std=22.22  n_obs=51
    [Post ] innovation  mean=18.97  std=18.24
    RMSE:  prior=37.212 TECU  →  post=26.322 TECU
◀◀◀ _run_or_load END   | 2025-08-27_1227 | bin=5   | igs_only  | gridded_kf     : DONE       (39.7s) -> status=ok (no 'status' key)
▶▶▶ _run_or_load START | 2025-08-27_1227 | bin=5   | ro_only   | parametric_ekf
    [diag] 2025-08-27_1227 | bin=5   | ro_only   | parametric_ekf : RUNNING    (force=True, cached=True) ...
  [EKF] Building IRI state at 61 grid points (batch call) …
  [EnKF] Estimating background covariance from 50 EDP samples x 61 grid points ...
  [EnKF] Parameter sigma: log10(NmF2)=0.15  hmF2=20  H0=15  gamma=0.15  B0=20  B1=0.3  log10(NmE)=0.2  hmE=8
  [EnKF] Spatial corr (Ne-space KF method): mean=0.956  max=1.000  min=0.251
  [EKF] Running EKF_Param on 3 arc(s) …
  [EKF] 3 arcs  |  512 profile rays  |  259 update rays  |  n_state = 488
  [EKF] Prior innovations  mean=-17.10  std=26.96  max_abs=55.06 TECU
  [EKF] stage 1/1: free=[log10(NmF2),hmF2,H0,gamma,B0,log10(NmE)] (6/8 params)
  [EKF] iterating [analytical]:   0%|          | 0/20 [00:00<?, ?it/s]  [EKF] iterating [analytical]:   0%|          | 0/20 [00:00<?, ?it/s, RMSE=31.928TECU, a=0.25, rel_dP=4.27e-02]  [EKF] iterating [analytical]:   5%|5         | 1/20 [00:00<00:12,  1.51it/s, RMSE=31.928TECU, a=0.25, rel_dP=4.27e-02]  [EKF] iterating [analytical]:   5%|5         | 1/20 [00:01<00:12,  1.51it/s, RMSE=25.708TECU, a=0.33, rel_dP=4.99e-02]  [EKF] iterating [analytical]:  10%|#         | 2/20 [00:01<00:12,  1.49it/s, RMSE=25.708TECU, a=0.33, rel_dP=4.99e-02]  [EKF] iterating [analytical]:  10%|#         | 2/20 [00:02<00:12,  1.49it/s, RMSE=19.925TECU, a=0.42, rel_dP=4.95e-02]  [EKF] iterating [analytical]:  15%|#5        | 3/20 [00:02<00:11,  1.48it/s, RMSE=19.925TECU, a=0.42, rel_dP=4.95e-02]  [EKF] iterating [analytical]:  15%|#5        | 3/20 [00:02<00:11,  1.48it/s, RMSE=15.197TECU, a=0.55, rel_dP=4.77e-02]  [EKF] iterating [analytical]:  20%|##        | 4/20 [00:02<00:10,  1.53it/s, RMSE=15.197TECU, a=0.55, rel_dP=4.77e-02]  [EKF] iterating [analytical]:  20%|##        | 4/20 [00:03<00:10,  1.53it/s, RMSE=12.780TECU, a=0.71, rel_dP=4.17e-02]  [EKF] iterating [analytical]:  25%|##5       | 5/20 [00:03<00:09,  1.57it/s, RMSE=12.780TECU, a=0.71, rel_dP=4.17e-02]  [EKF] iterating [analytical]:  25%|##5       | 5/20 [00:03<00:09,  1.57it/s, RMSE=12.780TECU, a=0.36, note=reject]      [EKF] iterating [analytical]:  30%|###       | 6/20 [00:03<00:08,  1.56it/s, RMSE=12.780TECU, a=0.36, note=reject]  [EKF] iterating [analytical]:  30%|###       | 6/20 [00:04<00:08,  1.56it/s, RMSE=12.780TECU, a=0.46, rel_dP=2.71e-02]  [EKF] iterating [analytical]:  35%|###5      | 7/20 [00:04<00:08,  1.61it/s, RMSE=12.780TECU, a=0.46, rel_dP=2.71e-02]  [EKF] iterating [analytical]:  35%|###5      | 7/20 [00:05<00:08,  1.61it/s, RMSE=12.661TECU, a=0.60, rel_dP=2.97e-02]  [EKF] iterating [analytical]:  40%|####      | 8/20 [00:05<00:07,  1.62it/s, RMSE=12.661TECU, a=0.60, rel_dP=2.97e-02]  [EKF] iterating [analytical]:  40%|####      | 8/20 [00:05<00:07,  1.62it/s, RMSE=12.661TECU, a=0.30, note=reject]      [EKF] iterating [analytical]:  45%|####5     | 9/20 [00:05<00:06,  1.63it/s, RMSE=12.661TECU, a=0.30, note=reject]  [EKF] iterating [analytical]:  45%|####5     | 9/20 [00:06<00:06,  1.63it/s, RMSE=12.661TECU, a=0.39, rel_dP=1.93e-02]  [EKF] iterating [analytical]:  50%|#####     | 10/20 [00:06<00:06,  1.66it/s, RMSE=12.661TECU, a=0.39, rel_dP=1.93e-02]  [EKF] iterating [analytical]:  50%|#####     | 10/20 [00:06<00:06,  1.66it/s, RMSE=12.661TECU, a=0.20, note=reject]      [EKF] iterating [analytical]:  55%|#####5    | 11/20 [00:06<00:05,  1.65it/s, RMSE=12.661TECU, a=0.20, note=reject]  [EKF] iterating [analytical]:  55%|#####5    | 11/20 [00:07<00:05,  1.65it/s, RMSE=12.661TECU, a=0.25, rel_dP=1.25e-02]  [EKF] iterating [analytical]:  60%|######    | 12/20 [00:07<00:04,  1.67it/s, RMSE=12.661TECU, a=0.25, rel_dP=1.25e-02]  [EKF] iterating [analytical]:  60%|######    | 12/20 [00:08<00:04,  1.67it/s, RMSE=12.661TECU, a=0.13, note=reject]      [EKF] iterating [analytical]:  65%|######5   | 13/20 [00:08<00:04,  1.64it/s, RMSE=12.661TECU, a=0.13, note=reject]  [EKF] iterating [analytical]:  65%|######5   | 13/20 [00:08<00:04,  1.64it/s, RMSE=12.661TECU, a=0.17, rel_dP=8.15e-03]  [EKF] iterating [analytical]:  70%|#######   | 14/20 [00:08<00:03,  1.66it/s, RMSE=12.661TECU, a=0.17, rel_dP=8.15e-03]  [EKF] iterating [analytical]:  70%|#######   | 14/20 [00:09<00:03,  1.66it/s, RMSE=12.661TECU, a=0.08, note=reject]      [EKF] iterating [analytical]:  75%|#######5  | 15/20 [00:09<00:02,  1.67it/s, RMSE=12.661TECU, a=0.08, note=reject]  [EKF] iterating [analytical]:  75%|#######5  | 15/20 [00:09<00:02,  1.67it/s, RMSE=12.661TECU, a=0.11, rel_dP=5.30e-03]  [EKF] iterating [analytical]:  80%|########  | 16/20 [00:09<00:02,  1.66it/s, RMSE=12.661TECU, a=0.11, rel_dP=5.30e-03]  [EKF] iterating [analytical]:  80%|########  | 16/20 [00:10<00:02,  1.66it/s, RMSE=12.661TECU, a=0.05, note=reject]      [EKF] iterating [analytical]:  85%|########5 | 17/20 [00:10<00:01,  1.66it/s, RMSE=12.661TECU, a=0.05, note=reject]  [EKF] iterating [analytical]:  85%|########5 | 17/20 [00:11<00:01,  1.66it/s, RMSE=12.661TECU, a=0.07, rel_dP=3.44e-03]  [EKF] iterating [analytical]:  90%|######### | 18/20 [00:11<00:01,  1.67it/s, RMSE=12.661TECU, a=0.07, rel_dP=3.44e-03]  [EKF] iterating [analytical]:  90%|######### | 18/20 [00:11<00:01,  1.67it/s, RMSE=12.661TECU, a=0.04, note=reject]      [EKF] iterating [analytical]:  95%|#########5| 19/20 [00:11<00:00,  1.64it/s, RMSE=12.661TECU, a=0.04, note=reject]  [EKF] iterating [analytical]:  95%|#########5| 19/20 [00:12<00:00,  1.64it/s, RMSE=12.661TECU, a=0.05, rel_dP=2.24e-03]  [EKF] iterating [analytical]: 100%|##########| 20/20 [00:12<00:00,  1.67it/s, RMSE=12.661TECU, a=0.05, rel_dP=2.24e-03]                                                                                                                           [EKF] stage 1 reached max_iter=20 without convergence  (final ||ΔP||/||P|| = 2.24e-03, RMSE=12.66TECU vs tol 5.0)
  [EKF] Posterior innovations  mean=-7.72  std=10.02  max_abs=29.80 TECU
  [EKF] Prior RMSE 31.976 TECU  →  Post RMSE 12.684 TECU
  Saved EKF convergence plot → /home/austinhunter/IonosphereTomography/Figures/ISR_DA_Comparison/OUTPUT/2025-08-27_1227/bin_5/ro_only/2025-08-27_1227_ro_only_ekf_convergence.png
◀◀◀ _run_or_load END   | 2025-08-27_1227 | bin=5   | ro_only   | parametric_ekf : DONE       (25.9s) -> status=Success
▶▶▶ _run_or_load START | 2025-08-27_1227 | bin=5   | ro_igs    | parametric_ekf
    [diag] 2025-08-27_1227 | bin=5   | ro_igs    | parametric_ekf : RUNNING    (force=True, cached=True) ...
  [EKF] Building IRI state at 61 grid points (batch call) …
  [EnKF] Estimating background covariance from 50 EDP samples x 61 grid points ...
  [EnKF] Parameter sigma: log10(NmF2)=0.15  hmF2=20  H0=15  gamma=0.15  B0=20  B1=0.3  log10(NmE)=0.2  hmE=8
  [EnKF] Spatial corr (Ne-space KF method): mean=0.956  max=1.000  min=0.251
  [EKF] Running EKF_Param on 54 arc(s) …
  [EKF] 54 arcs  |  563 profile rays  |  310 update rays  |  n_state = 488
  [EKF] Prior innovations  mean=-11.31  std=29.37  max_abs=55.06 TECU
  [EKF] stage 1/1: free=[log10(NmF2),hmF2,H0,gamma,B0,log10(NmE)] (6/8 params)
  [EKF] iterating [analytical]:   0%|          | 0/20 [00:00<?, ?it/s]  [EKF] iterating [analytical]:   0%|          | 0/20 [00:00<?, ?it/s, RMSE=31.470TECU, a=0.25, rel_dP=5.80e-02]  [EKF] iterating [analytical]:   5%|5         | 1/20 [00:00<00:13,  1.39it/s, RMSE=31.470TECU, a=0.25, rel_dP=5.80e-02]  [EKF] iterating [analytical]:   5%|5         | 1/20 [00:01<00:13,  1.39it/s, RMSE=26.061TECU, a=0.33, rel_dP=7.17e-02]  [EKF] iterating [analytical]:  10%|#         | 2/20 [00:01<00:14,  1.25it/s, RMSE=26.061TECU, a=0.33, rel_dP=7.17e-02]  [EKF] iterating [analytical]:  10%|#         | 2/20 [00:02<00:14,  1.25it/s, RMSE=21.138TECU, a=0.42, rel_dP=6.66e-02]  [EKF] iterating [analytical]:  15%|#5        | 3/20 [00:02<00:13,  1.24it/s, RMSE=21.138TECU, a=0.42, rel_dP=6.66e-02]  [EKF] iterating [analytical]:  15%|#5        | 3/20 [00:03<00:13,  1.24it/s, RMSE=17.616TECU, a=0.55, rel_dP=5.37e-02]  [EKF] iterating [analytical]:  20%|##        | 4/20 [00:03<00:12,  1.26it/s, RMSE=17.616TECU, a=0.55, rel_dP=5.37e-02]  [EKF] iterating [analytical]:  20%|##        | 4/20 [00:03<00:12,  1.26it/s, RMSE=16.086TECU, a=0.71, rel_dP=3.96e-02]  [EKF] iterating [analytical]:  25%|##5       | 5/20 [00:03<00:11,  1.29it/s, RMSE=16.086TECU, a=0.71, rel_dP=3.96e-02]  [EKF] iterating [analytical]:  25%|##5       | 5/20 [00:04<00:11,  1.29it/s, RMSE=16.049TECU, a=0.93, rel_dP=2.65e-02]  [EKF] iterating [analytical]:  30%|###       | 6/20 [00:04<00:10,  1.31it/s, RMSE=16.049TECU, a=0.93, rel_dP=2.65e-02]  [EKF] iterating [analytical]:  30%|###       | 6/20 [00:05<00:10,  1.31it/s, RMSE=16.049TECU, a=0.46, note=reject]      [EKF] iterating [analytical]:  35%|###5      | 7/20 [00:05<00:09,  1.34it/s, RMSE=16.049TECU, a=0.46, note=reject]  [EKF] iterating [analytical]:  35%|###5      | 7/20 [00:06<00:09,  1.34it/s, RMSE=16.049TECU, a=0.60, rel_dP=1.72e-02]  [EKF] iterating [analytical]:  40%|####      | 8/20 [00:06<00:08,  1.37it/s, RMSE=16.049TECU, a=0.60, rel_dP=1.72e-02]  [EKF] iterating [analytical]:  40%|####      | 8/20 [00:06<00:08,  1.37it/s, RMSE=16.049TECU, a=0.30, note=reject]      [EKF] iterating [analytical]:  45%|####5     | 9/20 [00:06<00:07,  1.38it/s, RMSE=16.049TECU, a=0.30, note=reject]  [EKF] iterating [analytical]:  45%|####5     | 9/20 [00:07<00:07,  1.38it/s, RMSE=16.049TECU, a=0.39, rel_dP=1.12e-02]  [EKF] iterating [analytical]:  50%|#####     | 10/20 [00:07<00:07,  1.38it/s, RMSE=16.049TECU, a=0.39, rel_dP=1.12e-02]  [EKF] iterating [analytical]:  50%|#####     | 10/20 [00:08<00:07,  1.38it/s, RMSE=16.049TECU, a=0.20, note=reject]      [EKF] iterating [analytical]:  55%|#####5    | 11/20 [00:08<00:06,  1.38it/s, RMSE=16.049TECU, a=0.20, note=reject]  [EKF] iterating [analytical]:  55%|#####5    | 11/20 [00:08<00:06,  1.38it/s, RMSE=16.049TECU, a=0.25, rel_dP=7.27e-03]  [EKF] iterating [analytical]:  60%|######    | 12/20 [00:08<00:05,  1.39it/s, RMSE=16.049TECU, a=0.25, rel_dP=7.27e-03]  [EKF] iterating [analytical]:  60%|######    | 12/20 [00:09<00:05,  1.39it/s, RMSE=16.049TECU, a=0.13, note=reject]      [EKF] iterating [analytical]:  65%|######5   | 13/20 [00:09<00:05,  1.33it/s, RMSE=16.049TECU, a=0.13, note=reject]  [EKF] iterating [analytical]:  65%|######5   | 13/20 [00:10<00:05,  1.33it/s, RMSE=16.049TECU, a=0.17, rel_dP=4.73e-03]  [EKF] iterating [analytical]:  70%|#######   | 14/20 [00:10<00:04,  1.36it/s, RMSE=16.049TECU, a=0.17, rel_dP=4.73e-03]  [EKF] iterating [analytical]:  70%|#######   | 14/20 [00:11<00:04,  1.36it/s, RMSE=16.049TECU, a=0.08, note=reject]      [EKF] iterating [analytical]:  75%|#######5  | 15/20 [00:11<00:03,  1.37it/s, RMSE=16.049TECU, a=0.08, note=reject]  [EKF] iterating [analytical]:  75%|#######5  | 15/20 [00:11<00:03,  1.37it/s, RMSE=16.049TECU, a=0.11, rel_dP=3.07e-03]  [EKF] iterating [analytical]:  80%|########  | 16/20 [00:11<00:02,  1.38it/s, RMSE=16.049TECU, a=0.11, rel_dP=3.07e-03]  [EKF] iterating [analytical]:  80%|########  | 16/20 [00:12<00:02,  1.38it/s, RMSE=16.049TECU, a=0.05, note=reject]      [EKF] iterating [analytical]:  85%|########5 | 17/20 [00:12<00:02,  1.39it/s, RMSE=16.049TECU, a=0.05, note=reject]  [EKF] iterating [analytical]:  85%|########5 | 17/20 [00:13<00:02,  1.39it/s, RMSE=16.049TECU, a=0.07, rel_dP=2.00e-03]  [EKF] iterating [analytical]:  90%|######### | 18/20 [00:13<00:01,  1.38it/s, RMSE=16.049TECU, a=0.07, rel_dP=2.00e-03]  [EKF] iterating [analytical]:  90%|######### | 18/20 [00:14<00:01,  1.38it/s, RMSE=16.049TECU, a=0.04, note=reject]      [EKF] iterating [analytical]:  95%|#########5| 19/20 [00:14<00:00,  1.39it/s, RMSE=16.049TECU, a=0.04, note=reject]  [EKF] iterating [analytical]:  95%|#########5| 19/20 [00:14<00:00,  1.39it/s, RMSE=16.049TECU, a=0.05, rel_dP=1.30e-03]  [EKF] iterating [analytical]: 100%|##########| 20/20 [00:14<00:00,  1.40it/s, RMSE=16.049TECU, a=0.05, rel_dP=1.30e-03]                                                                                                                           [EKF] stage 1 reached max_iter=20 without convergence  (final ||ΔP||/||P|| = 1.30e-03, RMSE=16.05TECU vs tol 5.0)
  [EKF] Posterior innovations  mean=-6.31  std=14.78  max_abs=55.80 TECU
  [EKF] Prior RMSE 31.721 TECU  →  Post RMSE 14.931 TECU
  Saved EKF convergence plot → /home/austinhunter/IonosphereTomography/Figures/ISR_DA_Comparison/OUTPUT/2025-08-27_1227/bin_5/ro_igs/2025-08-27_1227_ro_igs_ekf_convergence.png
◀◀◀ _run_or_load END   | 2025-08-27_1227 | bin=5   | ro_igs    | parametric_ekf : DONE       (29.3s) -> status=Success
▶▶▶ _run_or_load START | 2025-08-27_1227 | bin=5   | igs_only  | parametric_ekf
    [diag] 2025-08-27_1227 | bin=5   | igs_only  | parametric_ekf : RUNNING    (force=True, cached=True) ...
  [EKF] Building IRI state at 185 grid points (batch call) …
  [EnKF] Estimating background covariance from 500 EDP samples x 185 grid points ...
  [EnKF] Parameter sigma: log10(NmF2)=0.15  hmF2=20  H0=15  gamma=0.15  B0=20  B1=0.3  log10(NmE)=0.2  hmE=8
  [EnKF] Spatial corr (Ne-space KF method): mean=0.926  max=1.000  min=0.045
  [EKF] Running EKF_Param on 51 arc(s) …
  [EKF] 51 arcs  |  51 profile rays  |  51 update rays  |  n_state = 1480
  [EKF] Prior innovations  mean=19.36  std=22.63  max_abs=52.62 TECU
  [EKF] stage 1/1: free=[log10(NmF2),hmF2,H0,gamma,B0,log10(NmE)] (6/8 params)
  [EKF] iterating [analytical]:   0%|          | 0/20 [00:00<?, ?it/s]  [EKF] iterating [analytical]:   0%|          | 0/20 [00:00<?, ?it/s, RMSE=29.776TECU, a=0.25, rel_dP=7.77e-03]  [EKF] iterating [analytical]:   5%|5         | 1/20 [00:00<00:03,  5.65it/s, RMSE=29.776TECU, a=0.25, rel_dP=7.77e-03]  [EKF] iterating [analytical]:   5%|5         | 1/20 [00:00<00:03,  5.65it/s, RMSE=27.421TECU, a=0.33, rel_dP=9.07e-03]  [EKF] iterating [analytical]:  10%|#         | 2/20 [00:00<00:03,  5.39it/s, RMSE=27.421TECU, a=0.33, rel_dP=9.07e-03]  [EKF] iterating [analytical]:  10%|#         | 2/20 [00:00<00:03,  5.39it/s, RMSE=25.307TECU, a=0.42, rel_dP=9.85e-03]  [EKF] iterating [analytical]:  15%|#5        | 3/20 [00:00<00:03,  5.30it/s, RMSE=25.307TECU, a=0.42, rel_dP=9.85e-03]  [EKF] iterating [analytical]:  15%|#5        | 3/20 [00:00<00:03,  5.30it/s, RMSE=24.058TECU, a=0.55, rel_dP=9.56e-03]  [EKF] iterating [analytical]:  20%|##        | 4/20 [00:00<00:03,  5.31it/s, RMSE=24.058TECU, a=0.55, rel_dP=9.56e-03]  [EKF] iterating [analytical]:  20%|##        | 4/20 [00:00<00:03,  5.31it/s, RMSE=23.530TECU, a=0.71, rel_dP=1.02e-02]  [EKF] iterating [analytical]:  25%|##5       | 5/20 [00:00<00:02,  5.35it/s, RMSE=23.530TECU, a=0.71, rel_dP=1.02e-02]  [EKF] iterating [analytical]:  25%|##5       | 5/20 [00:01<00:02,  5.35it/s, RMSE=23.385TECU, a=0.93, rel_dP=2.08e-02]  [EKF] iterating [analytical]:  30%|###       | 6/20 [00:01<00:02,  5.42it/s, RMSE=23.385TECU, a=0.93, rel_dP=2.08e-02]  [EKF] iterating [analytical]:  30%|###       | 6/20 [00:01<00:02,  5.42it/s, RMSE=23.348TECU, a=1.00, rel_dP=1.33e-02]  [EKF] iterating [analytical]:  35%|###5      | 7/20 [00:01<00:02,  5.35it/s, RMSE=23.348TECU, a=1.00, rel_dP=1.33e-02]  [EKF] iterating [analytical]:  35%|###5      | 7/20 [00:01<00:02,  5.35it/s, RMSE=23.335TECU, a=1.00, rel_dP=1.82e-02]  [EKF] iterating [analytical]:  40%|####      | 8/20 [00:01<00:02,  5.38it/s, RMSE=23.335TECU, a=1.00, rel_dP=1.82e-02]  [EKF] iterating [analytical]:  40%|####      | 8/20 [00:01<00:02,  5.38it/s, RMSE=23.317TECU, a=1.00, rel_dP=1.41e-02]  [EKF] iterating [analytical]:  45%|####5     | 9/20 [00:01<00:02,  5.43it/s, RMSE=23.317TECU, a=1.00, rel_dP=1.41e-02]  [EKF] iterating [analytical]:  45%|####5     | 9/20 [00:01<00:02,  5.43it/s, RMSE=23.305TECU, a=1.00, rel_dP=1.38e-02]  [EKF] iterating [analytical]:  50%|#####     | 10/20 [00:01<00:01,  5.40it/s, RMSE=23.305TECU, a=1.00, rel_dP=1.38e-02]  [EKF] iterating [analytical]:  50%|#####     | 10/20 [00:02<00:01,  5.40it/s, RMSE=23.295TECU, a=1.00, rel_dP=1.24e-02]  [EKF] iterating [analytical]:  55%|#####5    | 11/20 [00:02<00:01,  5.41it/s, RMSE=23.295TECU, a=1.00, rel_dP=1.24e-02]  [EKF] iterating [analytical]:  55%|#####5    | 11/20 [00:02<00:01,  5.41it/s, RMSE=23.283TECU, a=1.00, rel_dP=1.94e-02]  [EKF] iterating [analytical]:  60%|######    | 12/20 [00:02<00:01,  5.35it/s, RMSE=23.283TECU, a=1.00, rel_dP=1.94e-02]  [EKF] iterating [analytical]:  60%|######    | 12/20 [00:02<00:01,  5.35it/s, RMSE=23.266TECU, a=1.00, rel_dP=1.27e-02]  [EKF] iterating [analytical]:  65%|######5   | 13/20 [00:02<00:01,  5.44it/s, RMSE=23.266TECU, a=1.00, rel_dP=1.27e-02]  [EKF] iterating [analytical]:  65%|######5   | 13/20 [00:02<00:01,  5.44it/s, RMSE=23.257TECU, a=1.00, rel_dP=2.06e-02]  [EKF] iterating [analytical]:  70%|#######   | 14/20 [00:02<00:01,  5.41it/s, RMSE=23.257TECU, a=1.00, rel_dP=2.06e-02]  [EKF] iterating [analytical]:  70%|#######   | 14/20 [00:02<00:01,  5.41it/s, RMSE=23.235TECU, a=1.00, rel_dP=1.42e-02]  [EKF] iterating [analytical]:  75%|#######5  | 15/20 [00:02<00:01,  4.96it/s, RMSE=23.235TECU, a=1.00, rel_dP=1.42e-02]  [EKF] iterating [analytical]:  75%|#######5  | 15/20 [00:03<00:01,  4.96it/s, RMSE=23.225TECU, a=1.00, rel_dP=1.33e-02]  [EKF] iterating [analytical]:  80%|########  | 16/20 [00:03<00:00,  5.06it/s, RMSE=23.225TECU, a=1.00, rel_dP=1.33e-02]  [EKF] iterating [analytical]:  80%|########  | 16/20 [00:03<00:00,  5.06it/s, RMSE=23.215TECU, a=1.00, rel_dP=1.85e-02]  [EKF] iterating [analytical]:  85%|########5 | 17/20 [00:03<00:00,  5.01it/s, RMSE=23.215TECU, a=1.00, rel_dP=1.85e-02]  [EKF] iterating [analytical]:  85%|########5 | 17/20 [00:03<00:00,  5.01it/s, RMSE=23.196TECU, a=1.00, rel_dP=1.10e-02]  [EKF] iterating [analytical]:  90%|######### | 18/20 [00:03<00:00,  5.04it/s, RMSE=23.196TECU, a=1.00, rel_dP=1.10e-02]  [EKF] iterating [analytical]:  90%|######### | 18/20 [00:03<00:00,  5.04it/s, RMSE=23.189TECU, a=1.00, rel_dP=1.07e-02]  [EKF] iterating [analytical]:  95%|#########5| 19/20 [00:03<00:00,  5.15it/s, RMSE=23.189TECU, a=1.00, rel_dP=1.07e-02]  [EKF] iterating [analytical]:  95%|#########5| 19/20 [00:03<00:00,  5.15it/s, RMSE=23.183TECU, a=1.00, rel_dP=1.06e-02]  [EKF] iterating [analytical]: 100%|##########| 20/20 [00:03<00:00,  4.95it/s, RMSE=23.183TECU, a=1.00, rel_dP=1.06e-02]                                                                                                                           [EKF] stage 1 reached max_iter=20 without convergence  (final ||ΔP||/||P|| = 1.06e-02, RMSE=23.18TECU vs tol 5.0)
  [EKF] Posterior innovations  mean=1.15  std=23.15  max_abs=67.71 TECU
  [EKF] Prior RMSE 29.776 TECU  →  Post RMSE 23.176 TECU
  Saved EKF convergence plot → /home/austinhunter/IonosphereTomography/Figures/ISR_DA_Comparison/OUTPUT/2025-08-27_1227/bin_5/igs_only/2025-08-27_1227_igs_only_ekf_convergence.png
◀◀◀ _run_or_load END   | 2025-08-27_1227 | bin=5   | igs_only  | parametric_ekf : DONE       (480.0s) -> status=ok (no 'status' key)
  [diag] 2025-08-27_1227 | bin=5 : summary of 6 obs_mode/filter_type combos
           ro_only   | gridded_kf     -> Success
           ro_only   | parametric_ekf -> Success
           ro_igs    | gridded_kf     -> Success
           ro_igs    | parametric_ekf -> Success
           igs_only  | gridded_kf     -> ok (no 'status' key)
           igs_only  | parametric_ekf -> ok (no 'status' key)

▶▶▶ compute_isr_metrics START | group=2025-08-27_1227 bin=5
◀◀◀ compute_isr_metrics END   | group=2025-08-27_1227 bin=5 -> 12 metric row(s)

▶▶▶ _plot_group_all_modes START | group=2025-08-27_1227
  [diag] 2025-08-27_1227/ro_igs/gridded_kf: arc-innovation panels thinned to 3 RO + 20/51 representative IGS arcs (of 54 total)
  [diag] 2025-08-27_1227/ro_igs/parametric_ekf: arc-innovation panels thinned to 3 RO + 20/51 representative IGS arcs (of 54 total)
  [diag] 2025-08-27_1227/igs_only/gridded_kf: arc-innovation panels thinned to 0 RO + 20/51 representative IGS arcs (of 51 total)
  [diag] 2025-08-27_1227/igs_only/parametric_ekf: arc-innovation panels thinned to 0 RO + 20/51 representative IGS arcs (of 51 total)
/home/austinhunter/Downloads/PlanetiQ_Code/venv311/lib/python3.11/site-packages/shapely/creation.py:218: RuntimeWarning: invalid value encountered in linestrings
  return lib.linestrings(coords, np.intc(handle_nan), out=out, **kwargs)
/home/austinhunter/IonosphereTomography/plotIonosphereTomography.py:3914: UserWarning: This figure includes Axes that are not compatible with tight_layout, so results might be incorrect.
  plt.tight_layout(rect=[0, 0, 1, 0.98])
/home/austinhunter/IonosphereTomography/plotIonosphereTomography.py:3914: UserWarning: This figure includes Axes that are not compatible with tight_layout, so results might be incorrect.
  plt.tight_layout(rect=[0, 0, 1, 0.98])
/home/austinhunter/IonosphereTomography/plotIonosphereTomography.py:3914: UserWarning: This figure includes Axes that are not compatible with tight_layout, so results might be incorrect.
  plt.tight_layout(rect=[0, 0, 1, 0.98])
◀◀◀ _plot_group_all_modes END   | group=2025-08-27_1227
EDPS: (55, 1650, 50), N_geo: 1650
EDPS: (55, 1650, 50), N_geo: 1650
No valid descending tangent points found. Skipping.
No valid descending tangent points found. Skipping.
No valid descending tangent points found. Skipping.
No valid descending tangent points found. Skipping.
No valid descending tangent points found. Skipping.
No valid descending tangent points found. Skipping.
No valid descending tangent points found. Skipping.
No valid descending tangent points found. Skipping.
No valid descending tangent points found. Skipping.
No valid descending tangent points found. Skipping.
No valid descending tangent points found. Skipping.
No valid descending tangent points found. Skipping.
No valid descending tangent points found. Skipping.
No valid descending tangent points found. Skipping.
No valid descending tangent points found. Skipping.
No valid descending tangent points found. Skipping.
No valid descending tangent points found. Skipping.
No valid descending tangent points found. Skipping.
No valid descending tangent points found. Skipping.
No valid descending tangent points found. Skipping.
No valid descending tangent points found. Skipping.
No valid descending tangent points found. Skipping.
No valid descending tangent points found. Skipping.
No valid descending tangent points found. Skipping.
No valid descending tangent points found. Skipping.
No valid descending tangent points found. Skipping.
No valid descending tangent points found. Skipping.
No valid descending tangent points found. Skipping.
No valid descending tangent points found. Skipping.
No valid descending tangent points found. Skipping.
No valid descending tangent points found. Skipping.
No valid descending tangent points found. Skipping.
No valid descending tangent points found. Skipping.
No valid descending tangent points found. Skipping.
No valid descending tangent points found. Skipping.
No valid descending tangent points found. Skipping.
No valid descending tangent points found. Skipping.
No valid descending tangent points found. Skipping.
No valid descending tangent points found. Skipping.
No valid descending tangent points found. Skipping.
No valid descending tangent points found. Skipping.
No valid descending tangent points found. Skipping.
No valid descending tangent points found. Skipping.
No valid descending tangent points found. Skipping.
No valid descending tangent points found. Skipping.
No valid descending tangent points found. Skipping.
No valid descending tangent points found. Skipping.
No valid descending tangent points found. Skipping.
No valid descending tangent points found. Skipping.
No valid descending tangent points found. Skipping.
No valid descending tangent points found. Skipping.
No valid descending tangent points found. Skipping.
No valid descending tangent points found. Skipping.
▶▶▶ _run_or_load START | 2025-08-27_0912 | bin=all | ro_only   | gridded_kf    
    [diag] 2025-08-27_0912 | bin=all | ro_only   | gridded_kf     : RUNNING    (force=True, cached=True) ...

────────────────────────────────────────────────────────────
  Group : 2025-08-27_0912
  Window: 2025-08-27_0912  |  Region: POLAR_N  |  121 occultation(s)
────────────────────────────────────────────────────────────
No valid descending tangent points found. Skipping.
    [skip] podTc2_YM08.2025.239.08.55.0012.G09.01_0000.0001_nc — parse returned None
No valid descending tangent points found. Skipping.
    [skip] podTc2_YM08.2025.239.09.00.0010.E34.01_0000.0001_nc — parse returned None
No valid descending tangent points found. Skipping.
    [skip] podTc2_YM08.2025.239.09.05.0011.R19.01_0000.0001_nc — parse returned None
No valid descending tangent points found. Skipping.
    [skip] podTc2_GN04.2025.239.09.07.0018.C26.01_0000.0001_nc — parse returned None
No valid descending tangent points found. Skipping.
    [skip] podTc2_GN04.2025.239.09.08.0018.C35.01_0000.0001_nc — parse returned None
No valid descending tangent points found. Skipping.
    [skip] podTc2_YM08.2025.239.09.08.0022.G12.00_0000.0001_nc — parse returned None
No valid descending tangent points found. Skipping.
    [skip] podTc2_YM08.2025.239.09.08.0008.G12.00_0000.0001_nc — parse returned None
No valid descending tangent points found. Skipping.
    [skip] podTc2_GN04.2025.239.09.08.0017.E09.01_0000.0001_nc — parse returned None
No valid descending tangent points found. Skipping.
    [skip] podTc2_GN04.2025.239.09.09.0017.E31.01_0000.0001_nc — parse returned None
No valid descending tangent points found. Skipping.
    [skip] podTc2_GN04.2025.239.09.09.0022.E31.01_0000.0001_nc — parse returned None
No valid descending tangent points found. Skipping.
    [skip] podTc2_GN04.2025.239.09.10.0016.G25.01_0000.0001_nc — parse returned None
No valid descending tangent points found. Skipping.
    [skip] podTc2_GN04.2025.239.09.10.0019.G25.01_0000.0001_nc — parse returned None
No valid descending tangent points found. Skipping.
    [skip] podTc2_GN04.2025.239.09.10.0016.E26.01_0000.0001_nc — parse returned None
No valid descending tangent points found. Skipping.
    [skip] podTc2_GN04.2025.239.09.10.0017.E26.01_0000.0001_nc — parse returned None
No valid descending tangent points found. Skipping.
    [skip] podTc2_GN04.2025.239.09.10.0015.G12.01_0000.0001_nc — parse returned None
No valid descending tangent points found. Skipping.
    [skip] podTc2_GN04.2025.239.09.10.0018.G12.01_0000.0001_nc — parse returned None
No valid descending tangent points found. Skipping.
    [skip] podTc2_YM08.2025.239.09.11.0020.G25.00_0000.0001_nc — parse returned None
No valid descending tangent points found. Skipping.
    [skip] podTc2_YM08.2025.239.09.11.0017.E21.00_0000.0001_nc — parse returned None
No valid descending tangent points found. Skipping.
    [skip] podTc2_YM08.2025.239.09.11.0020.E31.00_0000.0001_nc — parse returned None
No valid descending tangent points found. Skipping.
    [skip] podTc2_GN04.2025.239.09.12.0017.G32.01_0000.0001_nc — parse returned None
No valid descending tangent points found. Skipping.
    [skip] podTc2_GN04.2025.239.09.12.0014.G32.01_0000.0001_nc — parse returned None
No valid descending tangent points found. Skipping.
    [skip] podTc2_YM08.2025.239.09.12.0023.G32.00_0000.0001_nc — parse returned None
No valid descending tangent points found. Skipping.
    [skip] podTc2_YM08.2025.239.09.12.0019.E26.00_0000.0001_nc — parse returned None
No valid descending tangent points found. Skipping.
    [skip] podTc2_GN04.2025.239.09.12.0017.E23.01_0000.0001_nc — parse returned None
No valid descending tangent points found. Skipping.
    [skip] podTc2_GN04.2025.239.09.12.0014.E23.01_0000.0001_nc — parse returned None
No valid descending tangent points found. Skipping.
    [skip] podTc2_GN04.2025.239.09.12.0019.R12.01_0000.0001_nc — parse returned None
No valid descending tangent points found. Skipping.
    [skip] podTc2_YM08.2025.239.09.13.0024.E09.00_0000.0001_nc — parse returned None
No valid descending tangent points found. Skipping.
    [skip] podTc2_YM08.2025.239.09.13.0018.C35.00_0000.0001_nc — parse returned None
No valid descending tangent points found. Skipping.
    [skip] podTc2_GN04.2025.239.09.15.0011.R03.01_0000.0001_nc — parse returned None
No valid descending tangent points found. Skipping.
    [skip] podTc2_GN05.2025.239.09.21.0021.G11.01_0000.0001_nc — parse returned None
No valid descending tangent points found. Skipping.
    [skip] podTc2_GN05.2025.239.09.23.0018.E26.01_0000.0001_nc — parse returned None
No valid descending tangent points found. Skipping.
    [skip] podTc2_GN05.2025.239.09.23.0021.E26.01_0000.0001_nc — parse returned None
No valid descending tangent points found. Skipping.
    [skip] podTc2_GN05.2025.239.09.24.0018.C35.01_0000.0001_nc — parse returned None
No valid descending tangent points found. Skipping.
    [skip] podTc2_GN05.2025.239.09.24.0017.E09.01_0000.0001_nc — parse returned None
No valid descending tangent points found. Skipping.
    [skip] podTc2_GN05.2025.239.09.26.0016.G12.01_0000.0001_nc — parse returned None
No valid descending tangent points found. Skipping.
    [skip] podTc2_GN05.2025.239.09.26.0018.G12.01_0000.0001_nc — parse returned None
No valid descending tangent points found. Skipping.
    [skip] podTc2_GN05.2025.239.09.26.0021.E31.01_0000.0001_nc — parse returned None
No valid descending tangent points found. Skipping.
    [skip] podTc2_GN05.2025.239.09.26.0015.E31.01_0000.0001_nc — parse returned None
No valid descending tangent points found. Skipping.
    [skip] podTc2_GN05.2025.239.09.26.0015.E23.01_0000.0001_nc — parse returned None
No valid descending tangent points found. Skipping.
    [skip] podTc2_GN05.2025.239.09.26.0020.E23.01_0000.0001_nc — parse returned None
No valid descending tangent points found. Skipping.
    [skip] podTc2_GN05.2025.239.09.26.0015.G25.01_0000.0001_nc — parse returned None
No valid descending tangent points found. Skipping.
    [skip] podTc2_GN05.2025.239.09.26.0018.G25.01_0000.0001_nc — parse returned None
No valid descending tangent points found. Skipping.
    [skip] podTc2_GN05.2025.239.09.27.0015.C24.01_0000.0001_nc — parse returned None
No valid descending tangent points found. Skipping.
    [skip] podTc2_GN05.2025.239.09.27.0015.R12.01_0000.0001_nc — parse returned None
No valid descending tangent points found. Skipping.
    [skip] podTc2_GN05.2025.239.09.28.0013.G32.01_0000.0001_nc — parse returned None
No valid descending tangent points found. Skipping.
    [skip] podTc2_GN05.2025.239.09.28.0016.G32.01_0000.0001_nc — parse returned None
No valid descending tangent points found. Skipping.
    [skip] podTc2_GN05.2025.239.09.30.0014.E24.01_0000.0001_nc — parse returned None
No valid descending tangent points found. Skipping.
    [skip] podTc2_GN05.2025.239.09.30.0012.E24.01_0000.0001_nc — parse returned None
No valid descending tangent points found. Skipping.
    [skip] podTc2_GN05.2025.239.09.32.0014.R03.01_0000.0001_nc — parse returned None
No valid descending tangent points found. Skipping.
    [skip] podTc2_GN05.2025.239.09.32.0009.R03.01_0000.0001_nc — parse returned None
No valid descending tangent points found. Skipping.
    [skip] podTc2_GN04.2025.239.09.34.0020.C27.00_0000.0001_nc — parse returned None
No valid descending tangent points found. Skipping.
    [skip] podTc2_GN04.2025.239.09.34.0012.G09.00_0000.0001_nc — parse returned None
No valid descending tangent points found. Skipping.
    [skip] podTc2_GN05.2025.239.09.51.0021.C27.00_0000.0001_nc — parse returned None
  Parsed 68/121 files successfully.
    [podTc2] YM08 09:11 — 349 valid rays → decimated to 175 (stride 2)
    [podTc2] GN04 09:24 — 452 valid rays → decimated to 151 (stride 3)
    [podTc2] GN04 09:25 — 409 valid rays → decimated to 137 (stride 3)
    [podTc2] GN04 09:25 — 461 valid rays → decimated to 154 (stride 3)
    [podTc2] YM08 09:17 — 77 valid rays → decimated to 77 (stride 1)
    [podTc2] YM08 09:21 — 451 valid rays → decimated to 151 (stride 3)
    [podTc2] GN04 09:23 — 403 valid rays → decimated to 135 (stride 3)
    [podTc2] GN04 09:29 — 326 valid rays → decimated to 163 (stride 2)
    [podTc2] GN04 09:26 — 169 valid rays → decimated to 169 (stride 1)
    [podTc2] GN04 09:27 — 369 valid rays → decimated to 185 (stride 2)
    [podTc2] GN04 09:26 — 228 valid rays → decimated to 114 (stride 2)
    [podTc2] YM08 09:21 — 343 valid rays → decimated to 172 (stride 2)
    [podTc2] GN04 09:27 — 185 valid rays → decimated to 185 (stride 1)
    [podTc2] GN04 09:26 — 127 valid rays → decimated to 127 (stride 1)
    [podTc2] GN04 09:32 — 308 valid rays → decimated to 154 (stride 2)
    [podTc2] YM08 09:08 — 200 valid rays → decimated to 200 (stride 1)
    [podTc2] YM08 09:08 — 200 valid rays → decimated to 200 (stride 1)
    [podTc2] GN04 09:30 — 148 valid rays → decimated to 148 (stride 1)
    [skip] GN04 09:26 — only 9 valid rays
    [podTc2] GN04 09:27 — 64 valid rays → decimated to 64 (stride 1)
    [skip] YM08 09:09 — only 42 valid rays
    [podTc2] YM08 09:10 — 258 valid rays → decimated to 129 (stride 2)
    [podTc2] GN04 09:30 — 324 valid rays → decimated to 162 (stride 2)
    [podTc2] GN04 09:26 — 102 valid rays → decimated to 102 (stride 1)
    [podTc2] YM08 09:11 — 118 valid rays → decimated to 118 (stride 1)
    [podTc2] GN04 09:37 — 377 valid rays → decimated to 189 (stride 2)
    [podTc2] YM08 09:13 — 406 valid rays → decimated to 136 (stride 3)
    [podTc2] YM08 09:12 — 401 valid rays → decimated to 134 (stride 3)
    [podTc2] GN04 09:26 — 390 valid rays → decimated to 195 (stride 2)
    [podTc2] GN04 09:26 — 356 valid rays → decimated to 178 (stride 2)
    [podTc2] GN04 09:14 — 357 valid rays → decimated to 179 (stride 2)
    [podTc2] GN04 09:14 — 357 valid rays → decimated to 179 (stride 2)
    [podTc2] GN05 09:42 — 453 valid rays → decimated to 151 (stride 3)
    [podTc2] GN05 09:41 — 332 valid rays → decimated to 166 (stride 2)
    [podTc2] GN05 09:42 — 446 valid rays → decimated to 149 (stride 3)
    [podTc2] GN05 09:41 — 280 valid rays → decimated to 140 (stride 2)
    [podTc2] GN04 09:16 — 440 valid rays → decimated to 147 (stride 3)
    [podTc2] GN04 09:16 — 440 valid rays → decimated to 147 (stride 3)
    [podTc2] GN04 09:16 — 470 valid rays → decimated to 157 (stride 3)
    [podTc2] GN04 09:16 — 470 valid rays → decimated to 157 (stride 3)
    [podTc2] YM08 09:15 — 424 valid rays → decimated to 142 (stride 3)
    [podTc2] GN04 09:25 — 614 valid rays → decimated to 154 (stride 4)
    [podTc2] YM08 09:24 — 360 valid rays → decimated to 180 (stride 2)
    [podTc2] YM08 09:16 — 379 valid rays → decimated to 190 (stride 2)
    [podTc2] YM08 09:17 — 72 valid rays → decimated to 72 (stride 1)
    [podTc2] GN05 09:45 — 205 valid rays → decimated to 103 (stride 2)
    [skip] GN05 09:42 — only 12 valid rays
    [podTc2] GN04 09:19 — 360 valid rays → decimated to 180 (stride 2)
    [podTc2] GN04 09:19 — 360 valid rays → decimated to 180 (stride 2)
    [podTc2] GN05 09:42 — 407 valid rays → decimated to 136 (stride 3)
    [podTc2] GN05 09:41 — 288 valid rays → decimated to 144 (stride 2)
    [podTc2] GN05 09:43 — 91 valid rays → decimated to 91 (stride 1)
    [podTc2] GN05 09:42 — 78 valid rays → decimated to 78 (stride 1)
    [podTc2] GN05 09:41 — 532 valid rays → decimated to 178 (stride 3)
    [podTc2] GN05 09:41 — 633 valid rays → decimated to 159 (stride 4)
    [podTc2] GN05 09:46 — 337 valid rays → decimated to 169 (stride 2)
    [podTc2] GN05 09:49 — 134 valid rays → decimated to 134 (stride 1)
    [podTc2] GN05 09:44 — 143 valid rays → decimated to 143 (stride 1)
    [podTc2] GN05 09:52 — 375 valid rays → decimated to 188 (stride 2)
    [skip] GN05 09:46 — only 24 valid rays
    [podTc2] GN05 09:30 — 478 valid rays → decimated to 160 (stride 3)
    [podTc2] GN05 09:30 — 478 valid rays → decimated to 160 (stride 3)
    [podTc2] GN05 09:44 — 369 valid rays → decimated to 185 (stride 2)
    [podTc2] GN05 09:42 — 209 valid rays → decimated to 105 (stride 2)
    [podTc2] GN05 09:32 — 512 valid rays → decimated to 171 (stride 3)
    [podTc2] GN05 09:33 — 385 valid rays → decimated to 193 (stride 2)
    [podTc2] GN05 09:34 — 458 valid rays → decimated to 153 (stride 3)
    [podTc2] GN05 09:34 — 458 valid rays → decimated to 153 (stride 3)
  Bbox lat [21.6, 87.0]  lon [-33.3, 33.8]  |  union vertices: 50
  Final group: 64 occultation(s), 50 union-mesh vertices
  Saved trim diagnostic → /home/austinhunter/IonosphereTomography/Figures/ISR_DA_Comparison/OUTPUT/2025-08-27_0912/bin_all/ro_only/group_2025-08-27_0912_trim.png
  -> Building H matrices (9677 rays across 64 arc(s), single parallel sweep) …
  -> Building H matrices:    967/9677 rays ( 10.0%)
  -> Building H matrices:   1934/9677 rays ( 20.0%)
  -> Building H matrices:   2901/9677 rays ( 30.0%)
  -> Building H matrices:   3868/9677 rays ( 40.0%)
  -> Building H matrices:   4835/9677 rays ( 50.0%)
  -> Building H matrices:   5802/9677 rays ( 60.0%)
  -> Building H matrices:   6769/9677 rays ( 69.9%)
  -> Building H matrices:   7736/9677 rays ( 79.9%)
  -> Building H matrices:   8703/9677 rays ( 89.9%)
  -> Building H matrices:   9670/9677 rays ( 99.9%)
  -> Building H matrices:   9677/9677 rays (100.0%)
  Combined H shape : (9677, 2800)  (total rays = 9677)
  Skipping sequential KF assimilation (run_sequential=False).
  Running joint (batch) KF assimilation …
  Prior RMSE  : 36.463 TECU
  Post  RMSE  : 20.664 TECU
    [Abel] YM08 09:11: NmF2=7.47e+11 m⁻³  hmF2=276.8 km
    [Abel] GN04 09:24: NmF2=6.05e+11 m⁻³  hmF2=284.1 km
    [Abel] GN04 09:25: NmF2=4.81e+11 m⁻³  hmF2=317.9 km
    [Abel] GN04 09:25: NmF2=4.81e+11 m⁻³  hmF2=317.9 km
    [Abel] YM08 09:17: NmF2=8.57e+10 m⁻³  hmF2=538.0 km
    [Abel] YM08 09:21: NmF2=3.79e+11 m⁻³  hmF2=276.0 km
    [Abel] GN04 09:23: NmF2=3.39e+11 m⁻³  hmF2=397.2 km
    [Abel] GN04 09:29: NmF2=3.00e+11 m⁻³  hmF2=396.9 km
    [Abel] GN04 09:26: NmF2=1.62e+11 m⁻³  hmF2=530.1 km
    [Abel] GN04 09:27: NmF2=6.82e+11 m⁻³  hmF2=284.2 km
    [Abel] GN04 09:26: NmF2=5.60e+11 m⁻³  hmF2=358.9 km
    [Abel] YM08 09:21: NmF2=4.55e+11 m⁻³  hmF2=306.6 km
    [Abel] GN04 09:27: NmF2=9.54e+10 m⁻³  hmF2=558.1 km
    [Abel] GN04 09:26: NmF2=8.10e+10 m⁻³  hmF2=570.9 km
    [Abel] GN04 09:32: NmF2=4.87e+11 m⁻³  hmF2=306.3 km
    [Abel] YM08 09:08: NmF2=1.80e+11 m⁻³  hmF2=481.6 km
    [Abel] YM08 09:08: NmF2=1.80e+11 m⁻³  hmF2=481.6 km
    [Abel] GN04 09:30: NmF2=2.15e+11 m⁻³  hmF2=487.0 km
    [Abel] GN04 09:27: NmF2=6.84e+10 m⁻³  hmF2=573.5 km
    [Abel] YM08 09:10: NmF2=4.36e+11 m⁻³  hmF2=285.7 km
    [Abel] GN04 09:30: NmF2=5.01e+11 m⁻³  hmF2=363.7 km
    [Abel] GN04 09:26: NmF2=1.52e+11 m⁻³  hmF2=557.2 km
    [Abel] YM08 09:11: NmF2=1.41e+11 m⁻³  hmF2=501.4 km
    [Abel] GN04 09:37: NmF2=7.61e+11 m⁻³  hmF2=276.9 km
    [Abel] YM08 09:13: NmF2=3.68e+11 m⁻³  hmF2=269.2 km
    [Abel] YM08 09:12: NmF2=7.02e+11 m⁻³  hmF2=295.0 km
    [Abel] GN04 09:26: NmF2=2.45e+11 m⁻³  hmF2=511.8 km
    [Abel] GN04 09:26: NmF2=2.45e+11 m⁻³  hmF2=511.8 km
    [Abel] GN04 09:14: NmF2=5.77e+11 m⁻³  hmF2=283.5 km
    [Abel] GN04 09:14: NmF2=5.77e+11 m⁻³  hmF2=283.5 km
    [Abel] GN05 09:42: NmF2=6.86e+11 m⁻³  hmF2=286.0 km
    [Abel] GN05 09:41: NmF2=6.90e+11 m⁻³  hmF2=287.8 km
    [Abel] GN05 09:42: NmF2=5.46e+11 m⁻³  hmF2=313.6 km
    [Abel] GN05 09:41: NmF2=5.00e+11 m⁻³  hmF2=352.2 km
    [Abel] GN04 09:16: NmF2=3.93e+11 m⁻³  hmF2=306.7 km
    [Abel] GN04 09:16: NmF2=3.93e+11 m⁻³  hmF2=306.7 km
    [Abel] GN04 09:16: NmF2=5.99e+11 m⁻³  hmF2=270.9 km
    [Abel] GN04 09:16: NmF2=5.99e+11 m⁻³  hmF2=270.9 km
    [Abel] YM08 09:15: NmF2=3.72e+11 m⁻³  hmF2=459.4 km
    [Abel] GN04 09:25: NmF2=6.43e+11 m⁻³  hmF2=512.9 km
    [Abel] YM08 09:24: NmF2=3.29e+11 m⁻³  hmF2=314.9 km
    [Abel] YM08 09:16: NmF2=3.46e+11 m⁻³  hmF2=466.4 km
    [Abel] YM08 09:17: NmF2=1.13e+11 m⁻³  hmF2=528.5 km
    [Abel] GN05 09:45: NmF2=1.69e+11 m⁻³  hmF2=494.6 km
    [Abel] GN04 09:19: NmF2=5.87e+11 m⁻³  hmF2=309.1 km
    [Abel] GN04 09:19: NmF2=5.87e+11 m⁻³  hmF2=309.1 km
    [Abel] GN05 09:42: NmF2=6.91e+11 m⁻³  hmF2=287.6 km
    [Abel] GN05 09:41: NmF2=6.91e+11 m⁻³  hmF2=292.5 km
    [Abel] GN05 09:43: NmF2=3.93e+10 m⁻³  hmF2=576.5 km
    [Abel] GN05 09:42: NmF2=1.32e+11 m⁻³  hmF2=565.4 km
    [Abel] GN05 09:41: NmF2=5.69e+11 m⁻³  hmF2=271.9 km
    [Abel] GN05 09:41: NmF2=5.69e+11 m⁻³  hmF2=271.9 km
    [Abel] GN05 09:46: NmF2=4.50e+11 m⁻³  hmF2=294.2 km
    [Abel] GN05 09:49: NmF2=1.49e+11 m⁻³  hmF2=556.4 km
    [Abel] GN05 09:44: NmF2=1.83e+11 m⁻³  hmF2=518.4 km
    [Abel] GN05 09:52: NmF2=7.25e+11 m⁻³  hmF2=275.8 km
    [Abel] GN05 09:30: NmF2=3.43e+11 m⁻³  hmF2=362.8 km
    [Abel] GN05 09:30: NmF2=3.43e+11 m⁻³  hmF2=362.8 km
    [Abel] GN05 09:44: NmF2=3.59e+11 m⁻³  hmF2=431.8 km
    [Abel] GN05 09:42: NmF2=1.85e+11 m⁻³  hmF2=545.4 km
    [Abel] GN05 09:32: NmF2=5.88e+11 m⁻³  hmF2=291.4 km
    [Abel] GN05 09:33: NmF2=5.10e+11 m⁻³  hmF2=319.5 km
    [Abel] GN05 09:34: NmF2=6.12e+11 m⁻³  hmF2=291.6 km
    [Abel] GN05 09:34: NmF2=6.12e+11 m⁻³  hmF2=291.6 km
◀◀◀ _run_or_load END   | 2025-08-27_0912 | bin=all | ro_only   | gridded_kf     : DONE       (104.6s) -> status=Success
▶▶▶ _run_or_load START | 2025-08-27_0912 | bin=all | ro_igs    | gridded_kf    
    [diag] 2025-08-27_0912 | bin=all | ro_igs    | gridded_kf     : RUNNING    (force=True, cached=True) ...

────────────────────────────────────────────────────────────
  Group : 2025-08-27_0912
  Window: 2025-08-27_0912  |  Region: POLAR_N  |  121 occultation(s)
────────────────────────────────────────────────────────────
No valid descending tangent points found. Skipping.
    [skip] podTc2_YM08.2025.239.08.55.0012.G09.01_0000.0001_nc — parse returned None
No valid descending tangent points found. Skipping.
    [skip] podTc2_YM08.2025.239.09.00.0010.E34.01_0000.0001_nc — parse returned None
No valid descending tangent points found. Skipping.
    [skip] podTc2_YM08.2025.239.09.05.0011.R19.01_0000.0001_nc — parse returned None
No valid descending tangent points found. Skipping.
    [skip] podTc2_GN04.2025.239.09.07.0018.C26.01_0000.0001_nc — parse returned None
No valid descending tangent points found. Skipping.
    [skip] podTc2_GN04.2025.239.09.08.0018.C35.01_0000.0001_nc — parse returned None
No valid descending tangent points found. Skipping.
    [skip] podTc2_YM08.2025.239.09.08.0022.G12.00_0000.0001_nc — parse returned None
No valid descending tangent points found. Skipping.
    [skip] podTc2_YM08.2025.239.09.08.0008.G12.00_0000.0001_nc — parse returned None
No valid descending tangent points found. Skipping.
    [skip] podTc2_GN04.2025.239.09.08.0017.E09.01_0000.0001_nc — parse returned None
No valid descending tangent points found. Skipping.
    [skip] podTc2_GN04.2025.239.09.09.0017.E31.01_0000.0001_nc — parse returned None
No valid descending tangent points found. Skipping.
    [skip] podTc2_GN04.2025.239.09.09.0022.E31.01_0000.0001_nc — parse returned None
No valid descending tangent points found. Skipping.
    [skip] podTc2_GN04.2025.239.09.10.0016.G25.01_0000.0001_nc — parse returned None
No valid descending tangent points found. Skipping.
    [skip] podTc2_GN04.2025.239.09.10.0019.G25.01_0000.0001_nc — parse returned None
No valid descending tangent points found. Skipping.
    [skip] podTc2_GN04.2025.239.09.10.0016.E26.01_0000.0001_nc — parse returned None
No valid descending tangent points found. Skipping.
    [skip] podTc2_GN04.2025.239.09.10.0017.E26.01_0000.0001_nc — parse returned None
No valid descending tangent points found. Skipping.
    [skip] podTc2_GN04.2025.239.09.10.0015.G12.01_0000.0001_nc — parse returned None
No valid descending tangent points found. Skipping.
    [skip] podTc2_GN04.2025.239.09.10.0018.G12.01_0000.0001_nc — parse returned None
No valid descending tangent points found. Skipping.
    [skip] podTc2_YM08.2025.239.09.11.0020.G25.00_0000.0001_nc — parse returned None
No valid descending tangent points found. Skipping.
    [skip] podTc2_YM08.2025.239.09.11.0017.E21.00_0000.0001_nc — parse returned None
No valid descending tangent points found. Skipping.
    [skip] podTc2_YM08.2025.239.09.11.0020.E31.00_0000.0001_nc — parse returned None
No valid descending tangent points found. Skipping.
    [skip] podTc2_GN04.2025.239.09.12.0017.G32.01_0000.0001_nc — parse returned None
No valid descending tangent points found. Skipping.
    [skip] podTc2_GN04.2025.239.09.12.0014.G32.01_0000.0001_nc — parse returned None
No valid descending tangent points found. Skipping.
    [skip] podTc2_YM08.2025.239.09.12.0023.G32.00_0000.0001_nc — parse returned None
No valid descending tangent points found. Skipping.
    [skip] podTc2_YM08.2025.239.09.12.0019.E26.00_0000.0001_nc — parse returned None
No valid descending tangent points found. Skipping.
    [skip] podTc2_GN04.2025.239.09.12.0017.E23.01_0000.0001_nc — parse returned None
No valid descending tangent points found. Skipping.
    [skip] podTc2_GN04.2025.239.09.12.0014.E23.01_0000.0001_nc — parse returned None
No valid descending tangent points found. Skipping.
    [skip] podTc2_GN04.2025.239.09.12.0019.R12.01_0000.0001_nc — parse returned None
No valid descending tangent points found. Skipping.
    [skip] podTc2_YM08.2025.239.09.13.0024.E09.00_0000.0001_nc — parse returned None
No valid descending tangent points found. Skipping.
    [skip] podTc2_YM08.2025.239.09.13.0018.C35.00_0000.0001_nc — parse returned None
No valid descending tangent points found. Skipping.
    [skip] podTc2_GN04.2025.239.09.15.0011.R03.01_0000.0001_nc — parse returned None
No valid descending tangent points found. Skipping.
    [skip] podTc2_GN05.2025.239.09.21.0021.G11.01_0000.0001_nc — parse returned None
No valid descending tangent points found. Skipping.
    [skip] podTc2_GN05.2025.239.09.23.0018.E26.01_0000.0001_nc — parse returned None
No valid descending tangent points found. Skipping.
    [skip] podTc2_GN05.2025.239.09.23.0021.E26.01_0000.0001_nc — parse returned None
No valid descending tangent points found. Skipping.
    [skip] podTc2_GN05.2025.239.09.24.0018.C35.01_0000.0001_nc — parse returned None
No valid descending tangent points found. Skipping.
    [skip] podTc2_GN05.2025.239.09.24.0017.E09.01_0000.0001_nc — parse returned None
No valid descending tangent points found. Skipping.
    [skip] podTc2_GN05.2025.239.09.26.0016.G12.01_0000.0001_nc — parse returned None
No valid descending tangent points found. Skipping.
    [skip] podTc2_GN05.2025.239.09.26.0018.G12.01_0000.0001_nc — parse returned None
No valid descending tangent points found. Skipping.
    [skip] podTc2_GN05.2025.239.09.26.0021.E31.01_0000.0001_nc — parse returned None
No valid descending tangent points found. Skipping.
    [skip] podTc2_GN05.2025.239.09.26.0015.E31.01_0000.0001_nc — parse returned None
No valid descending tangent points found. Skipping.
    [skip] podTc2_GN05.2025.239.09.26.0015.E23.01_0000.0001_nc — parse returned None
No valid descending tangent points found. Skipping.
    [skip] podTc2_GN05.2025.239.09.26.0020.E23.01_0000.0001_nc — parse returned None
No valid descending tangent points found. Skipping.
    [skip] podTc2_GN05.2025.239.09.26.0015.G25.01_0000.0001_nc — parse returned None
No valid descending tangent points found. Skipping.
    [skip] podTc2_GN05.2025.239.09.26.0018.G25.01_0000.0001_nc — parse returned None
No valid descending tangent points found. Skipping.
    [skip] podTc2_GN05.2025.239.09.27.0015.C24.01_0000.0001_nc — parse returned None
No valid descending tangent points found. Skipping.
    [skip] podTc2_GN05.2025.239.09.27.0015.R12.01_0000.0001_nc — parse returned None
No valid descending tangent points found. Skipping.
    [skip] podTc2_GN05.2025.239.09.28.0013.G32.01_0000.0001_nc — parse returned None
No valid descending tangent points found. Skipping.
    [skip] podTc2_GN05.2025.239.09.28.0016.G32.01_0000.0001_nc — parse returned None
No valid descending tangent points found. Skipping.
    [skip] podTc2_GN05.2025.239.09.30.0014.E24.01_0000.0001_nc — parse returned None
No valid descending tangent points found. Skipping.
    [skip] podTc2_GN05.2025.239.09.30.0012.E24.01_0000.0001_nc — parse returned None
No valid descending tangent points found. Skipping.
    [skip] podTc2_GN05.2025.239.09.32.0014.R03.01_0000.0001_nc — parse returned None
No valid descending tangent points found. Skipping.
    [skip] podTc2_GN05.2025.239.09.32.0009.R03.01_0000.0001_nc — parse returned None
No valid descending tangent points found. Skipping.
    [skip] podTc2_GN04.2025.239.09.34.0020.C27.00_0000.0001_nc — parse returned None
No valid descending tangent points found. Skipping.
    [skip] podTc2_GN04.2025.239.09.34.0012.G09.00_0000.0001_nc — parse returned None
No valid descending tangent points found. Skipping.
    [skip] podTc2_GN05.2025.239.09.51.0021.C27.00_0000.0001_nc — parse returned None
  Parsed 68/121 files successfully.
    [podTc2] YM08 09:11 — 349 valid rays → decimated to 175 (stride 2)
    [podTc2] GN04 09:24 — 452 valid rays → decimated to 151 (stride 3)
    [podTc2] GN04 09:25 — 409 valid rays → decimated to 137 (stride 3)
    [podTc2] GN04 09:25 — 461 valid rays → decimated to 154 (stride 3)
    [podTc2] YM08 09:17 — 77 valid rays → decimated to 77 (stride 1)
    [podTc2] YM08 09:21 — 451 valid rays → decimated to 151 (stride 3)
    [podTc2] GN04 09:23 — 403 valid rays → decimated to 135 (stride 3)
    [podTc2] GN04 09:29 — 326 valid rays → decimated to 163 (stride 2)
    [podTc2] GN04 09:26 — 169 valid rays → decimated to 169 (stride 1)
    [podTc2] GN04 09:27 — 369 valid rays → decimated to 185 (stride 2)
    [podTc2] GN04 09:26 — 228 valid rays → decimated to 114 (stride 2)
    [podTc2] YM08 09:21 — 343 valid rays → decimated to 172 (stride 2)
    [podTc2] GN04 09:27 — 185 valid rays → decimated to 185 (stride 1)
    [podTc2] GN04 09:26 — 127 valid rays → decimated to 127 (stride 1)
    [podTc2] GN04 09:32 — 308 valid rays → decimated to 154 (stride 2)
    [podTc2] YM08 09:08 — 200 valid rays → decimated to 200 (stride 1)
    [podTc2] YM08 09:08 — 200 valid rays → decimated to 200 (stride 1)
    [podTc2] GN04 09:30 — 148 valid rays → decimated to 148 (stride 1)
    [skip] GN04 09:26 — only 9 valid rays
    [podTc2] GN04 09:27 — 64 valid rays → decimated to 64 (stride 1)
    [skip] YM08 09:09 — only 42 valid rays
    [podTc2] YM08 09:10 — 258 valid rays → decimated to 129 (stride 2)
    [podTc2] GN04 09:30 — 324 valid rays → decimated to 162 (stride 2)
    [podTc2] GN04 09:26 — 102 valid rays → decimated to 102 (stride 1)
    [podTc2] YM08 09:11 — 118 valid rays → decimated to 118 (stride 1)
    [podTc2] GN04 09:37 — 377 valid rays → decimated to 189 (stride 2)
    [podTc2] YM08 09:13 — 406 valid rays → decimated to 136 (stride 3)
    [podTc2] YM08 09:12 — 401 valid rays → decimated to 134 (stride 3)
    [podTc2] GN04 09:26 — 390 valid rays → decimated to 195 (stride 2)
    [podTc2] GN04 09:26 — 356 valid rays → decimated to 178 (stride 2)
    [podTc2] GN04 09:14 — 357 valid rays → decimated to 179 (stride 2)
    [podTc2] GN04 09:14 — 357 valid rays → decimated to 179 (stride 2)
    [podTc2] GN05 09:42 — 453 valid rays → decimated to 151 (stride 3)
    [podTc2] GN05 09:41 — 332 valid rays → decimated to 166 (stride 2)
    [podTc2] GN05 09:42 — 446 valid rays → decimated to 149 (stride 3)
    [podTc2] GN05 09:41 — 280 valid rays → decimated to 140 (stride 2)
    [podTc2] GN04 09:16 — 440 valid rays → decimated to 147 (stride 3)
    [podTc2] GN04 09:16 — 440 valid rays → decimated to 147 (stride 3)
    [podTc2] GN04 09:16 — 470 valid rays → decimated to 157 (stride 3)
    [podTc2] GN04 09:16 — 470 valid rays → decimated to 157 (stride 3)
    [podTc2] YM08 09:15 — 424 valid rays → decimated to 142 (stride 3)
    [podTc2] GN04 09:25 — 614 valid rays → decimated to 154 (stride 4)
    [podTc2] YM08 09:24 — 360 valid rays → decimated to 180 (stride 2)
    [podTc2] YM08 09:16 — 379 valid rays → decimated to 190 (stride 2)
    [podTc2] YM08 09:17 — 72 valid rays → decimated to 72 (stride 1)
    [podTc2] GN05 09:45 — 205 valid rays → decimated to 103 (stride 2)
    [skip] GN05 09:42 — only 12 valid rays
    [podTc2] GN04 09:19 — 360 valid rays → decimated to 180 (stride 2)
    [podTc2] GN04 09:19 — 360 valid rays → decimated to 180 (stride 2)
    [podTc2] GN05 09:42 — 407 valid rays → decimated to 136 (stride 3)
    [podTc2] GN05 09:41 — 288 valid rays → decimated to 144 (stride 2)
    [podTc2] GN05 09:43 — 91 valid rays → decimated to 91 (stride 1)
    [podTc2] GN05 09:42 — 78 valid rays → decimated to 78 (stride 1)
    [podTc2] GN05 09:41 — 532 valid rays → decimated to 178 (stride 3)
    [podTc2] GN05 09:41 — 633 valid rays → decimated to 159 (stride 4)
    [podTc2] GN05 09:46 — 337 valid rays → decimated to 169 (stride 2)
    [podTc2] GN05 09:49 — 134 valid rays → decimated to 134 (stride 1)
    [podTc2] GN05 09:44 — 143 valid rays → decimated to 143 (stride 1)
    [podTc2] GN05 09:52 — 375 valid rays → decimated to 188 (stride 2)
    [skip] GN05 09:46 — only 24 valid rays
    [podTc2] GN05 09:30 — 478 valid rays → decimated to 160 (stride 3)
    [podTc2] GN05 09:30 — 478 valid rays → decimated to 160 (stride 3)
    [podTc2] GN05 09:44 — 369 valid rays → decimated to 185 (stride 2)
    [podTc2] GN05 09:42 — 209 valid rays → decimated to 105 (stride 2)
    [podTc2] GN05 09:32 — 512 valid rays → decimated to 171 (stride 3)
    [podTc2] GN05 09:33 — 385 valid rays → decimated to 193 (stride 2)
    [podTc2] GN05 09:34 — 458 valid rays → decimated to 153 (stride 3)
    [podTc2] GN05 09:34 — 458 valid rays → decimated to 153 (stride 3)
  Bbox lat [21.6, 87.0]  lon [-33.3, 33.8]  |  union vertices: 50
  Final group: 64 occultation(s), 50 union-mesh vertices
  Saved trim diagnostic → /home/austinhunter/IonosphereTomography/Figures/ISR_DA_Comparison/OUTPUT/2025-08-27_0912/bin_all/ro_igs/group_2025-08-27_0912_trim.png
  [extra] Injected 23 ground-station arc(s) → total 87 arc(s) in assimilation pool
  -> Building H matrices (9700 rays across 87 arc(s), single parallel sweep) …
  -> Building H matrices:    970/9700 rays ( 10.0%)
  -> Building H matrices:   1940/9700 rays ( 20.0%)
  -> Building H matrices:   2910/9700 rays ( 30.0%)
  -> Building H matrices:   3880/9700 rays ( 40.0%)
  -> Building H matrices:   4850/9700 rays ( 50.0%)
  -> Building H matrices:   5820/9700 rays ( 60.0%)
  -> Building H matrices:   6790/9700 rays ( 70.0%)
  -> Building H matrices:   7760/9700 rays ( 80.0%)
  -> Building H matrices:   8730/9700 rays ( 90.0%)
  -> Building H matrices:   9700/9700 rays (100.0%)
  Combined H shape : (9700, 2800)  (total rays = 9700)
  Skipping sequential KF assimilation (run_sequential=False).
  Running joint (batch) KF assimilation …
  Prior RMSE  : 36.472 TECU
  Post  RMSE  : 20.798 TECU
    [Abel] YM08 09:11: NmF2=7.47e+11 m⁻³  hmF2=276.8 km
    [Abel] GN04 09:24: NmF2=6.05e+11 m⁻³  hmF2=284.1 km
    [Abel] GN04 09:25: NmF2=4.81e+11 m⁻³  hmF2=317.9 km
    [Abel] GN04 09:25: NmF2=4.81e+11 m⁻³  hmF2=317.9 km
    [Abel] YM08 09:17: NmF2=8.57e+10 m⁻³  hmF2=538.0 km
    [Abel] YM08 09:21: NmF2=3.79e+11 m⁻³  hmF2=276.0 km
    [Abel] GN04 09:23: NmF2=3.39e+11 m⁻³  hmF2=397.2 km
    [Abel] GN04 09:29: NmF2=3.00e+11 m⁻³  hmF2=396.9 km
    [Abel] GN04 09:26: NmF2=1.62e+11 m⁻³  hmF2=530.1 km
    [Abel] GN04 09:27: NmF2=6.82e+11 m⁻³  hmF2=284.2 km
    [Abel] GN04 09:26: NmF2=5.60e+11 m⁻³  hmF2=358.9 km
    [Abel] YM08 09:21: NmF2=4.55e+11 m⁻³  hmF2=306.6 km
    [Abel] GN04 09:27: NmF2=9.54e+10 m⁻³  hmF2=558.1 km
    [Abel] GN04 09:26: NmF2=8.10e+10 m⁻³  hmF2=570.9 km
    [Abel] GN04 09:32: NmF2=4.87e+11 m⁻³  hmF2=306.3 km
    [Abel] YM08 09:08: NmF2=1.80e+11 m⁻³  hmF2=481.6 km
    [Abel] YM08 09:08: NmF2=1.80e+11 m⁻³  hmF2=481.6 km
    [Abel] GN04 09:30: NmF2=2.15e+11 m⁻³  hmF2=487.0 km
    [Abel] GN04 09:27: NmF2=6.84e+10 m⁻³  hmF2=573.5 km
    [Abel] YM08 09:10: NmF2=4.36e+11 m⁻³  hmF2=285.7 km
    [Abel] GN04 09:30: NmF2=5.01e+11 m⁻³  hmF2=363.7 km
    [Abel] GN04 09:26: NmF2=1.52e+11 m⁻³  hmF2=557.2 km
    [Abel] YM08 09:11: NmF2=1.41e+11 m⁻³  hmF2=501.4 km
    [Abel] GN04 09:37: NmF2=7.61e+11 m⁻³  hmF2=276.9 km
    [Abel] YM08 09:13: NmF2=3.68e+11 m⁻³  hmF2=269.2 km
    [Abel] YM08 09:12: NmF2=7.02e+11 m⁻³  hmF2=295.0 km
    [Abel] GN04 09:26: NmF2=2.45e+11 m⁻³  hmF2=511.8 km
    [Abel] GN04 09:26: NmF2=2.45e+11 m⁻³  hmF2=511.8 km
    [Abel] GN04 09:14: NmF2=5.77e+11 m⁻³  hmF2=283.5 km
    [Abel] GN04 09:14: NmF2=5.77e+11 m⁻³  hmF2=283.5 km
    [Abel] GN05 09:42: NmF2=6.86e+11 m⁻³  hmF2=286.0 km
    [Abel] GN05 09:41: NmF2=6.90e+11 m⁻³  hmF2=287.8 km
    [Abel] GN05 09:42: NmF2=5.46e+11 m⁻³  hmF2=313.6 km
    [Abel] GN05 09:41: NmF2=5.00e+11 m⁻³  hmF2=352.2 km
    [Abel] GN04 09:16: NmF2=3.93e+11 m⁻³  hmF2=306.7 km
    [Abel] GN04 09:16: NmF2=3.93e+11 m⁻³  hmF2=306.7 km
    [Abel] GN04 09:16: NmF2=5.99e+11 m⁻³  hmF2=270.9 km
    [Abel] GN04 09:16: NmF2=5.99e+11 m⁻³  hmF2=270.9 km
    [Abel] YM08 09:15: NmF2=3.72e+11 m⁻³  hmF2=459.4 km
    [Abel] GN04 09:25: NmF2=6.43e+11 m⁻³  hmF2=512.9 km
    [Abel] YM08 09:24: NmF2=3.29e+11 m⁻³  hmF2=314.9 km
    [Abel] YM08 09:16: NmF2=3.46e+11 m⁻³  hmF2=466.4 km
    [Abel] YM08 09:17: NmF2=1.13e+11 m⁻³  hmF2=528.5 km
    [Abel] GN05 09:45: NmF2=1.69e+11 m⁻³  hmF2=494.6 km
    [Abel] GN04 09:19: NmF2=5.87e+11 m⁻³  hmF2=309.1 km
    [Abel] GN04 09:19: NmF2=5.87e+11 m⁻³  hmF2=309.1 km
    [Abel] GN05 09:42: NmF2=6.91e+11 m⁻³  hmF2=287.6 km
    [Abel] GN05 09:41: NmF2=6.91e+11 m⁻³  hmF2=292.5 km
    [Abel] GN05 09:43: NmF2=3.93e+10 m⁻³  hmF2=576.5 km
    [Abel] GN05 09:42: NmF2=1.32e+11 m⁻³  hmF2=565.4 km
    [Abel] GN05 09:41: NmF2=5.69e+11 m⁻³  hmF2=271.9 km
    [Abel] GN05 09:41: NmF2=5.69e+11 m⁻³  hmF2=271.9 km
    [Abel] GN05 09:46: NmF2=4.50e+11 m⁻³  hmF2=294.2 km
    [Abel] GN05 09:49: NmF2=1.49e+11 m⁻³  hmF2=556.4 km
    [Abel] GN05 09:44: NmF2=1.83e+11 m⁻³  hmF2=518.4 km
    [Abel] GN05 09:52: NmF2=7.25e+11 m⁻³  hmF2=275.8 km
    [Abel] GN05 09:30: NmF2=3.43e+11 m⁻³  hmF2=362.8 km
    [Abel] GN05 09:30: NmF2=3.43e+11 m⁻³  hmF2=362.8 km
    [Abel] GN05 09:44: NmF2=3.59e+11 m⁻³  hmF2=431.8 km
    [Abel] GN05 09:42: NmF2=1.85e+11 m⁻³  hmF2=545.4 km
    [Abel] GN05 09:32: NmF2=5.88e+11 m⁻³  hmF2=291.4 km
    [Abel] GN05 09:33: NmF2=5.10e+11 m⁻³  hmF2=319.5 km
    [Abel] GN05 09:34: NmF2=6.12e+11 m⁻³  hmF2=291.6 km
    [Abel] GN05 09:34: NmF2=6.12e+11 m⁻³  hmF2=291.6 km
    [Abel] Skipped 23 ground-station arc(s) (RO-only technique)
/home/austinhunter/Downloads/PlanetiQ_Code/venv311/lib/python3.11/site-packages/shapely/creation.py:218: RuntimeWarning: invalid value encountered in linestrings
  return lib.linestrings(coords, np.intc(handle_nan), out=out, **kwargs)
◀◀◀ _run_or_load END   | 2025-08-27_0912 | bin=all | ro_igs    | gridded_kf     : DONE       (104.7s) -> status=Success
▶▶▶ _run_or_load START | 2025-08-27_0912 | bin=all | igs_only  | gridded_kf    
    [diag] 2025-08-27_0912 | bin=all | igs_only  | gridded_kf     : RUNNING    (force=True, cached=True) ...
    [Info] Initialising information matrix (n_state=14080) …
    [Info] arcs ingested = 23/23  |  obs rows = 23  |  Λ cond ≈ 2.48e+23
    [Info] Solving …
    [Prior] innovation  mean=40.75  std=15.76  n_obs=23
    [Post ] innovation  mean=31.95  std=14.13
    RMSE:  prior=43.692 TECU  →  post=34.934 TECU
◀◀◀ _run_or_load END   | 2025-08-27_0912 | bin=all | igs_only  | gridded_kf     : DONE       (96.6s) -> status=ok (no 'status' key)
▶▶▶ _run_or_load START | 2025-08-27_0912 | bin=all | ro_only   | parametric_ekf
    [diag] 2025-08-27_0912 | bin=all | ro_only   | parametric_ekf : RUNNING    (force=True, cached=True) ...
  [EKF] Building IRI state at 50 grid points (batch call) …
  [EnKF] Estimating background covariance from 50 EDP samples x 50 grid points ...
  [EnKF] Parameter sigma: log10(NmF2)=0.15  hmF2=20  H0=15  gamma=0.15  B0=20  B1=0.3  log10(NmE)=0.2  hmE=8
  [EnKF] Spatial corr (Ne-space KF method): mean=0.959  max=1.000  min=0.506
  [EKF] Running EKF_Param on 64 arc(s) …
  [EKF] 64 arcs  |  9677 profile rays  |  5073 update rays  |  n_state = 400
  [EKF] Prior innovations  mean=-33.91  std=26.95  max_abs=96.31 TECU
  [EKF] stage 1/1: free=[log10(NmF2),hmF2,H0,gamma,B0,log10(NmE)] (6/8 params)
  [EKF] iterating [analytical]:   0%|          | 0/20 [00:00<?, ?it/s]  [EKF] iterating [analytical]:   0%|          | 0/20 [00:12<?, ?it/s, RMSE=43.315TECU, a=0.25, rel_dP=6.54e-02]  [EKF] iterating [analytical]:   5%|5         | 1/20 [00:12<03:54, 12.35s/it, RMSE=43.315TECU, a=0.25, rel_dP=6.54e-02]  [EKF] iterating [analytical]:   5%|5         | 1/20 [00:24<03:54, 12.35s/it, RMSE=34.811TECU, a=0.33, rel_dP=7.69e-02]  [EKF] iterating [analytical]:  10%|#         | 2/20 [00:24<03:45, 12.50s/it, RMSE=34.811TECU, a=0.33, rel_dP=7.69e-02]  [EKF] iterating [analytical]:  10%|#         | 2/20 [00:37<03:45, 12.50s/it, RMSE=28.176TECU, a=0.42, rel_dP=7.07e-02]  [EKF] iterating [analytical]:  15%|#5        | 3/20 [00:37<03:33, 12.57s/it, RMSE=28.176TECU, a=0.42, rel_dP=7.07e-02]  [EKF] iterating [analytical]:  15%|#5        | 3/20 [00:50<03:33, 12.57s/it, RMSE=23.891TECU, a=0.55, rel_dP=3.72e-02]  [EKF] iterating [analytical]:  20%|##        | 4/20 [00:50<03:20, 12.53s/it, RMSE=23.891TECU, a=0.55, rel_dP=3.72e-02]  [EKF] iterating [analytical]:  20%|##        | 4/20 [01:02<03:20, 12.53s/it, RMSE=21.964TECU, a=0.71, rel_dP=4.05e-02]  [EKF] iterating [analytical]:  25%|##5       | 5/20 [01:02<03:07, 12.53s/it, RMSE=21.964TECU, a=0.71, rel_dP=4.05e-02]  [EKF] iterating [analytical]:  25%|##5       | 5/20 [01:15<03:07, 12.53s/it, RMSE=21.612TECU, a=0.93, rel_dP=5.54e-02]  [EKF] iterating [analytical]:  30%|###       | 6/20 [01:15<02:56, 12.60s/it, RMSE=21.612TECU, a=0.93, rel_dP=5.54e-02]  [EKF] iterating [analytical]:  30%|###       | 6/20 [01:26<02:56, 12.60s/it, RMSE=21.612TECU, a=0.46, note=reject]      [EKF] iterating [analytical]:  35%|###5      | 7/20 [01:26<02:38, 12.22s/it, RMSE=21.612TECU, a=0.46, note=reject]  [EKF] iterating [analytical]:  35%|###5      | 7/20 [01:39<02:38, 12.22s/it, RMSE=21.612TECU, a=0.60, rel_dP=3.60e-02]  [EKF] iterating [analytical]:  40%|####      | 8/20 [01:39<02:26, 12.23s/it, RMSE=21.612TECU, a=0.60, rel_dP=3.60e-02]  [EKF] iterating [analytical]:  40%|####      | 8/20 [01:50<02:26, 12.23s/it, RMSE=21.612TECU, a=0.30, note=reject]      [EKF] iterating [analytical]:  45%|####5     | 9/20 [01:50<02:11, 11.97s/it, RMSE=21.612TECU, a=0.30, note=reject]  [EKF] iterating [analytical]:  45%|####5     | 9/20 [02:02<02:11, 11.97s/it, RMSE=21.612TECU, a=0.39, rel_dP=2.34e-02]  [EKF] iterating [analytical]:  50%|#####     | 10/20 [02:02<02:00, 12.03s/it, RMSE=21.612TECU, a=0.39, rel_dP=2.34e-02]  [EKF] iterating [analytical]:  50%|#####     | 10/20 [02:14<02:00, 12.03s/it, RMSE=21.612TECU, a=0.20, note=reject]      [EKF] iterating [analytical]:  55%|#####5    | 11/20 [02:14<01:46, 11.85s/it, RMSE=21.612TECU, a=0.20, note=reject]  [EKF] iterating [analytical]:  55%|#####5    | 11/20 [02:26<01:46, 11.85s/it, RMSE=21.612TECU, a=0.25, rel_dP=1.52e-02]  [EKF] iterating [analytical]:  60%|######    | 12/20 [02:26<01:36, 12.09s/it, RMSE=21.612TECU, a=0.25, rel_dP=1.52e-02]  [EKF] iterating [analytical]:  60%|######    | 12/20 [02:38<01:36, 12.09s/it, RMSE=21.612TECU, a=0.13, note=reject]      [EKF] iterating [analytical]:  65%|######5   | 13/20 [02:38<01:23, 11.90s/it, RMSE=21.612TECU, a=0.13, note=reject]  [EKF] iterating [analytical]:  65%|######5   | 13/20 [02:50<01:23, 11.90s/it, RMSE=21.612TECU, a=0.17, rel_dP=9.88e-03]  [EKF] iterating [analytical]:  70%|#######   | 14/20 [02:50<01:12, 12.00s/it, RMSE=21.612TECU, a=0.17, rel_dP=9.88e-03]  [EKF] iterating [analytical]:  70%|#######   | 14/20 [03:01<01:12, 12.00s/it, RMSE=21.612TECU, a=0.08, note=reject]      [EKF] iterating [analytical]:  75%|#######5  | 15/20 [03:01<00:59, 11.82s/it, RMSE=21.612TECU, a=0.08, note=reject]  [EKF] iterating [analytical]:  75%|#######5  | 15/20 [03:13<00:59, 11.82s/it, RMSE=21.612TECU, a=0.11, rel_dP=6.42e-03]  [EKF] iterating [analytical]:  80%|########  | 16/20 [03:13<00:47, 11.92s/it, RMSE=21.612TECU, a=0.11, rel_dP=6.42e-03]  [EKF] iterating [analytical]:  80%|########  | 16/20 [03:25<00:47, 11.92s/it, RMSE=21.612TECU, a=0.05, note=reject]      [EKF] iterating [analytical]:  85%|########5 | 17/20 [03:25<00:35, 11.77s/it, RMSE=21.612TECU, a=0.05, note=reject]  [EKF] iterating [analytical]:  85%|########5 | 17/20 [03:37<00:35, 11.77s/it, RMSE=21.612TECU, a=0.07, rel_dP=4.17e-03]  [EKF] iterating [analytical]:  90%|######### | 18/20 [03:37<00:23, 11.92s/it, RMSE=21.612TECU, a=0.07, rel_dP=4.17e-03]  [EKF] iterating [analytical]:  90%|######### | 18/20 [03:49<00:23, 11.92s/it, RMSE=21.612TECU, a=0.04, note=reject]      [EKF] iterating [analytical]:  95%|#########5| 19/20 [03:49<00:11, 11.78s/it, RMSE=21.612TECU, a=0.04, note=reject]  [EKF] iterating [analytical]:  95%|#########5| 19/20 [04:01<00:11, 11.78s/it, RMSE=21.612TECU, a=0.05, rel_dP=2.71e-03]  [EKF] iterating [analytical]: 100%|##########| 20/20 [04:01<00:00, 11.94s/it, RMSE=21.612TECU, a=0.05, rel_dP=2.71e-03]                                                                                                                           [EKF] stage 1 reached max_iter=20 without convergence  (final ||ΔP||/||P|| = 2.71e-03, RMSE=21.61TECU vs tol 5.0)
  [EKF] Posterior innovations  mean=-2.97  std=21.41  max_abs=79.84 TECU
  [EKF] Prior RMSE 43.220 TECU  →  Post RMSE 21.061 TECU
  Saved EKF convergence plot → /home/austinhunter/IonosphereTomography/Figures/ISR_DA_Comparison/OUTPUT/2025-08-27_0912/bin_all/ro_only/2025-08-27_0912_ro_only_ekf_convergence.png
◀◀◀ _run_or_load END   | 2025-08-27_0912 | bin=all | ro_only   | parametric_ekf : DONE       (308.4s) -> status=Success
▶▶▶ _run_or_load START | 2025-08-27_0912 | bin=all | ro_igs    | parametric_ekf
    [diag] 2025-08-27_0912 | bin=all | ro_igs    | parametric_ekf : RUNNING    (force=True, cached=True) ...
  [EKF] Building IRI state at 50 grid points (batch call) …
  [EnKF] Estimating background covariance from 50 EDP samples x 50 grid points ...
  [EnKF] Parameter sigma: log10(NmF2)=0.15  hmF2=20  H0=15  gamma=0.15  B0=20  B1=0.3  log10(NmE)=0.2  hmE=8
  [EnKF] Spatial corr (Ne-space KF method): mean=0.959  max=1.000  min=0.506
  [EKF] Running EKF_Param on 87 arc(s) …
  [EKF] 87 arcs  |  9700 profile rays  |  5096 update rays  |  n_state = 400
  [EKF] Prior innovations  mean=-33.62  std=27.26  max_abs=96.31 TECU
  [EKF] stage 1/1: free=[log10(NmF2),hmF2,H0,gamma,B0,log10(NmE)] (6/8 params)
  [EKF] iterating [analytical]:   0%|          | 0/20 [00:00<?, ?it/s]  [EKF] iterating [analytical]:   0%|          | 0/20 [00:12<?, ?it/s, RMSE=43.283TECU, a=0.25, rel_dP=5.82e-02]  [EKF] iterating [analytical]:   5%|5         | 1/20 [00:12<03:55, 12.38s/it, RMSE=43.283TECU, a=0.25, rel_dP=5.82e-02]  [EKF] iterating [analytical]:   5%|5         | 1/20 [00:25<03:55, 12.38s/it, RMSE=34.923TECU, a=0.33, rel_dP=7.43e-02]  [EKF] iterating [analytical]:  10%|#         | 2/20 [00:25<03:46, 12.61s/it, RMSE=34.923TECU, a=0.33, rel_dP=7.43e-02]  [EKF] iterating [analytical]:  10%|#         | 2/20 [00:37<03:46, 12.61s/it, RMSE=28.335TECU, a=0.42, rel_dP=7.45e-02]  [EKF] iterating [analytical]:  15%|#5        | 3/20 [00:37<03:34, 12.60s/it, RMSE=28.335TECU, a=0.42, rel_dP=7.45e-02]  [EKF] iterating [analytical]:  15%|#5        | 3/20 [00:50<03:34, 12.60s/it, RMSE=24.009TECU, a=0.55, rel_dP=4.33e-02]  [EKF] iterating [analytical]:  20%|##        | 4/20 [00:50<03:21, 12.59s/it, RMSE=24.009TECU, a=0.55, rel_dP=4.33e-02]  [EKF] iterating [analytical]:  20%|##        | 4/20 [01:02<03:21, 12.59s/it, RMSE=22.157TECU, a=0.71, rel_dP=4.34e-02]  [EKF] iterating [analytical]:  25%|##5       | 5/20 [01:02<03:08, 12.59s/it, RMSE=22.157TECU, a=0.71, rel_dP=4.34e-02]  [EKF] iterating [analytical]:  25%|##5       | 5/20 [01:15<03:08, 12.59s/it, RMSE=21.936TECU, a=0.93, rel_dP=5.18e-02]  [EKF] iterating [analytical]:  30%|###       | 6/20 [01:15<02:55, 12.57s/it, RMSE=21.936TECU, a=0.93, rel_dP=5.18e-02]  [EKF] iterating [analytical]:  30%|###       | 6/20 [01:26<02:55, 12.57s/it, RMSE=21.936TECU, a=0.46, note=reject]      [EKF] iterating [analytical]:  35%|###5      | 7/20 [01:26<02:38, 12.21s/it, RMSE=21.936TECU, a=0.46, note=reject]  [EKF] iterating [analytical]:  35%|###5      | 7/20 [01:39<02:38, 12.21s/it, RMSE=21.936TECU, a=0.60, rel_dP=3.37e-02]  [EKF] iterating [analytical]:  40%|####      | 8/20 [01:39<02:27, 12.27s/it, RMSE=21.936TECU, a=0.60, rel_dP=3.37e-02]  [EKF] iterating [analytical]:  40%|####      | 8/20 [01:50<02:27, 12.27s/it, RMSE=21.936TECU, a=0.30, note=reject]      [EKF] iterating [analytical]:  45%|####5     | 9/20 [01:50<02:12, 12.00s/it, RMSE=21.936TECU, a=0.30, note=reject]  [EKF] iterating [analytical]:  45%|####5     | 9/20 [02:02<02:12, 12.00s/it, RMSE=21.936TECU, a=0.39, rel_dP=2.19e-02]  [EKF] iterating [analytical]:  50%|#####     | 10/20 [02:02<02:00, 12.05s/it, RMSE=21.936TECU, a=0.39, rel_dP=2.19e-02]  [EKF] iterating [analytical]:  50%|#####     | 10/20 [02:14<02:00, 12.05s/it, RMSE=21.936TECU, a=0.20, note=reject]      [EKF] iterating [analytical]:  55%|#####5    | 11/20 [02:14<01:47, 11.98s/it, RMSE=21.936TECU, a=0.20, note=reject]  [EKF] iterating [analytical]:  55%|#####5    | 11/20 [02:27<01:47, 11.98s/it, RMSE=21.936TECU, a=0.25, rel_dP=1.42e-02]  [EKF] iterating [analytical]:  60%|######    | 12/20 [02:27<01:37, 12.14s/it, RMSE=21.936TECU, a=0.25, rel_dP=1.42e-02]  [EKF] iterating [analytical]:  60%|######    | 12/20 [02:38<01:37, 12.14s/it, RMSE=21.936TECU, a=0.13, note=reject]      [EKF] iterating [analytical]:  65%|######5   | 13/20 [02:38<01:23, 11.91s/it, RMSE=21.936TECU, a=0.13, note=reject]  [EKF] iterating [analytical]:  65%|######5   | 13/20 [02:51<01:23, 11.91s/it, RMSE=21.936TECU, a=0.17, rel_dP=9.25e-03]  [EKF] iterating [analytical]:  70%|#######   | 14/20 [02:51<01:12, 12.10s/it, RMSE=21.936TECU, a=0.17, rel_dP=9.25e-03]  [EKF] iterating [analytical]:  70%|#######   | 14/20 [03:02<01:12, 12.10s/it, RMSE=21.936TECU, a=0.08, note=reject]      [EKF] iterating [analytical]:  75%|#######5  | 15/20 [03:02<00:59, 11.90s/it, RMSE=21.936TECU, a=0.08, note=reject]  [EKF] iterating [analytical]:  75%|#######5  | 15/20 [03:14<00:59, 11.90s/it, RMSE=21.936TECU, a=0.11, rel_dP=6.02e-03]  [EKF] iterating [analytical]:  80%|########  | 16/20 [03:14<00:47, 11.99s/it, RMSE=21.936TECU, a=0.11, rel_dP=6.02e-03]  [EKF] iterating [analytical]:  80%|########  | 16/20 [03:26<00:47, 11.99s/it, RMSE=21.936TECU, a=0.05, note=reject]      [EKF] iterating [analytical]:  85%|########5 | 17/20 [03:26<00:35, 11.82s/it, RMSE=21.936TECU, a=0.05, note=reject]  [EKF] iterating [analytical]:  85%|########5 | 17/20 [03:38<00:35, 11.82s/it, RMSE=21.936TECU, a=0.07, rel_dP=3.91e-03]  [EKF] iterating [analytical]:  90%|######### | 18/20 [03:38<00:23, 11.92s/it, RMSE=21.936TECU, a=0.07, rel_dP=3.91e-03]  [EKF] iterating [analytical]:  90%|######### | 18/20 [03:49<00:23, 11.92s/it, RMSE=21.936TECU, a=0.04, note=reject]      [EKF] iterating [analytical]:  95%|#########5| 19/20 [03:49<00:11, 11.78s/it, RMSE=21.936TECU, a=0.04, note=reject]  [EKF] iterating [analytical]:  95%|#########5| 19/20 [04:02<00:11, 11.78s/it, RMSE=21.936TECU, a=0.05, rel_dP=2.54e-03]  [EKF] iterating [analytical]: 100%|##########| 20/20 [04:02<00:00, 11.94s/it, RMSE=21.936TECU, a=0.05, rel_dP=2.54e-03]                                                                                                                           [EKF] stage 1 reached max_iter=20 without convergence  (final ||ΔP||/||P|| = 2.54e-03, RMSE=21.94TECU vs tol 5.0)
  [EKF] Posterior innovations  mean=-3.93  std=21.59  max_abs=78.43 TECU
  [EKF] Prior RMSE 43.203 TECU  →  Post RMSE 21.297 TECU
  Saved EKF convergence plot → /home/austinhunter/IonosphereTomography/Figures/ISR_DA_Comparison/OUTPUT/2025-08-27_0912/bin_all/ro_igs/2025-08-27_0912_ro_igs_ekf_convergence.png
◀◀◀ _run_or_load END   | 2025-08-27_0912 | bin=all | ro_igs    | parametric_ekf : DONE       (309.7s) -> status=Success
▶▶▶ _run_or_load START | 2025-08-27_0912 | bin=all | igs_only  | parametric_ekf
    [diag] 2025-08-27_0912 | bin=all | igs_only  | parametric_ekf : RUNNING    (force=True, cached=True) ...
  [EKF] Building IRI state at 256 grid points (batch call) …
  [EnKF] Estimating background covariance from 500 EDP samples x 256 grid points ...
  [EnKF] Parameter sigma: log10(NmF2)=0.15  hmF2=20  H0=15  gamma=0.15  B0=20  B1=0.3  log10(NmE)=0.2  hmE=8
  [EnKF] Spatial corr (Ne-space KF method): mean=0.956  max=1.000  min=0.169
  [EKF] Running EKF_Param on 23 arc(s) …
  [EKF] 23 arcs  |  23 profile rays  |  23 update rays  |  n_state = 2048
  [EKF] Prior innovations  mean=30.35  std=16.10  max_abs=54.81 TECU
  [EKF] stage 1/1: free=[log10(NmF2),hmF2,H0,gamma,B0,log10(NmE)] (6/8 params)
  [EKF] iterating [analytical]:   0%|          | 0/20 [00:00<?, ?it/s]  [EKF] iterating [analytical]:   0%|          | 0/20 [00:00<?, ?it/s, RMSE=34.357TECU, a=0.25, rel_dP=8.10e-03]  [EKF] iterating [analytical]:   0%|          | 0/20 [00:00<?, ?it/s, RMSE=28.467TECU, a=0.33, rel_dP=8.38e-03]  [EKF] iterating [analytical]:  10%|#         | 2/20 [00:00<00:02,  8.36it/s, RMSE=28.467TECU, a=0.33, rel_dP=8.38e-03]  [EKF] iterating [analytical]:  10%|#         | 2/20 [00:00<00:02,  8.36it/s, RMSE=23.273TECU, a=0.42, rel_dP=9.11e-03]  [EKF] iterating [analytical]:  15%|#5        | 3/20 [00:00<00:02,  7.29it/s, RMSE=23.273TECU, a=0.42, rel_dP=9.11e-03]  [EKF] iterating [analytical]:  15%|#5        | 3/20 [00:00<00:02,  7.29it/s, RMSE=19.907TECU, a=0.55, rel_dP=1.03e-02]  [EKF] iterating [analytical]:  20%|##        | 4/20 [00:00<00:02,  7.16it/s, RMSE=19.907TECU, a=0.55, rel_dP=1.03e-02]  [EKF] iterating [analytical]:  20%|##        | 4/20 [00:00<00:02,  7.16it/s, RMSE=18.409TECU, a=0.71, rel_dP=1.35e-02]  [EKF] iterating [analytical]:  25%|##5       | 5/20 [00:00<00:02,  7.37it/s, RMSE=18.409TECU, a=0.71, rel_dP=1.35e-02]  [EKF] iterating [analytical]:  25%|##5       | 5/20 [00:00<00:02,  7.37it/s, RMSE=18.003TECU, a=0.93, rel_dP=1.59e-02]  [EKF] iterating [analytical]:  30%|###       | 6/20 [00:00<00:01,  7.71it/s, RMSE=18.003TECU, a=0.93, rel_dP=1.59e-02]  [EKF] iterating [analytical]:  30%|###       | 6/20 [00:00<00:01,  7.71it/s, RMSE=17.929TECU, a=1.00, rel_dP=1.43e-02]  [EKF] iterating [analytical]:  35%|###5      | 7/20 [00:00<00:01,  7.93it/s, RMSE=17.929TECU, a=1.00, rel_dP=1.43e-02]  [EKF] iterating [analytical]:  35%|###5      | 7/20 [00:01<00:01,  7.93it/s, RMSE=17.903TECU, a=1.00, rel_dP=1.11e-02]  [EKF] iterating [analytical]:  40%|####      | 8/20 [00:01<00:01,  8.12it/s, RMSE=17.903TECU, a=1.00, rel_dP=1.11e-02]  [EKF] iterating [analytical]:  40%|####      | 8/20 [00:01<00:01,  8.12it/s, RMSE=17.886TECU, a=1.00, rel_dP=1.28e-02]  [EKF] iterating [analytical]:  45%|####5     | 9/20 [00:01<00:01,  8.35it/s, RMSE=17.886TECU, a=1.00, rel_dP=1.28e-02]  [EKF] iterating [analytical]:  45%|####5     | 9/20 [00:01<00:01,  8.35it/s, RMSE=17.863TECU, a=1.00, rel_dP=1.68e-02]  [EKF] iterating [analytical]:  50%|#####     | 10/20 [00:01<00:01,  8.04it/s, RMSE=17.863TECU, a=1.00, rel_dP=1.68e-02]  [EKF] iterating [analytical]:  50%|#####     | 10/20 [00:01<00:01,  8.04it/s, RMSE=17.834TECU, a=1.00, rel_dP=1.63e-02]  [EKF] iterating [analytical]:  55%|#####5    | 11/20 [00:01<00:01,  7.83it/s, RMSE=17.834TECU, a=1.00, rel_dP=1.63e-02]  [EKF] iterating [analytical]:  55%|#####5    | 11/20 [00:01<00:01,  7.83it/s, RMSE=17.806TECU, a=1.00, rel_dP=1.48e-02]  [EKF] iterating [analytical]:  60%|######    | 12/20 [00:01<00:01,  7.51it/s, RMSE=17.806TECU, a=1.00, rel_dP=1.48e-02]  [EKF] iterating [analytical]:  60%|######    | 12/20 [00:01<00:01,  7.51it/s, RMSE=17.782TECU, a=1.00, rel_dP=1.39e-02]  [EKF] iterating [analytical]:  65%|######5   | 13/20 [00:01<00:00,  7.67it/s, RMSE=17.782TECU, a=1.00, rel_dP=1.39e-02]  [EKF] iterating [analytical]:  65%|######5   | 13/20 [00:01<00:00,  7.67it/s, RMSE=17.759TECU, a=1.00, rel_dP=1.72e-02]  [EKF] iterating [analytical]:  70%|#######   | 14/20 [00:01<00:00,  8.03it/s, RMSE=17.759TECU, a=1.00, rel_dP=1.72e-02]  [EKF] iterating [analytical]:  70%|#######   | 14/20 [00:01<00:00,  8.03it/s, RMSE=17.729TECU, a=1.00, rel_dP=1.71e-02]  [EKF] iterating [analytical]:  75%|#######5  | 15/20 [00:01<00:00,  8.18it/s, RMSE=17.729TECU, a=1.00, rel_dP=1.71e-02]  [EKF] iterating [analytical]:  75%|#######5  | 15/20 [00:02<00:00,  8.18it/s, RMSE=17.695TECU, a=1.00, rel_dP=2.08e-02]  [EKF] iterating [analytical]:  80%|########  | 16/20 [00:02<00:00,  8.40it/s, RMSE=17.695TECU, a=1.00, rel_dP=2.08e-02]  [EKF] iterating [analytical]:  80%|########  | 16/20 [00:02<00:00,  8.40it/s, RMSE=17.662TECU, a=1.00, rel_dP=1.21e-02]  [EKF] iterating [analytical]:  85%|########5 | 17/20 [00:02<00:00,  8.48it/s, RMSE=17.662TECU, a=1.00, rel_dP=1.21e-02]  [EKF] iterating [analytical]:  85%|########5 | 17/20 [00:02<00:00,  8.48it/s, RMSE=17.642TECU, a=1.00, rel_dP=1.33e-02]  [EKF] iterating [analytical]:  90%|######### | 18/20 [00:02<00:00,  7.80it/s, RMSE=17.642TECU, a=1.00, rel_dP=1.33e-02]  [EKF] iterating [analytical]:  90%|######### | 18/20 [00:02<00:00,  7.80it/s, RMSE=17.620TECU, a=1.00, rel_dP=1.52e-02]  [EKF] iterating [analytical]:  95%|#########5| 19/20 [00:02<00:00,  7.59it/s, RMSE=17.620TECU, a=1.00, rel_dP=1.52e-02]  [EKF] iterating [analytical]:  95%|#########5| 19/20 [00:02<00:00,  7.59it/s, RMSE=17.590TECU, a=1.00, rel_dP=1.84e-02]  [EKF] iterating [analytical]: 100%|##########| 20/20 [00:02<00:00,  7.45it/s, RMSE=17.590TECU, a=1.00, rel_dP=1.84e-02]                                                                                                                           [EKF] stage 1 reached max_iter=20 without convergence  (final ||ΔP||/||P|| = 1.84e-02, RMSE=17.59TECU vs tol 5.0)
  [EKF] Posterior innovations  mean=1.78  std=17.46  max_abs=29.78 TECU
  [EKF] Prior RMSE 34.357 TECU  →  Post RMSE 17.551 TECU
  Saved EKF convergence plot → /home/austinhunter/IonosphereTomography/Figures/ISR_DA_Comparison/OUTPUT/2025-08-27_0912/bin_all/igs_only/2025-08-27_0912_igs_only_ekf_convergence.png
◀◀◀ _run_or_load END   | 2025-08-27_0912 | bin=all | igs_only  | parametric_ekf : DONE       (679.6s) -> status=ok (no 'status' key)
  [diag] 2025-08-27_0912 | bin=all : summary of 6 obs_mode/filter_type combos
           ro_only   | gridded_kf     -> Success
           ro_only   | parametric_ekf -> Success
           ro_igs    | gridded_kf     -> Success
           ro_igs    | parametric_ekf -> Success
           igs_only  | gridded_kf     -> ok (no 'status' key)
           igs_only  | parametric_ekf -> ok (no 'status' key)

▶▶▶ compute_isr_metrics START | group=2025-08-27_0912 bin=all
◀◀◀ compute_isr_metrics END   | group=2025-08-27_0912 bin=all -> 0 metric row(s)

▶▶▶ _plot_group_all_modes START | group=2025-08-27_0912
  [diag] 2025-08-27_0912/ro_igs/gridded_kf: arc-innovation panels thinned to 64 RO + 20/23 representative IGS arcs (of 87 total)
  [diag] 2025-08-27_0912/ro_igs/parametric_ekf: arc-innovation panels thinned to 64 RO + 20/23 representative IGS arcs (of 87 total)
  [diag] 2025-08-27_0912/igs_only/gridded_kf: arc-innovation panels thinned to 0 RO + 20/23 representative IGS arcs (of 23 total)
  [diag] 2025-08-27_0912/igs_only/parametric_ekf: arc-innovation panels thinned to 0 RO + 20/23 representative IGS arcs (of 23 total)
/home/austinhunter/Downloads/PlanetiQ_Code/venv311/lib/python3.11/site-packages/shapely/creation.py:218: RuntimeWarning: invalid value encountered in linestrings
  return lib.linestrings(coords, np.intc(handle_nan), out=out, **kwargs)
/home/austinhunter/IonosphereTomography/plotIonosphereTomography.py:3914: UserWarning: This figure includes Axes that are not compatible with tight_layout, so results might be incorrect.
  plt.tight_layout(rect=[0, 0, 1, 0.98])
/home/austinhunter/IonosphereTomography/plotIonosphereTomography.py:3914: UserWarning: This figure includes Axes that are not compatible with tight_layout, so results might be incorrect.
  plt.tight_layout(rect=[0, 0, 1, 0.98])
/home/austinhunter/IonosphereTomography/plotIonosphereTomography.py:3914: UserWarning: This figure includes Axes that are not compatible with tight_layout, so results might be incorrect.
  plt.tight_layout(rect=[0, 0, 1, 0.98])
◀◀◀ _plot_group_all_modes END   | group=2025-08-27_0912
No valid descending tangent points found. Skipping.
No valid descending tangent points found. Skipping.
No valid descending tangent points found. Skipping.
No valid descending tangent points found. Skipping.
No valid descending tangent points found. Skipping.
No valid descending tangent points found. Skipping.
No valid descending tangent points found. Skipping.
No valid descending tangent points found. Skipping.
No valid descending tangent points found. Skipping.
No valid descending tangent points found. Skipping.
No valid descending tangent points found. Skipping.
No valid descending tangent points found. Skipping.
No valid descending tangent points found. Skipping.
No valid descending tangent points found. Skipping.
No valid descending tangent points found. Skipping.
No valid descending tangent points found. Skipping.
No valid descending tangent points found. Skipping.
No valid descending tangent points found. Skipping.
No valid descending tangent points found. Skipping.
No valid descending tangent points found. Skipping.
No valid descending tangent points found. Skipping.
No valid descending tangent points found. Skipping.
No valid descending tangent points found. Skipping.
▶▶▶ _run_or_load START | 2025-08-27_0912 | bin=55  | ro_only   | gridded_kf    
    [diag] 2025-08-27_0912 | bin=55  | ro_only   | gridded_kf     : RUNNING    (force=True, cached=False) ...

────────────────────────────────────────────────────────────
  Group : 2025-08-27_0912
  Window: 2025-08-27_0912  |  Region: POLAR_N  |  55 occultation(s)
────────────────────────────────────────────────────────────
No valid descending tangent points found. Skipping.
    [skip] podTc2_YM08.2025.239.09.05.0011.R19.01_0000.0001_nc — parse returned None
No valid descending tangent points found. Skipping.
    [skip] podTc2_GN04.2025.239.09.08.0018.C35.01_0000.0001_nc — parse returned None
No valid descending tangent points found. Skipping.
    [skip] podTc2_GN04.2025.239.09.08.0017.E09.01_0000.0001_nc — parse returned None
No valid descending tangent points found. Skipping.
    [skip] podTc2_GN04.2025.239.09.09.0022.E31.01_0000.0001_nc — parse returned None
No valid descending tangent points found. Skipping.
    [skip] podTc2_GN04.2025.239.09.10.0019.G25.01_0000.0001_nc — parse returned None
No valid descending tangent points found. Skipping.
    [skip] podTc2_GN04.2025.239.09.10.0016.E26.01_0000.0001_nc — parse returned None
No valid descending tangent points found. Skipping.
    [skip] podTc2_GN04.2025.239.09.10.0015.G12.01_0000.0001_nc — parse returned None
No valid descending tangent points found. Skipping.
    [skip] podTc2_YM08.2025.239.09.11.0017.E21.00_0000.0001_nc — parse returned None
No valid descending tangent points found. Skipping.
    [skip] podTc2_GN04.2025.239.09.12.0014.G32.01_0000.0001_nc — parse returned None
No valid descending tangent points found. Skipping.
    [skip] podTc2_GN04.2025.239.09.12.0017.E23.01_0000.0001_nc — parse returned None
No valid descending tangent points found. Skipping.
    [skip] podTc2_YM08.2025.239.09.13.0018.C35.00_0000.0001_nc — parse returned None
No valid descending tangent points found. Skipping.
    [skip] podTc2_GN05.2025.239.09.23.0018.E26.01_0000.0001_nc — parse returned None
No valid descending tangent points found. Skipping.
    [skip] podTc2_GN05.2025.239.09.23.0021.E26.01_0000.0001_nc — parse returned None
No valid descending tangent points found. Skipping.
    [skip] podTc2_GN05.2025.239.09.24.0017.E09.01_0000.0001_nc — parse returned None
No valid descending tangent points found. Skipping.
    [skip] podTc2_GN05.2025.239.09.26.0016.G12.01_0000.0001_nc — parse returned None
No valid descending tangent points found. Skipping.
    [skip] podTc2_GN05.2025.239.09.26.0018.G12.01_0000.0001_nc — parse returned None
No valid descending tangent points found. Skipping.
    [skip] podTc2_GN05.2025.239.09.26.0021.E31.01_0000.0001_nc — parse returned None
No valid descending tangent points found. Skipping.
    [skip] podTc2_GN05.2025.239.09.26.0015.E31.01_0000.0001_nc — parse returned None
No valid descending tangent points found. Skipping.
    [skip] podTc2_GN05.2025.239.09.26.0018.G25.01_0000.0001_nc — parse returned None
No valid descending tangent points found. Skipping.
    [skip] podTc2_GN05.2025.239.09.27.0015.R12.01_0000.0001_nc — parse returned None
No valid descending tangent points found. Skipping.
    [skip] podTc2_GN05.2025.239.09.32.0009.R03.01_0000.0001_nc — parse returned None
No valid descending tangent points found. Skipping.
    [skip] podTc2_GN04.2025.239.09.34.0020.C27.00_0000.0001_nc — parse returned None
No valid descending tangent points found. Skipping.
    [skip] podTc2_GN05.2025.239.09.51.0021.C27.00_0000.0001_nc — parse returned None
  Parsed 32/55 files successfully.
    [podTc2] GN04 09:24 — 452 valid rays → decimated to 151 (stride 3)
    [podTc2] GN04 09:25 — 461 valid rays → decimated to 154 (stride 3)
    [podTc2] GN04 09:23 — 403 valid rays → decimated to 135 (stride 3)
    [podTc2] GN04 09:26 — 127 valid rays → decimated to 127 (stride 1)
    [podTc2] YM08 09:08 — 200 valid rays → decimated to 200 (stride 1)
    [podTc2] YM08 09:08 — 200 valid rays → decimated to 200 (stride 1)
    [podTc2] GN04 09:30 — 148 valid rays → decimated to 148 (stride 1)
    [podTc2] GN04 09:27 — 64 valid rays → decimated to 64 (stride 1)
    [skip] YM08 09:09 — only 42 valid rays
    [podTc2] GN04 09:26 — 102 valid rays → decimated to 102 (stride 1)
    [podTc2] GN04 09:37 — 377 valid rays → decimated to 189 (stride 2)
    [podTc2] GN04 09:26 — 390 valid rays → decimated to 195 (stride 2)
    [podTc2] GN05 09:42 — 453 valid rays → decimated to 151 (stride 3)
    [podTc2] GN05 09:41 — 280 valid rays → decimated to 140 (stride 2)
    [podTc2] GN04 09:16 — 440 valid rays → decimated to 147 (stride 3)
    [podTc2] GN04 09:16 — 470 valid rays → decimated to 157 (stride 3)
    [podTc2] YM08 09:24 — 360 valid rays → decimated to 180 (stride 2)
    [podTc2] YM08 09:16 — 379 valid rays → decimated to 190 (stride 2)
    [podTc2] YM08 09:17 — 72 valid rays → decimated to 72 (stride 1)
    [skip] GN05 09:42 — only 12 valid rays
    [podTc2] GN04 09:19 — 360 valid rays → decimated to 180 (stride 2)
    [podTc2] GN05 09:43 — 91 valid rays → decimated to 91 (stride 1)
    [podTc2] GN05 09:46 — 337 valid rays → decimated to 169 (stride 2)
    [podTc2] GN05 09:49 — 134 valid rays → decimated to 134 (stride 1)
    [podTc2] GN05 09:44 — 143 valid rays → decimated to 143 (stride 1)
    [podTc2] GN05 09:52 — 375 valid rays → decimated to 188 (stride 2)
    [skip] GN05 09:46 — only 24 valid rays
    [podTc2] GN05 09:30 — 478 valid rays → decimated to 160 (stride 3)
    [podTc2] GN05 09:32 — 512 valid rays → decimated to 171 (stride 3)
    [podTc2] GN05 09:33 — 385 valid rays → decimated to 193 (stride 2)
    [podTc2] GN05 09:34 — 458 valid rays → decimated to 153 (stride 3)
    [podTc2] GN05 09:34 — 458 valid rays → decimated to 153 (stride 3)
  Bbox lat [21.9, 86.5]  lon [-28.2, 28.7]  |  union vertices: 38
  Final group: 29 occultation(s), 38 union-mesh vertices
  Saved trim diagnostic → /home/austinhunter/IonosphereTomography/Figures/ISR_DA_Comparison/OUTPUT/2025-08-27_0912/bin_55/ro_only/group_2025-08-27_0912_trim.png
  -> Building H matrices (4437 rays across 29 arc(s), single parallel sweep) …
  -> Building H matrices:    443/4437 rays ( 10.0%)
  -> Building H matrices:    886/4437 rays ( 20.0%)
  -> Building H matrices:   1329/4437 rays ( 30.0%)
  -> Building H matrices:   1772/4437 rays ( 39.9%)
  -> Building H matrices:   2215/4437 rays ( 49.9%)
  -> Building H matrices:   2658/4437 rays ( 59.9%)
  -> Building H matrices:   3101/4437 rays ( 69.9%)
  -> Building H matrices:   3544/4437 rays ( 79.9%)
  -> Building H matrices:   3987/4437 rays ( 89.9%)
  -> Building H matrices:   4430/4437 rays ( 99.8%)
  -> Building H matrices:   4437/4437 rays (100.0%)
  Combined H shape : (4437, 2128)  (total rays = 4437)
  Skipping sequential KF assimilation (run_sequential=False).
  Running joint (batch) KF assimilation …
  Prior RMSE  : 42.165 TECU
  Post  RMSE  : 23.553 TECU
    [Abel] GN04 09:24: NmF2=6.05e+11 m⁻³  hmF2=284.1 km
    [Abel] GN04 09:25: NmF2=4.81e+11 m⁻³  hmF2=317.9 km
    [Abel] GN04 09:23: NmF2=3.39e+11 m⁻³  hmF2=397.2 km
    [Abel] GN04 09:26: NmF2=8.10e+10 m⁻³  hmF2=570.9 km
    [Abel] YM08 09:08: NmF2=1.80e+11 m⁻³  hmF2=481.6 km
    [Abel] YM08 09:08: NmF2=1.80e+11 m⁻³  hmF2=481.6 km
    [Abel] GN04 09:30: NmF2=2.15e+11 m⁻³  hmF2=487.0 km
    [Abel] GN04 09:27: NmF2=6.84e+10 m⁻³  hmF2=573.5 km
    [Abel] GN04 09:26: NmF2=1.52e+11 m⁻³  hmF2=557.2 km
    [Abel] GN04 09:37: NmF2=7.61e+11 m⁻³  hmF2=276.9 km
    [Abel] GN04 09:26: NmF2=2.45e+11 m⁻³  hmF2=511.8 km
    [Abel] GN05 09:42: NmF2=6.86e+11 m⁻³  hmF2=286.0 km
    [Abel] GN05 09:41: NmF2=5.00e+11 m⁻³  hmF2=352.2 km
    [Abel] GN04 09:16: NmF2=3.93e+11 m⁻³  hmF2=306.7 km
    [Abel] GN04 09:16: NmF2=5.99e+11 m⁻³  hmF2=270.9 km
    [Abel] YM08 09:24: NmF2=3.29e+11 m⁻³  hmF2=314.9 km
    [Abel] YM08 09:16: NmF2=3.46e+11 m⁻³  hmF2=466.4 km
    [Abel] YM08 09:17: NmF2=1.13e+11 m⁻³  hmF2=528.5 km
    [Abel] GN04 09:19: NmF2=5.87e+11 m⁻³  hmF2=309.1 km
    [Abel] GN05 09:43: NmF2=3.93e+10 m⁻³  hmF2=576.5 km
    [Abel] GN05 09:46: NmF2=4.50e+11 m⁻³  hmF2=294.2 km
    [Abel] GN05 09:49: NmF2=1.49e+11 m⁻³  hmF2=556.4 km
    [Abel] GN05 09:44: NmF2=1.83e+11 m⁻³  hmF2=518.4 km
    [Abel] GN05 09:52: NmF2=7.25e+11 m⁻³  hmF2=275.8 km
    [Abel] GN05 09:30: NmF2=3.43e+11 m⁻³  hmF2=362.8 km
    [Abel] GN05 09:32: NmF2=5.88e+11 m⁻³  hmF2=291.4 km
    [Abel] GN05 09:33: NmF2=5.10e+11 m⁻³  hmF2=319.5 km
    [Abel] GN05 09:34: NmF2=6.12e+11 m⁻³  hmF2=291.6 km
    [Abel] GN05 09:34: NmF2=6.12e+11 m⁻³  hmF2=291.6 km
◀◀◀ _run_or_load END   | 2025-08-27_0912 | bin=55  | ro_only   | gridded_kf     : DONE       (43.9s) -> status=Success
▶▶▶ _run_or_load START | 2025-08-27_0912 | bin=55  | ro_igs    | gridded_kf    
    [diag] 2025-08-27_0912 | bin=55  | ro_igs    | gridded_kf     : RUNNING    (force=True, cached=False) ...

────────────────────────────────────────────────────────────
  Group : 2025-08-27_0912
  Window: 2025-08-27_0912  |  Region: POLAR_N  |  55 occultation(s)
────────────────────────────────────────────────────────────
No valid descending tangent points found. Skipping.
    [skip] podTc2_YM08.2025.239.09.05.0011.R19.01_0000.0001_nc — parse returned None
No valid descending tangent points found. Skipping.
    [skip] podTc2_GN04.2025.239.09.08.0018.C35.01_0000.0001_nc — parse returned None
No valid descending tangent points found. Skipping.
    [skip] podTc2_GN04.2025.239.09.08.0017.E09.01_0000.0001_nc — parse returned None
No valid descending tangent points found. Skipping.
    [skip] podTc2_GN04.2025.239.09.09.0022.E31.01_0000.0001_nc — parse returned None
No valid descending tangent points found. Skipping.
    [skip] podTc2_GN04.2025.239.09.10.0019.G25.01_0000.0001_nc — parse returned None
No valid descending tangent points found. Skipping.
    [skip] podTc2_GN04.2025.239.09.10.0016.E26.01_0000.0001_nc — parse returned None
No valid descending tangent points found. Skipping.
    [skip] podTc2_GN04.2025.239.09.10.0015.G12.01_0000.0001_nc — parse returned None
No valid descending tangent points found. Skipping.
    [skip] podTc2_YM08.2025.239.09.11.0017.E21.00_0000.0001_nc — parse returned None
No valid descending tangent points found. Skipping.
    [skip] podTc2_GN04.2025.239.09.12.0014.G32.01_0000.0001_nc — parse returned None
No valid descending tangent points found. Skipping.
    [skip] podTc2_GN04.2025.239.09.12.0017.E23.01_0000.0001_nc — parse returned None
No valid descending tangent points found. Skipping.
    [skip] podTc2_YM08.2025.239.09.13.0018.C35.00_0000.0001_nc — parse returned None
No valid descending tangent points found. Skipping.
    [skip] podTc2_GN05.2025.239.09.23.0018.E26.01_0000.0001_nc — parse returned None
No valid descending tangent points found. Skipping.
    [skip] podTc2_GN05.2025.239.09.23.0021.E26.01_0000.0001_nc — parse returned None
No valid descending tangent points found. Skipping.
    [skip] podTc2_GN05.2025.239.09.24.0017.E09.01_0000.0001_nc — parse returned None
No valid descending tangent points found. Skipping.
    [skip] podTc2_GN05.2025.239.09.26.0016.G12.01_0000.0001_nc — parse returned None
No valid descending tangent points found. Skipping.
    [skip] podTc2_GN05.2025.239.09.26.0018.G12.01_0000.0001_nc — parse returned None
No valid descending tangent points found. Skipping.
    [skip] podTc2_GN05.2025.239.09.26.0021.E31.01_0000.0001_nc — parse returned None
No valid descending tangent points found. Skipping.
    [skip] podTc2_GN05.2025.239.09.26.0015.E31.01_0000.0001_nc — parse returned None
No valid descending tangent points found. Skipping.
    [skip] podTc2_GN05.2025.239.09.26.0018.G25.01_0000.0001_nc — parse returned None
No valid descending tangent points found. Skipping.
    [skip] podTc2_GN05.2025.239.09.27.0015.R12.01_0000.0001_nc — parse returned None
No valid descending tangent points found. Skipping.
    [skip] podTc2_GN05.2025.239.09.32.0009.R03.01_0000.0001_nc — parse returned None
No valid descending tangent points found. Skipping.
    [skip] podTc2_GN04.2025.239.09.34.0020.C27.00_0000.0001_nc — parse returned None
No valid descending tangent points found. Skipping.
    [skip] podTc2_GN05.2025.239.09.51.0021.C27.00_0000.0001_nc — parse returned None
  Parsed 32/55 files successfully.
    [podTc2] GN04 09:24 — 452 valid rays → decimated to 151 (stride 3)
    [podTc2] GN04 09:25 — 461 valid rays → decimated to 154 (stride 3)
    [podTc2] GN04 09:23 — 403 valid rays → decimated to 135 (stride 3)
    [podTc2] GN04 09:26 — 127 valid rays → decimated to 127 (stride 1)
    [podTc2] YM08 09:08 — 200 valid rays → decimated to 200 (stride 1)
    [podTc2] YM08 09:08 — 200 valid rays → decimated to 200 (stride 1)
    [podTc2] GN04 09:30 — 148 valid rays → decimated to 148 (stride 1)
    [podTc2] GN04 09:27 — 64 valid rays → decimated to 64 (stride 1)
    [skip] YM08 09:09 — only 42 valid rays
    [podTc2] GN04 09:26 — 102 valid rays → decimated to 102 (stride 1)
    [podTc2] GN04 09:37 — 377 valid rays → decimated to 189 (stride 2)
    [podTc2] GN04 09:26 — 390 valid rays → decimated to 195 (stride 2)
    [podTc2] GN05 09:42 — 453 valid rays → decimated to 151 (stride 3)
    [podTc2] GN05 09:41 — 280 valid rays → decimated to 140 (stride 2)
    [podTc2] GN04 09:16 — 440 valid rays → decimated to 147 (stride 3)
    [podTc2] GN04 09:16 — 470 valid rays → decimated to 157 (stride 3)
    [podTc2] YM08 09:24 — 360 valid rays → decimated to 180 (stride 2)
    [podTc2] YM08 09:16 — 379 valid rays → decimated to 190 (stride 2)
    [podTc2] YM08 09:17 — 72 valid rays → decimated to 72 (stride 1)
    [skip] GN05 09:42 — only 12 valid rays
    [podTc2] GN04 09:19 — 360 valid rays → decimated to 180 (stride 2)
    [podTc2] GN05 09:43 — 91 valid rays → decimated to 91 (stride 1)
    [podTc2] GN05 09:46 — 337 valid rays → decimated to 169 (stride 2)
    [podTc2] GN05 09:49 — 134 valid rays → decimated to 134 (stride 1)
    [podTc2] GN05 09:44 — 143 valid rays → decimated to 143 (stride 1)
    [podTc2] GN05 09:52 — 375 valid rays → decimated to 188 (stride 2)
    [skip] GN05 09:46 — only 24 valid rays
    [podTc2] GN05 09:30 — 478 valid rays → decimated to 160 (stride 3)
    [podTc2] GN05 09:32 — 512 valid rays → decimated to 171 (stride 3)
    [podTc2] GN05 09:33 — 385 valid rays → decimated to 193 (stride 2)
    [podTc2] GN05 09:34 — 458 valid rays → decimated to 153 (stride 3)
    [podTc2] GN05 09:34 — 458 valid rays → decimated to 153 (stride 3)
  Bbox lat [21.9, 86.5]  lon [-28.2, 28.7]  |  union vertices: 38
  Final group: 29 occultation(s), 38 union-mesh vertices
  Saved trim diagnostic → /home/austinhunter/IonosphereTomography/Figures/ISR_DA_Comparison/OUTPUT/2025-08-27_0912/bin_55/ro_igs/group_2025-08-27_0912_trim.png
  [extra] Injected 23 ground-station arc(s) → total 52 arc(s) in assimilation pool
  -> Building H matrices (4460 rays across 52 arc(s), single parallel sweep) …
  -> Building H matrices:    446/4460 rays ( 10.0%)
  -> Building H matrices:    892/4460 rays ( 20.0%)
  -> Building H matrices:   1338/4460 rays ( 30.0%)
  -> Building H matrices:   1784/4460 rays ( 40.0%)
  -> Building H matrices:   2230/4460 rays ( 50.0%)
  -> Building H matrices:   2676/4460 rays ( 60.0%)
  -> Building H matrices:   3122/4460 rays ( 70.0%)
  -> Building H matrices:   3568/4460 rays ( 80.0%)
  -> Building H matrices:   4014/4460 rays ( 90.0%)
  -> Building H matrices:   4460/4460 rays (100.0%)
  Combined H shape : (4460, 2128)  (total rays = 4460)
  Skipping sequential KF assimilation (run_sequential=False).
  Running joint (batch) KF assimilation …
  Prior RMSE  : 42.148 TECU
  Post  RMSE  : 23.807 TECU
    [Abel] GN04 09:24: NmF2=6.05e+11 m⁻³  hmF2=284.1 km
    [Abel] GN04 09:25: NmF2=4.81e+11 m⁻³  hmF2=317.9 km
    [Abel] GN04 09:23: NmF2=3.39e+11 m⁻³  hmF2=397.2 km
    [Abel] GN04 09:26: NmF2=8.10e+10 m⁻³  hmF2=570.9 km
    [Abel] YM08 09:08: NmF2=1.80e+11 m⁻³  hmF2=481.6 km
    [Abel] YM08 09:08: NmF2=1.80e+11 m⁻³  hmF2=481.6 km
    [Abel] GN04 09:30: NmF2=2.15e+11 m⁻³  hmF2=487.0 km
    [Abel] GN04 09:27: NmF2=6.84e+10 m⁻³  hmF2=573.5 km
    [Abel] GN04 09:26: NmF2=1.52e+11 m⁻³  hmF2=557.2 km
    [Abel] GN04 09:37: NmF2=7.61e+11 m⁻³  hmF2=276.9 km
    [Abel] GN04 09:26: NmF2=2.45e+11 m⁻³  hmF2=511.8 km
    [Abel] GN05 09:42: NmF2=6.86e+11 m⁻³  hmF2=286.0 km
    [Abel] GN05 09:41: NmF2=5.00e+11 m⁻³  hmF2=352.2 km
    [Abel] GN04 09:16: NmF2=3.93e+11 m⁻³  hmF2=306.7 km
    [Abel] GN04 09:16: NmF2=5.99e+11 m⁻³  hmF2=270.9 km
    [Abel] YM08 09:24: NmF2=3.29e+11 m⁻³  hmF2=314.9 km
    [Abel] YM08 09:16: NmF2=3.46e+11 m⁻³  hmF2=466.4 km
    [Abel] YM08 09:17: NmF2=1.13e+11 m⁻³  hmF2=528.5 km
    [Abel] GN04 09:19: NmF2=5.87e+11 m⁻³  hmF2=309.1 km
    [Abel] GN05 09:43: NmF2=3.93e+10 m⁻³  hmF2=576.5 km
    [Abel] GN05 09:46: NmF2=4.50e+11 m⁻³  hmF2=294.2 km
    [Abel] GN05 09:49: NmF2=1.49e+11 m⁻³  hmF2=556.4 km
    [Abel] GN05 09:44: NmF2=1.83e+11 m⁻³  hmF2=518.4 km
    [Abel] GN05 09:52: NmF2=7.25e+11 m⁻³  hmF2=275.8 km
    [Abel] GN05 09:30: NmF2=3.43e+11 m⁻³  hmF2=362.8 km
    [Abel] GN05 09:32: NmF2=5.88e+11 m⁻³  hmF2=291.4 km
    [Abel] GN05 09:33: NmF2=5.10e+11 m⁻³  hmF2=319.5 km
    [Abel] GN05 09:34: NmF2=6.12e+11 m⁻³  hmF2=291.6 km
    [Abel] GN05 09:34: NmF2=6.12e+11 m⁻³  hmF2=291.6 km
    [Abel] Skipped 23 ground-station arc(s) (RO-only technique)
/home/austinhunter/Downloads/PlanetiQ_Code/venv311/lib/python3.11/site-packages/shapely/creation.py:218: RuntimeWarning: invalid value encountered in linestrings
  return lib.linestrings(coords, np.intc(handle_nan), out=out, **kwargs)
◀◀◀ _run_or_load END   | 2025-08-27_0912 | bin=55  | ro_igs    | gridded_kf     : DONE       (42.6s) -> status=Success
▶▶▶ _run_or_load START | 2025-08-27_0912 | bin=55  | igs_only  | gridded_kf    
    [diag] 2025-08-27_0912 | bin=55  | igs_only  | gridded_kf     : RUNNING    (force=True, cached=False) ...
    [Info] Initialising information matrix (n_state=11550) …
    [Info] arcs ingested = 23/23  |  obs rows = 23  |  Λ cond ≈ 2.48e+23
    [Info] Solving …
    [Prior] innovation  mean=40.75  std=15.76  n_obs=23
    [Post ] innovation  mean=31.43  std=13.48
    RMSE:  prior=43.692 TECU  →  post=34.201 TECU
◀◀◀ _run_or_load END   | 2025-08-27_0912 | bin=55  | igs_only  | gridded_kf     : DONE       (50.0s) -> status=ok (no 'status' key)
▶▶▶ _run_or_load START | 2025-08-27_0912 | bin=55  | ro_only   | parametric_ekf
    [diag] 2025-08-27_0912 | bin=55  | ro_only   | parametric_ekf : RUNNING    (force=True, cached=False) ...
  [EKF] Building IRI state at 38 grid points (batch call) …
  [EnKF] Estimating background covariance from 50 EDP samples x 38 grid points ...
  [EnKF] Parameter sigma: log10(NmF2)=0.15  hmF2=20  H0=15  gamma=0.15  B0=20  B1=0.3  log10(NmE)=0.2  hmE=8
  [EnKF] Spatial corr (Ne-space KF method): mean=0.976  max=1.000  min=0.835
  [EKF] Running EKF_Param on 29 arc(s) …
  [EKF] 29 arcs  |  4437 profile rays  |  2351 update rays  |  n_state = 304
  [EKF] Prior innovations  mean=-30.25  std=28.97  max_abs=93.27 TECU
  [EKF] stage 1/1: free=[log10(NmF2),hmF2,H0,gamma,B0,log10(NmE)] (6/8 params)
  [EKF] iterating [analytical]:   0%|          | 0/20 [00:00<?, ?it/s]  [EKF] iterating [analytical]:   0%|          | 0/20 [00:05<?, ?it/s, RMSE=41.886TECU, a=0.25, rel_dP=5.15e-02]  [EKF] iterating [analytical]:   5%|5         | 1/20 [00:05<01:48,  5.69s/it, RMSE=41.886TECU, a=0.25, rel_dP=5.15e-02]  [EKF] iterating [analytical]:   5%|5         | 1/20 [00:11<01:48,  5.69s/it, RMSE=33.474TECU, a=0.33, rel_dP=5.75e-02]  [EKF] iterating [analytical]:  10%|#         | 2/20 [00:11<01:40,  5.56s/it, RMSE=33.474TECU, a=0.33, rel_dP=5.75e-02]  [EKF] iterating [analytical]:  10%|#         | 2/20 [00:16<01:40,  5.56s/it, RMSE=27.150TECU, a=0.42, rel_dP=5.34e-02]  [EKF] iterating [analytical]:  15%|#5        | 3/20 [00:16<01:34,  5.53s/it, RMSE=27.150TECU, a=0.42, rel_dP=5.34e-02]  [EKF] iterating [analytical]:  15%|#5        | 3/20 [00:22<01:34,  5.53s/it, RMSE=23.074TECU, a=0.55, rel_dP=4.68e-02]  [EKF] iterating [analytical]:  20%|##        | 4/20 [00:22<01:30,  5.65s/it, RMSE=23.074TECU, a=0.55, rel_dP=4.68e-02]  [EKF] iterating [analytical]:  20%|##        | 4/20 [00:28<01:30,  5.65s/it, RMSE=21.647TECU, a=0.71, rel_dP=3.22e-02]  [EKF] iterating [analytical]:  25%|##5       | 5/20 [00:28<01:24,  5.62s/it, RMSE=21.647TECU, a=0.71, rel_dP=3.22e-02]  [EKF] iterating [analytical]:  25%|##5       | 5/20 [00:33<01:24,  5.62s/it, RMSE=21.210TECU, a=0.93, rel_dP=2.50e-02]  [EKF] iterating [analytical]:  30%|###       | 6/20 [00:33<01:17,  5.57s/it, RMSE=21.210TECU, a=0.93, rel_dP=2.50e-02]  [EKF] iterating [analytical]:  30%|###       | 6/20 [00:38<01:17,  5.57s/it, RMSE=21.066TECU, a=1.00, rel_dP=1.87e-02]  [EKF] iterating [analytical]:  35%|###5      | 7/20 [00:38<01:11,  5.54s/it, RMSE=21.066TECU, a=1.00, rel_dP=1.87e-02]  [EKF] iterating [analytical]:  35%|###5      | 7/20 [00:44<01:11,  5.54s/it, RMSE=21.066TECU, a=0.50, note=reject]      [EKF] iterating [analytical]:  40%|####      | 8/20 [00:44<01:05,  5.43s/it, RMSE=21.066TECU, a=0.50, note=reject]  [EKF] iterating [analytical]:  40%|####      | 8/20 [00:49<01:05,  5.43s/it, RMSE=21.066TECU, a=0.65, rel_dP=1.22e-02]  [EKF] iterating [analytical]:  45%|####5     | 9/20 [00:49<00:59,  5.43s/it, RMSE=21.066TECU, a=0.65, rel_dP=1.22e-02]  [EKF] iterating [analytical]:  45%|####5     | 9/20 [00:54<00:59,  5.43s/it, RMSE=21.066TECU, a=0.33, note=reject]      [EKF] iterating [analytical]:  50%|#####     | 10/20 [00:54<00:53,  5.35s/it, RMSE=21.066TECU, a=0.33, note=reject]  [EKF] iterating [analytical]:  50%|#####     | 10/20 [01:00<00:53,  5.35s/it, RMSE=21.066TECU, a=0.42, rel_dP=7.92e-03]  [EKF] iterating [analytical]:  55%|#####5    | 11/20 [01:00<00:48,  5.37s/it, RMSE=21.066TECU, a=0.42, rel_dP=7.92e-03]  [EKF] iterating [analytical]:  55%|#####5    | 11/20 [01:05<00:48,  5.37s/it, RMSE=21.066TECU, a=0.21, note=reject]      [EKF] iterating [analytical]:  60%|######    | 12/20 [01:05<00:42,  5.32s/it, RMSE=21.066TECU, a=0.21, note=reject]  [EKF] iterating [analytical]:  60%|######    | 12/20 [01:10<00:42,  5.32s/it, RMSE=21.066TECU, a=0.27, rel_dP=5.15e-03]  [EKF] iterating [analytical]:  65%|######5   | 13/20 [01:10<00:37,  5.33s/it, RMSE=21.066TECU, a=0.27, rel_dP=5.15e-03]  [EKF] iterating [analytical]:  65%|######5   | 13/20 [01:15<00:37,  5.33s/it, RMSE=21.066TECU, a=0.14, note=reject]      [EKF] iterating [analytical]:  70%|#######   | 14/20 [01:15<00:31,  5.28s/it, RMSE=21.066TECU, a=0.14, note=reject]  [EKF] iterating [analytical]:  70%|#######   | 14/20 [01:21<00:31,  5.28s/it, RMSE=21.066TECU, a=0.18, rel_dP=3.34e-03]  [EKF] iterating [analytical]:  75%|#######5  | 15/20 [01:21<00:27,  5.42s/it, RMSE=21.066TECU, a=0.18, rel_dP=3.34e-03]  [EKF] iterating [analytical]:  75%|#######5  | 15/20 [01:26<00:27,  5.42s/it, RMSE=21.066TECU, a=0.09, note=reject]      [EKF] iterating [analytical]:  80%|########  | 16/20 [01:26<00:21,  5.34s/it, RMSE=21.066TECU, a=0.09, note=reject]  [EKF] iterating [analytical]:  80%|########  | 16/20 [01:32<00:21,  5.34s/it, RMSE=21.066TECU, a=0.12, rel_dP=2.17e-03]  [EKF] iterating [analytical]:  85%|########5 | 17/20 [01:32<00:16,  5.36s/it, RMSE=21.066TECU, a=0.12, rel_dP=2.17e-03]  [EKF] iterating [analytical]:  85%|########5 | 17/20 [01:37<00:16,  5.36s/it, RMSE=21.066TECU, a=0.06, note=reject]      [EKF] iterating [analytical]:  90%|######### | 18/20 [01:37<00:10,  5.31s/it, RMSE=21.066TECU, a=0.06, note=reject]  [EKF] iterating [analytical]:  90%|######### | 18/20 [01:42<00:10,  5.31s/it, RMSE=21.066TECU, a=0.08, rel_dP=1.41e-03]  [EKF] iterating [analytical]:  95%|#########5| 19/20 [01:42<00:05,  5.37s/it, RMSE=21.066TECU, a=0.08, rel_dP=1.41e-03]  [EKF] iterating [analytical]:  95%|#########5| 19/20 [01:48<00:05,  5.37s/it, RMSE=21.066TECU, a=0.04, note=reject]      [EKF] iterating [analytical]: 100%|##########| 20/20 [01:48<00:00,  5.35s/it, RMSE=21.066TECU, a=0.04, note=reject]                                                                                                                       [EKF] stage 1 reached max_iter=20 without convergence  (final ||ΔP||/||P|| = 1.41e-03, RMSE=21.08TECU vs tol 5.0)
  [EKF] Posterior innovations  mean=-0.82  std=21.05  max_abs=63.49 TECU
  [EKF] Prior RMSE 42.150 TECU  →  Post RMSE 20.435 TECU
  Saved EKF convergence plot → /home/austinhunter/IonosphereTomography/Figures/ISR_DA_Comparison/OUTPUT/2025-08-27_0912/bin_55/ro_only/2025-08-27_0912_ro_only_ekf_convergence.png
◀◀◀ _run_or_load END   | 2025-08-27_0912 | bin=55  | ro_only   | parametric_ekf : DONE       (143.3s) -> status=Success
▶▶▶ _run_or_load START | 2025-08-27_0912 | bin=55  | ro_igs    | parametric_ekf
    [diag] 2025-08-27_0912 | bin=55  | ro_igs    | parametric_ekf : RUNNING    (force=True, cached=False) ...
  [EKF] Building IRI state at 38 grid points (batch call) …
  [EnKF] Estimating background covariance from 50 EDP samples x 38 grid points ...
  [EnKF] Parameter sigma: log10(NmF2)=0.15  hmF2=20  H0=15  gamma=0.15  B0=20  B1=0.3  log10(NmE)=0.2  hmE=8
  [EnKF] Spatial corr (Ne-space KF method): mean=0.976  max=1.000  min=0.835
  [EKF] Running EKF_Param on 52 arc(s) …
  [EKF] 52 arcs  |  4460 profile rays  |  2374 update rays  |  n_state = 304
  [EKF] Prior innovations  mean=-29.65  std=29.51  max_abs=93.27 TECU
  [EKF] stage 1/1: free=[log10(NmF2),hmF2,H0,gamma,B0,log10(NmE)] (6/8 params)
  [EKF] iterating [analytical]:   0%|          | 0/20 [00:00<?, ?it/s]  [EKF] iterating [analytical]:   0%|          | 0/20 [00:05<?, ?it/s, RMSE=41.829TECU, a=0.25, rel_dP=5.33e-02]  [EKF] iterating [analytical]:   5%|5         | 1/20 [00:05<01:44,  5.49s/it, RMSE=41.829TECU, a=0.25, rel_dP=5.33e-02]  [EKF] iterating [analytical]:   5%|5         | 1/20 [00:11<01:44,  5.49s/it, RMSE=33.462TECU, a=0.33, rel_dP=5.93e-02]  [EKF] iterating [analytical]:  10%|#         | 2/20 [00:11<01:39,  5.53s/it, RMSE=33.462TECU, a=0.33, rel_dP=5.93e-02]  [EKF] iterating [analytical]:  10%|#         | 2/20 [00:16<01:39,  5.53s/it, RMSE=27.284TECU, a=0.42, rel_dP=5.41e-02]  [EKF] iterating [analytical]:  15%|#5        | 3/20 [00:16<01:33,  5.51s/it, RMSE=27.284TECU, a=0.42, rel_dP=5.41e-02]  [EKF] iterating [analytical]:  15%|#5        | 3/20 [00:22<01:33,  5.51s/it, RMSE=23.326TECU, a=0.55, rel_dP=4.65e-02]  [EKF] iterating [analytical]:  20%|##        | 4/20 [00:22<01:28,  5.51s/it, RMSE=23.326TECU, a=0.55, rel_dP=4.65e-02]  [EKF] iterating [analytical]:  20%|##        | 4/20 [00:27<01:28,  5.51s/it, RMSE=21.799TECU, a=0.71, rel_dP=3.39e-02]  [EKF] iterating [analytical]:  25%|##5       | 5/20 [00:27<01:22,  5.49s/it, RMSE=21.799TECU, a=0.71, rel_dP=3.39e-02]  [EKF] iterating [analytical]:  25%|##5       | 5/20 [00:32<01:22,  5.49s/it, RMSE=21.289TECU, a=0.93, rel_dP=2.45e-02]  [EKF] iterating [analytical]:  30%|###       | 6/20 [00:32<01:16,  5.48s/it, RMSE=21.289TECU, a=0.93, rel_dP=2.45e-02]  [EKF] iterating [analytical]:  30%|###       | 6/20 [00:38<01:16,  5.48s/it, RMSE=21.036TECU, a=1.00, rel_dP=1.68e-02]  [EKF] iterating [analytical]:  35%|###5      | 7/20 [00:38<01:11,  5.47s/it, RMSE=21.036TECU, a=1.00, rel_dP=1.68e-02]  [EKF] iterating [analytical]:  35%|###5      | 7/20 [00:43<01:11,  5.47s/it, RMSE=20.951TECU, a=1.00, rel_dP=1.25e-02]  [EKF] iterating [analytical]:  40%|####      | 8/20 [00:43<01:05,  5.50s/it, RMSE=20.951TECU, a=1.00, rel_dP=1.25e-02]  [EKF] iterating [analytical]:  40%|####      | 8/20 [00:49<01:05,  5.50s/it, RMSE=20.951TECU, a=0.50, note=reject]      [EKF] iterating [analytical]:  45%|####5     | 9/20 [00:49<00:59,  5.43s/it, RMSE=20.951TECU, a=0.50, note=reject]  [EKF] iterating [analytical]:  45%|####5     | 9/20 [00:54<00:59,  5.43s/it, RMSE=20.951TECU, a=0.65, rel_dP=8.10e-03]  [EKF] iterating [analytical]:  50%|#####     | 10/20 [00:54<00:54,  5.44s/it, RMSE=20.951TECU, a=0.65, rel_dP=8.10e-03]  [EKF] iterating [analytical]:  50%|#####     | 10/20 [00:59<00:54,  5.44s/it, RMSE=20.951TECU, a=0.33, note=reject]      [EKF] iterating [analytical]:  55%|#####5    | 11/20 [00:59<00:48,  5.37s/it, RMSE=20.951TECU, a=0.33, note=reject]  [EKF] iterating [analytical]:  55%|#####5    | 11/20 [01:05<00:48,  5.37s/it, RMSE=20.951TECU, a=0.42, rel_dP=5.27e-03]  [EKF] iterating [analytical]:  60%|######    | 12/20 [01:05<00:43,  5.39s/it, RMSE=20.951TECU, a=0.42, rel_dP=5.27e-03]  [EKF] iterating [analytical]:  60%|######    | 12/20 [01:10<00:43,  5.39s/it, RMSE=20.951TECU, a=0.21, note=reject]      [EKF] iterating [analytical]:  65%|######5   | 13/20 [01:10<00:37,  5.35s/it, RMSE=20.951TECU, a=0.21, note=reject]  [EKF] iterating [analytical]:  65%|######5   | 13/20 [01:16<00:37,  5.35s/it, RMSE=20.951TECU, a=0.27, rel_dP=3.42e-03]  [EKF] iterating [analytical]:  70%|#######   | 14/20 [01:16<00:32,  5.37s/it, RMSE=20.951TECU, a=0.27, rel_dP=3.42e-03]  [EKF] iterating [analytical]:  70%|#######   | 14/20 [01:21<00:32,  5.37s/it, RMSE=20.951TECU, a=0.14, note=reject]      [EKF] iterating [analytical]:  75%|#######5  | 15/20 [01:21<00:26,  5.32s/it, RMSE=20.951TECU, a=0.14, note=reject]  [EKF] iterating [analytical]:  75%|#######5  | 15/20 [01:26<00:26,  5.32s/it, RMSE=20.951TECU, a=0.18, rel_dP=2.23e-03]  [EKF] iterating [analytical]:  80%|########  | 16/20 [01:26<00:21,  5.35s/it, RMSE=20.951TECU, a=0.18, rel_dP=2.23e-03]  [EKF] iterating [analytical]:  80%|########  | 16/20 [01:31<00:21,  5.35s/it, RMSE=20.951TECU, a=0.09, note=reject]      [EKF] iterating [analytical]:  85%|########5 | 17/20 [01:31<00:15,  5.32s/it, RMSE=20.951TECU, a=0.09, note=reject]  [EKF] iterating [analytical]:  85%|########5 | 17/20 [01:37<00:15,  5.32s/it, RMSE=20.951TECU, a=0.12, rel_dP=1.45e-03]  [EKF] iterating [analytical]:  90%|######### | 18/20 [01:37<00:10,  5.37s/it, RMSE=20.951TECU, a=0.12, rel_dP=1.45e-03]  [EKF] iterating [analytical]:  90%|######### | 18/20 [01:42<00:10,  5.37s/it, RMSE=20.951TECU, a=0.06, note=reject]      [EKF] iterating [analytical]:  95%|#########5| 19/20 [01:42<00:05,  5.33s/it, RMSE=20.951TECU, a=0.06, note=reject]  [EKF] iterating [analytical]:  95%|#########5| 19/20 [01:48<00:05,  5.33s/it, RMSE=20.951TECU, a=0.08, rel_dP=9.40e-04]  [EKF] iterating [analytical]: 100%|##########| 20/20 [01:48<00:00,  5.38s/it, RMSE=20.951TECU, a=0.08, rel_dP=9.40e-04]                                                                                                                           [EKF] stage 1 reached max_iter=20 without convergence  (final ||ΔP||/||P|| = 9.40e-04, RMSE=20.95TECU vs tol 5.0)
  [EKF] Posterior innovations  mean=-0.37  std=20.97  max_abs=65.85 TECU
  [EKF] Prior RMSE 42.119 TECU  →  Post RMSE 20.203 TECU
  Saved EKF convergence plot → /home/austinhunter/IonosphereTomography/Figures/ISR_DA_Comparison/OUTPUT/2025-08-27_0912/bin_55/ro_igs/2025-08-27_0912_ro_igs_ekf_convergence.png
◀◀◀ _run_or_load END   | 2025-08-27_0912 | bin=55  | ro_igs    | parametric_ekf : DONE       (141.4s) -> status=Success
▶▶▶ _run_or_load START | 2025-08-27_0912 | bin=55  | igs_only  | parametric_ekf
    [diag] 2025-08-27_0912 | bin=55  | igs_only  | parametric_ekf : RUNNING    (force=True, cached=False) ...
  [EKF] Building IRI state at 210 grid points (batch call) …
  [EnKF] Estimating background covariance from 500 EDP samples x 210 grid points ...
  [EnKF] Parameter sigma: log10(NmF2)=0.15  hmF2=20  H0=15  gamma=0.15  B0=20  B1=0.3  log10(NmE)=0.2  hmE=8
  [EnKF] Spatial corr (Ne-space KF method): mean=0.962  max=1.000  min=0.178
  [EKF] Running EKF_Param on 23 arc(s) …
  [EKF] 23 arcs  |  23 profile rays  |  23 update rays  |  n_state = 1680
  [EKF] Prior innovations  mean=30.75  std=16.05  max_abs=55.13 TECU
  [EKF] stage 1/1: free=[log10(NmF2),hmF2,H0,gamma,B0,log10(NmE)] (6/8 params)
  [EKF] iterating [analytical]:   0%|          | 0/20 [00:00<?, ?it/s]  [EKF] iterating [analytical]:   0%|          | 0/20 [00:00<?, ?it/s, RMSE=34.685TECU, a=0.25, rel_dP=7.48e-03]  [EKF] iterating [analytical]:   0%|          | 0/20 [00:00<?, ?it/s, RMSE=28.651TECU, a=0.33, rel_dP=7.60e-03]  [EKF] iterating [analytical]:  10%|#         | 2/20 [00:00<00:01,  9.81it/s, RMSE=28.651TECU, a=0.33, rel_dP=7.60e-03]  [EKF] iterating [analytical]:  10%|#         | 2/20 [00:00<00:01,  9.81it/s, RMSE=23.348TECU, a=0.42, rel_dP=9.71e-03]  [EKF] iterating [analytical]:  15%|#5        | 3/20 [00:00<00:01,  9.01it/s, RMSE=23.348TECU, a=0.42, rel_dP=9.71e-03]  [EKF] iterating [analytical]:  15%|#5        | 3/20 [00:00<00:01,  9.01it/s, RMSE=19.921TECU, a=0.55, rel_dP=9.47e-03]  [EKF] iterating [analytical]:  20%|##        | 4/20 [00:00<00:01,  8.39it/s, RMSE=19.921TECU, a=0.55, rel_dP=9.47e-03]  [EKF] iterating [analytical]:  20%|##        | 4/20 [00:00<00:01,  8.39it/s, RMSE=18.407TECU, a=0.71, rel_dP=1.50e-02]  [EKF] iterating [analytical]:  25%|##5       | 5/20 [00:00<00:01,  8.46it/s, RMSE=18.407TECU, a=0.71, rel_dP=1.50e-02]  [EKF] iterating [analytical]:  25%|##5       | 5/20 [00:00<00:01,  8.46it/s, RMSE=18.003TECU, a=0.93, rel_dP=1.47e-02]  [EKF] iterating [analytical]:  30%|###       | 6/20 [00:00<00:01,  8.51it/s, RMSE=18.003TECU, a=0.93, rel_dP=1.47e-02]  [EKF] iterating [analytical]:  30%|###       | 6/20 [00:00<00:01,  8.51it/s, RMSE=17.934TECU, a=1.00, rel_dP=1.66e-02]  [EKF] iterating [analytical]:  35%|###5      | 7/20 [00:00<00:01,  8.65it/s, RMSE=17.934TECU, a=1.00, rel_dP=1.66e-02]  [EKF] iterating [analytical]:  35%|###5      | 7/20 [00:00<00:01,  8.65it/s, RMSE=17.904TECU, a=1.00, rel_dP=1.36e-02]  [EKF] iterating [analytical]:  40%|####      | 8/20 [00:00<00:01,  8.45it/s, RMSE=17.904TECU, a=1.00, rel_dP=1.36e-02]  [EKF] iterating [analytical]:  40%|####      | 8/20 [00:01<00:01,  8.45it/s, RMSE=17.884TECU, a=1.00, rel_dP=1.49e-02]  [EKF] iterating [analytical]:  45%|####5     | 9/20 [00:01<00:01,  8.18it/s, RMSE=17.884TECU, a=1.00, rel_dP=1.49e-02]  [EKF] iterating [analytical]:  45%|####5     | 9/20 [00:01<00:01,  8.18it/s, RMSE=17.856TECU, a=1.00, rel_dP=1.47e-02]  [EKF] iterating [analytical]:  50%|#####     | 10/20 [00:01<00:01,  8.14it/s, RMSE=17.856TECU, a=1.00, rel_dP=1.47e-02]  [EKF] iterating [analytical]:  50%|#####     | 10/20 [00:01<00:01,  8.14it/s, RMSE=17.829TECU, a=1.00, rel_dP=1.49e-02]  [EKF] iterating [analytical]:  55%|#####5    | 11/20 [00:01<00:01,  8.12it/s, RMSE=17.829TECU, a=1.00, rel_dP=1.49e-02]  [EKF] iterating [analytical]:  55%|#####5    | 11/20 [00:01<00:01,  8.12it/s, RMSE=17.803TECU, a=1.00, rel_dP=1.47e-02]  [EKF] iterating [analytical]:  60%|######    | 12/20 [00:01<00:00,  8.19it/s, RMSE=17.803TECU, a=1.00, rel_dP=1.47e-02]  [EKF] iterating [analytical]:  60%|######    | 12/20 [00:01<00:00,  8.19it/s, RMSE=17.780TECU, a=1.00, rel_dP=1.37e-02]  [EKF] iterating [analytical]:  65%|######5   | 13/20 [00:01<00:00,  8.31it/s, RMSE=17.780TECU, a=1.00, rel_dP=1.37e-02]  [EKF] iterating [analytical]:  65%|######5   | 13/20 [00:01<00:00,  8.31it/s, RMSE=17.755TECU, a=1.00, rel_dP=1.33e-02]  [EKF] iterating [analytical]:  70%|#######   | 14/20 [00:01<00:00,  8.32it/s, RMSE=17.755TECU, a=1.00, rel_dP=1.33e-02]  [EKF] iterating [analytical]:  70%|#######   | 14/20 [00:01<00:00,  8.32it/s, RMSE=17.731TECU, a=1.00, rel_dP=1.67e-02]  [EKF] iterating [analytical]:  75%|#######5  | 15/20 [00:01<00:00,  8.32it/s, RMSE=17.731TECU, a=1.00, rel_dP=1.67e-02]  [EKF] iterating [analytical]:  75%|#######5  | 15/20 [00:01<00:00,  8.32it/s, RMSE=17.698TECU, a=1.00, rel_dP=1.54e-02]  [EKF] iterating [analytical]:  80%|########  | 16/20 [00:01<00:00,  8.17it/s, RMSE=17.698TECU, a=1.00, rel_dP=1.54e-02]  [EKF] iterating [analytical]:  80%|########  | 16/20 [00:02<00:00,  8.17it/s, RMSE=17.674TECU, a=1.00, rel_dP=1.03e-02]  [EKF] iterating [analytical]:  85%|########5 | 17/20 [00:02<00:00,  8.21it/s, RMSE=17.674TECU, a=1.00, rel_dP=1.03e-02]  [EKF] iterating [analytical]:  85%|########5 | 17/20 [00:02<00:00,  8.21it/s, RMSE=17.657TECU, a=1.00, rel_dP=1.22e-02]  [EKF] iterating [analytical]:  90%|######### | 18/20 [00:02<00:00,  8.36it/s, RMSE=17.657TECU, a=1.00, rel_dP=1.22e-02]  [EKF] iterating [analytical]:  90%|######### | 18/20 [00:02<00:00,  8.36it/s, RMSE=17.636TECU, a=1.00, rel_dP=1.38e-02]  [EKF] iterating [analytical]:  95%|#########5| 19/20 [00:02<00:00,  8.41it/s, RMSE=17.636TECU, a=1.00, rel_dP=1.38e-02]  [EKF] iterating [analytical]:  95%|#########5| 19/20 [00:02<00:00,  8.41it/s, RMSE=17.608TECU, a=1.00, rel_dP=1.64e-02]  [EKF] iterating [analytical]: 100%|##########| 20/20 [00:02<00:00,  8.56it/s, RMSE=17.608TECU, a=1.00, rel_dP=1.64e-02]                                                                                                                           [EKF] stage 1 reached max_iter=20 without convergence  (final ||ΔP||/||P|| = 1.64e-02, RMSE=17.61TECU vs tol 5.0)
  [EKF] Posterior innovations  mean=1.80  std=17.48  max_abs=29.88 TECU
  [EKF] Prior RMSE 34.685 TECU  →  Post RMSE 17.574 TECU
  Saved EKF convergence plot → /home/austinhunter/IonosphereTomography/Figures/ISR_DA_Comparison/OUTPUT/2025-08-27_0912/bin_55/igs_only/2025-08-27_0912_igs_only_ekf_convergence.png
◀◀◀ _run_or_load END   | 2025-08-27_0912 | bin=55  | igs_only  | parametric_ekf : DONE       (564.0s) -> status=ok (no 'status' key)
  [diag] 2025-08-27_0912 | bin=55 : summary of 6 obs_mode/filter_type combos
           ro_only   | gridded_kf     -> Success
           ro_only   | parametric_ekf -> Success
           ro_igs    | gridded_kf     -> Success
           ro_igs    | parametric_ekf -> Success
           igs_only  | gridded_kf     -> ok (no 'status' key)
           igs_only  | parametric_ekf -> ok (no 'status' key)

▶▶▶ compute_isr_metrics START | group=2025-08-27_0912 bin=55
◀◀◀ compute_isr_metrics END   | group=2025-08-27_0912 bin=55 -> 0 metric row(s)

▶▶▶ _plot_group_all_modes START | group=2025-08-27_0912
  [diag] 2025-08-27_0912/ro_igs/gridded_kf: arc-innovation panels thinned to 29 RO + 20/23 representative IGS arcs (of 52 total)
  [diag] 2025-08-27_0912/ro_igs/parametric_ekf: arc-innovation panels thinned to 29 RO + 20/23 representative IGS arcs (of 52 total)
  [diag] 2025-08-27_0912/igs_only/gridded_kf: arc-innovation panels thinned to 0 RO + 20/23 representative IGS arcs (of 23 total)
  [diag] 2025-08-27_0912/igs_only/parametric_ekf: arc-innovation panels thinned to 0 RO + 20/23 representative IGS arcs (of 23 total)
/home/austinhunter/Downloads/PlanetiQ_Code/venv311/lib/python3.11/site-packages/shapely/creation.py:218: RuntimeWarning: invalid value encountered in linestrings
  return lib.linestrings(coords, np.intc(handle_nan), out=out, **kwargs)
/home/austinhunter/IonosphereTomography/plotIonosphereTomography.py:3914: UserWarning: This figure includes Axes that are not compatible with tight_layout, so results might be incorrect.
  plt.tight_layout(rect=[0, 0, 1, 0.98])
/home/austinhunter/IonosphereTomography/plotIonosphereTomography.py:3914: UserWarning: This figure includes Axes that are not compatible with tight_layout, so results might be incorrect.
  plt.tight_layout(rect=[0, 0, 1, 0.98])
/home/austinhunter/IonosphereTomography/plotIonosphereTomography.py:3914: UserWarning: This figure includes Axes that are not compatible with tight_layout, so results might be incorrect.
  plt.tight_layout(rect=[0, 0, 1, 0.98])
◀◀◀ _plot_group_all_modes END   | group=2025-08-27_0912
No valid descending tangent points found. Skipping.
No valid descending tangent points found. Skipping.
No valid descending tangent points found. Skipping.
No valid descending tangent points found. Skipping.
No valid descending tangent points found. Skipping.
No valid descending tangent points found. Skipping.
No valid descending tangent points found. Skipping.
No valid descending tangent points found. Skipping.
No valid descending tangent points found. Skipping.
No valid descending tangent points found. Skipping.
No valid descending tangent points found. Skipping.
No valid descending tangent points found. Skipping.
No valid descending tangent points found. Skipping.
No valid descending tangent points found. Skipping.
No valid descending tangent points found. Skipping.
No valid descending tangent points found. Skipping.
No valid descending tangent points found. Skipping.
No valid descending tangent points found. Skipping.
No valid descending tangent points found. Skipping.
No valid descending tangent points found. Skipping.
No valid descending tangent points found. Skipping.
▶▶▶ _run_or_load START | 2025-08-27_0912 | bin=45  | ro_only   | gridded_kf    
    [diag] 2025-08-27_0912 | bin=45  | ro_only   | gridded_kf     : RUNNING    (force=True, cached=False) ...

────────────────────────────────────────────────────────────
  Group : 2025-08-27_0912
  Window: 2025-08-27_0912  |  Region: POLAR_N  |  45 occultation(s)
────────────────────────────────────────────────────────────
No valid descending tangent points found. Skipping.
    [skip] podTc2_YM08.2025.239.09.00.0010.E34.01_0000.0001_nc — parse returned None
No valid descending tangent points found. Skipping.
    [skip] podTc2_GN04.2025.239.09.08.0018.C35.01_0000.0001_nc — parse returned None
No valid descending tangent points found. Skipping.
    [skip] podTc2_YM08.2025.239.09.08.0008.G12.00_0000.0001_nc — parse returned None
No valid descending tangent points found. Skipping.
    [skip] podTc2_GN04.2025.239.09.09.0017.E31.01_0000.0001_nc — parse returned None
No valid descending tangent points found. Skipping.
    [skip] podTc2_GN04.2025.239.09.10.0019.G25.01_0000.0001_nc — parse returned None
No valid descending tangent points found. Skipping.
    [skip] podTc2_GN04.2025.239.09.10.0016.E26.01_0000.0001_nc — parse returned None
No valid descending tangent points found. Skipping.
    [skip] podTc2_GN04.2025.239.09.10.0017.E26.01_0000.0001_nc — parse returned None
No valid descending tangent points found. Skipping.
    [skip] podTc2_GN04.2025.239.09.10.0015.G12.01_0000.0001_nc — parse returned None
No valid descending tangent points found. Skipping.
    [skip] podTc2_GN04.2025.239.09.12.0017.G32.01_0000.0001_nc — parse returned None
No valid descending tangent points found. Skipping.
    [skip] podTc2_GN04.2025.239.09.12.0014.G32.01_0000.0001_nc — parse returned None
No valid descending tangent points found. Skipping.
    [skip] podTc2_YM08.2025.239.09.12.0023.G32.00_0000.0001_nc — parse returned None
No valid descending tangent points found. Skipping.
    [skip] podTc2_GN04.2025.239.09.15.0011.R03.01_0000.0001_nc — parse returned None
No valid descending tangent points found. Skipping.
    [skip] podTc2_GN05.2025.239.09.24.0018.C35.01_0000.0001_nc — parse returned None
No valid descending tangent points found. Skipping.
    [skip] podTc2_GN05.2025.239.09.24.0017.E09.01_0000.0001_nc — parse returned None
No valid descending tangent points found. Skipping.
    [skip] podTc2_GN05.2025.239.09.26.0015.E31.01_0000.0001_nc — parse returned None
No valid descending tangent points found. Skipping.
    [skip] podTc2_GN05.2025.239.09.26.0015.E23.01_0000.0001_nc — parse returned None
No valid descending tangent points found. Skipping.
    [skip] podTc2_GN05.2025.239.09.26.0020.E23.01_0000.0001_nc — parse returned None
No valid descending tangent points found. Skipping.
    [skip] podTc2_GN05.2025.239.09.26.0015.G25.01_0000.0001_nc — parse returned None
No valid descending tangent points found. Skipping.
    [skip] podTc2_GN05.2025.239.09.26.0018.G25.01_0000.0001_nc — parse returned None
No valid descending tangent points found. Skipping.
    [skip] podTc2_GN05.2025.239.09.27.0015.R12.01_0000.0001_nc — parse returned None
No valid descending tangent points found. Skipping.
    [skip] podTc2_GN05.2025.239.09.30.0014.E24.01_0000.0001_nc — parse returned None
  Parsed 24/45 files successfully.
    [podTc2] GN04 09:24 — 452 valid rays → decimated to 151 (stride 3)
    [podTc2] GN04 09:25 — 461 valid rays → decimated to 154 (stride 3)
    [podTc2] YM08 09:21 — 343 valid rays → decimated to 172 (stride 2)
    [podTc2] YM08 09:08 — 200 valid rays → decimated to 200 (stride 1)
    [podTc2] GN04 09:30 — 148 valid rays → decimated to 148 (stride 1)
    [podTc2] GN04 09:27 — 64 valid rays → decimated to 64 (stride 1)
    [skip] YM08 09:09 — only 42 valid rays
    [podTc2] YM08 09:10 — 258 valid rays → decimated to 129 (stride 2)
    [podTc2] GN04 09:30 — 324 valid rays → decimated to 162 (stride 2)
    [podTc2] GN04 09:26 — 102 valid rays → decimated to 102 (stride 1)
    [podTc2] GN04 09:14 — 357 valid rays → decimated to 179 (stride 2)
    [podTc2] GN05 09:42 — 453 valid rays → decimated to 151 (stride 3)
    [podTc2] YM08 09:15 — 424 valid rays → decimated to 142 (stride 3)
    [podTc2] GN04 09:25 — 614 valid rays → decimated to 154 (stride 4)
    [podTc2] YM08 09:17 — 72 valid rays → decimated to 72 (stride 1)
    [podTc2] GN04 09:19 — 360 valid rays → decimated to 180 (stride 2)
    [podTc2] GN05 09:41 — 288 valid rays → decimated to 144 (stride 2)
    [podTc2] GN05 09:43 — 91 valid rays → decimated to 91 (stride 1)
    [podTc2] GN05 09:42 — 78 valid rays → decimated to 78 (stride 1)
    [podTc2] GN05 09:41 — 633 valid rays → decimated to 159 (stride 4)
    [podTc2] GN05 09:52 — 375 valid rays → decimated to 188 (stride 2)
    [skip] GN05 09:46 — only 24 valid rays
    [podTc2] GN05 09:44 — 369 valid rays → decimated to 185 (stride 2)
    [podTc2] GN05 09:42 — 209 valid rays → decimated to 105 (stride 2)
  Bbox lat [23.4, 87.0]  lon [-33.3, 33.8]  |  union vertices: 37
  Final group: 22 occultation(s), 37 union-mesh vertices
  Saved trim diagnostic → /home/austinhunter/IonosphereTomography/Figures/ISR_DA_Comparison/OUTPUT/2025-08-27_0912/bin_45/ro_only/group_2025-08-27_0912_trim.png
  -> Building H matrices (3110 rays across 22 arc(s), single parallel sweep) …
  -> Building H matrices:    311/3110 rays ( 10.0%)
  -> Building H matrices:    622/3110 rays ( 20.0%)
  -> Building H matrices:    933/3110 rays ( 30.0%)
  -> Building H matrices:   1244/3110 rays ( 40.0%)
  -> Building H matrices:   1555/3110 rays ( 50.0%)
  -> Building H matrices:   1866/3110 rays ( 60.0%)
  -> Building H matrices:   2177/3110 rays ( 70.0%)
  -> Building H matrices:   2488/3110 rays ( 80.0%)
  -> Building H matrices:   2799/3110 rays ( 90.0%)
  -> Building H matrices:   3110/3110 rays (100.0%)
  Combined H shape : (3110, 2072)  (total rays = 3110)
  Skipping sequential KF assimilation (run_sequential=False).
  Running joint (batch) KF assimilation …
  Prior RMSE  : 34.784 TECU
  Post  RMSE  : 16.510 TECU
    [Abel] GN04 09:24: NmF2=6.05e+11 m⁻³  hmF2=284.1 km
    [Abel] GN04 09:25: NmF2=4.81e+11 m⁻³  hmF2=317.9 km
    [Abel] YM08 09:21: NmF2=4.55e+11 m⁻³  hmF2=306.6 km
    [Abel] YM08 09:08: NmF2=1.80e+11 m⁻³  hmF2=481.6 km
    [Abel] GN04 09:30: NmF2=2.15e+11 m⁻³  hmF2=487.0 km
    [Abel] GN04 09:27: NmF2=6.84e+10 m⁻³  hmF2=573.5 km
    [Abel] YM08 09:10: NmF2=4.36e+11 m⁻³  hmF2=285.7 km
    [Abel] GN04 09:30: NmF2=5.01e+11 m⁻³  hmF2=363.7 km
    [Abel] GN04 09:26: NmF2=1.52e+11 m⁻³  hmF2=557.2 km
    [Abel] GN04 09:14: NmF2=5.77e+11 m⁻³  hmF2=283.5 km
    [Abel] GN05 09:42: NmF2=6.86e+11 m⁻³  hmF2=286.0 km
    [Abel] YM08 09:15: NmF2=3.72e+11 m⁻³  hmF2=459.4 km
    [Abel] GN04 09:25: NmF2=6.43e+11 m⁻³  hmF2=512.9 km
    [Abel] YM08 09:17: NmF2=1.13e+11 m⁻³  hmF2=528.5 km
    [Abel] GN04 09:19: NmF2=5.87e+11 m⁻³  hmF2=309.1 km
    [Abel] GN05 09:41: NmF2=6.91e+11 m⁻³  hmF2=292.5 km
    [Abel] GN05 09:43: NmF2=3.93e+10 m⁻³  hmF2=576.5 km
    [Abel] GN05 09:42: NmF2=1.32e+11 m⁻³  hmF2=565.4 km
    [Abel] GN05 09:41: NmF2=5.69e+11 m⁻³  hmF2=271.9 km
    [Abel] GN05 09:52: NmF2=7.25e+11 m⁻³  hmF2=275.8 km
    [Abel] GN05 09:44: NmF2=3.59e+11 m⁻³  hmF2=431.8 km
    [Abel] GN05 09:42: NmF2=1.85e+11 m⁻³  hmF2=545.4 km
◀◀◀ _run_or_load END   | 2025-08-27_0912 | bin=45  | ro_only   | gridded_kf     : DONE       (35.0s) -> status=Success
▶▶▶ _run_or_load START | 2025-08-27_0912 | bin=45  | ro_igs    | gridded_kf    
    [diag] 2025-08-27_0912 | bin=45  | ro_igs    | gridded_kf     : RUNNING    (force=True, cached=False) ...

────────────────────────────────────────────────────────────
  Group : 2025-08-27_0912
  Window: 2025-08-27_0912  |  Region: POLAR_N  |  45 occultation(s)
────────────────────────────────────────────────────────────
No valid descending tangent points found. Skipping.
    [skip] podTc2_YM08.2025.239.09.00.0010.E34.01_0000.0001_nc — parse returned None
No valid descending tangent points found. Skipping.
    [skip] podTc2_GN04.2025.239.09.08.0018.C35.01_0000.0001_nc — parse returned None
No valid descending tangent points found. Skipping.
    [skip] podTc2_YM08.2025.239.09.08.0008.G12.00_0000.0001_nc — parse returned None
No valid descending tangent points found. Skipping.
    [skip] podTc2_GN04.2025.239.09.09.0017.E31.01_0000.0001_nc — parse returned None
No valid descending tangent points found. Skipping.
    [skip] podTc2_GN04.2025.239.09.10.0019.G25.01_0000.0001_nc — parse returned None
No valid descending tangent points found. Skipping.
    [skip] podTc2_GN04.2025.239.09.10.0016.E26.01_0000.0001_nc — parse returned None
No valid descending tangent points found. Skipping.
    [skip] podTc2_GN04.2025.239.09.10.0017.E26.01_0000.0001_nc — parse returned None
No valid descending tangent points found. Skipping.
    [skip] podTc2_GN04.2025.239.09.10.0015.G12.01_0000.0001_nc — parse returned None
No valid descending tangent points found. Skipping.
    [skip] podTc2_GN04.2025.239.09.12.0017.G32.01_0000.0001_nc — parse returned None
No valid descending tangent points found. Skipping.
    [skip] podTc2_GN04.2025.239.09.12.0014.G32.01_0000.0001_nc — parse returned None
No valid descending tangent points found. Skipping.
    [skip] podTc2_YM08.2025.239.09.12.0023.G32.00_0000.0001_nc — parse returned None
No valid descending tangent points found. Skipping.
    [skip] podTc2_GN04.2025.239.09.15.0011.R03.01_0000.0001_nc — parse returned None
No valid descending tangent points found. Skipping.
    [skip] podTc2_GN05.2025.239.09.24.0018.C35.01_0000.0001_nc — parse returned None
No valid descending tangent points found. Skipping.
    [skip] podTc2_GN05.2025.239.09.24.0017.E09.01_0000.0001_nc — parse returned None
No valid descending tangent points found. Skipping.
    [skip] podTc2_GN05.2025.239.09.26.0015.E31.01_0000.0001_nc — parse returned None
No valid descending tangent points found. Skipping.
    [skip] podTc2_GN05.2025.239.09.26.0015.E23.01_0000.0001_nc — parse returned None
No valid descending tangent points found. Skipping.
    [skip] podTc2_GN05.2025.239.09.26.0020.E23.01_0000.0001_nc — parse returned None
No valid descending tangent points found. Skipping.
    [skip] podTc2_GN05.2025.239.09.26.0015.G25.01_0000.0001_nc — parse returned None
No valid descending tangent points found. Skipping.
    [skip] podTc2_GN05.2025.239.09.26.0018.G25.01_0000.0001_nc — parse returned None
No valid descending tangent points found. Skipping.
    [skip] podTc2_GN05.2025.239.09.27.0015.R12.01_0000.0001_nc — parse returned None
No valid descending tangent points found. Skipping.
    [skip] podTc2_GN05.2025.239.09.30.0014.E24.01_0000.0001_nc — parse returned None
  Parsed 24/45 files successfully.
    [podTc2] GN04 09:24 — 452 valid rays → decimated to 151 (stride 3)
    [podTc2] GN04 09:25 — 461 valid rays → decimated to 154 (stride 3)
    [podTc2] YM08 09:21 — 343 valid rays → decimated to 172 (stride 2)
    [podTc2] YM08 09:08 — 200 valid rays → decimated to 200 (stride 1)
    [podTc2] GN04 09:30 — 148 valid rays → decimated to 148 (stride 1)
    [podTc2] GN04 09:27 — 64 valid rays → decimated to 64 (stride 1)
    [skip] YM08 09:09 — only 42 valid rays
    [podTc2] YM08 09:10 — 258 valid rays → decimated to 129 (stride 2)
    [podTc2] GN04 09:30 — 324 valid rays → decimated to 162 (stride 2)
    [podTc2] GN04 09:26 — 102 valid rays → decimated to 102 (stride 1)
    [podTc2] GN04 09:14 — 357 valid rays → decimated to 179 (stride 2)
    [podTc2] GN05 09:42 — 453 valid rays → decimated to 151 (stride 3)
    [podTc2] YM08 09:15 — 424 valid rays → decimated to 142 (stride 3)
    [podTc2] GN04 09:25 — 614 valid rays → decimated to 154 (stride 4)
    [podTc2] YM08 09:17 — 72 valid rays → decimated to 72 (stride 1)
    [podTc2] GN04 09:19 — 360 valid rays → decimated to 180 (stride 2)
    [podTc2] GN05 09:41 — 288 valid rays → decimated to 144 (stride 2)
    [podTc2] GN05 09:43 — 91 valid rays → decimated to 91 (stride 1)
    [podTc2] GN05 09:42 — 78 valid rays → decimated to 78 (stride 1)
    [podTc2] GN05 09:41 — 633 valid rays → decimated to 159 (stride 4)
    [podTc2] GN05 09:52 — 375 valid rays → decimated to 188 (stride 2)
    [skip] GN05 09:46 — only 24 valid rays
    [podTc2] GN05 09:44 — 369 valid rays → decimated to 185 (stride 2)
    [podTc2] GN05 09:42 — 209 valid rays → decimated to 105 (stride 2)
  Bbox lat [23.4, 87.0]  lon [-33.3, 33.8]  |  union vertices: 37
  Final group: 22 occultation(s), 37 union-mesh vertices
  Saved trim diagnostic → /home/austinhunter/IonosphereTomography/Figures/ISR_DA_Comparison/OUTPUT/2025-08-27_0912/bin_45/ro_igs/group_2025-08-27_0912_trim.png
  [extra] Injected 23 ground-station arc(s) → total 45 arc(s) in assimilation pool
  -> Building H matrices (3133 rays across 45 arc(s), single parallel sweep) …
  -> Building H matrices:    313/3133 rays ( 10.0%)
  -> Building H matrices:    626/3133 rays ( 20.0%)
  -> Building H matrices:    939/3133 rays ( 30.0%)
  -> Building H matrices:   1252/3133 rays ( 40.0%)
  -> Building H matrices:   1565/3133 rays ( 50.0%)
  -> Building H matrices:   1878/3133 rays ( 59.9%)
  -> Building H matrices:   2191/3133 rays ( 69.9%)
  -> Building H matrices:   2504/3133 rays ( 79.9%)
  -> Building H matrices:   2817/3133 rays ( 89.9%)
  -> Building H matrices:   3130/3133 rays ( 99.9%)
  -> Building H matrices:   3133/3133 rays (100.0%)
  Combined H shape : (3133, 2072)  (total rays = 3133)
  Skipping sequential KF assimilation (run_sequential=False).
  Running joint (batch) KF assimilation …
  Prior RMSE  : 34.818 TECU
  Post  RMSE  : 16.967 TECU
    [Abel] GN04 09:24: NmF2=6.05e+11 m⁻³  hmF2=284.1 km
    [Abel] GN04 09:25: NmF2=4.81e+11 m⁻³  hmF2=317.9 km
    [Abel] YM08 09:21: NmF2=4.55e+11 m⁻³  hmF2=306.6 km
    [Abel] YM08 09:08: NmF2=1.80e+11 m⁻³  hmF2=481.6 km
    [Abel] GN04 09:30: NmF2=2.15e+11 m⁻³  hmF2=487.0 km
    [Abel] GN04 09:27: NmF2=6.84e+10 m⁻³  hmF2=573.5 km
    [Abel] YM08 09:10: NmF2=4.36e+11 m⁻³  hmF2=285.7 km
    [Abel] GN04 09:30: NmF2=5.01e+11 m⁻³  hmF2=363.7 km
    [Abel] GN04 09:26: NmF2=1.52e+11 m⁻³  hmF2=557.2 km
    [Abel] GN04 09:14: NmF2=5.77e+11 m⁻³  hmF2=283.5 km
    [Abel] GN05 09:42: NmF2=6.86e+11 m⁻³  hmF2=286.0 km
    [Abel] YM08 09:15: NmF2=3.72e+11 m⁻³  hmF2=459.4 km
    [Abel] GN04 09:25: NmF2=6.43e+11 m⁻³  hmF2=512.9 km
    [Abel] YM08 09:17: NmF2=1.13e+11 m⁻³  hmF2=528.5 km
    [Abel] GN04 09:19: NmF2=5.87e+11 m⁻³  hmF2=309.1 km
    [Abel] GN05 09:41: NmF2=6.91e+11 m⁻³  hmF2=292.5 km
    [Abel] GN05 09:43: NmF2=3.93e+10 m⁻³  hmF2=576.5 km
    [Abel] GN05 09:42: NmF2=1.32e+11 m⁻³  hmF2=565.4 km
    [Abel] GN05 09:41: NmF2=5.69e+11 m⁻³  hmF2=271.9 km
    [Abel] GN05 09:52: NmF2=7.25e+11 m⁻³  hmF2=275.8 km
    [Abel] GN05 09:44: NmF2=3.59e+11 m⁻³  hmF2=431.8 km
    [Abel] GN05 09:42: NmF2=1.85e+11 m⁻³  hmF2=545.4 km
    [Abel] Skipped 23 ground-station arc(s) (RO-only technique)
/home/austinhunter/Downloads/PlanetiQ_Code/venv311/lib/python3.11/site-packages/shapely/creation.py:218: RuntimeWarning: invalid value encountered in linestrings
  return lib.linestrings(coords, np.intc(handle_nan), out=out, **kwargs)
◀◀◀ _run_or_load END   | 2025-08-27_0912 | bin=45  | ro_igs    | gridded_kf     : DONE       (32.9s) -> status=Success
▶▶▶ _run_or_load START | 2025-08-27_0912 | bin=45  | igs_only  | gridded_kf    
    [diag] 2025-08-27_0912 | bin=45  | igs_only  | gridded_kf     : RUNNING    (force=True, cached=False) ...
    [Info] Initialising information matrix (n_state=13200) …
    [Info] arcs ingested = 23/23  |  obs rows = 23  |  Λ cond ≈ 2.48e+23
    [Info] Solving …
    [Prior] innovation  mean=40.75  std=15.76  n_obs=23
    [Post ] innovation  mean=31.15  std=12.65
    RMSE:  prior=43.692 TECU  →  post=33.617 TECU
◀◀◀ _run_or_load END   | 2025-08-27_0912 | bin=45  | igs_only  | gridded_kf     : DONE       (72.2s) -> status=ok (no 'status' key)
▶▶▶ _run_or_load START | 2025-08-27_0912 | bin=45  | ro_only   | parametric_ekf
    [diag] 2025-08-27_0912 | bin=45  | ro_only   | parametric_ekf : RUNNING    (force=True, cached=False) ...
  [EKF] Building IRI state at 37 grid points (batch call) …
  [EnKF] Estimating background covariance from 50 EDP samples x 37 grid points ...
  [EnKF] Parameter sigma: log10(NmF2)=0.15  hmF2=20  H0=15  gamma=0.15  B0=20  B1=0.3  log10(NmE)=0.2  hmE=8
  [EnKF] Spatial corr (Ne-space KF method): mean=0.973  max=1.000  min=0.835
  [EKF] Running EKF_Param on 22 arc(s) …
  [EKF] 22 arcs  |  3110 profile rays  |  1722 update rays  |  n_state = 296
  [EKF] Prior innovations  mean=-32.61  std=25.30  max_abs=88.76 TECU
  [EKF] stage 1/1: free=[log10(NmF2),hmF2,H0,gamma,B0,log10(NmE)] (6/8 params)
  [EKF] iterating [analytical]:   0%|          | 0/20 [00:00<?, ?it/s]  [EKF] iterating [analytical]:   0%|          | 0/20 [00:03<?, ?it/s, RMSE=41.269TECU, a=0.25, rel_dP=5.46e-02]  [EKF] iterating [analytical]:   5%|5         | 1/20 [00:03<01:14,  3.94s/it, RMSE=41.269TECU, a=0.25, rel_dP=5.46e-02]  [EKF] iterating [analytical]:   5%|5         | 1/20 [00:07<01:14,  3.94s/it, RMSE=32.844TECU, a=0.33, rel_dP=6.24e-02]  [EKF] iterating [analytical]:  10%|#         | 2/20 [00:07<01:11,  3.96s/it, RMSE=32.844TECU, a=0.33, rel_dP=6.24e-02]  [EKF] iterating [analytical]:  10%|#         | 2/20 [00:11<01:11,  3.96s/it, RMSE=26.218TECU, a=0.42, rel_dP=5.32e-02]  [EKF] iterating [analytical]:  15%|#5        | 3/20 [00:11<01:07,  3.98s/it, RMSE=26.218TECU, a=0.42, rel_dP=5.32e-02]  [EKF] iterating [analytical]:  15%|#5        | 3/20 [00:16<01:07,  3.98s/it, RMSE=21.956TECU, a=0.55, rel_dP=3.58e-02]  [EKF] iterating [analytical]:  20%|##        | 4/20 [00:16<01:05,  4.06s/it, RMSE=21.956TECU, a=0.55, rel_dP=3.58e-02]  [EKF] iterating [analytical]:  20%|##        | 4/20 [00:20<01:05,  4.06s/it, RMSE=20.139TECU, a=0.71, rel_dP=3.11e-02]  [EKF] iterating [analytical]:  25%|##5       | 5/20 [00:20<01:00,  4.01s/it, RMSE=20.139TECU, a=0.71, rel_dP=3.11e-02]  [EKF] iterating [analytical]:  25%|##5       | 5/20 [00:23<01:00,  4.01s/it, RMSE=19.610TECU, a=0.93, rel_dP=3.66e-02]  [EKF] iterating [analytical]:  30%|###       | 6/20 [00:23<00:55,  3.99s/it, RMSE=19.610TECU, a=0.93, rel_dP=3.66e-02]  [EKF] iterating [analytical]:  30%|###       | 6/20 [00:27<00:55,  3.99s/it, RMSE=19.377TECU, a=1.00, rel_dP=2.67e-02]  [EKF] iterating [analytical]:  35%|###5      | 7/20 [00:27<00:51,  3.96s/it, RMSE=19.377TECU, a=1.00, rel_dP=2.67e-02]  [EKF] iterating [analytical]:  35%|###5      | 7/20 [00:31<00:51,  3.96s/it, RMSE=19.213TECU, a=1.00, rel_dP=1.83e-02]  [EKF] iterating [analytical]:  40%|####      | 8/20 [00:31<00:47,  4.00s/it, RMSE=19.213TECU, a=1.00, rel_dP=1.83e-02]  [EKF] iterating [analytical]:  40%|####      | 8/20 [00:35<00:47,  4.00s/it, RMSE=19.166TECU, a=1.00, rel_dP=1.61e-02]  [EKF] iterating [analytical]:  45%|####5     | 9/20 [00:35<00:44,  4.00s/it, RMSE=19.166TECU, a=1.00, rel_dP=1.61e-02]  [EKF] iterating [analytical]:  45%|####5     | 9/20 [00:40<00:44,  4.00s/it, RMSE=19.150TECU, a=1.00, rel_dP=1.55e-02]  [EKF] iterating [analytical]:  50%|#####     | 10/20 [00:40<00:40,  4.02s/it, RMSE=19.150TECU, a=1.00, rel_dP=1.55e-02]  [EKF] iterating [analytical]:  50%|#####     | 10/20 [00:44<00:40,  4.02s/it, RMSE=19.149TECU, a=1.00, rel_dP=1.66e-02]  [EKF] iterating [analytical]:  55%|#####5    | 11/20 [00:44<00:36,  4.01s/it, RMSE=19.149TECU, a=1.00, rel_dP=1.66e-02]  [EKF] iterating [analytical]:  55%|#####5    | 11/20 [00:47<00:36,  4.01s/it, RMSE=19.149TECU, a=0.50, note=reject]      [EKF] iterating [analytical]:  60%|######    | 12/20 [00:47<00:31,  3.94s/it, RMSE=19.149TECU, a=0.50, note=reject]  [EKF] iterating [analytical]:  60%|######    | 12/20 [00:52<00:31,  3.94s/it, RMSE=19.149TECU, a=0.65, rel_dP=1.08e-02]  [EKF] iterating [analytical]:  65%|######5   | 13/20 [00:52<00:28,  4.08s/it, RMSE=19.149TECU, a=0.65, rel_dP=1.08e-02]  [EKF] iterating [analytical]:  65%|######5   | 13/20 [00:56<00:28,  4.08s/it, RMSE=19.149TECU, a=0.33, note=reject]      [EKF] iterating [analytical]:  70%|#######   | 14/20 [00:56<00:24,  4.00s/it, RMSE=19.149TECU, a=0.33, note=reject]  [EKF] iterating [analytical]:  70%|#######   | 14/20 [00:59<00:24,  4.00s/it, RMSE=19.149TECU, a=0.42, rel_dP=7.02e-03]  [EKF] iterating [analytical]:  75%|#######5  | 15/20 [00:59<00:19,  3.99s/it, RMSE=19.149TECU, a=0.42, rel_dP=7.02e-03]  [EKF] iterating [analytical]:  75%|#######5  | 15/20 [01:03<00:19,  3.99s/it, RMSE=19.149TECU, a=0.21, note=reject]      [EKF] iterating [analytical]:  80%|########  | 16/20 [01:03<00:15,  3.92s/it, RMSE=19.149TECU, a=0.21, note=reject]  [EKF] iterating [analytical]:  80%|########  | 16/20 [01:07<00:15,  3.92s/it, RMSE=19.149TECU, a=0.27, rel_dP=4.56e-03]  [EKF] iterating [analytical]:  85%|########5 | 17/20 [01:07<00:11,  3.92s/it, RMSE=19.149TECU, a=0.27, rel_dP=4.56e-03]  [EKF] iterating [analytical]:  85%|########5 | 17/20 [01:11<00:11,  3.92s/it, RMSE=19.149TECU, a=0.14, note=reject]      [EKF] iterating [analytical]:  90%|######### | 18/20 [01:11<00:07,  3.90s/it, RMSE=19.149TECU, a=0.14, note=reject]  [EKF] iterating [analytical]:  90%|######### | 18/20 [01:15<00:07,  3.90s/it, RMSE=19.149TECU, a=0.18, rel_dP=2.97e-03]  [EKF] iterating [analytical]:  95%|#########5| 19/20 [01:15<00:03,  3.89s/it, RMSE=19.149TECU, a=0.18, rel_dP=2.97e-03]  [EKF] iterating [analytical]:  95%|#########5| 19/20 [01:19<00:03,  3.89s/it, RMSE=19.149TECU, a=0.09, note=reject]      [EKF] iterating [analytical]: 100%|##########| 20/20 [01:19<00:00,  3.86s/it, RMSE=19.149TECU, a=0.09, note=reject]                                                                                                                       [EKF] stage 1 reached max_iter=20 without convergence  (final ||ΔP||/||P|| = 2.97e-03, RMSE=19.15TECU vs tol 5.0)
  [EKF] Posterior innovations  mean=-2.32  std=19.01  max_abs=63.29 TECU
  [EKF] Prior RMSE 41.556 TECU  →  Post RMSE 18.250 TECU
  Saved EKF convergence plot → /home/austinhunter/IonosphereTomography/Figures/ISR_DA_Comparison/OUTPUT/2025-08-27_0912/bin_45/ro_only/2025-08-27_0912_ro_only_ekf_convergence.png
◀◀◀ _run_or_load END   | 2025-08-27_0912 | bin=45  | ro_only   | parametric_ekf : DONE       (105.7s) -> status=Success
▶▶▶ _run_or_load START | 2025-08-27_0912 | bin=45  | ro_igs    | parametric_ekf
    [diag] 2025-08-27_0912 | bin=45  | ro_igs    | parametric_ekf : RUNNING    (force=True, cached=False) ...
  [EKF] Building IRI state at 37 grid points (batch call) …
  [EnKF] Estimating background covariance from 50 EDP samples x 37 grid points ...
  [EnKF] Parameter sigma: log10(NmF2)=0.15  hmF2=20  H0=15  gamma=0.15  B0=20  B1=0.3  log10(NmE)=0.2  hmE=8
  [EnKF] Spatial corr (Ne-space KF method): mean=0.973  max=1.000  min=0.835
  [EKF] Running EKF_Param on 45 arc(s) …
  [EKF] 45 arcs  |  3133 profile rays  |  1745 update rays  |  n_state = 296
  [EKF] Prior innovations  mean=-31.76  std=26.24  max_abs=88.76 TECU
  [EKF] stage 1/1: free=[log10(NmF2),hmF2,H0,gamma,B0,log10(NmE)] (6/8 params)
  [EKF] iterating [analytical]:   0%|          | 0/20 [00:00<?, ?it/s]  [EKF] iterating [analytical]:   0%|          | 0/20 [00:04<?, ?it/s, RMSE=41.198TECU, a=0.25, rel_dP=5.94e-02]  [EKF] iterating [analytical]:   5%|5         | 1/20 [00:04<01:16,  4.02s/it, RMSE=41.198TECU, a=0.25, rel_dP=5.94e-02]  [EKF] iterating [analytical]:   5%|5         | 1/20 [00:08<01:16,  4.02s/it, RMSE=32.798TECU, a=0.33, rel_dP=6.81e-02]  [EKF] iterating [analytical]:  10%|#         | 2/20 [00:08<01:12,  4.02s/it, RMSE=32.798TECU, a=0.33, rel_dP=6.81e-02]  [EKF] iterating [analytical]:  10%|#         | 2/20 [00:12<01:12,  4.02s/it, RMSE=26.289TECU, a=0.42, rel_dP=5.78e-02]  [EKF] iterating [analytical]:  15%|#5        | 3/20 [00:12<01:07,  4.00s/it, RMSE=26.289TECU, a=0.42, rel_dP=5.78e-02]  [EKF] iterating [analytical]:  15%|#5        | 3/20 [00:16<01:07,  4.00s/it, RMSE=22.180TECU, a=0.55, rel_dP=3.55e-02]  [EKF] iterating [analytical]:  20%|##        | 4/20 [00:16<01:04,  4.00s/it, RMSE=22.180TECU, a=0.55, rel_dP=3.55e-02]  [EKF] iterating [analytical]:  20%|##        | 4/20 [00:19<01:04,  4.00s/it, RMSE=20.437TECU, a=0.71, rel_dP=2.50e-02]  [EKF] iterating [analytical]:  25%|##5       | 5/20 [00:19<00:59,  3.99s/it, RMSE=20.437TECU, a=0.71, rel_dP=2.50e-02]  [EKF] iterating [analytical]:  25%|##5       | 5/20 [00:23<00:59,  3.99s/it, RMSE=19.928TECU, a=0.93, rel_dP=2.67e-02]  [EKF] iterating [analytical]:  30%|###       | 6/20 [00:23<00:55,  3.99s/it, RMSE=19.928TECU, a=0.93, rel_dP=2.67e-02]  [EKF] iterating [analytical]:  30%|###       | 6/20 [00:27<00:55,  3.99s/it, RMSE=19.690TECU, a=1.00, rel_dP=2.14e-02]  [EKF] iterating [analytical]:  35%|###5      | 7/20 [00:27<00:51,  3.98s/it, RMSE=19.690TECU, a=1.00, rel_dP=2.14e-02]  [EKF] iterating [analytical]:  35%|###5      | 7/20 [00:31<00:51,  3.98s/it, RMSE=19.519TECU, a=1.00, rel_dP=1.90e-02]  [EKF] iterating [analytical]:  40%|####      | 8/20 [00:31<00:47,  3.99s/it, RMSE=19.519TECU, a=1.00, rel_dP=1.90e-02]  [EKF] iterating [analytical]:  40%|####      | 8/20 [00:36<00:47,  3.99s/it, RMSE=19.441TECU, a=1.00, rel_dP=1.85e-02]  [EKF] iterating [analytical]:  45%|####5     | 9/20 [00:36<00:44,  4.02s/it, RMSE=19.441TECU, a=1.00, rel_dP=1.85e-02]  [EKF] iterating [analytical]:  45%|####5     | 9/20 [00:40<00:44,  4.02s/it, RMSE=19.387TECU, a=1.00, rel_dP=1.86e-02]  [EKF] iterating [analytical]:  50%|#####     | 10/20 [00:40<00:40,  4.04s/it, RMSE=19.387TECU, a=1.00, rel_dP=1.86e-02]  [EKF] iterating [analytical]:  50%|#####     | 10/20 [00:44<00:40,  4.04s/it, RMSE=19.346TECU, a=1.00, rel_dP=2.21e-02]  [EKF] iterating [analytical]:  55%|#####5    | 11/20 [00:44<00:36,  4.05s/it, RMSE=19.346TECU, a=1.00, rel_dP=2.21e-02]  [EKF] iterating [analytical]:  55%|#####5    | 11/20 [00:48<00:36,  4.05s/it, RMSE=19.346TECU, a=0.50, note=reject]      [EKF] iterating [analytical]:  60%|######    | 12/20 [00:48<00:31,  3.98s/it, RMSE=19.346TECU, a=0.50, note=reject]  [EKF] iterating [analytical]:  60%|######    | 12/20 [00:51<00:31,  3.98s/it, RMSE=19.346TECU, a=0.65, rel_dP=1.44e-02]  [EKF] iterating [analytical]:  65%|######5   | 13/20 [00:51<00:27,  3.96s/it, RMSE=19.346TECU, a=0.65, rel_dP=1.44e-02]  [EKF] iterating [analytical]:  65%|######5   | 13/20 [00:55<00:27,  3.96s/it, RMSE=19.346TECU, a=0.33, note=reject]      [EKF] iterating [analytical]:  70%|#######   | 14/20 [00:55<00:23,  3.92s/it, RMSE=19.346TECU, a=0.33, note=reject]  [EKF] iterating [analytical]:  70%|#######   | 14/20 [00:59<00:23,  3.92s/it, RMSE=19.346TECU, a=0.42, rel_dP=9.34e-03]  [EKF] iterating [analytical]:  75%|#######5  | 15/20 [00:59<00:20,  4.01s/it, RMSE=19.346TECU, a=0.42, rel_dP=9.34e-03]  [EKF] iterating [analytical]:  75%|#######5  | 15/20 [01:03<00:20,  4.01s/it, RMSE=19.346TECU, a=0.21, note=reject]      [EKF] iterating [analytical]:  80%|########  | 16/20 [01:03<00:15,  3.96s/it, RMSE=19.346TECU, a=0.21, note=reject]  [EKF] iterating [analytical]:  80%|########  | 16/20 [01:07<00:15,  3.96s/it, RMSE=19.346TECU, a=0.27, rel_dP=6.07e-03]  [EKF] iterating [analytical]:  85%|########5 | 17/20 [01:07<00:11,  3.95s/it, RMSE=19.346TECU, a=0.27, rel_dP=6.07e-03]  [EKF] iterating [analytical]:  85%|########5 | 17/20 [01:11<00:11,  3.95s/it, RMSE=19.346TECU, a=0.14, note=reject]      [EKF] iterating [analytical]:  90%|######### | 18/20 [01:11<00:07,  3.93s/it, RMSE=19.346TECU, a=0.14, note=reject]  [EKF] iterating [analytical]:  90%|######### | 18/20 [01:15<00:07,  3.93s/it, RMSE=19.346TECU, a=0.18, rel_dP=3.95e-03]  [EKF] iterating [analytical]:  95%|#########5| 19/20 [01:15<00:03,  3.93s/it, RMSE=19.346TECU, a=0.18, rel_dP=3.95e-03]  [EKF] iterating [analytical]:  95%|#########5| 19/20 [01:19<00:03,  3.93s/it, RMSE=19.346TECU, a=0.09, note=reject]      [EKF] iterating [analytical]: 100%|##########| 20/20 [01:19<00:00,  3.90s/it, RMSE=19.346TECU, a=0.09, note=reject]                                                                                                                       [EKF] stage 1 reached max_iter=20 without convergence  (final ||ΔP||/||P|| = 3.95e-03, RMSE=19.39TECU vs tol 5.0)
  [EKF] Posterior innovations  mean=-1.80  std=19.26  max_abs=66.33 TECU
  [EKF] Prior RMSE 41.515 TECU  →  Post RMSE 18.327 TECU
  Saved EKF convergence plot → /home/austinhunter/IonosphereTomography/Figures/ISR_DA_Comparison/OUTPUT/2025-08-27_0912/bin_45/ro_igs/2025-08-27_0912_ro_igs_ekf_convergence.png
◀◀◀ _run_or_load END   | 2025-08-27_0912 | bin=45  | ro_igs    | parametric_ekf : DONE       (106.3s) -> status=Success
▶▶▶ _run_or_load START | 2025-08-27_0912 | bin=45  | igs_only  | parametric_ekf
    [diag] 2025-08-27_0912 | bin=45  | igs_only  | parametric_ekf : RUNNING    (force=True, cached=False) ...
  [EKF] Building IRI state at 240 grid points (batch call) …
  [EnKF] Estimating background covariance from 500 EDP samples x 240 grid points ...
  [EnKF] Parameter sigma: log10(NmF2)=0.15  hmF2=20  H0=15  gamma=0.15  B0=20  B1=0.3  log10(NmE)=0.2  hmE=8
  [EnKF] Spatial corr (Ne-space KF method): mean=0.961  max=1.000  min=0.059
  [EKF] Running EKF_Param on 23 arc(s) …
  [EKF] 23 arcs  |  23 profile rays  |  23 update rays  |  n_state = 1920
  [EKF] Prior innovations  mean=29.70  std=16.42  max_abs=55.40 TECU
  [EKF] stage 1/1: free=[log10(NmF2),hmF2,H0,gamma,B0,log10(NmE)] (6/8 params)
  [EKF] iterating [analytical]:   0%|          | 0/20 [00:00<?, ?it/s]  [EKF] iterating [analytical]:   0%|          | 0/20 [00:00<?, ?it/s, RMSE=33.940TECU, a=0.25, rel_dP=5.14e-03]  [EKF] iterating [analytical]:   0%|          | 0/20 [00:00<?, ?it/s, RMSE=28.090TECU, a=0.33, rel_dP=4.43e-03]  [EKF] iterating [analytical]:  10%|#         | 2/20 [00:00<00:01, 10.58it/s, RMSE=28.090TECU, a=0.33, rel_dP=4.43e-03]  [EKF] iterating [analytical]:  10%|#         | 2/20 [00:00<00:01, 10.58it/s, RMSE=22.962TECU, a=0.42, rel_dP=5.03e-03]  [EKF] iterating [analytical]:  10%|#         | 2/20 [00:00<00:01, 10.58it/s, RMSE=19.733TECU, a=0.55, rel_dP=7.50e-03]  [EKF] iterating [analytical]:  20%|##        | 4/20 [00:00<00:01,  9.22it/s, RMSE=19.733TECU, a=0.55, rel_dP=7.50e-03]  [EKF] iterating [analytical]:  20%|##        | 4/20 [00:00<00:01,  9.22it/s, RMSE=18.364TECU, a=0.71, rel_dP=1.07e-02]  [EKF] iterating [analytical]:  25%|##5       | 5/20 [00:00<00:01,  8.85it/s, RMSE=18.364TECU, a=0.71, rel_dP=1.07e-02]  [EKF] iterating [analytical]:  25%|##5       | 5/20 [00:00<00:01,  8.85it/s, RMSE=18.026TECU, a=0.93, rel_dP=1.26e-02]  [EKF] iterating [analytical]:  30%|###       | 6/20 [00:00<00:01,  8.87it/s, RMSE=18.026TECU, a=0.93, rel_dP=1.26e-02]  [EKF] iterating [analytical]:  30%|###       | 6/20 [00:00<00:01,  8.87it/s, RMSE=17.974TECU, a=1.00, rel_dP=1.30e-02]  [EKF] iterating [analytical]:  35%|###5      | 7/20 [00:00<00:01,  8.71it/s, RMSE=17.974TECU, a=1.00, rel_dP=1.30e-02]  [EKF] iterating [analytical]:  35%|###5      | 7/20 [00:00<00:01,  8.71it/s, RMSE=17.951TECU, a=1.00, rel_dP=1.19e-02]  [EKF] iterating [analytical]:  40%|####      | 8/20 [00:00<00:01,  8.18it/s, RMSE=17.951TECU, a=1.00, rel_dP=1.19e-02]  [EKF] iterating [analytical]:  40%|####      | 8/20 [00:01<00:01,  8.18it/s, RMSE=17.930TECU, a=1.00, rel_dP=1.45e-02]  [EKF] iterating [analytical]:  45%|####5     | 9/20 [00:01<00:01,  7.90it/s, RMSE=17.930TECU, a=1.00, rel_dP=1.45e-02]  [EKF] iterating [analytical]:  45%|####5     | 9/20 [00:01<00:01,  7.90it/s, RMSE=17.902TECU, a=1.00, rel_dP=1.61e-02]  [EKF] iterating [analytical]:  50%|#####     | 10/20 [00:01<00:01,  8.03it/s, RMSE=17.902TECU, a=1.00, rel_dP=1.61e-02]  [EKF] iterating [analytical]:  50%|#####     | 10/20 [00:01<00:01,  8.03it/s, RMSE=17.871TECU, a=1.00, rel_dP=1.34e-02]  [EKF] iterating [analytical]:  55%|#####5    | 11/20 [00:01<00:01,  7.74it/s, RMSE=17.871TECU, a=1.00, rel_dP=1.34e-02]  [EKF] iterating [analytical]:  55%|#####5    | 11/20 [00:01<00:01,  7.74it/s, RMSE=17.848TECU, a=1.00, rel_dP=1.24e-02]  [EKF] iterating [analytical]:  60%|######    | 12/20 [00:01<00:01,  7.99it/s, RMSE=17.848TECU, a=1.00, rel_dP=1.24e-02]  [EKF] iterating [analytical]:  60%|######    | 12/20 [00:01<00:01,  7.99it/s, RMSE=17.827TECU, a=1.00, rel_dP=1.36e-02]  [EKF] iterating [analytical]:  65%|######5   | 13/20 [00:01<00:00,  8.08it/s, RMSE=17.827TECU, a=1.00, rel_dP=1.36e-02]  [EKF] iterating [analytical]:  65%|######5   | 13/20 [00:01<00:00,  8.08it/s, RMSE=17.802TECU, a=1.00, rel_dP=1.39e-02]  [EKF] iterating [analytical]:  70%|#######   | 14/20 [00:01<00:00,  8.24it/s, RMSE=17.802TECU, a=1.00, rel_dP=1.39e-02]  [EKF] iterating [analytical]:  70%|#######   | 14/20 [00:01<00:00,  8.24it/s, RMSE=17.774TECU, a=1.00, rel_dP=1.25e-02]  [EKF] iterating [analytical]:  75%|#######5  | 15/20 [00:01<00:00,  8.27it/s, RMSE=17.774TECU, a=1.00, rel_dP=1.25e-02]  [EKF] iterating [analytical]:  75%|#######5  | 15/20 [00:01<00:00,  8.27it/s, RMSE=17.753TECU, a=1.00, rel_dP=1.30e-02]  [EKF] iterating [analytical]:  80%|########  | 16/20 [00:01<00:00,  7.97it/s, RMSE=17.753TECU, a=1.00, rel_dP=1.30e-02]  [EKF] iterating [analytical]:  80%|########  | 16/20 [00:02<00:00,  7.97it/s, RMSE=17.730TECU, a=1.00, rel_dP=1.29e-02]  [EKF] iterating [analytical]:  85%|########5 | 17/20 [00:02<00:00,  7.92it/s, RMSE=17.730TECU, a=1.00, rel_dP=1.29e-02]  [EKF] iterating [analytical]:  85%|########5 | 17/20 [00:02<00:00,  7.92it/s, RMSE=17.706TECU, a=1.00, rel_dP=1.49e-02]  [EKF] iterating [analytical]:  90%|######### | 18/20 [00:02<00:00,  7.02it/s, RMSE=17.706TECU, a=1.00, rel_dP=1.49e-02]  [EKF] iterating [analytical]:  90%|######### | 18/20 [00:02<00:00,  7.02it/s, RMSE=17.677TECU, a=1.00, rel_dP=1.13e-02]  [EKF] iterating [analytical]:  95%|#########5| 19/20 [00:02<00:00,  7.25it/s, RMSE=17.677TECU, a=1.00, rel_dP=1.13e-02]  [EKF] iterating [analytical]:  95%|#########5| 19/20 [00:02<00:00,  7.25it/s, RMSE=17.658TECU, a=1.00, rel_dP=1.06e-02]  [EKF] iterating [analytical]: 100%|##########| 20/20 [00:02<00:00,  7.34it/s, RMSE=17.658TECU, a=1.00, rel_dP=1.06e-02]                                                                                                                           [EKF] stage 1 reached max_iter=20 without convergence  (final ||ΔP||/||P|| = 1.06e-02, RMSE=17.66TECU vs tol 5.0)
  [EKF] Posterior innovations  mean=1.82  std=17.55  max_abs=29.82 TECU
  [EKF] Prior RMSE 33.940 TECU  →  Post RMSE 17.641 TECU
  Saved EKF convergence plot → /home/austinhunter/IonosphereTomography/Figures/ISR_DA_Comparison/OUTPUT/2025-08-27_0912/bin_45/igs_only/2025-08-27_0912_igs_only_ekf_convergence.png
◀◀◀ _run_or_load END   | 2025-08-27_0912 | bin=45  | igs_only  | parametric_ekf : DONE       (629.5s) -> status=ok (no 'status' key)
  [diag] 2025-08-27_0912 | bin=45 : summary of 6 obs_mode/filter_type combos
           ro_only   | gridded_kf     -> Success
           ro_only   | parametric_ekf -> Success
           ro_igs    | gridded_kf     -> Success
           ro_igs    | parametric_ekf -> Success
           igs_only  | gridded_kf     -> ok (no 'status' key)
           igs_only  | parametric_ekf -> ok (no 'status' key)

▶▶▶ compute_isr_metrics START | group=2025-08-27_0912 bin=45
◀◀◀ compute_isr_metrics END   | group=2025-08-27_0912 bin=45 -> 0 metric row(s)

▶▶▶ _plot_group_all_modes START | group=2025-08-27_0912
  [diag] 2025-08-27_0912/ro_igs/gridded_kf: arc-innovation panels thinned to 22 RO + 20/23 representative IGS arcs (of 45 total)
  [diag] 2025-08-27_0912/ro_igs/parametric_ekf: arc-innovation panels thinned to 22 RO + 20/23 representative IGS arcs (of 45 total)
  [diag] 2025-08-27_0912/igs_only/gridded_kf: arc-innovation panels thinned to 0 RO + 20/23 representative IGS arcs (of 23 total)
  [diag] 2025-08-27_0912/igs_only/parametric_ekf: arc-innovation panels thinned to 0 RO + 20/23 representative IGS arcs (of 23 total)
/home/austinhunter/Downloads/PlanetiQ_Code/venv311/lib/python3.11/site-packages/shapely/creation.py:218: RuntimeWarning: invalid value encountered in linestrings
  return lib.linestrings(coords, np.intc(handle_nan), out=out, **kwargs)
/home/austinhunter/IonosphereTomography/plotIonosphereTomography.py:3914: UserWarning: This figure includes Axes that are not compatible with tight_layout, so results might be incorrect.
  plt.tight_layout(rect=[0, 0, 1, 0.98])
/home/austinhunter/IonosphereTomography/plotIonosphereTomography.py:3914: UserWarning: This figure includes Axes that are not compatible with tight_layout, so results might be incorrect.
  plt.tight_layout(rect=[0, 0, 1, 0.98])
/home/austinhunter/IonosphereTomography/plotIonosphereTomography.py:3914: UserWarning: This figure includes Axes that are not compatible with tight_layout, so results might be incorrect.
  plt.tight_layout(rect=[0, 0, 1, 0.98])
◀◀◀ _plot_group_all_modes END   | group=2025-08-27_0912
No valid descending tangent points found. Skipping.
No valid descending tangent points found. Skipping.
No valid descending tangent points found. Skipping.
No valid descending tangent points found. Skipping.
No valid descending tangent points found. Skipping.
No valid descending tangent points found. Skipping.
No valid descending tangent points found. Skipping.
No valid descending tangent points found. Skipping.
No valid descending tangent points found. Skipping.
No valid descending tangent points found. Skipping.
No valid descending tangent points found. Skipping.
No valid descending tangent points found. Skipping.
No valid descending tangent points found. Skipping.
No valid descending tangent points found. Skipping.
No valid descending tangent points found. Skipping.
▶▶▶ _run_or_load START | 2025-08-27_0912 | bin=35  | ro_only   | gridded_kf    
    [diag] 2025-08-27_0912 | bin=35  | ro_only   | gridded_kf     : RUNNING    (force=True, cached=False) ...

────────────────────────────────────────────────────────────
  Group : 2025-08-27_0912
  Window: 2025-08-27_0912  |  Region: POLAR_N  |  35 occultation(s)
────────────────────────────────────────────────────────────
No valid descending tangent points found. Skipping.
    [skip] podTc2_YM08.2025.239.08.55.0012.G09.01_0000.0001_nc — parse returned None
No valid descending tangent points found. Skipping.
    [skip] podTc2_YM08.2025.239.09.08.0008.G12.00_0000.0001_nc — parse returned None
No valid descending tangent points found. Skipping.
    [skip] podTc2_GN04.2025.239.09.08.0017.E09.01_0000.0001_nc — parse returned None
No valid descending tangent points found. Skipping.
    [skip] podTc2_GN04.2025.239.09.10.0016.G25.01_0000.0001_nc — parse returned None
No valid descending tangent points found. Skipping.
    [skip] podTc2_GN04.2025.239.09.10.0015.G12.01_0000.0001_nc — parse returned None
No valid descending tangent points found. Skipping.
    [skip] podTc2_GN04.2025.239.09.10.0018.G12.01_0000.0001_nc — parse returned None
No valid descending tangent points found. Skipping.
    [skip] podTc2_YM08.2025.239.09.11.0017.E21.00_0000.0001_nc — parse returned None
No valid descending tangent points found. Skipping.
    [skip] podTc2_GN04.2025.239.09.12.0019.R12.01_0000.0001_nc — parse returned None
No valid descending tangent points found. Skipping.
    [skip] podTc2_GN05.2025.239.09.23.0018.E26.01_0000.0001_nc — parse returned None
No valid descending tangent points found. Skipping.
    [skip] podTc2_GN05.2025.239.09.24.0018.C35.01_0000.0001_nc — parse returned None
No valid descending tangent points found. Skipping.
    [skip] podTc2_GN05.2025.239.09.26.0018.G12.01_0000.0001_nc — parse returned None
No valid descending tangent points found. Skipping.
    [skip] podTc2_GN05.2025.239.09.26.0020.E23.01_0000.0001_nc — parse returned None
No valid descending tangent points found. Skipping.
    [skip] podTc2_GN05.2025.239.09.27.0015.R12.01_0000.0001_nc — parse returned None
No valid descending tangent points found. Skipping.
    [skip] podTc2_GN05.2025.239.09.30.0014.E24.01_0000.0001_nc — parse returned None
No valid descending tangent points found. Skipping.
    [skip] podTc2_GN04.2025.239.09.34.0012.G09.00_0000.0001_nc — parse returned None
  Parsed 20/35 files successfully.
    [podTc2] GN04 09:24 — 452 valid rays → decimated to 151 (stride 3)
    [podTc2] YM08 09:17 — 77 valid rays → decimated to 77 (stride 1)
    [podTc2] GN04 09:26 — 127 valid rays → decimated to 127 (stride 1)
    [podTc2] YM08 09:08 — 200 valid rays → decimated to 200 (stride 1)
    [podTc2] GN04 09:27 — 64 valid rays → decimated to 64 (stride 1)
    [skip] YM08 09:09 — only 42 valid rays
    [podTc2] YM08 09:10 — 258 valid rays → decimated to 129 (stride 2)
    [podTc2] GN04 09:30 — 324 valid rays → decimated to 162 (stride 2)
    [podTc2] GN04 09:26 — 390 valid rays → decimated to 195 (stride 2)
    [podTc2] GN05 09:41 — 280 valid rays → decimated to 140 (stride 2)
    [podTc2] GN04 09:16 — 470 valid rays → decimated to 157 (stride 3)
    [skip] GN05 09:42 — only 12 valid rays
    [podTc2] GN04 09:19 — 360 valid rays → decimated to 180 (stride 2)
    [podTc2] GN05 09:42 — 407 valid rays → decimated to 136 (stride 3)
    [podTc2] GN05 09:43 — 91 valid rays → decimated to 91 (stride 1)
    [podTc2] GN05 09:42 — 78 valid rays → decimated to 78 (stride 1)
    [podTc2] GN05 09:49 — 134 valid rays → decimated to 134 (stride 1)
    [podTc2] GN05 09:30 — 478 valid rays → decimated to 160 (stride 3)
    [podTc2] GN05 09:42 — 209 valid rays → decimated to 105 (stride 2)
    [podTc2] GN05 09:33 — 385 valid rays → decimated to 193 (stride 2)
  Bbox lat [35.9, 87.0]  lon [-33.3, 33.8]  |  union vertices: 32
  Final group: 18 occultation(s), 32 union-mesh vertices
  Saved trim diagnostic → /home/austinhunter/IonosphereTomography/Figures/ISR_DA_Comparison/OUTPUT/2025-08-27_0912/bin_35/ro_only/group_2025-08-27_0912_trim.png
  -> Building H matrices (2479 rays across 18 arc(s), single parallel sweep) …
  -> Building H matrices:    247/2479 rays ( 10.0%)
  -> Building H matrices:    494/2479 rays ( 19.9%)
  -> Building H matrices:    741/2479 rays ( 29.9%)
  -> Building H matrices:    988/2479 rays ( 39.9%)
  -> Building H matrices:   1235/2479 rays ( 49.8%)
  -> Building H matrices:   1482/2479 rays ( 59.8%)
  -> Building H matrices:   1729/2479 rays ( 69.7%)
  -> Building H matrices:   1976/2479 rays ( 79.7%)
  -> Building H matrices:   2223/2479 rays ( 89.7%)
  -> Building H matrices:   2470/2479 rays ( 99.6%)
  -> Building H matrices:   2479/2479 rays (100.0%)
  Combined H shape : (2479, 1792)  (total rays = 2479)
  Skipping sequential KF assimilation (run_sequential=False).
  Running joint (batch) KF assimilation …
  Prior RMSE  : 37.533 TECU
  Post  RMSE  : 9.151 TECU
    [Abel] GN04 09:24: NmF2=6.05e+11 m⁻³  hmF2=284.1 km
    [Abel] YM08 09:17: NmF2=8.57e+10 m⁻³  hmF2=538.0 km
    [Abel] GN04 09:26: NmF2=8.10e+10 m⁻³  hmF2=570.9 km
    [Abel] YM08 09:08: NmF2=1.80e+11 m⁻³  hmF2=481.6 km
    [Abel] GN04 09:27: NmF2=6.84e+10 m⁻³  hmF2=573.5 km
    [Abel] YM08 09:10: NmF2=4.36e+11 m⁻³  hmF2=285.7 km
    [Abel] GN04 09:30: NmF2=5.01e+11 m⁻³  hmF2=363.7 km
    [Abel] GN04 09:26: NmF2=2.45e+11 m⁻³  hmF2=511.8 km
    [Abel] GN05 09:41: NmF2=5.00e+11 m⁻³  hmF2=352.2 km
    [Abel] GN04 09:16: NmF2=5.99e+11 m⁻³  hmF2=270.9 km
    [Abel] GN04 09:19: NmF2=5.87e+11 m⁻³  hmF2=309.1 km
    [Abel] GN05 09:42: NmF2=6.91e+11 m⁻³  hmF2=287.6 km
    [Abel] GN05 09:43: NmF2=3.93e+10 m⁻³  hmF2=576.5 km
    [Abel] GN05 09:42: NmF2=1.32e+11 m⁻³  hmF2=565.4 km
    [Abel] GN05 09:49: NmF2=1.49e+11 m⁻³  hmF2=556.4 km
    [Abel] GN05 09:30: NmF2=3.43e+11 m⁻³  hmF2=362.8 km
    [Abel] GN05 09:42: NmF2=1.85e+11 m⁻³  hmF2=545.4 km
    [Abel] GN05 09:33: NmF2=5.10e+11 m⁻³  hmF2=319.5 km
◀◀◀ _run_or_load END   | 2025-08-27_0912 | bin=35  | ro_only   | gridded_kf     : DONE       (27.7s) -> status=Success
▶▶▶ _run_or_load START | 2025-08-27_0912 | bin=35  | ro_igs    | gridded_kf    
    [diag] 2025-08-27_0912 | bin=35  | ro_igs    | gridded_kf     : RUNNING    (force=True, cached=False) ...

────────────────────────────────────────────────────────────
  Group : 2025-08-27_0912
  Window: 2025-08-27_0912  |  Region: POLAR_N  |  35 occultation(s)
────────────────────────────────────────────────────────────
No valid descending tangent points found. Skipping.
    [skip] podTc2_YM08.2025.239.08.55.0012.G09.01_0000.0001_nc — parse returned None
No valid descending tangent points found. Skipping.
    [skip] podTc2_YM08.2025.239.09.08.0008.G12.00_0000.0001_nc — parse returned None
No valid descending tangent points found. Skipping.
    [skip] podTc2_GN04.2025.239.09.08.0017.E09.01_0000.0001_nc — parse returned None
No valid descending tangent points found. Skipping.
    [skip] podTc2_GN04.2025.239.09.10.0016.G25.01_0000.0001_nc — parse returned None
No valid descending tangent points found. Skipping.
    [skip] podTc2_GN04.2025.239.09.10.0015.G12.01_0000.0001_nc — parse returned None
No valid descending tangent points found. Skipping.
    [skip] podTc2_GN04.2025.239.09.10.0018.G12.01_0000.0001_nc — parse returned None
No valid descending tangent points found. Skipping.
    [skip] podTc2_YM08.2025.239.09.11.0017.E21.00_0000.0001_nc — parse returned None
No valid descending tangent points found. Skipping.
    [skip] podTc2_GN04.2025.239.09.12.0019.R12.01_0000.0001_nc — parse returned None
No valid descending tangent points found. Skipping.
    [skip] podTc2_GN05.2025.239.09.23.0018.E26.01_0000.0001_nc — parse returned None
No valid descending tangent points found. Skipping.
    [skip] podTc2_GN05.2025.239.09.24.0018.C35.01_0000.0001_nc — parse returned None
No valid descending tangent points found. Skipping.
    [skip] podTc2_GN05.2025.239.09.26.0018.G12.01_0000.0001_nc — parse returned None
No valid descending tangent points found. Skipping.
    [skip] podTc2_GN05.2025.239.09.26.0020.E23.01_0000.0001_nc — parse returned None
No valid descending tangent points found. Skipping.
    [skip] podTc2_GN05.2025.239.09.27.0015.R12.01_0000.0001_nc — parse returned None
No valid descending tangent points found. Skipping.
    [skip] podTc2_GN05.2025.239.09.30.0014.E24.01_0000.0001_nc — parse returned None
No valid descending tangent points found. Skipping.
    [skip] podTc2_GN04.2025.239.09.34.0012.G09.00_0000.0001_nc — parse returned None
  Parsed 20/35 files successfully.
    [podTc2] GN04 09:24 — 452 valid rays → decimated to 151 (stride 3)
    [podTc2] YM08 09:17 — 77 valid rays → decimated to 77 (stride 1)
    [podTc2] GN04 09:26 — 127 valid rays → decimated to 127 (stride 1)
    [podTc2] YM08 09:08 — 200 valid rays → decimated to 200 (stride 1)
    [podTc2] GN04 09:27 — 64 valid rays → decimated to 64 (stride 1)
    [skip] YM08 09:09 — only 42 valid rays
    [podTc2] YM08 09:10 — 258 valid rays → decimated to 129 (stride 2)
    [podTc2] GN04 09:30 — 324 valid rays → decimated to 162 (stride 2)
    [podTc2] GN04 09:26 — 390 valid rays → decimated to 195 (stride 2)
    [podTc2] GN05 09:41 — 280 valid rays → decimated to 140 (stride 2)
    [podTc2] GN04 09:16 — 470 valid rays → decimated to 157 (stride 3)
    [skip] GN05 09:42 — only 12 valid rays
    [podTc2] GN04 09:19 — 360 valid rays → decimated to 180 (stride 2)
    [podTc2] GN05 09:42 — 407 valid rays → decimated to 136 (stride 3)
    [podTc2] GN05 09:43 — 91 valid rays → decimated to 91 (stride 1)
    [podTc2] GN05 09:42 — 78 valid rays → decimated to 78 (stride 1)
    [podTc2] GN05 09:49 — 134 valid rays → decimated to 134 (stride 1)
    [podTc2] GN05 09:30 — 478 valid rays → decimated to 160 (stride 3)
    [podTc2] GN05 09:42 — 209 valid rays → decimated to 105 (stride 2)
    [podTc2] GN05 09:33 — 385 valid rays → decimated to 193 (stride 2)
  Bbox lat [35.9, 87.0]  lon [-33.3, 33.8]  |  union vertices: 32
  Final group: 18 occultation(s), 32 union-mesh vertices
  Saved trim diagnostic → /home/austinhunter/IonosphereTomography/Figures/ISR_DA_Comparison/OUTPUT/2025-08-27_0912/bin_35/ro_igs/group_2025-08-27_0912_trim.png
  [extra] Injected 23 ground-station arc(s) → total 41 arc(s) in assimilation pool
  -> Building H matrices (2502 rays across 41 arc(s), single parallel sweep) …
  -> Building H matrices:    250/2502 rays ( 10.0%)
  -> Building H matrices:    500/2502 rays ( 20.0%)
  -> Building H matrices:    750/2502 rays ( 30.0%)
  -> Building H matrices:   1000/2502 rays ( 40.0%)
  -> Building H matrices:   1250/2502 rays ( 50.0%)
  -> Building H matrices:   1500/2502 rays ( 60.0%)
  -> Building H matrices:   1750/2502 rays ( 69.9%)
  -> Building H matrices:   2000/2502 rays ( 79.9%)
  -> Building H matrices:   2250/2502 rays ( 89.9%)
  -> Building H matrices:   2500/2502 rays ( 99.9%)
  -> Building H matrices:   2502/2502 rays (100.0%)
  Combined H shape : (2502, 1792)  (total rays = 2502)
  Skipping sequential KF assimilation (run_sequential=False).
  Running joint (batch) KF assimilation …
  Prior RMSE  : 37.548 TECU
  Post  RMSE  : 10.445 TECU
    [Abel] GN04 09:24: NmF2=6.05e+11 m⁻³  hmF2=284.1 km
    [Abel] YM08 09:17: NmF2=8.57e+10 m⁻³  hmF2=538.0 km
    [Abel] GN04 09:26: NmF2=8.10e+10 m⁻³  hmF2=570.9 km
    [Abel] YM08 09:08: NmF2=1.80e+11 m⁻³  hmF2=481.6 km
    [Abel] GN04 09:27: NmF2=6.84e+10 m⁻³  hmF2=573.5 km
    [Abel] YM08 09:10: NmF2=4.36e+11 m⁻³  hmF2=285.7 km
    [Abel] GN04 09:30: NmF2=5.01e+11 m⁻³  hmF2=363.7 km
    [Abel] GN04 09:26: NmF2=2.45e+11 m⁻³  hmF2=511.8 km
    [Abel] GN05 09:41: NmF2=5.00e+11 m⁻³  hmF2=352.2 km
    [Abel] GN04 09:16: NmF2=5.99e+11 m⁻³  hmF2=270.9 km
    [Abel] GN04 09:19: NmF2=5.87e+11 m⁻³  hmF2=309.1 km
    [Abel] GN05 09:42: NmF2=6.91e+11 m⁻³  hmF2=287.6 km
    [Abel] GN05 09:43: NmF2=3.93e+10 m⁻³  hmF2=576.5 km
    [Abel] GN05 09:42: NmF2=1.32e+11 m⁻³  hmF2=565.4 km
    [Abel] GN05 09:49: NmF2=1.49e+11 m⁻³  hmF2=556.4 km
    [Abel] GN05 09:30: NmF2=3.43e+11 m⁻³  hmF2=362.8 km
    [Abel] GN05 09:42: NmF2=1.85e+11 m⁻³  hmF2=545.4 km
    [Abel] GN05 09:33: NmF2=5.10e+11 m⁻³  hmF2=319.5 km
    [Abel] Skipped 23 ground-station arc(s) (RO-only technique)
/home/austinhunter/Downloads/PlanetiQ_Code/venv311/lib/python3.11/site-packages/shapely/creation.py:218: RuntimeWarning: invalid value encountered in linestrings
  return lib.linestrings(coords, np.intc(handle_nan), out=out, **kwargs)
◀◀◀ _run_or_load END   | 2025-08-27_0912 | bin=35  | ro_igs    | gridded_kf     : DONE       (26.1s) -> status=Success
▶▶▶ _run_or_load START | 2025-08-27_0912 | bin=35  | igs_only  | gridded_kf    
    [diag] 2025-08-27_0912 | bin=35  | igs_only  | gridded_kf     : RUNNING    (force=True, cached=False) ...
    [Info] Initialising information matrix (n_state=10560) …
    [Info] arcs ingested = 23/23  |  obs rows = 23  |  Λ cond ≈ 2.48e+23
    [Info] Solving …
    [Prior] innovation  mean=40.75  std=15.76  n_obs=23
    [Post ] innovation  mean=31.67  std=13.42
    RMSE:  prior=43.692 TECU  →  post=34.397 TECU
◀◀◀ _run_or_load END   | 2025-08-27_0912 | bin=35  | igs_only  | gridded_kf     : DONE       (38.1s) -> status=ok (no 'status' key)
▶▶▶ _run_or_load START | 2025-08-27_0912 | bin=35  | ro_only   | parametric_ekf
    [diag] 2025-08-27_0912 | bin=35  | ro_only   | parametric_ekf : RUNNING    (force=True, cached=False) ...
  [EKF] Building IRI state at 32 grid points (batch call) …
  [EnKF] Estimating background covariance from 50 EDP samples x 32 grid points ...
  [EnKF] Parameter sigma: log10(NmF2)=0.15  hmF2=20  H0=15  gamma=0.15  B0=20  B1=0.3  log10(NmE)=0.2  hmE=8
  [EnKF] Spatial corr (Ne-space KF method): mean=0.971  max=1.000  min=0.835
  [EKF] Running EKF_Param on 18 arc(s) …
  [EKF] 18 arcs  |  2479 profile rays  |  1405 update rays  |  n_state = 256
  [EKF] Prior innovations  mean=-35.36  std=21.02  max_abs=78.10 TECU
  [EKF] stage 1/1: free=[log10(NmF2),hmF2,H0,gamma,B0,log10(NmE)] (6/8 params)
  [EKF] iterating [analytical]:   0%|          | 0/20 [00:00<?, ?it/s]  [EKF] iterating [analytical]:   0%|          | 0/20 [00:03<?, ?it/s, RMSE=41.139TECU, a=0.25, rel_dP=6.50e-02]  [EKF] iterating [analytical]:   5%|5         | 1/20 [00:03<01:02,  3.29s/it, RMSE=41.139TECU, a=0.25, rel_dP=6.50e-02]  [EKF] iterating [analytical]:   5%|5         | 1/20 [00:06<01:02,  3.29s/it, RMSE=31.652TECU, a=0.33, rel_dP=7.07e-02]  [EKF] iterating [analytical]:  10%|#         | 2/20 [00:06<00:59,  3.29s/it, RMSE=31.652TECU, a=0.33, rel_dP=7.07e-02]  [EKF] iterating [analytical]:  10%|#         | 2/20 [00:09<00:59,  3.29s/it, RMSE=23.523TECU, a=0.42, rel_dP=6.85e-02]  [EKF] iterating [analytical]:  15%|#5        | 3/20 [00:09<00:55,  3.26s/it, RMSE=23.523TECU, a=0.42, rel_dP=6.85e-02]  [EKF] iterating [analytical]:  15%|#5        | 3/20 [00:13<00:55,  3.26s/it, RMSE=17.422TECU, a=0.55, rel_dP=6.74e-02]  [EKF] iterating [analytical]:  20%|##        | 4/20 [00:13<00:53,  3.36s/it, RMSE=17.422TECU, a=0.55, rel_dP=6.74e-02]  [EKF] iterating [analytical]:  20%|##        | 4/20 [00:16<00:53,  3.36s/it, RMSE=14.370TECU, a=0.71, rel_dP=7.27e-02]  [EKF] iterating [analytical]:  25%|##5       | 5/20 [00:16<00:49,  3.32s/it, RMSE=14.370TECU, a=0.71, rel_dP=7.27e-02]  [EKF] iterating [analytical]:  25%|##5       | 5/20 [00:19<00:49,  3.32s/it, RMSE=13.377TECU, a=0.93, rel_dP=5.43e-02]  [EKF] iterating [analytical]:  30%|###       | 6/20 [00:19<00:45,  3.28s/it, RMSE=13.377TECU, a=0.93, rel_dP=5.43e-02]  [EKF] iterating [analytical]:  30%|###       | 6/20 [00:23<00:45,  3.28s/it, RMSE=12.932TECU, a=1.00, rel_dP=4.53e-02]  [EKF] iterating [analytical]:  35%|###5      | 7/20 [00:23<00:44,  3.40s/it, RMSE=12.932TECU, a=1.00, rel_dP=4.53e-02]  [EKF] iterating [analytical]:  35%|###5      | 7/20 [00:26<00:44,  3.40s/it, RMSE=12.676TECU, a=1.00, rel_dP=2.89e-02]  [EKF] iterating [analytical]:  40%|####      | 8/20 [00:26<00:39,  3.33s/it, RMSE=12.676TECU, a=1.00, rel_dP=2.89e-02]  [EKF] iterating [analytical]:  40%|####      | 8/20 [00:29<00:39,  3.33s/it, RMSE=12.676TECU, a=0.50, note=reject]      [EKF] iterating [analytical]:  45%|####5     | 9/20 [00:29<00:35,  3.27s/it, RMSE=12.676TECU, a=0.50, note=reject]  [EKF] iterating [analytical]:  45%|####5     | 9/20 [00:32<00:35,  3.27s/it, RMSE=12.676TECU, a=0.65, rel_dP=1.88e-02]  [EKF] iterating [analytical]:  50%|#####     | 10/20 [00:32<00:32,  3.22s/it, RMSE=12.676TECU, a=0.65, rel_dP=1.88e-02]  [EKF] iterating [analytical]:  50%|#####     | 10/20 [00:35<00:32,  3.22s/it, RMSE=12.676TECU, a=0.33, note=reject]      [EKF] iterating [analytical]:  55%|#####5    | 11/20 [00:35<00:28,  3.19s/it, RMSE=12.676TECU, a=0.33, note=reject]  [EKF] iterating [analytical]:  55%|#####5    | 11/20 [00:39<00:28,  3.19s/it, RMSE=12.676TECU, a=0.42, rel_dP=1.22e-02]  [EKF] iterating [analytical]:  60%|######    | 12/20 [00:39<00:25,  3.20s/it, RMSE=12.676TECU, a=0.42, rel_dP=1.22e-02]  [EKF] iterating [analytical]:  60%|######    | 12/20 [00:42<00:25,  3.20s/it, RMSE=12.676TECU, a=0.21, note=reject]      [EKF] iterating [analytical]:  65%|######5   | 13/20 [00:42<00:22,  3.16s/it, RMSE=12.676TECU, a=0.21, note=reject]  [EKF] iterating [analytical]:  65%|######5   | 13/20 [00:45<00:22,  3.16s/it, RMSE=12.676TECU, a=0.27, rel_dP=7.94e-03]  [EKF] iterating [analytical]:  70%|#######   | 14/20 [00:45<00:18,  3.16s/it, RMSE=12.676TECU, a=0.27, rel_dP=7.94e-03]  [EKF] iterating [analytical]:  70%|#######   | 14/20 [00:48<00:18,  3.16s/it, RMSE=12.673TECU, a=0.36, rel_dP=1.02e-02]  [EKF] iterating [analytical]:  75%|#######5  | 15/20 [00:48<00:15,  3.17s/it, RMSE=12.673TECU, a=0.36, rel_dP=1.02e-02]  [EKF] iterating [analytical]:  75%|#######5  | 15/20 [00:51<00:15,  3.17s/it, RMSE=12.673TECU, a=0.18, note=reject]      [EKF] iterating [analytical]:  80%|########  | 16/20 [00:51<00:12,  3.15s/it, RMSE=12.673TECU, a=0.18, note=reject]  [EKF] iterating [analytical]:  80%|########  | 16/20 [00:54<00:12,  3.15s/it, RMSE=12.673TECU, a=0.23, rel_dP=6.65e-03]  [EKF] iterating [analytical]:  85%|########5 | 17/20 [00:54<00:09,  3.14s/it, RMSE=12.673TECU, a=0.23, rel_dP=6.65e-03]  [EKF] iterating [analytical]:  85%|########5 | 17/20 [00:57<00:09,  3.14s/it, RMSE=12.673TECU, a=0.12, note=reject]      [EKF] iterating [analytical]:  90%|######### | 18/20 [00:57<00:06,  3.14s/it, RMSE=12.673TECU, a=0.12, note=reject]  [EKF] iterating [analytical]:  90%|######### | 18/20 [01:01<00:06,  3.14s/it, RMSE=12.673TECU, a=0.15, rel_dP=4.32e-03]  [EKF] iterating [analytical]:  95%|#########5| 19/20 [01:01<00:03,  3.16s/it, RMSE=12.673TECU, a=0.15, rel_dP=4.32e-03]  [EKF] iterating [analytical]:  95%|#########5| 19/20 [01:04<00:03,  3.16s/it, RMSE=12.673TECU, a=0.08, note=reject]      [EKF] iterating [analytical]: 100%|##########| 20/20 [01:04<00:00,  3.19s/it, RMSE=12.673TECU, a=0.08, note=reject]                                                                                                                       [EKF] stage 1 reached max_iter=20 without convergence  (final ||ΔP||/||P|| = 4.32e-03, RMSE=12.70TECU vs tol 5.0)
  [EKF] Posterior innovations  mean=-1.45  std=12.59  max_abs=67.13 TECU
  [EKF] Prior RMSE 40.155 TECU  →  Post RMSE 12.441 TECU
  Saved EKF convergence plot → /home/austinhunter/IonosphereTomography/Figures/ISR_DA_Comparison/OUTPUT/2025-08-27_0912/bin_35/ro_only/2025-08-27_0912_ro_only_ekf_convergence.png
◀◀◀ _run_or_load END   | 2025-08-27_0912 | bin=35  | ro_only   | parametric_ekf : DONE       (85.0s) -> status=Success
▶▶▶ _run_or_load START | 2025-08-27_0912 | bin=35  | ro_igs    | parametric_ekf
    [diag] 2025-08-27_0912 | bin=35  | ro_igs    | parametric_ekf : RUNNING    (force=True, cached=False) ...
  [EKF] Building IRI state at 32 grid points (batch call) …
  [EnKF] Estimating background covariance from 50 EDP samples x 32 grid points ...
  [EnKF] Parameter sigma: log10(NmF2)=0.15  hmF2=20  H0=15  gamma=0.15  B0=20  B1=0.3  log10(NmE)=0.2  hmE=8
  [EnKF] Spatial corr (Ne-space KF method): mean=0.971  max=1.000  min=0.835
  [EKF] Running EKF_Param on 41 arc(s) …
  [EKF] 41 arcs  |  2502 profile rays  |  1428 update rays  |  n_state = 256
  [EKF] Prior innovations  mean=-34.28  std=22.59  max_abs=78.10 TECU
  [EKF] stage 1/1: free=[log10(NmF2),hmF2,H0,gamma,B0,log10(NmE)] (6/8 params)
  [EKF] iterating [analytical]:   0%|          | 0/20 [00:00<?, ?it/s]  [EKF] iterating [analytical]:   0%|          | 0/20 [00:03<?, ?it/s, RMSE=41.054TECU, a=0.25, rel_dP=6.80e-02]  [EKF] iterating [analytical]:   5%|5         | 1/20 [00:03<01:02,  3.30s/it, RMSE=41.054TECU, a=0.25, rel_dP=6.80e-02]  [EKF] iterating [analytical]:   5%|5         | 1/20 [00:06<01:02,  3.30s/it, RMSE=31.756TECU, a=0.33, rel_dP=7.53e-02]  [EKF] iterating [analytical]:  10%|#         | 2/20 [00:06<01:00,  3.34s/it, RMSE=31.756TECU, a=0.33, rel_dP=7.53e-02]  [EKF] iterating [analytical]:  10%|#         | 2/20 [00:09<01:00,  3.34s/it, RMSE=23.880TECU, a=0.42, rel_dP=7.16e-02]  [EKF] iterating [analytical]:  15%|#5        | 3/20 [00:09<00:56,  3.31s/it, RMSE=23.880TECU, a=0.42, rel_dP=7.16e-02]  [EKF] iterating [analytical]:  15%|#5        | 3/20 [00:13<00:56,  3.31s/it, RMSE=18.074TECU, a=0.55, rel_dP=6.74e-02]  [EKF] iterating [analytical]:  20%|##        | 4/20 [00:13<00:52,  3.30s/it, RMSE=18.074TECU, a=0.55, rel_dP=6.74e-02]  [EKF] iterating [analytical]:  20%|##        | 4/20 [00:16<00:52,  3.30s/it, RMSE=15.402TECU, a=0.71, rel_dP=7.04e-02]  [EKF] iterating [analytical]:  25%|##5       | 5/20 [00:16<00:49,  3.28s/it, RMSE=15.402TECU, a=0.71, rel_dP=7.04e-02]  [EKF] iterating [analytical]:  25%|##5       | 5/20 [00:19<00:49,  3.28s/it, RMSE=14.508TECU, a=0.93, rel_dP=6.99e-02]  [EKF] iterating [analytical]:  30%|###       | 6/20 [00:19<00:46,  3.31s/it, RMSE=14.508TECU, a=0.93, rel_dP=6.99e-02]  [EKF] iterating [analytical]:  30%|###       | 6/20 [00:23<00:46,  3.31s/it, RMSE=14.142TECU, a=1.00, rel_dP=6.97e-02]  [EKF] iterating [analytical]:  35%|###5      | 7/20 [00:23<00:42,  3.29s/it, RMSE=14.142TECU, a=1.00, rel_dP=6.97e-02]  [EKF] iterating [analytical]:  35%|###5      | 7/20 [00:26<00:42,  3.29s/it, RMSE=13.896TECU, a=1.00, rel_dP=4.37e-02]  [EKF] iterating [analytical]:  40%|####      | 8/20 [00:26<00:39,  3.30s/it, RMSE=13.896TECU, a=1.00, rel_dP=4.37e-02]  [EKF] iterating [analytical]:  40%|####      | 8/20 [00:29<00:39,  3.30s/it, RMSE=13.685TECU, a=1.00, rel_dP=2.56e-02]  [EKF] iterating [analytical]:  45%|####5     | 9/20 [00:29<00:36,  3.30s/it, RMSE=13.685TECU, a=1.00, rel_dP=2.56e-02]  [EKF] iterating [analytical]:  45%|####5     | 9/20 [00:32<00:36,  3.30s/it, RMSE=13.595TECU, a=1.00, rel_dP=2.97e-02]  [EKF] iterating [analytical]:  50%|#####     | 10/20 [00:32<00:32,  3.28s/it, RMSE=13.595TECU, a=1.00, rel_dP=2.97e-02]  [EKF] iterating [analytical]:  50%|#####     | 10/20 [00:36<00:32,  3.28s/it, RMSE=13.595TECU, a=0.50, note=reject]      [EKF] iterating [analytical]:  55%|#####5    | 11/20 [00:36<00:29,  3.25s/it, RMSE=13.595TECU, a=0.50, note=reject]  [EKF] iterating [analytical]:  55%|#####5    | 11/20 [00:39<00:29,  3.25s/it, RMSE=13.595TECU, a=0.65, rel_dP=1.93e-02]  [EKF] iterating [analytical]:  60%|######    | 12/20 [00:39<00:25,  3.24s/it, RMSE=13.595TECU, a=0.65, rel_dP=1.93e-02]  [EKF] iterating [analytical]:  60%|######    | 12/20 [00:42<00:25,  3.24s/it, RMSE=13.595TECU, a=0.33, note=reject]      [EKF] iterating [analytical]:  65%|######5   | 13/20 [00:42<00:22,  3.26s/it, RMSE=13.595TECU, a=0.33, note=reject]  [EKF] iterating [analytical]:  65%|######5   | 13/20 [00:45<00:22,  3.26s/it, RMSE=13.595TECU, a=0.42, rel_dP=1.25e-02]  [EKF] iterating [analytical]:  70%|#######   | 14/20 [00:45<00:19,  3.27s/it, RMSE=13.595TECU, a=0.42, rel_dP=1.25e-02]  [EKF] iterating [analytical]:  70%|#######   | 14/20 [00:49<00:19,  3.27s/it, RMSE=13.595TECU, a=0.21, note=reject]      [EKF] iterating [analytical]:  75%|#######5  | 15/20 [00:49<00:16,  3.23s/it, RMSE=13.595TECU, a=0.21, note=reject]  [EKF] iterating [analytical]:  75%|#######5  | 15/20 [00:52<00:16,  3.23s/it, RMSE=13.595TECU, a=0.27, rel_dP=8.15e-03]  [EKF] iterating [analytical]:  80%|########  | 16/20 [00:52<00:13,  3.27s/it, RMSE=13.595TECU, a=0.27, rel_dP=8.15e-03]  [EKF] iterating [analytical]:  80%|########  | 16/20 [00:55<00:13,  3.27s/it, RMSE=13.595TECU, a=0.14, note=reject]      [EKF] iterating [analytical]:  85%|########5 | 17/20 [00:55<00:09,  3.23s/it, RMSE=13.595TECU, a=0.14, note=reject]  [EKF] iterating [analytical]:  85%|########5 | 17/20 [00:58<00:09,  3.23s/it, RMSE=13.595TECU, a=0.18, rel_dP=5.30e-03]  [EKF] iterating [analytical]:  90%|######### | 18/20 [00:58<00:06,  3.23s/it, RMSE=13.595TECU, a=0.18, rel_dP=5.30e-03]  [EKF] iterating [analytical]:  90%|######### | 18/20 [01:01<00:06,  3.23s/it, RMSE=13.595TECU, a=0.09, note=reject]      [EKF] iterating [analytical]:  95%|#########5| 19/20 [01:01<00:03,  3.20s/it, RMSE=13.595TECU, a=0.09, note=reject]  [EKF] iterating [analytical]:  95%|#########5| 19/20 [01:05<00:03,  3.20s/it, RMSE=13.595TECU, a=0.12, rel_dP=3.44e-03]  [EKF] iterating [analytical]: 100%|##########| 20/20 [01:05<00:00,  3.21s/it, RMSE=13.595TECU, a=0.12, rel_dP=3.44e-03]                                                                                                                           [EKF] stage 1 reached max_iter=20 without convergence  (final ||ΔP||/||P|| = 3.44e-03, RMSE=13.59TECU vs tol 5.0)
  [EKF] Posterior innovations  mean=-1.05  std=13.59  max_abs=69.36 TECU
  [EKF] Prior RMSE 40.114 TECU  →  Post RMSE 12.915 TECU
  Saved EKF convergence plot → /home/austinhunter/IonosphereTomography/Figures/ISR_DA_Comparison/OUTPUT/2025-08-27_0912/bin_35/ro_igs/2025-08-27_0912_ro_igs_ekf_convergence.png
◀◀◀ _run_or_load END   | 2025-08-27_0912 | bin=35  | ro_igs    | parametric_ekf : DONE       (86.3s) -> status=Success
▶▶▶ _run_or_load START | 2025-08-27_0912 | bin=35  | igs_only  | parametric_ekf
    [diag] 2025-08-27_0912 | bin=35  | igs_only  | parametric_ekf : RUNNING    (force=True, cached=False) ...
  [EKF] Building IRI state at 192 grid points (batch call) …
  [EnKF] Estimating background covariance from 500 EDP samples x 192 grid points ...
  [EnKF] Parameter sigma: log10(NmF2)=0.15  hmF2=20  H0=15  gamma=0.15  B0=20  B1=0.3  log10(NmE)=0.2  hmE=8
  [EnKF] Spatial corr (Ne-space KF method): mean=0.957  max=1.000  min=0.107
  [EKF] Running EKF_Param on 23 arc(s) …
  [EKF] 23 arcs  |  23 profile rays  |  23 update rays  |  n_state = 1536
  [EKF] Prior innovations  mean=31.37  std=15.93  max_abs=55.37 TECU
  [EKF] stage 1/1: free=[log10(NmF2),hmF2,H0,gamma,B0,log10(NmE)] (6/8 params)
  [EKF] iterating [analytical]:   0%|          | 0/20 [00:00<?, ?it/s]  [EKF] iterating [analytical]:   0%|          | 0/20 [00:00<?, ?it/s, RMSE=35.177TECU, a=0.25, rel_dP=4.27e-03]  [EKF] iterating [analytical]:   0%|          | 0/20 [00:00<?, ?it/s, RMSE=28.859TECU, a=0.33, rel_dP=4.98e-03]  [EKF] iterating [analytical]:  10%|#         | 2/20 [00:00<00:01,  9.08it/s, RMSE=28.859TECU, a=0.33, rel_dP=4.98e-03]  [EKF] iterating [analytical]:  10%|#         | 2/20 [00:00<00:01,  9.08it/s, RMSE=23.405TECU, a=0.42, rel_dP=7.40e-03]  [EKF] iterating [analytical]:  15%|#5        | 3/20 [00:00<00:01,  8.63it/s, RMSE=23.405TECU, a=0.42, rel_dP=7.40e-03]  [EKF] iterating [analytical]:  15%|#5        | 3/20 [00:00<00:01,  8.63it/s, RMSE=19.919TECU, a=0.55, rel_dP=7.35e-03]  [EKF] iterating [analytical]:  20%|##        | 4/20 [00:00<00:02,  7.48it/s, RMSE=19.919TECU, a=0.55, rel_dP=7.35e-03]  [EKF] iterating [analytical]:  20%|##        | 4/20 [00:00<00:02,  7.48it/s, RMSE=18.415TECU, a=0.71, rel_dP=1.16e-02]  [EKF] iterating [analytical]:  25%|##5       | 5/20 [00:00<00:02,  7.43it/s, RMSE=18.415TECU, a=0.71, rel_dP=1.16e-02]  [EKF] iterating [analytical]:  25%|##5       | 5/20 [00:00<00:02,  7.43it/s, RMSE=18.033TECU, a=0.93, rel_dP=1.70e-02]  [EKF] iterating [analytical]:  30%|###       | 6/20 [00:00<00:01,  7.17it/s, RMSE=18.033TECU, a=0.93, rel_dP=1.70e-02]  [EKF] iterating [analytical]:  30%|###       | 6/20 [00:00<00:01,  7.17it/s, RMSE=17.967TECU, a=1.00, rel_dP=1.63e-02]  [EKF] iterating [analytical]:  35%|###5      | 7/20 [00:00<00:01,  7.59it/s, RMSE=17.967TECU, a=1.00, rel_dP=1.63e-02]  [EKF] iterating [analytical]:  35%|###5      | 7/20 [00:01<00:01,  7.59it/s, RMSE=17.939TECU, a=1.00, rel_dP=1.71e-02]  [EKF] iterating [analytical]:  40%|####      | 8/20 [00:01<00:01,  7.90it/s, RMSE=17.939TECU, a=1.00, rel_dP=1.71e-02]  [EKF] iterating [analytical]:  40%|####      | 8/20 [00:01<00:01,  7.90it/s, RMSE=17.913TECU, a=1.00, rel_dP=1.57e-02]  [EKF] iterating [analytical]:  45%|####5     | 9/20 [00:01<00:01,  8.01it/s, RMSE=17.913TECU, a=1.00, rel_dP=1.57e-02]  [EKF] iterating [analytical]:  45%|####5     | 9/20 [00:01<00:01,  8.01it/s, RMSE=17.883TECU, a=1.00, rel_dP=1.64e-02]  [EKF] iterating [analytical]:  50%|#####     | 10/20 [00:01<00:01,  8.11it/s, RMSE=17.883TECU, a=1.00, rel_dP=1.64e-02]  [EKF] iterating [analytical]:  50%|#####     | 10/20 [00:01<00:01,  8.11it/s, RMSE=17.850TECU, a=1.00, rel_dP=1.52e-02]  [EKF] iterating [analytical]:  55%|#####5    | 11/20 [00:01<00:01,  8.06it/s, RMSE=17.850TECU, a=1.00, rel_dP=1.52e-02]  [EKF] iterating [analytical]:  55%|#####5    | 11/20 [00:01<00:01,  8.06it/s, RMSE=17.826TECU, a=1.00, rel_dP=1.33e-02]  [EKF] iterating [analytical]:  60%|######    | 12/20 [00:01<00:00,  8.17it/s, RMSE=17.826TECU, a=1.00, rel_dP=1.33e-02]  [EKF] iterating [analytical]:  60%|######    | 12/20 [00:01<00:00,  8.17it/s, RMSE=17.806TECU, a=1.00, rel_dP=1.31e-02]  [EKF] iterating [analytical]:  65%|######5   | 13/20 [00:01<00:00,  8.39it/s, RMSE=17.806TECU, a=1.00, rel_dP=1.31e-02]  [EKF] iterating [analytical]:  65%|######5   | 13/20 [00:01<00:00,  8.39it/s, RMSE=17.781TECU, a=1.00, rel_dP=1.63e-02]  [EKF] iterating [analytical]:  70%|#######   | 14/20 [00:01<00:00,  8.39it/s, RMSE=17.781TECU, a=1.00, rel_dP=1.63e-02]  [EKF] iterating [analytical]:  70%|#######   | 14/20 [00:01<00:00,  8.39it/s, RMSE=17.749TECU, a=1.00, rel_dP=1.71e-02]  [EKF] iterating [analytical]:  75%|#######5  | 15/20 [00:01<00:00,  8.55it/s, RMSE=17.749TECU, a=1.00, rel_dP=1.71e-02]  [EKF] iterating [analytical]:  75%|#######5  | 15/20 [00:01<00:00,  8.55it/s, RMSE=17.716TECU, a=1.00, rel_dP=1.43e-02]  [EKF] iterating [analytical]:  80%|########  | 16/20 [00:01<00:00,  8.46it/s, RMSE=17.716TECU, a=1.00, rel_dP=1.43e-02]  [EKF] iterating [analytical]:  80%|########  | 16/20 [00:02<00:00,  8.46it/s, RMSE=17.694TECU, a=1.00, rel_dP=1.20e-02]  [EKF] iterating [analytical]:  85%|########5 | 17/20 [00:02<00:00,  8.51it/s, RMSE=17.694TECU, a=1.00, rel_dP=1.20e-02]  [EKF] iterating [analytical]:  85%|########5 | 17/20 [00:02<00:00,  8.51it/s, RMSE=17.674TECU, a=1.00, rel_dP=1.28e-02]  [EKF] iterating [analytical]:  90%|######### | 18/20 [00:02<00:00,  8.55it/s, RMSE=17.674TECU, a=1.00, rel_dP=1.28e-02]  [EKF] iterating [analytical]:  90%|######### | 18/20 [00:02<00:00,  8.55it/s, RMSE=17.652TECU, a=1.00, rel_dP=1.41e-02]  [EKF] iterating [analytical]:  95%|#########5| 19/20 [00:02<00:00,  8.53it/s, RMSE=17.652TECU, a=1.00, rel_dP=1.41e-02]  [EKF] iterating [analytical]:  95%|#########5| 19/20 [00:02<00:00,  8.53it/s, RMSE=17.624TECU, a=1.00, rel_dP=1.31e-02]  [EKF] iterating [analytical]: 100%|##########| 20/20 [00:02<00:00,  8.19it/s, RMSE=17.624TECU, a=1.00, rel_dP=1.31e-02]                                                                                                                           [EKF] stage 1 reached max_iter=20 without convergence  (final ||ΔP||/||P|| = 1.31e-02, RMSE=17.62TECU vs tol 5.0)
  [EKF] Posterior innovations  mean=1.79  std=17.50  max_abs=29.80 TECU
  [EKF] Prior RMSE 35.177 TECU  →  Post RMSE 17.596 TECU
  Saved EKF convergence plot → /home/austinhunter/IonosphereTomography/Figures/ISR_DA_Comparison/OUTPUT/2025-08-27_0912/bin_35/igs_only/2025-08-27_0912_igs_only_ekf_convergence.png
◀◀◀ _run_or_load END   | 2025-08-27_0912 | bin=35  | igs_only  | parametric_ekf : DONE       (497.1s) -> status=ok (no 'status' key)
  [diag] 2025-08-27_0912 | bin=35 : summary of 6 obs_mode/filter_type combos
           ro_only   | gridded_kf     -> Success
           ro_only   | parametric_ekf -> Success
           ro_igs    | gridded_kf     -> Success
           ro_igs    | parametric_ekf -> Success
           igs_only  | gridded_kf     -> ok (no 'status' key)
           igs_only  | parametric_ekf -> ok (no 'status' key)

▶▶▶ compute_isr_metrics START | group=2025-08-27_0912 bin=35
◀◀◀ compute_isr_metrics END   | group=2025-08-27_0912 bin=35 -> 0 metric row(s)

▶▶▶ _plot_group_all_modes START | group=2025-08-27_0912
  [diag] 2025-08-27_0912/ro_igs/gridded_kf: arc-innovation panels thinned to 18 RO + 20/23 representative IGS arcs (of 41 total)
  [diag] 2025-08-27_0912/ro_igs/parametric_ekf: arc-innovation panels thinned to 18 RO + 20/23 representative IGS arcs (of 41 total)
  [diag] 2025-08-27_0912/igs_only/gridded_kf: arc-innovation panels thinned to 0 RO + 20/23 representative IGS arcs (of 23 total)
  [diag] 2025-08-27_0912/igs_only/parametric_ekf: arc-innovation panels thinned to 0 RO + 20/23 representative IGS arcs (of 23 total)
/home/austinhunter/Downloads/PlanetiQ_Code/venv311/lib/python3.11/site-packages/shapely/creation.py:218: RuntimeWarning: invalid value encountered in linestrings
  return lib.linestrings(coords, np.intc(handle_nan), out=out, **kwargs)
/home/austinhunter/IonosphereTomography/plotIonosphereTomography.py:3914: UserWarning: This figure includes Axes that are not compatible with tight_layout, so results might be incorrect.
  plt.tight_layout(rect=[0, 0, 1, 0.98])
/home/austinhunter/IonosphereTomography/plotIonosphereTomography.py:3914: UserWarning: This figure includes Axes that are not compatible with tight_layout, so results might be incorrect.
  plt.tight_layout(rect=[0, 0, 1, 0.98])
/home/austinhunter/IonosphereTomography/plotIonosphereTomography.py:3914: UserWarning: This figure includes Axes that are not compatible with tight_layout, so results might be incorrect.
  plt.tight_layout(rect=[0, 0, 1, 0.98])
◀◀◀ _plot_group_all_modes END   | group=2025-08-27_0912
No valid descending tangent points found. Skipping.
No valid descending tangent points found. Skipping.
No valid descending tangent points found. Skipping.
No valid descending tangent points found. Skipping.
No valid descending tangent points found. Skipping.
No valid descending tangent points found. Skipping.
No valid descending tangent points found. Skipping.
No valid descending tangent points found. Skipping.
No valid descending tangent points found. Skipping.
No valid descending tangent points found. Skipping.
No valid descending tangent points found. Skipping.
No valid descending tangent points found. Skipping.
No valid descending tangent points found. Skipping.
No valid descending tangent points found. Skipping.
▶▶▶ _run_or_load START | 2025-08-27_0912 | bin=25  | ro_only   | gridded_kf    
    [diag] 2025-08-27_0912 | bin=25  | ro_only   | gridded_kf     : RUNNING    (force=True, cached=False) ...

────────────────────────────────────────────────────────────
  Group : 2025-08-27_0912
  Window: 2025-08-27_0912  |  Region: POLAR_N  |  25 occultation(s)
────────────────────────────────────────────────────────────
No valid descending tangent points found. Skipping.
    [skip] podTc2_YM08.2025.239.08.55.0012.G09.01_0000.0001_nc — parse returned None
No valid descending tangent points found. Skipping.
    [skip] podTc2_GN04.2025.239.09.07.0018.C26.01_0000.0001_nc — parse returned None
No valid descending tangent points found. Skipping.
    [skip] podTc2_YM08.2025.239.09.08.0008.G12.00_0000.0001_nc — parse returned None
No valid descending tangent points found. Skipping.
    [skip] podTc2_GN04.2025.239.09.09.0022.E31.01_0000.0001_nc — parse returned None
No valid descending tangent points found. Skipping.
    [skip] podTc2_GN04.2025.239.09.10.0016.E26.01_0000.0001_nc — parse returned None
No valid descending tangent points found. Skipping.
    [skip] podTc2_GN04.2025.239.09.10.0017.E26.01_0000.0001_nc — parse returned None
No valid descending tangent points found. Skipping.
    [skip] podTc2_YM08.2025.239.09.11.0020.G25.00_0000.0001_nc — parse returned None
No valid descending tangent points found. Skipping.
    [skip] podTc2_YM08.2025.239.09.13.0018.C35.00_0000.0001_nc — parse returned None
No valid descending tangent points found. Skipping.
    [skip] podTc2_GN04.2025.239.09.15.0011.R03.01_0000.0001_nc — parse returned None
No valid descending tangent points found. Skipping.
    [skip] podTc2_GN05.2025.239.09.23.0018.E26.01_0000.0001_nc — parse returned None
No valid descending tangent points found. Skipping.
    [skip] podTc2_GN05.2025.239.09.26.0015.E31.01_0000.0001_nc — parse returned None
No valid descending tangent points found. Skipping.
    [skip] podTc2_GN05.2025.239.09.26.0015.G25.01_0000.0001_nc — parse returned None
No valid descending tangent points found. Skipping.
    [skip] podTc2_GN05.2025.239.09.27.0015.C24.01_0000.0001_nc — parse returned None
No valid descending tangent points found. Skipping.
    [skip] podTc2_GN04.2025.239.09.34.0012.G09.00_0000.0001_nc — parse returned None
  Parsed 11/25 files successfully.
    [podTc2] GN04 09:24 — 452 valid rays → decimated to 151 (stride 3)
    [podTc2] YM08 09:17 — 77 valid rays → decimated to 77 (stride 1)
    [podTc2] YM08 09:11 — 118 valid rays → decimated to 118 (stride 1)
    [podTc2] GN04 09:37 — 377 valid rays → decimated to 189 (stride 2)
    [podTc2] YM08 09:13 — 406 valid rays → decimated to 136 (stride 3)
    [podTc2] GN04 09:14 — 357 valid rays → decimated to 179 (stride 2)
    [podTc2] YM08 09:16 — 379 valid rays → decimated to 190 (stride 2)
    [podTc2] GN05 09:42 — 78 valid rays → decimated to 78 (stride 1)
    [podTc2] GN05 09:41 — 633 valid rays → decimated to 159 (stride 4)
    [podTc2] GN05 09:46 — 337 valid rays → decimated to 169 (stride 2)
    [podTc2] GN05 09:44 — 143 valid rays → decimated to 143 (stride 1)
  Bbox lat [21.9, 87.0]  lon [-33.3, 33.8]  |  union vertices: 29
  Final group: 11 occultation(s), 29 union-mesh vertices
  Saved trim diagnostic → /home/austinhunter/IonosphereTomography/Figures/ISR_DA_Comparison/OUTPUT/2025-08-27_0912/bin_25/ro_only/group_2025-08-27_0912_trim.png
  -> Building H matrices (1589 rays across 11 arc(s), single parallel sweep) …
  -> Building H matrices:    158/1589 rays (  9.9%)
  -> Building H matrices:    316/1589 rays ( 19.9%)
  -> Building H matrices:    474/1589 rays ( 29.8%)
  -> Building H matrices:    632/1589 rays ( 39.8%)
  -> Building H matrices:    790/1589 rays ( 49.7%)
  -> Building H matrices:    948/1589 rays ( 59.7%)
  -> Building H matrices:   1106/1589 rays ( 69.6%)
  -> Building H matrices:   1264/1589 rays ( 79.5%)
  -> Building H matrices:   1422/1589 rays ( 89.5%)
  -> Building H matrices:   1580/1589 rays ( 99.4%)
  -> Building H matrices:   1589/1589 rays (100.0%)
  Combined H shape : (1589, 1624)  (total rays = 1589)
  Skipping sequential KF assimilation (run_sequential=False).
  Running joint (batch) KF assimilation …
  Prior RMSE  : 51.947 TECU
  Post  RMSE  : 28.680 TECU
    [Abel] GN04 09:24: NmF2=6.05e+11 m⁻³  hmF2=284.1 km
    [Abel] YM08 09:17: NmF2=8.57e+10 m⁻³  hmF2=538.0 km
    [Abel] YM08 09:11: NmF2=1.41e+11 m⁻³  hmF2=501.4 km
    [Abel] GN04 09:37: NmF2=7.61e+11 m⁻³  hmF2=276.9 km
    [Abel] YM08 09:13: NmF2=3.68e+11 m⁻³  hmF2=269.2 km
    [Abel] GN04 09:14: NmF2=5.77e+11 m⁻³  hmF2=283.5 km
    [Abel] YM08 09:16: NmF2=3.46e+11 m⁻³  hmF2=466.4 km
    [Abel] GN05 09:42: NmF2=1.32e+11 m⁻³  hmF2=565.4 km
    [Abel] GN05 09:41: NmF2=5.69e+11 m⁻³  hmF2=271.9 km
    [Abel] GN05 09:46: NmF2=4.50e+11 m⁻³  hmF2=294.2 km
    [Abel] GN05 09:44: NmF2=1.83e+11 m⁻³  hmF2=518.4 km
◀◀◀ _run_or_load END   | 2025-08-27_0912 | bin=25  | ro_only   | gridded_kf     : DONE       (16.2s) -> status=Success
▶▶▶ _run_or_load START | 2025-08-27_0912 | bin=25  | ro_igs    | gridded_kf    
    [diag] 2025-08-27_0912 | bin=25  | ro_igs    | gridded_kf     : RUNNING    (force=True, cached=False) ...

────────────────────────────────────────────────────────────
  Group : 2025-08-27_0912
  Window: 2025-08-27_0912  |  Region: POLAR_N  |  25 occultation(s)
────────────────────────────────────────────────────────────
No valid descending tangent points found. Skipping.
    [skip] podTc2_YM08.2025.239.08.55.0012.G09.01_0000.0001_nc — parse returned None
No valid descending tangent points found. Skipping.
    [skip] podTc2_GN04.2025.239.09.07.0018.C26.01_0000.0001_nc — parse returned None
No valid descending tangent points found. Skipping.
    [skip] podTc2_YM08.2025.239.09.08.0008.G12.00_0000.0001_nc — parse returned None
No valid descending tangent points found. Skipping.
    [skip] podTc2_GN04.2025.239.09.09.0022.E31.01_0000.0001_nc — parse returned None
No valid descending tangent points found. Skipping.
    [skip] podTc2_GN04.2025.239.09.10.0016.E26.01_0000.0001_nc — parse returned None
No valid descending tangent points found. Skipping.
    [skip] podTc2_GN04.2025.239.09.10.0017.E26.01_0000.0001_nc — parse returned None
No valid descending tangent points found. Skipping.
    [skip] podTc2_YM08.2025.239.09.11.0020.G25.00_0000.0001_nc — parse returned None
No valid descending tangent points found. Skipping.
    [skip] podTc2_YM08.2025.239.09.13.0018.C35.00_0000.0001_nc — parse returned None
No valid descending tangent points found. Skipping.
    [skip] podTc2_GN04.2025.239.09.15.0011.R03.01_0000.0001_nc — parse returned None
No valid descending tangent points found. Skipping.
    [skip] podTc2_GN05.2025.239.09.23.0018.E26.01_0000.0001_nc — parse returned None
No valid descending tangent points found. Skipping.
    [skip] podTc2_GN05.2025.239.09.26.0015.E31.01_0000.0001_nc — parse returned None
No valid descending tangent points found. Skipping.
    [skip] podTc2_GN05.2025.239.09.26.0015.G25.01_0000.0001_nc — parse returned None
No valid descending tangent points found. Skipping.
    [skip] podTc2_GN05.2025.239.09.27.0015.C24.01_0000.0001_nc — parse returned None
No valid descending tangent points found. Skipping.
    [skip] podTc2_GN04.2025.239.09.34.0012.G09.00_0000.0001_nc — parse returned None
  Parsed 11/25 files successfully.
    [podTc2] GN04 09:24 — 452 valid rays → decimated to 151 (stride 3)
    [podTc2] YM08 09:17 — 77 valid rays → decimated to 77 (stride 1)
    [podTc2] YM08 09:11 — 118 valid rays → decimated to 118 (stride 1)
    [podTc2] GN04 09:37 — 377 valid rays → decimated to 189 (stride 2)
    [podTc2] YM08 09:13 — 406 valid rays → decimated to 136 (stride 3)
    [podTc2] GN04 09:14 — 357 valid rays → decimated to 179 (stride 2)
    [podTc2] YM08 09:16 — 379 valid rays → decimated to 190 (stride 2)
    [podTc2] GN05 09:42 — 78 valid rays → decimated to 78 (stride 1)
    [podTc2] GN05 09:41 — 633 valid rays → decimated to 159 (stride 4)
    [podTc2] GN05 09:46 — 337 valid rays → decimated to 169 (stride 2)
    [podTc2] GN05 09:44 — 143 valid rays → decimated to 143 (stride 1)
  Bbox lat [21.9, 87.0]  lon [-33.3, 33.8]  |  union vertices: 29
  Final group: 11 occultation(s), 29 union-mesh vertices
  Saved trim diagnostic → /home/austinhunter/IonosphereTomography/Figures/ISR_DA_Comparison/OUTPUT/2025-08-27_0912/bin_25/ro_igs/group_2025-08-27_0912_trim.png
  [extra] Injected 23 ground-station arc(s) → total 34 arc(s) in assimilation pool
  -> Building H matrices (1612 rays across 34 arc(s), single parallel sweep) …
  -> Building H matrices:    161/1612 rays ( 10.0%)
  -> Building H matrices:    322/1612 rays ( 20.0%)
  -> Building H matrices:    483/1612 rays ( 30.0%)
  -> Building H matrices:    644/1612 rays ( 40.0%)
  -> Building H matrices:    805/1612 rays ( 49.9%)
  -> Building H matrices:    966/1612 rays ( 59.9%)
  -> Building H matrices:   1127/1612 rays ( 69.9%)
  -> Building H matrices:   1288/1612 rays ( 79.9%)
  -> Building H matrices:   1449/1612 rays ( 89.9%)
  -> Building H matrices:   1610/1612 rays ( 99.9%)
  -> Building H matrices:   1612/1612 rays (100.0%)
  Combined H shape : (1612, 1624)  (total rays = 1612)
  Skipping sequential KF assimilation (run_sequential=False).
  Running joint (batch) KF assimilation …
  Prior RMSE  : 51.786 TECU
  Post  RMSE  : 28.953 TECU
    [Abel] GN04 09:24: NmF2=6.05e+11 m⁻³  hmF2=284.1 km
    [Abel] YM08 09:17: NmF2=8.57e+10 m⁻³  hmF2=538.0 km
    [Abel] YM08 09:11: NmF2=1.41e+11 m⁻³  hmF2=501.4 km
    [Abel] GN04 09:37: NmF2=7.61e+11 m⁻³  hmF2=276.9 km
    [Abel] YM08 09:13: NmF2=3.68e+11 m⁻³  hmF2=269.2 km
    [Abel] GN04 09:14: NmF2=5.77e+11 m⁻³  hmF2=283.5 km
    [Abel] YM08 09:16: NmF2=3.46e+11 m⁻³  hmF2=466.4 km
    [Abel] GN05 09:42: NmF2=1.32e+11 m⁻³  hmF2=565.4 km
    [Abel] GN05 09:41: NmF2=5.69e+11 m⁻³  hmF2=271.9 km
    [Abel] GN05 09:46: NmF2=4.50e+11 m⁻³  hmF2=294.2 km
    [Abel] GN05 09:44: NmF2=1.83e+11 m⁻³  hmF2=518.4 km
    [Abel] Skipped 23 ground-station arc(s) (RO-only technique)
/home/austinhunter/Downloads/PlanetiQ_Code/venv311/lib/python3.11/site-packages/shapely/creation.py:218: RuntimeWarning: invalid value encountered in linestrings
  return lib.linestrings(coords, np.intc(handle_nan), out=out, **kwargs)
◀◀◀ _run_or_load END   | 2025-08-27_0912 | bin=25  | ro_igs    | gridded_kf     : DONE       (14.8s) -> status=Success
▶▶▶ _run_or_load START | 2025-08-27_0912 | bin=25  | igs_only  | gridded_kf    
    [diag] 2025-08-27_0912 | bin=25  | igs_only  | gridded_kf     : RUNNING    (force=True, cached=False) ...
    [Info] Initialising information matrix (n_state=13200) …
    [Info] arcs ingested = 23/23  |  obs rows = 23  |  Λ cond ≈ 2.48e+23
    [Info] Solving …
    [Prior] innovation  mean=40.75  std=15.76  n_obs=23
    [Post ] innovation  mean=31.88  std=13.78
    RMSE:  prior=43.692 TECU  →  post=34.728 TECU
◀◀◀ _run_or_load END   | 2025-08-27_0912 | bin=25  | igs_only  | gridded_kf     : DONE       (73.0s) -> status=ok (no 'status' key)
▶▶▶ _run_or_load START | 2025-08-27_0912 | bin=25  | ro_only   | parametric_ekf
    [diag] 2025-08-27_0912 | bin=25  | ro_only   | parametric_ekf : RUNNING    (force=True, cached=False) ...
  [EKF] Building IRI state at 29 grid points (batch call) …
  [EnKF] Estimating background covariance from 50 EDP samples x 29 grid points ...
  [EnKF] Parameter sigma: log10(NmF2)=0.15  hmF2=20  H0=15  gamma=0.15  B0=20  B1=0.3  log10(NmE)=0.2  hmE=8
  [EnKF] Spatial corr (Ne-space KF method): mean=0.974  max=1.000  min=0.835
  [EKF] Running EKF_Param on 11 arc(s) …
  [EKF] 11 arcs  |  1589 profile rays  |  878 update rays  |  n_state = 232
  [EKF] Prior innovations  mean=-42.12  std=31.20  max_abs=102.58 TECU
  [EKF] stage 1/1: free=[log10(NmF2),hmF2,H0,gamma,B0,log10(NmE)] (6/8 params)
  [EKF] iterating [analytical]:   0%|          | 0/20 [00:00<?, ?it/s]  [EKF] iterating [analytical]:   0%|          | 0/20 [00:02<?, ?it/s, RMSE=52.421TECU, a=0.25, rel_dP=3.66e-02]  [EKF] iterating [analytical]:   5%|5         | 1/20 [00:02<00:38,  2.01s/it, RMSE=52.421TECU, a=0.25, rel_dP=3.66e-02]  [EKF] iterating [analytical]:   5%|5         | 1/20 [00:04<00:38,  2.01s/it, RMSE=42.914TECU, a=0.33, rel_dP=4.28e-02]  [EKF] iterating [analytical]:  10%|#         | 2/20 [00:04<00:36,  2.05s/it, RMSE=42.914TECU, a=0.33, rel_dP=4.28e-02]  [EKF] iterating [analytical]:  10%|#         | 2/20 [00:06<00:36,  2.05s/it, RMSE=35.290TECU, a=0.42, rel_dP=4.19e-02]  [EKF] iterating [analytical]:  15%|#5        | 3/20 [00:06<00:35,  2.06s/it, RMSE=35.290TECU, a=0.42, rel_dP=4.19e-02]  [EKF] iterating [analytical]:  15%|#5        | 3/20 [00:08<00:35,  2.06s/it, RMSE=30.031TECU, a=0.55, rel_dP=3.07e-02]  [EKF] iterating [analytical]:  20%|##        | 4/20 [00:08<00:32,  2.05s/it, RMSE=30.031TECU, a=0.55, rel_dP=3.07e-02]  [EKF] iterating [analytical]:  20%|##        | 4/20 [00:10<00:32,  2.05s/it, RMSE=27.432TECU, a=0.71, rel_dP=2.73e-02]  [EKF] iterating [analytical]:  25%|##5       | 5/20 [00:10<00:30,  2.05s/it, RMSE=27.432TECU, a=0.71, rel_dP=2.73e-02]  [EKF] iterating [analytical]:  25%|##5       | 5/20 [00:12<00:30,  2.05s/it, RMSE=26.594TECU, a=0.93, rel_dP=4.18e-02]  [EKF] iterating [analytical]:  30%|###       | 6/20 [00:12<00:28,  2.05s/it, RMSE=26.594TECU, a=0.93, rel_dP=4.18e-02]  [EKF] iterating [analytical]:  30%|###       | 6/20 [00:14<00:28,  2.05s/it, RMSE=26.380TECU, a=1.00, rel_dP=3.66e-02]  [EKF] iterating [analytical]:  35%|###5      | 7/20 [00:14<00:26,  2.05s/it, RMSE=26.380TECU, a=1.00, rel_dP=3.66e-02]  [EKF] iterating [analytical]:  35%|###5      | 7/20 [00:16<00:26,  2.05s/it, RMSE=26.317TECU, a=1.00, rel_dP=2.06e-02]  [EKF] iterating [analytical]:  40%|####      | 8/20 [00:16<00:24,  2.05s/it, RMSE=26.317TECU, a=1.00, rel_dP=2.06e-02]  [EKF] iterating [analytical]:  40%|####      | 8/20 [00:18<00:24,  2.05s/it, RMSE=26.271TECU, a=1.00, rel_dP=1.35e-02]  [EKF] iterating [analytical]:  45%|####5     | 9/20 [00:18<00:22,  2.07s/it, RMSE=26.271TECU, a=1.00, rel_dP=1.35e-02]  [EKF] iterating [analytical]:  45%|####5     | 9/20 [00:20<00:22,  2.07s/it, RMSE=26.234TECU, a=1.00, rel_dP=8.74e-03]  [EKF] iterating [analytical]:  50%|#####     | 10/20 [00:20<00:20,  2.07s/it, RMSE=26.234TECU, a=1.00, rel_dP=8.74e-03]  [EKF] iterating [analytical]:  50%|#####     | 10/20 [00:22<00:20,  2.07s/it, RMSE=26.202TECU, a=1.00, rel_dP=6.81e-03]  [EKF] iterating [analytical]:  55%|#####5    | 11/20 [00:22<00:18,  2.07s/it, RMSE=26.202TECU, a=1.00, rel_dP=6.81e-03]  [EKF] iterating [analytical]:  55%|#####5    | 11/20 [00:24<00:18,  2.07s/it, RMSE=26.173TECU, a=1.00, rel_dP=5.05e-03]  [EKF] iterating [analytical]:  60%|######    | 12/20 [00:24<00:16,  2.05s/it, RMSE=26.173TECU, a=1.00, rel_dP=5.05e-03]  [EKF] iterating [analytical]:  60%|######    | 12/20 [00:26<00:16,  2.05s/it, RMSE=26.148TECU, a=1.00, rel_dP=4.14e-03]  [EKF] iterating [analytical]:  65%|######5   | 13/20 [00:26<00:14,  2.06s/it, RMSE=26.148TECU, a=1.00, rel_dP=4.14e-03]  [EKF] iterating [analytical]:  65%|######5   | 13/20 [00:28<00:14,  2.06s/it, RMSE=26.126TECU, a=1.00, rel_dP=3.51e-03]  [EKF] iterating [analytical]:  70%|#######   | 14/20 [00:28<00:12,  2.06s/it, RMSE=26.126TECU, a=1.00, rel_dP=3.51e-03]  [EKF] iterating [analytical]:  70%|#######   | 14/20 [00:30<00:12,  2.06s/it, RMSE=26.105TECU, a=1.00, rel_dP=3.21e-03]  [EKF] iterating [analytical]:  75%|#######5  | 15/20 [00:30<00:10,  2.07s/it, RMSE=26.105TECU, a=1.00, rel_dP=3.21e-03]  [EKF] iterating [analytical]:  75%|#######5  | 15/20 [00:32<00:10,  2.07s/it, RMSE=26.086TECU, a=1.00, rel_dP=2.85e-03]  [EKF] iterating [analytical]:  80%|########  | 16/20 [00:32<00:08,  2.08s/it, RMSE=26.086TECU, a=1.00, rel_dP=2.85e-03]  [EKF] iterating [analytical]:  80%|########  | 16/20 [00:35<00:08,  2.08s/it, RMSE=26.069TECU, a=1.00, rel_dP=2.45e-03]  [EKF] iterating [analytical]:  85%|########5 | 17/20 [00:35<00:06,  2.09s/it, RMSE=26.069TECU, a=1.00, rel_dP=2.45e-03]  [EKF] iterating [analytical]:  85%|########5 | 17/20 [00:37<00:06,  2.09s/it, RMSE=26.054TECU, a=1.00, rel_dP=2.58e-03]  [EKF] iterating [analytical]:  90%|######### | 18/20 [00:37<00:04,  2.08s/it, RMSE=26.054TECU, a=1.00, rel_dP=2.58e-03]  [EKF] iterating [analytical]:  90%|######### | 18/20 [00:39<00:04,  2.08s/it, RMSE=26.039TECU, a=1.00, rel_dP=2.08e-03]  [EKF] iterating [analytical]:  95%|#########5| 19/20 [00:39<00:02,  2.08s/it, RMSE=26.039TECU, a=1.00, rel_dP=2.08e-03]  [EKF] iterating [analytical]:  95%|#########5| 19/20 [00:41<00:02,  2.08s/it, RMSE=26.026TECU, a=1.00, rel_dP=2.33e-03]  [EKF] iterating [analytical]: 100%|##########| 20/20 [00:41<00:00,  2.09s/it, RMSE=26.026TECU, a=1.00, rel_dP=2.33e-03]                                                                                                                           [EKF] stage 1 reached max_iter=20 without convergence  (final ||ΔP||/||P|| = 2.33e-03, RMSE=26.03TECU vs tol 5.0)
  [EKF] Posterior innovations  mean=-1.18  std=25.99  max_abs=59.78 TECU
  [EKF] Prior RMSE 51.754 TECU  →  Post RMSE 26.219 TECU
  Saved EKF convergence plot → /home/austinhunter/IonosphereTomography/Figures/ISR_DA_Comparison/OUTPUT/2025-08-27_0912/bin_25/ro_only/2025-08-27_0912_ro_only_ekf_convergence.png
◀◀◀ _run_or_load END   | 2025-08-27_0912 | bin=25  | ro_only   | parametric_ekf : DONE       (57.1s) -> status=Success
▶▶▶ _run_or_load START | 2025-08-27_0912 | bin=25  | ro_igs    | parametric_ekf
    [diag] 2025-08-27_0912 | bin=25  | ro_igs    | parametric_ekf : RUNNING    (force=True, cached=False) ...
  [EKF] Building IRI state at 29 grid points (batch call) …
  [EnKF] Estimating background covariance from 50 EDP samples x 29 grid points ...
  [EnKF] Parameter sigma: log10(NmF2)=0.15  hmF2=20  H0=15  gamma=0.15  B0=20  B1=0.3  log10(NmE)=0.2  hmE=8
  [EnKF] Spatial corr (Ne-space KF method): mean=0.974  max=1.000  min=0.835
  [EKF] Running EKF_Param on 34 arc(s) …
  [EKF] 34 arcs  |  1612 profile rays  |  901 update rays  |  n_state = 232
  [EKF] Prior innovations  mean=-40.24  std=33.03  max_abs=102.58 TECU
  [EKF] stage 1/1: free=[log10(NmF2),hmF2,H0,gamma,B0,log10(NmE)] (6/8 params)
  [EKF] iterating [analytical]:   0%|          | 0/20 [00:00<?, ?it/s]  [EKF] iterating [analytical]:   0%|          | 0/20 [00:02<?, ?it/s, RMSE=52.058TECU, a=0.25, rel_dP=3.57e-02]  [EKF] iterating [analytical]:   5%|5         | 1/20 [00:02<00:45,  2.38s/it, RMSE=52.058TECU, a=0.25, rel_dP=3.57e-02]  [EKF] iterating [analytical]:   5%|5         | 1/20 [00:04<00:45,  2.38s/it, RMSE=42.796TECU, a=0.33, rel_dP=4.14e-02]  [EKF] iterating [analytical]:  10%|#         | 2/20 [00:04<00:40,  2.23s/it, RMSE=42.796TECU, a=0.33, rel_dP=4.14e-02]  [EKF] iterating [analytical]:  10%|#         | 2/20 [00:06<00:40,  2.23s/it, RMSE=35.422TECU, a=0.42, rel_dP=4.13e-02]  [EKF] iterating [analytical]:  15%|#5        | 3/20 [00:06<00:37,  2.20s/it, RMSE=35.422TECU, a=0.42, rel_dP=4.13e-02]  [EKF] iterating [analytical]:  15%|#5        | 3/20 [00:08<00:37,  2.20s/it, RMSE=30.409TECU, a=0.55, rel_dP=3.14e-02]  [EKF] iterating [analytical]:  20%|##        | 4/20 [00:08<00:34,  2.15s/it, RMSE=30.409TECU, a=0.55, rel_dP=3.14e-02]  [EKF] iterating [analytical]:  20%|##        | 4/20 [00:10<00:34,  2.15s/it, RMSE=28.004TECU, a=0.71, rel_dP=1.96e-02]  [EKF] iterating [analytical]:  25%|##5       | 5/20 [00:10<00:32,  2.15s/it, RMSE=28.004TECU, a=0.71, rel_dP=1.96e-02]  [EKF] iterating [analytical]:  25%|##5       | 5/20 [00:13<00:32,  2.15s/it, RMSE=27.288TECU, a=0.93, rel_dP=2.21e-02]  [EKF] iterating [analytical]:  30%|###       | 6/20 [00:13<00:29,  2.14s/it, RMSE=27.288TECU, a=0.93, rel_dP=2.21e-02]  [EKF] iterating [analytical]:  30%|###       | 6/20 [00:15<00:29,  2.14s/it, RMSE=27.130TECU, a=1.00, rel_dP=1.89e-02]  [EKF] iterating [analytical]:  35%|###5      | 7/20 [00:15<00:27,  2.14s/it, RMSE=27.130TECU, a=1.00, rel_dP=1.89e-02]  [EKF] iterating [analytical]:  35%|###5      | 7/20 [00:17<00:27,  2.14s/it, RMSE=27.057TECU, a=1.00, rel_dP=1.18e-02]  [EKF] iterating [analytical]:  40%|####      | 8/20 [00:17<00:25,  2.13s/it, RMSE=27.057TECU, a=1.00, rel_dP=1.18e-02]  [EKF] iterating [analytical]:  40%|####      | 8/20 [00:19<00:25,  2.13s/it, RMSE=26.990TECU, a=1.00, rel_dP=9.33e-03]  [EKF] iterating [analytical]:  45%|####5     | 9/20 [00:19<00:23,  2.12s/it, RMSE=26.990TECU, a=1.00, rel_dP=9.33e-03]  [EKF] iterating [analytical]:  45%|####5     | 9/20 [00:21<00:23,  2.12s/it, RMSE=26.942TECU, a=1.00, rel_dP=7.43e-03]  [EKF] iterating [analytical]:  50%|#####     | 10/20 [00:21<00:21,  2.11s/it, RMSE=26.942TECU, a=1.00, rel_dP=7.43e-03]  [EKF] iterating [analytical]:  50%|#####     | 10/20 [00:23<00:21,  2.11s/it, RMSE=26.904TECU, a=1.00, rel_dP=5.72e-03]  [EKF] iterating [analytical]:  55%|#####5    | 11/20 [00:23<00:19,  2.16s/it, RMSE=26.904TECU, a=1.00, rel_dP=5.72e-03]  [EKF] iterating [analytical]:  55%|#####5    | 11/20 [00:25<00:19,  2.16s/it, RMSE=26.871TECU, a=1.00, rel_dP=4.90e-03]  [EKF] iterating [analytical]:  60%|######    | 12/20 [00:25<00:17,  2.19s/it, RMSE=26.871TECU, a=1.00, rel_dP=4.90e-03]  [EKF] iterating [analytical]:  60%|######    | 12/20 [00:28<00:17,  2.19s/it, RMSE=26.841TECU, a=1.00, rel_dP=4.71e-03]  [EKF] iterating [analytical]:  65%|######5   | 13/20 [00:28<00:15,  2.19s/it, RMSE=26.841TECU, a=1.00, rel_dP=4.71e-03]  [EKF] iterating [analytical]:  65%|######5   | 13/20 [00:30<00:15,  2.19s/it, RMSE=26.814TECU, a=1.00, rel_dP=4.56e-03]  [EKF] iterating [analytical]:  70%|#######   | 14/20 [00:30<00:12,  2.17s/it, RMSE=26.814TECU, a=1.00, rel_dP=4.56e-03]  [EKF] iterating [analytical]:  70%|#######   | 14/20 [00:32<00:12,  2.17s/it, RMSE=26.789TECU, a=1.00, rel_dP=4.38e-03]  [EKF] iterating [analytical]:  75%|#######5  | 15/20 [00:32<00:10,  2.15s/it, RMSE=26.789TECU, a=1.00, rel_dP=4.38e-03]  [EKF] iterating [analytical]:  75%|#######5  | 15/20 [00:34<00:10,  2.15s/it, RMSE=26.766TECU, a=1.00, rel_dP=4.30e-03]  [EKF] iterating [analytical]:  80%|########  | 16/20 [00:34<00:08,  2.13s/it, RMSE=26.766TECU, a=1.00, rel_dP=4.30e-03]  [EKF] iterating [analytical]:  80%|########  | 16/20 [00:36<00:08,  2.13s/it, RMSE=26.744TECU, a=1.00, rel_dP=3.94e-03]  [EKF] iterating [analytical]:  85%|########5 | 17/20 [00:36<00:06,  2.10s/it, RMSE=26.744TECU, a=1.00, rel_dP=3.94e-03]  [EKF] iterating [analytical]:  85%|########5 | 17/20 [00:38<00:06,  2.10s/it, RMSE=26.724TECU, a=1.00, rel_dP=3.76e-03]  [EKF] iterating [analytical]:  90%|######### | 18/20 [00:38<00:04,  2.10s/it, RMSE=26.724TECU, a=1.00, rel_dP=3.76e-03]  [EKF] iterating [analytical]:  90%|######### | 18/20 [00:40<00:04,  2.10s/it, RMSE=26.706TECU, a=1.00, rel_dP=3.58e-03]  [EKF] iterating [analytical]:  95%|#########5| 19/20 [00:40<00:02,  2.11s/it, RMSE=26.706TECU, a=1.00, rel_dP=3.58e-03]  [EKF] iterating [analytical]:  95%|#########5| 19/20 [00:42<00:02,  2.11s/it, RMSE=26.689TECU, a=1.00, rel_dP=3.37e-03]  [EKF] iterating [analytical]: 100%|##########| 20/20 [00:42<00:00,  2.11s/it, RMSE=26.689TECU, a=1.00, rel_dP=3.37e-03]                                                                                                                           [EKF] stage 1 reached max_iter=20 without convergence  (final ||ΔP||/||P|| = 3.37e-03, RMSE=26.69TECU vs tol 5.0)
  [EKF] Posterior innovations  mean=-0.44  std=26.67  max_abs=67.50 TECU
  [EKF] Prior RMSE 51.558 TECU  →  Post RMSE 26.595 TECU
  Saved EKF convergence plot → /home/austinhunter/IonosphereTomography/Figures/ISR_DA_Comparison/OUTPUT/2025-08-27_0912/bin_25/ro_igs/2025-08-27_0912_ro_igs_ekf_convergence.png
◀◀◀ _run_or_load END   | 2025-08-27_0912 | bin=25  | ro_igs    | parametric_ekf : DONE       (58.3s) -> status=Success
▶▶▶ _run_or_load START | 2025-08-27_0912 | bin=25  | igs_only  | parametric_ekf
    [diag] 2025-08-27_0912 | bin=25  | igs_only  | parametric_ekf : RUNNING    (force=True, cached=False) ...
  [EKF] Building IRI state at 240 grid points (batch call) …
  [EnKF] Estimating background covariance from 500 EDP samples x 240 grid points ...
  [EnKF] Parameter sigma: log10(NmF2)=0.15  hmF2=20  H0=15  gamma=0.15  B0=20  B1=0.3  log10(NmE)=0.2  hmE=8
  [EnKF] Spatial corr (Ne-space KF method): mean=0.956  max=1.000  min=0.062
  [EKF] Running EKF_Param on 23 arc(s) …
  [EKF] 23 arcs  |  23 profile rays  |  23 update rays  |  n_state = 1920
  [EKF] Prior innovations  mean=30.61  std=16.09  max_abs=55.17 TECU
  [EKF] stage 1/1: free=[log10(NmF2),hmF2,H0,gamma,B0,log10(NmE)] (6/8 params)
  [EKF] iterating [analytical]:   0%|          | 0/20 [00:00<?, ?it/s]  [EKF] iterating [analytical]:   0%|          | 0/20 [00:00<?, ?it/s, RMSE=34.580TECU, a=0.25, rel_dP=8.84e-03]  [EKF] iterating [analytical]:   0%|          | 0/20 [00:00<?, ?it/s, RMSE=28.634TECU, a=0.33, rel_dP=8.69e-03]  [EKF] iterating [analytical]:  10%|#         | 2/20 [00:00<00:01,  9.17it/s, RMSE=28.634TECU, a=0.33, rel_dP=8.69e-03]  [EKF] iterating [analytical]:  10%|#         | 2/20 [00:00<00:01,  9.17it/s, RMSE=23.379TECU, a=0.42, rel_dP=1.03e-02]  [EKF] iterating [analytical]:  15%|#5        | 3/20 [00:00<00:01,  8.55it/s, RMSE=23.379TECU, a=0.42, rel_dP=1.03e-02]  [EKF] iterating [analytical]:  15%|#5        | 3/20 [00:00<00:01,  8.55it/s, RMSE=19.971TECU, a=0.55, rel_dP=9.30e-03]  [EKF] iterating [analytical]:  20%|##        | 4/20 [00:00<00:01,  8.06it/s, RMSE=19.971TECU, a=0.55, rel_dP=9.30e-03]  [EKF] iterating [analytical]:  20%|##        | 4/20 [00:00<00:01,  8.06it/s, RMSE=18.446TECU, a=0.71, rel_dP=1.52e-02]  [EKF] iterating [analytical]:  25%|##5       | 5/20 [00:00<00:01,  8.34it/s, RMSE=18.446TECU, a=0.71, rel_dP=1.52e-02]  [EKF] iterating [analytical]:  25%|##5       | 5/20 [00:00<00:01,  8.34it/s, RMSE=18.022TECU, a=0.93, rel_dP=1.47e-02]  [EKF] iterating [analytical]:  30%|###       | 6/20 [00:00<00:01,  8.33it/s, RMSE=18.022TECU, a=0.93, rel_dP=1.47e-02]  [EKF] iterating [analytical]:  30%|###       | 6/20 [00:00<00:01,  8.33it/s, RMSE=17.941TECU, a=1.00, rel_dP=1.62e-02]  [EKF] iterating [analytical]:  35%|###5      | 7/20 [00:00<00:01,  8.42it/s, RMSE=17.941TECU, a=1.00, rel_dP=1.62e-02]  [EKF] iterating [analytical]:  35%|###5      | 7/20 [00:00<00:01,  8.42it/s, RMSE=17.907TECU, a=1.00, rel_dP=1.56e-02]  [EKF] iterating [analytical]:  40%|####      | 8/20 [00:00<00:01,  8.31it/s, RMSE=17.907TECU, a=1.00, rel_dP=1.56e-02]  [EKF] iterating [analytical]:  40%|####      | 8/20 [00:01<00:01,  8.31it/s, RMSE=17.882TECU, a=1.00, rel_dP=1.91e-02]  [EKF] iterating [analytical]:  45%|####5     | 9/20 [00:01<00:01,  8.07it/s, RMSE=17.882TECU, a=1.00, rel_dP=1.91e-02]  [EKF] iterating [analytical]:  45%|####5     | 9/20 [00:01<00:01,  8.07it/s, RMSE=17.848TECU, a=1.00, rel_dP=1.73e-02]  [EKF] iterating [analytical]:  50%|#####     | 10/20 [00:01<00:01,  8.32it/s, RMSE=17.848TECU, a=1.00, rel_dP=1.73e-02]  [EKF] iterating [analytical]:  50%|#####     | 10/20 [00:01<00:01,  8.32it/s, RMSE=17.818TECU, a=1.00, rel_dP=1.60e-02]  [EKF] iterating [analytical]:  55%|#####5    | 11/20 [00:01<00:01,  8.23it/s, RMSE=17.818TECU, a=1.00, rel_dP=1.60e-02]  [EKF] iterating [analytical]:  55%|#####5    | 11/20 [00:01<00:01,  8.23it/s, RMSE=17.793TECU, a=1.00, rel_dP=1.65e-02]  [EKF] iterating [analytical]:  60%|######    | 12/20 [00:01<00:00,  8.08it/s, RMSE=17.793TECU, a=1.00, rel_dP=1.65e-02]  [EKF] iterating [analytical]:  60%|######    | 12/20 [00:01<00:00,  8.08it/s, RMSE=17.765TECU, a=1.00, rel_dP=1.55e-02]  [EKF] iterating [analytical]:  65%|######5   | 13/20 [00:01<00:00,  8.16it/s, RMSE=17.765TECU, a=1.00, rel_dP=1.55e-02]  [EKF] iterating [analytical]:  65%|######5   | 13/20 [00:01<00:00,  8.16it/s, RMSE=17.734TECU, a=1.00, rel_dP=2.03e-02]  [EKF] iterating [analytical]:  70%|#######   | 14/20 [00:01<00:00,  8.37it/s, RMSE=17.734TECU, a=1.00, rel_dP=2.03e-02]  [EKF] iterating [analytical]:  70%|#######   | 14/20 [00:01<00:00,  8.37it/s, RMSE=17.701TECU, a=1.00, rel_dP=1.31e-02]  [EKF] iterating [analytical]:  75%|#######5  | 15/20 [00:01<00:00,  8.29it/s, RMSE=17.701TECU, a=1.00, rel_dP=1.31e-02]  [EKF] iterating [analytical]:  75%|#######5  | 15/20 [00:01<00:00,  8.29it/s, RMSE=17.679TECU, a=1.00, rel_dP=1.72e-02]  [EKF] iterating [analytical]:  80%|########  | 16/20 [00:01<00:00,  7.92it/s, RMSE=17.679TECU, a=1.00, rel_dP=1.72e-02]  [EKF] iterating [analytical]:  80%|########  | 16/20 [00:02<00:00,  7.92it/s, RMSE=17.645TECU, a=1.00, rel_dP=1.71e-02]  [EKF] iterating [analytical]:  85%|########5 | 17/20 [00:02<00:00,  7.14it/s, RMSE=17.645TECU, a=1.00, rel_dP=1.71e-02]  [EKF] iterating [analytical]:  85%|########5 | 17/20 [00:02<00:00,  7.14it/s, RMSE=17.612TECU, a=1.00, rel_dP=1.77e-02]  [EKF] iterating [analytical]:  90%|######### | 18/20 [00:02<00:00,  7.26it/s, RMSE=17.612TECU, a=1.00, rel_dP=1.77e-02]  [EKF] iterating [analytical]:  90%|######### | 18/20 [00:02<00:00,  7.26it/s, RMSE=17.583TECU, a=1.00, rel_dP=1.34e-02]  [EKF] iterating [analytical]:  95%|#########5| 19/20 [00:02<00:00,  7.63it/s, RMSE=17.583TECU, a=1.00, rel_dP=1.34e-02]  [EKF] iterating [analytical]:  95%|#########5| 19/20 [00:02<00:00,  7.63it/s, RMSE=17.562TECU, a=1.00, rel_dP=1.76e-02]  [EKF] iterating [analytical]: 100%|##########| 20/20 [00:02<00:00,  7.90it/s, RMSE=17.562TECU, a=1.00, rel_dP=1.76e-02]                                                                                                                           [EKF] stage 1 reached max_iter=20 without convergence  (final ||ΔP||/||P|| = 1.76e-02, RMSE=17.56TECU vs tol 5.0)
  [EKF] Posterior innovations  mean=1.76  std=17.44  max_abs=29.61 TECU
  [EKF] Prior RMSE 34.580 TECU  →  Post RMSE 17.524 TECU
  Saved EKF convergence plot → /home/austinhunter/IonosphereTomography/Figures/ISR_DA_Comparison/OUTPUT/2025-08-27_0912/bin_25/igs_only/2025-08-27_0912_igs_only_ekf_convergence.png
◀◀◀ _run_or_load END   | 2025-08-27_0912 | bin=25  | igs_only  | parametric_ekf : DONE       (651.3s) -> status=ok (no 'status' key)
  [diag] 2025-08-27_0912 | bin=25 : summary of 6 obs_mode/filter_type combos
           ro_only   | gridded_kf     -> Success
           ro_only   | parametric_ekf -> Success
           ro_igs    | gridded_kf     -> Success
           ro_igs    | parametric_ekf -> Success
           igs_only  | gridded_kf     -> ok (no 'status' key)
           igs_only  | parametric_ekf -> ok (no 'status' key)

▶▶▶ compute_isr_metrics START | group=2025-08-27_0912 bin=25
◀◀◀ compute_isr_metrics END   | group=2025-08-27_0912 bin=25 -> 0 metric row(s)

▶▶▶ _plot_group_all_modes START | group=2025-08-27_0912
  [diag] 2025-08-27_0912/ro_igs/gridded_kf: arc-innovation panels thinned to 11 RO + 20/23 representative IGS arcs (of 34 total)
  [diag] 2025-08-27_0912/ro_igs/parametric_ekf: arc-innovation panels thinned to 11 RO + 20/23 representative IGS arcs (of 34 total)
  [diag] 2025-08-27_0912/igs_only/gridded_kf: arc-innovation panels thinned to 0 RO + 20/23 representative IGS arcs (of 23 total)
  [diag] 2025-08-27_0912/igs_only/parametric_ekf: arc-innovation panels thinned to 0 RO + 20/23 representative IGS arcs (of 23 total)
/home/austinhunter/Downloads/PlanetiQ_Code/venv311/lib/python3.11/site-packages/shapely/creation.py:218: RuntimeWarning: invalid value encountered in linestrings
  return lib.linestrings(coords, np.intc(handle_nan), out=out, **kwargs)
/home/austinhunter/IonosphereTomography/plotIonosphereTomography.py:3914: UserWarning: This figure includes Axes that are not compatible with tight_layout, so results might be incorrect.
  plt.tight_layout(rect=[0, 0, 1, 0.98])
/home/austinhunter/IonosphereTomography/plotIonosphereTomography.py:3914: UserWarning: This figure includes Axes that are not compatible with tight_layout, so results might be incorrect.
  plt.tight_layout(rect=[0, 0, 1, 0.98])
/home/austinhunter/IonosphereTomography/plotIonosphereTomography.py:3914: UserWarning: This figure includes Axes that are not compatible with tight_layout, so results might be incorrect.
  plt.tight_layout(rect=[0, 0, 1, 0.98])
◀◀◀ _plot_group_all_modes END   | group=2025-08-27_0912
No valid descending tangent points found. Skipping.
No valid descending tangent points found. Skipping.
No valid descending tangent points found. Skipping.
No valid descending tangent points found. Skipping.
No valid descending tangent points found. Skipping.
No valid descending tangent points found. Skipping.
No valid descending tangent points found. Skipping.
No valid descending tangent points found. Skipping.
▶▶▶ _run_or_load START | 2025-08-27_0912 | bin=15  | ro_only   | gridded_kf    
    [diag] 2025-08-27_0912 | bin=15  | ro_only   | gridded_kf     : RUNNING    (force=True, cached=False) ...

────────────────────────────────────────────────────────────
  Group : 2025-08-27_0912
  Window: 2025-08-27_0912  |  Region: POLAR_N  |  15 occultation(s)
────────────────────────────────────────────────────────────
No valid descending tangent points found. Skipping.
    [skip] podTc2_YM08.2025.239.08.55.0012.G09.01_0000.0001_nc — parse returned None
No valid descending tangent points found. Skipping.
    [skip] podTc2_GN04.2025.239.09.08.0018.C35.01_0000.0001_nc — parse returned None
No valid descending tangent points found. Skipping.
    [skip] podTc2_GN04.2025.239.09.08.0017.E09.01_0000.0001_nc — parse returned None
No valid descending tangent points found. Skipping.
    [skip] podTc2_GN04.2025.239.09.10.0019.G25.01_0000.0001_nc — parse returned None
No valid descending tangent points found. Skipping.
    [skip] podTc2_GN04.2025.239.09.12.0017.G32.01_0000.0001_nc — parse returned None
No valid descending tangent points found. Skipping.
    [skip] podTc2_GN05.2025.239.09.26.0021.E31.01_0000.0001_nc — parse returned None
No valid descending tangent points found. Skipping.
    [skip] podTc2_GN05.2025.239.09.28.0016.G32.01_0000.0001_nc — parse returned None
No valid descending tangent points found. Skipping.
    [skip] podTc2_GN05.2025.239.09.32.0009.R03.01_0000.0001_nc — parse returned None
  Parsed 7/15 files successfully.
    [podTc2] YM08 09:21 — 451 valid rays → decimated to 151 (stride 3)
    [podTc2] YM08 09:13 — 406 valid rays → decimated to 136 (stride 3)
    [podTc2] GN04 09:26 — 390 valid rays → decimated to 195 (stride 2)
    [podTc2] GN05 09:41 — 280 valid rays → decimated to 140 (stride 2)
    [podTc2] GN04 09:16 — 470 valid rays → decimated to 157 (stride 3)
    [podTc2] GN05 09:52 — 375 valid rays → decimated to 188 (stride 2)
    [podTc2] GN05 09:30 — 478 valid rays → decimated to 160 (stride 3)
  Bbox lat [23.4, 86.5]  lon [-28.2, 28.7]  |  union vertices: 19
  Final group: 7 occultation(s), 19 union-mesh vertices
  Saved trim diagnostic → /home/austinhunter/IonosphereTomography/Figures/ISR_DA_Comparison/OUTPUT/2025-08-27_0912/bin_15/ro_only/group_2025-08-27_0912_trim.png
  -> Building H matrices (1127 rays across 7 arc(s), single parallel sweep) …
  -> Building H matrices:    112/1127 rays (  9.9%)
  -> Building H matrices:    224/1127 rays ( 19.9%)
  -> Building H matrices:    336/1127 rays ( 29.8%)
  -> Building H matrices:    448/1127 rays ( 39.8%)
  -> Building H matrices:    560/1127 rays ( 49.7%)
  -> Building H matrices:    672/1127 rays ( 59.6%)
  -> Building H matrices:    784/1127 rays ( 69.6%)
  -> Building H matrices:    896/1127 rays ( 79.5%)
  -> Building H matrices:   1008/1127 rays ( 89.4%)
  -> Building H matrices:   1120/1127 rays ( 99.4%)
  -> Building H matrices:   1127/1127 rays (100.0%)
  Combined H shape : (1127, 1064)  (total rays = 1127)
  Skipping sequential KF assimilation (run_sequential=False).
  Running joint (batch) KF assimilation …
  Prior RMSE  : 47.233 TECU
  Post  RMSE  : 11.989 TECU
    [Abel] YM08 09:21: NmF2=3.79e+11 m⁻³  hmF2=276.0 km
    [Abel] YM08 09:13: NmF2=3.68e+11 m⁻³  hmF2=269.2 km
    [Abel] GN04 09:26: NmF2=2.45e+11 m⁻³  hmF2=511.8 km
    [Abel] GN05 09:41: NmF2=5.00e+11 m⁻³  hmF2=352.2 km
    [Abel] GN04 09:16: NmF2=5.99e+11 m⁻³  hmF2=270.9 km
    [Abel] GN05 09:52: NmF2=7.25e+11 m⁻³  hmF2=275.8 km
    [Abel] GN05 09:30: NmF2=3.43e+11 m⁻³  hmF2=362.8 km
◀◀◀ _run_or_load END   | 2025-08-27_0912 | bin=15  | ro_only   | gridded_kf     : DONE       (11.2s) -> status=Success
▶▶▶ _run_or_load START | 2025-08-27_0912 | bin=15  | ro_igs    | gridded_kf    
    [diag] 2025-08-27_0912 | bin=15  | ro_igs    | gridded_kf     : RUNNING    (force=True, cached=False) ...

────────────────────────────────────────────────────────────
  Group : 2025-08-27_0912
  Window: 2025-08-27_0912  |  Region: POLAR_N  |  15 occultation(s)
────────────────────────────────────────────────────────────
No valid descending tangent points found. Skipping.
    [skip] podTc2_YM08.2025.239.08.55.0012.G09.01_0000.0001_nc — parse returned None
No valid descending tangent points found. Skipping.
    [skip] podTc2_GN04.2025.239.09.08.0018.C35.01_0000.0001_nc — parse returned None
No valid descending tangent points found. Skipping.
    [skip] podTc2_GN04.2025.239.09.08.0017.E09.01_0000.0001_nc — parse returned None
No valid descending tangent points found. Skipping.
    [skip] podTc2_GN04.2025.239.09.10.0019.G25.01_0000.0001_nc — parse returned None
No valid descending tangent points found. Skipping.
    [skip] podTc2_GN04.2025.239.09.12.0017.G32.01_0000.0001_nc — parse returned None
No valid descending tangent points found. Skipping.
    [skip] podTc2_GN05.2025.239.09.26.0021.E31.01_0000.0001_nc — parse returned None
No valid descending tangent points found. Skipping.
    [skip] podTc2_GN05.2025.239.09.28.0016.G32.01_0000.0001_nc — parse returned None
No valid descending tangent points found. Skipping.
    [skip] podTc2_GN05.2025.239.09.32.0009.R03.01_0000.0001_nc — parse returned None
  Parsed 7/15 files successfully.
    [podTc2] YM08 09:21 — 451 valid rays → decimated to 151 (stride 3)
    [podTc2] YM08 09:13 — 406 valid rays → decimated to 136 (stride 3)
    [podTc2] GN04 09:26 — 390 valid rays → decimated to 195 (stride 2)
    [podTc2] GN05 09:41 — 280 valid rays → decimated to 140 (stride 2)
    [podTc2] GN04 09:16 — 470 valid rays → decimated to 157 (stride 3)
    [podTc2] GN05 09:52 — 375 valid rays → decimated to 188 (stride 2)
    [podTc2] GN05 09:30 — 478 valid rays → decimated to 160 (stride 3)
  Bbox lat [23.4, 86.5]  lon [-28.2, 28.7]  |  union vertices: 19
  Final group: 7 occultation(s), 19 union-mesh vertices
  Saved trim diagnostic → /home/austinhunter/IonosphereTomography/Figures/ISR_DA_Comparison/OUTPUT/2025-08-27_0912/bin_15/ro_igs/group_2025-08-27_0912_trim.png
  [extra] Injected 23 ground-station arc(s) → total 30 arc(s) in assimilation pool
  -> Building H matrices (1150 rays across 30 arc(s), single parallel sweep) …
  -> Building H matrices:    115/1150 rays ( 10.0%)
  -> Building H matrices:    230/1150 rays ( 20.0%)
  -> Building H matrices:    345/1150 rays ( 30.0%)
  -> Building H matrices:    460/1150 rays ( 40.0%)
  -> Building H matrices:    575/1150 rays ( 50.0%)
  -> Building H matrices:    690/1150 rays ( 60.0%)
  -> Building H matrices:    805/1150 rays ( 70.0%)
  -> Building H matrices:    920/1150 rays ( 80.0%)
  -> Building H matrices:   1035/1150 rays ( 90.0%)
  -> Building H matrices:   1150/1150 rays (100.0%)
  Combined H shape : (1150, 1064)  (total rays = 1150)
  Skipping sequential KF assimilation (run_sequential=False).
  Running joint (batch) KF assimilation …
  Prior RMSE  : 47.092 TECU
  Post  RMSE  : 13.727 TECU
    [Abel] YM08 09:21: NmF2=3.79e+11 m⁻³  hmF2=276.0 km
    [Abel] YM08 09:13: NmF2=3.68e+11 m⁻³  hmF2=269.2 km
    [Abel] GN04 09:26: NmF2=2.45e+11 m⁻³  hmF2=511.8 km
    [Abel] GN05 09:41: NmF2=5.00e+11 m⁻³  hmF2=352.2 km
    [Abel] GN04 09:16: NmF2=5.99e+11 m⁻³  hmF2=270.9 km
    [Abel] GN05 09:52: NmF2=7.25e+11 m⁻³  hmF2=275.8 km
    [Abel] GN05 09:30: NmF2=3.43e+11 m⁻³  hmF2=362.8 km
    [Abel] Skipped 23 ground-station arc(s) (RO-only technique)
/home/austinhunter/Downloads/PlanetiQ_Code/venv311/lib/python3.11/site-packages/shapely/creation.py:218: RuntimeWarning: invalid value encountered in linestrings
  return lib.linestrings(coords, np.intc(handle_nan), out=out, **kwargs)
◀◀◀ _run_or_load END   | 2025-08-27_0912 | bin=15  | ro_igs    | gridded_kf     : DONE       (8.9s) -> status=Success
▶▶▶ _run_or_load START | 2025-08-27_0912 | bin=15  | igs_only  | gridded_kf    
    [diag] 2025-08-27_0912 | bin=15  | igs_only  | gridded_kf     : RUNNING    (force=True, cached=False) ...
    [Info] Initialising information matrix (n_state=11550) …
    [Info] arcs ingested = 23/23  |  obs rows = 23  |  Λ cond ≈ 2.48e+23
    [Info] Solving …
    [Prior] innovation  mean=40.75  std=15.76  n_obs=23
    [Post ] innovation  mean=30.89  std=12.31
    RMSE:  prior=43.692 TECU  →  post=33.254 TECU
◀◀◀ _run_or_load END   | 2025-08-27_0912 | bin=15  | igs_only  | gridded_kf     : DONE       (49.4s) -> status=ok (no 'status' key)
▶▶▶ _run_or_load START | 2025-08-27_0912 | bin=15  | ro_only   | parametric_ekf
    [diag] 2025-08-27_0912 | bin=15  | ro_only   | parametric_ekf : RUNNING    (force=True, cached=False) ...
  [EKF] Building IRI state at 19 grid points (batch call) …
  [EnKF] Estimating background covariance from 50 EDP samples x 19 grid points ...
  [EnKF] Parameter sigma: log10(NmF2)=0.15  hmF2=20  H0=15  gamma=0.15  B0=20  B1=0.3  log10(NmE)=0.2  hmE=8
  [EnKF] Spatial corr (Ne-space KF method): mean=0.970  max=1.000  min=0.839
  [EKF] Running EKF_Param on 7 arc(s) …
  [EKF] 7 arcs  |  1127 profile rays  |  569 update rays  |  n_state = 152
  [EKF] Prior innovations  mean=-46.96  std=27.44  max_abs=96.01 TECU
  [EKF] stage 1/1: free=[log10(NmF2),hmF2,H0,gamma,B0,log10(NmE)] (6/8 params)
  [EKF] iterating [analytical]:   0%|          | 0/20 [00:00<?, ?it/s]  [EKF] iterating [analytical]:   0%|          | 0/20 [00:01<?, ?it/s, RMSE=54.387TECU, a=0.25, rel_dP=4.21e-02]  [EKF] iterating [analytical]:   5%|5         | 1/20 [00:01<00:25,  1.35s/it, RMSE=54.387TECU, a=0.25, rel_dP=4.21e-02]  [EKF] iterating [analytical]:   5%|5         | 1/20 [00:02<00:25,  1.35s/it, RMSE=41.577TECU, a=0.33, rel_dP=3.12e-02]  [EKF] iterating [analytical]:  10%|#         | 2/20 [00:02<00:24,  1.39s/it, RMSE=41.577TECU, a=0.33, rel_dP=3.12e-02]  [EKF] iterating [analytical]:  10%|#         | 2/20 [00:04<00:24,  1.39s/it, RMSE=32.031TECU, a=0.42, rel_dP=2.86e-02]  [EKF] iterating [analytical]:  15%|#5        | 3/20 [00:04<00:23,  1.39s/it, RMSE=32.031TECU, a=0.42, rel_dP=2.86e-02]  [EKF] iterating [analytical]:  15%|#5        | 3/20 [00:05<00:23,  1.39s/it, RMSE=26.479TECU, a=0.55, rel_dP=3.19e-02]  [EKF] iterating [analytical]:  20%|##        | 4/20 [00:05<00:22,  1.39s/it, RMSE=26.479TECU, a=0.55, rel_dP=3.19e-02]  [EKF] iterating [analytical]:  20%|##        | 4/20 [00:06<00:22,  1.39s/it, RMSE=22.882TECU, a=0.71, rel_dP=3.10e-02]  [EKF] iterating [analytical]:  25%|##5       | 5/20 [00:06<00:20,  1.40s/it, RMSE=22.882TECU, a=0.71, rel_dP=3.10e-02]  [EKF] iterating [analytical]:  25%|##5       | 5/20 [00:08<00:20,  1.40s/it, RMSE=20.933TECU, a=0.93, rel_dP=2.23e-02]  [EKF] iterating [analytical]:  30%|###       | 6/20 [00:08<00:19,  1.38s/it, RMSE=20.933TECU, a=0.93, rel_dP=2.23e-02]  [EKF] iterating [analytical]:  30%|###       | 6/20 [00:09<00:19,  1.38s/it, RMSE=20.090TECU, a=1.00, rel_dP=1.37e-02]  [EKF] iterating [analytical]:  35%|###5      | 7/20 [00:09<00:18,  1.39s/it, RMSE=20.090TECU, a=1.00, rel_dP=1.37e-02]  [EKF] iterating [analytical]:  35%|###5      | 7/20 [00:11<00:18,  1.39s/it, RMSE=19.627TECU, a=1.00, rel_dP=1.28e-02]  [EKF] iterating [analytical]:  40%|####      | 8/20 [00:11<00:16,  1.39s/it, RMSE=19.627TECU, a=1.00, rel_dP=1.28e-02]  [EKF] iterating [analytical]:  40%|####      | 8/20 [00:12<00:16,  1.39s/it, RMSE=19.060TECU, a=1.00, rel_dP=1.17e-02]  [EKF] iterating [analytical]:  45%|####5     | 9/20 [00:12<00:15,  1.36s/it, RMSE=19.060TECU, a=1.00, rel_dP=1.17e-02]  [EKF] iterating [analytical]:  45%|####5     | 9/20 [00:13<00:15,  1.36s/it, RMSE=18.565TECU, a=1.00, rel_dP=1.05e-02]  [EKF] iterating [analytical]:  50%|#####     | 10/20 [00:13<00:13,  1.38s/it, RMSE=18.565TECU, a=1.00, rel_dP=1.05e-02]  [EKF] iterating [analytical]:  50%|#####     | 10/20 [00:15<00:13,  1.38s/it, RMSE=18.118TECU, a=1.00, rel_dP=9.51e-03]  [EKF] iterating [analytical]:  55%|#####5    | 11/20 [00:15<00:12,  1.37s/it, RMSE=18.118TECU, a=1.00, rel_dP=9.51e-03]  [EKF] iterating [analytical]:  55%|#####5    | 11/20 [00:16<00:12,  1.37s/it, RMSE=17.719TECU, a=1.00, rel_dP=8.73e-03]  [EKF] iterating [analytical]:  60%|######    | 12/20 [00:16<00:10,  1.37s/it, RMSE=17.719TECU, a=1.00, rel_dP=8.73e-03]  [EKF] iterating [analytical]:  60%|######    | 12/20 [00:17<00:10,  1.37s/it, RMSE=17.346TECU, a=1.00, rel_dP=8.03e-03]  [EKF] iterating [analytical]:  65%|######5   | 13/20 [00:17<00:09,  1.38s/it, RMSE=17.346TECU, a=1.00, rel_dP=8.03e-03]  [EKF] iterating [analytical]:  65%|######5   | 13/20 [00:19<00:09,  1.38s/it, RMSE=17.006TECU, a=1.00, rel_dP=7.69e-03]  [EKF] iterating [analytical]:  70%|#######   | 14/20 [00:19<00:08,  1.38s/it, RMSE=17.006TECU, a=1.00, rel_dP=7.69e-03]  [EKF] iterating [analytical]:  70%|#######   | 14/20 [00:20<00:08,  1.38s/it, RMSE=16.676TECU, a=1.00, rel_dP=6.97e-03]  [EKF] iterating [analytical]:  75%|#######5  | 15/20 [00:20<00:06,  1.38s/it, RMSE=16.676TECU, a=1.00, rel_dP=6.97e-03]  [EKF] iterating [analytical]:  75%|#######5  | 15/20 [00:22<00:06,  1.38s/it, RMSE=16.387TECU, a=1.00, rel_dP=6.63e-03]  [EKF] iterating [analytical]:  80%|########  | 16/20 [00:22<00:05,  1.40s/it, RMSE=16.387TECU, a=1.00, rel_dP=6.63e-03]  [EKF] iterating [analytical]:  80%|########  | 16/20 [00:23<00:05,  1.40s/it, RMSE=16.107TECU, a=1.00, rel_dP=6.00e-03]  [EKF] iterating [analytical]:  85%|########5 | 17/20 [00:23<00:04,  1.39s/it, RMSE=16.107TECU, a=1.00, rel_dP=6.00e-03]  [EKF] iterating [analytical]:  85%|########5 | 17/20 [00:24<00:04,  1.39s/it, RMSE=15.863TECU, a=1.00, rel_dP=5.57e-03]  [EKF] iterating [analytical]:  90%|######### | 18/20 [00:24<00:02,  1.40s/it, RMSE=15.863TECU, a=1.00, rel_dP=5.57e-03]  [EKF] iterating [analytical]:  90%|######### | 18/20 [00:26<00:02,  1.40s/it, RMSE=15.635TECU, a=1.00, rel_dP=5.28e-03]  [EKF] iterating [analytical]:  95%|#########5| 19/20 [00:26<00:01,  1.37s/it, RMSE=15.635TECU, a=1.00, rel_dP=5.28e-03]  [EKF] iterating [analytical]:  95%|#########5| 19/20 [00:27<00:01,  1.37s/it, RMSE=15.419TECU, a=1.00, rel_dP=4.85e-03]  [EKF] iterating [analytical]: 100%|##########| 20/20 [00:27<00:00,  1.35s/it, RMSE=15.419TECU, a=1.00, rel_dP=4.85e-03]                                                                                                                           [EKF] stage 1 reached max_iter=20 without convergence  (final ||ΔP||/||P|| = 4.85e-03, RMSE=15.42TECU vs tol 5.0)
  [EKF] Posterior innovations  mean=-8.23  std=12.81  max_abs=51.24 TECU
  [EKF] Prior RMSE 54.484 TECU  →  Post RMSE 15.269 TECU
  Saved EKF convergence plot → /home/austinhunter/IonosphereTomography/Figures/ISR_DA_Comparison/OUTPUT/2025-08-27_0912/bin_15/ro_only/2025-08-27_0912_ro_only_ekf_convergence.png
◀◀◀ _run_or_load END   | 2025-08-27_0912 | bin=15  | ro_only   | parametric_ekf : DONE       (38.2s) -> status=Success
▶▶▶ _run_or_load START | 2025-08-27_0912 | bin=15  | ro_igs    | parametric_ekf
    [diag] 2025-08-27_0912 | bin=15  | ro_igs    | parametric_ekf : RUNNING    (force=True, cached=False) ...
  [EKF] Building IRI state at 19 grid points (batch call) …
  [EnKF] Estimating background covariance from 50 EDP samples x 19 grid points ...
  [EnKF] Parameter sigma: log10(NmF2)=0.15  hmF2=20  H0=15  gamma=0.15  B0=20  B1=0.3  log10(NmE)=0.2  hmE=8
  [EnKF] Spatial corr (Ne-space KF method): mean=0.970  max=1.000  min=0.839
  [EKF] Running EKF_Param on 30 arc(s) …
  [EKF] 30 arcs  |  1150 profile rays  |  592 update rays  |  n_state = 152
  [EKF] Prior innovations  mean=-43.89  std=31.09  max_abs=96.01 TECU
  [EKF] stage 1/1: free=[log10(NmF2),hmF2,H0,gamma,B0,log10(NmE)] (6/8 params)
  [EKF] iterating [analytical]:   0%|          | 0/20 [00:00<?, ?it/s]  [EKF] iterating [analytical]:   0%|          | 0/20 [00:01<?, ?it/s, RMSE=53.784TECU, a=0.25, rel_dP=6.33e-02]  [EKF] iterating [analytical]:   5%|5         | 1/20 [00:01<00:27,  1.43s/it, RMSE=53.784TECU, a=0.25, rel_dP=6.33e-02]  [EKF] iterating [analytical]:   5%|5         | 1/20 [00:02<00:27,  1.43s/it, RMSE=41.216TECU, a=0.33, rel_dP=5.28e-02]  [EKF] iterating [analytical]:  10%|#         | 2/20 [00:02<00:25,  1.40s/it, RMSE=41.216TECU, a=0.33, rel_dP=5.28e-02]  [EKF] iterating [analytical]:  10%|#         | 2/20 [00:04<00:25,  1.40s/it, RMSE=33.866TECU, a=0.42, rel_dP=4.09e-02]  [EKF] iterating [analytical]:  15%|#5        | 3/20 [00:04<00:24,  1.42s/it, RMSE=33.866TECU, a=0.42, rel_dP=4.09e-02]  [EKF] iterating [analytical]:  15%|#5        | 3/20 [00:05<00:24,  1.42s/it, RMSE=30.370TECU, a=0.55, rel_dP=2.86e-02]  [EKF] iterating [analytical]:  20%|##        | 4/20 [00:05<00:23,  1.45s/it, RMSE=30.370TECU, a=0.55, rel_dP=2.86e-02]  [EKF] iterating [analytical]:  20%|##        | 4/20 [00:07<00:23,  1.45s/it, RMSE=28.921TECU, a=0.71, rel_dP=2.99e-02]  [EKF] iterating [analytical]:  25%|##5       | 5/20 [00:07<00:22,  1.50s/it, RMSE=28.921TECU, a=0.71, rel_dP=2.99e-02]  [EKF] iterating [analytical]:  25%|##5       | 5/20 [00:08<00:22,  1.50s/it, RMSE=28.340TECU, a=0.93, rel_dP=3.80e-02]  [EKF] iterating [analytical]:  30%|###       | 6/20 [00:08<00:21,  1.50s/it, RMSE=28.340TECU, a=0.93, rel_dP=3.80e-02]  [EKF] iterating [analytical]:  30%|###       | 6/20 [00:10<00:21,  1.50s/it, RMSE=28.332TECU, a=1.00, rel_dP=2.48e-02]  [EKF] iterating [analytical]:  35%|###5      | 7/20 [00:10<00:19,  1.49s/it, RMSE=28.332TECU, a=1.00, rel_dP=2.48e-02]  [EKF] iterating [analytical]:  35%|###5      | 7/20 [00:11<00:19,  1.49s/it, RMSE=28.332TECU, a=0.50, note=reject]      [EKF] iterating [analytical]:  40%|####      | 8/20 [00:11<00:17,  1.44s/it, RMSE=28.332TECU, a=0.50, note=reject]  [EKF] iterating [analytical]:  40%|####      | 8/20 [00:13<00:17,  1.44s/it, RMSE=28.332TECU, a=0.65, rel_dP=1.61e-02]  [EKF] iterating [analytical]:  45%|####5     | 9/20 [00:13<00:15,  1.44s/it, RMSE=28.332TECU, a=0.65, rel_dP=1.61e-02]  [EKF] iterating [analytical]:  45%|####5     | 9/20 [00:14<00:15,  1.44s/it, RMSE=28.332TECU, a=0.33, note=reject]      [EKF] iterating [analytical]:  50%|#####     | 10/20 [00:14<00:14,  1.41s/it, RMSE=28.332TECU, a=0.33, note=reject]  [EKF] iterating [analytical]:  50%|#####     | 10/20 [00:15<00:14,  1.41s/it, RMSE=28.332TECU, a=0.42, rel_dP=1.05e-02]  [EKF] iterating [analytical]:  55%|#####5    | 11/20 [00:15<00:12,  1.40s/it, RMSE=28.332TECU, a=0.42, rel_dP=1.05e-02]  [EKF] iterating [analytical]:  55%|#####5    | 11/20 [00:17<00:12,  1.40s/it, RMSE=28.332TECU, a=0.21, note=reject]      [EKF] iterating [analytical]:  60%|######    | 12/20 [00:17<00:11,  1.40s/it, RMSE=28.332TECU, a=0.21, note=reject]  [EKF] iterating [analytical]:  60%|######    | 12/20 [00:18<00:11,  1.40s/it, RMSE=28.332TECU, a=0.27, rel_dP=6.82e-03]  [EKF] iterating [analytical]:  65%|######5   | 13/20 [00:18<00:09,  1.40s/it, RMSE=28.332TECU, a=0.27, rel_dP=6.82e-03]  [EKF] iterating [analytical]:  65%|######5   | 13/20 [00:19<00:09,  1.40s/it, RMSE=28.332TECU, a=0.14, note=reject]      [EKF] iterating [analytical]:  70%|#######   | 14/20 [00:19<00:08,  1.39s/it, RMSE=28.332TECU, a=0.14, note=reject]  [EKF] iterating [analytical]:  70%|#######   | 14/20 [00:21<00:08,  1.39s/it, RMSE=28.332TECU, a=0.18, rel_dP=4.43e-03]  [EKF] iterating [analytical]:  75%|#######5  | 15/20 [00:21<00:07,  1.40s/it, RMSE=28.332TECU, a=0.18, rel_dP=4.43e-03]  [EKF] iterating [analytical]:  75%|#######5  | 15/20 [00:22<00:07,  1.40s/it, RMSE=28.332TECU, a=0.09, note=reject]      [EKF] iterating [analytical]:  80%|########  | 16/20 [00:22<00:05,  1.38s/it, RMSE=28.332TECU, a=0.09, note=reject]  [EKF] iterating [analytical]:  80%|########  | 16/20 [00:24<00:05,  1.38s/it, RMSE=28.332TECU, a=0.12, rel_dP=2.88e-03]  [EKF] iterating [analytical]:  85%|########5 | 17/20 [00:24<00:04,  1.38s/it, RMSE=28.332TECU, a=0.12, rel_dP=2.88e-03]  [EKF] iterating [analytical]:  85%|########5 | 17/20 [00:25<00:04,  1.38s/it, RMSE=28.332TECU, a=0.06, note=reject]      [EKF] iterating [analytical]:  90%|######### | 18/20 [00:25<00:02,  1.38s/it, RMSE=28.332TECU, a=0.06, note=reject]  [EKF] iterating [analytical]:  90%|######### | 18/20 [00:26<00:02,  1.38s/it, RMSE=28.332TECU, a=0.08, rel_dP=1.87e-03]  [EKF] iterating [analytical]:  95%|#########5| 19/20 [00:26<00:01,  1.38s/it, RMSE=28.332TECU, a=0.08, rel_dP=1.87e-03]  [EKF] iterating [analytical]:  95%|#########5| 19/20 [00:28<00:01,  1.38s/it, RMSE=28.332TECU, a=0.04, note=reject]      [EKF] iterating [analytical]: 100%|##########| 20/20 [00:28<00:00,  1.37s/it, RMSE=28.332TECU, a=0.04, note=reject]                                                                                                                       [EKF] stage 1 reached max_iter=20 without convergence  (final ||ΔP||/||P|| = 1.87e-03, RMSE=28.40TECU vs tol 5.0)
  [EKF] Posterior innovations  mean=-18.44  std=21.51  max_abs=73.87 TECU
  [EKF] Prior RMSE 54.173 TECU  →  Post RMSE 27.938 TECU
  Saved EKF convergence plot → /home/austinhunter/IonosphereTomography/Figures/ISR_DA_Comparison/OUTPUT/2025-08-27_0912/bin_15/ro_igs/2025-08-27_0912_ro_igs_ekf_convergence.png
◀◀◀ _run_or_load END   | 2025-08-27_0912 | bin=15  | ro_igs    | parametric_ekf : DONE       (38.4s) -> status=Success
▶▶▶ _run_or_load START | 2025-08-27_0912 | bin=15  | igs_only  | parametric_ekf
    [diag] 2025-08-27_0912 | bin=15  | igs_only  | parametric_ekf : RUNNING    (force=True, cached=False) ...
  [EKF] Building IRI state at 210 grid points (batch call) …
  [EnKF] Estimating background covariance from 500 EDP samples x 210 grid points ...
  [EnKF] Parameter sigma: log10(NmF2)=0.15  hmF2=20  H0=15  gamma=0.15  B0=20  B1=0.3  log10(NmE)=0.2  hmE=8
  [EnKF] Spatial corr (Ne-space KF method): mean=0.957  max=1.000  min=0.126
  [EKF] Running EKF_Param on 23 arc(s) …
  [EKF] 23 arcs  |  23 profile rays  |  23 update rays  |  n_state = 1680
  [EKF] Prior innovations  mean=29.51  std=16.49  max_abs=55.44 TECU
  [EKF] stage 1/1: free=[log10(NmF2),hmF2,H0,gamma,B0,log10(NmE)] (6/8 params)
  [EKF] iterating [analytical]:   0%|          | 0/20 [00:00<?, ?it/s]  [EKF] iterating [analytical]:   0%|          | 0/20 [00:00<?, ?it/s, RMSE=33.801TECU, a=0.25, rel_dP=3.49e-03]  [EKF] iterating [analytical]:   0%|          | 0/20 [00:00<?, ?it/s, RMSE=27.975TECU, a=0.33, rel_dP=3.06e-03]  [EKF] iterating [analytical]:  10%|#         | 2/20 [00:00<00:01, 10.08it/s, RMSE=27.975TECU, a=0.33, rel_dP=3.06e-03]  [EKF] iterating [analytical]:  10%|#         | 2/20 [00:00<00:01, 10.08it/s, RMSE=22.879TECU, a=0.42, rel_dP=3.63e-03]  [EKF] iterating [analytical]:  10%|#         | 2/20 [00:00<00:01, 10.08it/s, RMSE=19.691TECU, a=0.55, rel_dP=4.34e-03]  [EKF] iterating [analytical]:  20%|##        | 4/20 [00:00<00:01,  8.89it/s, RMSE=19.691TECU, a=0.55, rel_dP=4.34e-03]  [EKF] iterating [analytical]:  20%|##        | 4/20 [00:00<00:01,  8.89it/s, RMSE=18.353TECU, a=0.71, rel_dP=4.96e-03]  [EKF] iterating [analytical]:  25%|##5       | 5/20 [00:00<00:01,  8.21it/s, RMSE=18.353TECU, a=0.71, rel_dP=4.96e-03]  [EKF] iterating [analytical]:  25%|##5       | 5/20 [00:00<00:01,  8.21it/s, RMSE=18.030TECU, a=0.93, rel_dP=6.97e-03]  [EKF] iterating [analytical]:  30%|###       | 6/20 [00:00<00:01,  7.18it/s, RMSE=18.030TECU, a=0.93, rel_dP=6.97e-03]  [EKF] iterating [analytical]:  30%|###       | 6/20 [00:00<00:01,  7.18it/s, RMSE=17.983TECU, a=1.00, rel_dP=8.95e-03]  [EKF] iterating [analytical]:  35%|###5      | 7/20 [00:00<00:01,  7.17it/s, RMSE=17.983TECU, a=1.00, rel_dP=8.95e-03]  [EKF] iterating [analytical]:  35%|###5      | 7/20 [00:01<00:01,  7.17it/s, RMSE=17.960TECU, a=1.00, rel_dP=9.07e-03]  [EKF] iterating [analytical]:  40%|####      | 8/20 [00:01<00:01,  7.17it/s, RMSE=17.960TECU, a=1.00, rel_dP=9.07e-03]  [EKF] iterating [analytical]:  40%|####      | 8/20 [00:01<00:01,  7.17it/s, RMSE=17.942TECU, a=1.00, rel_dP=7.38e-03]  [EKF] iterating [analytical]:  45%|####5     | 9/20 [00:01<00:01,  7.41it/s, RMSE=17.942TECU, a=1.00, rel_dP=7.38e-03]  [EKF] iterating [analytical]:  45%|####5     | 9/20 [00:01<00:01,  7.41it/s, RMSE=17.925TECU, a=1.00, rel_dP=8.59e-03]  [EKF] iterating [analytical]:  50%|#####     | 10/20 [00:01<00:01,  7.66it/s, RMSE=17.925TECU, a=1.00, rel_dP=8.59e-03]  [EKF] iterating [analytical]:  50%|#####     | 10/20 [00:01<00:01,  7.66it/s, RMSE=17.907TECU, a=1.00, rel_dP=7.61e-03]  [EKF] iterating [analytical]:  55%|#####5    | 11/20 [00:01<00:01,  8.00it/s, RMSE=17.907TECU, a=1.00, rel_dP=7.61e-03]  [EKF] iterating [analytical]:  55%|#####5    | 11/20 [00:01<00:01,  8.00it/s, RMSE=17.892TECU, a=1.00, rel_dP=9.03e-03]  [EKF] iterating [analytical]:  60%|######    | 12/20 [00:01<00:00,  8.03it/s, RMSE=17.892TECU, a=1.00, rel_dP=9.03e-03]  [EKF] iterating [analytical]:  60%|######    | 12/20 [00:01<00:00,  8.03it/s, RMSE=17.873TECU, a=1.00, rel_dP=8.88e-03]  [EKF] iterating [analytical]:  65%|######5   | 13/20 [00:01<00:00,  8.04it/s, RMSE=17.873TECU, a=1.00, rel_dP=8.88e-03]  [EKF] iterating [analytical]:  65%|######5   | 13/20 [00:01<00:00,  8.04it/s, RMSE=17.854TECU, a=1.00, rel_dP=9.91e-03]  [EKF] iterating [analytical]:  70%|#######   | 14/20 [00:01<00:00,  7.89it/s, RMSE=17.854TECU, a=1.00, rel_dP=9.91e-03]  [EKF] iterating [analytical]:  70%|#######   | 14/20 [00:01<00:00,  7.89it/s, RMSE=17.835TECU, a=1.00, rel_dP=9.15e-03]  [EKF] iterating [analytical]:  75%|#######5  | 15/20 [00:01<00:00,  7.87it/s, RMSE=17.835TECU, a=1.00, rel_dP=9.15e-03]  [EKF] iterating [analytical]:  75%|#######5  | 15/20 [00:02<00:00,  7.87it/s, RMSE=17.818TECU, a=1.00, rel_dP=1.15e-02]  [EKF] iterating [analytical]:  80%|########  | 16/20 [00:02<00:00,  7.30it/s, RMSE=17.818TECU, a=1.00, rel_dP=1.15e-02]  [EKF] iterating [analytical]:  80%|########  | 16/20 [00:02<00:00,  7.30it/s, RMSE=17.795TECU, a=1.00, rel_dP=1.01e-02]  [EKF] iterating [analytical]:  85%|########5 | 17/20 [00:02<00:00,  7.13it/s, RMSE=17.795TECU, a=1.00, rel_dP=1.01e-02]  [EKF] iterating [analytical]:  85%|########5 | 17/20 [00:02<00:00,  7.13it/s, RMSE=17.775TECU, a=1.00, rel_dP=9.44e-03]  [EKF] iterating [analytical]:  90%|######### | 18/20 [00:02<00:00,  7.07it/s, RMSE=17.775TECU, a=1.00, rel_dP=9.44e-03]  [EKF] iterating [analytical]:  90%|######### | 18/20 [00:02<00:00,  7.07it/s, RMSE=17.755TECU, a=1.00, rel_dP=9.29e-03]  [EKF] iterating [analytical]:  95%|#########5| 19/20 [00:02<00:00,  7.47it/s, RMSE=17.755TECU, a=1.00, rel_dP=9.29e-03]  [EKF] iterating [analytical]:  95%|#########5| 19/20 [00:02<00:00,  7.47it/s, RMSE=17.736TECU, a=1.00, rel_dP=8.32e-03]  [EKF] iterating [analytical]: 100%|##########| 20/20 [00:02<00:00,  7.79it/s, RMSE=17.736TECU, a=1.00, rel_dP=8.32e-03]                                                                                                                           [EKF] stage 1 reached max_iter=20 without convergence  (final ||ΔP||/||P|| = 8.32e-03, RMSE=17.74TECU vs tol 5.0)
  [EKF] Posterior innovations  mean=1.88  std=17.62  max_abs=30.00 TECU
  [EKF] Prior RMSE 33.801 TECU  →  Post RMSE 17.723 TECU
  Saved EKF convergence plot → /home/austinhunter/IonosphereTomography/Figures/ISR_DA_Comparison/OUTPUT/2025-08-27_0912/bin_15/igs_only/2025-08-27_0912_igs_only_ekf_convergence.png
◀◀◀ _run_or_load END   | 2025-08-27_0912 | bin=15  | igs_only  | parametric_ekf : DONE       (565.5s) -> status=ok (no 'status' key)
  [diag] 2025-08-27_0912 | bin=15 : summary of 6 obs_mode/filter_type combos
           ro_only   | gridded_kf     -> Success
           ro_only   | parametric_ekf -> Success
           ro_igs    | gridded_kf     -> Success
           ro_igs    | parametric_ekf -> Success
           igs_only  | gridded_kf     -> ok (no 'status' key)
           igs_only  | parametric_ekf -> ok (no 'status' key)

▶▶▶ compute_isr_metrics START | group=2025-08-27_0912 bin=15
◀◀◀ compute_isr_metrics END   | group=2025-08-27_0912 bin=15 -> 0 metric row(s)

▶▶▶ _plot_group_all_modes START | group=2025-08-27_0912
  [diag] 2025-08-27_0912/ro_igs/gridded_kf: arc-innovation panels thinned to 7 RO + 20/23 representative IGS arcs (of 30 total)
  [diag] 2025-08-27_0912/ro_igs/parametric_ekf: arc-innovation panels thinned to 7 RO + 20/23 representative IGS arcs (of 30 total)
  [diag] 2025-08-27_0912/igs_only/gridded_kf: arc-innovation panels thinned to 0 RO + 20/23 representative IGS arcs (of 23 total)
  [diag] 2025-08-27_0912/igs_only/parametric_ekf: arc-innovation panels thinned to 0 RO + 20/23 representative IGS arcs (of 23 total)
/home/austinhunter/Downloads/PlanetiQ_Code/venv311/lib/python3.11/site-packages/shapely/creation.py:218: RuntimeWarning: invalid value encountered in linestrings
  return lib.linestrings(coords, np.intc(handle_nan), out=out, **kwargs)
/home/austinhunter/IonosphereTomography/plotIonosphereTomography.py:3914: UserWarning: This figure includes Axes that are not compatible with tight_layout, so results might be incorrect.
  plt.tight_layout(rect=[0, 0, 1, 0.98])
/home/austinhunter/IonosphereTomography/plotIonosphereTomography.py:3914: UserWarning: This figure includes Axes that are not compatible with tight_layout, so results might be incorrect.
  plt.tight_layout(rect=[0, 0, 1, 0.98])
/home/austinhunter/IonosphereTomography/plotIonosphereTomography.py:3914: UserWarning: This figure includes Axes that are not compatible with tight_layout, so results might be incorrect.
  plt.tight_layout(rect=[0, 0, 1, 0.98])
◀◀◀ _plot_group_all_modes END   | group=2025-08-27_0912
No valid descending tangent points found. Skipping.
No valid descending tangent points found. Skipping.
No valid descending tangent points found. Skipping.
▶▶▶ _run_or_load START | 2025-08-27_0912 | bin=5   | ro_only   | gridded_kf    
    [diag] 2025-08-27_0912 | bin=5   | ro_only   | gridded_kf     : RUNNING    (force=True, cached=False) ...

────────────────────────────────────────────────────────────
  Group : 2025-08-27_0912
  Window: 2025-08-27_0912  |  Region: POLAR_N  |  5 occultation(s)
────────────────────────────────────────────────────────────
No valid descending tangent points found. Skipping.
    [skip] podTc2_GN04.2025.239.09.15.0011.R03.01_0000.0001_nc — parse returned None
No valid descending tangent points found. Skipping.
    [skip] podTc2_GN05.2025.239.09.27.0015.R12.01_0000.0001_nc — parse returned None
No valid descending tangent points found. Skipping.
    [skip] podTc2_GN05.2025.239.09.32.0009.R03.01_0000.0001_nc — parse returned None
  Parsed 2/5 files successfully.
    [podTc2] YM08 09:17 — 72 valid rays → decimated to 72 (stride 1)
    [podTc2] GN05 09:42 — 209 valid rays → decimated to 105 (stride 2)
  Bbox lat [57.6, 86.5]  lon [-28.2, 28.7]  |  union vertices: 6
  Final group: 2 occultation(s), 6 union-mesh vertices
  Saved trim diagnostic → /home/austinhunter/IonosphereTomography/Figures/ISR_DA_Comparison/OUTPUT/2025-08-27_0912/bin_5/ro_only/group_2025-08-27_0912_trim.png
  -> Building H matrices (177 rays across 2 arc(s), single parallel sweep) …
  [!] Error in group 2025-08-27_0912: zero-size array to reduction operation maximum which has no identity
◀◀◀ _run_or_load END   | 2025-08-27_0912 | bin=5   | ro_only   | gridded_kf     : DONE       (3.3s) -> status=Error: zero-size array to reduction operation maximum which has no identity
▶▶▶ _run_or_load START | 2025-08-27_0912 | bin=5   | ro_igs    | gridded_kf    
    [diag] 2025-08-27_0912 | bin=5   | ro_igs    | gridded_kf     : RUNNING    (force=True, cached=False) ...

────────────────────────────────────────────────────────────
  Group : 2025-08-27_0912
  Window: 2025-08-27_0912  |  Region: POLAR_N  |  5 occultation(s)
────────────────────────────────────────────────────────────
No valid descending tangent points found. Skipping.
    [skip] podTc2_GN04.2025.239.09.15.0011.R03.01_0000.0001_nc — parse returned None
No valid descending tangent points found. Skipping.
    [skip] podTc2_GN05.2025.239.09.27.0015.R12.01_0000.0001_nc — parse returned None
No valid descending tangent points found. Skipping.
    [skip] podTc2_GN05.2025.239.09.32.0009.R03.01_0000.0001_nc — parse returned None
  Parsed 2/5 files successfully.
    [podTc2] YM08 09:17 — 72 valid rays → decimated to 72 (stride 1)
    [podTc2] GN05 09:42 — 209 valid rays → decimated to 105 (stride 2)
  Bbox lat [57.6, 86.5]  lon [-28.2, 28.7]  |  union vertices: 6
  Final group: 2 occultation(s), 6 union-mesh vertices
  Saved trim diagnostic → /home/austinhunter/IonosphereTomography/Figures/ISR_DA_Comparison/OUTPUT/2025-08-27_0912/bin_5/ro_igs/group_2025-08-27_0912_trim.png
  [extra] Injected 23 ground-station arc(s) → total 25 arc(s) in assimilation pool
  -> Building H matrices (200 rays across 25 arc(s), single parallel sweep) …
  [!] Error in group 2025-08-27_0912: zero-size array to reduction operation maximum which has no identity
◀◀◀ _run_or_load END   | 2025-08-27_0912 | bin=5   | ro_igs    | gridded_kf     : DONE       (3.2s) -> status=Error: zero-size array to reduction operation maximum which has no identity
▶▶▶ _run_or_load START | 2025-08-27_0912 | bin=5   | igs_only  | gridded_kf    
    [diag] 2025-08-27_0912 | bin=5   | igs_only  | gridded_kf     : RUNNING    (force=True, cached=False) ...
    [Info] Initialising information matrix (n_state=12100) …
    [Info] arcs ingested = 23/23  |  obs rows = 23  |  Λ cond ≈ 2.48e+23
    [Info] Solving …
    [Prior] innovation  mean=40.75  std=15.76  n_obs=23
    [Post ] innovation  mean=31.88  std=12.83
    RMSE:  prior=43.692 TECU  →  post=34.369 TECU
◀◀◀ _run_or_load END   | 2025-08-27_0912 | bin=5   | igs_only  | gridded_kf     : DONE       (55.5s) -> status=ok (no 'status' key)
▶▶▶ _run_or_load START | 2025-08-27_0912 | bin=5   | ro_only   | parametric_ekf
    [diag] 2025-08-27_0912 | bin=5   | ro_only   | parametric_ekf : RUNNING    (force=True, cached=False) ...
  [diag] 2025-08-27_0912 | ro_only   | parametric_ekf : SKIPPED (upstream gridded_kf status='Error: zero-size array to reduction operation maximum which has no identity' (need 'Success'))
◀◀◀ _run_or_load END   | 2025-08-27_0912 | bin=5   | ro_only   | parametric_ekf : DONE       (0.0s) -> status=None
▶▶▶ _run_or_load START | 2025-08-27_0912 | bin=5   | ro_igs    | parametric_ekf
    [diag] 2025-08-27_0912 | bin=5   | ro_igs    | parametric_ekf : RUNNING    (force=True, cached=False) ...
  [diag] 2025-08-27_0912 | ro_igs    | parametric_ekf : SKIPPED (upstream gridded_kf status='Error: zero-size array to reduction operation maximum which has no identity' (need 'Success'))
◀◀◀ _run_or_load END   | 2025-08-27_0912 | bin=5   | ro_igs    | parametric_ekf : DONE       (0.0s) -> status=None
▶▶▶ _run_or_load START | 2025-08-27_0912 | bin=5   | igs_only  | parametric_ekf
    [diag] 2025-08-27_0912 | bin=5   | igs_only  | parametric_ekf : RUNNING    (force=True, cached=False) ...
  [EKF] Building IRI state at 220 grid points (batch call) …
  [EnKF] Estimating background covariance from 500 EDP samples x 220 grid points ...
  [EnKF] Parameter sigma: log10(NmF2)=0.15  hmF2=20  H0=15  gamma=0.15  B0=20  B1=0.3  log10(NmE)=0.2  hmE=8
  [EnKF] Spatial corr (Ne-space KF method): mean=0.935  max=1.000  min=0.055
  [EKF] Running EKF_Param on 23 arc(s) …
  [EKF] 23 arcs  |  23 profile rays  |  23 update rays  |  n_state = 1760
  [EKF] Prior innovations  mean=29.55  std=16.30  max_abs=54.59 TECU
  [EKF] stage 1/1: free=[log10(NmF2),hmF2,H0,gamma,B0,log10(NmE)] (6/8 params)
  [EKF] iterating [analytical]:   0%|          | 0/20 [00:00<?, ?it/s]  [EKF] iterating [analytical]:   0%|          | 0/20 [00:00<?, ?it/s, RMSE=33.748TECU, a=0.25, rel_dP=7.62e-03]  [EKF] iterating [analytical]:   0%|          | 0/20 [00:00<?, ?it/s, RMSE=28.158TECU, a=0.33, rel_dP=6.57e-03]  [EKF] iterating [analytical]:  10%|#         | 2/20 [00:00<00:02,  8.65it/s, RMSE=28.158TECU, a=0.33, rel_dP=6.57e-03]  [EKF] iterating [analytical]:  10%|#         | 2/20 [00:00<00:02,  8.65it/s, RMSE=23.150TECU, a=0.42, rel_dP=6.30e-03]  [EKF] iterating [analytical]:  15%|#5        | 3/20 [00:00<00:02,  8.06it/s, RMSE=23.150TECU, a=0.42, rel_dP=6.30e-03]  [EKF] iterating [analytical]:  15%|#5        | 3/20 [00:00<00:02,  8.06it/s, RMSE=19.903TECU, a=0.55, rel_dP=7.26e-03]  [EKF] iterating [analytical]:  20%|##        | 4/20 [00:00<00:01,  8.46it/s, RMSE=19.903TECU, a=0.55, rel_dP=7.26e-03]  [EKF] iterating [analytical]:  20%|##        | 4/20 [00:00<00:01,  8.46it/s, RMSE=18.456TECU, a=0.71, rel_dP=8.87e-03]  [EKF] iterating [analytical]:  25%|##5       | 5/20 [00:00<00:01,  8.53it/s, RMSE=18.456TECU, a=0.71, rel_dP=8.87e-03]  [EKF] iterating [analytical]:  25%|##5       | 5/20 [00:00<00:01,  8.53it/s, RMSE=18.054TECU, a=0.93, rel_dP=1.52e-02]  [EKF] iterating [analytical]:  30%|###       | 6/20 [00:00<00:01,  8.65it/s, RMSE=18.054TECU, a=0.93, rel_dP=1.52e-02]  [EKF] iterating [analytical]:  30%|###       | 6/20 [00:00<00:01,  8.65it/s, RMSE=17.967TECU, a=1.00, rel_dP=1.61e-02]  [EKF] iterating [analytical]:  35%|###5      | 7/20 [00:00<00:01,  8.45it/s, RMSE=17.967TECU, a=1.00, rel_dP=1.61e-02]  [EKF] iterating [analytical]:  35%|###5      | 7/20 [00:00<00:01,  8.45it/s, RMSE=17.934TECU, a=1.00, rel_dP=1.34e-02]  [EKF] iterating [analytical]:  40%|####      | 8/20 [00:00<00:01,  8.15it/s, RMSE=17.934TECU, a=1.00, rel_dP=1.34e-02]  [EKF] iterating [analytical]:  40%|####      | 8/20 [00:01<00:01,  8.15it/s, RMSE=17.911TECU, a=1.00, rel_dP=1.24e-02]  [EKF] iterating [analytical]:  45%|####5     | 9/20 [00:01<00:01,  8.02it/s, RMSE=17.911TECU, a=1.00, rel_dP=1.24e-02]  [EKF] iterating [analytical]:  45%|####5     | 9/20 [00:01<00:01,  8.02it/s, RMSE=17.888TECU, a=1.00, rel_dP=1.38e-02]  [EKF] iterating [analytical]:  50%|#####     | 10/20 [00:01<00:01,  7.81it/s, RMSE=17.888TECU, a=1.00, rel_dP=1.38e-02]  [EKF] iterating [analytical]:  50%|#####     | 10/20 [00:01<00:01,  7.81it/s, RMSE=17.863TECU, a=1.00, rel_dP=1.88e-02]  [EKF] iterating [analytical]:  55%|#####5    | 11/20 [00:01<00:01,  7.02it/s, RMSE=17.863TECU, a=1.00, rel_dP=1.88e-02]  [EKF] iterating [analytical]:  55%|#####5    | 11/20 [00:01<00:01,  7.02it/s, RMSE=17.830TECU, a=1.00, rel_dP=1.70e-02]  [EKF] iterating [analytical]:  60%|######    | 12/20 [00:01<00:01,  7.18it/s, RMSE=17.830TECU, a=1.00, rel_dP=1.70e-02]  [EKF] iterating [analytical]:  60%|######    | 12/20 [00:01<00:01,  7.18it/s, RMSE=17.799TECU, a=1.00, rel_dP=1.48e-02]  [EKF] iterating [analytical]:  65%|######5   | 13/20 [00:01<00:00,  7.05it/s, RMSE=17.799TECU, a=1.00, rel_dP=1.48e-02]  [EKF] iterating [analytical]:  65%|######5   | 13/20 [00:01<00:00,  7.05it/s, RMSE=17.774TECU, a=1.00, rel_dP=1.60e-02]  [EKF] iterating [analytical]:  70%|#######   | 14/20 [00:01<00:00,  7.20it/s, RMSE=17.774TECU, a=1.00, rel_dP=1.60e-02]  [EKF] iterating [analytical]:  70%|#######   | 14/20 [00:01<00:00,  7.20it/s, RMSE=17.745TECU, a=1.00, rel_dP=1.26e-02]  [EKF] iterating [analytical]:  75%|#######5  | 15/20 [00:01<00:00,  7.64it/s, RMSE=17.745TECU, a=1.00, rel_dP=1.26e-02]  [EKF] iterating [analytical]:  75%|#######5  | 15/20 [00:02<00:00,  7.64it/s, RMSE=17.721TECU, a=1.00, rel_dP=1.46e-02]  [EKF] iterating [analytical]:  80%|########  | 16/20 [00:02<00:00,  7.91it/s, RMSE=17.721TECU, a=1.00, rel_dP=1.46e-02]  [EKF] iterating [analytical]:  80%|########  | 16/20 [00:02<00:00,  7.91it/s, RMSE=17.693TECU, a=1.00, rel_dP=1.74e-02]  [EKF] iterating [analytical]:  85%|########5 | 17/20 [00:02<00:00,  7.96it/s, RMSE=17.693TECU, a=1.00, rel_dP=1.74e-02]  [EKF] iterating [analytical]:  85%|########5 | 17/20 [00:02<00:00,  7.96it/s, RMSE=17.657TECU, a=1.00, rel_dP=1.22e-02]  [EKF] iterating [analytical]:  90%|######### | 18/20 [00:02<00:00,  7.70it/s, RMSE=17.657TECU, a=1.00, rel_dP=1.22e-02]  [EKF] iterating [analytical]:  90%|######### | 18/20 [00:02<00:00,  7.70it/s, RMSE=17.639TECU, a=1.00, rel_dP=1.11e-02]  [EKF] iterating [analytical]:  95%|#########5| 19/20 [00:02<00:00,  7.80it/s, RMSE=17.639TECU, a=1.00, rel_dP=1.11e-02]  [EKF] iterating [analytical]:  95%|#########5| 19/20 [00:02<00:00,  7.80it/s, RMSE=17.621TECU, a=1.00, rel_dP=1.22e-02]  [EKF] iterating [analytical]: 100%|##########| 20/20 [00:02<00:00,  7.96it/s, RMSE=17.621TECU, a=1.00, rel_dP=1.22e-02]                                                                                                                           [EKF] stage 1 reached max_iter=20 without convergence  (final ||ΔP||/||P|| = 1.22e-02, RMSE=17.62TECU vs tol 5.0)
  [EKF] Posterior innovations  mean=1.80  std=17.51  max_abs=29.73 TECU
  [EKF] Prior RMSE 33.748 TECU  →  Post RMSE 17.599 TECU
  Saved EKF convergence plot → /home/austinhunter/IonosphereTomography/Figures/ISR_DA_Comparison/OUTPUT/2025-08-27_0912/bin_5/igs_only/2025-08-27_0912_igs_only_ekf_convergence.png
◀◀◀ _run_or_load END   | 2025-08-27_0912 | bin=5   | igs_only  | parametric_ekf : DONE       (574.8s) -> status=ok (no 'status' key)
  [diag] 2025-08-27_0912 | bin=5 : summary of 6 obs_mode/filter_type combos
           ro_only   | gridded_kf     -> Error: zero-size array to reduction operation maximum which has no identity
           ro_only   | parametric_ekf -> None
           ro_igs    | gridded_kf     -> Error: zero-size array to reduction operation maximum which has no identity
           ro_igs    | parametric_ekf -> None
           igs_only  | gridded_kf     -> ok (no 'status' key)
           igs_only  | parametric_ekf -> ok (no 'status' key)

▶▶▶ compute_isr_metrics START | group=2025-08-27_0912 bin=5
◀◀◀ compute_isr_metrics END   | group=2025-08-27_0912 bin=5 -> 0 metric row(s)

▶▶▶ _plot_group_all_modes START | group=2025-08-27_0912
  [diag] 2025-08-27_0912/igs_only/gridded_kf: arc-innovation panels thinned to 0 RO + 20/23 representative IGS arcs (of 23 total)
  [diag] 2025-08-27_0912/igs_only/parametric_ekf: arc-innovation panels thinned to 0 RO + 20/23 representative IGS arcs (of 23 total)
/home/austinhunter/IonosphereTomography/plotIonosphereTomography.py:3914: UserWarning: This figure includes Axes that are not compatible with tight_layout, so results might be incorrect.
  plt.tight_layout(rect=[0, 0, 1, 0.98])
◀◀◀ _plot_group_all_modes END   | group=2025-08-27_0912
EDPS: (55, 1650, 50), N_geo: 1650
EDPS: (55, 1650, 50), N_geo: 1650
No valid descending tangent points found. Skipping.
No valid descending tangent points found. Skipping.
No valid descending tangent points found. Skipping.
No valid descending tangent points found. Skipping.
No valid descending tangent points found. Skipping.
No valid descending tangent points found. Skipping.
No valid descending tangent points found. Skipping.
No valid descending tangent points found. Skipping.
No valid descending tangent points found. Skipping.
No valid descending tangent points found. Skipping.
No valid descending tangent points found. Skipping.
No valid descending tangent points found. Skipping.
No valid descending tangent points found. Skipping.
No valid descending tangent points found. Skipping.
No valid descending tangent points found. Skipping.
No valid descending tangent points found. Skipping.
No valid descending tangent points found. Skipping.
No valid descending tangent points found. Skipping.
No valid descending tangent points found. Skipping.
No valid descending tangent points found. Skipping.
No valid descending tangent points found. Skipping.
No valid descending tangent points found. Skipping.
No valid descending tangent points found. Skipping.
No valid descending tangent points found. Skipping.
No valid descending tangent points found. Skipping.
No valid descending tangent points found. Skipping.
No valid descending tangent points found. Skipping.
▶▶▶ _run_or_load START | 2025-08-27_1050 | bin=all | ro_only   | gridded_kf    
    [diag] 2025-08-27_1050 | bin=all | ro_only   | gridded_kf     : RUNNING    (force=True, cached=True) ...

────────────────────────────────────────────────────────────
  Group : 2025-08-27_1050
  Window: 2025-08-27_1050  |  Region: POLAR_N  |  98 occultation(s)
────────────────────────────────────────────────────────────
No valid descending tangent points found. Skipping.
    [skip] podTc2_YM08.2025.239.10.36.0015.E15.01_0000.0001_nc — parse returned None
No valid descending tangent points found. Skipping.
    [skip] podTc2_GN04.2025.239.10.41.0020.G29.01_0000.0001_nc — parse returned None
No valid descending tangent points found. Skipping.
    [skip] podTc2_GN04.2025.239.10.43.0017.C24.01_0000.0001_nc — parse returned None
No valid descending tangent points found. Skipping.
    [skip] podTc2_GN04.2025.239.10.44.0017.E33.01_0000.0001_nc — parse returned None
No valid descending tangent points found. Skipping.
    [skip] podTc2_GN04.2025.239.10.45.0016.E16.01_0000.0001_nc — parse returned None
No valid descending tangent points found. Skipping.
    [skip] podTc2_GN04.2025.239.10.45.0016.G28.01_0000.0001_nc — parse returned None
No valid descending tangent points found. Skipping.
    [skip] podTc2_GN04.2025.239.10.45.0016.E25.01_0000.0001_nc — parse returned None
No valid descending tangent points found. Skipping.
    [skip] podTc2_GN04.2025.239.10.45.0016.C44.01_0000.0001_nc — parse returned None
No valid descending tangent points found. Skipping.
    [skip] podTc2_GN04.2025.239.10.46.0015.E05.01_0000.0001_nc — parse returned None
No valid descending tangent points found. Skipping.
    [skip] podTc2_GN04.2025.239.10.47.0013.G26.01_0000.0001_nc — parse returned None
No valid descending tangent points found. Skipping.
    [skip] podTc2_GN04.2025.239.10.48.0013.E31.01_0000.0001_nc — parse returned None
No valid descending tangent points found. Skipping.
    [skip] podTc2_GN04.2025.239.10.48.0013.G25.01_0000.0001_nc — parse returned None
No valid descending tangent points found. Skipping.
    [skip] podTc2_GN04.2025.239.10.48.0015.G25.01_0000.0001_nc — parse returned None
No valid descending tangent points found. Skipping.
    [skip] podTc2_GN04.2025.239.10.49.0012.R04.01_0000.0001_nc — parse returned None
No valid descending tangent points found. Skipping.
    [skip] podTc2_GN05.2025.239.10.58.0019.E33.01_0000.0001_nc — parse returned None
No valid descending tangent points found. Skipping.
    [skip] podTc2_GN05.2025.239.10.58.0019.G29.01_0000.0001_nc — parse returned None
No valid descending tangent points found. Skipping.
    [skip] podTc2_GN05.2025.239.10.58.0021.G29.01_0000.0001_nc — parse returned None
No valid descending tangent points found. Skipping.
    [skip] podTc2_GN05.2025.239.11.00.0017.G28.01_0000.0001_nc — parse returned None
No valid descending tangent points found. Skipping.
    [skip] podTc2_GN05.2025.239.11.01.0018.G25.01_0000.0001_nc — parse returned None
No valid descending tangent points found. Skipping.
    [skip] podTc2_GN05.2025.239.11.01.0016.G25.01_0000.0001_nc — parse returned None
No valid descending tangent points found. Skipping.
    [skip] podTc2_GN05.2025.239.11.01.0016.C44.01_0000.0001_nc — parse returned None
No valid descending tangent points found. Skipping.
    [skip] podTc2_GN05.2025.239.11.02.0015.E05.01_0000.0001_nc — parse returned None
No valid descending tangent points found. Skipping.
    [skip] podTc2_GN05.2025.239.11.02.0015.E31.01_0000.0001_nc — parse returned None
No valid descending tangent points found. Skipping.
    [skip] podTc2_GN05.2025.239.11.03.0014.E16.01_0000.0001_nc — parse returned None
No valid descending tangent points found. Skipping.
    [skip] podTc2_GN05.2025.239.11.06.0012.R04.01_0000.0001_nc — parse returned None
No valid descending tangent points found. Skipping.
    [skip] podTc2_GN05.2025.239.11.07.0013.E25.01_0000.0001_nc — parse returned None
No valid descending tangent points found. Skipping.
    [skip] podTc2_GN05.2025.239.11.07.0010.E25.01_0000.0001_nc — parse returned None
  Parsed 71/98 files successfully.
    [podTc2] YM08 10:49 — 429 valid rays → decimated to 143 (stride 3)
    [podTc2] YM08 10:51 — 600 valid rays → decimated to 200 (stride 3)
    [podTc2] YM08 10:51 — 747 valid rays → decimated to 187 (stride 4)
    [podTc2] YM08 10:49 — 412 valid rays → decimated to 138 (stride 3)
    [podTc2] YM08 10:56 — 465 valid rays → decimated to 155 (stride 3)
    [podTc2] YM08 10:52 — 109 valid rays → decimated to 109 (stride 1)
    [podTc2] GN04 11:01 — 372 valid rays → decimated to 186 (stride 2)
    [podTc2] GN04 11:01 — 460 valid rays → decimated to 154 (stride 3)
    [podTc2] YM08 10:52 — 346 valid rays → decimated to 173 (stride 2)
    [podTc2] YM08 10:52 — 256 valid rays → decimated to 128 (stride 2)
    [podTc2] YM08 10:52 — 166 valid rays → decimated to 166 (stride 1)
    [podTc2] YM08 10:52 — 186 valid rays → decimated to 186 (stride 1)
    [podTc2] YM08 10:53 — 380 valid rays → decimated to 190 (stride 2)
    [podTc2] YM08 10:57 — 393 valid rays → decimated to 197 (stride 2)
    [podTc2] YM08 10:38 — 464 valid rays → decimated to 155 (stride 3)
    [podTc2] YM08 10:38 — 464 valid rays → decimated to 155 (stride 3)
    [podTc2] YM08 10:40 — 685 valid rays → decimated to 172 (stride 4)
    [podTc2] YM08 10:40 — 685 valid rays → decimated to 172 (stride 4)
    [podTc2] YM08 10:39 — 324 valid rays → decimated to 162 (stride 2)
    [podTc2] YM08 10:39 — 324 valid rays → decimated to 162 (stride 2)
    [podTc2] YM08 10:41 — 270 valid rays → decimated to 135 (stride 2)
    [podTc2] YM08 10:41 — 270 valid rays → decimated to 135 (stride 2)
    [podTc2] YM08 10:43 — 335 valid rays → decimated to 168 (stride 2)
    [podTc2] YM08 10:43 — 329 valid rays → decimated to 165 (stride 2)
    [podTc2] GN04 11:08 — 481 valid rays → decimated to 161 (stride 3)
    [podTc2] GN04 11:11 — 466 valid rays → decimated to 156 (stride 3)
    [podTc2] GN04 11:09 — 362 valid rays → decimated to 181 (stride 2)
    [podTc2] GN04 11:03 — 134 valid rays → decimated to 134 (stride 1)
    [podTc2] GN04 11:10 — 391 valid rays → decimated to 196 (stride 2)
    [podTc2] GN04 11:07 — 541 valid rays → decimated to 181 (stride 3)
    [podTc2] GN04 11:01 — 72 valid rays → decimated to 72 (stride 1)
    [podTc2] YM08 10:48 — 754 valid rays → decimated to 189 (stride 4)
    [podTc2] GN04 11:01 — 368 valid rays → decimated to 184 (stride 2)
    [podTc2] GN04 11:02 — 446 valid rays → decimated to 149 (stride 3)
    [podTc2] GN04 11:11 — 432 valid rays → decimated to 144 (stride 3)
    [podTc2] YM08 10:51 — 343 valid rays → decimated to 172 (stride 2)
    [podTc2] GN05 11:18 — 445 valid rays → decimated to 149 (stride 3)
    [podTc2] GN05 11:17 — 280 valid rays → decimated to 140 (stride 2)
    [podTc2] GN04 10:51 — 439 valid rays → decimated to 147 (stride 3)
    [podTc2] GN04 10:51 — 439 valid rays → decimated to 147 (stride 3)
    [podTc2] GN04 10:53 — 482 valid rays → decimated to 161 (stride 3)
    [podTc2] GN04 10:53 — 482 valid rays → decimated to 161 (stride 3)
    [podTc2] GN04 10:56 — 360 valid rays → decimated to 180 (stride 2)
    [podTc2] GN04 10:56 — 429 valid rays → decimated to 143 (stride 3)
    [podTc2] GN05 11:17 — 559 valid rays → decimated to 187 (stride 3)
    [podTc2] GN05 11:17 — 643 valid rays → decimated to 161 (stride 4)
    [podTc2] GN05 11:22 — 440 valid rays → decimated to 147 (stride 3)
    [podTc2] GN05 11:17 — 91 valid rays → decimated to 91 (stride 1)
    [podTc2] GN04 10:59 — 416 valid rays → decimated to 139 (stride 3)
    [podTc2] GN05 11:20 — 55 valid rays → decimated to 55 (stride 1)
    [podTc2] GN04 10:59 — 705 valid rays → decimated to 177 (stride 4)
    [podTc2] GN04 10:59 — 316 valid rays → decimated to 158 (stride 2)
    [podTc2] GN05 11:24 — 361 valid rays → decimated to 181 (stride 2)
    [podTc2] GN05 11:25 — 432 valid rays → decimated to 144 (stride 3)
    [podTc2] GN04 11:02 — 97 valid rays → decimated to 97 (stride 1)
    [podTc2] GN05 11:06 — 482 valid rays → decimated to 161 (stride 3)
    [podTc2] GN05 11:06 — 482 valid rays → decimated to 161 (stride 3)
    [podTc2] GN05 11:21 — 423 valid rays → decimated to 141 (stride 3)
    [podTc2] GN05 11:18 — 244 valid rays → decimated to 122 (stride 2)
    [podTc2] GN05 11:07 — 494 valid rays → decimated to 165 (stride 3)
    [podTc2] GN05 11:07 — 494 valid rays → decimated to 165 (stride 3)
    [podTc2] GN05 11:17 — 299 valid rays → decimated to 150 (stride 2)
    [podTc2] GN05 11:10 — 506 valid rays → decimated to 169 (stride 3)
    [podTc2] GN05 11:10 — 506 valid rays → decimated to 169 (stride 3)
    [podTc2] GN05 11:10 — 387 valid rays → decimated to 194 (stride 2)
    [podTc2] GN05 11:10 — 387 valid rays → decimated to 194 (stride 2)
    [podTc2] GN05 11:11 — 465 valid rays → decimated to 155 (stride 3)
    [podTc2] GN05 11:13 — 712 valid rays → decimated to 178 (stride 4)
    [podTc2] GN05 11:13 — 363 valid rays → decimated to 182 (stride 2)
    [podTc2] GN05 11:19 — 134 valid rays → decimated to 134 (stride 1)
    [skip] GN05 11:22 — only 14 valid rays
  Bbox lat [22.8, 90.0]  lon [-180.0, 180.0]  |  union vertices: 186
  Final group: 70 occultation(s), 186 union-mesh vertices
  Saved trim diagnostic → /home/austinhunter/IonosphereTomography/Figures/ISR_DA_Comparison/OUTPUT/2025-08-27_1050/bin_all/ro_only/group_2025-08-27_1050_trim.png
  -> Building H matrices (11017 rays across 70 arc(s), single parallel sweep) …
  -> Building H matrices:   1101/11017 rays ( 10.0%)
  -> Building H matrices:   2202/11017 rays ( 20.0%)
  -> Building H matrices:   3303/11017 rays ( 30.0%)
  -> Building H matrices:   4404/11017 rays ( 40.0%)
  -> Building H matrices:   5505/11017 rays ( 50.0%)
  -> Building H matrices:   6606/11017 rays ( 60.0%)
  -> Building H matrices:   7707/11017 rays ( 70.0%)
  -> Building H matrices:   8808/11017 rays ( 79.9%)
  -> Building H matrices:   9909/11017 rays ( 89.9%)
  -> Building H matrices:  11010/11017 rays ( 99.9%)
  -> Building H matrices:  11017/11017 rays (100.0%)
  Combined H shape : (11017, 10416)  (total rays = 11017)
  Skipping sequential KF assimilation (run_sequential=False).
  Running joint (batch) KF assimilation …
  Prior RMSE  : 48.651 TECU
  Post  RMSE  : 15.537 TECU
    [Abel] YM08 10:49: NmF2=6.53e+11 m⁻³  hmF2=284.4 km
    [Abel] YM08 10:51: NmF2=5.32e+11 m⁻³  hmF2=263.6 km
    [Abel] YM08 10:51: NmF2=5.32e+11 m⁻³  hmF2=263.6 km
    [Abel] YM08 10:49: NmF2=5.42e+11 m⁻³  hmF2=277.6 km
    [Abel] YM08 10:56: NmF2=4.36e+11 m⁻³  hmF2=278.5 km
    [Abel] YM08 10:52: NmF2=7.98e+10 m⁻³  hmF2=524.7 km
    [Abel] GN04 11:01: NmF2=4.24e+11 m⁻³  hmF2=311.7 km
    [Abel] GN04 11:01: NmF2=4.24e+11 m⁻³  hmF2=311.7 km
    [Abel] YM08 10:52: NmF2=5.61e+11 m⁻³  hmF2=267.9 km
    [Abel] YM08 10:52: NmF2=5.61e+11 m⁻³  hmF2=267.9 km
    [Abel] YM08 10:52: NmF2=5.90e+10 m⁻³  hmF2=525.8 km
    [Abel] YM08 10:52: NmF2=1.87e+11 m⁻³  hmF2=415.2 km
    [Abel] YM08 10:53: NmF2=4.11e+11 m⁻³  hmF2=264.9 km
    [Abel] YM08 10:57: NmF2=4.49e+11 m⁻³  hmF2=264.2 km
    [Abel] YM08 10:38: NmF2=7.33e+11 m⁻³  hmF2=261.2 km
    [Abel] YM08 10:38: NmF2=7.33e+11 m⁻³  hmF2=261.2 km
    [Abel] YM08 10:40: NmF2=7.49e+11 m⁻³  hmF2=262.9 km
    [Abel] YM08 10:40: NmF2=7.49e+11 m⁻³  hmF2=262.9 km
    [Abel] YM08 10:39: NmF2=7.31e+11 m⁻³  hmF2=286.2 km
    [Abel] YM08 10:39: NmF2=7.31e+11 m⁻³  hmF2=286.2 km
    [Abel] YM08 10:41: NmF2=6.14e+11 m⁻³  hmF2=305.1 km
    [Abel] YM08 10:41: NmF2=6.14e+11 m⁻³  hmF2=305.1 km
    [Abel] YM08 10:43: NmF2=5.31e+11 m⁻³  hmF2=275.2 km
    [Abel] YM08 10:43: NmF2=5.31e+11 m⁻³  hmF2=275.2 km
    [Abel] GN04 11:08: NmF2=5.70e+11 m⁻³  hmF2=257.9 km
    [Abel] GN04 11:11: NmF2=7.17e+11 m⁻³  hmF2=274.8 km
    [Abel] GN04 11:09: NmF2=6.56e+11 m⁻³  hmF2=272.1 km
    [Abel] GN04 11:03: NmF2=7.42e+10 m⁻³  hmF2=562.8 km
    [Abel] GN04 11:10: NmF2=6.48e+11 m⁻³  hmF2=263.4 km
    [Abel] GN04 11:07: NmF2=6.28e+11 m⁻³  hmF2=264.8 km
    [Abel] GN04 11:01: NmF2=1.16e+11 m⁻³  hmF2=570.9 km
    [Abel] YM08 10:48: NmF2=5.79e+11 m⁻³  hmF2=375.7 km
    [Abel] GN04 11:01: NmF2=2.13e+11 m⁻³  hmF2=476.6 km
    [Abel] GN04 11:02: NmF2=2.42e+11 m⁻³  hmF2=474.0 km
    [Abel] GN04 11:11: NmF2=7.36e+11 m⁻³  hmF2=285.7 km
    [Abel] YM08 10:51: NmF2=3.94e+11 m⁻³  hmF2=331.7 km
    [Abel] GN05 11:18: NmF2=4.84e+11 m⁻³  hmF2=316.6 km
    [Abel] GN05 11:17: NmF2=4.57e+11 m⁻³  hmF2=346.5 km
    [Abel] GN04 10:51: NmF2=4.52e+11 m⁻³  hmF2=278.1 km
    [Abel] GN04 10:51: NmF2=4.52e+11 m⁻³  hmF2=278.1 km
    [Abel] GN04 10:53: NmF2=5.70e+11 m⁻³  hmF2=272.3 km
    [Abel] GN04 10:53: NmF2=5.70e+11 m⁻³  hmF2=272.3 km
    [Abel] GN04 10:56: NmF2=5.41e+11 m⁻³  hmF2=293.0 km
    [Abel] GN04 10:56: NmF2=3.47e+11 m⁻³  hmF2=285.4 km
    [Abel] GN05 11:17: NmF2=3.99e+11 m⁻³  hmF2=254.5 km
    [Abel] GN05 11:17: NmF2=3.99e+11 m⁻³  hmF2=254.5 km
    [Abel] GN05 11:22: NmF2=4.75e+11 m⁻³  hmF2=290.9 km
    [Abel] GN05 11:17: NmF2=1.15e+11 m⁻³  hmF2=559.0 km
    [Abel] GN04 10:59: NmF2=5.99e+11 m⁻³  hmF2=273.6 km
    [Abel] GN05 11:20: NmF2=5.04e+10 m⁻³  hmF2=581.7 km
    [Abel] GN04 10:59: NmF2=6.39e+11 m⁻³  hmF2=275.8 km
    [Abel] GN04 10:59: NmF2=5.44e+11 m⁻³  hmF2=303.3 km
    [Abel] GN05 11:24: NmF2=5.64e+11 m⁻³  hmF2=268.4 km
    [Abel] GN05 11:25: NmF2=7.00e+11 m⁻³  hmF2=268.9 km
    [Abel] GN04 11:02: NmF2=1.31e+11 m⁻³  hmF2=546.4 km
    [Abel] GN05 11:06: NmF2=3.92e+11 m⁻³  hmF2=304.8 km
    [Abel] GN05 11:06: NmF2=3.92e+11 m⁻³  hmF2=304.8 km
    [Abel] GN05 11:21: NmF2=4.18e+11 m⁻³  hmF2=378.9 km
    [Abel] GN05 11:18: NmF2=1.79e+11 m⁻³  hmF2=543.5 km
    [Abel] GN05 11:07: NmF2=5.73e+11 m⁻³  hmF2=284.5 km
    [Abel] GN05 11:07: NmF2=5.73e+11 m⁻³  hmF2=284.5 km
    [Abel] GN05 11:17: NmF2=1.50e+11 m⁻³  hmF2=536.8 km
    [Abel] GN05 11:10: NmF2=4.26e+11 m⁻³  hmF2=317.8 km
    [Abel] GN05 11:10: NmF2=4.26e+11 m⁻³  hmF2=317.8 km
    [Abel] GN05 11:10: NmF2=4.07e+11 m⁻³  hmF2=280.5 km
    [Abel] GN05 11:10: NmF2=4.07e+11 m⁻³  hmF2=280.5 km
    [Abel] GN05 11:11: NmF2=5.66e+11 m⁻³  hmF2=281.1 km
    [Abel] GN05 11:13: NmF2=7.23e+11 m⁻³  hmF2=282.5 km
    [Abel] GN05 11:13: NmF2=5.86e+11 m⁻³  hmF2=279.5 km
    [Abel] GN05 11:19: NmF2=1.52e+11 m⁻³  hmF2=525.8 km
◀◀◀ _run_or_load END   | 2025-08-27_1050 | bin=all | ro_only   | gridded_kf     : DONE       (1158.8s) -> status=Success
▶▶▶ _run_or_load START | 2025-08-27_1050 | bin=all | ro_igs    | gridded_kf    
    [diag] 2025-08-27_1050 | bin=all | ro_igs    | gridded_kf     : RUNNING    (force=True, cached=True) ...

────────────────────────────────────────────────────────────
  Group : 2025-08-27_1050
  Window: 2025-08-27_1050  |  Region: POLAR_N  |  98 occultation(s)
────────────────────────────────────────────────────────────
No valid descending tangent points found. Skipping.
    [skip] podTc2_YM08.2025.239.10.36.0015.E15.01_0000.0001_nc — parse returned None
No valid descending tangent points found. Skipping.
    [skip] podTc2_GN04.2025.239.10.41.0020.G29.01_0000.0001_nc — parse returned None
No valid descending tangent points found. Skipping.
    [skip] podTc2_GN04.2025.239.10.43.0017.C24.01_0000.0001_nc — parse returned None
No valid descending tangent points found. Skipping.
    [skip] podTc2_GN04.2025.239.10.44.0017.E33.01_0000.0001_nc — parse returned None
No valid descending tangent points found. Skipping.
    [skip] podTc2_GN04.2025.239.10.45.0016.E16.01_0000.0001_nc — parse returned None
No valid descending tangent points found. Skipping.
    [skip] podTc2_GN04.2025.239.10.45.0016.G28.01_0000.0001_nc — parse returned None
No valid descending tangent points found. Skipping.
    [skip] podTc2_GN04.2025.239.10.45.0016.E25.01_0000.0001_nc — parse returned None
No valid descending tangent points found. Skipping.
    [skip] podTc2_GN04.2025.239.10.45.0016.C44.01_0000.0001_nc — parse returned None
No valid descending tangent points found. Skipping.
    [skip] podTc2_GN04.2025.239.10.46.0015.E05.01_0000.0001_nc — parse returned None
No valid descending tangent points found. Skipping.
    [skip] podTc2_GN04.2025.239.10.47.0013.G26.01_0000.0001_nc — parse returned None
No valid descending tangent points found. Skipping.
    [skip] podTc2_GN04.2025.239.10.48.0013.E31.01_0000.0001_nc — parse returned None
No valid descending tangent points found. Skipping.
    [skip] podTc2_GN04.2025.239.10.48.0013.G25.01_0000.0001_nc — parse returned None
No valid descending tangent points found. Skipping.
    [skip] podTc2_GN04.2025.239.10.48.0015.G25.01_0000.0001_nc — parse returned None
No valid descending tangent points found. Skipping.
    [skip] podTc2_GN04.2025.239.10.49.0012.R04.01_0000.0001_nc — parse returned None
No valid descending tangent points found. Skipping.
    [skip] podTc2_GN05.2025.239.10.58.0019.E33.01_0000.0001_nc — parse returned None
No valid descending tangent points found. Skipping.
    [skip] podTc2_GN05.2025.239.10.58.0019.G29.01_0000.0001_nc — parse returned None
No valid descending tangent points found. Skipping.
    [skip] podTc2_GN05.2025.239.10.58.0021.G29.01_0000.0001_nc — parse returned None
No valid descending tangent points found. Skipping.
    [skip] podTc2_GN05.2025.239.11.00.0017.G28.01_0000.0001_nc — parse returned None
No valid descending tangent points found. Skipping.
    [skip] podTc2_GN05.2025.239.11.01.0018.G25.01_0000.0001_nc — parse returned None
No valid descending tangent points found. Skipping.
    [skip] podTc2_GN05.2025.239.11.01.0016.G25.01_0000.0001_nc — parse returned None
No valid descending tangent points found. Skipping.
    [skip] podTc2_GN05.2025.239.11.01.0016.C44.01_0000.0001_nc — parse returned None
No valid descending tangent points found. Skipping.
    [skip] podTc2_GN05.2025.239.11.02.0015.E05.01_0000.0001_nc — parse returned None
No valid descending tangent points found. Skipping.
    [skip] podTc2_GN05.2025.239.11.02.0015.E31.01_0000.0001_nc — parse returned None
No valid descending tangent points found. Skipping.
    [skip] podTc2_GN05.2025.239.11.03.0014.E16.01_0000.0001_nc — parse returned None
No valid descending tangent points found. Skipping.
    [skip] podTc2_GN05.2025.239.11.06.0012.R04.01_0000.0001_nc — parse returned None
No valid descending tangent points found. Skipping.
    [skip] podTc2_GN05.2025.239.11.07.0013.E25.01_0000.0001_nc — parse returned None
No valid descending tangent points found. Skipping.
    [skip] podTc2_GN05.2025.239.11.07.0010.E25.01_0000.0001_nc — parse returned None
  Parsed 71/98 files successfully.
    [podTc2] YM08 10:49 — 429 valid rays → decimated to 143 (stride 3)
    [podTc2] YM08 10:51 — 600 valid rays → decimated to 200 (stride 3)
    [podTc2] YM08 10:51 — 747 valid rays → decimated to 187 (stride 4)
    [podTc2] YM08 10:49 — 412 valid rays → decimated to 138 (stride 3)
    [podTc2] YM08 10:56 — 465 valid rays → decimated to 155 (stride 3)
    [podTc2] YM08 10:52 — 109 valid rays → decimated to 109 (stride 1)
    [podTc2] GN04 11:01 — 372 valid rays → decimated to 186 (stride 2)
    [podTc2] GN04 11:01 — 460 valid rays → decimated to 154 (stride 3)
    [podTc2] YM08 10:52 — 346 valid rays → decimated to 173 (stride 2)
    [podTc2] YM08 10:52 — 256 valid rays → decimated to 128 (stride 2)
    [podTc2] YM08 10:52 — 166 valid rays → decimated to 166 (stride 1)
    [podTc2] YM08 10:52 — 186 valid rays → decimated to 186 (stride 1)
    [podTc2] YM08 10:53 — 380 valid rays → decimated to 190 (stride 2)
    [podTc2] YM08 10:57 — 393 valid rays → decimated to 197 (stride 2)
    [podTc2] YM08 10:38 — 464 valid rays → decimated to 155 (stride 3)
    [podTc2] YM08 10:38 — 464 valid rays → decimated to 155 (stride 3)
    [podTc2] YM08 10:40 — 685 valid rays → decimated to 172 (stride 4)
    [podTc2] YM08 10:40 — 685 valid rays → decimated to 172 (stride 4)
    [podTc2] YM08 10:39 — 324 valid rays → decimated to 162 (stride 2)
    [podTc2] YM08 10:39 — 324 valid rays → decimated to 162 (stride 2)
    [podTc2] YM08 10:41 — 270 valid rays → decimated to 135 (stride 2)
    [podTc2] YM08 10:41 — 270 valid rays → decimated to 135 (stride 2)
    [podTc2] YM08 10:43 — 335 valid rays → decimated to 168 (stride 2)
    [podTc2] YM08 10:43 — 329 valid rays → decimated to 165 (stride 2)
    [podTc2] GN04 11:08 — 481 valid rays → decimated to 161 (stride 3)
    [podTc2] GN04 11:11 — 466 valid rays → decimated to 156 (stride 3)
    [podTc2] GN04 11:09 — 362 valid rays → decimated to 181 (stride 2)
    [podTc2] GN04 11:03 — 134 valid rays → decimated to 134 (stride 1)
    [podTc2] GN04 11:10 — 391 valid rays → decimated to 196 (stride 2)
    [podTc2] GN04 11:07 — 541 valid rays → decimated to 181 (stride 3)
    [podTc2] GN04 11:01 — 72 valid rays → decimated to 72 (stride 1)
    [podTc2] YM08 10:48 — 754 valid rays → decimated to 189 (stride 4)
    [podTc2] GN04 11:01 — 368 valid rays → decimated to 184 (stride 2)
    [podTc2] GN04 11:02 — 446 valid rays → decimated to 149 (stride 3)
    [podTc2] GN04 11:11 — 432 valid rays → decimated to 144 (stride 3)
    [podTc2] YM08 10:51 — 343 valid rays → decimated to 172 (stride 2)
    [podTc2] GN05 11:18 — 445 valid rays → decimated to 149 (stride 3)
    [podTc2] GN05 11:17 — 280 valid rays → decimated to 140 (stride 2)
    [podTc2] GN04 10:51 — 439 valid rays → decimated to 147 (stride 3)
    [podTc2] GN04 10:51 — 439 valid rays → decimated to 147 (stride 3)
    [podTc2] GN04 10:53 — 482 valid rays → decimated to 161 (stride 3)
    [podTc2] GN04 10:53 — 482 valid rays → decimated to 161 (stride 3)
    [podTc2] GN04 10:56 — 360 valid rays → decimated to 180 (stride 2)
    [podTc2] GN04 10:56 — 429 valid rays → decimated to 143 (stride 3)
    [podTc2] GN05 11:17 — 559 valid rays → decimated to 187 (stride 3)
    [podTc2] GN05 11:17 — 643 valid rays → decimated to 161 (stride 4)
    [podTc2] GN05 11:22 — 440 valid rays → decimated to 147 (stride 3)
    [podTc2] GN05 11:17 — 91 valid rays → decimated to 91 (stride 1)
    [podTc2] GN04 10:59 — 416 valid rays → decimated to 139 (stride 3)
    [podTc2] GN05 11:20 — 55 valid rays → decimated to 55 (stride 1)
    [podTc2] GN04 10:59 — 705 valid rays → decimated to 177 (stride 4)
    [podTc2] GN04 10:59 — 316 valid rays → decimated to 158 (stride 2)
    [podTc2] GN05 11:24 — 361 valid rays → decimated to 181 (stride 2)
    [podTc2] GN05 11:25 — 432 valid rays → decimated to 144 (stride 3)
    [podTc2] GN04 11:02 — 97 valid rays → decimated to 97 (stride 1)
    [podTc2] GN05 11:06 — 482 valid rays → decimated to 161 (stride 3)
    [podTc2] GN05 11:06 — 482 valid rays → decimated to 161 (stride 3)
    [podTc2] GN05 11:21 — 423 valid rays → decimated to 141 (stride 3)
    [podTc2] GN05 11:18 — 244 valid rays → decimated to 122 (stride 2)
    [podTc2] GN05 11:07 — 494 valid rays → decimated to 165 (stride 3)
    [podTc2] GN05 11:07 — 494 valid rays → decimated to 165 (stride 3)
    [podTc2] GN05 11:17 — 299 valid rays → decimated to 150 (stride 2)
    [podTc2] GN05 11:10 — 506 valid rays → decimated to 169 (stride 3)
    [podTc2] GN05 11:10 — 506 valid rays → decimated to 169 (stride 3)
    [podTc2] GN05 11:10 — 387 valid rays → decimated to 194 (stride 2)
    [podTc2] GN05 11:10 — 387 valid rays → decimated to 194 (stride 2)
    [podTc2] GN05 11:11 — 465 valid rays → decimated to 155 (stride 3)
    [podTc2] GN05 11:13 — 712 valid rays → decimated to 178 (stride 4)
    [podTc2] GN05 11:13 — 363 valid rays → decimated to 182 (stride 2)
    [podTc2] GN05 11:19 — 134 valid rays → decimated to 134 (stride 1)
    [skip] GN05 11:22 — only 14 valid rays
  Bbox lat [22.8, 90.0]  lon [-180.0, 180.0]  |  union vertices: 186
  Final group: 70 occultation(s), 186 union-mesh vertices
  Saved trim diagnostic → /home/austinhunter/IonosphereTomography/Figures/ISR_DA_Comparison/OUTPUT/2025-08-27_1050/bin_all/ro_igs/group_2025-08-27_1050_trim.png
  [extra] Injected 22 ground-station arc(s) → total 92 arc(s) in assimilation pool
  -> Building H matrices (11039 rays across 92 arc(s), single parallel sweep) …
  -> Building H matrices:   1103/11039 rays ( 10.0%)
  -> Building H matrices:   2206/11039 rays ( 20.0%)
  -> Building H matrices:   3309/11039 rays ( 30.0%)
  -> Building H matrices:   4412/11039 rays ( 40.0%)
  -> Building H matrices:   5515/11039 rays ( 50.0%)
  -> Building H matrices:   6618/11039 rays ( 60.0%)
  -> Building H matrices:   7721/11039 rays ( 69.9%)
  -> Building H matrices:   8824/11039 rays ( 79.9%)
  -> Building H matrices:   9927/11039 rays ( 89.9%)
  -> Building H matrices:  11030/11039 rays ( 99.9%)
  -> Building H matrices:  11039/11039 rays (100.0%)
  Combined H shape : (11039, 10416)  (total rays = 11039)
  Skipping sequential KF assimilation (run_sequential=False).
  Running joint (batch) KF assimilation …
