[ISR-DA] Logging this run to: /home/austinhunter/IonosphereTomography/Logs/ISR_DA_Comparison/isr_da_comparison_20260718_184803.log
[ISR] Processing 359 new file(s) …
  MAD6400_2025-02-26_beata_40@uhfa.hdf5: 64 profiles
  MAD6400_2025-02-26_beata_60@uhfa.hdf5: 199 profiles
  MAD6400_2025-02-26_manda_60@uhf.hdf5: 31 profiles
  MAD6400_2025-02-27_beata_60@uhfa.hdf5: 244 profiles
  MAD6400_2025-03-03_beata_60@uhfa.hdf5: 882 profiles
  MAD6400_2025-03-04_beata_60@uhfa.hdf5: 500 profiles
  MAD6400_2025-03-15_beata_60@uhfa.hdf5: 239 profiles
  MAD6400_2025-03-21_bella_60@uhf.hdf5: 196 profiles
  MAD6400_2025-03-24_manda_60@uhf.hdf5: 246 profiles
  MAD6400_2025-03-26_beata_60@uhfa.hdf5: 961 profiles
  MAD6400_2025-03-27_beata_60@uhfa.hdf5: 1437 profiles
  MAD6400_2025-03-28_beata_60@uhfa.hdf5: 1432 profiles
  MAD6400_2025-03-29_beata_60@uhfa.hdf5: 1431 profiles
  MAD6400_2025-03-30_beata_60@uhfa.hdf5: 1440 profiles
  MAD6400_2025-03-31_beata_60@uhfa.hdf5: 480 profiles
  MAD6400_2025-03-31_manda_60@uhf.hdf5: 238 profiles
  MAD6400_2025-04-01_beata_60@uhfa.hdf5: 237 profiles
  MAD6400_2025-04-02_beata_30@uhfa.hdf5: 438 profiles
  MAD6400_2025-04-02_beata_60@uhfa.hdf5: 351 profiles
  MAD6400_2025-04-03_beata_60@uhfa.hdf5: 360 profiles
  MAD6400_2025-04-04_beata_60@uhfa.hdf5: 360 profiles
  MAD6400_2025-04-05_beata_60@uhfa.hdf5: 356 profiles
  MAD6400_2025-04-06_beata_60@uhfa.hdf5: 362 profiles
  MAD6400_2025-04-07_beata_60@uhfa.hdf5: 60 profiles
  MAD6400_2025-05-05_leo_120@uhf.hdf5: 244 profiles
  MAD6400_2025-05-10_leo_120@uhf.hdf5: 241 profiles
  MAD6400_2025-05-18_beata_60@uhfa.hdf5: 658 profiles
  MAD6400_2025-05-19_beata_60@uhfa.hdf5: 1440 profiles
  MAD6400_2025-05-20_beata_60@uhfa.hdf5: 956 profiles
  MAD6400_2025-05-20_leo_120@uhf.hdf5: 240 profiles
  MAD6400_2025-05-21_beata_60@uhfa.hdf5: 600 profiles
  MAD6400_2025-07-28_beata_30@uhfa.hdf5: 25 profiles
  MAD6400_2025-07-30_beata_60@uhfa.hdf5: 89 profiles
  MAD6400_2025-08-01_beata_scan@uhfa.hdf5: 141 profiles
  MAD6400_2025-08-02_beata_scan@uhfa.hdf5: 222 profiles
  MAD6400_2025-08-03_beata_scan@uhfa.hdf5: 235 profiles
  MAD6400_2025-08-04_beata_scan@uhfa.hdf5: 235 profiles
  MAD6400_2025-08-05_beata_scan@uhfa.hdf5: 198 profiles
  MAD6400_2025-08-06_beata_scan@uhfa.hdf5: 237 profiles
  MAD6400_2025-08-07_beata_scan@uhfa.hdf5: 61 profiles
  MAD6400_2025-08-12_beata_60@uhfa.hdf5: 350 profiles
  MAD6400_2025-08-27_ipy_30@42m.hdf5: 2 profiles
  MAD6400_2025-09-10_ipy_60@42m.hdf5: 62 profiles
  MAD6400_2025-09-11_ipy_60@42m.hdf5: 80 profiles
  MAD6400_2025-09-12_ipy_60@42m.hdf5: 195 profiles
  MAD6400_2025-09-15_ipy_60@32mc.hdf5: 251 profiles
  MAD6400_2025-09-15_ipy_60@42ma.hdf5: 251 profiles
  MAD6400_2025-09-17_ipy_60@42m.hdf5: 274 profiles
  MAD6400_2025-09-22_beata_60@uhfa.hdf5: 834 profiles
  MAD6400_2025-09-22_ipy_60@42m.hdf5: 925 profiles
  MAD6400_2025-09-23_beata_60@uhfa.hdf5: 1436 profiles
  MAD6400_2025-09-23_ipy_60@42m.hdf5: 1440 profiles
  MAD6400_2025-09-24_beata_60@uhfa.hdf5: 1114 profiles
  MAD6400_2025-09-24_ipy_60@42m.hdf5: 1438 profiles
  MAD6400_2025-09-25_beata_60@uhfa.hdf5: 1432 profiles
  MAD6400_2025-09-25_ipy_60@42m.hdf5: 1440 profiles
  MAD6400_2025-09-26_beata_60@uhfa.hdf5: 600 profiles
  MAD6400_2025-09-26_ipy_60@42m.hdf5: 598 profiles
  MAD6400_2025-09-26_othia_60@42m.hdf5: 96 profiles
  MAD6400_2025-09-30_ipy_60@42m.hdf5: 290 profiles
  MAD6400_2025-09-30_manda_60@42m.hdf5: 9 profiles
  MAD6400_2025-09-30_othia_60@42m.hdf5: 14 profiles
  MAD6400_2025-10-13_ipy_60@42m.hdf5: 79 profiles
  MAD6400_2025-10-14_beata_60@uhfa.hdf5: 695 profiles
  MAD6400_2025-10-14_ipy_30@42m.hdf5: 472 profiles
  MAD6400_2025-10-14_ipy_60@42m.hdf5: 660 profiles
  MAD6400_2025-10-15_beata_60@uhfa.hdf5: 1378 profiles
  MAD6400_2025-10-15_ipy_60@42m.hdf5: 1440 profiles
  MAD6400_2025-10-16_beata_60@uhfa.hdf5: 1425 profiles
  MAD6400_2025-10-16_ipy_60@42m.hdf5: 1440 profiles
  MAD6400_2025-10-17_beata_60@uhfa.hdf5: 1319 profiles
  MAD6400_2025-10-17_ipy_60@42m.hdf5: 1439 profiles
  MAD6400_2025-10-18_ipy_60@42m.hdf5: 1436 profiles
  MAD6400_2025-10-19_ipy_60@42m.hdf5: 931 profiles
  MAD6400_2025-11-03_leo_120@uhf.hdf5: 480 profiles
  MAD6400_2025-11-04_beata_60@uhfa.hdf5: 237 profiles
  MAD6400_2025-11-04_ipy_60@42m.hdf5: 250 profiles
  MAD6400_2025-11-04_leo_120@uhf.hdf5: 285 profiles
  MAD6400_2025-11-05_beata_scan@uhfa.hdf5: 340 profiles
  MAD6400_2025-11-06_beata_60@uhfa.hdf5: 241 profiles
  MAD6400_2025-11-06_beata_scan@uhfa.hdf5: 103 profiles
  MAD6400_2025-11-06_ipy_60@42m.hdf5: 870 profiles
  MAD6400_2025-11-07_ipy_60@42m.hdf5: 827 profiles
  MAD6400_2025-11-10_beata_60@uhfa.hdf5: 360 profiles
  MAD6400_2025-11-11_beata_60@uhfa.hdf5: 412 profiles
  MAD6400_2025-11-11_ipy_60@42m.hdf5: 280 profiles
  MAD6400_2025-11-12_beata_60@uhfa.hdf5: 565 profiles
  MAD6400_2025-11-12_ipy_60@42m.hdf5: 1440 profiles
  MAD6400_2025-11-13_beata_60@uhfa.hdf5: 337 profiles
  MAD6400_2025-11-13_ipy_60@42m.hdf5: 1440 profiles
  MAD6400_2025-11-14_ipy_60@42m.hdf5: 650 profiles
  MAD6400_2025-11-15_ipy_60@42m.hdf5: 324 profiles
  MAD6400_2025-11-16_ipy_60@42m.hdf5: 153 profiles
  MAD6400_2025-11-16_othia_60@42m.hdf5: 174 profiles
  MAD6400_2025-11-17_ipy_60@42m.hdf5: 321 profiles
  MAD6400_2025-11-18_beata_60@uhfa.hdf5: 96 profiles
  MAD6400_2025-11-18_beata_scan@uhfa.hdf5: 241 profiles
  MAD6400_2025-11-18_ipy_60@42m.hdf5: 370 profiles
  MAD6400_2025-11-18_othia_60@42m.hdf5: 159 profiles
  MAD6400_2025-11-19_othia_60@42m.hdf5: 318 profiles
  MAD6400_2025-11-20_beata_scan@uhfa.hdf5: 121 profiles
  MAD6400_2025-11-20_othia_60@42m.hdf5: 316 profiles
  MAD6400_2025-11-21_beata_scan@uhfa.hdf5: 41 profiles
  MAD6400_2025-11-21_ipy_60@42m.hdf5: 90 profiles
  MAD6400_2025-11-21_othia_60@42m.hdf5: 316 profiles
  MAD6400_2025-11-22_ipy_60@42m.hdf5: 271 profiles
  MAD6400_2025-11-22_othia_60@42m.hdf5: 32 profiles
  MAD6400_2025-11-23_beata_scan@uhfa.hdf5: 160 profiles
  MAD6400_2025-11-23_othia_60@42m.hdf5: 372 profiles
  MAD6400_2025-11-24_beata_scan@uhfa.hdf5: 636 profiles
  MAD6400_2025-11-24_ipy_60@42m.hdf5: 1010 profiles
  MAD6400_2025-11-25_beata_scan@uhfa.hdf5: 1009 profiles
  MAD6400_2025-11-25_ipy_60@42m.hdf5: 1440 profiles
  MAD6400_2025-11-26_beata_scan@uhfa.hdf5: 1005 profiles
  MAD6400_2025-11-26_ipy_60@42m.hdf5: 1430 profiles
  MAD6400_2025-11-27_beata_scan@uhfa.hdf5: 1009 profiles
  MAD6400_2025-11-27_ipy_60@42m.hdf5: 1430 profiles
  MAD6400_2025-11-28_beata_scan@uhfa.hdf5: 1005 profiles
  MAD6400_2025-11-28_ipy_60@42m.hdf5: 1142 profiles
  MAD6400_2025-11-29_beata_scan@uhfa.hdf5: 356 profiles
  MAD6400_2025-11-29_ipy_60@42m.hdf5: 480 profiles
  MAD6400_2025-12-07_beata_60@uhfa.hdf5: 240 profiles
  MAD6400_2025-12-08_beata_60@uhfa.hdf5: 301 profiles
  MAD6400_2025-12-08_ipy_60@42m.hdf5: 971 profiles
  MAD6400_2025-12-09_beata_60@uhfa.hdf5: 360 profiles
  MAD6400_2025-12-09_ipy_60@42m.hdf5: 1074 profiles
  MAD6400_2025-12-09_othia_60@42m.hdf5: 359 profiles
  MAD6400_2025-12-10_ipy_60@42m.hdf5: 451 profiles
  MAD6400_2025-12-12_ipy_60@42m.hdf5: 27 profiles
  MAD6400_2025-12-13_manda_60@uhf.hdf5: 357 profiles
  MAD6400_2025-12-14_beata_scan@uhfa.hdf5: 291 profiles
  MAD6400_2025-12-14_ipy_60@42m.hdf5: 422 profiles
  MAD6400_2025-12-14_manda_60@uhf.hdf5: 1082 profiles
  MAD6400_2025-12-15_beata_60@uhfa.hdf5: 240 profiles
  MAD6400_2025-12-15_beata_scan@uhfa.hdf5: 513 profiles
  MAD6400_2025-12-15_ipy_60@42m.hdf5: 1200 profiles
  MAD6400_2025-12-16_beata_60@uhfa.hdf5: 349 profiles
  MAD6400_2025-12-16_beata_scan@uhfa.hdf5: 468 profiles
  MAD6400_2025-12-16_ipy_60@42m.hdf5: 961 profiles
  MAD6400_2025-12-17_beata_60@uhfa.hdf5: 239 profiles
  MAD6400_2025-12-17_beata_scan@uhfa.hdf5: 530 profiles
  MAD6400_2025-12-17_ipy_60@42m.hdf5: 540 profiles
  MAD6400_2025-12-18_beata_60@uhfa.hdf5: 292 profiles
  MAD6400_2025-12-18_beata_scan@uhfa.hdf5: 472 profiles
  MAD6400_2025-12-18_ipy_60@42m.hdf5: 55 profiles
  MAD6400_2025-12-19_beata_scan@uhfa.hdf5: 534 profiles
  MAD6400_2025-12-20_beata_scan@uhfa.hdf5: 237 profiles
  MAD6400_2026-01-06_beata_60@uhfa.hdf5: 239 profiles
  MAD6400_2026-01-13_beata_60@uhfa.hdf5: 240 profiles
  MAD6400_2026-01-13_othia_60@42m.hdf5: 120 profiles
  MAD6400_2026-01-14_othia_60@42m.hdf5: 88 profiles
  MAD6400_2026-01-15_othia_60@42m.hdf5: 121 profiles
  MAD6400_2026-01-16_othia_60@42m.hdf5: 114 profiles
  MAD6400_2026-01-20_ipy_60@42m.hdf5: 419 profiles
  MAD6400_2026-01-20_manda_60@42m.hdf5: 55 profiles
  MAD6400_2026-01-20_othia_60@42m.hdf5: 239 profiles
  MAD6400_2026-01-21_othia_60@42m.hdf5: 357 profiles
  MAD6400_2026-01-22_beata_60@uhfa.hdf5: 240 profiles
  MAD6400_2026-01-29_beata_60@uhfa.hdf5: 240 profiles
  MAD6400_2026-02-02_beata_60@uhfa.hdf5: 284 profiles
  MAD6400_2026-02-02_ipy_60@42m.hdf5: 13 profiles
  MAD6400_2026-02-02_manda_60@42m.hdf5: 69 profiles
  MAD6400_2026-02-03_ipy_60@42m.hdf5: 9 profiles
  MAD6400_2026-02-03_othia_60@42m.hdf5: 109 profiles
  MAD6400_2026-02-05_beata_60@uhfa.hdf5: 242 profiles
  MAD6400_2026-02-09_leo_60@42m.hdf5: 128 profiles
  MAD6400_2026-02-12_beata_60@uhfa.hdf5: 219 profiles
  MAD6400_2026-02-12_manda_60@42m.hdf5: 137 profiles
  MAD6400_2026-02-17_beata_60@uhfa.hdf5: 240 profiles
  MAD6300_2025-02-26_beata_40@uhfa.hdf5: 64 profiles
  MAD6300_2025-02-26_beata_60@uhfa.hdf5: 196 profiles
  MAD6300_2025-02-26_manda_60@uhf.hdf5: 31 profiles
  MAD6300_2025-02-27_beata_60@uhfa.hdf5: 241 profiles
  MAD6300_2025-03-03_beata_60@uhfa.hdf5: 874 profiles
  MAD6300_2025-03-04_beata_60@uhfa.hdf5: 497 profiles
  MAD6300_2025-03-15_beata_60@uhfa.hdf5: 238 profiles
  MAD6300_2025-03-21_bella_60@uhf.hdf5: 196 profiles
  MAD6300_2025-03-24_manda_60@uhf.hdf5: 246 profiles
  MAD6300_2025-03-26_beata_60@uhfa.hdf5: 956 profiles
  MAD6300_2025-03-27_beata_60@uhfa.hdf5: 1424 profiles
  MAD6300_2025-03-28_beata_60@uhfa.hdf5: 1421 profiles
  MAD6300_2025-03-29_beata_60@uhfa.hdf5: 1424 profiles
  MAD6300_2025-03-30_beata_60@uhfa.hdf5: 1432 profiles
  MAD6300_2025-03-31_beata_60@uhfa.hdf5: 478 profiles
  MAD6300_2025-03-31_manda_60@uhf.hdf5: 238 profiles
  MAD6300_2025-04-01_beata_60@uhfa.hdf5: 237 profiles
  MAD6300_2025-04-02_beata_30@uhfa.hdf5: 434 profiles
  MAD6300_2025-04-02_beata_60@uhfa.hdf5: 349 profiles
  MAD6300_2025-04-03_beata_60@uhfa.hdf5: 358 profiles
  MAD6300_2025-04-04_beata_60@uhfa.hdf5: 358 profiles
  MAD6300_2025-04-05_beata_60@uhfa.hdf5: 353 profiles
  MAD6300_2025-04-06_beata_60@uhfa.hdf5: 360 profiles
  MAD6300_2025-04-07_beata_60@uhfa.hdf5: 60 profiles
  MAD6300_2025-05-05_leo_120@uhf.hdf5: 244 profiles
  MAD6300_2025-05-10_leo_120@uhf.hdf5: 241 profiles
  MAD6300_2025-05-18_beata_60@uhfa.hdf5: 653 profiles
  MAD6300_2025-05-19_beata_60@uhfa.hdf5: 1424 profiles
  MAD6300_2025-05-20_beata_60@uhfa.hdf5: 946 profiles
  MAD6300_2025-05-20_leo_120@uhf.hdf5: 240 profiles
  MAD6300_2025-05-21_beata_60@uhfa.hdf5: 597 profiles
  MAD6300_2025-07-28_beata_30@uhfa.hdf5: 25 profiles
  MAD6300_2025-07-30_beata_60@uhfa.hdf5: 88 profiles
  MAD6300_2025-08-01_beata_scan@uhfa.hdf5: 139 profiles
  MAD6300_2025-08-02_beata_scan@uhfa.hdf5: 222 profiles
  MAD6300_2025-08-03_beata_scan@uhfa.hdf5: 235 profiles
  MAD6300_2025-08-04_beata_scan@uhfa.hdf5: 234 profiles
  MAD6300_2025-08-05_beata_scan@uhfa.hdf5: 198 profiles
  MAD6300_2025-08-06_beata_scan@uhfa.hdf5: 237 profiles
  MAD6300_2025-08-07_beata_scan@uhfa.hdf5: 61 profiles
  MAD6300_2025-08-12_beata_60@uhfa.hdf5: 349 profiles
  MAD6300_2025-08-27_ipy_30@42m.hdf5: 0 profiles
  MAD6300_2025-09-10_ipy_60@42m.hdf5: 0 profiles
  MAD6300_2025-09-11_ipy_60@42m.hdf5: 0 profiles
  MAD6300_2025-09-12_ipy_60@42m.hdf5: 0 profiles
  MAD6300_2025-09-15_ipy_60@32mc.hdf5: 0 profiles
  MAD6300_2025-09-15_ipy_60@42ma.hdf5: 0 profiles
  MAD6300_2025-09-17_ipy_60@42m.hdf5: 0 profiles
  MAD6300_2025-09-22_beata_60@uhfa.hdf5: 828 profiles
  MAD6300_2025-09-22_ipy_60@42m.hdf5: 0 profiles
  MAD6300_2025-09-23_beata_60@uhfa.hdf5: 1424 profiles
  MAD6300_2025-09-23_ipy_60@42m.hdf5: 0 profiles
  MAD6300_2025-09-24_beata_60@uhfa.hdf5: 1109 profiles
  MAD6300_2025-09-24_ipy_60@42m.hdf5: 0 profiles
  MAD6300_2025-09-25_beata_60@uhfa.hdf5: 1422 profiles
  MAD6300_2025-09-25_ipy_60@42m.hdf5: 0 profiles
  MAD6300_2025-09-26_beata_60@uhfa.hdf5: 598 profiles
  MAD6300_2025-09-26_ipy_60@42m.hdf5: 0 profiles
  MAD6300_2025-09-26_othia_60@42m.hdf5: 0 profiles
  MAD6300_2025-09-30_ipy_60@42m.hdf5: 0 profiles
  MAD6300_2025-09-30_manda_60@42m.hdf5: 0 profiles
  MAD6300_2025-09-30_othia_60@42m.hdf5: 0 profiles
  MAD6300_2025-10-13_ipy_60@42m.hdf5: 0 profiles
  MAD6300_2025-10-14_beata_60@uhfa.hdf5: 692 profiles
  MAD6300_2025-10-14_ipy_30@42m.hdf5: 0 profiles
  MAD6300_2025-10-14_ipy_60@42m.hdf5: 0 profiles
  MAD6300_2025-10-15_beata_60@uhfa.hdf5: 1372 profiles
  MAD6300_2025-10-15_ipy_60@42m.hdf5: 0 profiles
  MAD6300_2025-10-16_beata_60@uhfa.hdf5: 1417 profiles
  MAD6300_2025-10-16_ipy_60@42m.hdf5: 0 profiles
  MAD6300_2025-10-17_beata_60@uhfa.hdf5: 1311 profiles
  MAD6300_2025-10-17_ipy_60@42m.hdf5: 0 profiles
  MAD6300_2025-10-18_ipy_60@42m.hdf5: 0 profiles
  MAD6300_2025-10-19_ipy_60@42m.hdf5: 0 profiles
  MAD6300_2025-11-03_leo_120@uhf.hdf5: 480 profiles
  MAD6300_2025-11-04_beata_60@uhfa.hdf5: 237 profiles
  MAD6300_2025-11-04_ipy_60@42m.hdf5: 0 profiles
  MAD6300_2025-11-04_leo_120@uhf.hdf5: 285 profiles
  MAD6300_2025-11-05_beata_scan@uhfa.hdf5: 340 profiles
  MAD6300_2025-11-06_beata_60@uhfa.hdf5: 240 profiles
  MAD6300_2025-11-06_beata_scan@uhfa.hdf5: 102 profiles
  MAD6300_2025-11-06_ipy_60@42m.hdf5: 0 profiles
  MAD6300_2025-11-07_ipy_60@42m.hdf5: 0 profiles
  MAD6300_2025-11-10_beata_60@uhfa.hdf5: 357 profiles
  MAD6300_2025-11-11_beata_60@uhfa.hdf5: 409 profiles
  MAD6300_2025-11-11_ipy_60@42m.hdf5: 0 profiles
  MAD6300_2025-11-12_beata_60@uhfa.hdf5: 561 profiles
  MAD6300_2025-11-12_ipy_60@42m.hdf5: 0 profiles
  MAD6300_2025-11-13_beata_60@uhfa.hdf5: 334 profiles
  MAD6300_2025-11-13_ipy_60@42m.hdf5: 0 profiles
  MAD6300_2025-11-14_ipy_60@42m.hdf5: 0 profiles
  MAD6300_2025-11-15_ipy_60@42m.hdf5: 0 profiles
  MAD6300_2025-11-16_ipy_60@42m.hdf5: 0 profiles
  MAD6300_2025-11-16_othia_60@42m.hdf5: 0 profiles
  MAD6300_2025-11-17_ipy_60@42m.hdf5: 0 profiles
  MAD6300_2025-11-18_beata_60@uhfa.hdf5: 95 profiles
  MAD6300_2025-11-18_beata_scan@uhfa.hdf5: 239 profiles
  MAD6300_2025-11-18_ipy_60@42m.hdf5: 0 profiles
  MAD6300_2025-11-18_othia_60@42m.hdf5: 0 profiles
  MAD6300_2025-11-19_othia_60@42m.hdf5: 0 profiles
  MAD6300_2025-11-20_beata_scan@uhfa.hdf5: 120 profiles
  MAD6300_2025-11-20_othia_60@42m.hdf5: 0 profiles
  MAD6300_2025-11-21_beata_scan@uhfa.hdf5: 39 profiles
  MAD6300_2025-11-21_ipy_60@42m.hdf5: 0 profiles
  MAD6300_2025-11-21_othia_60@42m.hdf5: 0 profiles
  MAD6300_2025-11-22_ipy_60@42m.hdf5: 0 profiles
  MAD6300_2025-11-22_othia_60@42m.hdf5: 0 profiles
  MAD6300_2025-11-23_beata_scan@uhfa.hdf5: 159 profiles
  MAD6300_2025-11-23_othia_60@42m.hdf5: 0 profiles
  MAD6300_2025-11-24_beata_scan@uhfa.hdf5: 632 profiles
  MAD6300_2025-11-24_ipy_60@42m.hdf5: 0 profiles
  MAD6300_2025-11-25_beata_scan@uhfa.hdf5: 1004 profiles
  MAD6300_2025-11-25_ipy_60@42m.hdf5: 0 profiles
  MAD6300_2025-11-26_beata_scan@uhfa.hdf5: 1000 profiles
  MAD6300_2025-11-26_ipy_60@42m.hdf5: 0 profiles
  MAD6300_2025-11-27_beata_scan@uhfa.hdf5: 1007 profiles
  MAD6300_2025-11-27_ipy_60@42m.hdf5: 0 profiles
  MAD6300_2025-11-28_beata_scan@uhfa.hdf5: 1001 profiles
  MAD6300_2025-11-28_ipy_60@42m.hdf5: 0 profiles
  MAD6300_2025-11-29_beata_scan@uhfa.hdf5: 355 profiles
  MAD6300_2025-11-29_ipy_60@42m.hdf5: 0 profiles
  MAD6300_2025-12-07_beata_60@uhfa.hdf5: 238 profiles
  MAD6300_2025-12-08_beata_60@uhfa.hdf5: 300 profiles
  MAD6300_2025-12-08_ipy_60@42m.hdf5: 0 profiles
  MAD6300_2025-12-09_beata_60@uhfa.hdf5: 356 profiles
  MAD6300_2025-12-09_ipy_60@42m.hdf5: 0 profiles
  MAD6300_2025-12-09_othia_60@42m.hdf5: 0 profiles
  MAD6300_2025-12-10_ipy_60@42m.hdf5: 0 profiles
  MAD6300_2025-12-12_ipy_60@42m.hdf5: 0 profiles
  MAD6300_2025-12-13_manda_60@uhf.hdf5: 357 profiles
  MAD6300_2025-12-14_beata_scan@uhfa.hdf5: 290 profiles
  MAD6300_2025-12-14_ipy_60@42m.hdf5: 0 profiles
  MAD6300_2025-12-14_manda_60@uhf.hdf5: 1082 profiles
  MAD6300_2025-12-15_beata_60@uhfa.hdf5: 237 profiles
  MAD6300_2025-12-15_beata_scan@uhfa.hdf5: 509 profiles
  MAD6300_2025-12-15_ipy_60@42m.hdf5: 0 profiles
  MAD6300_2025-12-16_beata_60@uhfa.hdf5: 344 profiles
  MAD6300_2025-12-16_beata_scan@uhfa.hdf5: 468 profiles
  MAD6300_2025-12-16_ipy_60@42m.hdf5: 0 profiles
  MAD6300_2025-12-17_beata_60@uhfa.hdf5: 238 profiles
  MAD6300_2025-12-17_beata_scan@uhfa.hdf5: 527 profiles
  MAD6300_2025-12-17_ipy_60@42m.hdf5: 0 profiles
  MAD6300_2025-12-18_beata_60@uhfa.hdf5: 291 profiles
  MAD6300_2025-12-18_beata_scan@uhfa.hdf5: 471 profiles
  MAD6300_2025-12-18_ipy_60@42m.hdf5: 0 profiles
  MAD6300_2025-12-19_beata_scan@uhfa.hdf5: 531 profiles
  MAD6300_2025-12-20_beata_scan@uhfa.hdf5: 236 profiles
  MAD6300_2026-01-06_beata_60@uhfa.hdf5: 236 profiles
  MAD6300_2026-01-13_beata_60@uhfa.hdf5: 238 profiles
  MAD6300_2026-01-13_othia_60@42m.hdf5: 0 profiles
  MAD6300_2026-01-14_othia_60@42m.hdf5: 0 profiles
  MAD6300_2026-01-15_othia_60@42m.hdf5: 0 profiles
  MAD6300_2026-01-16_othia_60@42m.hdf5: 0 profiles
  MAD6300_2026-01-20_ipy_60@42m.hdf5: 0 profiles
  MAD6300_2026-01-20_manda_60@42m.hdf5: 0 profiles
  MAD6300_2026-01-20_othia_60@42m.hdf5: 0 profiles
  MAD6300_2026-01-21_othia_60@42m.hdf5: 0 profiles
  MAD6300_2026-01-22_beata_60@uhfa.hdf5: 239 profiles
  MAD6300_2026-01-29_beata_60@uhfa.hdf5: 240 profiles
  MAD6300_2026-02-02_beata_60@uhfa.hdf5: 283 profiles
  MAD6300_2026-02-02_ipy_60@42m.hdf5: 0 profiles
  MAD6300_2026-02-02_manda_60@42m.hdf5: 0 profiles
  MAD6300_2026-02-03_ipy_60@42m.hdf5: 0 profiles
  MAD6300_2026-02-03_othia_60@42m.hdf5: 0 profiles
  MAD6300_2026-02-05_beata_60@uhfa.hdf5: 240 profiles
  MAD6300_2026-02-09_leo_60@42m.hdf5: 0 profiles
  MAD6300_2026-02-12_beata_60@uhfa.hdf5: 218 profiles
  MAD6300_2026-02-12_manda_60@42m.hdf5: 0 profiles
  MAD6300_2026-02-17_beata_60@uhfa.hdf5: 240 profiles
  jro20250121_130001.hdf5: 165 profiles
  jro20250122_050005.hdf5: 283 profiles
  jro20250123_050003.hdf5: 265 profiles
  jro20250124_050003.hdf5: 275 profiles
  jro20250125_050004.hdf5: 270 profiles
  jro20250126_050005.hdf5: 280 profiles
  jro20250127_050003.hdf5: 269 profiles
  jro20250128_050003.hdf5: 243 profiles
  jro20250129_050004.hdf5: 271 profiles
  jro20250130_050005.hdf5: 286 profiles
  jro20250131_050005.hdf5: 85 profiles
  jro20250516_132000.hdf5: 154 profiles
  jro20250517_050004.hdf5: 266 profiles
  jro20250518_050004.hdf5: 255 profiles
  jro20250519_050005.hdf5: 89 profiles
  jro20260526_130455.hdf5: 72 profiles
  jro20260527_050341.hdf5: 116 profiles
  jro20260528_101613.hdf5: 94 profiles
  jro20260529_050413.hdf5: 119 profiles
  jro20260530_050413.hdf5: 119 profiles
  jro20260531_050413.hdf5: 40 profiles
[ISR] Cache updated → /home/austinhunter/IonosphereTomography/Data/ISR_Data/esr_edp_cache.pkl (135834 total profiles)
[ISR-DA] Processing 127 day(s)
  Tier 1  2025-09-22  instruments=['ESR', 'TRO']  podtc=yes
  Tier 1  2025-09-23  instruments=['ESR', 'TRO']  podtc=yes
  Tier 1  2025-09-24  instruments=['ESR', 'TRO']  podtc=yes
  Tier 1  2025-09-25  instruments=['ESR', 'TRO']  podtc=yes
  Tier 1  2025-09-26  instruments=['ESR', 'TRO']  podtc=yes
  Tier 1  2025-10-14  instruments=['ESR', 'TRO']  podtc=yes
  Tier 1  2025-10-15  instruments=['ESR', 'TRO']  podtc=yes
  Tier 1  2025-10-16  instruments=['ESR', 'TRO']  podtc=yes
  Tier 1  2025-10-17  instruments=['ESR', 'TRO']  podtc=yes
  Tier 1  2025-11-04  instruments=['ESR', 'TRO']  podtc=yes
  Tier 1  2025-11-06  instruments=['ESR', 'TRO']  podtc=yes
  Tier 1  2025-11-11  instruments=['ESR', 'TRO']  podtc=yes
  Tier 1  2025-11-12  instruments=['ESR', 'TRO']  podtc=yes
  Tier 1  2025-11-13  instruments=['ESR', 'TRO']  podtc=yes
  Tier 1  2025-11-18  instruments=['ESR', 'TRO']  podtc=yes
  Tier 1  2025-11-20  instruments=['ESR', 'TRO']  podtc=yes
  Tier 1  2025-11-21  instruments=['ESR', 'TRO']  podtc=yes
  Tier 1  2025-11-23  instruments=['ESR', 'TRO']  podtc=yes
  Tier 1  2025-11-24  instruments=['ESR', 'TRO']  podtc=yes
  Tier 1  2025-11-25  instruments=['ESR', 'TRO']  podtc=yes
  Tier 1  2025-11-26  instruments=['ESR', 'TRO']  podtc=yes
  Tier 1  2025-11-27  instruments=['ESR', 'TRO']  podtc=yes
  Tier 1  2025-11-28  instruments=['ESR', 'TRO']  podtc=yes
  Tier 1  2025-11-29  instruments=['ESR', 'TRO']  podtc=yes
  Tier 1  2025-12-08  instruments=['ESR', 'TRO']  podtc=yes
  Tier 1  2025-12-09  instruments=['ESR', 'TRO']  podtc=yes
  Tier 1  2025-12-14  instruments=['ESR', 'TRO']  podtc=yes
  Tier 1  2025-12-15  instruments=['ESR', 'TRO']  podtc=yes
  Tier 1  2025-12-16  instruments=['ESR', 'TRO']  podtc=yes
  Tier 1  2025-12-17  instruments=['ESR', 'TRO']  podtc=yes
  Tier 1  2025-12-18  instruments=['ESR', 'TRO']  podtc=yes
  Tier 1  2026-01-13  instruments=['ESR', 'TRO']  podtc=yes
  Tier 1  2026-02-02  instruments=['ESR', 'TRO']  podtc=yes
  Tier 1  2026-02-12  instruments=['ESR', 'TRO']  podtc=yes
  Tier 2  2025-02-26  instruments=['TRO']  podtc=no
  Tier 2  2025-02-27  instruments=['TRO']  podtc=no
  Tier 2  2025-03-03  instruments=['TRO']  podtc=no
  Tier 2  2025-03-04  instruments=['TRO']  podtc=no
  Tier 2  2025-03-15  instruments=['TRO']  podtc=no
  Tier 2  2025-03-21  instruments=['TRO']  podtc=no
  Tier 2  2025-03-24  instruments=['TRO']  podtc=no
  Tier 2  2025-03-26  instruments=['TRO']  podtc=no
  Tier 2  2025-03-27  instruments=['TRO']  podtc=no
  Tier 2  2025-03-28  instruments=['TRO']  podtc=no
  Tier 2  2025-03-29  instruments=['TRO']  podtc=no
  Tier 2  2025-03-30  instruments=['TRO']  podtc=no
  Tier 2  2025-03-31  instruments=['TRO']  podtc=no
  Tier 2  2025-04-01  instruments=['TRO']  podtc=no
  Tier 2  2025-04-02  instruments=['TRO']  podtc=no
  Tier 2  2025-04-03  instruments=['TRO']  podtc=no
  Tier 2  2025-04-04  instruments=['TRO']  podtc=no
  Tier 2  2025-04-05  instruments=['TRO']  podtc=no
  Tier 2  2025-04-06  instruments=['TRO']  podtc=no
  Tier 2  2025-04-07  instruments=['TRO']  podtc=no
  Tier 2  2025-05-05  instruments=['TRO']  podtc=no
  Tier 2  2025-05-10  instruments=['TRO']  podtc=no
  Tier 2  2025-05-18  instruments=['JRO', 'TRO']  podtc=yes
  Tier 2  2025-05-19  instruments=['JRO', 'TRO']  podtc=yes
  Tier 2  2025-05-20  instruments=['TRO']  podtc=no
  Tier 2  2025-05-21  instruments=['TRO']  podtc=no
  Tier 2  2025-07-28  instruments=['TRO']  podtc=no
  Tier 2  2025-07-30  instruments=['TRO']  podtc=no
  Tier 2  2025-08-01  instruments=['TRO']  podtc=no
  Tier 2  2025-08-02  instruments=['TRO']  podtc=no
  Tier 2  2025-08-03  instruments=['TRO']  podtc=no
  Tier 2  2025-08-04  instruments=['TRO']  podtc=no
  Tier 2  2025-08-05  instruments=['TRO']  podtc=no
  Tier 2  2025-08-06  instruments=['TRO']  podtc=no
  Tier 2  2025-08-07  instruments=['TRO']  podtc=no
  Tier 2  2025-08-12  instruments=['TRO']  podtc=no
  Tier 2  2025-08-27  instruments=['ESR']  podtc=yes
  Tier 2  2025-09-10  instruments=['ESR']  podtc=yes
  Tier 2  2025-09-11  instruments=['ESR']  podtc=yes
  Tier 2  2025-09-12  instruments=['ESR']  podtc=yes
  Tier 2  2025-09-15  instruments=['ESR']  podtc=yes
  Tier 2  2025-09-17  instruments=['ESR']  podtc=yes
  Tier 2  2025-09-30  instruments=['ESR']  podtc=yes
  Tier 2  2025-10-13  instruments=['ESR']  podtc=yes
  Tier 2  2025-10-18  instruments=['ESR']  podtc=yes
  Tier 2  2025-10-19  instruments=['ESR']  podtc=yes
  Tier 2  2025-11-03  instruments=['TRO']  podtc=yes
  Tier 2  2025-11-05  instruments=['TRO']  podtc=yes
  Tier 2  2025-11-07  instruments=['ESR']  podtc=yes
  Tier 2  2025-11-10  instruments=['TRO']  podtc=yes
  Tier 2  2025-11-14  instruments=['ESR']  podtc=yes
  Tier 2  2025-11-15  instruments=['ESR']  podtc=yes
  Tier 2  2025-11-16  instruments=['ESR']  podtc=yes
  Tier 2  2025-11-17  instruments=['ESR']  podtc=yes
  Tier 2  2025-11-19  instruments=['ESR']  podtc=yes
  Tier 2  2025-11-22  instruments=['ESR']  podtc=yes
  Tier 2  2025-12-07  instruments=['TRO']  podtc=yes
  Tier 2  2025-12-10  instruments=['ESR']  podtc=yes
  Tier 2  2025-12-12  instruments=['ESR']  podtc=yes
  Tier 2  2025-12-13  instruments=['TRO']  podtc=yes
  Tier 2  2025-12-19  instruments=['TRO']  podtc=no
  Tier 2  2025-12-20  instruments=['TRO']  podtc=no
  Tier 2  2026-01-06  instruments=['TRO']  podtc=no
  Tier 2  2026-01-14  instruments=['ESR']  podtc=yes
  Tier 2  2026-01-15  instruments=['ESR']  podtc=yes
  Tier 2  2026-01-16  instruments=['ESR']  podtc=yes
  Tier 2  2026-01-20  instruments=['ESR']  podtc=yes
  Tier 2  2026-01-21  instruments=['ESR']  podtc=yes
  Tier 2  2026-01-22  instruments=['TRO']  podtc=no
  Tier 2  2026-01-29  instruments=['TRO']  podtc=no
  Tier 2  2026-02-03  instruments=['ESR']  podtc=yes
  Tier 2  2026-02-05  instruments=['TRO']  podtc=no
  Tier 2  2026-02-09  instruments=['ESR']  podtc=yes
  Tier 2  2026-02-17  instruments=['TRO']  podtc=no
  Tier 3  2025-01-21  instruments=['JRO']  podtc=yes
  Tier 3  2025-01-22  instruments=['JRO']  podtc=yes
  Tier 3  2025-01-23  instruments=['JRO']  podtc=yes
  Tier 3  2025-01-24  instruments=['JRO']  podtc=yes
  Tier 3  2025-01-25  instruments=['JRO']  podtc=yes
  Tier 3  2025-01-26  instruments=['JRO']  podtc=yes
  Tier 3  2025-01-27  instruments=['JRO']  podtc=yes
  Tier 3  2025-01-28  instruments=['JRO']  podtc=yes
  Tier 3  2025-01-29  instruments=['JRO']  podtc=yes
  Tier 3  2025-01-30  instruments=['JRO']  podtc=yes
  Tier 3  2025-01-31  instruments=['JRO']  podtc=yes
  Tier 3  2025-05-16  instruments=['JRO']  podtc=yes
  Tier 3  2025-05-17  instruments=['JRO']  podtc=yes
  Tier 3  2026-05-26  instruments=['JRO']  podtc=yes
  Tier 3  2026-05-27  instruments=['JRO']  podtc=yes
  Tier 3  2026-05-28  instruments=['JRO']  podtc=yes
  Tier 3  2026-05-29  instruments=['JRO']  podtc=yes
  Tier 3  2026-05-30  instruments=['JRO']  podtc=yes
  Tier 3  2026-05-31  instruments=['JRO']  podtc=yes

[ISR-DA] Loading ISR EDP cache ...
[ISR] Loading cache esr_edp_cache.pkl … 135834 profiles from 285 files
[ISR] Processing 74 new file(s) …
  MAD6300_2025-08-27_ipy_30@42m.hdf5: 0 profiles
  MAD6300_2025-09-10_ipy_60@42m.hdf5: 0 profiles
  MAD6300_2025-09-11_ipy_60@42m.hdf5: 0 profiles
  MAD6300_2025-09-12_ipy_60@42m.hdf5: 0 profiles
  MAD6300_2025-09-15_ipy_60@32mc.hdf5: 0 profiles
  MAD6300_2025-09-15_ipy_60@42ma.hdf5: 0 profiles
  MAD6300_2025-09-17_ipy_60@42m.hdf5: 0 profiles
  MAD6300_2025-09-22_ipy_60@42m.hdf5: 0 profiles
  MAD6300_2025-09-23_ipy_60@42m.hdf5: 0 profiles
  MAD6300_2025-09-24_ipy_60@42m.hdf5: 0 profiles
  MAD6300_2025-09-25_ipy_60@42m.hdf5: 0 profiles
  MAD6300_2025-09-26_ipy_60@42m.hdf5: 0 profiles
  MAD6300_2025-09-26_othia_60@42m.hdf5: 0 profiles
  MAD6300_2025-09-30_ipy_60@42m.hdf5: 0 profiles
  MAD6300_2025-09-30_manda_60@42m.hdf5: 0 profiles
  MAD6300_2025-09-30_othia_60@42m.hdf5: 0 profiles
  MAD6300_2025-10-13_ipy_60@42m.hdf5: 0 profiles
  MAD6300_2025-10-14_ipy_30@42m.hdf5: 0 profiles
  MAD6300_2025-10-14_ipy_60@42m.hdf5: 0 profiles
  MAD6300_2025-10-15_ipy_60@42m.hdf5: 0 profiles
  MAD6300_2025-10-16_ipy_60@42m.hdf5: 0 profiles
  MAD6300_2025-10-17_ipy_60@42m.hdf5: 0 profiles
  MAD6300_2025-10-18_ipy_60@42m.hdf5: 0 profiles
  MAD6300_2025-10-19_ipy_60@42m.hdf5: 0 profiles
  MAD6300_2025-11-04_ipy_60@42m.hdf5: 0 profiles
  MAD6300_2025-11-06_ipy_60@42m.hdf5: 0 profiles
  MAD6300_2025-11-07_ipy_60@42m.hdf5: 0 profiles
  MAD6300_2025-11-11_ipy_60@42m.hdf5: 0 profiles
  MAD6300_2025-11-12_ipy_60@42m.hdf5: 0 profiles
  MAD6300_2025-11-13_ipy_60@42m.hdf5: 0 profiles
  MAD6300_2025-11-14_ipy_60@42m.hdf5: 0 profiles
  MAD6300_2025-11-15_ipy_60@42m.hdf5: 0 profiles
  MAD6300_2025-11-16_ipy_60@42m.hdf5: 0 profiles
  MAD6300_2025-11-16_othia_60@42m.hdf5: 0 profiles
  MAD6300_2025-11-17_ipy_60@42m.hdf5: 0 profiles
  MAD6300_2025-11-18_ipy_60@42m.hdf5: 0 profiles
  MAD6300_2025-11-18_othia_60@42m.hdf5: 0 profiles
  MAD6300_2025-11-19_othia_60@42m.hdf5: 0 profiles
  MAD6300_2025-11-20_othia_60@42m.hdf5: 0 profiles
  MAD6300_2025-11-21_ipy_60@42m.hdf5: 0 profiles
  MAD6300_2025-11-21_othia_60@42m.hdf5: 0 profiles
  MAD6300_2025-11-22_ipy_60@42m.hdf5: 0 profiles
  MAD6300_2025-11-22_othia_60@42m.hdf5: 0 profiles
  MAD6300_2025-11-23_othia_60@42m.hdf5: 0 profiles
  MAD6300_2025-11-24_ipy_60@42m.hdf5: 0 profiles
  MAD6300_2025-11-25_ipy_60@42m.hdf5: 0 profiles
  MAD6300_2025-11-26_ipy_60@42m.hdf5: 0 profiles
  MAD6300_2025-11-27_ipy_60@42m.hdf5: 0 profiles
  MAD6300_2025-11-28_ipy_60@42m.hdf5: 0 profiles
  MAD6300_2025-11-29_ipy_60@42m.hdf5: 0 profiles
  MAD6300_2025-12-08_ipy_60@42m.hdf5: 0 profiles
  MAD6300_2025-12-09_ipy_60@42m.hdf5: 0 profiles
  MAD6300_2025-12-09_othia_60@42m.hdf5: 0 profiles
  MAD6300_2025-12-10_ipy_60@42m.hdf5: 0 profiles
  MAD6300_2025-12-12_ipy_60@42m.hdf5: 0 profiles
  MAD6300_2025-12-14_ipy_60@42m.hdf5: 0 profiles
  MAD6300_2025-12-15_ipy_60@42m.hdf5: 0 profiles
  MAD6300_2025-12-16_ipy_60@42m.hdf5: 0 profiles
  MAD6300_2025-12-17_ipy_60@42m.hdf5: 0 profiles
  MAD6300_2025-12-18_ipy_60@42m.hdf5: 0 profiles
  MAD6300_2026-01-13_othia_60@42m.hdf5: 0 profiles
  MAD6300_2026-01-14_othia_60@42m.hdf5: 0 profiles
  MAD6300_2026-01-15_othia_60@42m.hdf5: 0 profiles
  MAD6300_2026-01-16_othia_60@42m.hdf5: 0 profiles
  MAD6300_2026-01-20_ipy_60@42m.hdf5: 0 profiles
  MAD6300_2026-01-20_manda_60@42m.hdf5: 0 profiles
  MAD6300_2026-01-20_othia_60@42m.hdf5: 0 profiles
  MAD6300_2026-01-21_othia_60@42m.hdf5: 0 profiles
  MAD6300_2026-02-02_ipy_60@42m.hdf5: 0 profiles
  MAD6300_2026-02-02_manda_60@42m.hdf5: 0 profiles
  MAD6300_2026-02-03_ipy_60@42m.hdf5: 0 profiles
  MAD6300_2026-02-03_othia_60@42m.hdf5: 0 profiles
  MAD6300_2026-02-09_leo_60@42m.hdf5: 0 profiles
  MAD6300_2026-02-12_manda_60@42m.hdf5: 0 profiles
         135834 profiles loaded, 85642 fitted (kindat 6400) used as ground truth

======================================================================
[Day] 2025-09-22  tier=1  instruments=['ESR', 'TRO']
  Scanning 3713 files for metadata …
  Found 3713 valid files across 571 geographic groups (48 30-min windows).
[ISR-DA][minima-windows] 2025-09-22: 8 window(s) (>= 10 arcs each)
  0125  centre=2025-09-22 01:25:00  n_occ=10  span=[2025-09-22 00:50:00 .. 2025-09-22 02:00:00)
  0252  centre=2025-09-22 02:52:30  n_occ=25  span=[2025-09-22 02:00:00 .. 2025-09-22 03:45:00)
  0447  centre=2025-09-22 04:47:30  n_occ=10  span=[2025-09-22 03:45:00 .. 2025-09-22 05:50:00)
  0932  centre=2025-09-22 09:32:30  n_occ=14  span=[2025-09-22 08:55:00 .. 2025-09-22 10:10:00)
  1115  centre=2025-09-22 11:15:00  n_occ=29  span=[2025-09-22 10:10:00 .. 2025-09-22 12:20:00)
  1307  centre=2025-09-22 13:07:30  n_occ=16  span=[2025-09-22 12:20:00 .. 2025-09-22 13:55:00)
  1555  centre=2025-09-22 15:55:00  n_occ=22  span=[2025-09-22 13:55:00 .. 2025-09-22 17:55:00)
  2032  centre=2025-09-22 20:32:30  n_occ=19  span=[2025-09-22 17:55:00 .. 2025-09-22 23:10:00)
  [IGS/TRO1] Loaded 204 arc(s) from cache.
  [IGS/WUTH] Running TEC pipeline for 2025-09-22 …
  [IGS/WUTH] Pipeline failed: No RINEX-3 observation file found in https://cddis.nasa.gov/archive/gnss/data/daily/2025/265/25d for station WUTH. Available: ['ABMF00GLP_R_20252650000_01D_30S_MO.crx.gz ', 'ABPO00MDG_R_20252650000_01D_30S_MO.crx.gz ', 'AC2300USA_R_20252650000_01D_15S_MO.crx.gz ', 'AC2400USA_R_20252650000_01D_15S_MO.crx.gz ', 'ACRG00GHA_R_20252650000_01D_30S_MO.crx.gz ', 'ACSO00USA_R_20252650000_01D_15S_MO.crx.gz ', 'ADIS00ETH_R_20252650000_01D_30S_MO.crx.gz ', 'AIRA00JPN_R_20252650000_01D_30S_MO.crx.gz ', 'AJAC00FRA_R_20252650000_01D_30S_MO.crx.gz ', 'AL2H00CAN_R_20252650000_01D_30S_MO.crx.gz ']
  [IGS/NYA1] Loaded 291 arc(s) from cache.
  0 minima window(s), 495 IGS arc(s)
  [skip] No GNSS-RO minima windows for this day matching --window 1227.

======================================================================
[Day] 2025-09-23  tier=1  instruments=['ESR', 'TRO']
  Scanning 3930 files for metadata …
  Found 3930 valid files across 601 geographic groups (48 30-min windows).
[ISR-DA][minima-windows] 2025-09-23: 7 window(s) (>= 10 arcs each)
  0057  centre=2025-09-23 00:57:30  n_occ=27  span=[2025-09-23 00:00:00 .. 2025-09-23 01:55:00)
  0245  centre=2025-09-23 02:45:00  n_occ=30  span=[2025-09-23 01:55:00 .. 2025-09-23 03:35:00)
  0445  centre=2025-09-23 04:45:00  n_occ=16  span=[2025-09-23 03:35:00 .. 2025-09-23 05:55:00)
  1110  centre=2025-09-23 11:10:00  n_occ=20  span=[2025-09-23 10:35:00 .. 2025-09-23 11:45:00)
  1250  centre=2025-09-23 12:50:00  n_occ=30  span=[2025-09-23 11:45:00 .. 2025-09-23 13:55:00)
  1535  centre=2025-09-23 15:35:00  n_occ=22  span=[2025-09-23 13:55:00 .. 2025-09-23 17:15:00)
  2112  centre=2025-09-23 21:12:30  n_occ=21  span=[2025-09-23 19:40:00 .. 2025-09-23 22:45:00)
  [IGS/TRO1] Loaded 232 arc(s) from cache.
  [IGS/WUTH] Loaded 445 arc(s) from cache.
  [IGS/NYA1] Loaded 290 arc(s) from cache.
  0 minima window(s), 967 IGS arc(s)
  [skip] No GNSS-RO minima windows for this day matching --window 1227.

======================================================================
[Day] 2025-09-24  tier=1  instruments=['ESR', 'TRO']
  Scanning 3920 files for metadata …
  Found 3920 valid files across 615 geographic groups (48 30-min windows).
[ISR-DA][minima-windows] 2025-09-24: 8 window(s) (>= 10 arcs each)
  0057  centre=2025-09-24 00:57:30  n_occ=25  span=[2025-09-24 00:00:00 .. 2025-09-24 01:55:00)
  0242  centre=2025-09-24 02:42:30  n_occ=33  span=[2025-09-24 01:55:00 .. 2025-09-24 03:30:00)
  0642  centre=2025-09-24 06:42:30  n_occ=11  span=[2025-09-24 05:55:00 .. 2025-09-24 07:30:00)
  0927  centre=2025-09-24 09:27:30  n_occ=32  span=[2025-09-24 07:30:00 .. 2025-09-24 11:25:00)
  1217  centre=2025-09-24 12:17:30  n_occ=46  span=[2025-09-24 11:25:00 .. 2025-09-24 13:10:00)
  1357  centre=2025-09-24 13:57:30  n_occ=21  span=[2025-09-24 13:10:00 .. 2025-09-24 14:45:00)
  1622  centre=2025-09-24 16:22:30  n_occ=15  span=[2025-09-24 14:45:00 .. 2025-09-24 18:00:00)
  2022  centre=2025-09-24 20:22:30  n_occ=19  span=[2025-09-24 18:00:00 .. 2025-09-24 22:45:00)
  [IGS/TRO1] Loaded 186 arc(s) from cache.
  [IGS/WUTH] Loaded 418 arc(s) from cache.
  [IGS/NYA1] Loaded 267 arc(s) from cache.
  0 minima window(s), 871 IGS arc(s)
  [skip] No GNSS-RO minima windows for this day matching --window 1227.

======================================================================
[Day] 2025-09-25  tier=1  instruments=['ESR', 'TRO']
  Scanning 3582 files for metadata …
  Found 3582 valid files across 561 geographic groups (48 30-min windows).
[ISR-DA][minima-windows] 2025-09-25: 4 window(s) (>= 10 arcs each)
  0215  centre=2025-09-25 02:15:00  n_occ=26  span=[2025-09-25 01:05:00 .. 2025-09-25 03:25:00)
  0912  centre=2025-09-25 09:12:30  n_occ=16  span=[2025-09-25 07:40:00 .. 2025-09-25 10:45:00)
  1200  centre=2025-09-25 12:00:00  n_occ=61  span=[2025-09-25 10:45:00 .. 2025-09-25 13:15:00)
  1402  centre=2025-09-25 14:02:30  n_occ=17  span=[2025-09-25 13:15:00 .. 2025-09-25 14:50:00)
  [IGS/TRO1] Running TEC pipeline for 2025-09-25 …
  [nav] Using multi-GNSS mixed nav: BRDC00IGS_R_20252680000_01D_MN.rnx.gz
  [TRO1]  10/101 SVs (  9.9%)    0 arcs
  [TRO1]  20/101 SVs ( 19.8%)    3 arcs
  [TRO1]  30/101 SVs ( 29.7%)   59 arcs
  [TRO1]  40/101 SVs ( 39.6%)  117 arcs
  [TRO1]  50/101 SVs ( 49.5%)  163 arcs
  [TRO1]  60/101 SVs ( 59.4%)  212 arcs
  [TRO1]  70/101 SVs ( 69.3%)  263 arcs
  [TRO1]  80/101 SVs ( 79.2%)  313 arcs
  [TRO1]  90/101 SVs ( 89.1%)  348 arcs
  [TRO1] 100/101 SVs ( 99.0%)  393 arcs
  [TRO1] 101/101 SVs (100.0%)  396 arcs
  [TRO1] 101/101 SVs done  396 arcs
  [IGS/TRO1] 396 raw arcs → 241 valid entries
  [IGS/WUTH] Running TEC pipeline for 2025-09-25 …
  [nav] Using multi-GNSS mixed nav: BRDC00IGS_R_20252680000_01D_MN.rnx.gz
  [WUTH]  12/123 SVs (  9.8%)   91 arcs
  [WUTH]  24/123 SVs ( 19.5%)  174 arcs
  [WUTH]  36/123 SVs ( 29.3%)  265 arcs
  [WUTH]  48/123 SVs ( 39.0%)  350 arcs
  [WUTH]  60/123 SVs ( 48.8%)  466 arcs
  [WUTH]  72/123 SVs ( 58.5%)  571 arcs
  [WUTH]  84/123 SVs ( 68.3%)  665 arcs
  [WUTH]  96/123 SVs ( 78.0%)  769 arcs
  [WUTH] 108/123 SVs ( 87.8%)  855 arcs
  [WUTH] 120/123 SVs ( 97.6%)  965 arcs
  [WUTH] 123/123 SVs (100.0%)  970 arcs
  [WUTH] 123/123 SVs done  970 arcs
  [IGS/WUTH] 970 raw arcs → 465 valid entries
  [IGS/NYA1] Running TEC pipeline for 2025-09-25 …
  [nav] Using multi-GNSS mixed nav: BRDC00IGS_R_20252680000_01D_MN.rnx.gz
  [NYA1]  10/100 SVs ( 10.0%)   22 arcs
  [NYA1]  20/100 SVs ( 20.0%)   36 arcs
  [NYA1]  30/100 SVs ( 30.0%)  115 arcs
  [NYA1]  40/100 SVs ( 40.0%)  204 arcs
  [NYA1]  50/100 SVs ( 50.0%)  279 arcs
  [NYA1]  60/100 SVs ( 60.0%)  370 arcs
  [NYA1]  70/100 SVs ( 70.0%)  453 arcs
  [NYA1]  80/100 SVs ( 80.0%)  517 arcs
  [NYA1]  90/100 SVs ( 90.0%)  580 arcs
  [NYA1] 100/100 SVs (100.0%)  652 arcs
  [NYA1] 100/100 SVs done  652 arcs
  [IGS/NYA1] 652 raw arcs → 289 valid entries
  0 minima window(s), 995 IGS arc(s)
  [skip] No GNSS-RO minima windows for this day matching --window 1227.

======================================================================
[Day] 2025-09-26  tier=1  instruments=['ESR', 'TRO']
  Scanning 3587 files for metadata …
  Found 3587 valid files across 563 geographic groups (48 30-min windows).
[ISR-DA][minima-windows] 2025-09-26: 8 window(s) (>= 10 arcs each)
  0047  centre=2025-09-26 00:47:30  n_occ=22  span=[2025-09-26 00:00:00 .. 2025-09-26 01:35:00)
  0232  centre=2025-09-26 02:32:30  n_occ=22  span=[2025-09-26 01:35:00 .. 2025-09-26 03:30:00)
  0525  centre=2025-09-26 05:25:00  n_occ=11  span=[2025-09-26 04:40:00 .. 2025-09-26 06:10:00)
  0742  centre=2025-09-26 07:42:30  n_occ=11  span=[2025-09-26 06:10:00 .. 2025-09-26 09:15:00)
  1027  centre=2025-09-26 10:27:30  n_occ=34  span=[2025-09-26 09:15:00 .. 2025-09-26 11:40:00)
  1227  centre=2025-09-26 12:27:30  n_occ=18  span=[2025-09-26 11:40:00 .. 2025-09-26 13:15:00)
  1612  centre=2025-09-26 16:12:30  n_occ=31  span=[2025-09-26 13:15:00 .. 2025-09-26 19:10:00)
  2135  centre=2025-09-26 21:35:00  n_occ=15  span=[2025-09-26 19:10:00 .. 2025-09-27 00:00:00)
  [IGS/TRO1] Running TEC pipeline for 2025-09-26 …
  [nav] Using multi-GNSS mixed nav: BRDC00IGS_R_20252690000_01D_MN.rnx.gz
  [TRO1]  10/101 SVs (  9.9%)    2 arcs
  [TRO1]  20/101 SVs ( 19.8%)    5 arcs
  [TRO1]  30/101 SVs ( 29.7%)   49 arcs
  [TRO1]  40/101 SVs ( 39.6%)   98 arcs
  [TRO1]  50/101 SVs ( 49.5%)  134 arcs
  [TRO1]  60/101 SVs ( 59.4%)  181 arcs
  [TRO1]  70/101 SVs ( 69.3%)  221 arcs
  [TRO1]  80/101 SVs ( 79.2%)  266 arcs
  [TRO1]  90/101 SVs ( 89.1%)  299 arcs
  [TRO1] 100/101 SVs ( 99.0%)  341 arcs
  [TRO1] 101/101 SVs (100.0%)  343 arcs
  [TRO1] 101/101 SVs done  343 arcs
  [IGS/TRO1] 343 raw arcs → 229 valid entries
  [IGS/WUTH] Running TEC pipeline for 2025-09-26 …
  [nav] Using multi-GNSS mixed nav: BRDC00IGS_R_20252690000_01D_MN.rnx.gz
  [WUTH]  12/123 SVs (  9.8%)   65 arcs
  [WUTH]  24/123 SVs ( 19.5%)  126 arcs
  [WUTH]  36/123 SVs ( 29.3%)  189 arcs
  [WUTH]  48/123 SVs ( 39.0%)  252 arcs
  [WUTH]  60/123 SVs ( 48.8%)  336 arcs
  [WUTH]  72/123 SVs ( 58.5%)  447 arcs
  [WUTH]  84/123 SVs ( 68.3%)  522 arcs
  [WUTH]  96/123 SVs ( 78.0%)  618 arcs
  [WUTH] 108/123 SVs ( 87.8%)  681 arcs
  [WUTH] 120/123 SVs ( 97.6%)  768 arcs
  [WUTH] 123/123 SVs (100.0%)  774 arcs
  [WUTH] 123/123 SVs done  774 arcs
  [IGS/WUTH] 774 raw arcs → 440 valid entries
  [IGS/NYA1] Running TEC pipeline for 2025-09-26 …
  [nav] Using multi-GNSS mixed nav: BRDC00IGS_R_20252690000_01D_MN.rnx.gz
  [NYA1]  10/100 SVs ( 10.0%)   35 arcs
  [NYA1]  20/100 SVs ( 20.0%)   52 arcs
  [NYA1]  30/100 SVs ( 30.0%)  109 arcs
  [NYA1]  40/100 SVs ( 40.0%)  199 arcs
  [NYA1]  50/100 SVs ( 50.0%)  292 arcs
  [NYA1]  60/100 SVs ( 60.0%)  379 arcs
  [NYA1]  70/100 SVs ( 70.0%)  454 arcs
  [NYA1]  80/100 SVs ( 80.0%)  520 arcs
  [NYA1]  90/100 SVs ( 90.0%)  584 arcs
  [NYA1] 100/100 SVs (100.0%)  658 arcs
  [NYA1] 100/100 SVs done  658 arcs
  [IGS/NYA1] 658 raw arcs → 356 valid entries
  1 minima window(s), 1025 IGS arc(s)
  Running 1 window(s) x 7 occultation-count bins x 3 obs modes x 2 filters ...
  [diag] Reordered 1 window(s): 0 ISR-aligned (most occultations first), 1 without ISR truth (run last)
EDPS: (55, 1650, 50), N_geo: 1650
▶▶▶ _run_or_load START | 2025-09-26_1227 | bin=all | ro_only   | gridded_kf    
    [diag] 2025-09-26_1227 | bin=all | ro_only   | gridded_kf     : RUNNING    (force=True, cached=False) ...

────────────────────────────────────────────────────────────
  Group : 2025-09-26_1227
  Window: 2025-09-26_1227  |  Region: POLAR_N  |  18 occultation(s)
────────────────────────────────────────────────────────────
  Parsed 18/18 files successfully.
    [podTc2] GN04 11:43 — 402 valid rays → decimated to 134 (stride 3)
    [podTc2] GN04 11:45 — 438 valid rays → decimated to 146 (stride 3)
    [podTc2] GN04 11:47 — 553 valid rays → decimated to 185 (stride 3)
    [podTc2] GN04 11:47 — 497 valid rays → decimated to 166 (stride 3)
    [podTc2] GN05 12:43 — 485 valid rays → decimated to 162 (stride 3)
    [podTc2] GN05 12:42 — 448 valid rays → decimated to 150 (stride 3)
    [podTc2] GN05 12:44 — 551 valid rays → decimated to 184 (stride 3)
    [podTc2] GN05 12:46 — 383 valid rays → decimated to 192 (stride 2)
    [podTc2] GN05 12:50 — 475 valid rays → decimated to 159 (stride 3)
    [podTc2] GN05 12:46 — 494 valid rays → decimated to 165 (stride 3)
    [podTc2] GN05 12:48 — 441 valid rays → decimated to 147 (stride 3)
    [podTc2] GN05 12:50 — 459 valid rays → decimated to 153 (stride 3)
    [podTc2] GN05 12:47 — 363 valid rays → decimated to 182 (stride 2)
    [podTc2] GN05 12:32 — 584 valid rays → decimated to 195 (stride 3)
    [podTc2] GN05 12:33 — 437 valid rays → decimated to 146 (stride 3)
    [podTc2] GN05 12:35 — 393 valid rays → decimated to 197 (stride 2)
    [podTc2] GN05 12:38 — 439 valid rays → decimated to 147 (stride 3)
    [podTc2] GN05 12:40 — 459 valid rays → decimated to 153 (stride 3)
  Bbox lat [30.7, 90.0]  lon [-180.0, 180.0]  |  union vertices: 143
  Final group: 18 occultation(s), 143 union-mesh vertices
  Saved trim diagnostic → /home/austinhunter/IonosphereTomography/Figures/ISR_DA_Comparison/OUTPUT/2025-09-26_1227/bin_all/ro_only/group_2025-09-26_1227_trim.png
  -> Building H matrices (2963 rays across 18 arc(s), single parallel sweep) …
  -> Building H matrices:    296/2963 rays ( 10.0%)
  -> Building H matrices:    592/2963 rays ( 20.0%)
  -> Building H matrices:    888/2963 rays ( 30.0%)
  -> Building H matrices:   1184/2963 rays ( 40.0%)
  -> Building H matrices:   1480/2963 rays ( 49.9%)
  -> Building H matrices:   1776/2963 rays ( 59.9%)
  -> Building H matrices:   2072/2963 rays ( 69.9%)
  -> Building H matrices:   2368/2963 rays ( 79.9%)
  -> Building H matrices:   2664/2963 rays ( 89.9%)
  -> Building H matrices:   2960/2963 rays ( 99.9%)
  -> Building H matrices:   2963/2963 rays (100.0%)
  Combined H shape : (2963, 8008)  (total rays = 2963)
  Skipping sequential KF assimilation (run_sequential=False).
  Running joint (batch) KF assimilation …
  Prior RMSE  : 27.323 TECU
  Post  RMSE  : 6.100 TECU
    [Abel] GN04 11:43: NmF2=4.69e+11 m⁻³  hmF2=390.6 km
    [Abel] GN04 11:45: NmF2=5.04e+11 m⁻³  hmF2=291.9 km
    [Abel] GN04 11:47: NmF2=6.86e+11 m⁻³  hmF2=300.7 km
    [Abel] GN04 11:47: NmF2=5.50e+11 m⁻³  hmF2=284.4 km
    [Abel] GN05 12:43: NmF2=7.88e+11 m⁻³  hmF2=269.8 km
    [Abel] GN05 12:42: NmF2=4.26e+11 m⁻³  hmF2=329.1 km
    [Abel] GN05 12:44: NmF2=7.89e+11 m⁻³  hmF2=279.9 km
    [Abel] GN05 12:46: NmF2=9.16e+11 m⁻³  hmF2=290.0 km
    [Abel] GN05 12:50: NmF2=1.26e+12 m⁻³  hmF2=270.2 km
    [Abel] GN05 12:46: NmF2=6.96e+11 m⁻³  hmF2=284.5 km
    [Abel] GN05 12:48: NmF2=6.76e+11 m⁻³  hmF2=279.4 km
    [Abel] GN05 12:50: NmF2=1.19e+12 m⁻³  hmF2=281.6 km
    [Abel] GN05 12:47: NmF2=7.89e+11 m⁻³  hmF2=284.8 km
    [Abel] GN05 12:32: NmF2=5.13e+11 m⁻³  hmF2=287.9 km
    [Abel] GN05 12:33: NmF2=5.32e+11 m⁻³  hmF2=324.2 km
    [Abel] GN05 12:35: NmF2=7.75e+11 m⁻³  hmF2=272.4 km
    [Abel] GN05 12:38: NmF2=9.55e+11 m⁻³  hmF2=275.6 km
    [Abel] GN05 12:40: NmF2=7.72e+11 m⁻³  hmF2=266.2 km
◀◀◀ _run_or_load END   | 2025-09-26_1227 | bin=all | ro_only   | gridded_kf     : DONE       (151.0s) -> status=Success
▶▶▶ _run_or_load START | 2025-09-26_1227 | bin=all | ro_igs    | gridded_kf    
    [diag] 2025-09-26_1227 | bin=all | ro_igs    | gridded_kf     : RUNNING    (force=True, cached=False) ...

────────────────────────────────────────────────────────────
  Group : 2025-09-26_1227
  Window: 2025-09-26_1227  |  Region: POLAR_N  |  18 occultation(s)
────────────────────────────────────────────────────────────
  Parsed 18/18 files successfully.
    [podTc2] GN04 11:43 — 402 valid rays → decimated to 134 (stride 3)
    [podTc2] GN04 11:45 — 438 valid rays → decimated to 146 (stride 3)
    [podTc2] GN04 11:47 — 553 valid rays → decimated to 185 (stride 3)
    [podTc2] GN04 11:47 — 497 valid rays → decimated to 166 (stride 3)
    [podTc2] GN05 12:43 — 485 valid rays → decimated to 162 (stride 3)
    [podTc2] GN05 12:42 — 448 valid rays → decimated to 150 (stride 3)
    [podTc2] GN05 12:44 — 551 valid rays → decimated to 184 (stride 3)
    [podTc2] GN05 12:46 — 383 valid rays → decimated to 192 (stride 2)
    [podTc2] GN05 12:50 — 475 valid rays → decimated to 159 (stride 3)
    [podTc2] GN05 12:46 — 494 valid rays → decimated to 165 (stride 3)
    [podTc2] GN05 12:48 — 441 valid rays → decimated to 147 (stride 3)
    [podTc2] GN05 12:50 — 459 valid rays → decimated to 153 (stride 3)
    [podTc2] GN05 12:47 — 363 valid rays → decimated to 182 (stride 2)
    [podTc2] GN05 12:32 — 584 valid rays → decimated to 195 (stride 3)
    [podTc2] GN05 12:33 — 437 valid rays → decimated to 146 (stride 3)
    [podTc2] GN05 12:35 — 393 valid rays → decimated to 197 (stride 2)
    [podTc2] GN05 12:38 — 439 valid rays → decimated to 147 (stride 3)
    [podTc2] GN05 12:40 — 459 valid rays → decimated to 153 (stride 3)
  Bbox lat [30.7, 90.0]  lon [-180.0, 180.0]  |  union vertices: 143
  Final group: 18 occultation(s), 143 union-mesh vertices
  Saved trim diagnostic → /home/austinhunter/IonosphereTomography/Figures/ISR_DA_Comparison/OUTPUT/2025-09-26_1227/bin_all/ro_igs/group_2025-09-26_1227_trim.png
  [extra] Injected 67 ground-station arc(s) → total 85 arc(s) in assimilation pool
  -> Building H matrices (3030 rays across 85 arc(s), single parallel sweep) …
  -> Building H matrices:    303/3030 rays ( 10.0%)
  -> Building H matrices:    606/3030 rays ( 20.0%)
  -> Building H matrices:    909/3030 rays ( 30.0%)
  -> Building H matrices:   1212/3030 rays ( 40.0%)
  -> Building H matrices:   1515/3030 rays ( 50.0%)
  -> Building H matrices:   1818/3030 rays ( 60.0%)
  -> Building H matrices:   2121/3030 rays ( 70.0%)
  -> Building H matrices:   2424/3030 rays ( 80.0%)
  -> Building H matrices:   2727/3030 rays ( 90.0%)
  -> Building H matrices:   3030/3030 rays (100.0%)
  Combined H shape : (3030, 8008)  (total rays = 3030)
  Skipping sequential KF assimilation (run_sequential=False).
  Running joint (batch) KF assimilation …
  Prior RMSE  : 27.369 TECU
  Post  RMSE  : 7.091 TECU
    [Abel] GN04 11:43: NmF2=4.69e+11 m⁻³  hmF2=390.6 km
    [Abel] GN04 11:45: NmF2=5.04e+11 m⁻³  hmF2=291.9 km
    [Abel] GN04 11:47: NmF2=6.86e+11 m⁻³  hmF2=300.7 km
    [Abel] GN04 11:47: NmF2=5.50e+11 m⁻³  hmF2=284.4 km
    [Abel] GN05 12:43: NmF2=7.88e+11 m⁻³  hmF2=269.8 km
    [Abel] GN05 12:42: NmF2=4.26e+11 m⁻³  hmF2=329.1 km
    [Abel] GN05 12:44: NmF2=7.89e+11 m⁻³  hmF2=279.9 km
    [Abel] GN05 12:46: NmF2=9.16e+11 m⁻³  hmF2=290.0 km
    [Abel] GN05 12:50: NmF2=1.26e+12 m⁻³  hmF2=270.2 km
    [Abel] GN05 12:46: NmF2=6.96e+11 m⁻³  hmF2=284.5 km
    [Abel] GN05 12:48: NmF2=6.76e+11 m⁻³  hmF2=279.4 km
    [Abel] GN05 12:50: NmF2=1.19e+12 m⁻³  hmF2=281.6 km
    [Abel] GN05 12:47: NmF2=7.89e+11 m⁻³  hmF2=284.8 km
    [Abel] GN05 12:32: NmF2=5.13e+11 m⁻³  hmF2=287.9 km
    [Abel] GN05 12:33: NmF2=5.32e+11 m⁻³  hmF2=324.2 km
    [Abel] GN05 12:35: NmF2=7.75e+11 m⁻³  hmF2=272.4 km
    [Abel] GN05 12:38: NmF2=9.55e+11 m⁻³  hmF2=275.6 km
    [Abel] GN05 12:40: NmF2=7.72e+11 m⁻³  hmF2=266.2 km
    [Abel] Skipped 67 ground-station arc(s) (RO-only technique)
/home/austinhunter/Downloads/PlanetiQ_Code/venv311/lib/python3.11/site-packages/shapely/creation.py:218: RuntimeWarning: invalid value encountered in linestrings
  return lib.linestrings(coords, np.intc(handle_nan), out=out, **kwargs)
◀◀◀ _run_or_load END   | 2025-09-26_1227 | bin=all | ro_igs    | gridded_kf     : DONE       (149.3s) -> status=Success
▶▶▶ _run_or_load START | 2025-09-26_1227 | bin=all | igs_only  | gridded_kf    
    [diag] 2025-09-26_1227 | bin=all | igs_only  | gridded_kf     : RUNNING    (force=True, cached=False) ...
    [Info] Initialising information matrix (n_state=14245) …
    [Info] arcs ingested = 67/67  |  obs rows = 67  |  Λ cond ≈ 3.61e+23
    [Info] Solving …
    [Prior] innovation  mean=17.07  std=25.27  n_obs=67
    [Post ] innovation  mean=10.83  std=19.70
    RMSE:  prior=30.496 TECU  →  post=22.481 TECU
◀◀◀ _run_or_load END   | 2025-09-26_1227 | bin=all | igs_only  | gridded_kf     : DONE       (99.5s) -> status=ok (no 'status' key)
▶▶▶ _run_or_load START | 2025-09-26_1227 | bin=all | ro_only   | parametric_ekf
    [diag] 2025-09-26_1227 | bin=all | ro_only   | parametric_ekf : RUNNING    (force=True, cached=False) ...
  [EKF] Building IRI state at 143 grid points (batch call) …
  [EnKF] Estimating background covariance from 50 EDP samples x 143 grid points ...
  [EnKF] Parameter sigma: log10(NmF2)=0.15  hmF2=20  H0=18.7  gamma=0.16  B0=20  B1=0.3  log10(NmE)=0.2  hmE=8
  [EnKF] Spatial corr (Ne-space KF method): mean=0.932  max=1.000  min=0.693
  [EKF] Running EKF_Param on 18 arc(s) …
  [EKF] 18 arcs  |  2963 profile rays  |  1495 update rays  |  n_state = 1144
  [EKF] Prior innovations  mean=56.64  std=39.03  max_abs=214.81 TECU
  [EKF] iterating [analytical]:   0%|          | 0/20 [00:00<?, ?it/s]  [EKF] iterating [analytical]:   0%|          | 0/20 [00:03<?, ?it/s, RMSE=68.783TECU, rel_dP=4.35e-30]                                                                                                          [EKF] Converged at iteration 1  (||ΔP||/||P|| = 4.35e-30 < tol=5.0e-04)
  [EKF] iterating [analytical]:   0%|          | 0/20 [00:03<?, ?it/s, RMSE=68.783TECU, rel_dP=4.35e-30]                                                                                                          [EKF] Posterior innovations  mean=52.88  std=35.05  max_abs=188.09 TECU
  [EKF] Prior RMSE 69.038 TECU  →  Post RMSE 63.676 TECU
  Saved EKF convergence plot → /home/austinhunter/IonosphereTomography/Figures/ISR_DA_Comparison/OUTPUT/2025-09-26_1227/bin_all/ro_only/2025-09-26_1227_ro_only_ekf_convergence.png
◀◀◀ _run_or_load END   | 2025-09-26_1227 | bin=all | ro_only   | parametric_ekf : DONE       (36.1s) -> status=Success
▶▶▶ _run_or_load START | 2025-09-26_1227 | bin=all | ro_igs    | parametric_ekf
    [diag] 2025-09-26_1227 | bin=all | ro_igs    | parametric_ekf : RUNNING    (force=True, cached=False) ...
  [EKF] Building IRI state at 143 grid points (batch call) …
  [EnKF] Estimating background covariance from 50 EDP samples x 143 grid points ...
  [EnKF] Parameter sigma: log10(NmF2)=0.15  hmF2=20  H0=18.7  gamma=0.16  B0=20  B1=0.3  log10(NmE)=0.2  hmE=8
  [EnKF] Spatial corr (Ne-space KF method): mean=0.932  max=1.000  min=0.693
  [EKF] Running EKF_Param on 85 arc(s) …
  [EKF] 85 arcs  |  3030 profile rays  |  1562 update rays  |  n_state = 1144
  [EKF] Prior innovations  mean=-64.79  std=40.09  max_abs=145.23 TECU
  [EKF] iterating [analytical]:   0%|          | 0/20 [00:00<?, ?it/s]  [EKF] iterating [analytical]:   0%|          | 0/20 [00:03<?, ?it/s, RMSE=76.190TECU, rel_dP=2.08e-01]  [EKF] iterating [analytical]:   5%|5         | 1/20 [00:03<01:09,  3.68s/it, RMSE=76.190TECU, rel_dP=2.08e-01]  [EKF] iterating [analytical]:   5%|5         | 1/20 [00:07<01:09,  3.68s/it, RMSE=28.485TECU, rel_dP=2.66e-02]  [EKF] iterating [analytical]:  10%|#         | 2/20 [00:07<01:06,  3.68s/it, RMSE=28.485TECU, rel_dP=2.66e-02]  [EKF] iterating [analytical]:  10%|#         | 2/20 [00:11<01:06,  3.68s/it, RMSE=17.314TECU, rel_dP=2.34e-02]  [EKF] iterating [analytical]:  15%|#5        | 3/20 [00:11<01:02,  3.67s/it, RMSE=17.314TECU, rel_dP=2.34e-02]  [EKF] iterating [analytical]:  15%|#5        | 3/20 [00:14<01:02,  3.67s/it, RMSE=13.856TECU, rel_dP=2.17e-02]  [EKF] iterating [analytical]:  20%|##        | 4/20 [00:14<00:58,  3.65s/it, RMSE=13.856TECU, rel_dP=2.17e-02]  [EKF] iterating [analytical]:  20%|##        | 4/20 [00:18<00:58,  3.65s/it, RMSE=12.539TECU, rel_dP=1.93e-02]  [EKF] iterating [analytical]:  25%|##5       | 5/20 [00:18<00:54,  3.64s/it, RMSE=12.539TECU, rel_dP=1.93e-02]  [EKF] iterating [analytical]:  25%|##5       | 5/20 [00:21<00:54,  3.64s/it, RMSE=12.277TECU, rel_dP=1.65e-02]  [EKF] iterating [analytical]:  30%|###       | 6/20 [00:21<00:50,  3.64s/it, RMSE=12.277TECU, rel_dP=1.65e-02]  [EKF] iterating [analytical]:  30%|###       | 6/20 [00:25<00:50,  3.64s/it, RMSE=12.151TECU, rel_dP=1.63e-02]  [EKF] iterating [analytical]:  35%|###5      | 7/20 [00:25<00:47,  3.63s/it, RMSE=12.151TECU, rel_dP=1.63e-02]  [EKF] iterating [analytical]:  35%|###5      | 7/20 [00:29<00:47,  3.63s/it, RMSE=12.522TECU, rel_dP=1.51e-02]  [EKF] iterating [analytical]:  40%|####      | 8/20 [00:29<00:43,  3.63s/it, RMSE=12.522TECU, rel_dP=1.51e-02]  [EKF] iterating [analytical]:  40%|####      | 8/20 [00:32<00:43,  3.63s/it, RMSE=13.698TECU, rel_dP=1.82e-02]  [EKF] iterating [analytical]:  45%|####5     | 9/20 [00:32<00:39,  3.63s/it, RMSE=13.698TECU, rel_dP=1.82e-02]  [EKF] iterating [analytical]:  45%|####5     | 9/20 [00:36<00:39,  3.63s/it, RMSE=15.443TECU, rel_dP=1.99e-02]  [EKF] iterating [analytical]:  50%|#####     | 10/20 [00:36<00:36,  3.63s/it, RMSE=15.443TECU, rel_dP=1.99e-02]  [EKF] iterating [analytical]:  50%|#####     | 10/20 [00:40<00:36,  3.63s/it, RMSE=17.626TECU, rel_dP=2.14e-02]  [EKF] iterating [analytical]:  55%|#####5    | 11/20 [00:40<00:32,  3.62s/it, RMSE=17.626TECU, rel_dP=2.14e-02]  [EKF] iterating [analytical]:  55%|#####5    | 11/20 [00:43<00:32,  3.62s/it, RMSE=20.808TECU, rel_dP=2.42e-02]  [EKF] iterating [analytical]:  60%|######    | 12/20 [00:43<00:29,  3.66s/it, RMSE=20.808TECU, rel_dP=2.42e-02]  [EKF] iterating [analytical]:  60%|######    | 12/20 [00:47<00:29,  3.66s/it, RMSE=25.451TECU, rel_dP=3.11e-02]  [EKF] iterating [analytical]:  65%|######5   | 13/20 [00:47<00:25,  3.64s/it, RMSE=25.451TECU, rel_dP=3.11e-02]  [EKF] iterating [analytical]:  65%|######5   | 13/20 [00:50<00:25,  3.64s/it, RMSE=30.989TECU, rel_dP=3.42e-02]  [EKF] iterating [analytical]:  70%|#######   | 14/20 [00:50<00:21,  3.63s/it, RMSE=30.989TECU, rel_dP=3.42e-02]  [EKF] iterating [analytical]:  70%|#######   | 14/20 [00:54<00:21,  3.63s/it, RMSE=36.853TECU, rel_dP=3.65e-02]  [EKF] iterating [analytical]:  75%|#######5  | 15/20 [00:54<00:18,  3.65s/it, RMSE=36.853TECU, rel_dP=3.65e-02]  [EKF] iterating [analytical]:  75%|#######5  | 15/20 [00:58<00:18,  3.65s/it, RMSE=39.762TECU, rel_dP=3.85e-02]  [EKF] iterating [analytical]:  80%|########  | 16/20 [00:58<00:14,  3.64s/it, RMSE=39.762TECU, rel_dP=3.85e-02]  [EKF] iterating [analytical]:  80%|########  | 16/20 [01:01<00:14,  3.64s/it, RMSE=40.819TECU, rel_dP=4.26e-02]  [EKF] iterating [analytical]:  85%|########5 | 17/20 [01:01<00:10,  3.62s/it, RMSE=40.819TECU, rel_dP=4.26e-02]  [EKF] iterating [analytical]:  85%|########5 | 17/20 [01:05<00:10,  3.62s/it, RMSE=42.146TECU, rel_dP=4.46e-02]  [EKF] iterating [analytical]:  90%|######### | 18/20 [01:05<00:07,  3.62s/it, RMSE=42.146TECU, rel_dP=4.46e-02]  [EKF] iterating [analytical]:  90%|######### | 18/20 [01:09<00:07,  3.62s/it, RMSE=42.055TECU, rel_dP=4.65e-02]  [EKF] iterating [analytical]:  95%|#########5| 19/20 [01:09<00:03,  3.63s/it, RMSE=42.055TECU, rel_dP=4.65e-02]  [EKF] iterating [analytical]:  95%|#########5| 19/20 [01:12<00:03,  3.63s/it, RMSE=41.775TECU, rel_dP=4.80e-02]  [EKF] iterating [analytical]: 100%|##########| 20/20 [01:12<00:00,  3.65s/it, RMSE=41.775TECU, rel_dP=4.80e-02]                                                                                                                   [EKF] Reached max_iter=20 without convergence  (final ||ΔP||/||P|| = 4.80e-02)
  [EKF] Posterior innovations  mean=-14.26  std=38.79  max_abs=245.26 TECU
  [EKF] Prior RMSE 77.112 TECU  →  Post RMSE 41.573 TECU
  Saved EKF convergence plot → /home/austinhunter/IonosphereTomography/Figures/ISR_DA_Comparison/OUTPUT/2025-09-26_1227/bin_all/ro_igs/2025-09-26_1227_ro_igs_ekf_convergence.png
◀◀◀ _run_or_load END   | 2025-09-26_1227 | bin=all | ro_igs    | parametric_ekf : DONE       (104.7s) -> status=Success
▶▶▶ _run_or_load START | 2025-09-26_1227 | bin=all | igs_only  | parametric_ekf
    [diag] 2025-09-26_1227 | bin=all | igs_only  | parametric_ekf : RUNNING    (force=True, cached=False) ...
  [EKF] Building IRI state at 259 grid points (batch call) …
  [EnKF] Estimating background covariance from 500 EDP samples x 259 grid points ...
  [EnKF] Parameter sigma: log10(NmF2)=0.15  hmF2=20  H0=19.1  gamma=0.193  B0=20  B1=0.3  log10(NmE)=0.2  hmE=8
  [EnKF] Spatial corr (Ne-space KF method): mean=0.930  max=1.000  min=0.666
  [EKF] Running EKF_Param on 67 arc(s) …
  [EKF] 67 arcs  |  67 profile rays  |  67 update rays  |  n_state = 2072
  [EKF] Prior innovations  mean=35.91  std=25.30  max_abs=81.99 TECU
  [EKF] iterating [analytical]:   0%|          | 0/20 [00:00<?, ?it/s]  [EKF] iterating [analytical]:   0%|          | 0/20 [00:00<?, ?it/s, RMSE=43.922TECU, rel_dP=8.57e-02]  [EKF] iterating [analytical]:   5%|5         | 1/20 [00:00<00:03,  5.32it/s, RMSE=43.922TECU, rel_dP=8.57e-02]  [EKF] iterating [analytical]:   5%|5         | 1/20 [00:00<00:03,  5.32it/s, RMSE=29.873TECU, rel_dP=3.70e-02]  [EKF] iterating [analytical]:  10%|#         | 2/20 [00:00<00:03,  4.53it/s, RMSE=29.873TECU, rel_dP=3.70e-02]  [EKF] iterating [analytical]:  10%|#         | 2/20 [00:00<00:03,  4.53it/s, RMSE=27.363TECU, rel_dP=1.78e-02]  [EKF] iterating [analytical]:  15%|#5        | 3/20 [00:00<00:03,  4.53it/s, RMSE=27.363TECU, rel_dP=1.78e-02]  [EKF] iterating [analytical]:  15%|#5        | 3/20 [00:00<00:03,  4.53it/s, RMSE=26.201TECU, rel_dP=1.36e-02]  [EKF] iterating [analytical]:  20%|##        | 4/20 [00:00<00:03,  4.44it/s, RMSE=26.201TECU, rel_dP=1.36e-02]  [EKF] iterating [analytical]:  20%|##        | 4/20 [00:01<00:03,  4.44it/s, RMSE=25.763TECU, rel_dP=1.28e-02]  [EKF] iterating [analytical]:  25%|##5       | 5/20 [00:01<00:03,  4.29it/s, RMSE=25.763TECU, rel_dP=1.28e-02]  [EKF] iterating [analytical]:  25%|##5       | 5/20 [00:01<00:03,  4.29it/s, RMSE=25.536TECU, rel_dP=1.35e-02]  [EKF] iterating [analytical]:  30%|###       | 6/20 [00:01<00:03,  4.37it/s, RMSE=25.536TECU, rel_dP=1.35e-02]  [EKF] iterating [analytical]:  30%|###       | 6/20 [00:01<00:03,  4.37it/s, RMSE=25.378TECU, rel_dP=1.48e-02]  [EKF] iterating [analytical]:  35%|###5      | 7/20 [00:01<00:03,  4.28it/s, RMSE=25.378TECU, rel_dP=1.48e-02]  [EKF] iterating [analytical]:  35%|###5      | 7/20 [00:01<00:03,  4.28it/s, RMSE=25.248TECU, rel_dP=1.42e-02]  [EKF] iterating [analytical]:  40%|####      | 8/20 [00:01<00:02,  4.22it/s, RMSE=25.248TECU, rel_dP=1.42e-02]  [EKF] iterating [analytical]:  40%|####      | 8/20 [00:02<00:02,  4.22it/s, RMSE=25.135TECU, rel_dP=1.38e-02]  [EKF] iterating [analytical]:  45%|####5     | 9/20 [00:02<00:02,  4.16it/s, RMSE=25.135TECU, rel_dP=1.38e-02]  [EKF] iterating [analytical]:  45%|####5     | 9/20 [00:02<00:02,  4.16it/s, RMSE=25.031TECU, rel_dP=1.52e-02]  [EKF] iterating [analytical]:  50%|#####     | 10/20 [00:02<00:02,  4.12it/s, RMSE=25.031TECU, rel_dP=1.52e-02]  [EKF] iterating [analytical]:  50%|#####     | 10/20 [00:02<00:02,  4.12it/s, RMSE=24.929TECU, rel_dP=1.55e-02]  [EKF] iterating [analytical]:  55%|#####5    | 11/20 [00:02<00:02,  4.20it/s, RMSE=24.929TECU, rel_dP=1.55e-02]  [EKF] iterating [analytical]:  55%|#####5    | 11/20 [00:02<00:02,  4.20it/s, RMSE=24.831TECU, rel_dP=1.44e-02]  [EKF] iterating [analytical]:  60%|######    | 12/20 [00:02<00:01,  4.25it/s, RMSE=24.831TECU, rel_dP=1.44e-02]  [EKF] iterating [analytical]:  60%|######    | 12/20 [00:03<00:01,  4.25it/s, RMSE=24.738TECU, rel_dP=1.40e-02]  [EKF] iterating [analytical]:  65%|######5   | 13/20 [00:03<00:01,  4.31it/s, RMSE=24.738TECU, rel_dP=1.40e-02]  [EKF] iterating [analytical]:  65%|######5   | 13/20 [00:03<00:01,  4.31it/s, RMSE=24.648TECU, rel_dP=1.46e-02]  [EKF] iterating [analytical]:  70%|#######   | 14/20 [00:03<00:01,  4.36it/s, RMSE=24.648TECU, rel_dP=1.46e-02]  [EKF] iterating [analytical]:  70%|#######   | 14/20 [00:03<00:01,  4.36it/s, RMSE=24.557TECU, rel_dP=1.49e-02]  [EKF] iterating [analytical]:  75%|#######5  | 15/20 [00:03<00:01,  4.34it/s, RMSE=24.557TECU, rel_dP=1.49e-02]  [EKF] iterating [analytical]:  75%|#######5  | 15/20 [00:03<00:01,  4.34it/s, RMSE=24.467TECU, rel_dP=1.46e-02]  [EKF] iterating [analytical]:  80%|########  | 16/20 [00:03<00:00,  4.36it/s, RMSE=24.467TECU, rel_dP=1.46e-02]  [EKF] iterating [analytical]:  80%|########  | 16/20 [00:03<00:00,  4.36it/s, RMSE=24.380TECU, rel_dP=1.23e-02]  [EKF] iterating [analytical]:  85%|########5 | 17/20 [00:03<00:00,  4.34it/s, RMSE=24.380TECU, rel_dP=1.23e-02]  [EKF] iterating [analytical]:  85%|########5 | 17/20 [00:04<00:00,  4.34it/s, RMSE=24.299TECU, rel_dP=1.27e-02]  [EKF] iterating [analytical]:  90%|######### | 18/20 [00:04<00:00,  4.38it/s, RMSE=24.299TECU, rel_dP=1.27e-02]  [EKF] iterating [analytical]:  90%|######### | 18/20 [00:04<00:00,  4.38it/s, RMSE=24.217TECU, rel_dP=1.51e-02]  [EKF] iterating [analytical]:  95%|#########5| 19/20 [00:04<00:00,  4.36it/s, RMSE=24.217TECU, rel_dP=1.51e-02]  [EKF] iterating [analytical]:  95%|#########5| 19/20 [00:04<00:00,  4.36it/s, RMSE=24.130TECU, rel_dP=1.53e-02]  [EKF] iterating [analytical]: 100%|##########| 20/20 [00:04<00:00,  4.41it/s, RMSE=24.130TECU, rel_dP=1.53e-02]                                                                                                                   [EKF] Reached max_iter=20 without convergence  (final ||ΔP||/||P|| = 1.53e-02)
  [EKF] Posterior innovations  mean=1.33  std=24.01  max_abs=55.26 TECU
  [EKF] Prior RMSE 43.922 TECU  →  Post RMSE 24.046 TECU
  Saved EKF convergence plot → /home/austinhunter/IonosphereTomography/Figures/ISR_DA_Comparison/OUTPUT/2025-09-26_1227/bin_all/igs_only/2025-09-26_1227_igs_only_ekf_convergence.png
◀◀◀ _run_or_load END   | 2025-09-26_1227 | bin=all | igs_only  | parametric_ekf : DONE       (483.1s) -> status=ok (no 'status' key)
  [diag] 2025-09-26_1227 | bin=all : summary of 6 obs_mode/filter_type combos
           ro_only   | gridded_kf     -> Success
           ro_only   | parametric_ekf -> Success
           ro_igs    | gridded_kf     -> Success
           ro_igs    | parametric_ekf -> Success
           igs_only  | gridded_kf     -> ok (no 'status' key)
           igs_only  | parametric_ekf -> ok (no 'status' key)

▶▶▶ compute_isr_metrics START | group=2025-09-26_1227 bin=all
◀◀◀ compute_isr_metrics END   | group=2025-09-26_1227 bin=all -> 0 metric row(s)

▶▶▶ _plot_group_all_modes START | group=2025-09-26_1227
  [diag] 2025-09-26_1227/ro_igs/gridded_kf: arc-innovation panels thinned to 18 RO + 20/67 representative IGS arcs (of 85 total)
  [diag] 2025-09-26_1227/ro_igs/parametric_ekf: arc-innovation panels thinned to 18 RO + 20/67 representative IGS arcs (of 85 total)
  [diag] 2025-09-26_1227/igs_only/gridded_kf: arc-innovation panels thinned to 0 RO + 20/67 representative IGS arcs (of 67 total)
  [diag] 2025-09-26_1227/igs_only/parametric_ekf: arc-innovation panels thinned to 0 RO + 20/67 representative IGS arcs (of 67 total)
/home/austinhunter/Downloads/PlanetiQ_Code/venv311/lib/python3.11/site-packages/shapely/creation.py:218: RuntimeWarning: invalid value encountered in linestrings
  return lib.linestrings(coords, np.intc(handle_nan), out=out, **kwargs)
/home/austinhunter/IonosphereTomography/plotIonosphereTomography.py:3634: UserWarning: This figure includes Axes that are not compatible with tight_layout, so results might be incorrect.
  plt.tight_layout(rect=[0, 0, 1, 0.98])
/home/austinhunter/IonosphereTomography/plotIonosphereTomography.py:3634: UserWarning: This figure includes Axes that are not compatible with tight_layout, so results might be incorrect.
  plt.tight_layout(rect=[0, 0, 1, 0.98])
/home/austinhunter/IonosphereTomography/plotIonosphereTomography.py:3634: UserWarning: This figure includes Axes that are not compatible with tight_layout, so results might be incorrect.
  plt.tight_layout(rect=[0, 0, 1, 0.98])
◀◀◀ _plot_group_all_modes END   | group=2025-09-26_1227
▶▶▶ _run_or_load START | 2025-09-26_1227 | bin=55  | ro_only   | gridded_kf    
    [diag] 2025-09-26_1227 | bin=55  | ro_only   | gridded_kf     : RUNNING    (force=True, cached=False) ...

────────────────────────────────────────────────────────────
  Group : 2025-09-26_1227
  Window: 2025-09-26_1227  |  Region: POLAR_N  |  18 occultation(s)
────────────────────────────────────────────────────────────
  Parsed 18/18 files successfully.
    [podTc2] GN04 11:43 — 402 valid rays → decimated to 134 (stride 3)
    [podTc2] GN04 11:45 — 438 valid rays → decimated to 146 (stride 3)
    [podTc2] GN04 11:47 — 553 valid rays → decimated to 185 (stride 3)
    [podTc2] GN04 11:47 — 497 valid rays → decimated to 166 (stride 3)
    [podTc2] GN05 12:43 — 485 valid rays → decimated to 162 (stride 3)
    [podTc2] GN05 12:42 — 448 valid rays → decimated to 150 (stride 3)
    [podTc2] GN05 12:44 — 551 valid rays → decimated to 184 (stride 3)
    [podTc2] GN05 12:46 — 383 valid rays → decimated to 192 (stride 2)
    [podTc2] GN05 12:50 — 475 valid rays → decimated to 159 (stride 3)
    [podTc2] GN05 12:46 — 494 valid rays → decimated to 165 (stride 3)
    [podTc2] GN05 12:48 — 441 valid rays → decimated to 147 (stride 3)
    [podTc2] GN05 12:50 — 459 valid rays → decimated to 153 (stride 3)
    [podTc2] GN05 12:47 — 363 valid rays → decimated to 182 (stride 2)
    [podTc2] GN05 12:32 — 584 valid rays → decimated to 195 (stride 3)
    [podTc2] GN05 12:33 — 437 valid rays → decimated to 146 (stride 3)
    [podTc2] GN05 12:35 — 393 valid rays → decimated to 197 (stride 2)
    [podTc2] GN05 12:38 — 439 valid rays → decimated to 147 (stride 3)
    [podTc2] GN05 12:40 — 459 valid rays → decimated to 153 (stride 3)
  Bbox lat [30.7, 90.0]  lon [-180.0, 180.0]  |  union vertices: 143
  Final group: 18 occultation(s), 143 union-mesh vertices
  Saved trim diagnostic → /home/austinhunter/IonosphereTomography/Figures/ISR_DA_Comparison/OUTPUT/2025-09-26_1227/bin_55/ro_only/group_2025-09-26_1227_trim.png
  -> Building H matrices (2963 rays across 18 arc(s), single parallel sweep) …
  -> Building H matrices:    296/2963 rays ( 10.0%)
  -> Building H matrices:    592/2963 rays ( 20.0%)
  -> Building H matrices:    888/2963 rays ( 30.0%)
  -> Building H matrices:   1184/2963 rays ( 40.0%)
  -> Building H matrices:   1480/2963 rays ( 49.9%)
  -> Building H matrices:   1776/2963 rays ( 59.9%)
  -> Building H matrices:   2072/2963 rays ( 69.9%)
  -> Building H matrices:   2368/2963 rays ( 79.9%)
  -> Building H matrices:   2664/2963 rays ( 89.9%)
  -> Building H matrices:   2960/2963 rays ( 99.9%)
  -> Building H matrices:   2963/2963 rays (100.0%)
  Combined H shape : (2963, 8008)  (total rays = 2963)
  Skipping sequential KF assimilation (run_sequential=False).
  Running joint (batch) KF assimilation …
  Prior RMSE  : 27.323 TECU
  Post  RMSE  : 6.100 TECU
    [Abel] GN04 11:43: NmF2=4.69e+11 m⁻³  hmF2=390.6 km
    [Abel] GN04 11:45: NmF2=5.04e+11 m⁻³  hmF2=291.9 km
    [Abel] GN04 11:47: NmF2=6.86e+11 m⁻³  hmF2=300.7 km
    [Abel] GN04 11:47: NmF2=5.50e+11 m⁻³  hmF2=284.4 km
    [Abel] GN05 12:43: NmF2=7.88e+11 m⁻³  hmF2=269.8 km
    [Abel] GN05 12:42: NmF2=4.26e+11 m⁻³  hmF2=329.1 km
    [Abel] GN05 12:44: NmF2=7.89e+11 m⁻³  hmF2=279.9 km
    [Abel] GN05 12:46: NmF2=9.16e+11 m⁻³  hmF2=290.0 km
    [Abel] GN05 12:50: NmF2=1.26e+12 m⁻³  hmF2=270.2 km
    [Abel] GN05 12:46: NmF2=6.96e+11 m⁻³  hmF2=284.5 km
    [Abel] GN05 12:48: NmF2=6.76e+11 m⁻³  hmF2=279.4 km
    [Abel] GN05 12:50: NmF2=1.19e+12 m⁻³  hmF2=281.6 km
    [Abel] GN05 12:47: NmF2=7.89e+11 m⁻³  hmF2=284.8 km
    [Abel] GN05 12:32: NmF2=5.13e+11 m⁻³  hmF2=287.9 km
    [Abel] GN05 12:33: NmF2=5.32e+11 m⁻³  hmF2=324.2 km
    [Abel] GN05 12:35: NmF2=7.75e+11 m⁻³  hmF2=272.4 km
    [Abel] GN05 12:38: NmF2=9.55e+11 m⁻³  hmF2=275.6 km
    [Abel] GN05 12:40: NmF2=7.72e+11 m⁻³  hmF2=266.2 km
◀◀◀ _run_or_load END   | 2025-09-26_1227 | bin=55  | ro_only   | gridded_kf     : DONE       (148.7s) -> status=Success
▶▶▶ _run_or_load START | 2025-09-26_1227 | bin=55  | ro_igs    | gridded_kf    
    [diag] 2025-09-26_1227 | bin=55  | ro_igs    | gridded_kf     : RUNNING    (force=True, cached=False) ...

────────────────────────────────────────────────────────────
  Group : 2025-09-26_1227
  Window: 2025-09-26_1227  |  Region: POLAR_N  |  18 occultation(s)
────────────────────────────────────────────────────────────
  Parsed 18/18 files successfully.
    [podTc2] GN04 11:43 — 402 valid rays → decimated to 134 (stride 3)
    [podTc2] GN04 11:45 — 438 valid rays → decimated to 146 (stride 3)
    [podTc2] GN04 11:47 — 553 valid rays → decimated to 185 (stride 3)
    [podTc2] GN04 11:47 — 497 valid rays → decimated to 166 (stride 3)
    [podTc2] GN05 12:43 — 485 valid rays → decimated to 162 (stride 3)
    [podTc2] GN05 12:42 — 448 valid rays → decimated to 150 (stride 3)
    [podTc2] GN05 12:44 — 551 valid rays → decimated to 184 (stride 3)
    [podTc2] GN05 12:46 — 383 valid rays → decimated to 192 (stride 2)
    [podTc2] GN05 12:50 — 475 valid rays → decimated to 159 (stride 3)
    [podTc2] GN05 12:46 — 494 valid rays → decimated to 165 (stride 3)
    [podTc2] GN05 12:48 — 441 valid rays → decimated to 147 (stride 3)
    [podTc2] GN05 12:50 — 459 valid rays → decimated to 153 (stride 3)
    [podTc2] GN05 12:47 — 363 valid rays → decimated to 182 (stride 2)
    [podTc2] GN05 12:32 — 584 valid rays → decimated to 195 (stride 3)
    [podTc2] GN05 12:33 — 437 valid rays → decimated to 146 (stride 3)
    [podTc2] GN05 12:35 — 393 valid rays → decimated to 197 (stride 2)
    [podTc2] GN05 12:38 — 439 valid rays → decimated to 147 (stride 3)
    [podTc2] GN05 12:40 — 459 valid rays → decimated to 153 (stride 3)
  Bbox lat [30.7, 90.0]  lon [-180.0, 180.0]  |  union vertices: 143
  Final group: 18 occultation(s), 143 union-mesh vertices
  Saved trim diagnostic → /home/austinhunter/IonosphereTomography/Figures/ISR_DA_Comparison/OUTPUT/2025-09-26_1227/bin_55/ro_igs/group_2025-09-26_1227_trim.png
  [extra] Injected 67 ground-station arc(s) → total 85 arc(s) in assimilation pool
  -> Building H matrices (3030 rays across 85 arc(s), single parallel sweep) …
  -> Building H matrices:    303/3030 rays ( 10.0%)
  -> Building H matrices:    606/3030 rays ( 20.0%)
  -> Building H matrices:    909/3030 rays ( 30.0%)
  -> Building H matrices:   1212/3030 rays ( 40.0%)
  -> Building H matrices:   1515/3030 rays ( 50.0%)
  -> Building H matrices:   1818/3030 rays ( 60.0%)
  -> Building H matrices:   2121/3030 rays ( 70.0%)
  -> Building H matrices:   2424/3030 rays ( 80.0%)
  -> Building H matrices:   2727/3030 rays ( 90.0%)
  -> Building H matrices:   3030/3030 rays (100.0%)
  Combined H shape : (3030, 8008)  (total rays = 3030)
  Skipping sequential KF assimilation (run_sequential=False).
  Running joint (batch) KF assimilation …
  Prior RMSE  : 27.369 TECU
  Post  RMSE  : 7.091 TECU
    [Abel] GN04 11:43: NmF2=4.69e+11 m⁻³  hmF2=390.6 km
    [Abel] GN04 11:45: NmF2=5.04e+11 m⁻³  hmF2=291.9 km
    [Abel] GN04 11:47: NmF2=6.86e+11 m⁻³  hmF2=300.7 km
    [Abel] GN04 11:47: NmF2=5.50e+11 m⁻³  hmF2=284.4 km
    [Abel] GN05 12:43: NmF2=7.88e+11 m⁻³  hmF2=269.8 km
    [Abel] GN05 12:42: NmF2=4.26e+11 m⁻³  hmF2=329.1 km
    [Abel] GN05 12:44: NmF2=7.89e+11 m⁻³  hmF2=279.9 km
    [Abel] GN05 12:46: NmF2=9.16e+11 m⁻³  hmF2=290.0 km
    [Abel] GN05 12:50: NmF2=1.26e+12 m⁻³  hmF2=270.2 km
    [Abel] GN05 12:46: NmF2=6.96e+11 m⁻³  hmF2=284.5 km
    [Abel] GN05 12:48: NmF2=6.76e+11 m⁻³  hmF2=279.4 km
    [Abel] GN05 12:50: NmF2=1.19e+12 m⁻³  hmF2=281.6 km
    [Abel] GN05 12:47: NmF2=7.89e+11 m⁻³  hmF2=284.8 km
    [Abel] GN05 12:32: NmF2=5.13e+11 m⁻³  hmF2=287.9 km
    [Abel] GN05 12:33: NmF2=5.32e+11 m⁻³  hmF2=324.2 km
    [Abel] GN05 12:35: NmF2=7.75e+11 m⁻³  hmF2=272.4 km
    [Abel] GN05 12:38: NmF2=9.55e+11 m⁻³  hmF2=275.6 km
    [Abel] GN05 12:40: NmF2=7.72e+11 m⁻³  hmF2=266.2 km
    [Abel] Skipped 67 ground-station arc(s) (RO-only technique)
/home/austinhunter/Downloads/PlanetiQ_Code/venv311/lib/python3.11/site-packages/shapely/creation.py:218: RuntimeWarning: invalid value encountered in linestrings
  return lib.linestrings(coords, np.intc(handle_nan), out=out, **kwargs)
◀◀◀ _run_or_load END   | 2025-09-26_1227 | bin=55  | ro_igs    | gridded_kf     : DONE       (150.2s) -> status=Success
▶▶▶ _run_or_load START | 2025-09-26_1227 | bin=55  | igs_only  | gridded_kf    
    [diag] 2025-09-26_1227 | bin=55  | igs_only  | gridded_kf     : RUNNING    (force=True, cached=False) ...
    [Info] Initialising information matrix (n_state=14245) …
    [Info] arcs ingested = 67/67  |  obs rows = 67  |  Λ cond ≈ 3.61e+23
    [Info] Solving …
    [Prior] innovation  mean=17.07  std=25.27  n_obs=67
    [Post ] innovation  mean=10.83  std=19.70
    RMSE:  prior=30.496 TECU  →  post=22.481 TECU
◀◀◀ _run_or_load END   | 2025-09-26_1227 | bin=55  | igs_only  | gridded_kf     : DONE       (99.5s) -> status=ok (no 'status' key)
▶▶▶ _run_or_load START | 2025-09-26_1227 | bin=55  | ro_only   | parametric_ekf
    [diag] 2025-09-26_1227 | bin=55  | ro_only   | parametric_ekf : RUNNING    (force=True, cached=False) ...
  [EKF] Building IRI state at 143 grid points (batch call) …
  [EnKF] Estimating background covariance from 50 EDP samples x 143 grid points ...
  [EnKF] Parameter sigma: log10(NmF2)=0.15  hmF2=20  H0=18.7  gamma=0.16  B0=20  B1=0.3  log10(NmE)=0.2  hmE=8
  [EnKF] Spatial corr (Ne-space KF method): mean=0.932  max=1.000  min=0.693
  [EKF] Running EKF_Param on 18 arc(s) …
  [EKF] 18 arcs  |  2963 profile rays  |  1495 update rays  |  n_state = 1144
  [EKF] Prior innovations  mean=12.83  std=40.33  max_abs=174.25 TECU
  [EKF] iterating [analytical]:   0%|          | 0/20 [00:00<?, ?it/s]  [EKF] iterating [analytical]:   0%|          | 0/20 [00:03<?, ?it/s, RMSE=42.319TECU, rel_dP=1.10e-01]  [EKF] iterating [analytical]:   5%|5         | 1/20 [00:03<01:06,  3.49s/it, RMSE=42.319TECU, rel_dP=1.10e-01]  [EKF] iterating [analytical]:   5%|5         | 1/20 [00:07<01:06,  3.49s/it, RMSE=17.239TECU, rel_dP=2.75e-02]  [EKF] iterating [analytical]:  10%|#         | 2/20 [00:07<01:03,  3.51s/it, RMSE=17.239TECU, rel_dP=2.75e-02]  [EKF] iterating [analytical]:  10%|#         | 2/20 [00:10<01:03,  3.51s/it, RMSE=13.314TECU, rel_dP=2.63e-02]  [EKF] iterating [analytical]:  15%|#5        | 3/20 [00:10<01:00,  3.58s/it, RMSE=13.314TECU, rel_dP=2.63e-02]  [EKF] iterating [analytical]:  15%|#5        | 3/20 [00:14<01:00,  3.58s/it, RMSE=11.747TECU, rel_dP=2.25e-02]  [EKF] iterating [analytical]:  20%|##        | 4/20 [00:14<00:57,  3.56s/it, RMSE=11.747TECU, rel_dP=2.25e-02]  [EKF] iterating [analytical]:  20%|##        | 4/20 [00:17<00:57,  3.56s/it, RMSE=10.959TECU, rel_dP=1.96e-02]  [EKF] iterating [analytical]:  25%|##5       | 5/20 [00:17<00:53,  3.56s/it, RMSE=10.959TECU, rel_dP=1.96e-02]  [EKF] iterating [analytical]:  25%|##5       | 5/20 [00:21<00:53,  3.56s/it, RMSE=10.765TECU, rel_dP=1.67e-02]  [EKF] iterating [analytical]:  30%|###       | 6/20 [00:21<00:49,  3.53s/it, RMSE=10.765TECU, rel_dP=1.67e-02]  [EKF] iterating [analytical]:  30%|###       | 6/20 [00:24<00:49,  3.53s/it, RMSE=11.031TECU, rel_dP=1.60e-02]  [EKF] iterating [analytical]:  35%|###5      | 7/20 [00:24<00:45,  3.53s/it, RMSE=11.031TECU, rel_dP=1.60e-02]  [EKF] iterating [analytical]:  35%|###5      | 7/20 [00:28<00:45,  3.53s/it, RMSE=12.226TECU, rel_dP=1.85e-02]  [EKF] iterating [analytical]:  40%|####      | 8/20 [00:28<00:42,  3.54s/it, RMSE=12.226TECU, rel_dP=1.85e-02]  [EKF] iterating [analytical]:  40%|####      | 8/20 [00:31<00:42,  3.54s/it, RMSE=14.703TECU, rel_dP=2.27e-02]  [EKF] iterating [analytical]:  45%|####5     | 9/20 [00:31<00:38,  3.54s/it, RMSE=14.703TECU, rel_dP=2.27e-02]  [EKF] iterating [analytical]:  45%|####5     | 9/20 [00:35<00:38,  3.54s/it, RMSE=18.155TECU, rel_dP=2.53e-02]  [EKF] iterating [analytical]:  50%|#####     | 10/20 [00:35<00:35,  3.52s/it, RMSE=18.155TECU, rel_dP=2.53e-02]  [EKF] iterating [analytical]:  50%|#####     | 10/20 [00:38<00:35,  3.52s/it, RMSE=21.418TECU, rel_dP=2.94e-02]  [EKF] iterating [analytical]:  55%|#####5    | 11/20 [00:38<00:31,  3.52s/it, RMSE=21.418TECU, rel_dP=2.94e-02]  [EKF] iterating [analytical]:  55%|#####5    | 11/20 [00:42<00:31,  3.52s/it, RMSE=25.793TECU, rel_dP=3.21e-02]  [EKF] iterating [analytical]:  60%|######    | 12/20 [00:42<00:28,  3.51s/it, RMSE=25.793TECU, rel_dP=3.21e-02]  [EKF] iterating [analytical]:  60%|######    | 12/20 [00:45<00:28,  3.51s/it, RMSE=29.319TECU, rel_dP=3.55e-02]  [EKF] iterating [analytical]:  65%|######5   | 13/20 [00:45<00:24,  3.51s/it, RMSE=29.319TECU, rel_dP=3.55e-02]  [EKF] iterating [analytical]:  65%|######5   | 13/20 [00:49<00:24,  3.51s/it, RMSE=30.479TECU, rel_dP=3.71e-02]  [EKF] iterating [analytical]:  70%|#######   | 14/20 [00:49<00:21,  3.51s/it, RMSE=30.479TECU, rel_dP=3.71e-02]  [EKF] iterating [analytical]:  70%|#######   | 14/20 [00:52<00:21,  3.51s/it, RMSE=31.800TECU, rel_dP=3.93e-02]  [EKF] iterating [analytical]:  75%|#######5  | 15/20 [00:52<00:17,  3.52s/it, RMSE=31.800TECU, rel_dP=3.93e-02]  [EKF] iterating [analytical]:  75%|#######5  | 15/20 [00:56<00:17,  3.52s/it, RMSE=33.944TECU, rel_dP=4.48e-02]  [EKF] iterating [analytical]:  80%|########  | 16/20 [00:56<00:14,  3.53s/it, RMSE=33.944TECU, rel_dP=4.48e-02]  [EKF] iterating [analytical]:  80%|########  | 16/20 [00:59<00:14,  3.53s/it, RMSE=36.195TECU, rel_dP=4.95e-02]  [EKF] iterating [analytical]:  85%|########5 | 17/20 [00:59<00:10,  3.51s/it, RMSE=36.195TECU, rel_dP=4.95e-02]  [EKF] iterating [analytical]:  85%|########5 | 17/20 [01:03<00:10,  3.51s/it, RMSE=36.684TECU, rel_dP=5.58e-02]  [EKF] iterating [analytical]:  90%|######### | 18/20 [01:03<00:06,  3.50s/it, RMSE=36.684TECU, rel_dP=5.58e-02]  [EKF] iterating [analytical]:  90%|######### | 18/20 [01:06<00:06,  3.50s/it, RMSE=36.032TECU, rel_dP=5.86e-02]  [EKF] iterating [analytical]:  95%|#########5| 19/20 [01:06<00:03,  3.49s/it, RMSE=36.032TECU, rel_dP=5.86e-02]  [EKF] iterating [analytical]:  95%|#########5| 19/20 [01:10<00:03,  3.49s/it, RMSE=34.121TECU, rel_dP=6.15e-02]  [EKF] iterating [analytical]: 100%|##########| 20/20 [01:10<00:00,  3.49s/it, RMSE=34.121TECU, rel_dP=6.15e-02]                                                                                                                   [EKF] Reached max_iter=20 without convergence  (final ||ΔP||/||P|| = 6.15e-02)
  [EKF] Posterior innovations  mean=-13.51  std=28.39  max_abs=146.32 TECU
  [EKF] Prior RMSE 42.448 TECU  →  Post RMSE 31.450 TECU
  Saved EKF convergence plot → /home/austinhunter/IonosphereTomography/Figures/ISR_DA_Comparison/OUTPUT/2025-09-26_1227/bin_55/ro_only/2025-09-26_1227_ro_only_ekf_convergence.png
◀◀◀ _run_or_load END   | 2025-09-26_1227 | bin=55  | ro_only   | parametric_ekf : DONE       (101.8s) -> status=Success
▶▶▶ _run_or_load START | 2025-09-26_1227 | bin=55  | ro_igs    | parametric_ekf
    [diag] 2025-09-26_1227 | bin=55  | ro_igs    | parametric_ekf : RUNNING    (force=True, cached=False) ...
  [EKF] Building IRI state at 143 grid points (batch call) …
  [EnKF] Estimating background covariance from 50 EDP samples x 143 grid points ...
  [EnKF] Parameter sigma: log10(NmF2)=0.15  hmF2=20  H0=18.7  gamma=0.16  B0=20  B1=0.3  log10(NmE)=0.2  hmE=8
  [EnKF] Spatial corr (Ne-space KF method): mean=0.932  max=1.000  min=0.693
  [EKF] Running EKF_Param on 85 arc(s) …
  [EKF] 85 arcs  |  3030 profile rays  |  1562 update rays  |  n_state = 1144
  [EKF] Prior innovations  mean=-24.75  std=40.13  max_abs=143.33 TECU
  [EKF] iterating [analytical]:   0%|          | 0/20 [00:00<?, ?it/s]  [EKF] iterating [analytical]:   0%|          | 0/20 [00:03<?, ?it/s, RMSE=47.151TECU, rel_dP=1.38e-01]  [EKF] iterating [analytical]:   5%|5         | 1/20 [00:03<01:09,  3.65s/it, RMSE=47.151TECU, rel_dP=1.38e-01]  [EKF] iterating [analytical]:   5%|5         | 1/20 [00:07<01:09,  3.65s/it, RMSE=24.911TECU, rel_dP=4.62e-02]  [EKF] iterating [analytical]:  10%|#         | 2/20 [00:07<01:05,  3.66s/it, RMSE=24.911TECU, rel_dP=4.62e-02]  [EKF] iterating [analytical]:  10%|#         | 2/20 [00:11<01:05,  3.66s/it, RMSE=16.272TECU, rel_dP=1.87e-02]  [EKF] iterating [analytical]:  15%|#5        | 3/20 [00:11<01:02,  3.69s/it, RMSE=16.272TECU, rel_dP=1.87e-02]  [EKF] iterating [analytical]:  15%|#5        | 3/20 [00:14<01:02,  3.69s/it, RMSE=13.700TECU, rel_dP=1.81e-02]  [EKF] iterating [analytical]:  20%|##        | 4/20 [00:14<00:59,  3.70s/it, RMSE=13.700TECU, rel_dP=1.81e-02]  [EKF] iterating [analytical]:  20%|##        | 4/20 [00:18<00:59,  3.70s/it, RMSE=12.722TECU, rel_dP=1.55e-02]  [EKF] iterating [analytical]:  25%|##5       | 5/20 [00:18<00:54,  3.66s/it, RMSE=12.722TECU, rel_dP=1.55e-02]  [EKF] iterating [analytical]:  25%|##5       | 5/20 [00:21<00:54,  3.66s/it, RMSE=12.218TECU, rel_dP=1.35e-02]  [EKF] iterating [analytical]:  30%|###       | 6/20 [00:21<00:51,  3.64s/it, RMSE=12.218TECU, rel_dP=1.35e-02]  [EKF] iterating [analytical]:  30%|###       | 6/20 [00:25<00:51,  3.64s/it, RMSE=12.055TECU, rel_dP=1.40e-02]  [EKF] iterating [analytical]:  35%|###5      | 7/20 [00:25<00:47,  3.64s/it, RMSE=12.055TECU, rel_dP=1.40e-02]  [EKF] iterating [analytical]:  35%|###5      | 7/20 [00:29<00:47,  3.64s/it, RMSE=12.062TECU, rel_dP=1.36e-02]  [EKF] iterating [analytical]:  40%|####      | 8/20 [00:29<00:43,  3.62s/it, RMSE=12.062TECU, rel_dP=1.36e-02]  [EKF] iterating [analytical]:  40%|####      | 8/20 [00:32<00:43,  3.62s/it, RMSE=12.452TECU, rel_dP=1.32e-02]  [EKF] iterating [analytical]:  45%|####5     | 9/20 [00:32<00:40,  3.66s/it, RMSE=12.452TECU, rel_dP=1.32e-02]  [EKF] iterating [analytical]:  45%|####5     | 9/20 [00:36<00:40,  3.66s/it, RMSE=13.605TECU, rel_dP=1.69e-02]  [EKF] iterating [analytical]:  50%|#####     | 10/20 [00:36<00:36,  3.66s/it, RMSE=13.605TECU, rel_dP=1.69e-02]  [EKF] iterating [analytical]:  50%|#####     | 10/20 [00:40<00:36,  3.66s/it, RMSE=15.310TECU, rel_dP=2.10e-02]  [EKF] iterating [analytical]:  55%|#####5    | 11/20 [00:40<00:32,  3.65s/it, RMSE=15.310TECU, rel_dP=2.10e-02]  [EKF] iterating [analytical]:  55%|#####5    | 11/20 [00:43<00:32,  3.65s/it, RMSE=17.237TECU, rel_dP=2.09e-02]  [EKF] iterating [analytical]:  60%|######    | 12/20 [00:43<00:29,  3.64s/it, RMSE=17.237TECU, rel_dP=2.09e-02]  [EKF] iterating [analytical]:  60%|######    | 12/20 [00:47<00:29,  3.64s/it, RMSE=20.270TECU, rel_dP=2.46e-02]  [EKF] iterating [analytical]:  65%|######5   | 13/20 [00:47<00:25,  3.67s/it, RMSE=20.270TECU, rel_dP=2.46e-02]  [EKF] iterating [analytical]:  65%|######5   | 13/20 [00:51<00:25,  3.67s/it, RMSE=24.311TECU, rel_dP=3.01e-02]  [EKF] iterating [analytical]:  70%|#######   | 14/20 [00:51<00:22,  3.68s/it, RMSE=24.311TECU, rel_dP=3.01e-02]  [EKF] iterating [analytical]:  70%|#######   | 14/20 [00:54<00:22,  3.68s/it, RMSE=29.776TECU, rel_dP=3.44e-02]  [EKF] iterating [analytical]:  75%|#######5  | 15/20 [00:54<00:18,  3.68s/it, RMSE=29.776TECU, rel_dP=3.44e-02]  [EKF] iterating [analytical]:  75%|#######5  | 15/20 [00:58<00:18,  3.68s/it, RMSE=35.183TECU, rel_dP=3.69e-02]  [EKF] iterating [analytical]:  80%|########  | 16/20 [00:58<00:14,  3.67s/it, RMSE=35.183TECU, rel_dP=3.69e-02]  [EKF] iterating [analytical]:  80%|########  | 16/20 [01:02<00:14,  3.67s/it, RMSE=36.931TECU, rel_dP=4.12e-02]  [EKF] iterating [analytical]:  85%|########5 | 17/20 [01:02<00:10,  3.67s/it, RMSE=36.931TECU, rel_dP=4.12e-02]  [EKF] iterating [analytical]:  85%|########5 | 17/20 [01:05<00:10,  3.67s/it, RMSE=37.775TECU, rel_dP=4.26e-02]  [EKF] iterating [analytical]:  90%|######### | 18/20 [01:05<00:07,  3.66s/it, RMSE=37.775TECU, rel_dP=4.26e-02]  [EKF] iterating [analytical]:  90%|######### | 18/20 [01:09<00:07,  3.66s/it, RMSE=38.146TECU, rel_dP=4.50e-02]  [EKF] iterating [analytical]:  95%|#########5| 19/20 [01:09<00:03,  3.64s/it, RMSE=38.146TECU, rel_dP=4.50e-02]  [EKF] iterating [analytical]:  95%|#########5| 19/20 [01:13<00:03,  3.64s/it, RMSE=37.957TECU, rel_dP=4.68e-02]  [EKF] iterating [analytical]: 100%|##########| 20/20 [01:13<00:00,  3.63s/it, RMSE=37.957TECU, rel_dP=4.68e-02]                                                                                                                   [EKF] Reached max_iter=20 without convergence  (final ||ΔP||/||P|| = 4.68e-02)
  [EKF] Posterior innovations  mean=-11.48  std=35.82  max_abs=222.64 TECU
  [EKF] Prior RMSE 47.662 TECU  →  Post RMSE 37.766 TECU
  Saved EKF convergence plot → /home/austinhunter/IonosphereTomography/Figures/ISR_DA_Comparison/OUTPUT/2025-09-26_1227/bin_55/ro_igs/2025-09-26_1227_ro_igs_ekf_convergence.png
◀◀◀ _run_or_load END   | 2025-09-26_1227 | bin=55  | ro_igs    | parametric_ekf : DONE       (105.0s) -> status=Success
▶▶▶ _run_or_load START | 2025-09-26_1227 | bin=55  | igs_only  | parametric_ekf
    [diag] 2025-09-26_1227 | bin=55  | igs_only  | parametric_ekf : RUNNING    (force=True, cached=False) ...
  [EKF] Building IRI state at 259 grid points (batch call) …
  [EnKF] Estimating background covariance from 500 EDP samples x 259 grid points ...
  [EnKF] Parameter sigma: log10(NmF2)=0.15  hmF2=20  H0=19.1  gamma=0.193  B0=20  B1=0.3  log10(NmE)=0.2  hmE=8
  [EnKF] Spatial corr (Ne-space KF method): mean=0.930  max=1.000  min=0.666
  [EKF] Running EKF_Param on 67 arc(s) …
  [EKF] 67 arcs  |  67 profile rays  |  67 update rays  |  n_state = 2072
  [EKF] Prior innovations  mean=13.92  std=26.13  max_abs=57.12 TECU
  [EKF] iterating [analytical]:   0%|          | 0/20 [00:00<?, ?it/s]  [EKF] iterating [analytical]:   0%|          | 0/20 [00:00<?, ?it/s, RMSE=29.610TECU, rel_dP=5.30e-02]  [EKF] iterating [analytical]:   5%|5         | 1/20 [00:00<00:03,  5.52it/s, RMSE=29.610TECU, rel_dP=5.30e-02]  [EKF] iterating [analytical]:   5%|5         | 1/20 [00:00<00:03,  5.52it/s, RMSE=28.051TECU, rel_dP=3.10e-02]  [EKF] iterating [analytical]:  10%|#         | 2/20 [00:00<00:03,  4.54it/s, RMSE=28.051TECU, rel_dP=3.10e-02]  [EKF] iterating [analytical]:  10%|#         | 2/20 [00:00<00:03,  4.54it/s, RMSE=26.546TECU, rel_dP=2.08e-02]  [EKF] iterating [analytical]:  15%|#5        | 3/20 [00:00<00:03,  4.32it/s, RMSE=26.546TECU, rel_dP=2.08e-02]  [EKF] iterating [analytical]:  15%|#5        | 3/20 [00:00<00:03,  4.32it/s, RMSE=25.831TECU, rel_dP=1.51e-02]  [EKF] iterating [analytical]:  20%|##        | 4/20 [00:00<00:03,  4.29it/s, RMSE=25.831TECU, rel_dP=1.51e-02]  [EKF] iterating [analytical]:  20%|##        | 4/20 [00:01<00:03,  4.29it/s, RMSE=25.534TECU, rel_dP=1.39e-02]  [EKF] iterating [analytical]:  25%|##5       | 5/20 [00:01<00:03,  4.17it/s, RMSE=25.534TECU, rel_dP=1.39e-02]  [EKF] iterating [analytical]:  25%|##5       | 5/20 [00:01<00:03,  4.17it/s, RMSE=25.375TECU, rel_dP=1.29e-02]  [EKF] iterating [analytical]:  30%|###       | 6/20 [00:01<00:03,  4.26it/s, RMSE=25.375TECU, rel_dP=1.29e-02]  [EKF] iterating [analytical]:  30%|###       | 6/20 [00:01<00:03,  4.26it/s, RMSE=25.263TECU, rel_dP=1.18e-02]  [EKF] iterating [analytical]:  35%|###5      | 7/20 [00:01<00:03,  4.33it/s, RMSE=25.263TECU, rel_dP=1.18e-02]  [EKF] iterating [analytical]:  35%|###5      | 7/20 [00:01<00:03,  4.33it/s, RMSE=25.169TECU, rel_dP=1.33e-02]  [EKF] iterating [analytical]:  40%|####      | 8/20 [00:01<00:02,  4.37it/s, RMSE=25.169TECU, rel_dP=1.33e-02]  [EKF] iterating [analytical]:  40%|####      | 8/20 [00:02<00:02,  4.37it/s, RMSE=25.081TECU, rel_dP=1.25e-02]  [EKF] iterating [analytical]:  45%|####5     | 9/20 [00:02<00:02,  4.42it/s, RMSE=25.081TECU, rel_dP=1.25e-02]  [EKF] iterating [analytical]:  45%|####5     | 9/20 [00:02<00:02,  4.42it/s, RMSE=24.998TECU, rel_dP=1.23e-02]  [EKF] iterating [analytical]:  50%|#####     | 10/20 [00:02<00:02,  4.44it/s, RMSE=24.998TECU, rel_dP=1.23e-02]  [EKF] iterating [analytical]:  50%|#####     | 10/20 [00:02<00:02,  4.44it/s, RMSE=24.916TECU, rel_dP=1.36e-02]  [EKF] iterating [analytical]:  55%|#####5    | 11/20 [00:02<00:02,  4.37it/s, RMSE=24.916TECU, rel_dP=1.36e-02]  [EKF] iterating [analytical]:  55%|#####5    | 11/20 [00:02<00:02,  4.37it/s, RMSE=24.833TECU, rel_dP=1.47e-02]  [EKF] iterating [analytical]:  60%|######    | 12/20 [00:02<00:01,  4.40it/s, RMSE=24.833TECU, rel_dP=1.47e-02]  [EKF] iterating [analytical]:  60%|######    | 12/20 [00:02<00:01,  4.40it/s, RMSE=24.748TECU, rel_dP=1.50e-02]  [EKF] iterating [analytical]:  65%|######5   | 13/20 [00:02<00:01,  4.37it/s, RMSE=24.748TECU, rel_dP=1.50e-02]  [EKF] iterating [analytical]:  65%|######5   | 13/20 [00:03<00:01,  4.37it/s, RMSE=24.660TECU, rel_dP=1.47e-02]  [EKF] iterating [analytical]:  70%|#######   | 14/20 [00:03<00:01,  4.37it/s, RMSE=24.660TECU, rel_dP=1.47e-02]  [EKF] iterating [analytical]:  70%|#######   | 14/20 [00:03<00:01,  4.37it/s, RMSE=24.569TECU, rel_dP=1.49e-02]  [EKF] iterating [analytical]:  75%|#######5  | 15/20 [00:03<00:01,  4.41it/s, RMSE=24.569TECU, rel_dP=1.49e-02]  [EKF] iterating [analytical]:  75%|#######5  | 15/20 [00:03<00:01,  4.41it/s, RMSE=24.470TECU, rel_dP=1.63e-02]  [EKF] iterating [analytical]:  80%|########  | 16/20 [00:03<00:00,  4.29it/s, RMSE=24.470TECU, rel_dP=1.63e-02]  [EKF] iterating [analytical]:  80%|########  | 16/20 [00:03<00:00,  4.29it/s, RMSE=24.353TECU, rel_dP=1.94e-02]  [EKF] iterating [analytical]:  85%|########5 | 17/20 [00:03<00:00,  4.31it/s, RMSE=24.353TECU, rel_dP=1.94e-02]  [EKF] iterating [analytical]:  85%|########5 | 17/20 [00:04<00:00,  4.31it/s, RMSE=24.222TECU, rel_dP=2.22e-02]  [EKF] iterating [analytical]:  90%|######### | 18/20 [00:04<00:00,  4.25it/s, RMSE=24.222TECU, rel_dP=2.22e-02]  [EKF] iterating [analytical]:  90%|######### | 18/20 [00:04<00:00,  4.25it/s, RMSE=24.103TECU, rel_dP=2.53e-02]  [EKF] iterating [analytical]:  95%|#########5| 19/20 [00:04<00:00,  4.16it/s, RMSE=24.103TECU, rel_dP=2.53e-02]  [EKF] iterating [analytical]:  95%|#########5| 19/20 [00:04<00:00,  4.16it/s, RMSE=23.902TECU, rel_dP=3.02e-02]  [EKF] iterating [analytical]: 100%|##########| 20/20 [00:04<00:00,  4.23it/s, RMSE=23.902TECU, rel_dP=3.02e-02]                                                                                                                   [EKF] Reached max_iter=20 without convergence  (final ||ΔP||/||P|| = 3.02e-02)
  [EKF] Posterior innovations  mean=1.43  std=23.69  max_abs=58.55 TECU
  [EKF] Prior RMSE 29.610 TECU  →  Post RMSE 23.735 TECU
  Saved EKF convergence plot → /home/austinhunter/IonosphereTomography/Figures/ISR_DA_Comparison/OUTPUT/2025-09-26_1227/bin_55/igs_only/2025-09-26_1227_igs_only_ekf_convergence.png
◀◀◀ _run_or_load END   | 2025-09-26_1227 | bin=55  | igs_only  | parametric_ekf : DONE       (488.1s) -> status=ok (no 'status' key)
  [diag] 2025-09-26_1227 | bin=55 : summary of 6 obs_mode/filter_type combos
           ro_only   | gridded_kf     -> Success
           ro_only   | parametric_ekf -> Success
           ro_igs    | gridded_kf     -> Success
           ro_igs    | parametric_ekf -> Success
           igs_only  | gridded_kf     -> ok (no 'status' key)
           igs_only  | parametric_ekf -> ok (no 'status' key)

▶▶▶ compute_isr_metrics START | group=2025-09-26_1227 bin=55
◀◀◀ compute_isr_metrics END   | group=2025-09-26_1227 bin=55 -> 0 metric row(s)

▶▶▶ _plot_group_all_modes START | group=2025-09-26_1227
  [diag] 2025-09-26_1227/ro_igs/gridded_kf: arc-innovation panels thinned to 18 RO + 20/67 representative IGS arcs (of 85 total)
  [diag] 2025-09-26_1227/ro_igs/parametric_ekf: arc-innovation panels thinned to 18 RO + 20/67 representative IGS arcs (of 85 total)
  [diag] 2025-09-26_1227/igs_only/gridded_kf: arc-innovation panels thinned to 0 RO + 20/67 representative IGS arcs (of 67 total)
  [diag] 2025-09-26_1227/igs_only/parametric_ekf: arc-innovation panels thinned to 0 RO + 20/67 representative IGS arcs (of 67 total)
/home/austinhunter/Downloads/PlanetiQ_Code/venv311/lib/python3.11/site-packages/shapely/creation.py:218: RuntimeWarning: invalid value encountered in linestrings
  return lib.linestrings(coords, np.intc(handle_nan), out=out, **kwargs)
/home/austinhunter/IonosphereTomography/plotIonosphereTomography.py:3634: UserWarning: This figure includes Axes that are not compatible with tight_layout, so results might be incorrect.
  plt.tight_layout(rect=[0, 0, 1, 0.98])
/home/austinhunter/IonosphereTomography/plotIonosphereTomography.py:3634: UserWarning: This figure includes Axes that are not compatible with tight_layout, so results might be incorrect.
  plt.tight_layout(rect=[0, 0, 1, 0.98])
/home/austinhunter/IonosphereTomography/plotIonosphereTomography.py:3634: UserWarning: This figure includes Axes that are not compatible with tight_layout, so results might be incorrect.
  plt.tight_layout(rect=[0, 0, 1, 0.98])
◀◀◀ _plot_group_all_modes END   | group=2025-09-26_1227
▶▶▶ _run_or_load START | 2025-09-26_1227 | bin=45  | ro_only   | gridded_kf    
    [diag] 2025-09-26_1227 | bin=45  | ro_only   | gridded_kf     : RUNNING    (force=True, cached=False) ...

────────────────────────────────────────────────────────────
  Group : 2025-09-26_1227
  Window: 2025-09-26_1227  |  Region: POLAR_N  |  18 occultation(s)
────────────────────────────────────────────────────────────
  Parsed 18/18 files successfully.
    [podTc2] GN04 11:43 — 402 valid rays → decimated to 134 (stride 3)
    [podTc2] GN04 11:45 — 438 valid rays → decimated to 146 (stride 3)
    [podTc2] GN04 11:47 — 553 valid rays → decimated to 185 (stride 3)
    [podTc2] GN04 11:47 — 497 valid rays → decimated to 166 (stride 3)
    [podTc2] GN05 12:43 — 485 valid rays → decimated to 162 (stride 3)
    [podTc2] GN05 12:42 — 448 valid rays → decimated to 150 (stride 3)
    [podTc2] GN05 12:44 — 551 valid rays → decimated to 184 (stride 3)
    [podTc2] GN05 12:46 — 383 valid rays → decimated to 192 (stride 2)
    [podTc2] GN05 12:50 — 475 valid rays → decimated to 159 (stride 3)
    [podTc2] GN05 12:46 — 494 valid rays → decimated to 165 (stride 3)
    [podTc2] GN05 12:48 — 441 valid rays → decimated to 147 (stride 3)
    [podTc2] GN05 12:50 — 459 valid rays → decimated to 153 (stride 3)
    [podTc2] GN05 12:47 — 363 valid rays → decimated to 182 (stride 2)
    [podTc2] GN05 12:32 — 584 valid rays → decimated to 195 (stride 3)
    [podTc2] GN05 12:33 — 437 valid rays → decimated to 146 (stride 3)
    [podTc2] GN05 12:35 — 393 valid rays → decimated to 197 (stride 2)
    [podTc2] GN05 12:38 — 439 valid rays → decimated to 147 (stride 3)
    [podTc2] GN05 12:40 — 459 valid rays → decimated to 153 (stride 3)
  Bbox lat [30.7, 90.0]  lon [-180.0, 180.0]  |  union vertices: 143
  Final group: 18 occultation(s), 143 union-mesh vertices
  Saved trim diagnostic → /home/austinhunter/IonosphereTomography/Figures/ISR_DA_Comparison/OUTPUT/2025-09-26_1227/bin_45/ro_only/group_2025-09-26_1227_trim.png
  -> Building H matrices (2963 rays across 18 arc(s), single parallel sweep) …
  -> Building H matrices:    296/2963 rays ( 10.0%)
  -> Building H matrices:    592/2963 rays ( 20.0%)
  -> Building H matrices:    888/2963 rays ( 30.0%)
  -> Building H matrices:   1184/2963 rays ( 40.0%)
  -> Building H matrices:   1480/2963 rays ( 49.9%)
  -> Building H matrices:   1776/2963 rays ( 59.9%)
  -> Building H matrices:   2072/2963 rays ( 69.9%)
  -> Building H matrices:   2368/2963 rays ( 79.9%)
  -> Building H matrices:   2664/2963 rays ( 89.9%)
  -> Building H matrices:   2960/2963 rays ( 99.9%)
  -> Building H matrices:   2963/2963 rays (100.0%)
  Combined H shape : (2963, 8008)  (total rays = 2963)
  Skipping sequential KF assimilation (run_sequential=False).
  Running joint (batch) KF assimilation …
  Prior RMSE  : 27.323 TECU
  Post  RMSE  : 6.100 TECU
    [Abel] GN04 11:43: NmF2=4.69e+11 m⁻³  hmF2=390.6 km
    [Abel] GN04 11:45: NmF2=5.04e+11 m⁻³  hmF2=291.9 km
    [Abel] GN04 11:47: NmF2=6.86e+11 m⁻³  hmF2=300.7 km
    [Abel] GN04 11:47: NmF2=5.50e+11 m⁻³  hmF2=284.4 km
    [Abel] GN05 12:43: NmF2=7.88e+11 m⁻³  hmF2=269.8 km
    [Abel] GN05 12:42: NmF2=4.26e+11 m⁻³  hmF2=329.1 km
    [Abel] GN05 12:44: NmF2=7.89e+11 m⁻³  hmF2=279.9 km
    [Abel] GN05 12:46: NmF2=9.16e+11 m⁻³  hmF2=290.0 km
    [Abel] GN05 12:50: NmF2=1.26e+12 m⁻³  hmF2=270.2 km
    [Abel] GN05 12:46: NmF2=6.96e+11 m⁻³  hmF2=284.5 km
    [Abel] GN05 12:48: NmF2=6.76e+11 m⁻³  hmF2=279.4 km
    [Abel] GN05 12:50: NmF2=1.19e+12 m⁻³  hmF2=281.6 km
    [Abel] GN05 12:47: NmF2=7.89e+11 m⁻³  hmF2=284.8 km
    [Abel] GN05 12:32: NmF2=5.13e+11 m⁻³  hmF2=287.9 km
    [Abel] GN05 12:33: NmF2=5.32e+11 m⁻³  hmF2=324.2 km
    [Abel] GN05 12:35: NmF2=7.75e+11 m⁻³  hmF2=272.4 km
    [Abel] GN05 12:38: NmF2=9.55e+11 m⁻³  hmF2=275.6 km
    [Abel] GN05 12:40: NmF2=7.72e+11 m⁻³  hmF2=266.2 km
◀◀◀ _run_or_load END   | 2025-09-26_1227 | bin=45  | ro_only   | gridded_kf     : DONE       (154.6s) -> status=Success
▶▶▶ _run_or_load START | 2025-09-26_1227 | bin=45  | ro_igs    | gridded_kf    
    [diag] 2025-09-26_1227 | bin=45  | ro_igs    | gridded_kf     : RUNNING    (force=True, cached=False) ...

────────────────────────────────────────────────────────────
  Group : 2025-09-26_1227
  Window: 2025-09-26_1227  |  Region: POLAR_N  |  18 occultation(s)
────────────────────────────────────────────────────────────
  Parsed 18/18 files successfully.
    [podTc2] GN04 11:43 — 402 valid rays → decimated to 134 (stride 3)
    [podTc2] GN04 11:45 — 438 valid rays → decimated to 146 (stride 3)
    [podTc2] GN04 11:47 — 553 valid rays → decimated to 185 (stride 3)
    [podTc2] GN04 11:47 — 497 valid rays → decimated to 166 (stride 3)
    [podTc2] GN05 12:43 — 485 valid rays → decimated to 162 (stride 3)
    [podTc2] GN05 12:42 — 448 valid rays → decimated to 150 (stride 3)
    [podTc2] GN05 12:44 — 551 valid rays → decimated to 184 (stride 3)
    [podTc2] GN05 12:46 — 383 valid rays → decimated to 192 (stride 2)
    [podTc2] GN05 12:50 — 475 valid rays → decimated to 159 (stride 3)
    [podTc2] GN05 12:46 — 494 valid rays → decimated to 165 (stride 3)
    [podTc2] GN05 12:48 — 441 valid rays → decimated to 147 (stride 3)
    [podTc2] GN05 12:50 — 459 valid rays → decimated to 153 (stride 3)
    [podTc2] GN05 12:47 — 363 valid rays → decimated to 182 (stride 2)
    [podTc2] GN05 12:32 — 584 valid rays → decimated to 195 (stride 3)
    [podTc2] GN05 12:33 — 437 valid rays → decimated to 146 (stride 3)
    [podTc2] GN05 12:35 — 393 valid rays → decimated to 197 (stride 2)
    [podTc2] GN05 12:38 — 439 valid rays → decimated to 147 (stride 3)
    [podTc2] GN05 12:40 — 459 valid rays → decimated to 153 (stride 3)
  Bbox lat [30.7, 90.0]  lon [-180.0, 180.0]  |  union vertices: 143
  Final group: 18 occultation(s), 143 union-mesh vertices
  Saved trim diagnostic → /home/austinhunter/IonosphereTomography/Figures/ISR_DA_Comparison/OUTPUT/2025-09-26_1227/bin_45/ro_igs/group_2025-09-26_1227_trim.png
  [extra] Injected 67 ground-station arc(s) → total 85 arc(s) in assimilation pool
  -> Building H matrices (3030 rays across 85 arc(s), single parallel sweep) …
  -> Building H matrices:    303/3030 rays ( 10.0%)
  -> Building H matrices:    606/3030 rays ( 20.0%)
  -> Building H matrices:    909/3030 rays ( 30.0%)
  -> Building H matrices:   1212/3030 rays ( 40.0%)
  -> Building H matrices:   1515/3030 rays ( 50.0%)
  -> Building H matrices:   1818/3030 rays ( 60.0%)
  -> Building H matrices:   2121/3030 rays ( 70.0%)
  -> Building H matrices:   2424/3030 rays ( 80.0%)
  -> Building H matrices:   2727/3030 rays ( 90.0%)
  -> Building H matrices:   3030/3030 rays (100.0%)
  Combined H shape : (3030, 8008)  (total rays = 3030)
  Skipping sequential KF assimilation (run_sequential=False).
  Running joint (batch) KF assimilation …
  Prior RMSE  : 27.369 TECU
  Post  RMSE  : 7.091 TECU
    [Abel] GN04 11:43: NmF2=4.69e+11 m⁻³  hmF2=390.6 km
    [Abel] GN04 11:45: NmF2=5.04e+11 m⁻³  hmF2=291.9 km
    [Abel] GN04 11:47: NmF2=6.86e+11 m⁻³  hmF2=300.7 km
    [Abel] GN04 11:47: NmF2=5.50e+11 m⁻³  hmF2=284.4 km
    [Abel] GN05 12:43: NmF2=7.88e+11 m⁻³  hmF2=269.8 km
    [Abel] GN05 12:42: NmF2=4.26e+11 m⁻³  hmF2=329.1 km
    [Abel] GN05 12:44: NmF2=7.89e+11 m⁻³  hmF2=279.9 km
    [Abel] GN05 12:46: NmF2=9.16e+11 m⁻³  hmF2=290.0 km
    [Abel] GN05 12:50: NmF2=1.26e+12 m⁻³  hmF2=270.2 km
    [Abel] GN05 12:46: NmF2=6.96e+11 m⁻³  hmF2=284.5 km
    [Abel] GN05 12:48: NmF2=6.76e+11 m⁻³  hmF2=279.4 km
    [Abel] GN05 12:50: NmF2=1.19e+12 m⁻³  hmF2=281.6 km
    [Abel] GN05 12:47: NmF2=7.89e+11 m⁻³  hmF2=284.8 km
    [Abel] GN05 12:32: NmF2=5.13e+11 m⁻³  hmF2=287.9 km
    [Abel] GN05 12:33: NmF2=5.32e+11 m⁻³  hmF2=324.2 km
    [Abel] GN05 12:35: NmF2=7.75e+11 m⁻³  hmF2=272.4 km
    [Abel] GN05 12:38: NmF2=9.55e+11 m⁻³  hmF2=275.6 km
    [Abel] GN05 12:40: NmF2=7.72e+11 m⁻³  hmF2=266.2 km
    [Abel] Skipped 67 ground-station arc(s) (RO-only technique)
/home/austinhunter/Downloads/PlanetiQ_Code/venv311/lib/python3.11/site-packages/shapely/creation.py:218: RuntimeWarning: invalid value encountered in linestrings
  return lib.linestrings(coords, np.intc(handle_nan), out=out, **kwargs)
◀◀◀ _run_or_load END   | 2025-09-26_1227 | bin=45  | ro_igs    | gridded_kf     : DONE       (151.3s) -> status=Success
▶▶▶ _run_or_load START | 2025-09-26_1227 | bin=45  | igs_only  | gridded_kf    
    [diag] 2025-09-26_1227 | bin=45  | igs_only  | gridded_kf     : RUNNING    (force=True, cached=False) ...
    [Info] Initialising information matrix (n_state=14245) …
    [Info] arcs ingested = 67/67  |  obs rows = 67  |  Λ cond ≈ 3.61e+23
    [Info] Solving …
    [Prior] innovation  mean=17.07  std=25.27  n_obs=67
    [Post ] innovation  mean=10.83  std=19.70
    RMSE:  prior=30.496 TECU  →  post=22.481 TECU
◀◀◀ _run_or_load END   | 2025-09-26_1227 | bin=45  | igs_only  | gridded_kf     : DONE       (100.4s) -> status=ok (no 'status' key)
▶▶▶ _run_or_load START | 2025-09-26_1227 | bin=45  | ro_only   | parametric_ekf
    [diag] 2025-09-26_1227 | bin=45  | ro_only   | parametric_ekf : RUNNING    (force=True, cached=False) ...
  [EKF] Building IRI state at 143 grid points (batch call) …
  [EnKF] Estimating background covariance from 50 EDP samples x 143 grid points ...
  [EnKF] Parameter sigma: log10(NmF2)=0.15  hmF2=20  H0=18.7  gamma=0.16  B0=20  B1=0.3  log10(NmE)=0.2  hmE=8
  [EnKF] Spatial corr (Ne-space KF method): mean=0.932  max=1.000  min=0.693
  [EKF] Running EKF_Param on 18 arc(s) …
  [EKF] 18 arcs  |  2963 profile rays  |  1495 update rays  |  n_state = 1144
  [EKF] Prior innovations  mean=8.19  std=21.85  max_abs=110.22 TECU
  [EKF] iterating [analytical]:   0%|          | 0/20 [00:00<?, ?it/s]  [EKF] iterating [analytical]:   0%|          | 0/20 [00:03<?, ?it/s, RMSE=23.338TECU, rel_dP=8.82e-02]  [EKF] iterating [analytical]:   5%|5         | 1/20 [00:03<01:08,  3.58s/it, RMSE=23.338TECU, rel_dP=8.82e-02]  [EKF] iterating [analytical]:   5%|5         | 1/20 [00:07<01:08,  3.58s/it, RMSE=16.167TECU, rel_dP=4.14e-02]  [EKF] iterating [analytical]:  10%|#         | 2/20 [00:07<01:03,  3.55s/it, RMSE=16.167TECU, rel_dP=4.14e-02]  [EKF] iterating [analytical]:  10%|#         | 2/20 [00:10<01:03,  3.55s/it, RMSE=13.112TECU, rel_dP=2.99e-02]  [EKF] iterating [analytical]:  15%|#5        | 3/20 [00:10<00:59,  3.53s/it, RMSE=13.112TECU, rel_dP=2.99e-02]  [EKF] iterating [analytical]:  15%|#5        | 3/20 [00:14<00:59,  3.53s/it, RMSE=11.836TECU, rel_dP=2.44e-02]  [EKF] iterating [analytical]:  20%|##        | 4/20 [00:14<00:56,  3.50s/it, RMSE=11.836TECU, rel_dP=2.44e-02]  [EKF] iterating [analytical]:  20%|##        | 4/20 [00:17<00:56,  3.50s/it, RMSE=11.203TECU, rel_dP=2.36e-02]  [EKF] iterating [analytical]:  25%|##5       | 5/20 [00:17<00:52,  3.51s/it, RMSE=11.203TECU, rel_dP=2.36e-02]  [EKF] iterating [analytical]:  25%|##5       | 5/20 [00:21<00:52,  3.51s/it, RMSE=10.772TECU, rel_dP=2.37e-02]  [EKF] iterating [analytical]:  30%|###       | 6/20 [00:21<00:49,  3.51s/it, RMSE=10.772TECU, rel_dP=2.37e-02]  [EKF] iterating [analytical]:  30%|###       | 6/20 [00:24<00:49,  3.51s/it, RMSE=10.408TECU, rel_dP=2.11e-02]  [EKF] iterating [analytical]:  35%|###5      | 7/20 [00:24<00:45,  3.50s/it, RMSE=10.408TECU, rel_dP=2.11e-02]  [EKF] iterating [analytical]:  35%|###5      | 7/20 [00:28<00:45,  3.50s/it, RMSE=10.428TECU, rel_dP=1.89e-02]  [EKF] iterating [analytical]:  40%|####      | 8/20 [00:28<00:41,  3.49s/it, RMSE=10.428TECU, rel_dP=1.89e-02]  [EKF] iterating [analytical]:  40%|####      | 8/20 [00:31<00:41,  3.49s/it, RMSE=10.614TECU, rel_dP=1.69e-02]  [EKF] iterating [analytical]:  45%|####5     | 9/20 [00:31<00:38,  3.48s/it, RMSE=10.614TECU, rel_dP=1.69e-02]  [EKF] iterating [analytical]:  45%|####5     | 9/20 [00:35<00:38,  3.48s/it, RMSE=11.466TECU, rel_dP=1.74e-02]  [EKF] iterating [analytical]:  50%|#####     | 10/20 [00:35<00:34,  3.49s/it, RMSE=11.466TECU, rel_dP=1.74e-02]  [EKF] iterating [analytical]:  50%|#####     | 10/20 [00:38<00:34,  3.49s/it, RMSE=13.678TECU, rel_dP=2.03e-02]  [EKF] iterating [analytical]:  55%|#####5    | 11/20 [00:38<00:31,  3.50s/it, RMSE=13.678TECU, rel_dP=2.03e-02]  [EKF] iterating [analytical]:  55%|#####5    | 11/20 [00:42<00:31,  3.50s/it, RMSE=16.330TECU, rel_dP=2.27e-02]  [EKF] iterating [analytical]:  60%|######    | 12/20 [00:42<00:27,  3.49s/it, RMSE=16.330TECU, rel_dP=2.27e-02]  [EKF] iterating [analytical]:  60%|######    | 12/20 [00:45<00:27,  3.49s/it, RMSE=19.394TECU, rel_dP=2.84e-02]  [EKF] iterating [analytical]:  65%|######5   | 13/20 [00:45<00:24,  3.50s/it, RMSE=19.394TECU, rel_dP=2.84e-02]  [EKF] iterating [analytical]:  65%|######5   | 13/20 [00:49<00:24,  3.50s/it, RMSE=23.207TECU, rel_dP=3.01e-02]  [EKF] iterating [analytical]:  70%|#######   | 14/20 [00:49<00:21,  3.52s/it, RMSE=23.207TECU, rel_dP=3.01e-02]  [EKF] iterating [analytical]:  70%|#######   | 14/20 [00:52<00:21,  3.52s/it, RMSE=28.782TECU, rel_dP=3.38e-02]  [EKF] iterating [analytical]:  75%|#######5  | 15/20 [00:52<00:17,  3.51s/it, RMSE=28.782TECU, rel_dP=3.38e-02]  [EKF] iterating [analytical]:  75%|#######5  | 15/20 [00:56<00:17,  3.51s/it, RMSE=34.167TECU, rel_dP=3.87e-02]  [EKF] iterating [analytical]:  80%|########  | 16/20 [00:56<00:14,  3.50s/it, RMSE=34.167TECU, rel_dP=3.87e-02]  [EKF] iterating [analytical]:  80%|########  | 16/20 [00:59<00:14,  3.50s/it, RMSE=38.831TECU, rel_dP=4.18e-02]  [EKF] iterating [analytical]:  85%|########5 | 17/20 [00:59<00:10,  3.52s/it, RMSE=38.831TECU, rel_dP=4.18e-02]  [EKF] iterating [analytical]:  85%|########5 | 17/20 [01:03<00:10,  3.52s/it, RMSE=40.153TECU, rel_dP=4.71e-02]  [EKF] iterating [analytical]:  90%|######### | 18/20 [01:03<00:07,  3.50s/it, RMSE=40.153TECU, rel_dP=4.71e-02]  [EKF] iterating [analytical]:  90%|######### | 18/20 [01:06<00:07,  3.50s/it, RMSE=41.238TECU, rel_dP=5.39e-02]  [EKF] iterating [analytical]:  95%|#########5| 19/20 [01:06<00:03,  3.50s/it, RMSE=41.238TECU, rel_dP=5.39e-02]  [EKF] iterating [analytical]:  95%|#########5| 19/20 [01:10<00:03,  3.50s/it, RMSE=42.098TECU, rel_dP=5.31e-02]  [EKF] iterating [analytical]: 100%|##########| 20/20 [01:10<00:00,  3.50s/it, RMSE=42.098TECU, rel_dP=5.31e-02]                                                                                                                   [EKF] Reached max_iter=20 without convergence  (final ||ΔP||/||P|| = 5.31e-02)
  [EKF] Posterior innovations  mean=-13.97  std=38.71  max_abs=244.51 TECU
  [EKF] Prior RMSE 23.350 TECU  →  Post RMSE 41.177 TECU
  Saved EKF convergence plot → /home/austinhunter/IonosphereTomography/Figures/ISR_DA_Comparison/OUTPUT/2025-09-26_1227/bin_45/ro_only/2025-09-26_1227_ro_only_ekf_convergence.png
◀◀◀ _run_or_load END   | 2025-09-26_1227 | bin=45  | ro_only   | parametric_ekf : DONE       (103.1s) -> status=Success
▶▶▶ _run_or_load START | 2025-09-26_1227 | bin=45  | ro_igs    | parametric_ekf
    [diag] 2025-09-26_1227 | bin=45  | ro_igs    | parametric_ekf : RUNNING    (force=True, cached=False) ...
  [EKF] Building IRI state at 143 grid points (batch call) …
  [EnKF] Estimating background covariance from 50 EDP samples x 143 grid points ...
  [EnKF] Parameter sigma: log10(NmF2)=0.15  hmF2=20  H0=18.7  gamma=0.16  B0=20  B1=0.3  log10(NmE)=0.2  hmE=8
  [EnKF] Spatial corr (Ne-space KF method): mean=0.932  max=1.000  min=0.693
  [EKF] Running EKF_Param on 85 arc(s) …
  [EKF] 85 arcs  |  3030 profile rays  |  1562 update rays  |  n_state = 1144
  [EKF] Prior innovations  mean=-56.81  std=37.25  max_abs=147.08 TECU
  [EKF] iterating [analytical]:   0%|          | 0/20 [00:00<?, ?it/s]  [EKF] iterating [analytical]:   0%|          | 0/20 [00:03<?, ?it/s, RMSE=67.933TECU, rel_dP=5.22e-02]  [EKF] iterating [analytical]:   5%|5         | 1/20 [00:03<01:11,  3.79s/it, RMSE=67.933TECU, rel_dP=5.22e-02]  [EKF] iterating [analytical]:   5%|5         | 1/20 [00:07<01:11,  3.79s/it, RMSE=37.897TECU, rel_dP=4.21e-02]  [EKF] iterating [analytical]:  10%|#         | 2/20 [00:07<01:07,  3.76s/it, RMSE=37.897TECU, rel_dP=4.21e-02]  [EKF] iterating [analytical]:  10%|#         | 2/20 [00:11<01:07,  3.76s/it, RMSE=22.131TECU, rel_dP=3.28e-02]  [EKF] iterating [analytical]:  15%|#5        | 3/20 [00:11<01:03,  3.72s/it, RMSE=22.131TECU, rel_dP=3.28e-02]  [EKF] iterating [analytical]:  15%|#5        | 3/20 [00:14<01:03,  3.72s/it, RMSE=15.200TECU, rel_dP=2.55e-02]  [EKF] iterating [analytical]:  20%|##        | 4/20 [00:14<00:59,  3.71s/it, RMSE=15.200TECU, rel_dP=2.55e-02]  [EKF] iterating [analytical]:  20%|##        | 4/20 [00:18<00:59,  3.71s/it, RMSE=13.065TECU, rel_dP=1.42e-02]  [EKF] iterating [analytical]:  25%|##5       | 5/20 [00:18<00:55,  3.70s/it, RMSE=13.065TECU, rel_dP=1.42e-02]  [EKF] iterating [analytical]:  25%|##5       | 5/20 [00:22<00:55,  3.70s/it, RMSE=13.096TECU, rel_dP=1.72e-02]  [EKF] iterating [analytical]:  30%|###       | 6/20 [00:22<00:51,  3.67s/it, RMSE=13.096TECU, rel_dP=1.72e-02]  [EKF] iterating [analytical]:  30%|###       | 6/20 [00:25<00:51,  3.67s/it, RMSE=14.694TECU, rel_dP=1.84e-02]  [EKF] iterating [analytical]:  35%|###5      | 7/20 [00:25<00:47,  3.68s/it, RMSE=14.694TECU, rel_dP=1.84e-02]  [EKF] iterating [analytical]:  35%|###5      | 7/20 [00:29<00:47,  3.68s/it, RMSE=16.555TECU, rel_dP=2.10e-02]  [EKF] iterating [analytical]:  40%|####      | 8/20 [00:29<00:44,  3.68s/it, RMSE=16.555TECU, rel_dP=2.10e-02]  [EKF] iterating [analytical]:  40%|####      | 8/20 [00:33<00:44,  3.68s/it, RMSE=19.164TECU, rel_dP=2.55e-02]  [EKF] iterating [analytical]:  45%|####5     | 9/20 [00:33<00:40,  3.66s/it, RMSE=19.164TECU, rel_dP=2.55e-02]  [EKF] iterating [analytical]:  45%|####5     | 9/20 [00:36<00:40,  3.66s/it, RMSE=22.441TECU, rel_dP=2.87e-02]  [EKF] iterating [analytical]:  50%|#####     | 10/20 [00:36<00:36,  3.67s/it, RMSE=22.441TECU, rel_dP=2.87e-02]  [EKF] iterating [analytical]:  50%|#####     | 10/20 [00:40<00:36,  3.67s/it, RMSE=25.295TECU, rel_dP=3.06e-02]  [EKF] iterating [analytical]:  55%|#####5    | 11/20 [00:40<00:33,  3.67s/it, RMSE=25.295TECU, rel_dP=3.06e-02]  [EKF] iterating [analytical]:  55%|#####5    | 11/20 [00:44<00:33,  3.67s/it, RMSE=26.634TECU, rel_dP=3.30e-02]  [EKF] iterating [analytical]:  60%|######    | 12/20 [00:44<00:29,  3.67s/it, RMSE=26.634TECU, rel_dP=3.30e-02]  [EKF] iterating [analytical]:  60%|######    | 12/20 [00:47<00:29,  3.67s/it, RMSE=26.211TECU, rel_dP=3.71e-02]  [EKF] iterating [analytical]:  65%|######5   | 13/20 [00:47<00:25,  3.68s/it, RMSE=26.211TECU, rel_dP=3.71e-02]  [EKF] iterating [analytical]:  65%|######5   | 13/20 [00:51<00:25,  3.68s/it, RMSE=26.239TECU, rel_dP=3.47e-02]  [EKF] iterating [analytical]:  70%|#######   | 14/20 [00:51<00:21,  3.66s/it, RMSE=26.239TECU, rel_dP=3.47e-02]  [EKF] iterating [analytical]:  70%|#######   | 14/20 [00:55<00:21,  3.66s/it, RMSE=26.467TECU, rel_dP=4.19e-02]  [EKF] iterating [analytical]:  75%|#######5  | 15/20 [00:55<00:18,  3.65s/it, RMSE=26.467TECU, rel_dP=4.19e-02]  [EKF] iterating [analytical]:  75%|#######5  | 15/20 [00:58<00:18,  3.65s/it, RMSE=27.290TECU, rel_dP=4.04e-02]  [EKF] iterating [analytical]:  80%|########  | 16/20 [00:58<00:14,  3.63s/it, RMSE=27.290TECU, rel_dP=4.04e-02]  [EKF] iterating [analytical]:  80%|########  | 16/20 [01:02<00:14,  3.63s/it, RMSE=28.553TECU, rel_dP=4.29e-02]  [EKF] iterating [analytical]:  85%|########5 | 17/20 [01:02<00:10,  3.63s/it, RMSE=28.553TECU, rel_dP=4.29e-02]  [EKF] iterating [analytical]:  85%|########5 | 17/20 [01:06<00:10,  3.63s/it, RMSE=30.054TECU, rel_dP=4.42e-02]  [EKF] iterating [analytical]:  90%|######### | 18/20 [01:06<00:07,  3.65s/it, RMSE=30.054TECU, rel_dP=4.42e-02]  [EKF] iterating [analytical]:  90%|######### | 18/20 [01:09<00:07,  3.65s/it, RMSE=31.062TECU, rel_dP=4.54e-02]  [EKF] iterating [analytical]:  95%|#########5| 19/20 [01:09<00:03,  3.64s/it, RMSE=31.062TECU, rel_dP=4.54e-02]  [EKF] iterating [analytical]:  95%|#########5| 19/20 [01:13<00:03,  3.64s/it, RMSE=31.914TECU, rel_dP=4.70e-02]  [EKF] iterating [analytical]: 100%|##########| 20/20 [01:13<00:00,  3.64s/it, RMSE=31.914TECU, rel_dP=4.70e-02]                                                                                                                   [EKF] Reached max_iter=20 without convergence  (final ||ΔP||/||P|| = 4.70e-02)
  [EKF] Posterior innovations  mean=-13.54  std=29.79  max_abs=145.50 TECU
  [EKF] Prior RMSE 68.645 TECU  →  Post RMSE 32.800 TECU
  Saved EKF convergence plot → /home/austinhunter/IonosphereTomography/Figures/ISR_DA_Comparison/OUTPUT/2025-09-26_1227/bin_45/ro_igs/2025-09-26_1227_ro_igs_ekf_convergence.png
◀◀◀ _run_or_load END   | 2025-09-26_1227 | bin=45  | ro_igs    | parametric_ekf : DONE       (105.6s) -> status=Success
▶▶▶ _run_or_load START | 2025-09-26_1227 | bin=45  | igs_only  | parametric_ekf
    [diag] 2025-09-26_1227 | bin=45  | igs_only  | parametric_ekf : RUNNING    (force=True, cached=False) ...
  [EKF] Building IRI state at 259 grid points (batch call) …
  [EnKF] Estimating background covariance from 500 EDP samples x 259 grid points ...
  [EnKF] Parameter sigma: log10(NmF2)=0.15  hmF2=20  H0=19.1  gamma=0.193  B0=20  B1=0.3  log10(NmE)=0.2  hmE=8
  [EnKF] Spatial corr (Ne-space KF method): mean=0.930  max=1.000  min=0.666
  [EKF] Running EKF_Param on 67 arc(s) …
  [EKF] 67 arcs  |  67 profile rays  |  67 update rays  |  n_state = 2072
  [EKF] Prior innovations  mean=15.33  std=25.53  max_abs=59.42 TECU
  [EKF] iterating [analytical]:   0%|          | 0/20 [00:00<?, ?it/s]  [EKF] iterating [analytical]:   0%|          | 0/20 [00:00<?, ?it/s, RMSE=29.779TECU, rel_dP=4.45e-02]  [EKF] iterating [analytical]:   5%|5         | 1/20 [00:00<00:03,  5.07it/s, RMSE=29.779TECU, rel_dP=4.45e-02]  [EKF] iterating [analytical]:   5%|5         | 1/20 [00:00<00:03,  5.07it/s, RMSE=27.810TECU, rel_dP=2.95e-02]  [EKF] iterating [analytical]:  10%|#         | 2/20 [00:00<00:04,  4.40it/s, RMSE=27.810TECU, rel_dP=2.95e-02]  [EKF] iterating [analytical]:  10%|#         | 2/20 [00:00<00:04,  4.40it/s, RMSE=26.280TECU, rel_dP=1.88e-02]  [EKF] iterating [analytical]:  15%|#5        | 3/20 [00:00<00:03,  4.43it/s, RMSE=26.280TECU, rel_dP=1.88e-02]  [EKF] iterating [analytical]:  15%|#5        | 3/20 [00:00<00:03,  4.43it/s, RMSE=25.690TECU, rel_dP=1.49e-02]  [EKF] iterating [analytical]:  20%|##        | 4/20 [00:00<00:03,  4.32it/s, RMSE=25.690TECU, rel_dP=1.49e-02]  [EKF] iterating [analytical]:  20%|##        | 4/20 [00:01<00:03,  4.32it/s, RMSE=25.450TECU, rel_dP=1.36e-02]  [EKF] iterating [analytical]:  25%|##5       | 5/20 [00:01<00:03,  4.37it/s, RMSE=25.450TECU, rel_dP=1.36e-02]  [EKF] iterating [analytical]:  25%|##5       | 5/20 [00:01<00:03,  4.37it/s, RMSE=25.315TECU, rel_dP=1.30e-02]  [EKF] iterating [analytical]:  30%|###       | 6/20 [00:01<00:03,  4.35it/s, RMSE=25.315TECU, rel_dP=1.30e-02]  [EKF] iterating [analytical]:  30%|###       | 6/20 [00:01<00:03,  4.35it/s, RMSE=25.212TECU, rel_dP=1.32e-02]  [EKF] iterating [analytical]:  35%|###5      | 7/20 [00:01<00:03,  4.27it/s, RMSE=25.212TECU, rel_dP=1.32e-02]  [EKF] iterating [analytical]:  35%|###5      | 7/20 [00:01<00:03,  4.27it/s, RMSE=25.120TECU, rel_dP=1.37e-02]  [EKF] iterating [analytical]:  40%|####      | 8/20 [00:01<00:02,  4.26it/s, RMSE=25.120TECU, rel_dP=1.37e-02]  [EKF] iterating [analytical]:  40%|####      | 8/20 [00:02<00:02,  4.26it/s, RMSE=25.032TECU, rel_dP=1.45e-02]  [EKF] iterating [analytical]:  45%|####5     | 9/20 [00:02<00:02,  4.30it/s, RMSE=25.032TECU, rel_dP=1.45e-02]  [EKF] iterating [analytical]:  45%|####5     | 9/20 [00:02<00:02,  4.30it/s, RMSE=24.944TECU, rel_dP=1.65e-02]  [EKF] iterating [analytical]:  50%|#####     | 10/20 [00:02<00:02,  4.32it/s, RMSE=24.944TECU, rel_dP=1.65e-02]  [EKF] iterating [analytical]:  50%|#####     | 10/20 [00:02<00:02,  4.32it/s, RMSE=24.853TECU, rel_dP=1.65e-02]  [EKF] iterating [analytical]:  55%|#####5    | 11/20 [00:02<00:02,  4.32it/s, RMSE=24.853TECU, rel_dP=1.65e-02]  [EKF] iterating [analytical]:  55%|#####5    | 11/20 [00:02<00:02,  4.32it/s, RMSE=24.760TECU, rel_dP=1.92e-02]  [EKF] iterating [analytical]:  60%|######    | 12/20 [00:02<00:01,  4.27it/s, RMSE=24.760TECU, rel_dP=1.92e-02]  [EKF] iterating [analytical]:  60%|######    | 12/20 [00:02<00:01,  4.27it/s, RMSE=24.648TECU, rel_dP=2.40e-02]  [EKF] iterating [analytical]:  65%|######5   | 13/20 [00:02<00:01,  4.35it/s, RMSE=24.648TECU, rel_dP=2.40e-02]  [EKF] iterating [analytical]:  65%|######5   | 13/20 [00:03<00:01,  4.35it/s, RMSE=24.534TECU, rel_dP=2.88e-02]  [EKF] iterating [analytical]:  70%|#######   | 14/20 [00:03<00:01,  4.39it/s, RMSE=24.534TECU, rel_dP=2.88e-02]  [EKF] iterating [analytical]:  70%|#######   | 14/20 [00:03<00:01,  4.39it/s, RMSE=24.398TECU, rel_dP=3.08e-02]  [EKF] iterating [analytical]:  75%|#######5  | 15/20 [00:03<00:01,  4.46it/s, RMSE=24.398TECU, rel_dP=3.08e-02]  [EKF] iterating [analytical]:  75%|#######5  | 15/20 [00:03<00:01,  4.46it/s, RMSE=24.259TECU, rel_dP=3.46e-02]  [EKF] iterating [analytical]:  80%|########  | 16/20 [00:03<00:00,  4.46it/s, RMSE=24.259TECU, rel_dP=3.46e-02]  [EKF] iterating [analytical]:  80%|########  | 16/20 [00:03<00:00,  4.46it/s, RMSE=23.972TECU, rel_dP=4.67e-02]  [EKF] iterating [analytical]:  85%|########5 | 17/20 [00:03<00:00,  4.44it/s, RMSE=23.972TECU, rel_dP=4.67e-02]  [EKF] iterating [analytical]:  85%|########5 | 17/20 [00:04<00:00,  4.44it/s, RMSE=23.753TECU, rel_dP=5.15e-02]  [EKF] iterating [analytical]:  90%|######### | 18/20 [00:04<00:00,  4.33it/s, RMSE=23.753TECU, rel_dP=5.15e-02]  [EKF] iterating [analytical]:  90%|######### | 18/20 [00:04<00:00,  4.33it/s, RMSE=23.446TECU, rel_dP=4.92e-02]  [EKF] iterating [analytical]:  95%|#########5| 19/20 [00:04<00:00,  4.32it/s, RMSE=23.446TECU, rel_dP=4.92e-02]  [EKF] iterating [analytical]:  95%|#########5| 19/20 [00:04<00:00,  4.32it/s, RMSE=23.241TECU, rel_dP=5.65e-02]  [EKF] iterating [analytical]: 100%|##########| 20/20 [00:04<00:00,  4.34it/s, RMSE=23.241TECU, rel_dP=5.65e-02]                                                                                                                   [EKF] Reached max_iter=20 without convergence  (final ||ΔP||/||P|| = 5.65e-02)
  [EKF] Posterior innovations  mean=0.40  std=22.59  max_abs=64.78 TECU
  [EKF] Prior RMSE 29.779 TECU  →  Post RMSE 22.595 TECU
  Saved EKF convergence plot → /home/austinhunter/IonosphereTomography/Figures/ISR_DA_Comparison/OUTPUT/2025-09-26_1227/bin_45/igs_only/2025-09-26_1227_igs_only_ekf_convergence.png
◀◀◀ _run_or_load END   | 2025-09-26_1227 | bin=45  | igs_only  | parametric_ekf : DONE       (477.4s) -> status=ok (no 'status' key)
  [diag] 2025-09-26_1227 | bin=45 : summary of 6 obs_mode/filter_type combos
           ro_only   | gridded_kf     -> Success
           ro_only   | parametric_ekf -> Success
           ro_igs    | gridded_kf     -> Success
           ro_igs    | parametric_ekf -> Success
           igs_only  | gridded_kf     -> ok (no 'status' key)
           igs_only  | parametric_ekf -> ok (no 'status' key)

▶▶▶ compute_isr_metrics START | group=2025-09-26_1227 bin=45
◀◀◀ compute_isr_metrics END   | group=2025-09-26_1227 bin=45 -> 0 metric row(s)

▶▶▶ _plot_group_all_modes START | group=2025-09-26_1227
  [diag] 2025-09-26_1227/ro_igs/gridded_kf: arc-innovation panels thinned to 18 RO + 20/67 representative IGS arcs (of 85 total)
  [diag] 2025-09-26_1227/ro_igs/parametric_ekf: arc-innovation panels thinned to 18 RO + 20/67 representative IGS arcs (of 85 total)
  [diag] 2025-09-26_1227/igs_only/gridded_kf: arc-innovation panels thinned to 0 RO + 20/67 representative IGS arcs (of 67 total)
  [diag] 2025-09-26_1227/igs_only/parametric_ekf: arc-innovation panels thinned to 0 RO + 20/67 representative IGS arcs (of 67 total)
/home/austinhunter/Downloads/PlanetiQ_Code/venv311/lib/python3.11/site-packages/shapely/creation.py:218: RuntimeWarning: invalid value encountered in linestrings
  return lib.linestrings(coords, np.intc(handle_nan), out=out, **kwargs)
/home/austinhunter/IonosphereTomography/plotIonosphereTomography.py:3634: UserWarning: This figure includes Axes that are not compatible with tight_layout, so results might be incorrect.
  plt.tight_layout(rect=[0, 0, 1, 0.98])
/home/austinhunter/IonosphereTomography/plotIonosphereTomography.py:3634: UserWarning: This figure includes Axes that are not compatible with tight_layout, so results might be incorrect.
  plt.tight_layout(rect=[0, 0, 1, 0.98])
/home/austinhunter/IonosphereTomography/plotIonosphereTomography.py:3634: UserWarning: This figure includes Axes that are not compatible with tight_layout, so results might be incorrect.
  plt.tight_layout(rect=[0, 0, 1, 0.98])
◀◀◀ _plot_group_all_modes END   | group=2025-09-26_1227
▶▶▶ _run_or_load START | 2025-09-26_1227 | bin=35  | ro_only   | gridded_kf    
    [diag] 2025-09-26_1227 | bin=35  | ro_only   | gridded_kf     : RUNNING    (force=True, cached=False) ...

────────────────────────────────────────────────────────────
  Group : 2025-09-26_1227
  Window: 2025-09-26_1227  |  Region: POLAR_N  |  18 occultation(s)
────────────────────────────────────────────────────────────
  Parsed 18/18 files successfully.
    [podTc2] GN04 11:43 — 402 valid rays → decimated to 134 (stride 3)
    [podTc2] GN04 11:45 — 438 valid rays → decimated to 146 (stride 3)
    [podTc2] GN04 11:47 — 553 valid rays → decimated to 185 (stride 3)
    [podTc2] GN04 11:47 — 497 valid rays → decimated to 166 (stride 3)
    [podTc2] GN05 12:43 — 485 valid rays → decimated to 162 (stride 3)
    [podTc2] GN05 12:42 — 448 valid rays → decimated to 150 (stride 3)
    [podTc2] GN05 12:44 — 551 valid rays → decimated to 184 (stride 3)
    [podTc2] GN05 12:46 — 383 valid rays → decimated to 192 (stride 2)
    [podTc2] GN05 12:50 — 475 valid rays → decimated to 159 (stride 3)
    [podTc2] GN05 12:46 — 494 valid rays → decimated to 165 (stride 3)
    [podTc2] GN05 12:48 — 441 valid rays → decimated to 147 (stride 3)
    [podTc2] GN05 12:50 — 459 valid rays → decimated to 153 (stride 3)
    [podTc2] GN05 12:47 — 363 valid rays → decimated to 182 (stride 2)
    [podTc2] GN05 12:32 — 584 valid rays → decimated to 195 (stride 3)
    [podTc2] GN05 12:33 — 437 valid rays → decimated to 146 (stride 3)
    [podTc2] GN05 12:35 — 393 valid rays → decimated to 197 (stride 2)
    [podTc2] GN05 12:38 — 439 valid rays → decimated to 147 (stride 3)
    [podTc2] GN05 12:40 — 459 valid rays → decimated to 153 (stride 3)
  Bbox lat [30.7, 90.0]  lon [-180.0, 180.0]  |  union vertices: 143
  Final group: 18 occultation(s), 143 union-mesh vertices
  Saved trim diagnostic → /home/austinhunter/IonosphereTomography/Figures/ISR_DA_Comparison/OUTPUT/2025-09-26_1227/bin_35/ro_only/group_2025-09-26_1227_trim.png
  -> Building H matrices (2963 rays across 18 arc(s), single parallel sweep) …
  -> Building H matrices:    296/2963 rays ( 10.0%)
  -> Building H matrices:    592/2963 rays ( 20.0%)
  -> Building H matrices:    888/2963 rays ( 30.0%)
  -> Building H matrices:   1184/2963 rays ( 40.0%)
  -> Building H matrices:   1480/2963 rays ( 49.9%)
  -> Building H matrices:   1776/2963 rays ( 59.9%)
  -> Building H matrices:   2072/2963 rays ( 69.9%)
  -> Building H matrices:   2368/2963 rays ( 79.9%)
  -> Building H matrices:   2664/2963 rays ( 89.9%)
  -> Building H matrices:   2960/2963 rays ( 99.9%)
  -> Building H matrices:   2963/2963 rays (100.0%)
  Combined H shape : (2963, 8008)  (total rays = 2963)
  Skipping sequential KF assimilation (run_sequential=False).
  Running joint (batch) KF assimilation …
  Prior RMSE  : 27.323 TECU
  Post  RMSE  : 6.100 TECU
    [Abel] GN04 11:43: NmF2=4.69e+11 m⁻³  hmF2=390.6 km
    [Abel] GN04 11:45: NmF2=5.04e+11 m⁻³  hmF2=291.9 km
    [Abel] GN04 11:47: NmF2=6.86e+11 m⁻³  hmF2=300.7 km
    [Abel] GN04 11:47: NmF2=5.50e+11 m⁻³  hmF2=284.4 km
    [Abel] GN05 12:43: NmF2=7.88e+11 m⁻³  hmF2=269.8 km
    [Abel] GN05 12:42: NmF2=4.26e+11 m⁻³  hmF2=329.1 km
    [Abel] GN05 12:44: NmF2=7.89e+11 m⁻³  hmF2=279.9 km
    [Abel] GN05 12:46: NmF2=9.16e+11 m⁻³  hmF2=290.0 km
    [Abel] GN05 12:50: NmF2=1.26e+12 m⁻³  hmF2=270.2 km
    [Abel] GN05 12:46: NmF2=6.96e+11 m⁻³  hmF2=284.5 km
    [Abel] GN05 12:48: NmF2=6.76e+11 m⁻³  hmF2=279.4 km
    [Abel] GN05 12:50: NmF2=1.19e+12 m⁻³  hmF2=281.6 km
    [Abel] GN05 12:47: NmF2=7.89e+11 m⁻³  hmF2=284.8 km
    [Abel] GN05 12:32: NmF2=5.13e+11 m⁻³  hmF2=287.9 km
    [Abel] GN05 12:33: NmF2=5.32e+11 m⁻³  hmF2=324.2 km
    [Abel] GN05 12:35: NmF2=7.75e+11 m⁻³  hmF2=272.4 km
    [Abel] GN05 12:38: NmF2=9.55e+11 m⁻³  hmF2=275.6 km
    [Abel] GN05 12:40: NmF2=7.72e+11 m⁻³  hmF2=266.2 km
◀◀◀ _run_or_load END   | 2025-09-26_1227 | bin=35  | ro_only   | gridded_kf     : DONE       (150.9s) -> status=Success
▶▶▶ _run_or_load START | 2025-09-26_1227 | bin=35  | ro_igs    | gridded_kf    
    [diag] 2025-09-26_1227 | bin=35  | ro_igs    | gridded_kf     : RUNNING    (force=True, cached=False) ...

────────────────────────────────────────────────────────────
  Group : 2025-09-26_1227
  Window: 2025-09-26_1227  |  Region: POLAR_N  |  18 occultation(s)
────────────────────────────────────────────────────────────
  Parsed 18/18 files successfully.
    [podTc2] GN04 11:43 — 402 valid rays → decimated to 134 (stride 3)
    [podTc2] GN04 11:45 — 438 valid rays → decimated to 146 (stride 3)
    [podTc2] GN04 11:47 — 553 valid rays → decimated to 185 (stride 3)
    [podTc2] GN04 11:47 — 497 valid rays → decimated to 166 (stride 3)
    [podTc2] GN05 12:43 — 485 valid rays → decimated to 162 (stride 3)
    [podTc2] GN05 12:42 — 448 valid rays → decimated to 150 (stride 3)
    [podTc2] GN05 12:44 — 551 valid rays → decimated to 184 (stride 3)
    [podTc2] GN05 12:46 — 383 valid rays → decimated to 192 (stride 2)
    [podTc2] GN05 12:50 — 475 valid rays → decimated to 159 (stride 3)
    [podTc2] GN05 12:46 — 494 valid rays → decimated to 165 (stride 3)
    [podTc2] GN05 12:48 — 441 valid rays → decimated to 147 (stride 3)
    [podTc2] GN05 12:50 — 459 valid rays → decimated to 153 (stride 3)
    [podTc2] GN05 12:47 — 363 valid rays → decimated to 182 (stride 2)
    [podTc2] GN05 12:32 — 584 valid rays → decimated to 195 (stride 3)
    [podTc2] GN05 12:33 — 437 valid rays → decimated to 146 (stride 3)
    [podTc2] GN05 12:35 — 393 valid rays → decimated to 197 (stride 2)
    [podTc2] GN05 12:38 — 439 valid rays → decimated to 147 (stride 3)
    [podTc2] GN05 12:40 — 459 valid rays → decimated to 153 (stride 3)
  Bbox lat [30.7, 90.0]  lon [-180.0, 180.0]  |  union vertices: 143
  Final group: 18 occultation(s), 143 union-mesh vertices
  Saved trim diagnostic → /home/austinhunter/IonosphereTomography/Figures/ISR_DA_Comparison/OUTPUT/2025-09-26_1227/bin_35/ro_igs/group_2025-09-26_1227_trim.png
  [extra] Injected 67 ground-station arc(s) → total 85 arc(s) in assimilation pool
  -> Building H matrices (3030 rays across 85 arc(s), single parallel sweep) …
  -> Building H matrices:    303/3030 rays ( 10.0%)
  -> Building H matrices:    606/3030 rays ( 20.0%)
  -> Building H matrices:    909/3030 rays ( 30.0%)
  -> Building H matrices:   1212/3030 rays ( 40.0%)
  -> Building H matrices:   1515/3030 rays ( 50.0%)
  -> Building H matrices:   1818/3030 rays ( 60.0%)
  -> Building H matrices:   2121/3030 rays ( 70.0%)
  -> Building H matrices:   2424/3030 rays ( 80.0%)
  -> Building H matrices:   2727/3030 rays ( 90.0%)
  -> Building H matrices:   3030/3030 rays (100.0%)
  Combined H shape : (3030, 8008)  (total rays = 3030)
  Skipping sequential KF assimilation (run_sequential=False).
  Running joint (batch) KF assimilation …
  Prior RMSE  : 27.369 TECU
  Post  RMSE  : 7.091 TECU
    [Abel] GN04 11:43: NmF2=4.69e+11 m⁻³  hmF2=390.6 km
    [Abel] GN04 11:45: NmF2=5.04e+11 m⁻³  hmF2=291.9 km
    [Abel] GN04 11:47: NmF2=6.86e+11 m⁻³  hmF2=300.7 km
    [Abel] GN04 11:47: NmF2=5.50e+11 m⁻³  hmF2=284.4 km
    [Abel] GN05 12:43: NmF2=7.88e+11 m⁻³  hmF2=269.8 km
    [Abel] GN05 12:42: NmF2=4.26e+11 m⁻³  hmF2=329.1 km
    [Abel] GN05 12:44: NmF2=7.89e+11 m⁻³  hmF2=279.9 km
    [Abel] GN05 12:46: NmF2=9.16e+11 m⁻³  hmF2=290.0 km
    [Abel] GN05 12:50: NmF2=1.26e+12 m⁻³  hmF2=270.2 km
    [Abel] GN05 12:46: NmF2=6.96e+11 m⁻³  hmF2=284.5 km
    [Abel] GN05 12:48: NmF2=6.76e+11 m⁻³  hmF2=279.4 km
    [Abel] GN05 12:50: NmF2=1.19e+12 m⁻³  hmF2=281.6 km
    [Abel] GN05 12:47: NmF2=7.89e+11 m⁻³  hmF2=284.8 km
    [Abel] GN05 12:32: NmF2=5.13e+11 m⁻³  hmF2=287.9 km
    [Abel] GN05 12:33: NmF2=5.32e+11 m⁻³  hmF2=324.2 km
    [Abel] GN05 12:35: NmF2=7.75e+11 m⁻³  hmF2=272.4 km
    [Abel] GN05 12:38: NmF2=9.55e+11 m⁻³  hmF2=275.6 km
    [Abel] GN05 12:40: NmF2=7.72e+11 m⁻³  hmF2=266.2 km
    [Abel] Skipped 67 ground-station arc(s) (RO-only technique)
/home/austinhunter/Downloads/PlanetiQ_Code/venv311/lib/python3.11/site-packages/shapely/creation.py:218: RuntimeWarning: invalid value encountered in linestrings
  return lib.linestrings(coords, np.intc(handle_nan), out=out, **kwargs)
◀◀◀ _run_or_load END   | 2025-09-26_1227 | bin=35  | ro_igs    | gridded_kf     : DONE       (154.0s) -> status=Success
▶▶▶ _run_or_load START | 2025-09-26_1227 | bin=35  | igs_only  | gridded_kf    
    [diag] 2025-09-26_1227 | bin=35  | igs_only  | gridded_kf     : RUNNING    (force=True, cached=False) ...
    [Info] Initialising information matrix (n_state=14245) …
    [Info] arcs ingested = 67/67  |  obs rows = 67  |  Λ cond ≈ 3.61e+23
    [Info] Solving …
    [Prior] innovation  mean=17.07  std=25.27  n_obs=67
    [Post ] innovation  mean=10.83  std=19.70
    RMSE:  prior=30.496 TECU  →  post=22.481 TECU
◀◀◀ _run_or_load END   | 2025-09-26_1227 | bin=35  | igs_only  | gridded_kf     : DONE       (99.9s) -> status=ok (no 'status' key)
▶▶▶ _run_or_load START | 2025-09-26_1227 | bin=35  | ro_only   | parametric_ekf
    [diag] 2025-09-26_1227 | bin=35  | ro_only   | parametric_ekf : RUNNING    (force=True, cached=False) ...
  [EKF] Building IRI state at 143 grid points (batch call) …
  [EnKF] Estimating background covariance from 50 EDP samples x 143 grid points ...
  [EnKF] Parameter sigma: log10(NmF2)=0.15  hmF2=20  H0=18.7  gamma=0.16  B0=20  B1=0.3  log10(NmE)=0.2  hmE=8
  [EnKF] Spatial corr (Ne-space KF method): mean=0.932  max=1.000  min=0.693
  [EKF] Running EKF_Param on 18 arc(s) …
  [EKF] 18 arcs  |  2963 profile rays  |  1495 update rays  |  n_state = 1144
  [EKF] Prior innovations  mean=8.96  std=32.57  max_abs=124.48 TECU
  [EKF] iterating [analytical]:   0%|          | 0/20 [00:00<?, ?it/s]  [EKF] iterating [analytical]:   0%|          | 0/20 [00:03<?, ?it/s, RMSE=33.781TECU, rel_dP=1.49e-01]  [EKF] iterating [analytical]:   5%|5         | 1/20 [00:03<01:06,  3.52s/it, RMSE=33.781TECU, rel_dP=1.49e-01]  [EKF] iterating [analytical]:   5%|5         | 1/20 [00:07<01:06,  3.52s/it, RMSE=31.907TECU, rel_dP=2.12e-02]  [EKF] iterating [analytical]:  10%|#         | 2/20 [00:07<01:03,  3.53s/it, RMSE=31.907TECU, rel_dP=2.12e-02]  [EKF] iterating [analytical]:  10%|#         | 2/20 [00:10<01:03,  3.53s/it, RMSE=18.198TECU, rel_dP=1.94e-02]  [EKF] iterating [analytical]:  15%|#5        | 3/20 [00:10<00:59,  3.51s/it, RMSE=18.198TECU, rel_dP=1.94e-02]  [EKF] iterating [analytical]:  15%|#5        | 3/20 [00:14<00:59,  3.51s/it, RMSE=13.208TECU, rel_dP=2.23e-02]  [EKF] iterating [analytical]:  20%|##        | 4/20 [00:14<00:56,  3.51s/it, RMSE=13.208TECU, rel_dP=2.23e-02]  [EKF] iterating [analytical]:  20%|##        | 4/20 [00:17<00:56,  3.51s/it, RMSE=11.413TECU, rel_dP=2.09e-02]  [EKF] iterating [analytical]:  25%|##5       | 5/20 [00:17<00:52,  3.50s/it, RMSE=11.413TECU, rel_dP=2.09e-02]  [EKF] iterating [analytical]:  25%|##5       | 5/20 [00:21<00:52,  3.50s/it, RMSE=10.751TECU, rel_dP=1.50e-02]  [EKF] iterating [analytical]:  30%|###       | 6/20 [00:21<00:49,  3.52s/it, RMSE=10.751TECU, rel_dP=1.50e-02]  [EKF] iterating [analytical]:  30%|###       | 6/20 [00:24<00:49,  3.52s/it, RMSE=10.523TECU, rel_dP=1.39e-02]  [EKF] iterating [analytical]:  35%|###5      | 7/20 [00:24<00:45,  3.52s/it, RMSE=10.523TECU, rel_dP=1.39e-02]  [EKF] iterating [analytical]:  35%|###5      | 7/20 [00:28<00:45,  3.52s/it, RMSE=11.293TECU, rel_dP=1.66e-02]  [EKF] iterating [analytical]:  40%|####      | 8/20 [00:28<00:42,  3.53s/it, RMSE=11.293TECU, rel_dP=1.66e-02]  [EKF] iterating [analytical]:  40%|####      | 8/20 [00:31<00:42,  3.53s/it, RMSE=13.186TECU, rel_dP=1.95e-02]  [EKF] iterating [analytical]:  45%|####5     | 9/20 [00:31<00:38,  3.52s/it, RMSE=13.186TECU, rel_dP=1.95e-02]  [EKF] iterating [analytical]:  45%|####5     | 9/20 [00:35<00:38,  3.52s/it, RMSE=16.088TECU, rel_dP=2.24e-02]  [EKF] iterating [analytical]:  50%|#####     | 10/20 [00:35<00:34,  3.50s/it, RMSE=16.088TECU, rel_dP=2.24e-02]  [EKF] iterating [analytical]:  50%|#####     | 10/20 [00:38<00:34,  3.50s/it, RMSE=19.190TECU, rel_dP=2.54e-02]  [EKF] iterating [analytical]:  55%|#####5    | 11/20 [00:38<00:31,  3.50s/it, RMSE=19.190TECU, rel_dP=2.54e-02]  [EKF] iterating [analytical]:  55%|#####5    | 11/20 [00:42<00:31,  3.50s/it, RMSE=23.333TECU, rel_dP=2.93e-02]  [EKF] iterating [analytical]:  60%|######    | 12/20 [00:42<00:28,  3.52s/it, RMSE=23.333TECU, rel_dP=2.93e-02]  [EKF] iterating [analytical]:  60%|######    | 12/20 [00:45<00:28,  3.52s/it, RMSE=27.911TECU, rel_dP=3.26e-02]  [EKF] iterating [analytical]:  65%|######5   | 13/20 [00:45<00:24,  3.51s/it, RMSE=27.911TECU, rel_dP=3.26e-02]  [EKF] iterating [analytical]:  65%|######5   | 13/20 [00:49<00:24,  3.51s/it, RMSE=31.419TECU, rel_dP=3.44e-02]  [EKF] iterating [analytical]:  70%|#######   | 14/20 [00:49<00:21,  3.51s/it, RMSE=31.419TECU, rel_dP=3.44e-02]  [EKF] iterating [analytical]:  70%|#######   | 14/20 [00:52<00:21,  3.51s/it, RMSE=32.896TECU, rel_dP=3.67e-02]  [EKF] iterating [analytical]:  75%|#######5  | 15/20 [00:52<00:17,  3.50s/it, RMSE=32.896TECU, rel_dP=3.67e-02]  [EKF] iterating [analytical]:  75%|#######5  | 15/20 [00:56<00:17,  3.50s/it, RMSE=34.571TECU, rel_dP=3.88e-02]  [EKF] iterating [analytical]:  80%|########  | 16/20 [00:56<00:14,  3.51s/it, RMSE=34.571TECU, rel_dP=3.88e-02]  [EKF] iterating [analytical]:  80%|########  | 16/20 [00:59<00:14,  3.51s/it, RMSE=35.384TECU, rel_dP=4.22e-02]  [EKF] iterating [analytical]:  85%|########5 | 17/20 [00:59<00:10,  3.51s/it, RMSE=35.384TECU, rel_dP=4.22e-02]  [EKF] iterating [analytical]:  85%|########5 | 17/20 [01:03<00:10,  3.51s/it, RMSE=35.600TECU, rel_dP=4.23e-02]  [EKF] iterating [analytical]:  90%|######### | 18/20 [01:03<00:06,  3.50s/it, RMSE=35.600TECU, rel_dP=4.23e-02]  [EKF] iterating [analytical]:  90%|######### | 18/20 [01:06<00:06,  3.50s/it, RMSE=35.936TECU, rel_dP=4.65e-02]  [EKF] iterating [analytical]:  95%|#########5| 19/20 [01:06<00:03,  3.50s/it, RMSE=35.936TECU, rel_dP=4.65e-02]  [EKF] iterating [analytical]:  95%|#########5| 19/20 [01:10<00:03,  3.50s/it, RMSE=36.300TECU, rel_dP=4.66e-02]  [EKF] iterating [analytical]: 100%|##########| 20/20 [01:10<00:00,  3.50s/it, RMSE=36.300TECU, rel_dP=4.66e-02]                                                                                                                   [EKF] Reached max_iter=20 without convergence  (final ||ΔP||/||P|| = 4.66e-02)
  [EKF] Posterior innovations  mean=-12.74  std=33.79  max_abs=199.49 TECU
  [EKF] Prior RMSE 33.901 TECU  →  Post RMSE 36.115 TECU
  Saved EKF convergence plot → /home/austinhunter/IonosphereTomography/Figures/ISR_DA_Comparison/OUTPUT/2025-09-26_1227/bin_35/ro_only/2025-09-26_1227_ro_only_ekf_convergence.png
◀◀◀ _run_or_load END   | 2025-09-26_1227 | bin=35  | ro_only   | parametric_ekf : DONE       (101.7s) -> status=Success
▶▶▶ _run_or_load START | 2025-09-26_1227 | bin=35  | ro_igs    | parametric_ekf
    [diag] 2025-09-26_1227 | bin=35  | ro_igs    | parametric_ekf : RUNNING    (force=True, cached=False) ...
  [EKF] Building IRI state at 143 grid points (batch call) …
  [EnKF] Estimating background covariance from 50 EDP samples x 143 grid points ...
  [EnKF] Parameter sigma: log10(NmF2)=0.15  hmF2=20  H0=18.7  gamma=0.16  B0=20  B1=0.3  log10(NmE)=0.2  hmE=8
  [EnKF] Spatial corr (Ne-space KF method): mean=0.932  max=1.000  min=0.693
  [EKF] Running EKF_Param on 85 arc(s) …
  [EKF] 85 arcs  |  3030 profile rays  |  1562 update rays  |  n_state = 1144
  [EKF] Prior innovations  mean=-3.31  std=45.41  max_abs=165.54 TECU
  [EKF] iterating [analytical]:   0%|          | 0/20 [00:00<?, ?it/s]  [EKF] iterating [analytical]:   0%|          | 0/20 [00:03<?, ?it/s, RMSE=45.530TECU, rel_dP=4.54e-01]  [EKF] iterating [analytical]:   5%|5         | 1/20 [00:03<01:09,  3.65s/it, RMSE=45.530TECU, rel_dP=4.54e-01]  [EKF] iterating [analytical]:   5%|5         | 1/20 [00:07<01:09,  3.65s/it, RMSE=109.360TECU, rel_dP=2.09e-01]  [EKF] iterating [analytical]:  10%|#         | 2/20 [00:07<01:05,  3.66s/it, RMSE=109.360TECU, rel_dP=2.09e-01]  [EKF] iterating [analytical]:  10%|#         | 2/20 [00:10<01:05,  3.66s/it, RMSE=187.554TECU, rel_dP=4.08e-02]  [EKF] iterating [analytical]:  15%|#5        | 3/20 [00:10<01:02,  3.65s/it, RMSE=187.554TECU, rel_dP=4.08e-02]  [EKF] iterating [analytical]:  15%|#5        | 3/20 [00:14<01:02,  3.65s/it, RMSE=29.755TECU, rel_dP=3.82e-02]   [EKF] iterating [analytical]:  20%|##        | 4/20 [00:14<00:58,  3.66s/it, RMSE=29.755TECU, rel_dP=3.82e-02]  [EKF] iterating [analytical]:  20%|##        | 4/20 [00:18<00:58,  3.66s/it, RMSE=24.014TECU, rel_dP=3.74e-02]  [EKF] iterating [analytical]:  25%|##5       | 5/20 [00:18<00:55,  3.68s/it, RMSE=24.014TECU, rel_dP=3.74e-02]  [EKF] iterating [analytical]:  25%|##5       | 5/20 [00:21<00:55,  3.68s/it, RMSE=19.576TECU, rel_dP=4.14e-02]  [EKF] iterating [analytical]:  30%|###       | 6/20 [00:21<00:51,  3.67s/it, RMSE=19.576TECU, rel_dP=4.14e-02]  [EKF] iterating [analytical]:  30%|###       | 6/20 [00:25<00:51,  3.67s/it, RMSE=20.653TECU, rel_dP=4.03e-02]  [EKF] iterating [analytical]:  35%|###5      | 7/20 [00:25<00:47,  3.65s/it, RMSE=20.653TECU, rel_dP=4.03e-02]  [EKF] iterating [analytical]:  35%|###5      | 7/20 [00:29<00:47,  3.65s/it, RMSE=22.977TECU, rel_dP=4.15e-02]  [EKF] iterating [analytical]:  40%|####      | 8/20 [00:29<00:43,  3.65s/it, RMSE=22.977TECU, rel_dP=4.15e-02]  [EKF] iterating [analytical]:  40%|####      | 8/20 [00:32<00:43,  3.65s/it, RMSE=25.055TECU, rel_dP=3.87e-02]  [EKF] iterating [analytical]:  45%|####5     | 9/20 [00:32<00:39,  3.63s/it, RMSE=25.055TECU, rel_dP=3.87e-02]  [EKF] iterating [analytical]:  45%|####5     | 9/20 [00:36<00:39,  3.63s/it, RMSE=25.206TECU, rel_dP=3.53e-02]  [EKF] iterating [analytical]:  50%|#####     | 10/20 [00:36<00:36,  3.62s/it, RMSE=25.206TECU, rel_dP=3.53e-02]  [EKF] iterating [analytical]:  50%|#####     | 10/20 [00:40<00:36,  3.62s/it, RMSE=25.122TECU, rel_dP=3.50e-02]  [EKF] iterating [analytical]:  55%|#####5    | 11/20 [00:40<00:32,  3.62s/it, RMSE=25.122TECU, rel_dP=3.50e-02]  [EKF] iterating [analytical]:  55%|#####5    | 11/20 [00:43<00:32,  3.62s/it, RMSE=24.697TECU, rel_dP=3.49e-02]  [EKF] iterating [analytical]:  60%|######    | 12/20 [00:43<00:28,  3.62s/it, RMSE=24.697TECU, rel_dP=3.49e-02]  [EKF] iterating [analytical]:  60%|######    | 12/20 [00:47<00:28,  3.62s/it, RMSE=24.405TECU, rel_dP=3.58e-02]  [EKF] iterating [analytical]:  65%|######5   | 13/20 [00:47<00:25,  3.62s/it, RMSE=24.405TECU, rel_dP=3.58e-02]  [EKF] iterating [analytical]:  65%|######5   | 13/20 [00:50<00:25,  3.62s/it, RMSE=24.291TECU, rel_dP=3.64e-02]  [EKF] iterating [analytical]:  70%|#######   | 14/20 [00:50<00:21,  3.62s/it, RMSE=24.291TECU, rel_dP=3.64e-02]  [EKF] iterating [analytical]:  70%|#######   | 14/20 [00:54<00:21,  3.62s/it, RMSE=24.375TECU, rel_dP=3.61e-02]  [EKF] iterating [analytical]:  75%|#######5  | 15/20 [00:54<00:18,  3.63s/it, RMSE=24.375TECU, rel_dP=3.61e-02]  [EKF] iterating [analytical]:  75%|#######5  | 15/20 [00:58<00:18,  3.63s/it, RMSE=24.625TECU, rel_dP=3.88e-02]  [EKF] iterating [analytical]:  80%|########  | 16/20 [00:58<00:14,  3.61s/it, RMSE=24.625TECU, rel_dP=3.88e-02]  [EKF] iterating [analytical]:  80%|########  | 16/20 [01:01<00:14,  3.61s/it, RMSE=25.048TECU, rel_dP=3.73e-02]  [EKF] iterating [analytical]:  85%|########5 | 17/20 [01:01<00:10,  3.61s/it, RMSE=25.048TECU, rel_dP=3.73e-02]  [EKF] iterating [analytical]:  85%|########5 | 17/20 [01:05<00:10,  3.61s/it, RMSE=25.521TECU, rel_dP=3.85e-02]  [EKF] iterating [analytical]:  90%|######### | 18/20 [01:05<00:07,  3.61s/it, RMSE=25.521TECU, rel_dP=3.85e-02]  [EKF] iterating [analytical]:  90%|######### | 18/20 [01:08<00:07,  3.61s/it, RMSE=26.376TECU, rel_dP=3.95e-02]  [EKF] iterating [analytical]:  95%|#########5| 19/20 [01:08<00:03,  3.60s/it, RMSE=26.376TECU, rel_dP=3.95e-02]  [EKF] iterating [analytical]:  95%|#########5| 19/20 [01:12<00:03,  3.60s/it, RMSE=27.744TECU, rel_dP=4.11e-02]  [EKF] iterating [analytical]: 100%|##########| 20/20 [01:12<00:00,  3.60s/it, RMSE=27.744TECU, rel_dP=4.11e-02]                                                                                                                   [EKF] Reached max_iter=20 without convergence  (final ||ΔP||/||P|| = 4.11e-02)
  [EKF] Posterior innovations  mean=-11.82  std=27.02  max_abs=131.16 TECU
  [EKF] Prior RMSE 45.985 TECU  →  Post RMSE 29.500 TECU
  Saved EKF convergence plot → /home/austinhunter/IonosphereTomography/Figures/ISR_DA_Comparison/OUTPUT/2025-09-26_1227/bin_35/ro_igs/2025-09-26_1227_ro_igs_ekf_convergence.png
◀◀◀ _run_or_load END   | 2025-09-26_1227 | bin=35  | ro_igs    | parametric_ekf : DONE       (106.5s) -> status=Success
▶▶▶ _run_or_load START | 2025-09-26_1227 | bin=35  | igs_only  | parametric_ekf
    [diag] 2025-09-26_1227 | bin=35  | igs_only  | parametric_ekf : RUNNING    (force=True, cached=False) ...
  [EKF] Building IRI state at 259 grid points (batch call) …
  [EnKF] Estimating background covariance from 500 EDP samples x 259 grid points ...
  [EnKF] Parameter sigma: log10(NmF2)=0.15  hmF2=20  H0=19.1  gamma=0.193  B0=20  B1=0.3  log10(NmE)=0.2  hmE=8
  [EnKF] Spatial corr (Ne-space KF method): mean=0.930  max=1.000  min=0.666
  [EKF] Running EKF_Param on 67 arc(s) …
  [EKF] 67 arcs  |  67 profile rays  |  67 update rays  |  n_state = 2072
  [EKF] Prior innovations  mean=2.96  std=27.28  max_abs=63.98 TECU
  [EKF] iterating [analytical]:   0%|          | 0/20 [00:00<?, ?it/s]  [EKF] iterating [analytical]:   0%|          | 0/20 [00:00<?, ?it/s, RMSE=27.435TECU, rel_dP=4.85e-02]  [EKF] iterating [analytical]:   5%|5         | 1/20 [00:00<00:03,  5.47it/s, RMSE=27.435TECU, rel_dP=4.85e-02]  [EKF] iterating [analytical]:   5%|5         | 1/20 [00:00<00:03,  5.47it/s, RMSE=26.619TECU, rel_dP=3.36e-02]  [EKF] iterating [analytical]:  10%|#         | 2/20 [00:00<00:03,  4.72it/s, RMSE=26.619TECU, rel_dP=3.36e-02]  [EKF] iterating [analytical]:  10%|#         | 2/20 [00:00<00:03,  4.72it/s, RMSE=26.116TECU, rel_dP=2.53e-02]  [EKF] iterating [analytical]:  15%|#5        | 3/20 [00:00<00:03,  4.56it/s, RMSE=26.116TECU, rel_dP=2.53e-02]  [EKF] iterating [analytical]:  15%|#5        | 3/20 [00:00<00:03,  4.56it/s, RMSE=25.671TECU, rel_dP=1.90e-02]  [EKF] iterating [analytical]:  20%|##        | 4/20 [00:00<00:03,  4.49it/s, RMSE=25.671TECU, rel_dP=1.90e-02]  [EKF] iterating [analytical]:  20%|##        | 4/20 [00:01<00:03,  4.49it/s, RMSE=25.380TECU, rel_dP=1.72e-02]  [EKF] iterating [analytical]:  25%|##5       | 5/20 [00:01<00:03,  4.48it/s, RMSE=25.380TECU, rel_dP=1.72e-02]  [EKF] iterating [analytical]:  25%|##5       | 5/20 [00:01<00:03,  4.48it/s, RMSE=25.196TECU, rel_dP=1.78e-02]  [EKF] iterating [analytical]:  30%|###       | 6/20 [00:01<00:03,  4.45it/s, RMSE=25.196TECU, rel_dP=1.78e-02]  [EKF] iterating [analytical]:  30%|###       | 6/20 [00:01<00:03,  4.45it/s, RMSE=25.058TECU, rel_dP=1.76e-02]  [EKF] iterating [analytical]:  35%|###5      | 7/20 [00:01<00:02,  4.45it/s, RMSE=25.058TECU, rel_dP=1.76e-02]  [EKF] iterating [analytical]:  35%|###5      | 7/20 [00:01<00:02,  4.45it/s, RMSE=24.938TECU, rel_dP=1.76e-02]  [EKF] iterating [analytical]:  40%|####      | 8/20 [00:01<00:02,  4.41it/s, RMSE=24.938TECU, rel_dP=1.76e-02]  [EKF] iterating [analytical]:  40%|####      | 8/20 [00:02<00:02,  4.41it/s, RMSE=24.827TECU, rel_dP=1.83e-02]  [EKF] iterating [analytical]:  45%|####5     | 9/20 [00:02<00:02,  4.42it/s, RMSE=24.827TECU, rel_dP=1.83e-02]  [EKF] iterating [analytical]:  45%|####5     | 9/20 [00:02<00:02,  4.42it/s, RMSE=24.721TECU, rel_dP=1.81e-02]  [EKF] iterating [analytical]:  50%|#####     | 10/20 [00:02<00:02,  4.39it/s, RMSE=24.721TECU, rel_dP=1.81e-02]  [EKF] iterating [analytical]:  50%|#####     | 10/20 [00:02<00:02,  4.39it/s, RMSE=24.618TECU, rel_dP=1.70e-02]  [EKF] iterating [analytical]:  55%|#####5    | 11/20 [00:02<00:02,  4.39it/s, RMSE=24.618TECU, rel_dP=1.70e-02]  [EKF] iterating [analytical]:  55%|#####5    | 11/20 [00:02<00:02,  4.39it/s, RMSE=24.520TECU, rel_dP=1.75e-02]  [EKF] iterating [analytical]:  60%|######    | 12/20 [00:02<00:01,  4.32it/s, RMSE=24.520TECU, rel_dP=1.75e-02]  [EKF] iterating [analytical]:  60%|######    | 12/20 [00:02<00:01,  4.32it/s, RMSE=24.421TECU, rel_dP=1.84e-02]  [EKF] iterating [analytical]:  65%|######5   | 13/20 [00:02<00:01,  4.25it/s, RMSE=24.421TECU, rel_dP=1.84e-02]  [EKF] iterating [analytical]:  65%|######5   | 13/20 [00:03<00:01,  4.25it/s, RMSE=24.324TECU, rel_dP=1.66e-02]  [EKF] iterating [analytical]:  70%|#######   | 14/20 [00:03<00:01,  4.27it/s, RMSE=24.324TECU, rel_dP=1.66e-02]  [EKF] iterating [analytical]:  70%|#######   | 14/20 [00:03<00:01,  4.27it/s, RMSE=24.233TECU, rel_dP=1.39e-02]  [EKF] iterating [analytical]:  75%|#######5  | 15/20 [00:03<00:01,  4.32it/s, RMSE=24.233TECU, rel_dP=1.39e-02]  [EKF] iterating [analytical]:  75%|#######5  | 15/20 [00:03<00:01,  4.32it/s, RMSE=24.147TECU, rel_dP=1.54e-02]  [EKF] iterating [analytical]:  80%|########  | 16/20 [00:03<00:00,  4.34it/s, RMSE=24.147TECU, rel_dP=1.54e-02]  [EKF] iterating [analytical]:  80%|########  | 16/20 [00:03<00:00,  4.34it/s, RMSE=24.056TECU, rel_dP=2.36e-02]  [EKF] iterating [analytical]:  85%|########5 | 17/20 [00:03<00:00,  4.36it/s, RMSE=24.056TECU, rel_dP=2.36e-02]  [EKF] iterating [analytical]:  85%|########5 | 17/20 [00:04<00:00,  4.36it/s, RMSE=23.957TECU, rel_dP=1.37e-02]  [EKF] iterating [analytical]:  90%|######### | 18/20 [00:04<00:00,  4.37it/s, RMSE=23.957TECU, rel_dP=1.37e-02]  [EKF] iterating [analytical]:  90%|######### | 18/20 [00:04<00:00,  4.37it/s, RMSE=23.895TECU, rel_dP=1.35e-02]  [EKF] iterating [analytical]:  95%|#########5| 19/20 [00:04<00:00,  4.37it/s, RMSE=23.895TECU, rel_dP=1.35e-02]  [EKF] iterating [analytical]:  95%|#########5| 19/20 [00:04<00:00,  4.37it/s, RMSE=23.832TECU, rel_dP=1.43e-02]  [EKF] iterating [analytical]: 100%|##########| 20/20 [00:04<00:00,  4.37it/s, RMSE=23.832TECU, rel_dP=1.43e-02]                                                                                                                   [EKF] Reached max_iter=20 without convergence  (final ||ΔP||/||P|| = 1.43e-02)
  [EKF] Posterior innovations  mean=0.65  std=23.76  max_abs=57.26 TECU
  [EKF] Prior RMSE 27.435 TECU  →  Post RMSE 23.768 TECU
  Saved EKF convergence plot → /home/austinhunter/IonosphereTomography/Figures/ISR_DA_Comparison/OUTPUT/2025-09-26_1227/bin_35/igs_only/2025-09-26_1227_igs_only_ekf_convergence.png
◀◀◀ _run_or_load END   | 2025-09-26_1227 | bin=35  | igs_only  | parametric_ekf : DONE       (497.6s) -> status=ok (no 'status' key)
  [diag] 2025-09-26_1227 | bin=35 : summary of 6 obs_mode/filter_type combos
           ro_only   | gridded_kf     -> Success
           ro_only   | parametric_ekf -> Success
           ro_igs    | gridded_kf     -> Success
           ro_igs    | parametric_ekf -> Success
           igs_only  | gridded_kf     -> ok (no 'status' key)
           igs_only  | parametric_ekf -> ok (no 'status' key)

▶▶▶ compute_isr_metrics START | group=2025-09-26_1227 bin=35
◀◀◀ compute_isr_metrics END   | group=2025-09-26_1227 bin=35 -> 0 metric row(s)

▶▶▶ _plot_group_all_modes START | group=2025-09-26_1227
  [diag] 2025-09-26_1227/ro_igs/gridded_kf: arc-innovation panels thinned to 18 RO + 20/67 representative IGS arcs (of 85 total)
  [diag] 2025-09-26_1227/ro_igs/parametric_ekf: arc-innovation panels thinned to 18 RO + 20/67 representative IGS arcs (of 85 total)
  [diag] 2025-09-26_1227/igs_only/gridded_kf: arc-innovation panels thinned to 0 RO + 20/67 representative IGS arcs (of 67 total)
  [diag] 2025-09-26_1227/igs_only/parametric_ekf: arc-innovation panels thinned to 0 RO + 20/67 representative IGS arcs (of 67 total)
/home/austinhunter/Downloads/PlanetiQ_Code/venv311/lib/python3.11/site-packages/shapely/creation.py:218: RuntimeWarning: invalid value encountered in linestrings
  return lib.linestrings(coords, np.intc(handle_nan), out=out, **kwargs)
/home/austinhunter/IonosphereTomography/plotIonosphereTomography.py:3634: UserWarning: This figure includes Axes that are not compatible with tight_layout, so results might be incorrect.
  plt.tight_layout(rect=[0, 0, 1, 0.98])
/home/austinhunter/IonosphereTomography/plotIonosphereTomography.py:3634: UserWarning: This figure includes Axes that are not compatible with tight_layout, so results might be incorrect.
  plt.tight_layout(rect=[0, 0, 1, 0.98])
/home/austinhunter/IonosphereTomography/plotIonosphereTomography.py:3634: UserWarning: This figure includes Axes that are not compatible with tight_layout, so results might be incorrect.
  plt.tight_layout(rect=[0, 0, 1, 0.98])
◀◀◀ _plot_group_all_modes END   | group=2025-09-26_1227
▶▶▶ _run_or_load START | 2025-09-26_1227 | bin=25  | ro_only   | gridded_kf    
    [diag] 2025-09-26_1227 | bin=25  | ro_only   | gridded_kf     : RUNNING    (force=True, cached=False) ...

────────────────────────────────────────────────────────────
  Group : 2025-09-26_1227
  Window: 2025-09-26_1227  |  Region: POLAR_N  |  18 occultation(s)
────────────────────────────────────────────────────────────
  Parsed 18/18 files successfully.
    [podTc2] GN04 11:43 — 402 valid rays → decimated to 134 (stride 3)
    [podTc2] GN04 11:45 — 438 valid rays → decimated to 146 (stride 3)
    [podTc2] GN04 11:47 — 553 valid rays → decimated to 185 (stride 3)
    [podTc2] GN04 11:47 — 497 valid rays → decimated to 166 (stride 3)
    [podTc2] GN05 12:43 — 485 valid rays → decimated to 162 (stride 3)
    [podTc2] GN05 12:42 — 448 valid rays → decimated to 150 (stride 3)
    [podTc2] GN05 12:44 — 551 valid rays → decimated to 184 (stride 3)
    [podTc2] GN05 12:46 — 383 valid rays → decimated to 192 (stride 2)
    [podTc2] GN05 12:50 — 475 valid rays → decimated to 159 (stride 3)
    [podTc2] GN05 12:46 — 494 valid rays → decimated to 165 (stride 3)
    [podTc2] GN05 12:48 — 441 valid rays → decimated to 147 (stride 3)
    [podTc2] GN05 12:50 — 459 valid rays → decimated to 153 (stride 3)
    [podTc2] GN05 12:47 — 363 valid rays → decimated to 182 (stride 2)
    [podTc2] GN05 12:32 — 584 valid rays → decimated to 195 (stride 3)
    [podTc2] GN05 12:33 — 437 valid rays → decimated to 146 (stride 3)
    [podTc2] GN05 12:35 — 393 valid rays → decimated to 197 (stride 2)
    [podTc2] GN05 12:38 — 439 valid rays → decimated to 147 (stride 3)
    [podTc2] GN05 12:40 — 459 valid rays → decimated to 153 (stride 3)
  Bbox lat [30.7, 90.0]  lon [-180.0, 180.0]  |  union vertices: 143
  Final group: 18 occultation(s), 143 union-mesh vertices
  Saved trim diagnostic → /home/austinhunter/IonosphereTomography/Figures/ISR_DA_Comparison/OUTPUT/2025-09-26_1227/bin_25/ro_only/group_2025-09-26_1227_trim.png
  -> Building H matrices (2963 rays across 18 arc(s), single parallel sweep) …
  -> Building H matrices:    296/2963 rays ( 10.0%)
  -> Building H matrices:    592/2963 rays ( 20.0%)
  -> Building H matrices:    888/2963 rays ( 30.0%)
  -> Building H matrices:   1184/2963 rays ( 40.0%)
  -> Building H matrices:   1480/2963 rays ( 49.9%)
  -> Building H matrices:   1776/2963 rays ( 59.9%)
  -> Building H matrices:   2072/2963 rays ( 69.9%)
  -> Building H matrices:   2368/2963 rays ( 79.9%)
  -> Building H matrices:   2664/2963 rays ( 89.9%)
  -> Building H matrices:   2960/2963 rays ( 99.9%)
  -> Building H matrices:   2963/2963 rays (100.0%)
  Combined H shape : (2963, 8008)  (total rays = 2963)
  Skipping sequential KF assimilation (run_sequential=False).
  Running joint (batch) KF assimilation …
  Prior RMSE  : 27.323 TECU
  Post  RMSE  : 6.100 TECU
    [Abel] GN04 11:43: NmF2=4.69e+11 m⁻³  hmF2=390.6 km
    [Abel] GN04 11:45: NmF2=5.04e+11 m⁻³  hmF2=291.9 km
    [Abel] GN04 11:47: NmF2=6.86e+11 m⁻³  hmF2=300.7 km
    [Abel] GN04 11:47: NmF2=5.50e+11 m⁻³  hmF2=284.4 km
    [Abel] GN05 12:43: NmF2=7.88e+11 m⁻³  hmF2=269.8 km
    [Abel] GN05 12:42: NmF2=4.26e+11 m⁻³  hmF2=329.1 km
    [Abel] GN05 12:44: NmF2=7.89e+11 m⁻³  hmF2=279.9 km
    [Abel] GN05 12:46: NmF2=9.16e+11 m⁻³  hmF2=290.0 km
    [Abel] GN05 12:50: NmF2=1.26e+12 m⁻³  hmF2=270.2 km
    [Abel] GN05 12:46: NmF2=6.96e+11 m⁻³  hmF2=284.5 km
    [Abel] GN05 12:48: NmF2=6.76e+11 m⁻³  hmF2=279.4 km
    [Abel] GN05 12:50: NmF2=1.19e+12 m⁻³  hmF2=281.6 km
    [Abel] GN05 12:47: NmF2=7.89e+11 m⁻³  hmF2=284.8 km
    [Abel] GN05 12:32: NmF2=5.13e+11 m⁻³  hmF2=287.9 km
    [Abel] GN05 12:33: NmF2=5.32e+11 m⁻³  hmF2=324.2 km
    [Abel] GN05 12:35: NmF2=7.75e+11 m⁻³  hmF2=272.4 km
    [Abel] GN05 12:38: NmF2=9.55e+11 m⁻³  hmF2=275.6 km
    [Abel] GN05 12:40: NmF2=7.72e+11 m⁻³  hmF2=266.2 km
◀◀◀ _run_or_load END   | 2025-09-26_1227 | bin=25  | ro_only   | gridded_kf     : DONE       (155.4s) -> status=Success
▶▶▶ _run_or_load START | 2025-09-26_1227 | bin=25  | ro_igs    | gridded_kf    
    [diag] 2025-09-26_1227 | bin=25  | ro_igs    | gridded_kf     : RUNNING    (force=True, cached=False) ...

────────────────────────────────────────────────────────────
  Group : 2025-09-26_1227
  Window: 2025-09-26_1227  |  Region: POLAR_N  |  18 occultation(s)
────────────────────────────────────────────────────────────
  Parsed 18/18 files successfully.
    [podTc2] GN04 11:43 — 402 valid rays → decimated to 134 (stride 3)
    [podTc2] GN04 11:45 — 438 valid rays → decimated to 146 (stride 3)
    [podTc2] GN04 11:47 — 553 valid rays → decimated to 185 (stride 3)
    [podTc2] GN04 11:47 — 497 valid rays → decimated to 166 (stride 3)
    [podTc2] GN05 12:43 — 485 valid rays → decimated to 162 (stride 3)
    [podTc2] GN05 12:42 — 448 valid rays → decimated to 150 (stride 3)
    [podTc2] GN05 12:44 — 551 valid rays → decimated to 184 (stride 3)
    [podTc2] GN05 12:46 — 383 valid rays → decimated to 192 (stride 2)
    [podTc2] GN05 12:50 — 475 valid rays → decimated to 159 (stride 3)
    [podTc2] GN05 12:46 — 494 valid rays → decimated to 165 (stride 3)
    [podTc2] GN05 12:48 — 441 valid rays → decimated to 147 (stride 3)
    [podTc2] GN05 12:50 — 459 valid rays → decimated to 153 (stride 3)
    [podTc2] GN05 12:47 — 363 valid rays → decimated to 182 (stride 2)
    [podTc2] GN05 12:32 — 584 valid rays → decimated to 195 (stride 3)
    [podTc2] GN05 12:33 — 437 valid rays → decimated to 146 (stride 3)
    [podTc2] GN05 12:35 — 393 valid rays → decimated to 197 (stride 2)
    [podTc2] GN05 12:38 — 439 valid rays → decimated to 147 (stride 3)
    [podTc2] GN05 12:40 — 459 valid rays → decimated to 153 (stride 3)
  Bbox lat [30.7, 90.0]  lon [-180.0, 180.0]  |  union vertices: 143
  Final group: 18 occultation(s), 143 union-mesh vertices
  Saved trim diagnostic → /home/austinhunter/IonosphereTomography/Figures/ISR_DA_Comparison/OUTPUT/2025-09-26_1227/bin_25/ro_igs/group_2025-09-26_1227_trim.png
  [extra] Injected 67 ground-station arc(s) → total 85 arc(s) in assimilation pool
  -> Building H matrices (3030 rays across 85 arc(s), single parallel sweep) …
  -> Building H matrices:    303/3030 rays ( 10.0%)
  -> Building H matrices:    606/3030 rays ( 20.0%)
  -> Building H matrices:    909/3030 rays ( 30.0%)
  -> Building H matrices:   1212/3030 rays ( 40.0%)
  -> Building H matrices:   1515/3030 rays ( 50.0%)
  -> Building H matrices:   1818/3030 rays ( 60.0%)
  -> Building H matrices:   2121/3030 rays ( 70.0%)
  -> Building H matrices:   2424/3030 rays ( 80.0%)
  -> Building H matrices:   2727/3030 rays ( 90.0%)
  -> Building H matrices:   3030/3030 rays (100.0%)
  Combined H shape : (3030, 8008)  (total rays = 3030)
  Skipping sequential KF assimilation (run_sequential=False).
  Running joint (batch) KF assimilation …
  Prior RMSE  : 27.369 TECU
  Post  RMSE  : 7.091 TECU
    [Abel] GN04 11:43: NmF2=4.69e+11 m⁻³  hmF2=390.6 km
    [Abel] GN04 11:45: NmF2=5.04e+11 m⁻³  hmF2=291.9 km
    [Abel] GN04 11:47: NmF2=6.86e+11 m⁻³  hmF2=300.7 km
    [Abel] GN04 11:47: NmF2=5.50e+11 m⁻³  hmF2=284.4 km
    [Abel] GN05 12:43: NmF2=7.88e+11 m⁻³  hmF2=269.8 km
    [Abel] GN05 12:42: NmF2=4.26e+11 m⁻³  hmF2=329.1 km
    [Abel] GN05 12:44: NmF2=7.89e+11 m⁻³  hmF2=279.9 km
    [Abel] GN05 12:46: NmF2=9.16e+11 m⁻³  hmF2=290.0 km
    [Abel] GN05 12:50: NmF2=1.26e+12 m⁻³  hmF2=270.2 km
    [Abel] GN05 12:46: NmF2=6.96e+11 m⁻³  hmF2=284.5 km
    [Abel] GN05 12:48: NmF2=6.76e+11 m⁻³  hmF2=279.4 km
    [Abel] GN05 12:50: NmF2=1.19e+12 m⁻³  hmF2=281.6 km
    [Abel] GN05 12:47: NmF2=7.89e+11 m⁻³  hmF2=284.8 km
    [Abel] GN05 12:32: NmF2=5.13e+11 m⁻³  hmF2=287.9 km
    [Abel] GN05 12:33: NmF2=5.32e+11 m⁻³  hmF2=324.2 km
    [Abel] GN05 12:35: NmF2=7.75e+11 m⁻³  hmF2=272.4 km
    [Abel] GN05 12:38: NmF2=9.55e+11 m⁻³  hmF2=275.6 km
    [Abel] GN05 12:40: NmF2=7.72e+11 m⁻³  hmF2=266.2 km
    [Abel] Skipped 67 ground-station arc(s) (RO-only technique)
/home/austinhunter/Downloads/PlanetiQ_Code/venv311/lib/python3.11/site-packages/shapely/creation.py:218: RuntimeWarning: invalid value encountered in linestrings
  return lib.linestrings(coords, np.intc(handle_nan), out=out, **kwargs)
◀◀◀ _run_or_load END   | 2025-09-26_1227 | bin=25  | ro_igs    | gridded_kf     : DONE       (153.4s) -> status=Success
▶▶▶ _run_or_load START | 2025-09-26_1227 | bin=25  | igs_only  | gridded_kf    
    [diag] 2025-09-26_1227 | bin=25  | igs_only  | gridded_kf     : RUNNING    (force=True, cached=False) ...
    [Info] Initialising information matrix (n_state=14245) …
    [Info] arcs ingested = 67/67  |  obs rows = 67  |  Λ cond ≈ 3.61e+23
    [Info] Solving …
    [Prior] innovation  mean=17.07  std=25.27  n_obs=67
    [Post ] innovation  mean=10.83  std=19.70
    RMSE:  prior=30.496 TECU  →  post=22.481 TECU
◀◀◀ _run_or_load END   | 2025-09-26_1227 | bin=25  | igs_only  | gridded_kf     : DONE       (99.2s) -> status=ok (no 'status' key)
▶▶▶ _run_or_load START | 2025-09-26_1227 | bin=25  | ro_only   | parametric_ekf
    [diag] 2025-09-26_1227 | bin=25  | ro_only   | parametric_ekf : RUNNING    (force=True, cached=False) ...
  [EKF] Building IRI state at 143 grid points (batch call) …
  [EnKF] Estimating background covariance from 50 EDP samples x 143 grid points ...
  [EnKF] Parameter sigma: log10(NmF2)=0.15  hmF2=20  H0=18.7  gamma=0.16  B0=20  B1=0.3  log10(NmE)=0.2  hmE=8
  [EnKF] Spatial corr (Ne-space KF method): mean=0.932  max=1.000  min=0.693
  [EKF] Running EKF_Param on 18 arc(s) …
  [EKF] 18 arcs  |  2963 profile rays  |  1495 update rays  |  n_state = 1144
  [EKF] Prior innovations  mean=8.18  std=30.80  max_abs=154.64 TECU
  [EKF] iterating [analytical]:   0%|          | 0/20 [00:00<?, ?it/s]  [EKF] iterating [analytical]:   0%|          | 0/20 [00:03<?, ?it/s, RMSE=31.866TECU, rel_dP=1.67e-01]  [EKF] iterating [analytical]:   5%|5         | 1/20 [00:03<01:07,  3.58s/it, RMSE=31.866TECU, rel_dP=1.67e-01]  [EKF] iterating [analytical]:   5%|5         | 1/20 [00:07<01:07,  3.58s/it, RMSE=27.542TECU, rel_dP=2.75e-02]  [EKF] iterating [analytical]:  10%|#         | 2/20 [00:07<01:04,  3.57s/it, RMSE=27.542TECU, rel_dP=2.75e-02]  [EKF] iterating [analytical]:  10%|#         | 2/20 [00:10<01:04,  3.57s/it, RMSE=16.894TECU, rel_dP=2.20e-02]  [EKF] iterating [analytical]:  15%|#5        | 3/20 [00:10<01:00,  3.57s/it, RMSE=16.894TECU, rel_dP=2.20e-02]  [EKF] iterating [analytical]:  15%|#5        | 3/20 [00:14<01:00,  3.57s/it, RMSE=13.072TECU, rel_dP=2.10e-02]  [EKF] iterating [analytical]:  20%|##        | 4/20 [00:14<00:56,  3.55s/it, RMSE=13.072TECU, rel_dP=2.10e-02]  [EKF] iterating [analytical]:  20%|##        | 4/20 [00:17<00:56,  3.55s/it, RMSE=11.688TECU, rel_dP=2.09e-02]  [EKF] iterating [analytical]:  25%|##5       | 5/20 [00:17<00:52,  3.53s/it, RMSE=11.688TECU, rel_dP=2.09e-02]  [EKF] iterating [analytical]:  25%|##5       | 5/20 [00:21<00:52,  3.53s/it, RMSE=11.057TECU, rel_dP=1.93e-02]  [EKF] iterating [analytical]:  30%|###       | 6/20 [00:21<00:49,  3.52s/it, RMSE=11.057TECU, rel_dP=1.93e-02]  [EKF] iterating [analytical]:  30%|###       | 6/20 [00:24<00:49,  3.52s/it, RMSE=10.606TECU, rel_dP=1.95e-02]  [EKF] iterating [analytical]:  35%|###5      | 7/20 [00:24<00:45,  3.53s/it, RMSE=10.606TECU, rel_dP=1.95e-02]  [EKF] iterating [analytical]:  35%|###5      | 7/20 [00:28<00:45,  3.53s/it, RMSE=10.568TECU, rel_dP=1.30e-02]  [EKF] iterating [analytical]:  40%|####      | 8/20 [00:28<00:42,  3.55s/it, RMSE=10.568TECU, rel_dP=1.30e-02]  [EKF] iterating [analytical]:  40%|####      | 8/20 [00:31<00:42,  3.55s/it, RMSE=11.068TECU, rel_dP=1.60e-02]  [EKF] iterating [analytical]:  45%|####5     | 9/20 [00:31<00:38,  3.53s/it, RMSE=11.068TECU, rel_dP=1.60e-02]  [EKF] iterating [analytical]:  45%|####5     | 9/20 [00:35<00:38,  3.53s/it, RMSE=12.591TECU, rel_dP=2.03e-02]  [EKF] iterating [analytical]:  50%|#####     | 10/20 [00:35<00:35,  3.55s/it, RMSE=12.591TECU, rel_dP=2.03e-02]  [EKF] iterating [analytical]:  50%|#####     | 10/20 [00:39<00:35,  3.55s/it, RMSE=15.280TECU, rel_dP=2.12e-02]  [EKF] iterating [analytical]:  55%|#####5    | 11/20 [00:39<00:31,  3.55s/it, RMSE=15.280TECU, rel_dP=2.12e-02]  [EKF] iterating [analytical]:  55%|#####5    | 11/20 [00:42<00:31,  3.55s/it, RMSE=17.692TECU, rel_dP=2.40e-02]  [EKF] iterating [analytical]:  60%|######    | 12/20 [00:42<00:28,  3.55s/it, RMSE=17.692TECU, rel_dP=2.40e-02]  [EKF] iterating [analytical]:  60%|######    | 12/20 [00:46<00:28,  3.55s/it, RMSE=20.723TECU, rel_dP=2.70e-02]  [EKF] iterating [analytical]:  65%|######5   | 13/20 [00:46<00:24,  3.53s/it, RMSE=20.723TECU, rel_dP=2.70e-02]  [EKF] iterating [analytical]:  65%|######5   | 13/20 [00:49<00:24,  3.53s/it, RMSE=23.794TECU, rel_dP=2.99e-02]  [EKF] iterating [analytical]:  70%|#######   | 14/20 [00:49<00:21,  3.53s/it, RMSE=23.794TECU, rel_dP=2.99e-02]  [EKF] iterating [analytical]:  70%|#######   | 14/20 [00:53<00:21,  3.53s/it, RMSE=25.949TECU, rel_dP=3.17e-02]  [EKF] iterating [analytical]:  75%|#######5  | 15/20 [00:53<00:17,  3.52s/it, RMSE=25.949TECU, rel_dP=3.17e-02]  [EKF] iterating [analytical]:  75%|#######5  | 15/20 [00:56<00:17,  3.52s/it, RMSE=26.621TECU, rel_dP=3.36e-02]  [EKF] iterating [analytical]:  80%|########  | 16/20 [00:56<00:14,  3.55s/it, RMSE=26.621TECU, rel_dP=3.36e-02]  [EKF] iterating [analytical]:  80%|########  | 16/20 [01:00<00:14,  3.55s/it, RMSE=27.233TECU, rel_dP=3.73e-02]  [EKF] iterating [analytical]:  85%|########5 | 17/20 [01:00<00:10,  3.56s/it, RMSE=27.233TECU, rel_dP=3.73e-02]  [EKF] iterating [analytical]:  85%|########5 | 17/20 [01:03<00:10,  3.56s/it, RMSE=27.693TECU, rel_dP=3.68e-02]  [EKF] iterating [analytical]:  90%|######### | 18/20 [01:03<00:07,  3.54s/it, RMSE=27.693TECU, rel_dP=3.68e-02]  [EKF] iterating [analytical]:  90%|######### | 18/20 [01:07<00:07,  3.54s/it, RMSE=27.740TECU, rel_dP=4.03e-02]  [EKF] iterating [analytical]:  95%|#########5| 19/20 [01:07<00:03,  3.54s/it, RMSE=27.740TECU, rel_dP=4.03e-02]  [EKF] iterating [analytical]:  95%|#########5| 19/20 [01:10<00:03,  3.54s/it, RMSE=28.123TECU, rel_dP=4.12e-02]  [EKF] iterating [analytical]: 100%|##########| 20/20 [01:10<00:00,  3.52s/it, RMSE=28.123TECU, rel_dP=4.12e-02]                                                                                                                   [EKF] Reached max_iter=20 without convergence  (final ||ΔP||/||P|| = 4.12e-02)
  [EKF] Posterior innovations  mean=-10.21  std=26.73  max_abs=147.25 TECU
  [EKF] Prior RMSE 31.968 TECU  →  Post RMSE 28.618 TECU
  Saved EKF convergence plot → /home/austinhunter/IonosphereTomography/Figures/ISR_DA_Comparison/OUTPUT/2025-09-26_1227/bin_25/ro_only/2025-09-26_1227_ro_only_ekf_convergence.png
◀◀◀ _run_or_load END   | 2025-09-26_1227 | bin=25  | ro_only   | parametric_ekf : DONE       (102.3s) -> status=Success
▶▶▶ _run_or_load START | 2025-09-26_1227 | bin=25  | ro_igs    | parametric_ekf
    [diag] 2025-09-26_1227 | bin=25  | ro_igs    | parametric_ekf : RUNNING    (force=True, cached=False) ...
  [EKF] Building IRI state at 143 grid points (batch call) …
  [EnKF] Estimating background covariance from 50 EDP samples x 143 grid points ...
  [EnKF] Parameter sigma: log10(NmF2)=0.15  hmF2=20  H0=18.7  gamma=0.16  B0=20  B1=0.3  log10(NmE)=0.2  hmE=8
  [EnKF] Spatial corr (Ne-space KF method): mean=0.932  max=1.000  min=0.693
  [EKF] Running EKF_Param on 85 arc(s) …
  [EKF] 85 arcs  |  3030 profile rays  |  1562 update rays  |  n_state = 1144
  [EKF] Prior innovations  mean=46.89  std=42.15  max_abs=242.86 TECU
  [EKF] iterating [analytical]:   0%|          | 0/20 [00:00<?, ?it/s]  [EKF] iterating [analytical]:   0%|          | 0/20 [00:03<?, ?it/s, RMSE=63.049TECU, rel_dP=1.34e-01]  [EKF] iterating [analytical]:   5%|5         | 1/20 [00:03<01:11,  3.74s/it, RMSE=63.049TECU, rel_dP=1.34e-01]  [EKF] iterating [analytical]:   5%|5         | 1/20 [00:07<01:11,  3.74s/it, RMSE=24.945TECU, rel_dP=2.14e-02]  [EKF] iterating [analytical]:  10%|#         | 2/20 [00:07<01:06,  3.72s/it, RMSE=24.945TECU, rel_dP=2.14e-02]  [EKF] iterating [analytical]:  10%|#         | 2/20 [00:11<01:06,  3.72s/it, RMSE=16.695TECU, rel_dP=2.16e-02]  [EKF] iterating [analytical]:  15%|#5        | 3/20 [00:11<01:03,  3.71s/it, RMSE=16.695TECU, rel_dP=2.16e-02]  [EKF] iterating [analytical]:  15%|#5        | 3/20 [00:14<01:03,  3.71s/it, RMSE=13.853TECU, rel_dP=2.09e-02]  [EKF] iterating [analytical]:  20%|##        | 4/20 [00:14<00:59,  3.69s/it, RMSE=13.853TECU, rel_dP=2.09e-02]  [EKF] iterating [analytical]:  20%|##        | 4/20 [00:18<00:59,  3.69s/it, RMSE=12.824TECU, rel_dP=1.84e-02]  [EKF] iterating [analytical]:  25%|##5       | 5/20 [00:18<00:55,  3.68s/it, RMSE=12.824TECU, rel_dP=1.84e-02]  [EKF] iterating [analytical]:  25%|##5       | 5/20 [00:22<00:55,  3.68s/it, RMSE=12.319TECU, rel_dP=1.61e-02]  [EKF] iterating [analytical]:  30%|###       | 6/20 [00:22<00:52,  3.72s/it, RMSE=12.319TECU, rel_dP=1.61e-02]  [EKF] iterating [analytical]:  30%|###       | 6/20 [00:25<00:52,  3.72s/it, RMSE=12.144TECU, rel_dP=1.20e-02]  [EKF] iterating [analytical]:  35%|###5      | 7/20 [00:25<00:48,  3.69s/it, RMSE=12.144TECU, rel_dP=1.20e-02]  [EKF] iterating [analytical]:  35%|###5      | 7/20 [00:29<00:48,  3.69s/it, RMSE=11.985TECU, rel_dP=9.87e-03]  [EKF] iterating [analytical]:  40%|####      | 8/20 [00:29<00:44,  3.68s/it, RMSE=11.985TECU, rel_dP=9.87e-03]  [EKF] iterating [analytical]:  40%|####      | 8/20 [00:33<00:44,  3.68s/it, RMSE=12.237TECU, rel_dP=1.27e-02]  [EKF] iterating [analytical]:  45%|####5     | 9/20 [00:33<00:40,  3.67s/it, RMSE=12.237TECU, rel_dP=1.27e-02]  [EKF] iterating [analytical]:  45%|####5     | 9/20 [00:36<00:40,  3.67s/it, RMSE=13.204TECU, rel_dP=1.68e-02]  [EKF] iterating [analytical]:  50%|#####     | 10/20 [00:36<00:36,  3.65s/it, RMSE=13.204TECU, rel_dP=1.68e-02]  [EKF] iterating [analytical]:  50%|#####     | 10/20 [00:40<00:36,  3.65s/it, RMSE=14.988TECU, rel_dP=1.95e-02]  [EKF] iterating [analytical]:  55%|#####5    | 11/20 [00:40<00:32,  3.64s/it, RMSE=14.988TECU, rel_dP=1.95e-02]  [EKF] iterating [analytical]:  55%|#####5    | 11/20 [00:44<00:32,  3.64s/it, RMSE=16.990TECU, rel_dP=2.18e-02]  [EKF] iterating [analytical]:  60%|######    | 12/20 [00:44<00:29,  3.64s/it, RMSE=16.990TECU, rel_dP=2.18e-02]  [EKF] iterating [analytical]:  60%|######    | 12/20 [00:47<00:29,  3.64s/it, RMSE=19.406TECU, rel_dP=2.56e-02]  [EKF] iterating [analytical]:  65%|######5   | 13/20 [00:47<00:25,  3.64s/it, RMSE=19.406TECU, rel_dP=2.56e-02]  [EKF] iterating [analytical]:  65%|######5   | 13/20 [00:51<00:25,  3.64s/it, RMSE=22.310TECU, rel_dP=2.89e-02]  [EKF] iterating [analytical]:  70%|#######   | 14/20 [00:51<00:22,  3.68s/it, RMSE=22.310TECU, rel_dP=2.89e-02]  [EKF] iterating [analytical]:  70%|#######   | 14/20 [00:55<00:22,  3.68s/it, RMSE=24.963TECU, rel_dP=3.05e-02]  [EKF] iterating [analytical]:  75%|#######5  | 15/20 [00:55<00:18,  3.69s/it, RMSE=24.963TECU, rel_dP=3.05e-02]  [EKF] iterating [analytical]:  75%|#######5  | 15/20 [00:58<00:18,  3.69s/it, RMSE=26.325TECU, rel_dP=3.17e-02]  [EKF] iterating [analytical]:  80%|########  | 16/20 [00:58<00:14,  3.72s/it, RMSE=26.325TECU, rel_dP=3.17e-02]  [EKF] iterating [analytical]:  80%|########  | 16/20 [01:02<00:14,  3.72s/it, RMSE=26.458TECU, rel_dP=3.43e-02]  [EKF] iterating [analytical]:  85%|########5 | 17/20 [01:02<00:11,  3.72s/it, RMSE=26.458TECU, rel_dP=3.43e-02]  [EKF] iterating [analytical]:  85%|########5 | 17/20 [01:06<00:11,  3.72s/it, RMSE=26.875TECU, rel_dP=3.57e-02]  [EKF] iterating [analytical]:  90%|######### | 18/20 [01:06<00:07,  3.69s/it, RMSE=26.875TECU, rel_dP=3.57e-02]  [EKF] iterating [analytical]:  90%|######### | 18/20 [01:09<00:07,  3.69s/it, RMSE=27.437TECU, rel_dP=3.78e-02]  [EKF] iterating [analytical]:  95%|#########5| 19/20 [01:09<00:03,  3.66s/it, RMSE=27.437TECU, rel_dP=3.78e-02]  [EKF] iterating [analytical]:  95%|#########5| 19/20 [01:13<00:03,  3.66s/it, RMSE=27.615TECU, rel_dP=3.90e-02]  [EKF] iterating [analytical]: 100%|##########| 20/20 [01:13<00:00,  3.65s/it, RMSE=27.615TECU, rel_dP=3.90e-02]                                                                                                                   [EKF] Reached max_iter=20 without convergence  (final ||ΔP||/||P|| = 3.90e-02)
  [EKF] Posterior innovations  mean=-8.89  std=26.70  max_abs=150.17 TECU
  [EKF] Prior RMSE 63.669 TECU  →  Post RMSE 28.082 TECU
  Saved EKF convergence plot → /home/austinhunter/IonosphereTomography/Figures/ISR_DA_Comparison/OUTPUT/2025-09-26_1227/bin_25/ro_igs/2025-09-26_1227_ro_igs_ekf_convergence.png
◀◀◀ _run_or_load END   | 2025-09-26_1227 | bin=25  | ro_igs    | parametric_ekf : DONE       (105.9s) -> status=Success
▶▶▶ _run_or_load START | 2025-09-26_1227 | bin=25  | igs_only  | parametric_ekf
    [diag] 2025-09-26_1227 | bin=25  | igs_only  | parametric_ekf : RUNNING    (force=True, cached=False) ...
  [EKF] Building IRI state at 259 grid points (batch call) …
  [EnKF] Estimating background covariance from 500 EDP samples x 259 grid points ...
  [EnKF] Parameter sigma: log10(NmF2)=0.15  hmF2=20  H0=19.1  gamma=0.193  B0=20  B1=0.3  log10(NmE)=0.2  hmE=8
  [EnKF] Spatial corr (Ne-space KF method): mean=0.930  max=1.000  min=0.666
  [EKF] Running EKF_Param on 67 arc(s) …
  [EKF] 67 arcs  |  67 profile rays  |  67 update rays  |  n_state = 2072
  [EKF] Prior innovations  mean=16.84  std=25.54  max_abs=60.82 TECU
  [EKF] iterating [analytical]:   0%|          | 0/20 [00:00<?, ?it/s]  [EKF] iterating [analytical]:   0%|          | 0/20 [00:00<?, ?it/s, RMSE=30.593TECU, rel_dP=4.47e-02]  [EKF] iterating [analytical]:   5%|5         | 1/20 [00:00<00:03,  5.16it/s, RMSE=30.593TECU, rel_dP=4.47e-02]  [EKF] iterating [analytical]:   5%|5         | 1/20 [00:00<00:03,  5.16it/s, RMSE=27.529TECU, rel_dP=2.91e-02]  [EKF] iterating [analytical]:  10%|#         | 2/20 [00:00<00:03,  4.67it/s, RMSE=27.529TECU, rel_dP=2.91e-02]  [EKF] iterating [analytical]:  10%|#         | 2/20 [00:00<00:03,  4.67it/s, RMSE=26.165TECU, rel_dP=2.19e-02]  [EKF] iterating [analytical]:  15%|#5        | 3/20 [00:00<00:03,  4.61it/s, RMSE=26.165TECU, rel_dP=2.19e-02]  [EKF] iterating [analytical]:  15%|#5        | 3/20 [00:00<00:03,  4.61it/s, RMSE=25.671TECU, rel_dP=1.91e-02]  [EKF] iterating [analytical]:  20%|##        | 4/20 [00:00<00:03,  4.52it/s, RMSE=25.671TECU, rel_dP=1.91e-02]  [EKF] iterating [analytical]:  20%|##        | 4/20 [00:01<00:03,  4.52it/s, RMSE=25.436TECU, rel_dP=1.88e-02]  [EKF] iterating [analytical]:  25%|##5       | 5/20 [00:01<00:03,  4.41it/s, RMSE=25.436TECU, rel_dP=1.88e-02]  [EKF] iterating [analytical]:  25%|##5       | 5/20 [00:01<00:03,  4.41it/s, RMSE=25.282TECU, rel_dP=1.58e-02]  [EKF] iterating [analytical]:  30%|###       | 6/20 [00:01<00:03,  4.38it/s, RMSE=25.282TECU, rel_dP=1.58e-02]  [EKF] iterating [analytical]:  30%|###       | 6/20 [00:01<00:03,  4.38it/s, RMSE=25.162TECU, rel_dP=1.54e-02]  [EKF] iterating [analytical]:  35%|###5      | 7/20 [00:01<00:02,  4.41it/s, RMSE=25.162TECU, rel_dP=1.54e-02]  [EKF] iterating [analytical]:  35%|###5      | 7/20 [00:01<00:02,  4.41it/s, RMSE=25.054TECU, rel_dP=1.56e-02]  [EKF] iterating [analytical]:  40%|####      | 8/20 [00:01<00:02,  4.42it/s, RMSE=25.054TECU, rel_dP=1.56e-02]  [EKF] iterating [analytical]:  40%|####      | 8/20 [00:02<00:02,  4.42it/s, RMSE=24.954TECU, rel_dP=1.38e-02]  [EKF] iterating [analytical]:  45%|####5     | 9/20 [00:02<00:02,  4.44it/s, RMSE=24.954TECU, rel_dP=1.38e-02]  [EKF] iterating [analytical]:  45%|####5     | 9/20 [00:02<00:02,  4.44it/s, RMSE=24.861TECU, rel_dP=1.29e-02]  [EKF] iterating [analytical]:  50%|#####     | 10/20 [00:02<00:02,  4.45it/s, RMSE=24.861TECU, rel_dP=1.29e-02]  [EKF] iterating [analytical]:  50%|#####     | 10/20 [00:02<00:02,  4.45it/s, RMSE=24.770TECU, rel_dP=1.44e-02]  [EKF] iterating [analytical]:  55%|#####5    | 11/20 [00:02<00:02,  4.40it/s, RMSE=24.770TECU, rel_dP=1.44e-02]  [EKF] iterating [analytical]:  55%|#####5    | 11/20 [00:02<00:02,  4.40it/s, RMSE=24.680TECU, rel_dP=1.32e-02]  [EKF] iterating [analytical]:  60%|######    | 12/20 [00:02<00:01,  4.37it/s, RMSE=24.680TECU, rel_dP=1.32e-02]  [EKF] iterating [analytical]:  60%|######    | 12/20 [00:02<00:01,  4.37it/s, RMSE=24.593TECU, rel_dP=1.18e-02]  [EKF] iterating [analytical]:  65%|######5   | 13/20 [00:02<00:01,  4.38it/s, RMSE=24.593TECU, rel_dP=1.18e-02]  [EKF] iterating [analytical]:  65%|######5   | 13/20 [00:03<00:01,  4.38it/s, RMSE=24.510TECU, rel_dP=1.16e-02]  [EKF] iterating [analytical]:  70%|#######   | 14/20 [00:03<00:01,  4.38it/s, RMSE=24.510TECU, rel_dP=1.16e-02]  [EKF] iterating [analytical]:  70%|#######   | 14/20 [00:03<00:01,  4.38it/s, RMSE=24.427TECU, rel_dP=1.23e-02]  [EKF] iterating [analytical]:  75%|#######5  | 15/20 [00:03<00:01,  4.33it/s, RMSE=24.427TECU, rel_dP=1.23e-02]  [EKF] iterating [analytical]:  75%|#######5  | 15/20 [00:03<00:01,  4.33it/s, RMSE=24.345TECU, rel_dP=1.27e-02]  [EKF] iterating [analytical]:  80%|########  | 16/20 [00:03<00:00,  4.35it/s, RMSE=24.345TECU, rel_dP=1.27e-02]  [EKF] iterating [analytical]:  80%|########  | 16/20 [00:03<00:00,  4.35it/s, RMSE=24.264TECU, rel_dP=1.10e-02]  [EKF] iterating [analytical]:  85%|########5 | 17/20 [00:03<00:00,  4.33it/s, RMSE=24.264TECU, rel_dP=1.10e-02]  [EKF] iterating [analytical]:  85%|########5 | 17/20 [00:04<00:00,  4.33it/s, RMSE=24.187TECU, rel_dP=9.78e-03]  [EKF] iterating [analytical]:  90%|######### | 18/20 [00:04<00:00,  4.33it/s, RMSE=24.187TECU, rel_dP=9.78e-03]  [EKF] iterating [analytical]:  90%|######### | 18/20 [00:04<00:00,  4.33it/s, RMSE=24.112TECU, rel_dP=1.10e-02]  [EKF] iterating [analytical]:  95%|#########5| 19/20 [00:04<00:00,  4.37it/s, RMSE=24.112TECU, rel_dP=1.10e-02]  [EKF] iterating [analytical]:  95%|#########5| 19/20 [00:04<00:00,  4.37it/s, RMSE=24.037TECU, rel_dP=1.21e-02]  [EKF] iterating [analytical]: 100%|##########| 20/20 [00:04<00:00,  4.37it/s, RMSE=24.037TECU, rel_dP=1.21e-02]                                                                                                                   [EKF] Reached max_iter=20 without convergence  (final ||ΔP||/||P|| = 1.21e-02)
  [EKF] Posterior innovations  mean=1.33  std=23.92  max_abs=55.40 TECU
  [EKF] Prior RMSE 30.593 TECU  →  Post RMSE 23.961 TECU
  Saved EKF convergence plot → /home/austinhunter/IonosphereTomography/Figures/ISR_DA_Comparison/OUTPUT/2025-09-26_1227/bin_25/igs_only/2025-09-26_1227_igs_only_ekf_convergence.png
◀◀◀ _run_or_load END   | 2025-09-26_1227 | bin=25  | igs_only  | parametric_ekf : DONE       (511.7s) -> status=ok (no 'status' key)
  [diag] 2025-09-26_1227 | bin=25 : summary of 6 obs_mode/filter_type combos
           ro_only   | gridded_kf     -> Success
           ro_only   | parametric_ekf -> Success
           ro_igs    | gridded_kf     -> Success
           ro_igs    | parametric_ekf -> Success
           igs_only  | gridded_kf     -> ok (no 'status' key)
           igs_only  | parametric_ekf -> ok (no 'status' key)

▶▶▶ compute_isr_metrics START | group=2025-09-26_1227 bin=25
◀◀◀ compute_isr_metrics END   | group=2025-09-26_1227 bin=25 -> 0 metric row(s)

▶▶▶ _plot_group_all_modes START | group=2025-09-26_1227
  [diag] 2025-09-26_1227/ro_igs/gridded_kf: arc-innovation panels thinned to 18 RO + 20/67 representative IGS arcs (of 85 total)
  [diag] 2025-09-26_1227/ro_igs/parametric_ekf: arc-innovation panels thinned to 18 RO + 20/67 representative IGS arcs (of 85 total)
  [diag] 2025-09-26_1227/igs_only/gridded_kf: arc-innovation panels thinned to 0 RO + 20/67 representative IGS arcs (of 67 total)
  [diag] 2025-09-26_1227/igs_only/parametric_ekf: arc-innovation panels thinned to 0 RO + 20/67 representative IGS arcs (of 67 total)
/home/austinhunter/Downloads/PlanetiQ_Code/venv311/lib/python3.11/site-packages/shapely/creation.py:218: RuntimeWarning: invalid value encountered in linestrings
  return lib.linestrings(coords, np.intc(handle_nan), out=out, **kwargs)
/home/austinhunter/IonosphereTomography/plotIonosphereTomography.py:3634: UserWarning: This figure includes Axes that are not compatible with tight_layout, so results might be incorrect.
  plt.tight_layout(rect=[0, 0, 1, 0.98])
/home/austinhunter/IonosphereTomography/plotIonosphereTomography.py:3634: UserWarning: This figure includes Axes that are not compatible with tight_layout, so results might be incorrect.
  plt.tight_layout(rect=[0, 0, 1, 0.98])
/home/austinhunter/IonosphereTomography/plotIonosphereTomography.py:3634: UserWarning: This figure includes Axes that are not compatible with tight_layout, so results might be incorrect.
  plt.tight_layout(rect=[0, 0, 1, 0.98])
◀◀◀ _plot_group_all_modes END   | group=2025-09-26_1227
▶▶▶ _run_or_load START | 2025-09-26_1227 | bin=15  | ro_only   | gridded_kf    
    [diag] 2025-09-26_1227 | bin=15  | ro_only   | gridded_kf     : RUNNING    (force=True, cached=False) ...

────────────────────────────────────────────────────────────
  Group : 2025-09-26_1227
  Window: 2025-09-26_1227  |  Region: POLAR_N  |  15 occultation(s)
────────────────────────────────────────────────────────────
  Parsed 15/15 files successfully.
    [podTc2] GN04 11:45 — 438 valid rays → decimated to 146 (stride 3)
    [podTc2] GN04 11:47 — 553 valid rays → decimated to 185 (stride 3)
    [podTc2] GN04 11:47 — 497 valid rays → decimated to 166 (stride 3)
    [podTc2] GN05 12:43 — 485 valid rays → decimated to 162 (stride 3)
    [podTc2] GN05 12:44 — 551 valid rays → decimated to 184 (stride 3)
    [podTc2] GN05 12:46 — 383 valid rays → decimated to 192 (stride 2)
    [podTc2] GN05 12:50 — 475 valid rays → decimated to 159 (stride 3)
    [podTc2] GN05 12:46 — 494 valid rays → decimated to 165 (stride 3)
    [podTc2] GN05 12:48 — 441 valid rays → decimated to 147 (stride 3)
    [podTc2] GN05 12:50 — 459 valid rays → decimated to 153 (stride 3)
    [podTc2] GN05 12:47 — 363 valid rays → decimated to 182 (stride 2)
    [podTc2] GN05 12:32 — 584 valid rays → decimated to 195 (stride 3)
    [podTc2] GN05 12:33 — 437 valid rays → decimated to 146 (stride 3)
    [podTc2] GN05 12:35 — 393 valid rays → decimated to 197 (stride 2)
    [podTc2] GN05 12:40 — 459 valid rays → decimated to 153 (stride 3)
  Bbox lat [30.7, 90.0]  lon [-180.0, 180.0]  |  union vertices: 135
  Final group: 15 occultation(s), 135 union-mesh vertices
  Saved trim diagnostic → /home/austinhunter/IonosphereTomography/Figures/ISR_DA_Comparison/OUTPUT/2025-09-26_1227/bin_15/ro_only/group_2025-09-26_1227_trim.png
  -> Building H matrices (2532 rays across 15 arc(s), single parallel sweep) …
  -> Building H matrices:    253/2532 rays ( 10.0%)
  -> Building H matrices:    506/2532 rays ( 20.0%)
  -> Building H matrices:    759/2532 rays ( 30.0%)
  -> Building H matrices:   1012/2532 rays ( 40.0%)
  -> Building H matrices:   1265/2532 rays ( 50.0%)
  -> Building H matrices:   1518/2532 rays ( 60.0%)
  -> Building H matrices:   1771/2532 rays ( 69.9%)
  -> Building H matrices:   2024/2532 rays ( 79.9%)
  -> Building H matrices:   2277/2532 rays ( 89.9%)
  -> Building H matrices:   2530/2532 rays ( 99.9%)
  -> Building H matrices:   2532/2532 rays (100.0%)
  Combined H shape : (2532, 7560)  (total rays = 2532)
  Skipping sequential KF assimilation (run_sequential=False).
  Running joint (batch) KF assimilation …
  Prior RMSE  : 28.047 TECU
  Post  RMSE  : 6.275 TECU
    [Abel] GN04 11:45: NmF2=5.04e+11 m⁻³  hmF2=291.9 km
    [Abel] GN04 11:47: NmF2=6.86e+11 m⁻³  hmF2=300.7 km
    [Abel] GN04 11:47: NmF2=5.50e+11 m⁻³  hmF2=284.4 km
    [Abel] GN05 12:43: NmF2=7.88e+11 m⁻³  hmF2=269.8 km
    [Abel] GN05 12:44: NmF2=7.89e+11 m⁻³  hmF2=279.9 km
    [Abel] GN05 12:46: NmF2=9.16e+11 m⁻³  hmF2=290.0 km
    [Abel] GN05 12:50: NmF2=1.26e+12 m⁻³  hmF2=270.2 km
    [Abel] GN05 12:46: NmF2=6.96e+11 m⁻³  hmF2=284.5 km
    [Abel] GN05 12:48: NmF2=6.76e+11 m⁻³  hmF2=279.4 km
    [Abel] GN05 12:50: NmF2=1.19e+12 m⁻³  hmF2=281.6 km
    [Abel] GN05 12:47: NmF2=7.89e+11 m⁻³  hmF2=284.8 km
    [Abel] GN05 12:32: NmF2=5.13e+11 m⁻³  hmF2=287.9 km
    [Abel] GN05 12:33: NmF2=5.32e+11 m⁻³  hmF2=324.2 km
    [Abel] GN05 12:35: NmF2=7.75e+11 m⁻³  hmF2=272.4 km
    [Abel] GN05 12:40: NmF2=7.72e+11 m⁻³  hmF2=266.2 km
◀◀◀ _run_or_load END   | 2025-09-26_1227 | bin=15  | ro_only   | gridded_kf     : DONE       (131.1s) -> status=Success
▶▶▶ _run_or_load START | 2025-09-26_1227 | bin=15  | ro_igs    | gridded_kf    
    [diag] 2025-09-26_1227 | bin=15  | ro_igs    | gridded_kf     : RUNNING    (force=True, cached=False) ...

────────────────────────────────────────────────────────────
  Group : 2025-09-26_1227
  Window: 2025-09-26_1227  |  Region: POLAR_N  |  15 occultation(s)
────────────────────────────────────────────────────────────
  Parsed 15/15 files successfully.
    [podTc2] GN04 11:45 — 438 valid rays → decimated to 146 (stride 3)
    [podTc2] GN04 11:47 — 553 valid rays → decimated to 185 (stride 3)
    [podTc2] GN04 11:47 — 497 valid rays → decimated to 166 (stride 3)
    [podTc2] GN05 12:43 — 485 valid rays → decimated to 162 (stride 3)
    [podTc2] GN05 12:44 — 551 valid rays → decimated to 184 (stride 3)
    [podTc2] GN05 12:46 — 383 valid rays → decimated to 192 (stride 2)
    [podTc2] GN05 12:50 — 475 valid rays → decimated to 159 (stride 3)
    [podTc2] GN05 12:46 — 494 valid rays → decimated to 165 (stride 3)
    [podTc2] GN05 12:48 — 441 valid rays → decimated to 147 (stride 3)
    [podTc2] GN05 12:50 — 459 valid rays → decimated to 153 (stride 3)
    [podTc2] GN05 12:47 — 363 valid rays → decimated to 182 (stride 2)
    [podTc2] GN05 12:32 — 584 valid rays → decimated to 195 (stride 3)
    [podTc2] GN05 12:33 — 437 valid rays → decimated to 146 (stride 3)
    [podTc2] GN05 12:35 — 393 valid rays → decimated to 197 (stride 2)
    [podTc2] GN05 12:40 — 459 valid rays → decimated to 153 (stride 3)
  Bbox lat [30.7, 90.0]  lon [-180.0, 180.0]  |  union vertices: 135
  Final group: 15 occultation(s), 135 union-mesh vertices
  Saved trim diagnostic → /home/austinhunter/IonosphereTomography/Figures/ISR_DA_Comparison/OUTPUT/2025-09-26_1227/bin_15/ro_igs/group_2025-09-26_1227_trim.png
  [extra] Injected 67 ground-station arc(s) → total 82 arc(s) in assimilation pool
  -> Building H matrices (2599 rays across 82 arc(s), single parallel sweep) …
  -> Building H matrices:    259/2599 rays ( 10.0%)
  -> Building H matrices:    518/2599 rays ( 19.9%)
  -> Building H matrices:    777/2599 rays ( 29.9%)
  -> Building H matrices:   1036/2599 rays ( 39.9%)
  -> Building H matrices:   1295/2599 rays ( 49.8%)
  -> Building H matrices:   1554/2599 rays ( 59.8%)
  -> Building H matrices:   1813/2599 rays ( 69.8%)
  -> Building H matrices:   2072/2599 rays ( 79.7%)
  -> Building H matrices:   2331/2599 rays ( 89.7%)
  -> Building H matrices:   2590/2599 rays ( 99.7%)
  -> Building H matrices:   2599/2599 rays (100.0%)
  Combined H shape : (2599, 7560)  (total rays = 2599)
  Skipping sequential KF assimilation (run_sequential=False).
  Running joint (batch) KF assimilation …
  Prior RMSE  : 28.081 TECU
  Post  RMSE  : 7.408 TECU
    [Abel] GN04 11:45: NmF2=5.04e+11 m⁻³  hmF2=291.9 km
    [Abel] GN04 11:47: NmF2=6.86e+11 m⁻³  hmF2=300.7 km
    [Abel] GN04 11:47: NmF2=5.50e+11 m⁻³  hmF2=284.4 km
    [Abel] GN05 12:43: NmF2=7.88e+11 m⁻³  hmF2=269.8 km
    [Abel] GN05 12:44: NmF2=7.89e+11 m⁻³  hmF2=279.9 km
    [Abel] GN05 12:46: NmF2=9.16e+11 m⁻³  hmF2=290.0 km
    [Abel] GN05 12:50: NmF2=1.26e+12 m⁻³  hmF2=270.2 km
    [Abel] GN05 12:46: NmF2=6.96e+11 m⁻³  hmF2=284.5 km
    [Abel] GN05 12:48: NmF2=6.76e+11 m⁻³  hmF2=279.4 km
    [Abel] GN05 12:50: NmF2=1.19e+12 m⁻³  hmF2=281.6 km
    [Abel] GN05 12:47: NmF2=7.89e+11 m⁻³  hmF2=284.8 km
    [Abel] GN05 12:32: NmF2=5.13e+11 m⁻³  hmF2=287.9 km
    [Abel] GN05 12:33: NmF2=5.32e+11 m⁻³  hmF2=324.2 km
    [Abel] GN05 12:35: NmF2=7.75e+11 m⁻³  hmF2=272.4 km
    [Abel] GN05 12:40: NmF2=7.72e+11 m⁻³  hmF2=266.2 km
    [Abel] Skipped 67 ground-station arc(s) (RO-only technique)
/home/austinhunter/Downloads/PlanetiQ_Code/venv311/lib/python3.11/site-packages/shapely/creation.py:218: RuntimeWarning: invalid value encountered in linestrings
  return lib.linestrings(coords, np.intc(handle_nan), out=out, **kwargs)
◀◀◀ _run_or_load END   | 2025-09-26_1227 | bin=15  | ro_igs    | gridded_kf     : DONE       (131.2s) -> status=Success
▶▶▶ _run_or_load START | 2025-09-26_1227 | bin=15  | igs_only  | gridded_kf    
    [diag] 2025-09-26_1227 | bin=15  | igs_only  | gridded_kf     : RUNNING    (force=True, cached=False) ...
    [Info] Initialising information matrix (n_state=14245) …
    [Info] arcs ingested = 67/67  |  obs rows = 67  |  Λ cond ≈ 3.61e+23
    [Info] Solving …
    [Prior] innovation  mean=17.07  std=25.27  n_obs=67
    [Post ] innovation  mean=10.83  std=19.70
    RMSE:  prior=30.496 TECU  →  post=22.481 TECU
◀◀◀ _run_or_load END   | 2025-09-26_1227 | bin=15  | igs_only  | gridded_kf     : DONE       (99.4s) -> status=ok (no 'status' key)
▶▶▶ _run_or_load START | 2025-09-26_1227 | bin=15  | ro_only   | parametric_ekf
    [diag] 2025-09-26_1227 | bin=15  | ro_only   | parametric_ekf : RUNNING    (force=True, cached=False) ...
  [EKF] Building IRI state at 135 grid points (batch call) …
  [EnKF] Estimating background covariance from 50 EDP samples x 135 grid points ...
  [EnKF] Parameter sigma: log10(NmF2)=0.15  hmF2=20  H0=18.4  gamma=0.156  B0=20  B1=0.3  log10(NmE)=0.2  hmE=8
  [EnKF] Spatial corr (Ne-space KF method): mean=0.930  max=1.000  min=0.693
  [EKF] Running EKF_Param on 15 arc(s) …
  [EKF] 15 arcs  |  2532 profile rays  |  1277 update rays  |  n_state = 1080
  [EKF] Prior innovations  mean=-42.69  std=23.09  max_abs=95.30 TECU
  [EKF] iterating [analytical]:   0%|          | 0/20 [00:00<?, ?it/s]  [EKF] iterating [analytical]:   0%|          | 0/20 [00:03<?, ?it/s, RMSE=48.534TECU, rel_dP=1.51e-01]  [EKF] iterating [analytical]:   5%|5         | 1/20 [00:03<00:58,  3.07s/it, RMSE=48.534TECU, rel_dP=1.51e-01]  [EKF] iterating [analytical]:   5%|5         | 1/20 [00:06<00:58,  3.07s/it, RMSE=18.802TECU, rel_dP=1.84e-02]  [EKF] iterating [analytical]:  10%|#         | 2/20 [00:06<00:55,  3.09s/it, RMSE=18.802TECU, rel_dP=1.84e-02]  [EKF] iterating [analytical]:  10%|#         | 2/20 [00:09<00:55,  3.09s/it, RMSE=13.337TECU, rel_dP=1.75e-02]  [EKF] iterating [analytical]:  15%|#5        | 3/20 [00:09<00:52,  3.08s/it, RMSE=13.337TECU, rel_dP=1.75e-02]  [EKF] iterating [analytical]:  15%|#5        | 3/20 [00:12<00:52,  3.08s/it, RMSE=11.324TECU, rel_dP=1.74e-02]  [EKF] iterating [analytical]:  20%|##        | 4/20 [00:12<00:49,  3.10s/it, RMSE=11.324TECU, rel_dP=1.74e-02]  [EKF] iterating [analytical]:  20%|##        | 4/20 [00:15<00:49,  3.10s/it, RMSE=10.489TECU, rel_dP=1.61e-02]  [EKF] iterating [analytical]:  25%|##5       | 5/20 [00:15<00:46,  3.10s/it, RMSE=10.489TECU, rel_dP=1.61e-02]  [EKF] iterating [analytical]:  25%|##5       | 5/20 [00:18<00:46,  3.10s/it, RMSE=10.060TECU, rel_dP=1.42e-02]  [EKF] iterating [analytical]:  30%|###       | 6/20 [00:18<00:43,  3.09s/it, RMSE=10.060TECU, rel_dP=1.42e-02]  [EKF] iterating [analytical]:  30%|###       | 6/20 [00:21<00:43,  3.09s/it, RMSE=9.780TECU, rel_dP=1.28e-02]   [EKF] iterating [analytical]:  35%|###5      | 7/20 [00:21<00:39,  3.06s/it, RMSE=9.780TECU, rel_dP=1.28e-02]  [EKF] iterating [analytical]:  35%|###5      | 7/20 [00:24<00:39,  3.06s/it, RMSE=9.547TECU, rel_dP=1.33e-02]  [EKF] iterating [analytical]:  40%|####      | 8/20 [00:24<00:36,  3.04s/it, RMSE=9.547TECU, rel_dP=1.33e-02]  [EKF] iterating [analytical]:  40%|####      | 8/20 [00:27<00:36,  3.04s/it, RMSE=9.504TECU, rel_dP=1.07e-02]  [EKF] iterating [analytical]:  45%|####5     | 9/20 [00:27<00:33,  3.06s/it, RMSE=9.504TECU, rel_dP=1.07e-02]  [EKF] iterating [analytical]:  45%|####5     | 9/20 [00:30<00:33,  3.06s/it, RMSE=9.583TECU, rel_dP=8.62e-03]  [EKF] iterating [analytical]:  50%|#####     | 10/20 [00:30<00:30,  3.05s/it, RMSE=9.583TECU, rel_dP=8.62e-03]  [EKF] iterating [analytical]:  50%|#####     | 10/20 [00:33<00:30,  3.05s/it, RMSE=9.509TECU, rel_dP=8.25e-03]  [EKF] iterating [analytical]:  55%|#####5    | 11/20 [00:33<00:27,  3.06s/it, RMSE=9.509TECU, rel_dP=8.25e-03]  [EKF] iterating [analytical]:  55%|#####5    | 11/20 [00:36<00:27,  3.06s/it, RMSE=9.446TECU, rel_dP=7.88e-03]  [EKF] iterating [analytical]:  60%|######    | 12/20 [00:36<00:24,  3.05s/it, RMSE=9.446TECU, rel_dP=7.88e-03]  [EKF] iterating [analytical]:  60%|######    | 12/20 [00:39<00:24,  3.05s/it, RMSE=9.390TECU, rel_dP=7.16e-03]  [EKF] iterating [analytical]:  65%|######5   | 13/20 [00:39<00:21,  3.05s/it, RMSE=9.390TECU, rel_dP=7.16e-03]  [EKF] iterating [analytical]:  65%|######5   | 13/20 [00:42<00:21,  3.05s/it, RMSE=9.340TECU, rel_dP=6.47e-03]  [EKF] iterating [analytical]:  70%|#######   | 14/20 [00:42<00:18,  3.06s/it, RMSE=9.340TECU, rel_dP=6.47e-03]  [EKF] iterating [analytical]:  70%|#######   | 14/20 [00:45<00:18,  3.06s/it, RMSE=9.330TECU, rel_dP=6.14e-03]  [EKF] iterating [analytical]:  75%|#######5  | 15/20 [00:45<00:15,  3.04s/it, RMSE=9.330TECU, rel_dP=6.14e-03]  [EKF] iterating [analytical]:  75%|#######5  | 15/20 [00:48<00:15,  3.04s/it, RMSE=9.377TECU, rel_dP=6.20e-03]  [EKF] iterating [analytical]:  80%|########  | 16/20 [00:48<00:12,  3.04s/it, RMSE=9.377TECU, rel_dP=6.20e-03]  [EKF] iterating [analytical]:  80%|########  | 16/20 [00:51<00:12,  3.04s/it, RMSE=9.483TECU, rel_dP=6.46e-03]  [EKF] iterating [analytical]:  85%|########5 | 17/20 [00:51<00:09,  3.03s/it, RMSE=9.483TECU, rel_dP=6.46e-03]  [EKF] iterating [analytical]:  85%|########5 | 17/20 [00:54<00:09,  3.03s/it, RMSE=9.618TECU, rel_dP=6.75e-03]  [EKF] iterating [analytical]:  90%|######### | 18/20 [00:54<00:06,  3.02s/it, RMSE=9.618TECU, rel_dP=6.75e-03]  [EKF] iterating [analytical]:  90%|######### | 18/20 [00:57<00:06,  3.02s/it, RMSE=9.718TECU, rel_dP=7.15e-03]  [EKF] iterating [analytical]:  95%|#########5| 19/20 [00:57<00:03,  3.03s/it, RMSE=9.718TECU, rel_dP=7.15e-03]  [EKF] iterating [analytical]:  95%|#########5| 19/20 [01:01<00:03,  3.03s/it, RMSE=9.738TECU, rel_dP=6.90e-03]  [EKF] iterating [analytical]: 100%|##########| 20/20 [01:01<00:00,  3.03s/it, RMSE=9.738TECU, rel_dP=6.90e-03]                                                                                                                  [EKF] Reached max_iter=20 without convergence  (final ||ΔP||/||P|| = 6.90e-03)
  [EKF] Posterior innovations  mean=-0.97  std=9.85  max_abs=45.73 TECU
  [EKF] Prior RMSE 48.493 TECU  →  Post RMSE 9.879 TECU
  Saved EKF convergence plot → /home/austinhunter/IonosphereTomography/Figures/ISR_DA_Comparison/OUTPUT/2025-09-26_1227/bin_15/ro_only/2025-09-26_1227_ro_only_ekf_convergence.png
◀◀◀ _run_or_load END   | 2025-09-26_1227 | bin=15  | ro_only   | parametric_ekf : DONE       (89.3s) -> status=Success
▶▶▶ _run_or_load START | 2025-09-26_1227 | bin=15  | ro_igs    | parametric_ekf
    [diag] 2025-09-26_1227 | bin=15  | ro_igs    | parametric_ekf : RUNNING    (force=True, cached=False) ...
  [EKF] Building IRI state at 135 grid points (batch call) …
  [EnKF] Estimating background covariance from 50 EDP samples x 135 grid points ...
  [EnKF] Parameter sigma: log10(NmF2)=0.15  hmF2=20  H0=18.4  gamma=0.156  B0=20  B1=0.3  log10(NmE)=0.2  hmE=8
  [EnKF] Spatial corr (Ne-space KF method): mean=0.930  max=1.000  min=0.693
  [EKF] Running EKF_Param on 82 arc(s) …
  [EKF] 82 arcs  |  2599 profile rays  |  1344 update rays  |  n_state = 1080
  [EKF] Prior innovations  mean=-33.00  std=27.44  max_abs=107.12 TECU
  [EKF] iterating [analytical]:   0%|          | 0/20 [00:00<?, ?it/s]  [EKF] iterating [analytical]:   0%|          | 0/20 [00:03<?, ?it/s, RMSE=42.920TECU, rel_dP=7.99e-02]  [EKF] iterating [analytical]:   5%|5         | 1/20 [00:03<01:01,  3.26s/it, RMSE=42.920TECU, rel_dP=7.99e-02]  [EKF] iterating [analytical]:   5%|5         | 1/20 [00:06<01:01,  3.26s/it, RMSE=24.436TECU, rel_dP=5.38e-02]  [EKF] iterating [analytical]:  10%|#         | 2/20 [00:06<00:57,  3.22s/it, RMSE=24.436TECU, rel_dP=5.38e-02]  [EKF] iterating [analytical]:  10%|#         | 2/20 [00:09<00:57,  3.22s/it, RMSE=16.183TECU, rel_dP=3.48e-02]  [EKF] iterating [analytical]:  15%|#5        | 3/20 [00:09<00:54,  3.21s/it, RMSE=16.183TECU, rel_dP=3.48e-02]  [EKF] iterating [analytical]:  15%|#5        | 3/20 [00:12<00:54,  3.21s/it, RMSE=13.347TECU, rel_dP=2.36e-02]  [EKF] iterating [analytical]:  20%|##        | 4/20 [00:12<00:51,  3.23s/it, RMSE=13.347TECU, rel_dP=2.36e-02]  [EKF] iterating [analytical]:  20%|##        | 4/20 [00:16<00:51,  3.23s/it, RMSE=12.407TECU, rel_dP=1.76e-02]  [EKF] iterating [analytical]:  25%|##5       | 5/20 [00:16<00:48,  3.20s/it, RMSE=12.407TECU, rel_dP=1.76e-02]  [EKF] iterating [analytical]:  25%|##5       | 5/20 [00:19<00:48,  3.20s/it, RMSE=12.019TECU, rel_dP=1.38e-02]  [EKF] iterating [analytical]:  30%|###       | 6/20 [00:19<00:44,  3.19s/it, RMSE=12.019TECU, rel_dP=1.38e-02]  [EKF] iterating [analytical]:  30%|###       | 6/20 [00:22<00:44,  3.19s/it, RMSE=11.802TECU, rel_dP=1.17e-02]  [EKF] iterating [analytical]:  35%|###5      | 7/20 [00:22<00:41,  3.19s/it, RMSE=11.802TECU, rel_dP=1.17e-02]  [EKF] iterating [analytical]:  35%|###5      | 7/20 [00:25<00:41,  3.19s/it, RMSE=11.652TECU, rel_dP=1.03e-02]  [EKF] iterating [analytical]:  40%|####      | 8/20 [00:25<00:38,  3.19s/it, RMSE=11.652TECU, rel_dP=1.03e-02]  [EKF] iterating [analytical]:  40%|####      | 8/20 [00:28<00:38,  3.19s/it, RMSE=11.534TECU, rel_dP=9.83e-03]  [EKF] iterating [analytical]:  45%|####5     | 9/20 [00:28<00:35,  3.20s/it, RMSE=11.534TECU, rel_dP=9.83e-03]  [EKF] iterating [analytical]:  45%|####5     | 9/20 [00:32<00:35,  3.20s/it, RMSE=11.432TECU, rel_dP=9.54e-03]  [EKF] iterating [analytical]:  50%|#####     | 10/20 [00:32<00:31,  3.20s/it, RMSE=11.432TECU, rel_dP=9.54e-03]  [EKF] iterating [analytical]:  50%|#####     | 10/20 [00:35<00:31,  3.20s/it, RMSE=11.344TECU, rel_dP=9.25e-03]  [EKF] iterating [analytical]:  55%|#####5    | 11/20 [00:35<00:28,  3.19s/it, RMSE=11.344TECU, rel_dP=9.25e-03]  [EKF] iterating [analytical]:  55%|#####5    | 11/20 [00:38<00:28,  3.19s/it, RMSE=11.262TECU, rel_dP=8.97e-03]  [EKF] iterating [analytical]:  60%|######    | 12/20 [00:38<00:25,  3.18s/it, RMSE=11.262TECU, rel_dP=8.97e-03]  [EKF] iterating [analytical]:  60%|######    | 12/20 [00:41<00:25,  3.18s/it, RMSE=11.186TECU, rel_dP=8.91e-03]  [EKF] iterating [analytical]:  65%|######5   | 13/20 [00:41<00:22,  3.17s/it, RMSE=11.186TECU, rel_dP=8.91e-03]  [EKF] iterating [analytical]:  65%|######5   | 13/20 [00:44<00:22,  3.17s/it, RMSE=11.113TECU, rel_dP=9.24e-03]  [EKF] iterating [analytical]:  70%|#######   | 14/20 [00:44<00:19,  3.19s/it, RMSE=11.113TECU, rel_dP=9.24e-03]  [EKF] iterating [analytical]:  70%|#######   | 14/20 [00:47<00:19,  3.19s/it, RMSE=11.037TECU, rel_dP=1.02e-02]  [EKF] iterating [analytical]:  75%|#######5  | 15/20 [00:47<00:15,  3.20s/it, RMSE=11.037TECU, rel_dP=1.02e-02]  [EKF] iterating [analytical]:  75%|#######5  | 15/20 [00:51<00:15,  3.20s/it, RMSE=10.989TECU, rel_dP=9.58e-03]  [EKF] iterating [analytical]:  80%|########  | 16/20 [00:51<00:12,  3.22s/it, RMSE=10.989TECU, rel_dP=9.58e-03]  [EKF] iterating [analytical]:  80%|########  | 16/20 [00:54<00:12,  3.22s/it, RMSE=11.005TECU, rel_dP=7.37e-03]  [EKF] iterating [analytical]:  85%|########5 | 17/20 [00:54<00:09,  3.24s/it, RMSE=11.005TECU, rel_dP=7.37e-03]  [EKF] iterating [analytical]:  85%|########5 | 17/20 [00:57<00:09,  3.24s/it, RMSE=11.037TECU, rel_dP=5.97e-03]  [EKF] iterating [analytical]:  90%|######### | 18/20 [00:57<00:06,  3.22s/it, RMSE=11.037TECU, rel_dP=5.97e-03]  [EKF] iterating [analytical]:  90%|######### | 18/20 [01:00<00:06,  3.22s/it, RMSE=11.085TECU, rel_dP=4.75e-03]  [EKF] iterating [analytical]:  95%|#########5| 19/20 [01:00<00:03,  3.20s/it, RMSE=11.085TECU, rel_dP=4.75e-03]  [EKF] iterating [analytical]:  95%|#########5| 19/20 [01:04<00:03,  3.20s/it, RMSE=11.083TECU, rel_dP=4.33e-03]  [EKF] iterating [analytical]: 100%|##########| 20/20 [01:04<00:00,  3.20s/it, RMSE=11.083TECU, rel_dP=4.33e-03]                                                                                                                   [EKF] Reached max_iter=20 without convergence  (final ||ΔP||/||P|| = 4.33e-03)
  [EKF] Posterior innovations  mean=0.43  std=11.05  max_abs=57.97 TECU
  [EKF] Prior RMSE 43.235 TECU  →  Post RMSE 10.151 TECU
  Saved EKF convergence plot → /home/austinhunter/IonosphereTomography/Figures/ISR_DA_Comparison/OUTPUT/2025-09-26_1227/bin_15/ro_igs/2025-09-26_1227_ro_igs_ekf_convergence.png
◀◀◀ _run_or_load END   | 2025-09-26_1227 | bin=15  | ro_igs    | parametric_ekf : DONE       (92.7s) -> status=Success
▶▶▶ _run_or_load START | 2025-09-26_1227 | bin=15  | igs_only  | parametric_ekf
    [diag] 2025-09-26_1227 | bin=15  | igs_only  | parametric_ekf : RUNNING    (force=True, cached=False) ...
  [EKF] Building IRI state at 259 grid points (batch call) …
  [EnKF] Estimating background covariance from 500 EDP samples x 259 grid points ...
  [EnKF] Parameter sigma: log10(NmF2)=0.15  hmF2=20  H0=19.1  gamma=0.193  B0=20  B1=0.3  log10(NmE)=0.2  hmE=8
  [EnKF] Spatial corr (Ne-space KF method): mean=0.930  max=1.000  min=0.666
  [EKF] Running EKF_Param on 67 arc(s) …
  [EKF] 67 arcs  |  67 profile rays  |  67 update rays  |  n_state = 2072
  [EKF] Prior innovations  mean=12.51  std=25.78  max_abs=56.52 TECU
  [EKF] iterating [analytical]:   0%|          | 0/20 [00:00<?, ?it/s]  [EKF] iterating [analytical]:   0%|          | 0/20 [00:00<?, ?it/s, RMSE=28.659TECU, rel_dP=2.42e-02]  [EKF] iterating [analytical]:   5%|5         | 1/20 [00:00<00:03,  5.71it/s, RMSE=28.659TECU, rel_dP=2.42e-02]  [EKF] iterating [analytical]:   5%|5         | 1/20 [00:00<00:03,  5.71it/s, RMSE=26.980TECU, rel_dP=1.12e-02]  [EKF] iterating [analytical]:  10%|#         | 2/20 [00:00<00:03,  4.54it/s, RMSE=26.980TECU, rel_dP=1.12e-02]  [EKF] iterating [analytical]:  10%|#         | 2/20 [00:00<00:03,  4.54it/s, RMSE=25.999TECU, rel_dP=1.11e-02]  [EKF] iterating [analytical]:  15%|#5        | 3/20 [00:00<00:03,  4.40it/s, RMSE=25.999TECU, rel_dP=1.11e-02]  [EKF] iterating [analytical]:  15%|#5        | 3/20 [00:00<00:03,  4.40it/s, RMSE=25.600TECU, rel_dP=2.04e-02]  [EKF] iterating [analytical]:  20%|##        | 4/20 [00:00<00:03,  4.36it/s, RMSE=25.600TECU, rel_dP=2.04e-02]  [EKF] iterating [analytical]:  20%|##        | 4/20 [00:01<00:03,  4.36it/s, RMSE=25.363TECU, rel_dP=2.74e-02]  [EKF] iterating [analytical]:  25%|##5       | 5/20 [00:01<00:03,  4.32it/s, RMSE=25.363TECU, rel_dP=2.74e-02]  [EKF] iterating [analytical]:  25%|##5       | 5/20 [00:01<00:03,  4.32it/s, RMSE=25.149TECU, rel_dP=3.23e-02]  [EKF] iterating [analytical]:  30%|###       | 6/20 [00:01<00:03,  4.29it/s, RMSE=25.149TECU, rel_dP=3.23e-02]  [EKF] iterating [analytical]:  30%|###       | 6/20 [00:01<00:03,  4.29it/s, RMSE=24.757TECU, rel_dP=4.30e-02]  [EKF] iterating [analytical]:  35%|###5      | 7/20 [00:01<00:03,  4.27it/s, RMSE=24.757TECU, rel_dP=4.30e-02]  [EKF] iterating [analytical]:  35%|###5      | 7/20 [00:01<00:03,  4.27it/s, RMSE=24.334TECU, rel_dP=5.20e-02]  [EKF] iterating [analytical]:  40%|####      | 8/20 [00:01<00:02,  4.33it/s, RMSE=24.334TECU, rel_dP=5.20e-02]  [EKF] iterating [analytical]:  40%|####      | 8/20 [00:02<00:02,  4.33it/s, RMSE=23.918TECU, rel_dP=6.69e-02]  [EKF] iterating [analytical]:  45%|####5     | 9/20 [00:02<00:02,  4.21it/s, RMSE=23.918TECU, rel_dP=6.69e-02]  [EKF] iterating [analytical]:  45%|####5     | 9/20 [00:02<00:02,  4.21it/s, RMSE=23.287TECU, rel_dP=5.45e-02]  [EKF] iterating [analytical]:  50%|#####     | 10/20 [00:02<00:02,  4.22it/s, RMSE=23.287TECU, rel_dP=5.45e-02]  [EKF] iterating [analytical]:  50%|#####     | 10/20 [00:02<00:02,  4.22it/s, RMSE=28.180TECU, rel_dP=6.45e-02]  [EKF] iterating [analytical]:  55%|#####5    | 11/20 [00:02<00:02,  4.22it/s, RMSE=28.180TECU, rel_dP=6.45e-02]  [EKF] iterating [analytical]:  55%|#####5    | 11/20 [00:02<00:02,  4.22it/s, RMSE=24.087TECU, rel_dP=7.58e-02]  [EKF] iterating [analytical]:  60%|######    | 12/20 [00:02<00:01,  4.30it/s, RMSE=24.087TECU, rel_dP=7.58e-02]  [EKF] iterating [analytical]:  60%|######    | 12/20 [00:03<00:01,  4.30it/s, RMSE=23.968TECU, rel_dP=7.09e-02]  [EKF] iterating [analytical]:  65%|######5   | 13/20 [00:03<00:01,  4.30it/s, RMSE=23.968TECU, rel_dP=7.09e-02]  [EKF] iterating [analytical]:  65%|######5   | 13/20 [00:03<00:01,  4.30it/s, RMSE=23.186TECU, rel_dP=8.19e-02]  [EKF] iterating [analytical]:  70%|#######   | 14/20 [00:03<00:01,  4.33it/s, RMSE=23.186TECU, rel_dP=8.19e-02]  [EKF] iterating [analytical]:  70%|#######   | 14/20 [00:03<00:01,  4.33it/s, RMSE=34.888TECU, rel_dP=7.45e-02]  [EKF] iterating [analytical]:  75%|#######5  | 15/20 [00:03<00:01,  4.37it/s, RMSE=34.888TECU, rel_dP=7.45e-02]  [EKF] iterating [analytical]:  75%|#######5  | 15/20 [00:03<00:01,  4.37it/s, RMSE=27.784TECU, rel_dP=6.89e-02]  [EKF] iterating [analytical]:  80%|########  | 16/20 [00:03<00:00,  4.40it/s, RMSE=27.784TECU, rel_dP=6.89e-02]  [EKF] iterating [analytical]:  80%|########  | 16/20 [00:03<00:00,  4.40it/s, RMSE=35.082TECU, rel_dP=5.63e-02]  [EKF] iterating [analytical]:  85%|########5 | 17/20 [00:03<00:00,  4.35it/s, RMSE=35.082TECU, rel_dP=5.63e-02]  [EKF] iterating [analytical]:  85%|########5 | 17/20 [00:04<00:00,  4.35it/s, RMSE=29.207TECU, rel_dP=8.44e-02]  [EKF] iterating [analytical]:  90%|######### | 18/20 [00:04<00:00,  4.41it/s, RMSE=29.207TECU, rel_dP=8.44e-02]  [EKF] iterating [analytical]:  90%|######### | 18/20 [00:04<00:00,  4.41it/s, RMSE=41.260TECU, rel_dP=5.07e-02]  [EKF] iterating [analytical]:  95%|#########5| 19/20 [00:04<00:00,  4.38it/s, RMSE=41.260TECU, rel_dP=5.07e-02]  [EKF] iterating [analytical]:  95%|#########5| 19/20 [00:04<00:00,  4.38it/s, RMSE=29.796TECU, rel_dP=9.70e-02]  [EKF] iterating [analytical]: 100%|##########| 20/20 [00:04<00:00,  4.37it/s, RMSE=29.796TECU, rel_dP=9.70e-02]                                                                                                                   [EKF] Reached max_iter=20 without convergence  (final ||ΔP||/||P|| = 9.70e-02)
  [EKF] Posterior innovations  mean=-22.06  std=24.68  max_abs=95.82 TECU
  [EKF] Prior RMSE 28.659 TECU  →  Post RMSE 33.098 TECU
  Saved EKF convergence plot → /home/austinhunter/IonosphereTomography/Figures/ISR_DA_Comparison/OUTPUT/2025-09-26_1227/bin_15/igs_only/2025-09-26_1227_igs_only_ekf_convergence.png
◀◀◀ _run_or_load END   | 2025-09-26_1227 | bin=15  | igs_only  | parametric_ekf : DONE       (481.0s) -> status=ok (no 'status' key)
  [diag] 2025-09-26_1227 | bin=15 : summary of 6 obs_mode/filter_type combos
           ro_only   | gridded_kf     -> Success
           ro_only   | parametric_ekf -> Success
           ro_igs    | gridded_kf     -> Success
           ro_igs    | parametric_ekf -> Success
           igs_only  | gridded_kf     -> ok (no 'status' key)
           igs_only  | parametric_ekf -> ok (no 'status' key)

▶▶▶ compute_isr_metrics START | group=2025-09-26_1227 bin=15
◀◀◀ compute_isr_metrics END   | group=2025-09-26_1227 bin=15 -> 0 metric row(s)

▶▶▶ _plot_group_all_modes START | group=2025-09-26_1227
  [diag] 2025-09-26_1227/ro_igs/gridded_kf: arc-innovation panels thinned to 15 RO + 20/67 representative IGS arcs (of 82 total)
  [diag] 2025-09-26_1227/ro_igs/parametric_ekf: arc-innovation panels thinned to 15 RO + 20/67 representative IGS arcs (of 82 total)
  [diag] 2025-09-26_1227/igs_only/gridded_kf: arc-innovation panels thinned to 0 RO + 20/67 representative IGS arcs (of 67 total)
  [diag] 2025-09-26_1227/igs_only/parametric_ekf: arc-innovation panels thinned to 0 RO + 20/67 representative IGS arcs (of 67 total)
/home/austinhunter/Downloads/PlanetiQ_Code/venv311/lib/python3.11/site-packages/shapely/creation.py:218: RuntimeWarning: invalid value encountered in linestrings
  return lib.linestrings(coords, np.intc(handle_nan), out=out, **kwargs)
/home/austinhunter/IonosphereTomography/plotIonosphereTomography.py:3634: UserWarning: This figure includes Axes that are not compatible with tight_layout, so results might be incorrect.
  plt.tight_layout(rect=[0, 0, 1, 0.98])
/home/austinhunter/IonosphereTomography/plotIonosphereTomography.py:3634: UserWarning: This figure includes Axes that are not compatible with tight_layout, so results might be incorrect.
  plt.tight_layout(rect=[0, 0, 1, 0.98])
/home/austinhunter/IonosphereTomography/plotIonosphereTomography.py:3634: UserWarning: This figure includes Axes that are not compatible with tight_layout, so results might be incorrect.
  plt.tight_layout(rect=[0, 0, 1, 0.98])
◀◀◀ _plot_group_all_modes END   | group=2025-09-26_1227
▶▶▶ _run_or_load START | 2025-09-26_1227 | bin=5   | ro_only   | gridded_kf    
    [diag] 2025-09-26_1227 | bin=5   | ro_only   | gridded_kf     : RUNNING    (force=True, cached=False) ...

────────────────────────────────────────────────────────────
  Group : 2025-09-26_1227
  Window: 2025-09-26_1227  |  Region: POLAR_N  |  5 occultation(s)
────────────────────────────────────────────────────────────
  Parsed 5/5 files successfully.
    [podTc2] GN04 11:47 — 497 valid rays → decimated to 166 (stride 3)
    [podTc2] GN05 12:50 — 475 valid rays → decimated to 159 (stride 3)
    [podTc2] GN05 12:46 — 494 valid rays → decimated to 165 (stride 3)
    [podTc2] GN05 12:48 — 441 valid rays → decimated to 147 (stride 3)
    [podTc2] GN05 12:40 — 459 valid rays → decimated to 153 (stride 3)
  Bbox lat [30.7, 90.0]  lon [-180.0, 180.0]  |  union vertices: 72
  Final group: 5 occultation(s), 72 union-mesh vertices
  Saved trim diagnostic → /home/austinhunter/IonosphereTomography/Figures/ISR_DA_Comparison/OUTPUT/2025-09-26_1227/bin_5/ro_only/group_2025-09-26_1227_trim.png
  -> Building H matrices (790 rays across 5 arc(s), single parallel sweep) …
  -> Building H matrices:     79/790 rays ( 10.0%)
  -> Building H matrices:    158/790 rays ( 20.0%)
  -> Building H matrices:    237/790 rays ( 30.0%)
  -> Building H matrices:    316/790 rays ( 40.0%)
  -> Building H matrices:    395/790 rays ( 50.0%)
  -> Building H matrices:    474/790 rays ( 60.0%)
  -> Building H matrices:    553/790 rays ( 70.0%)
  -> Building H matrices:    632/790 rays ( 80.0%)
  -> Building H matrices:    711/790 rays ( 90.0%)
  -> Building H matrices:    790/790 rays (100.0%)
  Combined H shape : (790, 4032)  (total rays = 790)
  Skipping sequential KF assimilation (run_sequential=False).
  Running joint (batch) KF assimilation …
  Prior RMSE  : 28.007 TECU
  Post  RMSE  : 4.622 TECU
    [Abel] GN04 11:47: NmF2=5.50e+11 m⁻³  hmF2=284.4 km
    [Abel] GN05 12:50: NmF2=1.26e+12 m⁻³  hmF2=270.2 km
    [Abel] GN05 12:46: NmF2=6.96e+11 m⁻³  hmF2=284.5 km
    [Abel] GN05 12:48: NmF2=6.76e+11 m⁻³  hmF2=279.4 km
    [Abel] GN05 12:40: NmF2=7.72e+11 m⁻³  hmF2=266.2 km
◀◀◀ _run_or_load END   | 2025-09-26_1227 | bin=5   | ro_only   | gridded_kf     : DONE       (28.5s) -> status=Success
▶▶▶ _run_or_load START | 2025-09-26_1227 | bin=5   | ro_igs    | gridded_kf    
    [diag] 2025-09-26_1227 | bin=5   | ro_igs    | gridded_kf     : RUNNING    (force=True, cached=False) ...

────────────────────────────────────────────────────────────
  Group : 2025-09-26_1227
  Window: 2025-09-26_1227  |  Region: POLAR_N  |  5 occultation(s)
────────────────────────────────────────────────────────────
  Parsed 5/5 files successfully.
    [podTc2] GN04 11:47 — 497 valid rays → decimated to 166 (stride 3)
    [podTc2] GN05 12:50 — 475 valid rays → decimated to 159 (stride 3)
    [podTc2] GN05 12:46 — 494 valid rays → decimated to 165 (stride 3)
    [podTc2] GN05 12:48 — 441 valid rays → decimated to 147 (stride 3)
    [podTc2] GN05 12:40 — 459 valid rays → decimated to 153 (stride 3)
  Bbox lat [30.7, 90.0]  lon [-180.0, 180.0]  |  union vertices: 72
  Final group: 5 occultation(s), 72 union-mesh vertices
  Saved trim diagnostic → /home/austinhunter/IonosphereTomography/Figures/ISR_DA_Comparison/OUTPUT/2025-09-26_1227/bin_5/ro_igs/group_2025-09-26_1227_trim.png
  [extra] Injected 67 ground-station arc(s) → total 72 arc(s) in assimilation pool
  -> Building H matrices (857 rays across 72 arc(s), single parallel sweep) …
  -> Building H matrices:     85/857 rays (  9.9%)
  -> Building H matrices:    170/857 rays ( 19.8%)
  -> Building H matrices:    255/857 rays ( 29.8%)
  -> Building H matrices:    340/857 rays ( 39.7%)
  -> Building H matrices:    425/857 rays ( 49.6%)
  -> Building H matrices:    510/857 rays ( 59.5%)
  -> Building H matrices:    595/857 rays ( 69.4%)
  -> Building H matrices:    680/857 rays ( 79.3%)
  -> Building H matrices:    765/857 rays ( 89.3%)
  -> Building H matrices:    850/857 rays ( 99.2%)
  -> Building H matrices:    857/857 rays (100.0%)
  Combined H shape : (857, 4032)  (total rays = 857)
  Skipping sequential KF assimilation (run_sequential=False).
  Running joint (batch) KF assimilation …
  Prior RMSE  : 28.138 TECU
  Post  RMSE  : 7.944 TECU
    [Abel] GN04 11:47: NmF2=5.50e+11 m⁻³  hmF2=284.4 km
    [Abel] GN05 12:50: NmF2=1.26e+12 m⁻³  hmF2=270.2 km
    [Abel] GN05 12:46: NmF2=6.96e+11 m⁻³  hmF2=284.5 km
    [Abel] GN05 12:48: NmF2=6.76e+11 m⁻³  hmF2=279.4 km
    [Abel] GN05 12:40: NmF2=7.72e+11 m⁻³  hmF2=266.2 km
    [Abel] Skipped 67 ground-station arc(s) (RO-only technique)
/home/austinhunter/Downloads/PlanetiQ_Code/venv311/lib/python3.11/site-packages/shapely/creation.py:218: RuntimeWarning: invalid value encountered in linestrings
  return lib.linestrings(coords, np.intc(handle_nan), out=out, **kwargs)
◀◀◀ _run_or_load END   | 2025-09-26_1227 | bin=5   | ro_igs    | gridded_kf     : DONE       (29.0s) -> status=Success
▶▶▶ _run_or_load START | 2025-09-26_1227 | bin=5   | igs_only  | gridded_kf    
    [diag] 2025-09-26_1227 | bin=5   | igs_only  | gridded_kf     : RUNNING    (force=True, cached=False) ...
    [Info] Initialising information matrix (n_state=14245) …
    [Info] arcs ingested = 67/67  |  obs rows = 67  |  Λ cond ≈ 3.61e+23
    [Info] Solving …
    [Prior] innovation  mean=17.07  std=25.27  n_obs=67
    [Post ] innovation  mean=10.83  std=19.70
    RMSE:  prior=30.496 TECU  →  post=22.481 TECU
◀◀◀ _run_or_load END   | 2025-09-26_1227 | bin=5   | igs_only  | gridded_kf     : DONE       (100.9s) -> status=ok (no 'status' key)
▶▶▶ _run_or_load START | 2025-09-26_1227 | bin=5   | ro_only   | parametric_ekf
    [diag] 2025-09-26_1227 | bin=5   | ro_only   | parametric_ekf : RUNNING    (force=True, cached=False) ...
  [EKF] Building IRI state at 72 grid points (batch call) …
  [EnKF] Estimating background covariance from 50 EDP samples x 72 grid points ...
  [EnKF] Parameter sigma: log10(NmF2)=0.15  hmF2=20  H0=19.8  gamma=0.175  B0=20  B1=0.3  log10(NmE)=0.2  hmE=8
  [EnKF] Spatial corr (Ne-space KF method): mean=0.920  max=1.000  min=0.693
  [EKF] Running EKF_Param on 5 arc(s) …
  [EKF] 5 arcs  |  790 profile rays  |  398 update rays  |  n_state = 576
  [EKF] Prior innovations  mean=-40.51  std=26.79  max_abs=94.64 TECU
  [EKF] iterating [analytical]:   0%|          | 0/20 [00:00<?, ?it/s]  [EKF] iterating [analytical]:   0%|          | 0/20 [00:00<?, ?it/s, RMSE=48.563TECU, rel_dP=4.78e-02]  [EKF] iterating [analytical]:   5%|5         | 1/20 [00:00<00:18,  1.00it/s, RMSE=48.563TECU, rel_dP=4.78e-02]  [EKF] iterating [analytical]:   5%|5         | 1/20 [00:01<00:18,  1.00it/s, RMSE=20.640TECU, rel_dP=3.53e-02]  [EKF] iterating [analytical]:  10%|#         | 2/20 [00:01<00:17,  1.04it/s, RMSE=20.640TECU, rel_dP=3.53e-02]  [EKF] iterating [analytical]:  10%|#         | 2/20 [00:02<00:17,  1.04it/s, RMSE=11.162TECU, rel_dP=2.41e-02]  [EKF] iterating [analytical]:  15%|#5        | 3/20 [00:02<00:16,  1.04it/s, RMSE=11.162TECU, rel_dP=2.41e-02]  [EKF] iterating [analytical]:  15%|#5        | 3/20 [00:03<00:16,  1.04it/s, RMSE=7.438TECU, rel_dP=1.72e-02]   [EKF] iterating [analytical]:  20%|##        | 4/20 [00:03<00:15,  1.02it/s, RMSE=7.438TECU, rel_dP=1.72e-02]  [EKF] iterating [analytical]:  20%|##        | 4/20 [00:04<00:15,  1.02it/s, RMSE=6.067TECU, rel_dP=1.30e-02]  [EKF] iterating [analytical]:  25%|##5       | 5/20 [00:04<00:14,  1.04it/s, RMSE=6.067TECU, rel_dP=1.30e-02]  [EKF] iterating [analytical]:  25%|##5       | 5/20 [00:05<00:14,  1.04it/s, RMSE=5.583TECU, rel_dP=1.01e-02]  [EKF] iterating [analytical]:  30%|###       | 6/20 [00:05<00:13,  1.05it/s, RMSE=5.583TECU, rel_dP=1.01e-02]  [EKF] iterating [analytical]:  30%|###       | 6/20 [00:06<00:13,  1.05it/s, RMSE=5.392TECU, rel_dP=8.04e-03]  [EKF] iterating [analytical]:  35%|###5      | 7/20 [00:06<00:12,  1.03it/s, RMSE=5.392TECU, rel_dP=8.04e-03]  [EKF] iterating [analytical]:  35%|###5      | 7/20 [00:07<00:12,  1.03it/s, RMSE=5.294TECU, rel_dP=6.86e-03]  [EKF] iterating [analytical]:  40%|####      | 8/20 [00:07<00:11,  1.04it/s, RMSE=5.294TECU, rel_dP=6.86e-03]  [EKF] iterating [analytical]:  40%|####      | 8/20 [00:08<00:11,  1.04it/s, RMSE=5.226TECU, rel_dP=6.16e-03]  [EKF] iterating [analytical]:  45%|####5     | 9/20 [00:08<00:10,  1.05it/s, RMSE=5.226TECU, rel_dP=6.16e-03]  [EKF] iterating [analytical]:  45%|####5     | 9/20 [00:09<00:10,  1.05it/s, RMSE=5.173TECU, rel_dP=5.67e-03]  [EKF] iterating [analytical]:  50%|#####     | 10/20 [00:09<00:09,  1.06it/s, RMSE=5.173TECU, rel_dP=5.67e-03]  [EKF] iterating [analytical]:  50%|#####     | 10/20 [00:10<00:09,  1.06it/s, RMSE=5.128TECU, rel_dP=5.32e-03]  [EKF] iterating [analytical]:  55%|#####5    | 11/20 [00:10<00:08,  1.04it/s, RMSE=5.128TECU, rel_dP=5.32e-03]  [EKF] iterating [analytical]:  55%|#####5    | 11/20 [00:11<00:08,  1.04it/s, RMSE=5.090TECU, rel_dP=5.12e-03]  [EKF] iterating [analytical]:  60%|######    | 12/20 [00:11<00:07,  1.02it/s, RMSE=5.090TECU, rel_dP=5.12e-03]  [EKF] iterating [analytical]:  60%|######    | 12/20 [00:12<00:07,  1.02it/s, RMSE=5.056TECU, rel_dP=4.96e-03]  [EKF] iterating [analytical]:  65%|######5   | 13/20 [00:12<00:06,  1.04it/s, RMSE=5.056TECU, rel_dP=4.96e-03]  [EKF] iterating [analytical]:  65%|######5   | 13/20 [00:13<00:06,  1.04it/s, RMSE=5.024TECU, rel_dP=4.81e-03]  [EKF] iterating [analytical]:  70%|#######   | 14/20 [00:13<00:05,  1.02it/s, RMSE=5.024TECU, rel_dP=4.81e-03]  [EKF] iterating [analytical]:  70%|#######   | 14/20 [00:14<00:05,  1.02it/s, RMSE=4.994TECU, rel_dP=4.67e-03]  [EKF] iterating [analytical]:  75%|#######5  | 15/20 [00:14<00:04,  1.03it/s, RMSE=4.994TECU, rel_dP=4.67e-03]  [EKF] iterating [analytical]:  75%|#######5  | 15/20 [00:15<00:04,  1.03it/s, RMSE=4.967TECU, rel_dP=4.54e-03]  [EKF] iterating [analytical]:  80%|########  | 16/20 [00:15<00:03,  1.04it/s, RMSE=4.967TECU, rel_dP=4.54e-03]  [EKF] iterating [analytical]:  80%|########  | 16/20 [00:16<00:03,  1.04it/s, RMSE=4.941TECU, rel_dP=4.41e-03]  [EKF] iterating [analytical]:  85%|########5 | 17/20 [00:16<00:02,  1.04it/s, RMSE=4.941TECU, rel_dP=4.41e-03]  [EKF] iterating [analytical]:  85%|########5 | 17/20 [00:17<00:02,  1.04it/s, RMSE=4.916TECU, rel_dP=4.29e-03]  [EKF] iterating [analytical]:  90%|######### | 18/20 [00:17<00:01,  1.04it/s, RMSE=4.916TECU, rel_dP=4.29e-03]  [EKF] iterating [analytical]:  90%|######### | 18/20 [00:18<00:01,  1.04it/s, RMSE=4.892TECU, rel_dP=4.17e-03]  [EKF] iterating [analytical]:  95%|#########5| 19/20 [00:18<00:00,  1.05it/s, RMSE=4.892TECU, rel_dP=4.17e-03]  [EKF] iterating [analytical]:  95%|#########5| 19/20 [00:19<00:00,  1.05it/s, RMSE=4.870TECU, rel_dP=4.06e-03]  [EKF] iterating [analytical]: 100%|##########| 20/20 [00:19<00:00,  1.05it/s, RMSE=4.870TECU, rel_dP=4.06e-03]                                                                                                                  [EKF] Reached max_iter=20 without convergence  (final ||ΔP||/||P|| = 4.06e-03)
  [EKF] Posterior innovations  mean=-0.06  std=4.85  max_abs=15.02 TECU
  [EKF] Prior RMSE 48.569 TECU  →  Post RMSE 4.812 TECU
  Saved EKF convergence plot → /home/austinhunter/IonosphereTomography/Figures/ISR_DA_Comparison/OUTPUT/2025-09-26_1227/bin_5/ro_only/2025-09-26_1227_ro_only_ekf_convergence.png
◀◀◀ _run_or_load END   | 2025-09-26_1227 | bin=5   | ro_only   | parametric_ekf : DONE       (31.1s) -> status=Success
▶▶▶ _run_or_load START | 2025-09-26_1227 | bin=5   | ro_igs    | parametric_ekf
    [diag] 2025-09-26_1227 | bin=5   | ro_igs    | parametric_ekf : RUNNING    (force=True, cached=False) ...
  [EKF] Building IRI state at 72 grid points (batch call) …
  [EnKF] Estimating background covariance from 50 EDP samples x 72 grid points ...
  [EnKF] Parameter sigma: log10(NmF2)=0.15  hmF2=20  H0=19.8  gamma=0.175  B0=20  B1=0.3  log10(NmE)=0.2  hmE=8
  [EnKF] Spatial corr (Ne-space KF method): mean=0.920  max=1.000  min=0.693
  [EKF] Running EKF_Param on 72 arc(s) …
  [EKF] 72 arcs  |  857 profile rays  |  465 update rays  |  n_state = 576
  [EKF] Prior innovations  mean=16.81  std=29.56  max_abs=103.63 TECU
  [EKF] iterating [analytical]:   0%|          | 0/20 [00:00<?, ?it/s]  [EKF] iterating [analytical]:   0%|          | 0/20 [00:01<?, ?it/s, RMSE=34.006TECU, rel_dP=1.26e-01]  [EKF] iterating [analytical]:   5%|5         | 1/20 [00:01<00:21,  1.15s/it, RMSE=34.006TECU, rel_dP=1.26e-01]  [EKF] iterating [analytical]:   5%|5         | 1/20 [00:02<00:21,  1.15s/it, RMSE=25.049TECU, rel_dP=2.91e-02]  [EKF] iterating [analytical]:  10%|#         | 2/20 [00:02<00:20,  1.12s/it, RMSE=25.049TECU, rel_dP=2.91e-02]  [EKF] iterating [analytical]:  10%|#         | 2/20 [00:03<00:20,  1.12s/it, RMSE=15.841TECU, rel_dP=1.62e-02]  [EKF] iterating [analytical]:  15%|#5        | 3/20 [00:03<00:19,  1.12s/it, RMSE=15.841TECU, rel_dP=1.62e-02]  [EKF] iterating [analytical]:  15%|#5        | 3/20 [00:04<00:19,  1.12s/it, RMSE=12.666TECU, rel_dP=1.17e-02]  [EKF] iterating [analytical]:  20%|##        | 4/20 [00:04<00:17,  1.12s/it, RMSE=12.666TECU, rel_dP=1.17e-02]  [EKF] iterating [analytical]:  20%|##        | 4/20 [00:05<00:17,  1.12s/it, RMSE=11.674TECU, rel_dP=9.17e-03]  [EKF] iterating [analytical]:  25%|##5       | 5/20 [00:05<00:16,  1.11s/it, RMSE=11.674TECU, rel_dP=9.17e-03]  [EKF] iterating [analytical]:  25%|##5       | 5/20 [00:06<00:16,  1.11s/it, RMSE=11.346TECU, rel_dP=7.55e-03]  [EKF] iterating [analytical]:  30%|###       | 6/20 [00:06<00:15,  1.13s/it, RMSE=11.346TECU, rel_dP=7.55e-03]  [EKF] iterating [analytical]:  30%|###       | 6/20 [00:07<00:15,  1.13s/it, RMSE=11.210TECU, rel_dP=6.45e-03]  [EKF] iterating [analytical]:  35%|###5      | 7/20 [00:07<00:14,  1.12s/it, RMSE=11.210TECU, rel_dP=6.45e-03]  [EKF] iterating [analytical]:  35%|###5      | 7/20 [00:08<00:14,  1.12s/it, RMSE=11.136TECU, rel_dP=5.60e-03]  [EKF] iterating [analytical]:  40%|####      | 8/20 [00:08<00:13,  1.11s/it, RMSE=11.136TECU, rel_dP=5.60e-03]  [EKF] iterating [analytical]:  40%|####      | 8/20 [00:10<00:13,  1.11s/it, RMSE=11.083TECU, rel_dP=5.22e-03]  [EKF] iterating [analytical]:  45%|####5     | 9/20 [00:10<00:12,  1.14s/it, RMSE=11.083TECU, rel_dP=5.22e-03]  [EKF] iterating [analytical]:  45%|####5     | 9/20 [00:11<00:12,  1.14s/it, RMSE=11.041TECU, rel_dP=5.06e-03]  [EKF] iterating [analytical]:  50%|#####     | 10/20 [00:11<00:11,  1.13s/it, RMSE=11.041TECU, rel_dP=5.06e-03]  [EKF] iterating [analytical]:  50%|#####     | 10/20 [00:12<00:11,  1.13s/it, RMSE=11.004TECU, rel_dP=4.97e-03]  [EKF] iterating [analytical]:  55%|#####5    | 11/20 [00:12<00:10,  1.12s/it, RMSE=11.004TECU, rel_dP=4.97e-03]  [EKF] iterating [analytical]:  55%|#####5    | 11/20 [00:13<00:10,  1.12s/it, RMSE=10.973TECU, rel_dP=4.93e-03]  [EKF] iterating [analytical]:  60%|######    | 12/20 [00:13<00:09,  1.13s/it, RMSE=10.973TECU, rel_dP=4.93e-03]  [EKF] iterating [analytical]:  60%|######    | 12/20 [00:14<00:09,  1.13s/it, RMSE=10.945TECU, rel_dP=4.91e-03]  [EKF] iterating [analytical]:  65%|######5   | 13/20 [00:14<00:07,  1.12s/it, RMSE=10.945TECU, rel_dP=4.91e-03]  [EKF] iterating [analytical]:  65%|######5   | 13/20 [00:15<00:07,  1.12s/it, RMSE=10.918TECU, rel_dP=4.88e-03]  [EKF] iterating [analytical]:  70%|#######   | 14/20 [00:15<00:06,  1.11s/it, RMSE=10.918TECU, rel_dP=4.88e-03]  [EKF] iterating [analytical]:  70%|#######   | 14/20 [00:16<00:06,  1.11s/it, RMSE=10.893TECU, rel_dP=4.86e-03]  [EKF] iterating [analytical]:  75%|#######5  | 15/20 [00:16<00:05,  1.10s/it, RMSE=10.893TECU, rel_dP=4.86e-03]  [EKF] iterating [analytical]:  75%|#######5  | 15/20 [00:17<00:05,  1.10s/it, RMSE=10.869TECU, rel_dP=4.81e-03]  [EKF] iterating [analytical]:  80%|########  | 16/20 [00:17<00:04,  1.10s/it, RMSE=10.869TECU, rel_dP=4.81e-03]  [EKF] iterating [analytical]:  80%|########  | 16/20 [00:18<00:04,  1.10s/it, RMSE=10.849TECU, rel_dP=4.83e-03]  [EKF] iterating [analytical]:  85%|########5 | 17/20 [00:18<00:03,  1.10s/it, RMSE=10.849TECU, rel_dP=4.83e-03]  [EKF] iterating [analytical]:  85%|########5 | 17/20 [00:20<00:03,  1.10s/it, RMSE=10.830TECU, rel_dP=4.85e-03]  [EKF] iterating [analytical]:  90%|######### | 18/20 [00:20<00:02,  1.10s/it, RMSE=10.830TECU, rel_dP=4.85e-03]  [EKF] iterating [analytical]:  90%|######### | 18/20 [00:21<00:02,  1.10s/it, RMSE=10.815TECU, rel_dP=4.88e-03]  [EKF] iterating [analytical]:  95%|#########5| 19/20 [00:21<00:01,  1.10s/it, RMSE=10.815TECU, rel_dP=4.88e-03]  [EKF] iterating [analytical]:  95%|#########5| 19/20 [00:22<00:01,  1.10s/it, RMSE=10.797TECU, rel_dP=4.89e-03]  [EKF] iterating [analytical]: 100%|##########| 20/20 [00:22<00:00,  1.12s/it, RMSE=10.797TECU, rel_dP=4.89e-03]                                                                                                                   [EKF] Reached max_iter=20 without convergence  (final ||ΔP||/||P|| = 4.89e-03)
  [EKF] Posterior innovations  mean=0.42  std=10.77  max_abs=56.89 TECU
  [EKF] Prior RMSE 34.211 TECU  →  Post RMSE 8.664 TECU
  Saved EKF convergence plot → /home/austinhunter/IonosphereTomography/Figures/ISR_DA_Comparison/OUTPUT/2025-09-26_1227/bin_5/ro_igs/2025-09-26_1227_ro_igs_ekf_convergence.png
◀◀◀ _run_or_load END   | 2025-09-26_1227 | bin=5   | ro_igs    | parametric_ekf : DONE       (34.7s) -> status=Success
▶▶▶ _run_or_load START | 2025-09-26_1227 | bin=5   | igs_only  | parametric_ekf
    [diag] 2025-09-26_1227 | bin=5   | igs_only  | parametric_ekf : RUNNING    (force=True, cached=False) ...
  [EKF] Building IRI state at 259 grid points (batch call) …
  [EnKF] Estimating background covariance from 500 EDP samples x 259 grid points ...
  [EnKF] Parameter sigma: log10(NmF2)=0.15  hmF2=20  H0=19.1  gamma=0.193  B0=20  B1=0.3  log10(NmE)=0.2  hmE=8
  [EnKF] Spatial corr (Ne-space KF method): mean=0.930  max=1.000  min=0.666
  [EKF] Running EKF_Param on 67 arc(s) …
  [EKF] 67 arcs  |  67 profile rays  |  67 update rays  |  n_state = 2072
  [EKF] Prior innovations  mean=35.00  std=25.21  max_abs=79.86 TECU
  [EKF] iterating [analytical]:   0%|          | 0/20 [00:00<?, ?it/s]  [EKF] iterating [analytical]:   0%|          | 0/20 [00:00<?, ?it/s, RMSE=43.136TECU, rel_dP=1.09e-01]  [EKF] iterating [analytical]:   5%|5         | 1/20 [00:00<00:03,  5.34it/s, RMSE=43.136TECU, rel_dP=1.09e-01]  [EKF] iterating [analytical]:   5%|5         | 1/20 [00:00<00:03,  5.34it/s, RMSE=28.923TECU, rel_dP=3.23e-02]  [EKF] iterating [analytical]:  10%|#         | 2/20 [00:00<00:03,  4.58it/s, RMSE=28.923TECU, rel_dP=3.23e-02]  [EKF] iterating [analytical]:  10%|#         | 2/20 [00:00<00:03,  4.58it/s, RMSE=26.701TECU, rel_dP=2.02e-02]  [EKF] iterating [analytical]:  15%|#5        | 3/20 [00:00<00:03,  4.42it/s, RMSE=26.701TECU, rel_dP=2.02e-02]  [EKF] iterating [analytical]:  15%|#5        | 3/20 [00:00<00:03,  4.42it/s, RMSE=25.850TECU, rel_dP=1.69e-02]  [EKF] iterating [analytical]:  20%|##        | 4/20 [00:00<00:03,  4.44it/s, RMSE=25.850TECU, rel_dP=1.69e-02]  [EKF] iterating [analytical]:  20%|##        | 4/20 [00:01<00:03,  4.44it/s, RMSE=25.533TECU, rel_dP=1.56e-02]  [EKF] iterating [analytical]:  25%|##5       | 5/20 [00:01<00:03,  4.50it/s, RMSE=25.533TECU, rel_dP=1.56e-02]  [EKF] iterating [analytical]:  25%|##5       | 5/20 [00:01<00:03,  4.50it/s, RMSE=25.372TECU, rel_dP=1.56e-02]  [EKF] iterating [analytical]:  30%|###       | 6/20 [00:01<00:03,  4.55it/s, RMSE=25.372TECU, rel_dP=1.56e-02]  [EKF] iterating [analytical]:  30%|###       | 6/20 [00:01<00:03,  4.55it/s, RMSE=25.257TECU, rel_dP=1.73e-02]  [EKF] iterating [analytical]:  35%|###5      | 7/20 [00:01<00:02,  4.49it/s, RMSE=25.257TECU, rel_dP=1.73e-02]  [EKF] iterating [analytical]:  35%|###5      | 7/20 [00:01<00:02,  4.49it/s, RMSE=25.154TECU, rel_dP=1.77e-02]  [EKF] iterating [analytical]:  40%|####      | 8/20 [00:01<00:02,  4.43it/s, RMSE=25.154TECU, rel_dP=1.77e-02]  [EKF] iterating [analytical]:  40%|####      | 8/20 [00:02<00:02,  4.43it/s, RMSE=25.052TECU, rel_dP=1.98e-02]  [EKF] iterating [analytical]:  45%|####5     | 9/20 [00:02<00:02,  4.44it/s, RMSE=25.052TECU, rel_dP=1.98e-02]  [EKF] iterating [analytical]:  45%|####5     | 9/20 [00:02<00:02,  4.44it/s, RMSE=24.943TECU, rel_dP=2.26e-02]  [EKF] iterating [analytical]:  50%|#####     | 10/20 [00:02<00:02,  4.43it/s, RMSE=24.943TECU, rel_dP=2.26e-02]  [EKF] iterating [analytical]:  50%|#####     | 10/20 [00:02<00:02,  4.43it/s, RMSE=24.816TECU, rel_dP=2.66e-02]  [EKF] iterating [analytical]:  55%|#####5    | 11/20 [00:02<00:02,  4.44it/s, RMSE=24.816TECU, rel_dP=2.66e-02]  [EKF] iterating [analytical]:  55%|#####5    | 11/20 [00:02<00:02,  4.44it/s, RMSE=24.662TECU, rel_dP=3.02e-02]  [EKF] iterating [analytical]:  60%|######    | 12/20 [00:02<00:01,  4.45it/s, RMSE=24.662TECU, rel_dP=3.02e-02]  [EKF] iterating [analytical]:  60%|######    | 12/20 [00:02<00:01,  4.45it/s, RMSE=24.498TECU, rel_dP=3.14e-02]  [EKF] iterating [analytical]:  65%|######5   | 13/20 [00:02<00:01,  4.45it/s, RMSE=24.498TECU, rel_dP=3.14e-02]  [EKF] iterating [analytical]:  65%|######5   | 13/20 [00:03<00:01,  4.45it/s, RMSE=24.251TECU, rel_dP=3.63e-02]  [EKF] iterating [analytical]:  70%|#######   | 14/20 [00:03<00:01,  4.46it/s, RMSE=24.251TECU, rel_dP=3.63e-02]  [EKF] iterating [analytical]:  70%|#######   | 14/20 [00:03<00:01,  4.46it/s, RMSE=23.946TECU, rel_dP=3.92e-02]  [EKF] iterating [analytical]:  75%|#######5  | 15/20 [00:03<00:01,  4.43it/s, RMSE=23.946TECU, rel_dP=3.92e-02]  [EKF] iterating [analytical]:  75%|#######5  | 15/20 [00:03<00:01,  4.43it/s, RMSE=23.668TECU, rel_dP=4.36e-02]  [EKF] iterating [analytical]:  80%|########  | 16/20 [00:03<00:00,  4.37it/s, RMSE=23.668TECU, rel_dP=4.36e-02]  [EKF] iterating [analytical]:  80%|########  | 16/20 [00:03<00:00,  4.37it/s, RMSE=23.332TECU, rel_dP=4.67e-02]  [EKF] iterating [analytical]:  85%|########5 | 17/20 [00:03<00:00,  4.40it/s, RMSE=23.332TECU, rel_dP=4.67e-02]  [EKF] iterating [analytical]:  85%|########5 | 17/20 [00:04<00:00,  4.40it/s, RMSE=22.980TECU, rel_dP=5.40e-02]  [EKF] iterating [analytical]:  90%|######### | 18/20 [00:04<00:00,  4.33it/s, RMSE=22.980TECU, rel_dP=5.40e-02]  [EKF] iterating [analytical]:  90%|######### | 18/20 [00:04<00:00,  4.33it/s, RMSE=22.443TECU, rel_dP=4.21e-02]  [EKF] iterating [analytical]:  95%|#########5| 19/20 [00:04<00:00,  4.37it/s, RMSE=22.443TECU, rel_dP=4.21e-02]  [EKF] iterating [analytical]:  95%|#########5| 19/20 [00:04<00:00,  4.37it/s, RMSE=21.942TECU, rel_dP=5.06e-02]  [EKF] iterating [analytical]: 100%|##########| 20/20 [00:04<00:00,  4.40it/s, RMSE=21.942TECU, rel_dP=5.06e-02]                                                                                                                   [EKF] Reached max_iter=20 without convergence  (final ||ΔP||/||P|| = 5.06e-02)
  [EKF] Posterior innovations  mean=-5.62  std=22.57  max_abs=71.55 TECU
  [EKF] Prior RMSE 43.136 TECU  →  Post RMSE 23.259 TECU
  Saved EKF convergence plot → /home/austinhunter/IonosphereTomography/Figures/ISR_DA_Comparison/OUTPUT/2025-09-26_1227/bin_5/igs_only/2025-09-26_1227_igs_only_ekf_convergence.png
◀◀◀ _run_or_load END   | 2025-09-26_1227 | bin=5   | igs_only  | parametric_ekf : DONE       (491.1s) -> status=ok (no 'status' key)
  [diag] 2025-09-26_1227 | bin=5 : summary of 6 obs_mode/filter_type combos
           ro_only   | gridded_kf     -> Success
           ro_only   | parametric_ekf -> Success
           ro_igs    | gridded_kf     -> Success
           ro_igs    | parametric_ekf -> Success
           igs_only  | gridded_kf     -> ok (no 'status' key)
           igs_only  | parametric_ekf -> ok (no 'status' key)

▶▶▶ compute_isr_metrics START | group=2025-09-26_1227 bin=5
◀◀◀ compute_isr_metrics END   | group=2025-09-26_1227 bin=5 -> 0 metric row(s)

▶▶▶ _plot_group_all_modes START | group=2025-09-26_1227
  [diag] 2025-09-26_1227/ro_igs/gridded_kf: arc-innovation panels thinned to 5 RO + 20/67 representative IGS arcs (of 72 total)
  [diag] 2025-09-26_1227/ro_igs/parametric_ekf: arc-innovation panels thinned to 5 RO + 20/67 representative IGS arcs (of 72 total)
  [diag] 2025-09-26_1227/igs_only/gridded_kf: arc-innovation panels thinned to 0 RO + 20/67 representative IGS arcs (of 67 total)
  [diag] 2025-09-26_1227/igs_only/parametric_ekf: arc-innovation panels thinned to 0 RO + 20/67 representative IGS arcs (of 67 total)
/home/austinhunter/Downloads/PlanetiQ_Code/venv311/lib/python3.11/site-packages/shapely/creation.py:218: RuntimeWarning: invalid value encountered in linestrings
  return lib.linestrings(coords, np.intc(handle_nan), out=out, **kwargs)
/home/austinhunter/IonosphereTomography/plotIonosphereTomography.py:3634: UserWarning: This figure includes Axes that are not compatible with tight_layout, so results might be incorrect.
  plt.tight_layout(rect=[0, 0, 1, 0.98])
/home/austinhunter/IonosphereTomography/plotIonosphereTomography.py:3634: UserWarning: This figure includes Axes that are not compatible with tight_layout, so results might be incorrect.
  plt.tight_layout(rect=[0, 0, 1, 0.98])
/home/austinhunter/IonosphereTomography/plotIonosphereTomography.py:3634: UserWarning: This figure includes Axes that are not compatible with tight_layout, so results might be incorrect.
  plt.tight_layout(rect=[0, 0, 1, 0.98])
◀◀◀ _plot_group_all_modes END   | group=2025-09-26_1227

======================================================================
[Day] 2025-10-14  tier=1  instruments=['ESR', 'TRO']
  Scanning 3690 files for metadata …
  Found 3690 valid files across 579 geographic groups (48 30-min windows).
[ISR-DA][minima-windows] 2025-10-14: 6 window(s) (>= 10 arcs each)
  0122  centre=2025-10-14 01:22:30  n_occ=32  span=[2025-10-14 00:00:00 .. 2025-10-14 02:45:00)
  0532  centre=2025-10-14 05:32:30  n_occ=25  span=[2025-10-14 02:45:00 .. 2025-10-14 08:20:00)
  0915  centre=2025-10-14 09:15:00  n_occ=18  span=[2025-10-14 08:20:00 .. 2025-10-14 10:10:00)
  1115  centre=2025-10-14 11:15:00  n_occ=30  span=[2025-10-14 10:10:00 .. 2025-10-14 12:20:00)
  1452  centre=2025-10-14 14:52:30  n_occ=43  span=[2025-10-14 12:20:00 .. 2025-10-14 17:25:00)
  2125  centre=2025-10-14 21:25:00  n_occ=10  span=[2025-10-14 20:10:00 .. 2025-10-14 22:40:00)
  [IGS/TRO1] Running TEC pipeline for 2025-10-14 …
  [nav] Using multi-GNSS mixed nav: BRDC00IGS_R_20252870000_01D_MN.rnx.gz
  [TRO1]  10/102 SVs (  9.8%)    0 arcs
  [TRO1]  20/102 SVs ( 19.6%)    3 arcs
  [TRO1]  30/102 SVs ( 29.4%)   36 arcs
  [TRO1]  40/102 SVs ( 39.2%)   74 arcs
  [TRO1]  50/102 SVs ( 49.0%)  117 arcs
  [TRO1]  60/102 SVs ( 58.8%)  155 arcs
  [TRO1]  70/102 SVs ( 68.6%)  193 arcs
  [TRO1]  80/102 SVs ( 78.4%)  227 arcs
  [TRO1]  90/102 SVs ( 88.2%)  254 arcs
  [TRO1] 100/102 SVs ( 98.0%)  290 arcs
  [TRO1] 102/102 SVs (100.0%)  295 arcs
  [TRO1] 102/102 SVs done  295 arcs
  [IGS/TRO1] 295 raw arcs → 203 valid entries
  [IGS/WUTH] Running TEC pipeline for 2025-10-14 …
  [IGS/WUTH] Pipeline failed: No RINEX-3 observation file found in https://cddis.nasa.gov/archive/gnss/data/daily/2025/287/25d for station WUTH. Available: ['ABMF00GLP_R_20252870000_01D_30S_MO.crx.gz ', 'ABPO00MDG_R_20252870000_01D_30S_MO.crx.gz ', 'AC2300USA_R_20252870000_01D_15S_MO.crx.gz ', 'AC2400USA_R_20252870000_01D_15S_MO.crx.gz ', 'ACRG00GHA_R_20252870000_01D_30S_MO.crx.gz ', 'ACSO00USA_R_20252870000_01D_15S_MO.crx.gz ', 'ADIS00ETH_R_20252870000_01D_30S_MO.crx.gz ', 'AIRA00JPN_R_20252870000_01D_30S_MO.crx.gz ', 'AJAC00FRA_R_20252870000_01D_30S_MO.crx.gz ', 'AL2H00CAN_R_20252870000_01D_30S_MO.crx.gz ']
  [IGS/NYA1] Running TEC pipeline for 2025-10-14 …
  [nav] Using multi-GNSS mixed nav: BRDC00IGS_R_20252870000_01D_MN.rnx.gz
  [NYA1]  10/101 SVs (  9.9%)    4 arcs
  [NYA1]  20/101 SVs ( 19.8%)   23 arcs
  [NYA1]  30/101 SVs ( 29.7%)  118 arcs
  [NYA1]  40/101 SVs ( 39.6%)  200 arcs
  [NYA1]  50/101 SVs ( 49.5%)  299 arcs
  [NYA1]  60/101 SVs ( 59.4%)  402 arcs
  [NYA1]  70/101 SVs ( 69.3%)  493 arcs
  [NYA1]  80/101 SVs ( 79.2%)  576 arcs
  [NYA1]  90/101 SVs ( 89.1%)  647 arcs
  [NYA1] 100/101 SVs ( 99.0%)  750 arcs
  [NYA1] 101/101 SVs (100.0%)  763 arcs
  [NYA1] 101/101 SVs done  763 arcs
  [IGS/NYA1] 763 raw arcs → 367 valid entries
  0 minima window(s), 570 IGS arc(s)
  [skip] No GNSS-RO minima windows for this day matching --window 1227.

======================================================================
[Day] 2025-10-15  tier=1  instruments=['ESR', 'TRO']
  Scanning 3429 files for metadata …
  Found 3429 valid files across 564 geographic groups (48 30-min windows).
[ISR-DA][minima-windows] 2025-10-15: 5 window(s) (>= 10 arcs each)
  0120  centre=2025-10-15 01:20:00  n_occ=36  span=[2025-10-15 00:00:00 .. 2025-10-15 02:40:00)
  0920  centre=2025-10-15 09:20:00  n_occ=14  span=[2025-10-15 08:20:00 .. 2025-10-15 10:20:00)
  1110  centre=2025-10-15 11:10:00  n_occ=22  span=[2025-10-15 10:20:00 .. 2025-10-15 12:00:00)
  1235  centre=2025-10-15 12:35:00  n_occ=19  span=[2025-10-15 12:00:00 .. 2025-10-15 13:10:00)
  1430  centre=2025-10-15 14:30:00  n_occ=24  span=[2025-10-15 13:10:00 .. 2025-10-15 15:50:00)
  [IGS/TRO1] Running TEC pipeline for 2025-10-15 …
  [nav] Using multi-GNSS mixed nav: BRDC00IGS_R_20252880000_01D_MN.rnx.gz
  [TRO1]  10/102 SVs (  9.8%)    0 arcs
  [TRO1]  20/102 SVs ( 19.6%)    7 arcs
  [TRO1]  30/102 SVs ( 29.4%)   54 arcs
  [TRO1]  40/102 SVs ( 39.2%)  104 arcs
  [TRO1]  50/102 SVs ( 49.0%)  146 arcs
  [TRO1]  60/102 SVs ( 58.8%)  201 arcs
  [TRO1]  70/102 SVs ( 68.6%)  254 arcs
  [TRO1]  80/102 SVs ( 78.4%)  301 arcs
  [TRO1]  90/102 SVs ( 88.2%)  336 arcs
  [TRO1] 100/102 SVs ( 98.0%)  377 arcs
  [TRO1] 102/102 SVs (100.0%)  382 arcs
  [TRO1] 102/102 SVs done  382 arcs
  [IGS/TRO1] 382 raw arcs → 246 valid entries
  [IGS/WUTH] Running TEC pipeline for 2025-10-15 …
  [IGS/WUTH] Pipeline failed: No RINEX-3 observation file found in https://cddis.nasa.gov/archive/gnss/data/daily/2025/288/25d for station WUTH. Available: ['ABMF00GLP_R_20252880000_01D_30S_MO.crx.gz ', 'ABPO00MDG_R_20252880000_01D_30S_MO.crx.gz ', 'AC2300USA_R_20252880000_01D_15S_MO.crx.gz ', 'AC2400USA_R_20252880000_01D_15S_MO.crx.gz ', 'ACRG00GHA_R_20252880000_01D_30S_MO.crx.gz ', 'ACSO00USA_R_20252880000_01D_15S_MO.crx.gz ', 'ADIS00ETH_R_20252880000_01D_30S_MO.crx.gz ', 'AIRA00JPN_R_20252880000_01D_30S_MO.crx.gz ', 'AJAC00FRA_R_20252880000_01D_30S_MO.crx.gz ', 'AL2H00CAN_R_20252880000_01D_30S_MO.crx.gz ']
  [IGS/NYA1] Running TEC pipeline for 2025-10-15 …
  [nav] Using multi-GNSS mixed nav: BRDC00IGS_R_20252880000_01D_MN.rnx.gz
  [NYA1]  10/101 SVs (  9.9%)    4 arcs
  [NYA1]  20/101 SVs ( 19.8%)   19 arcs
  [NYA1]  30/101 SVs ( 29.7%)   82 arcs
  [NYA1]  40/101 SVs ( 39.6%)  152 arcs
  [NYA1]  50/101 SVs ( 49.5%)  231 arcs
  [NYA1]  60/101 SVs ( 59.4%)  322 arcs
  [NYA1]  70/101 SVs ( 69.3%)  388 arcs
  [NYA1]  80/101 SVs ( 79.2%)  455 arcs
  [NYA1]  90/101 SVs ( 89.1%)  509 arcs
  [NYA1] 100/101 SVs ( 99.0%)  571 arcs
  [NYA1] 101/101 SVs (100.0%)  577 arcs
  [NYA1] 101/101 SVs done  577 arcs
  [IGS/NYA1] 577 raw arcs → 324 valid entries
  0 minima window(s), 570 IGS arc(s)
  [skip] No GNSS-RO minima windows for this day matching --window 1227.

======================================================================
[Day] 2025-10-16  tier=1  instruments=['ESR', 'TRO']
  Scanning 3275 files for metadata …
  Found 3275 valid files across 553 geographic groups (48 30-min windows).
[ISR-DA][minima-windows] 2025-10-16: 6 window(s) (>= 10 arcs each)
  0122  centre=2025-10-16 01:22:30  n_occ=44  span=[2025-10-16 00:00:00 .. 2025-10-16 02:45:00)
  0920  centre=2025-10-16 09:20:00  n_occ=16  span=[2025-10-16 08:30:00 .. 2025-10-16 10:10:00)
  1057  centre=2025-10-16 10:57:30  n_occ=18  span=[2025-10-16 10:10:00 .. 2025-10-16 11:45:00)
  1230  centre=2025-10-16 12:30:00  n_occ=21  span=[2025-10-16 11:45:00 .. 2025-10-16 13:15:00)
  1535  centre=2025-10-16 15:35:00  n_occ=29  span=[2025-10-16 13:15:00 .. 2025-10-16 17:55:00)
  2030  centre=2025-10-16 20:30:00  n_occ=12  span=[2025-10-16 17:55:00 .. 2025-10-16 23:05:00)
  [IGS/TRO1] Running TEC pipeline for 2025-10-16 …
  [nav] Using multi-GNSS mixed nav: BRDC00IGS_R_20252890000_01D_MN.rnx.gz
  [TRO1]  10/102 SVs (  9.8%)    1 arcs
  [TRO1]  20/102 SVs ( 19.6%)    3 arcs
  [TRO1]  30/102 SVs ( 29.4%)   34 arcs
  [TRO1]  40/102 SVs ( 39.2%)   69 arcs
  [TRO1]  50/102 SVs ( 49.0%)  104 arcs
  [TRO1]  60/102 SVs ( 58.8%)  142 arcs
  [TRO1]  70/102 SVs ( 68.6%)  177 arcs
  [TRO1]  80/102 SVs ( 78.4%)  220 arcs
  [TRO1]  90/102 SVs ( 88.2%)  249 arcs
  [TRO1] 100/102 SVs ( 98.0%)  289 arcs
  [TRO1] 102/102 SVs (100.0%)  293 arcs
  [TRO1] 102/102 SVs done  293 arcs
  [IGS/TRO1] 293 raw arcs → 189 valid entries
  [IGS/WUTH] Running TEC pipeline for 2025-10-16 …
  [IGS/WUTH] Pipeline failed: No RINEX-3 observation file found in https://cddis.nasa.gov/archive/gnss/data/daily/2025/289/25d for station WUTH. Available: ['ABMF00GLP_R_20252890000_01D_30S_MO.crx.gz ', 'ABPO00MDG_R_20252890000_01D_30S_MO.crx.gz ', 'AC2300USA_R_20252890000_01D_15S_MO.crx.gz ', 'AC2400USA_R_20252890000_01D_15S_MO.crx.gz ', 'ACRG00GHA_R_20252890000_01D_30S_MO.crx.gz ', 'ACSO00USA_R_20252890000_01D_15S_MO.crx.gz ', 'ADIS00ETH_R_20252890000_01D_30S_MO.crx.gz ', 'AIRA00JPN_R_20252890000_01D_30S_MO.crx.gz ', 'AJAC00FRA_R_20252890000_01D_30S_MO.crx.gz ', 'AL2H00CAN_R_20252890000_01D_30S_MO.crx.gz ']
  [IGS/NYA1] Running TEC pipeline for 2025-10-16 …
  [nav] Using multi-GNSS mixed nav: BRDC00IGS_R_20252890000_01D_MN.rnx.gz
  [NYA1]  10/101 SVs (  9.9%)    8 arcs
  [NYA1]  20/101 SVs ( 19.8%)   23 arcs
  [NYA1]  30/101 SVs ( 29.7%)   81 arcs
  [NYA1]  40/101 SVs ( 39.6%)  168 arcs
  [NYA1]  50/101 SVs ( 49.5%)  249 arcs
  [NYA1]  60/101 SVs ( 59.4%)  325 arcs
  [NYA1]  70/101 SVs ( 69.3%)  411 arcs
  [NYA1]  80/101 SVs ( 79.2%)  486 arcs
  [NYA1]  90/101 SVs ( 89.1%)  537 arcs
  [NYA1] 100/101 SVs ( 99.0%)  614 arcs
  [NYA1] 101/101 SVs (100.0%)  622 arcs
  [NYA1] 101/101 SVs done  622 arcs
  [IGS/NYA1] 622 raw arcs → 325 valid entries
  0 minima window(s), 514 IGS arc(s)
  [skip] No GNSS-RO minima windows for this day matching --window 1227.

======================================================================
[Day] 2025-10-17  tier=1  instruments=['ESR', 'TRO']
  Scanning 3818 files for metadata …
  Found 3818 valid files across 573 geographic groups (48 30-min windows).
[ISR-DA][minima-windows] 2025-10-17: 7 window(s) (>= 10 arcs each)
  0020  centre=2025-10-17 00:20:00  n_occ=11  span=[2025-10-17 00:00:00 .. 2025-10-17 00:40:00)
  0212  centre=2025-10-17 02:12:30  n_occ=30  span=[2025-10-17 00:40:00 .. 2025-10-17 03:45:00)
  1057  centre=2025-10-17 10:57:30  n_occ=20  span=[2025-10-17 10:10:00 .. 2025-10-17 11:45:00)
  1230  centre=2025-10-17 12:30:00  n_occ=10  span=[2025-10-17 11:45:00 .. 2025-10-17 13:15:00)
  1530  centre=2025-10-17 15:30:00  n_occ=34  span=[2025-10-17 13:15:00 .. 2025-10-17 17:45:00)
  2207  centre=2025-10-17 22:07:30  n_occ=11  span=[2025-10-17 21:20:00 .. 2025-10-17 22:55:00)
  2327  centre=2025-10-17 23:27:30  n_occ=10  span=[2025-10-17 22:55:00 .. 2025-10-18 00:00:00)
  [IGS/TRO1] Running TEC pipeline for 2025-10-17 …
  [nav] Using multi-GNSS mixed nav: BRDC00IGS_R_20252900000_01D_MN.rnx.gz
  [TRO1]  10/102 SVs (  9.8%)    1 arcs
  [TRO1]  20/102 SVs ( 19.6%)    4 arcs
  [TRO1]  30/102 SVs ( 29.4%)   49 arcs
  [TRO1]  40/102 SVs ( 39.2%)   94 arcs
  [TRO1]  50/102 SVs ( 49.0%)  152 arcs
  [TRO1]  60/102 SVs ( 58.8%)  199 arcs
  [TRO1]  70/102 SVs ( 68.6%)  254 arcs
  [TRO1]  80/102 SVs ( 78.4%)  293 arcs
  [TRO1]  90/102 SVs ( 88.2%)  326 arcs
  [TRO1] 100/102 SVs ( 98.0%)  373 arcs
  [TRO1] 102/102 SVs (100.0%)  377 arcs
  [TRO1] 102/102 SVs done  377 arcs
  [IGS/TRO1] 377 raw arcs → 261 valid entries
  [IGS/WUTH] Running TEC pipeline for 2025-10-17 …
  [IGS/WUTH] Pipeline failed: No RINEX-3 observation file found in https://cddis.nasa.gov/archive/gnss/data/daily/2025/290/25d for station WUTH. Available: ['ABMF00GLP_R_20252900000_01D_30S_MO.crx.gz ', 'ABPO00MDG_R_20252900000_01D_30S_MO.crx.gz ', 'AC2300USA_R_20252900000_01D_15S_MO.crx.gz ', 'AC2400USA_R_20252900000_01D_15S_MO.crx.gz ', 'ACRG00GHA_R_20252900000_01D_30S_MO.crx.gz ', 'ACSO00USA_R_20252900000_01D_15S_MO.crx.gz ', 'ADIS00ETH_R_20252900000_01D_30S_MO.crx.gz ', 'AIRA00JPN_R_20252900000_01D_30S_MO.crx.gz ', 'AJAC00FRA_R_20252900000_01D_30S_MO.crx.gz ', 'AL2H00CAN_R_20252900000_01D_30S_MO.crx.gz ']
  [IGS/NYA1] Running TEC pipeline for 2025-10-17 …
  [nav] Using multi-GNSS mixed nav: BRDC00IGS_R_20252900000_01D_MN.rnx.gz
  [NYA1]  10/101 SVs (  9.9%)   19 arcs
  [NYA1]  20/101 SVs ( 19.8%)   32 arcs
  [NYA1]  30/101 SVs ( 29.7%)  119 arcs
  [NYA1]  40/101 SVs ( 39.6%)  202 arcs
  [NYA1]  50/101 SVs ( 49.5%)  292 arcs
  [NYA1]  60/101 SVs ( 59.4%)  375 arcs
  [NYA1]  70/101 SVs ( 69.3%)  459 arcs
  [NYA1]  80/101 SVs ( 79.2%)  536 arcs
  [NYA1]  90/101 SVs ( 89.1%)  604 arcs
  [NYA1] 100/101 SVs ( 99.0%)  691 arcs
  [NYA1] 101/101 SVs (100.0%)  700 arcs
  [NYA1] 101/101 SVs done  700 arcs
  [IGS/NYA1] 700 raw arcs → 377 valid entries
  0 minima window(s), 638 IGS arc(s)
  [skip] No GNSS-RO minima windows for this day matching --window 1227.

======================================================================
[Day] 2025-11-04  tier=1  instruments=['ESR', 'TRO']
  Scanning 3654 files for metadata …
  Found 3654 valid files across 581 geographic groups (48 30-min windows).
[ISR-DA][minima-windows] 2025-11-04: 7 window(s) (>= 10 arcs each)
  0052  centre=2025-11-04 00:52:30  n_occ=17  span=[2025-11-04 00:00:00 .. 2025-11-04 01:45:00)
  0232  centre=2025-11-04 02:32:30  n_occ=23  span=[2025-11-04 01:45:00 .. 2025-11-04 03:20:00)
  0900  centre=2025-11-04 09:00:00  n_occ=39  span=[2025-11-04 07:00:00 .. 2025-11-04 11:00:00)
  1205  centre=2025-11-04 12:05:00  n_occ=26  span=[2025-11-04 11:00:00 .. 2025-11-04 13:10:00)
  1400  centre=2025-11-04 14:00:00  n_occ=14  span=[2025-11-04 13:10:00 .. 2025-11-04 14:50:00)
  1617  centre=2025-11-04 16:17:30  n_occ=13  span=[2025-11-04 14:50:00 .. 2025-11-04 17:45:00)
  2147  centre=2025-11-04 21:47:30  n_occ=13  span=[2025-11-04 19:35:00 .. 2025-11-05 00:00:00)
  [IGS/TRO1] Running TEC pipeline for 2025-11-04 …
  [nav] Using multi-GNSS mixed nav: BRDC00IGS_R_20253080000_01D_MN.rnx.gz
[TRO1] E02: no exact DCB match for any viable Galileo pair — DCB correction will be 0; selected E1/E5a (C1X-C5X)
[TRO1] E03: no exact DCB match for any viable Galileo pair — DCB correction will be 0; selected E1/E5a (C1X-C5X)
[TRO1] E04: no exact DCB match for any viable Galileo pair — DCB correction will be 0; selected E1/E5a (C1X-C5X)
[TRO1] E05: no exact DCB match for any viable Galileo pair — DCB correction will be 0; selected E1/E5a (C1X-C5X)
[TRO1] E06: no exact DCB match for any viable Galileo pair — DCB correction will be 0; selected E1/E5a (C1X-C5X)
[TRO1] E07: no exact DCB match for any viable Galileo pair — DCB correction will be 0; selected E1/E5a (C1X-C5X)
[TRO1] E08: no exact DCB match for any viable Galileo pair — DCB correction will be 0; selected E1/E5a (C1X-C5X)
[TRO1] E09: no exact DCB match for any viable Galileo pair — DCB correction will be 0; selected E1/E5a (C1X-C5X)
[TRO1] E10: no exact DCB match for any viable Galileo pair — DCB correction will be 0; selected E1/E5a (C1X-C5X)
[TRO1] E11: no exact DCB match for any viable Galileo pair — DCB correction will be 0; selected E1/E5a (C1X-C5X)
[TRO1] E12: no exact DCB match for any viable Galileo pair — DCB correction will be 0; selected E1/E5a (C1X-C5X)
[TRO1] E13: no exact DCB match for any viable Galileo pair — DCB correction will be 0; selected E1/E5a (C1X-C5X)
[TRO1] E15: no exact DCB match for any viable Galileo pair — DCB correction will be 0; selected E1/E5a (C1X-C5X)
[TRO1] E16: no exact DCB match for any viable Galileo pair — DCB correction will be 0; selected E1/E5a (C1X-C5X)
[TRO1] E19: no exact DCB match for any viable Galileo pair — DCB correction will be 0; selected E1/E5a (C1X-C5X)
[TRO1] E21: no exact DCB match for any viable Galileo pair — DCB correction will be 0; selected E1/E5a (C1X-C5X)
[TRO1] E23: no exact DCB match for any viable Galileo pair — DCB correction will be 0; selected E1/E5a (C1X-C5X)
[TRO1] E25: no exact DCB match for any viable Galileo pair — DCB correction will be 0; selected E1/E5a (C1X-C5X)
[TRO1] E26: no exact DCB match for any viable Galileo pair — DCB correction will be 0; selected E1/E5a (C1X-C5X)
[TRO1] E27: no exact DCB match for any viable Galileo pair — DCB correction will be 0; selected E1/E5a (C1X-C5X)
[TRO1] E29: no exact DCB match for any viable Galileo pair — DCB correction will be 0; selected E1/E5a (C1X-C5X)
[TRO1] E30: no exact DCB match for any viable Galileo pair — DCB correction will be 0; selected E1/E5a (C1X-C5X)
[TRO1] E31: no exact DCB match for any viable Galileo pair — DCB correction will be 0; selected E1/E5a (C1X-C5X)
[TRO1] E33: no exact DCB match for any viable Galileo pair — DCB correction will be 0; selected E1/E5a (C1X-C5X)
[TRO1] E34: no exact DCB match for any viable Galileo pair — DCB correction will be 0; selected E1/E5a (C1X-C5X)
[TRO1] E36: no exact DCB match for any viable Galileo pair — DCB correction will be 0; selected E1/E5a (C1X-C5X)
  [TRO1]  10/101 SVs (  9.9%)    0 arcs
  [TRO1]  20/101 SVs ( 19.8%)    6 arcs
  [TRO1]  30/101 SVs ( 29.7%)   48 arcs
  [TRO1]  40/101 SVs ( 39.6%)   82 arcs
  [TRO1]  50/101 SVs ( 49.5%)  119 arcs
  [TRO1]  60/101 SVs ( 59.4%)  153 arcs
  [TRO1]  70/101 SVs ( 69.3%)  176 arcs
  [TRO1]  80/101 SVs ( 79.2%)  204 arcs
  [TRO1]  90/101 SVs ( 89.1%)  229 arcs
  [TRO1] 100/101 SVs ( 99.0%)  268 arcs
  [TRO1] 101/101 SVs (100.0%)  272 arcs
  [TRO1] 101/101 SVs done  272 arcs
  [IGS/TRO1] 272 raw arcs → 191 valid entries
  [IGS/WUTH] Running TEC pipeline for 2025-11-04 …
  [nav] Using multi-GNSS mixed nav: BRDC00IGS_R_20253080000_01D_MN.rnx.gz
  [WUTH]  12/123 SVs (  9.8%)   93 arcs
  [WUTH]  24/123 SVs ( 19.5%)  163 arcs
  [WUTH]  36/123 SVs ( 29.3%)  243 arcs
  [WUTH]  48/123 SVs ( 39.0%)  324 arcs
  [WUTH]  60/123 SVs ( 48.8%)  398 arcs
  [WUTH]  72/123 SVs ( 58.5%)  478 arcs
  [WUTH]  84/123 SVs ( 68.3%)  511 arcs
  [WUTH]  96/123 SVs ( 78.0%)  556 arcs
  [WUTH] 108/123 SVs ( 87.8%)  617 arcs
  [WUTH] 120/123 SVs ( 97.6%)  718 arcs
  [WUTH] 123/123 SVs (100.0%)  739 arcs
  [WUTH] 123/123 SVs done  739 arcs
  [IGS/WUTH] 739 raw arcs → 409 valid entries
  [IGS/NYA1] Running TEC pipeline for 2025-11-04 …
  [nav] Using multi-GNSS mixed nav: BRDC00IGS_R_20253080000_01D_MN.rnx.gz
[NYA1] E02: no exact DCB match for any viable Galileo pair — DCB correction will be 0; selected E1/E5a (C1X-C5X)
[NYA1] E03: no exact DCB match for any viable Galileo pair — DCB correction will be 0; selected E1/E5a (C1X-C5X)
[NYA1] E04: no exact DCB match for any viable Galileo pair — DCB correction will be 0; selected E1/E5a (C1X-C5X)
[NYA1] E05: no exact DCB match for any viable Galileo pair — DCB correction will be 0; selected E1/E5a (C1X-C5X)
[NYA1] E06: no exact DCB match for any viable Galileo pair — DCB correction will be 0; selected E1/E5a (C1X-C5X)
[NYA1] E07: no exact DCB match for any viable Galileo pair — DCB correction will be 0; selected E1/E5a (C1X-C5X)
[NYA1] E08: no exact DCB match for any viable Galileo pair — DCB correction will be 0; selected E1/E5a (C1X-C5X)
[NYA1] E09: no exact DCB match for any viable Galileo pair — DCB correction will be 0; selected E1/E5a (C1X-C5X)
[NYA1] E10: no exact DCB match for any viable Galileo pair — DCB correction will be 0; selected E1/E5a (C1X-C5X)
[NYA1] E11: no exact DCB match for any viable Galileo pair — DCB correction will be 0; selected E1/E5a (C1X-C5X)
[NYA1] E12: no exact DCB match for any viable Galileo pair — DCB correction will be 0; selected E1/E5a (C1X-C5X)
[NYA1] E13: no exact DCB match for any viable Galileo pair — DCB correction will be 0; selected E1/E5a (C1X-C5X)
[NYA1] E15: no exact DCB match for any viable Galileo pair — DCB correction will be 0; selected E1/E5a (C1X-C5X)
[NYA1] E16: no exact DCB match for any viable Galileo pair — DCB correction will be 0; selected E1/E5a (C1X-C5X)
[NYA1] E19: no exact DCB match for any viable Galileo pair — DCB correction will be 0; selected E1/E5a (C1X-C5X)
[NYA1] E21: no exact DCB match for any viable Galileo pair — DCB correction will be 0; selected E1/E5a (C1X-C5X)
[NYA1] E23: no exact DCB match for any viable Galileo pair — DCB correction will be 0; selected E1/E5a (C1X-C5X)
[NYA1] E25: no exact DCB match for any viable Galileo pair — DCB correction will be 0; selected E1/E5a (C1X-C5X)
[NYA1] E26: no exact DCB match for any viable Galileo pair — DCB correction will be 0; selected E1/E5a (C1X-C5X)
[NYA1] E27: no exact DCB match for any viable Galileo pair — DCB correction will be 0; selected E1/E5a (C1X-C5X)
[NYA1] E29: no exact DCB match for any viable Galileo pair — DCB correction will be 0; selected E1/E5a (C1X-C5X)
[NYA1] E30: no exact DCB match for any viable Galileo pair — DCB correction will be 0; selected E1/E5a (C1X-C5X)
[NYA1] E31: no exact DCB match for any viable Galileo pair — DCB correction will be 0; selected E1/E5a (C1X-C5X)
[NYA1] E33: no exact DCB match for any viable Galileo pair — DCB correction will be 0; selected E1/E5a (C1X-C5X)
[NYA1] E34: no exact DCB match for any viable Galileo pair — DCB correction will be 0; selected E1/E5a (C1X-C5X)
[NYA1] E36: no exact DCB match for any viable Galileo pair — DCB correction will be 0; selected E1/E5a (C1X-C5X)
  [NYA1]  10/100 SVs ( 10.0%)    0 arcs
  [NYA1]  20/100 SVs ( 20.0%)   18 arcs
  [NYA1]  30/100 SVs ( 30.0%)   83 arcs
  [NYA1]  40/100 SVs ( 40.0%)  158 arcs
  [NYA1]  50/100 SVs ( 50.0%)  223 arcs
  [NYA1]  60/100 SVs ( 60.0%)  276 arcs
  [NYA1]  70/100 SVs ( 70.0%)  325 arcs
  [NYA1]  80/100 SVs ( 80.0%)  378 arcs
  [NYA1]  90/100 SVs ( 90.0%)  433 arcs
  [NYA1] 100/100 SVs (100.0%)  497 arcs
  [NYA1] 100/100 SVs done  497 arcs
  [IGS/NYA1] 497 raw arcs → 298 valid entries
  0 minima window(s), 898 IGS arc(s)
  [skip] No GNSS-RO minima windows for this day matching --window 1227.

======================================================================
[Day] 2025-11-06  tier=1  instruments=['ESR', 'TRO']
  Scanning 3650 files for metadata …
  Found 3650 valid files across 586 geographic groups (48 30-min windows).
[ISR-DA][minima-windows] 2025-11-06: 6 window(s) (>= 10 arcs each)
  0047  centre=2025-11-06 00:47:30  n_occ=20  span=[2025-11-06 00:00:00 .. 2025-11-06 01:35:00)
  0220  centre=2025-11-06 02:20:00  n_occ=24  span=[2025-11-06 01:35:00 .. 2025-11-06 03:05:00)
  1010  centre=2025-11-06 10:10:00  n_occ=17  span=[2025-11-06 09:25:00 .. 2025-11-06 10:55:00)
  1205  centre=2025-11-06 12:05:00  n_occ=29  span=[2025-11-06 10:55:00 .. 2025-11-06 13:15:00)
  1527  centre=2025-11-06 15:27:30  n_occ=22  span=[2025-11-06 13:15:00 .. 2025-11-06 17:40:00)
  2212  centre=2025-11-06 22:12:30  n_occ=13  span=[2025-11-06 20:25:00 .. 2025-11-07 00:00:00)
  [IGS/TRO1] Running TEC pipeline for 2025-11-06 …
  [nav] Using multi-GNSS mixed nav: BRDC00IGS_R_20253100000_01D_MN.rnx.gz
  [TRO1]  10/101 SVs (  9.9%)    0 arcs
  [TRO1]  20/101 SVs ( 19.8%)   10 arcs
  [TRO1]  30/101 SVs ( 29.7%)   74 arcs
  [TRO1]  40/101 SVs ( 39.6%)  156 arcs
  [TRO1]  50/101 SVs ( 49.5%)  245 arcs
  [TRO1]  60/101 SVs ( 59.4%)  313 arcs
  [TRO1]  70/101 SVs ( 69.3%)  373 arcs
  [TRO1]  80/101 SVs ( 79.2%)  451 arcs
  [TRO1]  90/101 SVs ( 89.1%)  508 arcs
  [TRO1] 100/101 SVs ( 99.0%)  586 arcs
  [TRO1] 101/101 SVs (100.0%)  600 arcs
  [TRO1] 101/101 SVs done  600 arcs
  [IGS/TRO1] 600 raw arcs → 267 valid entries
  [IGS/WUTH] Running TEC pipeline for 2025-11-06 …
  [IGS/WUTH] Pipeline failed: No RINEX-3 observation file found in https://cddis.nasa.gov/archive/gnss/data/daily/2025/310/25d for station WUTH. Available: ['ABMF00GLP_R_20253100000_01D_30S_MO.crx.gz ', 'ABPO00MDG_R_20253100000_01D_30S_MO.crx.gz ', 'AC2300USA_R_20253100000_01D_15S_MO.crx.gz ', 'AC2400USA_R_20253100000_01D_15S_MO.crx.gz ', 'ACRG00GHA_R_20253100000_01D_30S_MO.crx.gz ', 'ACSO00USA_R_20253100000_01D_15S_MO.crx.gz ', 'ADIS00ETH_R_20253100000_01D_30S_MO.crx.gz ', 'AIRA00JPN_R_20253100000_01D_30S_MO.crx.gz ', 'AJAC00FRA_R_20253100000_01D_30S_MO.crx.gz ', 'AL2H00CAN_R_20253100000_01D_30S_MO.crx.gz ']
  [IGS/NYA1] Running TEC pipeline for 2025-11-06 …
  [nav] Using multi-GNSS mixed nav: BRDC00IGS_R_20253100000_01D_MN.rnx.gz
  [NYA1]  10/100 SVs ( 10.0%)    0 arcs
  [NYA1]  20/100 SVs ( 20.0%)   24 arcs
  [NYA1]  30/100 SVs ( 30.0%)  109 arcs
  [NYA1]  40/100 SVs ( 40.0%)  181 arcs
  [NYA1]  50/100 SVs ( 50.0%)  238 arcs
  [NYA1]  60/100 SVs ( 60.0%)  337 arcs
  [NYA1]  70/100 SVs ( 70.0%)  426 arcs
  [NYA1]  80/100 SVs ( 80.0%)  487 arcs
  [NYA1]  90/100 SVs ( 90.0%)  547 arcs
  [NYA1] 100/100 SVs (100.0%)  624 arcs
  [NYA1] 100/100 SVs done  624 arcs
  [IGS/NYA1] 624 raw arcs → 339 valid entries
  0 minima window(s), 606 IGS arc(s)
  [skip] No GNSS-RO minima windows for this day matching --window 1227.

======================================================================
[Day] 2025-11-11  tier=1  instruments=['ESR', 'TRO']
  Scanning 3979 files for metadata …
  Found 3979 valid files across 604 geographic groups (49 30-min windows).
[ISR-DA][minima-windows] 2025-11-11: 7 window(s) (>= 10 arcs each)
  0127  centre=2025-11-11 01:27:30  n_occ=27  span=[2025-11-11 00:40:00 .. 2025-11-11 02:15:00)
  0415  centre=2025-11-11 04:15:00  n_occ=37  span=[2025-11-11 02:15:00 .. 2025-11-11 06:15:00)
  0912  centre=2025-11-11 09:12:30  n_occ=14  span=[2025-11-11 08:10:00 .. 2025-11-11 10:15:00)
  1125  centre=2025-11-11 11:25:00  n_occ=38  span=[2025-11-11 10:15:00 .. 2025-11-11 12:35:00)
  1320  centre=2025-11-11 13:20:00  n_occ=21  span=[2025-11-11 12:35:00 .. 2025-11-11 14:05:00)
  1535  centre=2025-11-11 15:35:00  n_occ=13  span=[2025-11-11 14:05:00 .. 2025-11-11 17:05:00)
  2157  centre=2025-11-11 21:57:30  n_occ=13  span=[2025-11-11 19:55:00 .. 2025-11-12 00:00:00)
  [IGS/TRO1] Running TEC pipeline for 2025-11-11 …
  [nav] Using multi-GNSS mixed nav: BRDC00IGS_R_20253150000_01D_MN.rnx.gz
  [TRO1]  10/100 SVs ( 10.0%)    0 arcs
  [TRO1]  20/100 SVs ( 20.0%)    3 arcs
  [TRO1]  30/100 SVs ( 30.0%)   39 arcs
  [TRO1]  40/100 SVs ( 40.0%)   91 arcs
  [TRO1]  50/100 SVs ( 50.0%)  137 arcs
  [TRO1]  60/100 SVs ( 60.0%)  183 arcs
  [TRO1]  70/100 SVs ( 70.0%)  227 arcs
  [TRO1]  80/100 SVs ( 80.0%)  254 arcs
  [TRO1]  90/100 SVs ( 90.0%)  282 arcs
  [TRO1] 100/100 SVs (100.0%)  313 arcs
  [TRO1] 100/100 SVs done  313 arcs
  [IGS/TRO1] 313 raw arcs → 206 valid entries
  [IGS/WUTH] Running TEC pipeline for 2025-11-11 …
  [IGS/WUTH] Pipeline failed: No RINEX-3 observation file found in https://cddis.nasa.gov/archive/gnss/data/daily/2025/315/25d for station WUTH. Available: ['ABMF00GLP_R_20253150000_01D_30S_MO.crx.gz ', 'ABPO00MDG_R_20253150000_01D_30S_MO.crx.gz ', 'AC2300USA_R_20253150000_01D_15S_MO.crx.gz ', 'AC2400USA_R_20253150000_01D_15S_MO.crx.gz ', 'ACRG00GHA_R_20253150000_01D_30S_MO.crx.gz ', 'ACSO00USA_R_20253150000_01D_15S_MO.crx.gz ', 'ADIS00ETH_R_20253150000_01D_30S_MO.crx.gz ', 'AIRA00JPN_R_20253150000_01D_30S_MO.crx.gz ', 'AJAC00FRA_R_20253150000_01D_30S_MO.crx.gz ', 'AL2H00CAN_R_20253150000_01D_30S_MO.crx.gz ']
  [IGS/NYA1] Running TEC pipeline for 2025-11-11 …
  [nav] Using multi-GNSS mixed nav: BRDC00IGS_R_20253150000_01D_MN.rnx.gz
  [NYA1]   9/99 SVs (  9.1%)    0 arcs
  [NYA1]  18/99 SVs ( 18.2%)    0 arcs
  [NYA1]  27/99 SVs ( 27.3%)   63 arcs
  [NYA1]  36/99 SVs ( 36.4%)  152 arcs
  [NYA1]  45/99 SVs ( 45.5%)  225 arcs
  [NYA1]  54/99 SVs ( 54.5%)  300 arcs
  [NYA1]  63/99 SVs ( 63.6%)  361 arcs
  [NYA1]  72/99 SVs ( 72.7%)  419 arcs
  [NYA1]  81/99 SVs ( 81.8%)  459 arcs
  [NYA1]  90/99 SVs ( 90.9%)  518 arcs
  [NYA1]  99/99 SVs (100.0%)  570 arcs
  [NYA1] 99/99 SVs done  570 arcs
  [IGS/NYA1] 570 raw arcs → 317 valid entries
  0 minima window(s), 523 IGS arc(s)
  [skip] No GNSS-RO minima windows for this day matching --window 1227.

======================================================================
[Day] 2025-11-12  tier=1  instruments=['ESR', 'TRO']
  Scanning 3781 files for metadata …
  Found 3781 valid files across 593 geographic groups (49 30-min windows).
[ISR-DA][minima-windows] 2025-11-12: 5 window(s) (>= 10 arcs each)
  0105  centre=2025-11-12 01:05:00  n_occ=25  span=[2025-11-12 00:00:00 .. 2025-11-12 02:10:00)
  0302  centre=2025-11-12 03:02:30  n_occ=28  span=[2025-11-12 02:10:00 .. 2025-11-12 03:55:00)
  1027  centre=2025-11-12 10:27:30  n_occ=35  span=[2025-11-12 09:00:00 .. 2025-11-12 11:55:00)
  1242  centre=2025-11-12 12:42:30  n_occ=21  span=[2025-11-12 11:55:00 .. 2025-11-12 13:30:00)
  1450  centre=2025-11-12 14:50:00  n_occ=18  span=[2025-11-12 13:30:00 .. 2025-11-12 16:10:00)
  [IGS/TRO1] Running TEC pipeline for 2025-11-12 …
  [nav] Using multi-GNSS mixed nav: BRDC00IGS_R_20253160000_01D_MN.rnx.gz
  [TRO1]  10/100 SVs ( 10.0%)    0 arcs
  [TRO1]  20/100 SVs ( 20.0%)    6 arcs
  [TRO1]  30/100 SVs ( 30.0%)   79 arcs
  [TRO1]  40/100 SVs ( 40.0%)  168 arcs
  [TRO1]  50/100 SVs ( 50.0%)  253 arcs
  [TRO1]  60/100 SVs ( 60.0%)  323 arcs
  [TRO1]  70/100 SVs ( 70.0%)  415 arcs
  [TRO1]  80/100 SVs ( 80.0%)  492 arcs
  [TRO1]  90/100 SVs ( 90.0%)  551 arcs
  [TRO1] 100/100 SVs (100.0%)  630 arcs
  [TRO1] 100/100 SVs done  630 arcs
  [IGS/TRO1] 630 raw arcs → 263 valid entries
  [IGS/WUTH] Running TEC pipeline for 2025-11-12 …
  [nav] Using multi-GNSS mixed nav: BRDC00IGS_R_20253160000_01D_MN.rnx.gz
  [WUTH]  12/122 SVs (  9.8%)  110 arcs
  [WUTH]  24/122 SVs ( 19.7%)  215 arcs
  [WUTH]  36/122 SVs ( 29.5%)  336 arcs
  [WUTH]  48/122 SVs ( 39.3%)  432 arcs
  [WUTH]  60/122 SVs ( 49.2%)  540 arcs
  [WUTH]  72/122 SVs ( 59.0%)  661 arcs
  [WUTH]  84/122 SVs ( 68.9%)  783 arcs
  [WUTH]  96/122 SVs ( 78.7%)  895 arcs
  [WUTH] 108/122 SVs ( 88.5%)  996 arcs
  [WUTH] 120/122 SVs ( 98.4%)  1114 arcs
  [WUTH] 122/122 SVs (100.0%)  1134 arcs
  [WUTH] 122/122 SVs done  1134 arcs
  [IGS/WUTH] 1134 raw arcs → 474 valid entries
  [IGS/NYA1] Running TEC pipeline for 2025-11-12 …
  [nav] Using multi-GNSS mixed nav: BRDC00IGS_R_20253160000_01D_MN.rnx.gz
  [NYA1]   9/99 SVs (  9.1%)   10 arcs
  [NYA1]  18/99 SVs ( 18.2%)   10 arcs
  [NYA1]  27/99 SVs ( 27.3%)   88 arcs
  [NYA1]  36/99 SVs ( 36.4%)  164 arcs
  [NYA1]  45/99 SVs ( 45.5%)  243 arcs
  [NYA1]  54/99 SVs ( 54.5%)  334 arcs
  [NYA1]  63/99 SVs ( 63.6%)  421 arcs
  [NYA1]  72/99 SVs ( 72.7%)  495 arcs
  [NYA1]  81/99 SVs ( 81.8%)  557 arcs
  [NYA1]  90/99 SVs ( 90.9%)  627 arcs
  [NYA1]  99/99 SVs (100.0%)  709 arcs
  [NYA1] 99/99 SVs done  709 arcs
  [IGS/NYA1] 709 raw arcs → 297 valid entries
  0 minima window(s), 1034 IGS arc(s)
  [skip] No GNSS-RO minima windows for this day matching --window 1227.

======================================================================
[Day] 2025-11-13  tier=1  instruments=['ESR', 'TRO']
  Scanning 3822 files for metadata …
  Found 3822 valid files across 589 geographic groups (49 30-min windows).
[ISR-DA][minima-windows] 2025-11-13: 5 window(s) (>= 10 arcs each)
  0105  centre=2025-11-13 01:05:00  n_occ=25  span=[2025-11-13 00:00:00 .. 2025-11-13 02:10:00)
  1032  centre=2025-11-13 10:32:30  n_occ=34  span=[2025-11-13 09:45:00 .. 2025-11-13 11:20:00)
  1200  centre=2025-11-13 12:00:00  n_occ=26  span=[2025-11-13 11:20:00 .. 2025-11-13 12:40:00)
  1330  centre=2025-11-13 13:30:00  n_occ=25  span=[2025-11-13 12:40:00 .. 2025-11-13 14:20:00)
  2115  centre=2025-11-13 21:15:00  n_occ=10  span=[2025-11-13 19:40:00 .. 2025-11-13 22:50:00)
  [IGS/TRO1] Running TEC pipeline for 2025-11-13 …
  [nav] Using multi-GNSS mixed nav: BRDC00IGS_R_20253170000_01D_MN.rnx.gz
  [TRO1]   9/99 SVs (  9.1%)    0 arcs
  [TRO1]  18/99 SVs ( 18.2%)    0 arcs
  [TRO1]  27/99 SVs ( 27.3%)   52 arcs
  [TRO1]  36/99 SVs ( 36.4%)  109 arcs
  [TRO1]  45/99 SVs ( 45.5%)  168 arcs
  [TRO1]  54/99 SVs ( 54.5%)  235 arcs
  [TRO1]  63/99 SVs ( 63.6%)  291 arcs
  [TRO1]  72/99 SVs ( 72.7%)  349 arcs
  [TRO1]  81/99 SVs ( 81.8%)  397 arcs
  [TRO1]  90/99 SVs ( 90.9%)  435 arcs
  [TRO1]  99/99 SVs (100.0%)  492 arcs
  [TRO1] 99/99 SVs done  492 arcs
  [IGS/TRO1] 492 raw arcs → 227 valid entries
  [IGS/WUTH] Running TEC pipeline for 2025-11-13 …
  [nav] Using multi-GNSS mixed nav: BRDC00IGS_R_20253170000_01D_MN.rnx.gz
  [WUTH]  12/121 SVs (  9.9%)  100 arcs
  [WUTH]  24/121 SVs ( 19.8%)  221 arcs
  [WUTH]  36/121 SVs ( 29.8%)  330 arcs
  [WUTH]  48/121 SVs ( 39.7%)  420 arcs
  [WUTH]  60/121 SVs ( 49.6%)  522 arcs
  [WUTH]  72/121 SVs ( 59.5%)  663 arcs
  [WUTH]  84/121 SVs ( 69.4%)  769 arcs
  [WUTH]  96/121 SVs ( 79.3%)  883 arcs
  [WUTH] 108/121 SVs ( 89.3%)  993 arcs
  [WUTH] 120/121 SVs ( 99.2%)  1108 arcs
  [WUTH] 121/121 SVs (100.0%)  1115 arcs
  [WUTH] 121/121 SVs done  1115 arcs
  [IGS/WUTH] 1115 raw arcs → 473 valid entries
  [IGS/NYA1] Running TEC pipeline for 2025-11-13 …
  [nav] Using multi-GNSS mixed nav: BRDC00IGS_R_20253170000_01D_MN.rnx.gz
  [NYA1]   9/98 SVs (  9.2%)    0 arcs
  [NYA1]  18/98 SVs ( 18.4%)    0 arcs
  [NYA1]  27/98 SVs ( 27.6%)   86 arcs
  [NYA1]  36/98 SVs ( 36.7%)  151 arcs
  [NYA1]  45/98 SVs ( 45.9%)  241 arcs
  [NYA1]  54/98 SVs ( 55.1%)  325 arcs
  [NYA1]  63/98 SVs ( 64.3%)  401 arcs
  [NYA1]  72/98 SVs ( 73.5%)  483 arcs
  [NYA1]  81/98 SVs ( 82.7%)  558 arcs
  [NYA1]  90/98 SVs ( 91.8%)  636 arcs
  [NYA1]  98/98 SVs (100.0%)  702 arcs
  [NYA1] 98/98 SVs done  702 arcs
  [IGS/NYA1] 702 raw arcs → 286 valid entries
  0 minima window(s), 986 IGS arc(s)
  [skip] No GNSS-RO minima windows for this day matching --window 1227.

======================================================================
[Day] 2025-11-18  tier=1  instruments=['ESR', 'TRO']
  Scanning 3688 files for metadata …
  Found 3688 valid files across 573 geographic groups (48 30-min windows).
[ISR-DA][minima-windows] 2025-11-18: 6 window(s) (>= 10 arcs each)
  0045  centre=2025-11-18 00:45:00  n_occ=26  span=[2025-11-18 00:00:00 .. 2025-11-18 01:30:00)
  0215  centre=2025-11-18 02:15:00  n_occ=21  span=[2025-11-18 01:30:00 .. 2025-11-18 03:00:00)
  1020  centre=2025-11-18 10:20:00  n_occ=31  span=[2025-11-18 09:30:00 .. 2025-11-18 11:10:00)
  1150  centre=2025-11-18 11:50:00  n_occ=18  span=[2025-11-18 11:10:00 .. 2025-11-18 12:30:00)
  1305  centre=2025-11-18 13:05:00  n_occ=21  span=[2025-11-18 12:30:00 .. 2025-11-18 13:40:00)
  1427  centre=2025-11-18 14:27:30  n_occ=19  span=[2025-11-18 13:40:00 .. 2025-11-18 15:15:00)
  [IGS/TRO1] Running TEC pipeline for 2025-11-18 …
  [nav] Using multi-GNSS mixed nav: BRDC00IGS_R_20253220000_01D_MN.rnx.gz
  [TRO1]  10/101 SVs (  9.9%)    0 arcs
  [TRO1]  20/101 SVs ( 19.8%)    7 arcs
  [TRO1]  30/101 SVs ( 29.7%)   50 arcs
  [TRO1]  40/101 SVs ( 39.6%)   90 arcs
  [TRO1]  50/101 SVs ( 49.5%)  127 arcs
  [TRO1]  60/101 SVs ( 59.4%)  174 arcs
  [TRO1]  70/101 SVs ( 69.3%)  209 arcs
  [TRO1]  80/101 SVs ( 79.2%)  234 arcs
  [TRO1]  90/101 SVs ( 89.1%)  265 arcs
  [TRO1] 100/101 SVs ( 99.0%)  302 arcs
  [TRO1] 101/101 SVs (100.0%)  304 arcs
  [TRO1] 101/101 SVs done  304 arcs
  [IGS/TRO1] 304 raw arcs → 185 valid entries
  [IGS/WUTH] Running TEC pipeline for 2025-11-18 …
  [nav] Using multi-GNSS mixed nav: BRDC00IGS_R_20253220000_01D_MN.rnx.gz
  [WUTH]  12/123 SVs (  9.8%)   86 arcs
  [WUTH]  24/123 SVs ( 19.5%)  169 arcs
  [WUTH]  36/123 SVs ( 29.3%)  239 arcs
  [WUTH]  48/123 SVs ( 39.0%)  304 arcs
  [WUTH]  60/123 SVs ( 48.8%)  393 arcs
  [WUTH]  72/123 SVs ( 58.5%)  481 arcs
  [WUTH]  84/123 SVs ( 68.3%)  563 arcs
  [WUTH]  96/123 SVs ( 78.0%)  661 arcs
  [WUTH] 108/123 SVs ( 87.8%)  745 arcs
  [WUTH] 120/123 SVs ( 97.6%)  825 arcs
  [WUTH] 123/123 SVs (100.0%)  853 arcs
  [WUTH] 123/123 SVs done  853 arcs
  [IGS/WUTH] 853 raw arcs → 470 valid entries
  [IGS/NYA1] Running TEC pipeline for 2025-11-18 …
  [nav] Using multi-GNSS mixed nav: BRDC00IGS_R_20253220000_01D_MN.rnx.gz
  [NYA1]  10/100 SVs ( 10.0%)    1 arcs
  [NYA1]  20/100 SVs ( 20.0%)   14 arcs
  [NYA1]  30/100 SVs ( 30.0%)   81 arcs
  [NYA1]  40/100 SVs ( 40.0%)  172 arcs
  [NYA1]  50/100 SVs ( 50.0%)  258 arcs
  [NYA1]  60/100 SVs ( 60.0%)  344 arcs
  [NYA1]  70/100 SVs ( 70.0%)  436 arcs
  [NYA1]  80/100 SVs ( 80.0%)  509 arcs
  [NYA1]  90/100 SVs ( 90.0%)  574 arcs
  [NYA1] 100/100 SVs (100.0%)  647 arcs
  [NYA1] 100/100 SVs done  647 arcs
  [IGS/NYA1] 647 raw arcs → 337 valid entries
  0 minima window(s), 992 IGS arc(s)
  [skip] No GNSS-RO minima windows for this day matching --window 1227.

======================================================================
[Day] 2025-11-20  tier=1  instruments=['ESR', 'TRO']
  Scanning 3782 files for metadata …
  Found 3782 valid files across 579 geographic groups (49 30-min windows).
[ISR-DA][minima-windows] 2025-11-20: 8 window(s) (>= 10 arcs each)
  0035  centre=2025-11-20 00:35:00  n_occ=15  span=[2025-11-20 00:00:00 .. 2025-11-20 01:10:00)
  0157  centre=2025-11-20 01:57:30  n_occ=23  span=[2025-11-20 01:10:00 .. 2025-11-20 02:45:00)
  0352  centre=2025-11-20 03:52:30  n_occ=12  span=[2025-11-20 02:45:00 .. 2025-11-20 05:00:00)
  0915  centre=2025-11-20 09:15:00  n_occ=16  span=[2025-11-20 07:55:00 .. 2025-11-20 10:35:00)
  1125  centre=2025-11-20 11:25:00  n_occ=33  span=[2025-11-20 10:35:00 .. 2025-11-20 12:15:00)
  1300  centre=2025-11-20 13:00:00  n_occ=24  span=[2025-11-20 12:15:00 .. 2025-11-20 13:45:00)
  1432  centre=2025-11-20 14:32:30  n_occ=18  span=[2025-11-20 13:45:00 .. 2025-11-20 15:20:00)
  2052  centre=2025-11-20 20:52:30  n_occ=13  span=[2025-11-20 17:45:00 .. 2025-11-21 00:00:00)
  [IGS/TRO1] Running TEC pipeline for 2025-11-20 …
  [nav] Using multi-GNSS mixed nav: BRDC00IGS_R_20253240000_01D_MN.rnx.gz
  [TRO1]  10/100 SVs ( 10.0%)    0 arcs
  [TRO1]  20/100 SVs ( 20.0%)    8 arcs
  [TRO1]  30/100 SVs ( 30.0%)   43 arcs
  [TRO1]  40/100 SVs ( 40.0%)   88 arcs
  [TRO1]  50/100 SVs ( 50.0%)  129 arcs
  [TRO1]  60/100 SVs ( 60.0%)  168 arcs
  [TRO1]  70/100 SVs ( 70.0%)  207 arcs
  [TRO1]  80/100 SVs ( 80.0%)  246 arcs
  [TRO1]  90/100 SVs ( 90.0%)  277 arcs
  [TRO1] 100/100 SVs (100.0%)  320 arcs
  [TRO1] 100/100 SVs done  320 arcs
  [IGS/TRO1] 320 raw arcs → 174 valid entries
  [IGS/WUTH] Running TEC pipeline for 2025-11-20 …
  [nav] Using multi-GNSS mixed nav: BRDC00IGS_R_20253240000_01D_MN.rnx.gz
  [WUTH]  12/123 SVs (  9.8%)   73 arcs
  [WUTH]  24/123 SVs ( 19.5%)  151 arcs
  [WUTH]  36/123 SVs ( 29.3%)  229 arcs
  [WUTH]  48/123 SVs ( 39.0%)  271 arcs
  [WUTH]  60/123 SVs ( 48.8%)  347 arcs
  [WUTH]  72/123 SVs ( 58.5%)  448 arcs
  [WUTH]  84/123 SVs ( 68.3%)  521 arcs
  [WUTH]  96/123 SVs ( 78.0%)  609 arcs
  [WUTH] 108/123 SVs ( 87.8%)  690 arcs
  [WUTH] 120/123 SVs ( 97.6%)  776 arcs
  [WUTH] 123/123 SVs (100.0%)  799 arcs
  [WUTH] 123/123 SVs done  799 arcs
  [IGS/WUTH] 799 raw arcs → 399 valid entries
  [IGS/NYA1] Running TEC pipeline for 2025-11-20 …
  [nav] Using multi-GNSS mixed nav: BRDC00IGS_R_20253240000_01D_MN.rnx.gz
  [NYA1]   9/99 SVs (  9.1%)    1 arcs
  [NYA1]  18/99 SVs ( 18.2%)    1 arcs
  [NYA1]  27/99 SVs ( 27.3%)   79 arcs
  [NYA1]  36/99 SVs ( 36.4%)  143 arcs
  [NYA1]  45/99 SVs ( 45.5%)  208 arcs
  [NYA1]  54/99 SVs ( 54.5%)  277 arcs
  [NYA1]  63/99 SVs ( 63.6%)  355 arcs
  [NYA1]  72/99 SVs ( 72.7%)  432 arcs
  [NYA1]  81/99 SVs ( 81.8%)  492 arcs
  [NYA1]  90/99 SVs ( 90.9%)  555 arcs
  [NYA1]  99/99 SVs (100.0%)  620 arcs
  [NYA1] 99/99 SVs done  620 arcs
  [IGS/NYA1] 620 raw arcs → 285 valid entries
  0 minima window(s), 858 IGS arc(s)
  [skip] No GNSS-RO minima windows for this day matching --window 1227.

======================================================================
[Day] 2025-11-21  tier=1  instruments=['ESR', 'TRO']
  Scanning 3839 files for metadata …
  Found 3839 valid files across 597 geographic groups (48 30-min windows).
[ISR-DA][minima-windows] 2025-11-21: 7 window(s) (>= 10 arcs each)
  0027  centre=2025-11-21 00:27:30  n_occ=23  span=[2025-11-21 00:00:00 .. 2025-11-21 00:55:00)
  0145  centre=2025-11-21 01:45:00  n_occ=30  span=[2025-11-21 00:55:00 .. 2025-11-21 02:35:00)
  0412  centre=2025-11-21 04:12:30  n_occ=21  span=[2025-11-21 02:35:00 .. 2025-11-21 05:50:00)
  1057  centre=2025-11-21 10:57:30  n_occ=29  span=[2025-11-21 09:45:00 .. 2025-11-21 12:10:00)
  1257  centre=2025-11-21 12:57:30  n_occ=19  span=[2025-11-21 12:10:00 .. 2025-11-21 13:45:00)
  1545  centre=2025-11-21 15:45:00  n_occ=17  span=[2025-11-21 13:45:00 .. 2025-11-21 17:45:00)
  2247  centre=2025-11-21 22:47:30  n_occ=13  span=[2025-11-21 21:35:00 .. 2025-11-22 00:00:00)
  [IGS/TRO1] Running TEC pipeline for 2025-11-21 …
  [nav] Using multi-GNSS mixed nav: BRDC00IGS_R_20253250000_01D_MN.rnx.gz
[TRO1] E05: no exact DCB match for any viable Galileo pair — DCB correction will be 0; selected E1/E5a (C1X-C5X)
  [TRO1]  10/101 SVs (  9.9%)    0 arcs
  [TRO1]  20/101 SVs ( 19.8%)    6 arcs
  [TRO1]  30/101 SVs ( 29.7%)   35 arcs
  [TRO1]  40/101 SVs ( 39.6%)   87 arcs
  [TRO1]  50/101 SVs ( 49.5%)  138 arcs
  [TRO1]  60/101 SVs ( 59.4%)  179 arcs
  [TRO1]  70/101 SVs ( 69.3%)  227 arcs
  [TRO1]  80/101 SVs ( 79.2%)  277 arcs
  [TRO1]  90/101 SVs ( 89.1%)  310 arcs
  [TRO1] 100/101 SVs ( 99.0%)  346 arcs
  [TRO1] 101/101 SVs (100.0%)  350 arcs
  [TRO1] 101/101 SVs done  350 arcs
  [IGS/TRO1] 350 raw arcs → 229 valid entries
  [IGS/WUTH] Running TEC pipeline for 2025-11-21 …
  [nav] Using multi-GNSS mixed nav: BRDC00IGS_R_20253250000_01D_MN.rnx.gz
[WUTH] E05: no exact DCB match for any viable Galileo pair — DCB correction will be 0; selected E1/E5a (C1C-C5Q)
  [WUTH]  12/124 SVs (  9.7%)   87 arcs
  [WUTH]  24/124 SVs ( 19.4%)  177 arcs
  [WUTH]  36/124 SVs ( 29.0%)  277 arcs
  [WUTH]  48/124 SVs ( 38.7%)  338 arcs
  [WUTH]  60/124 SVs ( 48.4%)  431 arcs
  [WUTH]  72/124 SVs ( 58.1%)  536 arcs
  [WUTH]  84/124 SVs ( 67.7%)  622 arcs
  [WUTH]  96/124 SVs ( 77.4%)  728 arcs
  [WUTH] 108/124 SVs ( 87.1%)  814 arcs
  [WUTH] 120/124 SVs ( 96.8%)  914 arcs
  [WUTH] 124/124 SVs (100.0%)  954 arcs
  [WUTH] 124/124 SVs done  954 arcs
  [IGS/WUTH] 954 raw arcs → 487 valid entries
  [IGS/NYA1] Running TEC pipeline for 2025-11-21 …
  [nav] Using multi-GNSS mixed nav: BRDC00IGS_R_20253250000_01D_MN.rnx.gz
[NYA1] E05: no exact DCB match for any viable Galileo pair — DCB correction will be 0; selected E1/E5a (C1X-C5X)
  [NYA1]  10/100 SVs ( 10.0%)    0 arcs
  [NYA1]  20/100 SVs ( 20.0%)   29 arcs
  [NYA1]  30/100 SVs ( 30.0%)   95 arcs
  [NYA1]  40/100 SVs ( 40.0%)  188 arcs
  [NYA1]  50/100 SVs ( 50.0%)  267 arcs
  [NYA1]  60/100 SVs ( 60.0%)  349 arcs
  [NYA1]  70/100 SVs ( 70.0%)  453 arcs
  [NYA1]  80/100 SVs ( 80.0%)  522 arcs
  [NYA1]  90/100 SVs ( 90.0%)  597 arcs
  [NYA1] 100/100 SVs (100.0%)  678 arcs
  [NYA1] 100/100 SVs done  678 arcs
  [IGS/NYA1] 678 raw arcs → 297 valid entries
  0 minima window(s), 1013 IGS arc(s)
  [skip] No GNSS-RO minima windows for this day matching --window 1227.

======================================================================
[Day] 2025-11-23  tier=1  instruments=['ESR', 'TRO']
  Scanning 3920 files for metadata …
  Found 3920 valid files across 597 geographic groups (48 30-min windows).
[ISR-DA][minima-windows] 2025-11-23: 5 window(s) (>= 10 arcs each)
  0112  centre=2025-11-23 01:12:30  n_occ=33  span=[2025-11-23 00:00:00 .. 2025-11-23 02:25:00)
  0852  centre=2025-11-23 08:52:30  n_occ=12  span=[2025-11-23 07:45:00 .. 2025-11-23 10:00:00)
  1105  centre=2025-11-23 11:05:00  n_occ=26  span=[2025-11-23 10:00:00 .. 2025-11-23 12:10:00)
  1305  centre=2025-11-23 13:05:00  n_occ=29  span=[2025-11-23 12:10:00 .. 2025-11-23 14:00:00)
  1557  centre=2025-11-23 15:57:30  n_occ=14  span=[2025-11-23 14:00:00 .. 2025-11-23 17:55:00)
  [IGS/TRO1] Running TEC pipeline for 2025-11-23 …
  [nav] Using multi-GNSS mixed nav: BRDC00IGS_R_20253270000_01D_MN.rnx.gz
  [TRO1]  10/101 SVs (  9.9%)    0 arcs
  [TRO1]  20/101 SVs ( 19.8%)   12 arcs
  [TRO1]  30/101 SVs ( 29.7%)   67 arcs
  [TRO1]  40/101 SVs ( 39.6%)  118 arcs
  [TRO1]  50/101 SVs ( 49.5%)  177 arcs
  [TRO1]  60/101 SVs ( 59.4%)  232 arcs
  [TRO1]  70/101 SVs ( 69.3%)  286 arcs
  [TRO1]  80/101 SVs ( 79.2%)  335 arcs
  [TRO1]  90/101 SVs ( 89.1%)  373 arcs
  [TRO1] 100/101 SVs ( 99.0%)  418 arcs
  [TRO1] 101/101 SVs (100.0%)  423 arcs
  [TRO1] 101/101 SVs done  423 arcs
  [IGS/TRO1] 423 raw arcs → 262 valid entries
  [IGS/WUTH] Running TEC pipeline for 2025-11-23 …
  [nav] Using multi-GNSS mixed nav: BRDC00IGS_R_20253270000_01D_MN.rnx.gz
  [WUTH]  12/123 SVs (  9.8%)   62 arcs
  [WUTH]  24/123 SVs ( 19.5%)  149 arcs
  [WUTH]  36/123 SVs ( 29.3%)  231 arcs
  [WUTH]  48/123 SVs ( 39.0%)  304 arcs
  [WUTH]  60/123 SVs ( 48.8%)  410 arcs
  [WUTH]  72/123 SVs ( 58.5%)  509 arcs
  [WUTH]  84/123 SVs ( 68.3%)  593 arcs
  [WUTH]  96/123 SVs ( 78.0%)  690 arcs
  [WUTH] 108/123 SVs ( 87.8%)  781 arcs
  [WUTH] 120/123 SVs ( 97.6%)  880 arcs
  [WUTH] 123/123 SVs (100.0%)  900 arcs
  [WUTH] 123/123 SVs done  900 arcs
  [IGS/WUTH] 900 raw arcs → 494 valid entries
  [IGS/NYA1] Running TEC pipeline for 2025-11-23 …
  [nav] Using multi-GNSS mixed nav: BRDC00IGS_R_20253270000_01D_MN.rnx.gz
  [NYA1]  10/100 SVs ( 10.0%)    1 arcs
  [NYA1]  20/100 SVs ( 20.0%)   14 arcs
  [NYA1]  30/100 SVs ( 30.0%)   96 arcs
  [NYA1]  40/100 SVs ( 40.0%)  176 arcs
  [NYA1]  50/100 SVs ( 50.0%)  260 arcs
  [NYA1]  60/100 SVs ( 60.0%)  354 arcs
  [NYA1]  70/100 SVs ( 70.0%)  441 arcs
  [NYA1]  80/100 SVs ( 80.0%)  506 arcs
  [NYA1]  90/100 SVs ( 90.0%)  562 arcs
  [NYA1] 100/100 SVs (100.0%)  639 arcs
  [NYA1] 100/100 SVs done  639 arcs
  [IGS/NYA1] 639 raw arcs → 344 valid entries
  0 minima window(s), 1100 IGS arc(s)
  [skip] No GNSS-RO minima windows for this day matching --window 1227.

======================================================================
[Day] 2025-11-24  tier=1  instruments=['ESR', 'TRO']
  Scanning 4014 files for metadata …
  Found 4014 valid files across 605 geographic groups (48 30-min windows).
[ISR-DA][minima-windows] 2025-11-24: 7 window(s) (>= 10 arcs each)
  0112  centre=2025-11-24 01:12:30  n_occ=44  span=[2025-11-24 00:00:00 .. 2025-11-24 02:25:00)
  0910  centre=2025-11-24 09:10:00  n_occ=11  span=[2025-11-24 08:15:00 .. 2025-11-24 10:05:00)
  1050  centre=2025-11-24 10:50:00  n_occ=28  span=[2025-11-24 10:05:00 .. 2025-11-24 11:35:00)
  1222  centre=2025-11-24 12:22:30  n_occ=25  span=[2025-11-24 11:35:00 .. 2025-11-24 13:10:00)
  1350  centre=2025-11-24 13:50:00  n_occ=18  span=[2025-11-24 13:10:00 .. 2025-11-24 14:30:00)
  1602  centre=2025-11-24 16:02:30  n_occ=14  span=[2025-11-24 14:30:00 .. 2025-11-24 17:35:00)
  2235  centre=2025-11-24 22:35:00  n_occ=15  span=[2025-11-24 21:10:00 .. 2025-11-25 00:00:00)
  [IGS/TRO1] Running TEC pipeline for 2025-11-24 …
  [nav] Using multi-GNSS mixed nav: BRDC00IGS_R_20253280000_01D_MN.rnx.gz
  [TRO1]  10/101 SVs (  9.9%)    0 arcs
  [TRO1]  20/101 SVs ( 19.8%)   12 arcs
  [TRO1]  30/101 SVs ( 29.7%)   77 arcs
  [TRO1]  40/101 SVs ( 39.6%)  142 arcs
  [TRO1]  50/101 SVs ( 49.5%)  240 arcs
  [TRO1]  60/101 SVs ( 59.4%)  308 arcs
  [TRO1]  70/101 SVs ( 69.3%)  389 arcs
  [TRO1]  80/101 SVs ( 79.2%)  478 arcs
  [TRO1]  90/101 SVs ( 89.1%)  530 arcs
  [TRO1] 100/101 SVs ( 99.0%)  610 arcs
  [TRO1] 101/101 SVs (100.0%)  618 arcs
  [TRO1] 101/101 SVs done  618 arcs
  [IGS/TRO1] 618 raw arcs → 279 valid entries
  [IGS/WUTH] Running TEC pipeline for 2025-11-24 …
  [nav] Using multi-GNSS mixed nav: BRDC00IGS_R_20253280000_01D_MN.rnx.gz
  [WUTH]  12/123 SVs (  9.8%)  107 arcs
  [WUTH]  24/123 SVs ( 19.5%)  210 arcs
  [WUTH]  36/123 SVs ( 29.3%)  317 arcs
  [WUTH]  48/123 SVs ( 39.0%)  399 arcs
  [WUTH]  60/123 SVs ( 48.8%)  509 arcs
  [WUTH]  72/123 SVs ( 58.5%)  654 arcs
  [WUTH]  84/123 SVs ( 68.3%)  782 arcs
  [WUTH]  96/123 SVs ( 78.0%)  887 arcs
  [WUTH] 108/123 SVs ( 87.8%)  1006 arcs
  [WUTH] 120/123 SVs ( 97.6%)  1124 arcs
  [WUTH] 123/123 SVs (100.0%)  1145 arcs
  [WUTH] 123/123 SVs done  1145 arcs
  [IGS/WUTH] 1145 raw arcs → 532 valid entries
  [IGS/NYA1] Running TEC pipeline for 2025-11-24 …
  [nav] Using multi-GNSS mixed nav: BRDC00IGS_R_20253280000_01D_MN.rnx.gz
  [NYA1]   9/99 SVs (  9.1%)    0 arcs
  [NYA1]  18/99 SVs ( 18.2%)    0 arcs
  [NYA1]  27/99 SVs ( 27.3%)   81 arcs
  [NYA1]  36/99 SVs ( 36.4%)  134 arcs
  [NYA1]  45/99 SVs ( 45.5%)  214 arcs
  [NYA1]  54/99 SVs ( 54.5%)  292 arcs
  [NYA1]  63/99 SVs ( 63.6%)  365 arcs
  [NYA1]  72/99 SVs ( 72.7%)  447 arcs
  [NYA1]  81/99 SVs ( 81.8%)  500 arcs
  [NYA1]  90/99 SVs ( 90.9%)  555 arcs
  [NYA1]  99/99 SVs (100.0%)  622 arcs
  [NYA1] 99/99 SVs done  622 arcs
  [IGS/NYA1] 622 raw arcs → 290 valid entries
  0 minima window(s), 1101 IGS arc(s)
  [skip] No GNSS-RO minima windows for this day matching --window 1227.

======================================================================
[Day] 2025-11-25  tier=1  instruments=['ESR', 'TRO']
  Scanning 4033 files for metadata …
  Found 4033 valid files across 609 geographic groups (48 30-min windows).
[ISR-DA][minima-windows] 2025-11-25: 7 window(s) (>= 10 arcs each)
  0105  centre=2025-11-25 01:05:00  n_occ=41  span=[2025-11-25 00:00:00 .. 2025-11-25 02:10:00)
  0255  centre=2025-11-25 02:55:00  n_occ=13  span=[2025-11-25 02:10:00 .. 2025-11-25 03:40:00)
  0855  centre=2025-11-25 08:55:00  n_occ=16  span=[2025-11-25 07:50:00 .. 2025-11-25 10:00:00)
  1047  centre=2025-11-25 10:47:30  n_occ=22  span=[2025-11-25 10:00:00 .. 2025-11-25 11:35:00)
  1220  centre=2025-11-25 12:20:00  n_occ=23  span=[2025-11-25 11:35:00 .. 2025-11-25 13:05:00)
  1515  centre=2025-11-25 15:15:00  n_occ=26  span=[2025-11-25 13:05:00 .. 2025-11-25 17:25:00)
  2227  centre=2025-11-25 22:27:30  n_occ=12  span=[2025-11-25 20:55:00 .. 2025-11-26 00:00:00)
  [IGS/TRO1] Running TEC pipeline for 2025-11-25 …
  [nav] Using multi-GNSS mixed nav: BRDC00IGS_R_20253290000_01D_MN.rnx.gz
[TRO1] E04: no exact DCB match for any viable Galileo pair — DCB correction will be 0; selected E1/E5a (C1X-C5X)
  [TRO1]  10/101 SVs (  9.9%)    0 arcs
  [TRO1]  20/101 SVs ( 19.8%)    6 arcs
  [TRO1]  30/101 SVs ( 29.7%)   81 arcs
  [TRO1]  40/101 SVs ( 39.6%)  168 arcs
  [TRO1]  50/101 SVs ( 49.5%)  256 arcs
  [TRO1]  60/101 SVs ( 59.4%)  337 arcs
  [TRO1]  70/101 SVs ( 69.3%)  420 arcs
  [TRO1]  80/101 SVs ( 79.2%)  493 arcs
  [TRO1]  90/101 SVs ( 89.1%)  546 arcs
  [TRO1] 100/101 SVs ( 99.0%)  623 arcs
  [TRO1] 101/101 SVs (100.0%)  629 arcs
  [TRO1] 101/101 SVs done  629 arcs
  [IGS/TRO1] 629 raw arcs → 313 valid entries
  [IGS/WUTH] Running TEC pipeline for 2025-11-25 …
  [nav] Using multi-GNSS mixed nav: BRDC00IGS_R_20253290000_01D_MN.rnx.gz
[WUTH] E04: no exact DCB match for any viable Galileo pair — DCB correction will be 0; selected E1/E5a (C1C-C5Q)
  [WUTH]  12/123 SVs (  9.8%)  108 arcs
  [WUTH]  24/123 SVs ( 19.5%)  215 arcs
  [WUTH]  36/123 SVs ( 29.3%)  339 arcs
  [WUTH]  48/123 SVs ( 39.0%)  425 arcs
  [WUTH]  60/123 SVs ( 48.8%)  546 arcs
  [WUTH]  72/123 SVs ( 58.5%)  658 arcs
  [WUTH]  84/123 SVs ( 68.3%)  772 arcs
  [WUTH]  96/123 SVs ( 78.0%)  891 arcs
  [WUTH] 108/123 SVs ( 87.8%)  992 arcs
  [WUTH] 120/123 SVs ( 97.6%)  1119 arcs
  [WUTH] 123/123 SVs (100.0%)  1152 arcs
  [WUTH] 123/123 SVs done  1152 arcs
  [IGS/WUTH] 1152 raw arcs → 450 valid entries
  [IGS/NYA1] Running TEC pipeline for 2025-11-25 …
  [nav] Using multi-GNSS mixed nav: BRDC00IGS_R_20253290000_01D_MN.rnx.gz
[NYA1] E04: no exact DCB match for any viable Galileo pair — DCB correction will be 0; selected E1/E5a (C1X-C5X)
  [NYA1]  10/100 SVs ( 10.0%)    0 arcs
  [NYA1]  20/100 SVs ( 20.0%)   21 arcs
  [NYA1]  30/100 SVs ( 30.0%)  100 arcs
  [NYA1]  40/100 SVs ( 40.0%)  197 arcs
  [NYA1]  50/100 SVs ( 50.0%)  280 arcs
  [NYA1]  60/100 SVs ( 60.0%)  375 arcs
  [NYA1]  70/100 SVs ( 70.0%)  463 arcs
  [NYA1]  80/100 SVs ( 80.0%)  551 arcs
  [NYA1]  90/100 SVs ( 90.0%)  617 arcs
  [NYA1] 100/100 SVs (100.0%)  703 arcs
  [NYA1] 100/100 SVs done  703 arcs
  [IGS/NYA1] 703 raw arcs → 294 valid entries
  0 minima window(s), 1057 IGS arc(s)
  [skip] No GNSS-RO minima windows for this day matching --window 1227.

======================================================================
[Day] 2025-11-26  tier=1  instruments=['ESR', 'TRO']
  Scanning 3863 files for metadata …
  Found 3863 valid files across 599 geographic groups (48 30-min windows).
[ISR-DA][minima-windows] 2025-11-26: 5 window(s) (>= 10 arcs each)
  0100  centre=2025-11-26 01:00:00  n_occ=40  span=[2025-11-26 00:00:00 .. 2025-11-26 02:00:00)
  0245  centre=2025-11-26 02:45:00  n_occ=12  span=[2025-11-26 02:00:00 .. 2025-11-26 03:30:00)
  0842  centre=2025-11-26 08:42:30  n_occ=10  span=[2025-11-26 07:30:00 .. 2025-11-26 09:55:00)
  1215  centre=2025-11-26 12:15:00  n_occ=20  span=[2025-11-26 11:25:00 .. 2025-11-26 13:05:00)
  1535  centre=2025-11-26 15:35:00  n_occ=33  span=[2025-11-26 13:05:00 .. 2025-11-26 18:05:00)
  [IGS/TRO1] Running TEC pipeline for 2025-11-26 …
  [nav] Using multi-GNSS mixed nav: BRDC00IGS_R_20253300000_01D_MN.rnx.gz
  [TRO1]  10/101 SVs (  9.9%)    0 arcs
  [TRO1]  20/101 SVs ( 19.8%)   10 arcs
  [TRO1]  30/101 SVs ( 29.7%)   89 arcs
  [TRO1]  40/101 SVs ( 39.6%)  188 arcs
  [TRO1]  50/101 SVs ( 49.5%)  277 arcs
  [TRO1]  60/101 SVs ( 59.4%)  359 arcs
  [TRO1]  70/101 SVs ( 69.3%)  437 arcs
  [TRO1]  80/101 SVs ( 79.2%)  513 arcs
  [TRO1]  90/101 SVs ( 89.1%)  557 arcs
  [TRO1] 100/101 SVs ( 99.0%)  637 arcs
  [TRO1] 101/101 SVs (100.0%)  644 arcs
  [TRO1] 101/101 SVs done  644 arcs
  [IGS/TRO1] 644 raw arcs → 306 valid entries
  [IGS/WUTH] Running TEC pipeline for 2025-11-26 …
  [nav] Using multi-GNSS mixed nav: BRDC00IGS_R_20253300000_01D_MN.rnx.gz
  [WUTH]  12/123 SVs (  9.8%)  110 arcs
  [WUTH]  24/123 SVs ( 19.5%)  222 arcs
  [WUTH]  36/123 SVs ( 29.3%)  336 arcs
  [WUTH]  48/123 SVs ( 39.0%)  440 arcs
  [WUTH]  60/123 SVs ( 48.8%)  549 arcs
  [WUTH]  72/123 SVs ( 58.5%)  672 arcs
  [WUTH]  84/123 SVs ( 68.3%)  802 arcs
  [WUTH]  96/123 SVs ( 78.0%)  931 arcs
  [WUTH] 108/123 SVs ( 87.8%)  1054 arcs
  [WUTH] 120/123 SVs ( 97.6%)  1182 arcs
  [WUTH] 123/123 SVs (100.0%)  1201 arcs
  [WUTH] 123/123 SVs done  1201 arcs
  [IGS/WUTH] 1201 raw arcs → 509 valid entries
  [IGS/NYA1] Running TEC pipeline for 2025-11-26 …
  [nav] Using multi-GNSS mixed nav: BRDC00IGS_R_20253300000_01D_MN.rnx.gz
  [NYA1]  10/100 SVs ( 10.0%)    0 arcs
  [NYA1]  20/100 SVs ( 20.0%)   15 arcs
  [NYA1]  30/100 SVs ( 30.0%)   93 arcs
  [NYA1]  40/100 SVs ( 40.0%)  191 arcs
  [NYA1]  50/100 SVs ( 50.0%)  282 arcs
  [NYA1]  60/100 SVs ( 60.0%)  393 arcs
  [NYA1]  70/100 SVs ( 70.0%)  500 arcs
  [NYA1]  80/100 SVs ( 80.0%)  600 arcs
  [NYA1]  90/100 SVs ( 90.0%)  673 arcs
  [NYA1] 100/100 SVs (100.0%)  751 arcs
  [NYA1] 100/100 SVs done  751 arcs
  [IGS/NYA1] 751 raw arcs → 312 valid entries
  0 minima window(s), 1127 IGS arc(s)
  [skip] No GNSS-RO minima windows for this day matching --window 1227.

======================================================================
[Day] 2025-11-27  tier=1  instruments=['ESR', 'TRO']
  Scanning 3930 files for metadata …
  Found 3930 valid files across 624 geographic groups (48 30-min windows).
[ISR-DA][minima-windows] 2025-11-27: 5 window(s) (>= 10 arcs each)
  0140  centre=2025-11-27 01:40:00  n_occ=25  span=[2025-11-27 00:00:00 .. 2025-11-27 03:20:00)
  0445  centre=2025-11-27 04:45:00  n_occ=11  span=[2025-11-27 03:20:00 .. 2025-11-27 06:10:00)
  1032  centre=2025-11-27 10:32:30  n_occ=25  span=[2025-11-27 09:45:00 .. 2025-11-27 11:20:00)
  1215  centre=2025-11-27 12:15:00  n_occ=31  span=[2025-11-27 11:20:00 .. 2025-11-27 13:10:00)
  1532  centre=2025-11-27 15:32:30  n_occ=20  span=[2025-11-27 13:10:00 .. 2025-11-27 17:55:00)
  [IGS/TRO1] Running TEC pipeline for 2025-11-27 …
  [nav] Using multi-GNSS mixed nav: BRDC00IGS_R_20253310000_01D_MN.rnx.gz
  [TRO1]  10/101 SVs (  9.9%)    0 arcs
  [TRO1]  20/101 SVs ( 19.8%)   12 arcs
  [TRO1]  30/101 SVs ( 29.7%)   94 arcs
  [TRO1]  40/101 SVs ( 39.6%)  161 arcs
  [TRO1]  50/101 SVs ( 49.5%)  245 arcs
  [TRO1]  60/101 SVs ( 59.4%)  333 arcs
  [TRO1]  70/101 SVs ( 69.3%)  408 arcs
  [TRO1]  80/101 SVs ( 79.2%)  473 arcs
  [TRO1]  90/101 SVs ( 89.1%)  529 arcs
  [TRO1] 100/101 SVs ( 99.0%)  604 arcs
  [TRO1] 101/101 SVs (100.0%)  615 arcs
  [TRO1] 101/101 SVs done  615 arcs
  [IGS/TRO1] 615 raw arcs → 322 valid entries
  [IGS/WUTH] Running TEC pipeline for 2025-11-27 …
  [nav] Using multi-GNSS mixed nav: BRDC00IGS_R_20253310000_01D_MN.rnx.gz
  [WUTH]  12/123 SVs (  9.8%)  112 arcs
  [WUTH]  24/123 SVs ( 19.5%)  235 arcs
  [WUTH]  36/123 SVs ( 29.3%)  335 arcs
  [WUTH]  48/123 SVs ( 39.0%)  425 arcs
  [WUTH]  60/123 SVs ( 48.8%)  542 arcs
  [WUTH]  72/123 SVs ( 58.5%)  674 arcs
  [WUTH]  84/123 SVs ( 68.3%)  786 arcs
  [WUTH]  96/123 SVs ( 78.0%)  907 arcs
  [WUTH] 108/123 SVs ( 87.8%)  1027 arcs
  [WUTH] 120/123 SVs ( 97.6%)  1131 arcs
  [WUTH] 123/123 SVs (100.0%)  1164 arcs
  [WUTH] 123/123 SVs done  1164 arcs
  [IGS/WUTH] 1164 raw arcs → 524 valid entries
  [IGS/NYA1] Running TEC pipeline for 2025-11-27 …
  [nav] Using multi-GNSS mixed nav: BRDC00IGS_R_20253310000_01D_MN.rnx.gz
  [NYA1]  10/100 SVs ( 10.0%)    0 arcs
  [NYA1]  20/100 SVs ( 20.0%)   19 arcs
  [NYA1]  30/100 SVs ( 30.0%)  130 arcs
  [NYA1]  40/100 SVs ( 40.0%)  223 arcs
  [NYA1]  50/100 SVs ( 50.0%)  332 arcs
  [NYA1]  60/100 SVs ( 60.0%)  425 arcs
  [NYA1]  70/100 SVs ( 70.0%)  521 arcs
  [NYA1]  80/100 SVs ( 80.0%)  604 arcs
  [NYA1]  90/100 SVs ( 90.0%)  671 arcs
  [NYA1] 100/100 SVs (100.0%)  755 arcs
  [NYA1] 100/100 SVs done  755 arcs
  [IGS/NYA1] 755 raw arcs → 343 valid entries
  0 minima window(s), 1189 IGS arc(s)
  [skip] No GNSS-RO minima windows for this day matching --window 1227.

======================================================================
[Day] 2025-11-28  tier=1  instruments=['ESR', 'TRO']
  Scanning 3957 files for metadata …
  Found 3957 valid files across 604 geographic groups (48 30-min windows).
[ISR-DA][minima-windows] 2025-11-28: 4 window(s) (>= 10 arcs each)
  0052  centre=2025-11-28 00:52:30  n_occ=23  span=[2025-11-28 00:00:00 .. 2025-11-28 01:45:00)
  0225  centre=2025-11-28 02:25:00  n_occ=17  span=[2025-11-28 01:45:00 .. 2025-11-28 03:05:00)
  1035  centre=2025-11-28 10:35:00  n_occ=16  span=[2025-11-28 09:45:00 .. 2025-11-28 11:25:00)
  1242  centre=2025-11-28 12:42:30  n_occ=39  span=[2025-11-28 11:25:00 .. 2025-11-28 14:00:00)
  [IGS/TRO1] Running TEC pipeline for 2025-11-28 …
  [nav] Using multi-GNSS mixed nav: BRDC00IGS_R_20253320000_01D_MN.rnx.gz
  [TRO1]  10/101 SVs (  9.9%)    0 arcs
  [TRO1]  20/101 SVs ( 19.8%)    8 arcs
  [TRO1]  30/101 SVs ( 29.7%)   78 arcs
  [TRO1]  40/101 SVs ( 39.6%)  175 arcs
  [TRO1]  50/101 SVs ( 49.5%)  234 arcs
  [TRO1]  60/101 SVs ( 59.4%)  316 arcs
  [TRO1]  70/101 SVs ( 69.3%)  391 arcs
  [TRO1]  80/101 SVs ( 79.2%)  458 arcs
  [TRO1]  90/101 SVs ( 89.1%)  519 arcs
  [TRO1] 100/101 SVs ( 99.0%)  599 arcs
  [TRO1] 101/101 SVs (100.0%)  613 arcs
  [TRO1] 101/101 SVs done  613 arcs
  [IGS/TRO1] 613 raw arcs → 309 valid entries
  [IGS/WUTH] Running TEC pipeline for 2025-11-28 …
  [nav] Using multi-GNSS mixed nav: BRDC00IGS_R_20253320000_01D_MN.rnx.gz
  [WUTH]  12/123 SVs (  9.8%)  120 arcs
  [WUTH]  24/123 SVs ( 19.5%)  249 arcs
  [WUTH]  36/123 SVs ( 29.3%)  375 arcs
  [WUTH]  48/123 SVs ( 39.0%)  478 arcs
  [WUTH]  60/123 SVs ( 48.8%)  602 arcs
  [WUTH]  72/123 SVs ( 58.5%)  740 arcs
  [WUTH]  84/123 SVs ( 68.3%)  876 arcs
  [WUTH]  96/123 SVs ( 78.0%)  1006 arcs
  [WUTH] 108/123 SVs ( 87.8%)  1139 arcs
  [WUTH] 120/123 SVs ( 97.6%)  1261 arcs
  [WUTH] 123/123 SVs (100.0%)  1300 arcs
  [WUTH] 123/123 SVs done  1300 arcs
  [IGS/WUTH] 1300 raw arcs → 550 valid entries
  [IGS/NYA1] Running TEC pipeline for 2025-11-28 …
  [nav] Using multi-GNSS mixed nav: BRDC00IGS_R_20253320000_01D_MN.rnx.gz
  [NYA1]  10/100 SVs ( 10.0%)    0 arcs
  [NYA1]  20/100 SVs ( 20.0%)   24 arcs
  [NYA1]  30/100 SVs ( 30.0%)  114 arcs
  [NYA1]  40/100 SVs ( 40.0%)  208 arcs
  [NYA1]  50/100 SVs ( 50.0%)  305 arcs
  [NYA1]  60/100 SVs ( 60.0%)  405 arcs
  [NYA1]  70/100 SVs ( 70.0%)  516 arcs
  [NYA1]  80/100 SVs ( 80.0%)  598 arcs
  [NYA1]  90/100 SVs ( 90.0%)  673 arcs
  [NYA1] 100/100 SVs (100.0%)  752 arcs
  [NYA1] 100/100 SVs done  752 arcs
  [IGS/NYA1] 752 raw arcs → 342 valid entries
  0 minima window(s), 1201 IGS arc(s)
  [skip] No GNSS-RO minima windows for this day matching --window 1227.

======================================================================
[Day] 2025-11-29  tier=1  instruments=['ESR', 'TRO']
  Scanning 3520 files for metadata …
  Found 3520 valid files across 574 geographic groups (48 30-min windows).
[ISR-DA][minima-windows] 2025-11-29: 7 window(s) (>= 10 arcs each)
  0052  centre=2025-11-29 00:52:30  n_occ=22  span=[2025-11-29 00:00:00 .. 2025-11-29 01:45:00)
  0237  centre=2025-11-29 02:37:30  n_occ=17  span=[2025-11-29 01:45:00 .. 2025-11-29 03:30:00)
  0510  centre=2025-11-29 05:10:00  n_occ=11  span=[2025-11-29 03:30:00 .. 2025-11-29 06:50:00)
  0807  centre=2025-11-29 08:07:30  n_occ=13  span=[2025-11-29 06:50:00 .. 2025-11-29 09:25:00)
  1030  centre=2025-11-29 10:30:00  n_occ=35  span=[2025-11-29 09:25:00 .. 2025-11-29 11:35:00)
  1247  centre=2025-11-29 12:47:30  n_occ=40  span=[2025-11-29 11:35:00 .. 2025-11-29 14:00:00)
  1447  centre=2025-11-29 14:47:30  n_occ=13  span=[2025-11-29 14:00:00 .. 2025-11-29 15:35:00)
  [IGS/TRO1] Running TEC pipeline for 2025-11-29 …
  [nav] Using multi-GNSS mixed nav: BRDC00IGS_R_20253330000_01D_MN.rnx.gz
  [TRO1]  10/101 SVs (  9.9%)    0 arcs
  [TRO1]  20/101 SVs ( 19.8%)    4 arcs
  [TRO1]  30/101 SVs ( 29.7%)   54 arcs
  [TRO1]  40/101 SVs ( 39.6%)  131 arcs
  [TRO1]  50/101 SVs ( 49.5%)  203 arcs
  [TRO1]  60/101 SVs ( 59.4%)  268 arcs
  [TRO1]  70/101 SVs ( 69.3%)  333 arcs
  [TRO1]  80/101 SVs ( 79.2%)  406 arcs
  [TRO1]  90/101 SVs ( 89.1%)  452 arcs
  [TRO1] 100/101 SVs ( 99.0%)  511 arcs
  [TRO1] 101/101 SVs (100.0%)  522 arcs
  [TRO1] 101/101 SVs done  522 arcs
  [IGS/TRO1] 522 raw arcs → 263 valid entries
  [IGS/WUTH] Running TEC pipeline for 2025-11-29 …
  [nav] Using multi-GNSS mixed nav: BRDC00IGS_R_20253330000_01D_MN.rnx.gz
  [WUTH]  12/123 SVs (  9.8%)   97 arcs
  [WUTH]  24/123 SVs ( 19.5%)  219 arcs
  [WUTH]  36/123 SVs ( 29.3%)  320 arcs
  [WUTH]  48/123 SVs ( 39.0%)  423 arcs
  [WUTH]  60/123 SVs ( 48.8%)  535 arcs
  [WUTH]  72/123 SVs ( 58.5%)  655 arcs
  [WUTH]  84/123 SVs ( 68.3%)  774 arcs
  [WUTH]  96/123 SVs ( 78.0%)  888 arcs
  [WUTH] 108/123 SVs ( 87.8%)  994 arcs
  [WUTH] 120/123 SVs ( 97.6%)  1121 arcs
  [WUTH] 123/123 SVs (100.0%)  1159 arcs
  [WUTH] 123/123 SVs done  1159 arcs
  [IGS/WUTH] 1159 raw arcs → 486 valid entries
  [IGS/NYA1] Running TEC pipeline for 2025-11-29 …
  [nav] Using multi-GNSS mixed nav: BRDC00IGS_R_20253330000_01D_MN.rnx.gz
  [NYA1]  10/100 SVs ( 10.0%)    0 arcs
  [NYA1]  20/100 SVs ( 20.0%)   30 arcs
  [NYA1]  30/100 SVs ( 30.0%)  103 arcs
  [NYA1]  40/100 SVs ( 40.0%)  197 arcs
  [NYA1]  50/100 SVs ( 50.0%)  281 arcs
  [NYA1]  60/100 SVs ( 60.0%)  389 arcs
  [NYA1]  70/100 SVs ( 70.0%)  489 arcs
  [NYA1]  80/100 SVs ( 80.0%)  576 arcs
  [NYA1]  90/100 SVs ( 90.0%)  655 arcs
  [NYA1] 100/100 SVs (100.0%)  750 arcs
  [NYA1] 100/100 SVs done  750 arcs
  [IGS/NYA1] 750 raw arcs → 303 valid entries
  0 minima window(s), 1052 IGS arc(s)
  [skip] No GNSS-RO minima windows for this day matching --window 1227.

======================================================================
[Day] 2025-12-08  tier=1  instruments=['ESR', 'TRO']
  Scanning 4021 files for metadata …
  Found 4021 valid files across 605 geographic groups (48 30-min windows).
[ISR-DA][minima-windows] 2025-12-08: 7 window(s) (>= 10 arcs each)
  0102  centre=2025-12-08 01:02:30  n_occ=15  span=[2025-12-08 00:00:00 .. 2025-12-08 02:05:00)
  0252  centre=2025-12-08 02:52:30  n_occ=22  span=[2025-12-08 02:05:00 .. 2025-12-08 03:40:00)
  1040  centre=2025-12-08 10:40:00  n_occ=25  span=[2025-12-08 10:05:00 .. 2025-12-08 11:15:00)
  1220  centre=2025-12-08 12:20:00  n_occ=32  span=[2025-12-08 11:15:00 .. 2025-12-08 13:25:00)
  1530  centre=2025-12-08 15:30:00  n_occ=27  span=[2025-12-08 13:25:00 .. 2025-12-08 17:35:00)
  2025  centre=2025-12-08 20:25:00  n_occ=13  span=[2025-12-08 19:30:00 .. 2025-12-08 21:20:00)
  2312  centre=2025-12-08 23:12:30  n_occ=21  span=[2025-12-08 22:25:00 .. 2025-12-09 00:00:00)
  [IGS/TRO1] Running TEC pipeline for 2025-12-08 …
  [nav] Using multi-GNSS mixed nav: BRDC00IGS_R_20253420000_01D_MN.rnx.gz
  [TRO1]  10/101 SVs (  9.9%)    0 arcs
  [TRO1]  20/101 SVs ( 19.8%)    3 arcs
  [TRO1]  30/101 SVs ( 29.7%)   36 arcs
  [TRO1]  40/101 SVs ( 39.6%)   65 arcs
  [TRO1]  50/101 SVs ( 49.5%)   95 arcs
  [TRO1]  60/101 SVs ( 59.4%)  133 arcs
  [TRO1]  70/101 SVs ( 69.3%)  161 arcs
  [TRO1]  80/101 SVs ( 79.2%)  185 arcs
  [TRO1]  90/101 SVs ( 89.1%)  206 arcs
  [TRO1] 100/101 SVs ( 99.0%)  237 arcs
  [TRO1] 101/101 SVs (100.0%)  239 arcs
  [TRO1] 101/101 SVs done  239 arcs
  [IGS/TRO1] 239 raw arcs → 197 valid entries
  [IGS/WUTH] Running TEC pipeline for 2025-12-08 …
  [nav] Using multi-GNSS mixed nav: BRDC00IGS_R_20253420000_01D_MN.rnx.gz
  [WUTH]  12/123 SVs (  9.8%)   39 arcs
  [WUTH]  24/123 SVs ( 19.5%)   81 arcs
  [WUTH]  36/123 SVs ( 29.3%)  124 arcs
  [WUTH]  48/123 SVs ( 39.0%)  166 arcs
  [WUTH]  60/123 SVs ( 48.8%)  218 arcs
  [WUTH]  72/123 SVs ( 58.5%)  269 arcs
  [WUTH]  84/123 SVs ( 68.3%)  333 arcs
  [WUTH]  96/123 SVs ( 78.0%)  387 arcs
  [WUTH] 108/123 SVs ( 87.8%)  434 arcs
  [WUTH] 120/123 SVs ( 97.6%)  477 arcs
  [WUTH] 123/123 SVs (100.0%)  494 arcs
  [WUTH] 123/123 SVs done  494 arcs
  [IGS/WUTH] 494 raw arcs → 338 valid entries
  [IGS/NYA1] Running TEC pipeline for 2025-12-08 …
  [nav] Using multi-GNSS mixed nav: BRDC00IGS_R_20253420000_01D_MN.rnx.gz
  [NYA1]  10/100 SVs ( 10.0%)    0 arcs
  [NYA1]  20/100 SVs ( 20.0%)   15 arcs
  [NYA1]  30/100 SVs ( 30.0%)   58 arcs
  [NYA1]  40/100 SVs ( 40.0%)   94 arcs
  [NYA1]  50/100 SVs ( 50.0%)  133 arcs
  [NYA1]  60/100 SVs ( 60.0%)  184 arcs
  [NYA1]  70/100 SVs ( 70.0%)  230 arcs
  [NYA1]  80/100 SVs ( 80.0%)  271 arcs
  [NYA1]  90/100 SVs ( 90.0%)  297 arcs
  [NYA1] 100/100 SVs (100.0%)  352 arcs
  [NYA1] 100/100 SVs done  352 arcs
  [IGS/NYA1] 352 raw arcs → 257 valid entries
  0 minima window(s), 792 IGS arc(s)
  [skip] No GNSS-RO minima windows for this day matching --window 1227.

======================================================================
[Day] 2025-12-09  tier=1  instruments=['ESR', 'TRO']
  Scanning 4087 files for metadata …
  Found 4087 valid files across 582 geographic groups (48 30-min windows).
[ISR-DA][minima-windows] 2025-12-09: 8 window(s) (>= 10 arcs each)
  0050  centre=2025-12-09 00:50:00  n_occ=23  span=[2025-12-09 00:00:00 .. 2025-12-09 01:40:00)
  0315  centre=2025-12-09 03:15:00  n_occ=23  span=[2025-12-09 01:40:00 .. 2025-12-09 04:50:00)
  0752  centre=2025-12-09 07:52:30  n_occ=12  span=[2025-12-09 06:15:00 .. 2025-12-09 09:30:00)
  1025  centre=2025-12-09 10:25:00  n_occ=34  span=[2025-12-09 09:30:00 .. 2025-12-09 11:20:00)
  1225  centre=2025-12-09 12:25:00  n_occ=36  span=[2025-12-09 11:20:00 .. 2025-12-09 13:30:00)
  1600  centre=2025-12-09 16:00:00  n_occ=26  span=[2025-12-09 13:30:00 .. 2025-12-09 18:30:00)
  2027  centre=2025-12-09 20:27:30  n_occ=13  span=[2025-12-09 18:30:00 .. 2025-12-09 22:25:00)
  2312  centre=2025-12-09 23:12:30  n_occ=20  span=[2025-12-09 22:25:00 .. 2025-12-10 00:00:00)
  [IGS/TRO1] Running TEC pipeline for 2025-12-09 …
  [nav] Using multi-GNSS mixed nav: BRDC00IGS_R_20253430000_01D_MN.rnx.gz
  [TRO1]  10/101 SVs (  9.9%)    0 arcs
  [TRO1]  20/101 SVs ( 19.8%)    2 arcs
  [TRO1]  30/101 SVs ( 29.7%)   48 arcs
  [TRO1]  40/101 SVs ( 39.6%)  103 arcs
  [TRO1]  50/101 SVs ( 49.5%)  162 arcs
  [TRO1]  60/101 SVs ( 59.4%)  213 arcs
  [TRO1]  70/101 SVs ( 69.3%)  261 arcs
  [TRO1]  80/101 SVs ( 79.2%)  302 arcs
  [TRO1]  90/101 SVs ( 89.1%)  337 arcs
  [TRO1] 100/101 SVs ( 99.0%)  384 arcs
  [TRO1] 101/101 SVs (100.0%)  388 arcs
  [TRO1] 101/101 SVs done  388 arcs
  [IGS/TRO1] 388 raw arcs → 232 valid entries
  [IGS/WUTH] Running TEC pipeline for 2025-12-09 …
  [nav] Using multi-GNSS mixed nav: BRDC00IGS_R_20253430000_01D_MN.rnx.gz
  [WUTH]  12/123 SVs (  9.8%)   74 arcs
  [WUTH]  24/123 SVs ( 19.5%)  150 arcs
  [WUTH]  36/123 SVs ( 29.3%)  231 arcs
  [WUTH]  48/123 SVs ( 39.0%)  300 arcs
  [WUTH]  60/123 SVs ( 48.8%)  401 arcs
  [WUTH]  72/123 SVs ( 58.5%)  513 arcs
  [WUTH]  84/123 SVs ( 68.3%)  599 arcs
  [WUTH]  96/123 SVs ( 78.0%)  704 arcs
  [WUTH] 108/123 SVs ( 87.8%)  782 arcs
  [WUTH] 120/123 SVs ( 97.6%)  875 arcs
  [WUTH] 123/123 SVs (100.0%)  889 arcs
  [WUTH] 123/123 SVs done  889 arcs
  [IGS/WUTH] 889 raw arcs → 503 valid entries
  [IGS/NYA1] Running TEC pipeline for 2025-12-09 …
  [nav] Using multi-GNSS mixed nav: BRDC00IGS_R_20253430000_01D_MN.rnx.gz
  [NYA1]  10/100 SVs ( 10.0%)    0 arcs
  [NYA1]  20/100 SVs ( 20.0%)   16 arcs
  [NYA1]  30/100 SVs ( 30.0%)   79 arcs
  [NYA1]  40/100 SVs ( 40.0%)  148 arcs
  [NYA1]  50/100 SVs ( 50.0%)  221 arcs
  [NYA1]  60/100 SVs ( 60.0%)  299 arcs
  [NYA1]  70/100 SVs ( 70.0%)  381 arcs
  [NYA1]  80/100 SVs ( 80.0%)  455 arcs
  [NYA1]  90/100 SVs ( 90.0%)  509 arcs
  [NYA1] 100/100 SVs (100.0%)  575 arcs
  [NYA1] 100/100 SVs done  575 arcs
  [IGS/NYA1] 575 raw arcs → 335 valid entries
  0 minima window(s), 1070 IGS arc(s)
  [skip] No GNSS-RO minima windows for this day matching --window 1227.

======================================================================
[Day] 2025-12-14  tier=1  instruments=['ESR', 'TRO']
  Scanning 3598 files for metadata …
  Found 3598 valid files across 579 geographic groups (48 30-min windows).
[ISR-DA][minima-windows] 2025-12-14: 6 window(s) (>= 10 arcs each)
  0147  centre=2025-12-14 01:47:30  n_occ=30  span=[2025-12-14 00:40:00 .. 2025-12-14 02:55:00)
  0332  centre=2025-12-14 03:32:30  n_occ=10  span=[2025-12-14 02:55:00 .. 2025-12-14 04:10:00)
  0935  centre=2025-12-14 09:35:00  n_occ=12  span=[2025-12-14 08:45:00 .. 2025-12-14 10:25:00)
  1112  centre=2025-12-14 11:12:30  n_occ=20  span=[2025-12-14 10:25:00 .. 2025-12-14 12:00:00)
  1312  centre=2025-12-14 13:12:30  n_occ=25  span=[2025-12-14 12:00:00 .. 2025-12-14 14:25:00)
  1555  centre=2025-12-14 15:55:00  n_occ=18  span=[2025-12-14 14:25:00 .. 2025-12-14 17:25:00)
  [IGS/TRO1] Running TEC pipeline for 2025-12-14 …
  [nav] Using multi-GNSS mixed nav: BRDC00IGS_R_20253480000_01D_MN.rnx.gz
  [TRO1]  10/100 SVs ( 10.0%)    0 arcs
  [TRO1]  20/100 SVs ( 20.0%)    2 arcs
  [TRO1]  30/100 SVs ( 30.0%)   42 arcs
  [TRO1]  40/100 SVs ( 40.0%)   83 arcs
  [TRO1]  50/100 SVs ( 50.0%)  121 arcs
  [TRO1]  60/100 SVs ( 60.0%)  162 arcs
  [TRO1]  70/100 SVs ( 70.0%)  195 arcs
  [TRO1]  80/100 SVs ( 80.0%)  236 arcs
  [TRO1]  90/100 SVs ( 90.0%)  263 arcs
  [TRO1] 100/100 SVs (100.0%)  294 arcs
  [TRO1] 100/100 SVs done  294 arcs
  [IGS/TRO1] 294 raw arcs → 212 valid entries
  [IGS/WUTH] Running TEC pipeline for 2025-12-14 …
  [nav] Using multi-GNSS mixed nav: BRDC00IGS_R_20253480000_01D_MN.rnx.gz
  [WUTH]  12/122 SVs (  9.8%)   98 arcs
  [WUTH]  24/122 SVs ( 19.7%)  158 arcs
  [WUTH]  36/122 SVs ( 29.5%)  238 arcs
  [WUTH]  48/122 SVs ( 39.3%)  302 arcs
  [WUTH]  60/122 SVs ( 49.2%)  389 arcs
  [WUTH]  72/122 SVs ( 59.0%)  496 arcs
  [WUTH]  84/122 SVs ( 68.9%)  582 arcs
  [WUTH]  96/122 SVs ( 78.7%)  657 arcs
  [WUTH] 108/122 SVs ( 88.5%)  749 arcs
  [WUTH] 120/122 SVs ( 98.4%)  830 arcs
  [WUTH] 122/122 SVs (100.0%)  846 arcs
  [WUTH] 122/122 SVs done  846 arcs
  [IGS/WUTH] 846 raw arcs → 523 valid entries
  [IGS/NYA1] Running TEC pipeline for 2025-12-14 …
  [nav] Using multi-GNSS mixed nav: BRDC00IGS_R_20253480000_01D_MN.rnx.gz
  [NYA1]   9/99 SVs (  9.1%)    0 arcs
  [NYA1]  18/99 SVs ( 18.2%)    0 arcs
  [NYA1]  27/99 SVs ( 27.3%)   69 arcs
  [NYA1]  36/99 SVs ( 36.4%)  131 arcs
  [NYA1]  45/99 SVs ( 45.5%)  203 arcs
  [NYA1]  54/99 SVs ( 54.5%)  272 arcs
  [NYA1]  63/99 SVs ( 63.6%)  355 arcs
  [NYA1]  72/99 SVs ( 72.7%)  434 arcs
  [NYA1]  81/99 SVs ( 81.8%)  474 arcs
  [NYA1]  90/99 SVs ( 90.9%)  537 arcs
  [NYA1]  99/99 SVs (100.0%)  600 arcs
  [NYA1] 99/99 SVs done  600 arcs
  [IGS/NYA1] 600 raw arcs → 348 valid entries
  0 minima window(s), 1083 IGS arc(s)
  [skip] No GNSS-RO minima windows for this day matching --window 1227.

======================================================================
[Day] 2025-12-15  tier=1  instruments=['ESR', 'TRO']
  Scanning 3722 files for metadata …
  Found 3722 valid files across 589 geographic groups (48 30-min windows).
[ISR-DA][minima-windows] 2025-12-15: 6 window(s) (>= 10 arcs each)
  0140  centre=2025-12-15 01:40:00  n_occ=18  span=[2025-12-15 00:40:00 .. 2025-12-15 02:40:00)
  0325  centre=2025-12-15 03:25:00  n_occ=13  span=[2025-12-15 02:40:00 .. 2025-12-15 04:10:00)
  0935  centre=2025-12-15 09:35:00  n_occ=13  span=[2025-12-15 08:45:00 .. 2025-12-15 10:25:00)
  1112  centre=2025-12-15 11:12:30  n_occ=33  span=[2025-12-15 10:25:00 .. 2025-12-15 12:00:00)
  1312  centre=2025-12-15 13:12:30  n_occ=30  span=[2025-12-15 12:00:00 .. 2025-12-15 14:25:00)
  1557  centre=2025-12-15 15:57:30  n_occ=16  span=[2025-12-15 14:25:00 .. 2025-12-15 17:30:00)
  [IGS/TRO1] Running TEC pipeline for 2025-12-15 …
  [nav] Using multi-GNSS mixed nav: BRDC00IGS_R_20253490000_01D_MN.rnx.gz
  [TRO1]  10/101 SVs (  9.9%)    0 arcs
  [TRO1]  20/101 SVs ( 19.8%)    7 arcs
  [TRO1]  30/101 SVs ( 29.7%)   45 arcs
  [TRO1]  40/101 SVs ( 39.6%)   84 arcs
  [TRO1]  50/101 SVs ( 49.5%)  124 arcs
  [TRO1]  60/101 SVs ( 59.4%)  158 arcs
  [TRO1]  70/101 SVs ( 69.3%)  192 arcs
  [TRO1]  80/101 SVs ( 79.2%)  239 arcs
  [TRO1]  90/101 SVs ( 89.1%)  263 arcs
  [TRO1] 100/101 SVs ( 99.0%)  295 arcs
  [TRO1] 101/101 SVs (100.0%)  299 arcs
  [TRO1] 101/101 SVs done  299 arcs
  [IGS/TRO1] 299 raw arcs → 217 valid entries
  [IGS/WUTH] Running TEC pipeline for 2025-12-15 …
  [nav] Using multi-GNSS mixed nav: BRDC00IGS_R_20253490000_01D_MN.rnx.gz
  [WUTH]  12/123 SVs (  9.8%)   73 arcs
  [WUTH]  24/123 SVs ( 19.5%)  145 arcs
  [WUTH]  36/123 SVs ( 29.3%)  214 arcs
  [WUTH]  48/123 SVs ( 39.0%)  282 arcs
  [WUTH]  60/123 SVs ( 48.8%)  370 arcs
  [WUTH]  72/123 SVs ( 58.5%)  466 arcs
  [WUTH]  84/123 SVs ( 68.3%)  548 arcs
  [WUTH]  96/123 SVs ( 78.0%)  620 arcs
  [WUTH] 108/123 SVs ( 87.8%)  717 arcs
  [WUTH] 120/123 SVs ( 97.6%)  786 arcs
  [WUTH] 123/123 SVs (100.0%)  806 arcs
  [WUTH] 123/123 SVs done  806 arcs
  [IGS/WUTH] 806 raw arcs → 433 valid entries
  [IGS/NYA1] Running TEC pipeline for 2025-12-15 …
  [nav] Using multi-GNSS mixed nav: BRDC00IGS_R_20253490000_01D_MN.rnx.gz
  [NYA1]  10/100 SVs ( 10.0%)    0 arcs
  [NYA1]  20/100 SVs ( 20.0%)   16 arcs
  [NYA1]  30/100 SVs ( 30.0%)   81 arcs
  [NYA1]  40/100 SVs ( 40.0%)  145 arcs
  [NYA1]  50/100 SVs ( 50.0%)  207 arcs
  [NYA1]  60/100 SVs ( 60.0%)  287 arcs
  [NYA1]  70/100 SVs ( 70.0%)  359 arcs
  [NYA1]  80/100 SVs ( 80.0%)  450 arcs
  [NYA1]  90/100 SVs ( 90.0%)  496 arcs
  [NYA1] 100/100 SVs (100.0%)  565 arcs
  [NYA1] 100/100 SVs done  565 arcs
  [IGS/NYA1] 565 raw arcs → 299 valid entries
  0 minima window(s), 949 IGS arc(s)
  [skip] No GNSS-RO minima windows for this day matching --window 1227.

======================================================================
[Day] 2025-12-16  tier=1  instruments=['ESR', 'TRO']
  Scanning 3216 files for metadata …
  Found 3216 valid files across 503 geographic groups (47 30-min windows).
[ISR-DA][minima-windows] 2025-12-16: 8 window(s) (>= 10 arcs each)
  0022  centre=2025-12-16 00:22:30  n_occ=10  span=[2025-12-16 00:00:00 .. 2025-12-16 00:45:00)
  0135  centre=2025-12-16 01:35:00  n_occ=11  span=[2025-12-16 00:45:00 .. 2025-12-16 02:25:00)
  0627  centre=2025-12-16 06:27:30  n_occ=12  span=[2025-12-16 04:05:00 .. 2025-12-16 08:50:00)
  1112  centre=2025-12-16 11:12:30  n_occ=33  span=[2025-12-16 10:20:00 .. 2025-12-16 12:05:00)
  1252  centre=2025-12-16 12:52:30  n_occ=16  span=[2025-12-16 12:05:00 .. 2025-12-16 13:40:00)
  1547  centre=2025-12-16 15:47:30  n_occ=32  span=[2025-12-16 13:40:00 .. 2025-12-16 17:55:00)
  2027  centre=2025-12-16 20:27:30  n_occ=10  span=[2025-12-16 17:55:00 .. 2025-12-16 23:00:00)
  2330  centre=2025-12-16 23:30:00  n_occ=17  span=[2025-12-16 23:00:00 .. 2025-12-17 00:00:00)
  [IGS/TRO1] Running TEC pipeline for 2025-12-16 …
  [nav] Using multi-GNSS mixed nav: BRDC00IGS_R_20253500000_01D_MN.rnx.gz
  [TRO1]  10/101 SVs (  9.9%)    0 arcs
  [TRO1]  20/101 SVs ( 19.8%)    2 arcs
  [TRO1]  30/101 SVs ( 29.7%)   44 arcs
  [TRO1]  40/101 SVs ( 39.6%)   88 arcs
  [TRO1]  50/101 SVs ( 49.5%)  149 arcs
  [TRO1]  60/101 SVs ( 59.4%)  209 arcs
  [TRO1]  70/101 SVs ( 69.3%)  259 arcs
  [TRO1]  80/101 SVs ( 79.2%)  310 arcs
  [TRO1]  90/101 SVs ( 89.1%)  341 arcs
  [TRO1] 100/101 SVs ( 99.0%)  384 arcs
  [TRO1] 101/101 SVs (100.0%)  388 arcs
  [TRO1] 101/101 SVs done  388 arcs
  [IGS/TRO1] 388 raw arcs → 231 valid entries
  [IGS/WUTH] Running TEC pipeline for 2025-12-16 …
  [nav] Using multi-GNSS mixed nav: BRDC00IGS_R_20253500000_01D_MN.rnx.gz
  [WUTH]  12/123 SVs (  9.8%)  113 arcs
  [WUTH]  24/123 SVs ( 19.5%)  216 arcs
  [WUTH]  36/123 SVs ( 29.3%)  311 arcs
  [WUTH]  48/123 SVs ( 39.0%)  390 arcs
  [WUTH]  60/123 SVs ( 48.8%)  492 arcs
  [WUTH]  72/123 SVs ( 58.5%)  592 arcs
  [WUTH]  84/123 SVs ( 68.3%)  703 arcs
  [WUTH]  96/123 SVs ( 78.0%)  818 arcs
  [WUTH] 108/123 SVs ( 87.8%)  923 arcs
  [WUTH] 120/123 SVs ( 97.6%)  1038 arcs
  [WUTH] 123/123 SVs (100.0%)  1065 arcs
  [WUTH] 123/123 SVs done  1065 arcs
  [IGS/WUTH] 1065 raw arcs → 559 valid entries
  [IGS/NYA1] Running TEC pipeline for 2025-12-16 …
  [nav] Using multi-GNSS mixed nav: BRDC00IGS_R_20253500000_01D_MN.rnx.gz
  [NYA1]  10/100 SVs ( 10.0%)    0 arcs
  [NYA1]  20/100 SVs ( 20.0%)   15 arcs
  [NYA1]  30/100 SVs ( 30.0%)  109 arcs
  [NYA1]  40/100 SVs ( 40.0%)  200 arcs
  [NYA1]  50/100 SVs ( 50.0%)  301 arcs
  [NYA1]  60/100 SVs ( 60.0%)  415 arcs
  [NYA1]  70/100 SVs ( 70.0%)  514 arcs
  [NYA1]  80/100 SVs ( 80.0%)  602 arcs
  [NYA1]  90/100 SVs ( 90.0%)  668 arcs
  [NYA1] 100/100 SVs (100.0%)  755 arcs
  [NYA1] 100/100 SVs done  755 arcs
  [IGS/NYA1] 755 raw arcs → 357 valid entries
  0 minima window(s), 1147 IGS arc(s)
  [skip] No GNSS-RO minima windows for this day matching --window 1227.

======================================================================
[Day] 2025-12-17  tier=1  instruments=['ESR', 'TRO']
  Scanning 3568 files for metadata …
  Found 3568 valid files across 558 geographic groups (48 30-min windows).
[ISR-DA][minima-windows] 2025-12-17: 6 window(s) (>= 10 arcs each)
  0132  centre=2025-12-17 01:32:30  n_occ=24  span=[2025-12-17 00:45:00 .. 2025-12-17 02:20:00)
  0347  centre=2025-12-17 03:47:30  n_occ=21  span=[2025-12-17 02:20:00 .. 2025-12-17 05:15:00)
  0927  centre=2025-12-17 09:27:30  n_occ=11  span=[2025-12-17 08:40:00 .. 2025-12-17 10:15:00)
  1107  centre=2025-12-17 11:07:30  n_occ=37  span=[2025-12-17 10:15:00 .. 2025-12-17 12:00:00)
  1250  centre=2025-12-17 12:50:00  n_occ=16  span=[2025-12-17 12:00:00 .. 2025-12-17 13:40:00)
  1525  centre=2025-12-17 15:25:00  n_occ=26  span=[2025-12-17 13:40:00 .. 2025-12-17 17:10:00)
  [IGS/TRO1] Running TEC pipeline for 2025-12-17 …
  [nav] Using multi-GNSS mixed nav: BRDC00IGS_R_20253510000_01D_MN.rnx.gz
  [TRO1]  10/101 SVs (  9.9%)    0 arcs
  [TRO1]  20/101 SVs ( 19.8%)    4 arcs
  [TRO1]  30/101 SVs ( 29.7%)   40 arcs
  [TRO1]  40/101 SVs ( 39.6%)   76 arcs
  [TRO1]  50/101 SVs ( 49.5%)  126 arcs
  [TRO1]  60/101 SVs ( 59.4%)  166 arcs
  [TRO1]  70/101 SVs ( 69.3%)  214 arcs
  [TRO1]  80/101 SVs ( 79.2%)  258 arcs
  [TRO1]  90/101 SVs ( 89.1%)  284 arcs
  [TRO1] 100/101 SVs ( 99.0%)  327 arcs
  [TRO1] 101/101 SVs (100.0%)  331 arcs
  [TRO1] 101/101 SVs done  331 arcs
  [IGS/TRO1] 331 raw arcs → 211 valid entries
  [IGS/WUTH] Running TEC pipeline for 2025-12-17 …
  [nav] Using multi-GNSS mixed nav: BRDC00IGS_R_20253510000_01D_MN.rnx.gz
  [WUTH]  12/123 SVs (  9.8%)  104 arcs
  [WUTH]  24/123 SVs ( 19.5%)  197 arcs
  [WUTH]  36/123 SVs ( 29.3%)  280 arcs
  [WUTH]  48/123 SVs ( 39.0%)  367 arcs
  [WUTH]  60/123 SVs ( 48.8%)  483 arcs
  [WUTH]  72/123 SVs ( 58.5%)  586 arcs
  [WUTH]  84/123 SVs ( 68.3%)  688 arcs
  [WUTH]  96/123 SVs ( 78.0%)  791 arcs
  [WUTH] 108/123 SVs ( 87.8%)  887 arcs
  [WUTH] 120/123 SVs ( 97.6%)  989 arcs
  [WUTH] 123/123 SVs (100.0%)  1014 arcs
  [WUTH] 123/123 SVs done  1014 arcs
  [IGS/WUTH] 1014 raw arcs → 566 valid entries
  [IGS/NYA1] Running TEC pipeline for 2025-12-17 …
  [nav] Using multi-GNSS mixed nav: BRDC00IGS_R_20253510000_01D_MN.rnx.gz
  [NYA1]  10/100 SVs ( 10.0%)    1 arcs
  [NYA1]  20/100 SVs ( 20.0%)   18 arcs
  [NYA1]  30/100 SVs ( 30.0%)  116 arcs
  [NYA1]  40/100 SVs ( 40.0%)  189 arcs
  [NYA1]  50/100 SVs ( 50.0%)  264 arcs
  [NYA1]  60/100 SVs ( 60.0%)  352 arcs
  [NYA1]  70/100 SVs ( 70.0%)  443 arcs
  [NYA1]  80/100 SVs ( 80.0%)  525 arcs
  [NYA1]  90/100 SVs ( 90.0%)  594 arcs
  [NYA1] 100/100 SVs (100.0%)  668 arcs
  [NYA1] 100/100 SVs done  668 arcs
  [IGS/NYA1] 668 raw arcs → 335 valid entries
  0 minima window(s), 1112 IGS arc(s)
  [skip] No GNSS-RO minima windows for this day matching --window 1227.

======================================================================
[Day] 2025-12-18  tier=1  instruments=['ESR', 'TRO']
  Scanning 3709 files for metadata …
  Found 3709 valid files across 576 geographic groups (48 30-min windows).
[ISR-DA][minima-windows] 2025-12-18: 8 window(s) (>= 10 arcs each)
  0057  centre=2025-12-18 00:57:30  n_occ=31  span=[2025-12-18 00:00:00 .. 2025-12-18 01:55:00)
  0247  centre=2025-12-18 02:47:30  n_occ=15  span=[2025-12-18 01:55:00 .. 2025-12-18 03:40:00)
  0912  centre=2025-12-18 09:12:30  n_occ=16  span=[2025-12-18 08:10:00 .. 2025-12-18 10:15:00)
  1107  centre=2025-12-18 11:07:30  n_occ=16  span=[2025-12-18 10:15:00 .. 2025-12-18 12:00:00)
  1250  centre=2025-12-18 12:50:00  n_occ=22  span=[2025-12-18 12:00:00 .. 2025-12-18 13:40:00)
  1410  centre=2025-12-18 14:10:00  n_occ=22  span=[2025-12-18 13:40:00 .. 2025-12-18 14:40:00)
  1552  centre=2025-12-18 15:52:30  n_occ=10  span=[2025-12-18 14:40:00 .. 2025-12-18 17:05:00)
  2152  centre=2025-12-18 21:52:30  n_occ=18  span=[2025-12-18 19:45:00 .. 2025-12-19 00:00:00)
  [IGS/TRO1] Running TEC pipeline for 2025-12-18 …
  [nav] Using multi-GNSS mixed nav: BRDC00IGS_R_20253520000_01D_MN.rnx.gz
  [TRO1]  10/101 SVs (  9.9%)    0 arcs
  [TRO1]  20/101 SVs ( 19.8%)    8 arcs
  [TRO1]  30/101 SVs ( 29.7%)   57 arcs
  [TRO1]  40/101 SVs ( 39.6%)  121 arcs
  [TRO1]  50/101 SVs ( 49.5%)  182 arcs
  [TRO1]  60/101 SVs ( 59.4%)  236 arcs
  [TRO1]  70/101 SVs ( 69.3%)  301 arcs
  [TRO1]  80/101 SVs ( 79.2%)  359 arcs
  [TRO1]  90/101 SVs ( 89.1%)  402 arcs
  [TRO1] 100/101 SVs ( 99.0%)  450 arcs
  [TRO1] 101/101 SVs (100.0%)  456 arcs
  [TRO1] 101/101 SVs done  456 arcs
  [IGS/TRO1] 456 raw arcs → 247 valid entries
  [IGS/WUTH] Running TEC pipeline for 2025-12-18 …
  [nav] Using multi-GNSS mixed nav: BRDC00IGS_R_20253520000_01D_MN.rnx.gz
  [WUTH]  12/123 SVs (  9.8%)  110 arcs
  [WUTH]  24/123 SVs ( 19.5%)  227 arcs
  [WUTH]  36/123 SVs ( 29.3%)  336 arcs
  [WUTH]  48/123 SVs ( 39.0%)  419 arcs
  [WUTH]  60/123 SVs ( 48.8%)  530 arcs
  [WUTH]  72/123 SVs ( 58.5%)  637 arcs
  [WUTH]  84/123 SVs ( 68.3%)  755 arcs
  [WUTH]  96/123 SVs ( 78.0%)  862 arcs
  [WUTH] 108/123 SVs ( 87.8%)  962 arcs
  [WUTH] 120/123 SVs ( 97.6%)  1074 arcs
  [WUTH] 123/123 SVs (100.0%)  1110 arcs
  [WUTH] 123/123 SVs done  1110 arcs
  [IGS/WUTH] 1110 raw arcs → 554 valid entries
  [IGS/NYA1] Running TEC pipeline for 2025-12-18 …
  [nav] Using multi-GNSS mixed nav: BRDC00IGS_R_20253520000_01D_MN.rnx.gz
  [NYA1]  10/100 SVs ( 10.0%)    0 arcs
  [NYA1]  20/100 SVs ( 20.0%)   22 arcs
  [NYA1]  30/100 SVs ( 30.0%)  114 arcs
  [NYA1]  40/100 SVs ( 40.0%)  210 arcs
  [NYA1]  50/100 SVs ( 50.0%)  282 arcs
  [NYA1]  60/100 SVs ( 60.0%)  383 arcs
  [NYA1]  70/100 SVs ( 70.0%)  480 arcs
  [NYA1]  80/100 SVs ( 80.0%)  561 arcs
  [NYA1]  90/100 SVs ( 90.0%)  627 arcs
  [NYA1] 100/100 SVs (100.0%)  701 arcs
  [NYA1] 100/100 SVs done  701 arcs
  [IGS/NYA1] 701 raw arcs → 331 valid entries
  0 minima window(s), 1132 IGS arc(s)
  [skip] No GNSS-RO minima windows for this day matching --window 1227.

======================================================================
[Day] 2026-01-13  tier=1  instruments=['ESR', 'TRO']
  Scanning 3841 files for metadata …
  Found 3841 valid files across 591 geographic groups (49 30-min windows).
[ISR-DA][minima-windows] 2026-01-13: 7 window(s) (>= 10 arcs each)
  0045  centre=2026-01-13 00:45:00  n_occ=20  span=[2026-01-13 00:00:00 .. 2026-01-13 01:30:00)
  0305  centre=2026-01-13 03:05:00  n_occ=25  span=[2026-01-13 01:30:00 .. 2026-01-13 04:40:00)
  0612  centre=2026-01-13 06:12:30  n_occ=11  span=[2026-01-13 04:40:00 .. 2026-01-13 07:45:00)
  1015  centre=2026-01-13 10:15:00  n_occ=16  span=[2026-01-13 09:25:00 .. 2026-01-13 11:05:00)
  1155  centre=2026-01-13 11:55:00  n_occ=27  span=[2026-01-13 11:05:00 .. 2026-01-13 12:45:00)
  1422  centre=2026-01-13 14:22:30  n_occ=24  span=[2026-01-13 12:45:00 .. 2026-01-13 16:00:00)
  2122  centre=2026-01-13 21:22:30  n_occ=12  span=[2026-01-13 20:30:00 .. 2026-01-13 22:15:00)
  [IGS/TRO1] Running TEC pipeline for 2026-01-13 …
  [nav] Using multi-GNSS mixed nav: BRDC00IGS_R_20260130000_01D_MN.rnx.gz
  [TRO1]   9/99 SVs (  9.1%)    0 arcs
  [TRO1]  18/99 SVs ( 18.2%)    0 arcs
  [TRO1]  27/99 SVs ( 27.3%)   34 arcs
  [TRO1]  36/99 SVs ( 36.4%)   77 arcs
  [TRO1]  45/99 SVs ( 45.5%)  110 arcs
  [TRO1]  54/99 SVs ( 54.5%)  149 arcs
  [TRO1]  63/99 SVs ( 63.6%)  184 arcs
  [TRO1]  72/99 SVs ( 72.7%)  220 arcs
  [TRO1]  81/99 SVs ( 81.8%)  248 arcs
  [TRO1]  90/99 SVs ( 90.9%)  283 arcs
  [TRO1]  99/99 SVs (100.0%)  317 arcs
  [TRO1] 99/99 SVs done  317 arcs
  [IGS/TRO1] 317 raw arcs → 217 valid entries
  [IGS/WUTH] Running TEC pipeline for 2026-01-13 …
  [nav] Using multi-GNSS mixed nav: BRDC00IGS_R_20260130000_01D_MN.rnx.gz
  [WUTH]  12/121 SVs (  9.9%)   48 arcs
  [WUTH]  24/121 SVs ( 19.8%)  113 arcs
  [WUTH]  36/121 SVs ( 29.8%)  161 arcs
  [WUTH]  48/121 SVs ( 39.7%)  216 arcs
  [WUTH]  60/121 SVs ( 49.6%)  303 arcs
  [WUTH]  72/121 SVs ( 59.5%)  385 arcs
  [WUTH]  84/121 SVs ( 69.4%)  457 arcs
  [WUTH]  96/121 SVs ( 79.3%)  521 arcs
  [WUTH] 108/121 SVs ( 89.3%)  590 arcs
  [WUTH] 120/121 SVs ( 99.2%)  646 arcs
  [WUTH] 121/121 SVs (100.0%)  655 arcs
  [WUTH] 121/121 SVs done  655 arcs
  [IGS/WUTH] 655 raw arcs → 470 valid entries
  [IGS/NYA1] Running TEC pipeline for 2026-01-13 …
  [nav] Using multi-GNSS mixed nav: BRDC00IGS_R_20260130000_01D_MN.rnx.gz
  [NYA1]   9/98 SVs (  9.2%)    0 arcs
  [NYA1]  18/98 SVs ( 18.4%)    0 arcs
  [NYA1]  27/98 SVs ( 27.6%)   65 arcs
  [NYA1]  36/98 SVs ( 36.7%)  130 arcs
  [NYA1]  45/98 SVs ( 45.9%)  193 arcs
  [NYA1]  54/98 SVs ( 55.1%)  258 arcs
  [NYA1]  63/98 SVs ( 64.3%)  324 arcs
  [NYA1]  72/98 SVs ( 73.5%)  386 arcs
  [NYA1]  81/98 SVs ( 82.7%)  434 arcs
  [NYA1]  90/98 SVs ( 91.8%)  489 arcs
  [NYA1]  98/98 SVs (100.0%)  532 arcs
  [NYA1] 98/98 SVs done  532 arcs
  [IGS/NYA1] 532 raw arcs → 352 valid entries
  0 minima window(s), 1039 IGS arc(s)
  [skip] No GNSS-RO minima windows for this day matching --window 1227.

======================================================================
[Day] 2026-02-02  tier=1  instruments=['ESR', 'TRO']
  Scanning 3671 files for metadata …
  Found 3671 valid files across 580 geographic groups (48 30-min windows).
[ISR-DA][minima-windows] 2026-02-02: 7 window(s) (>= 10 arcs each)
  0052  centre=2026-02-02 00:52:30  n_occ=24  span=[2026-02-02 00:00:00 .. 2026-02-02 01:45:00)
  0232  centre=2026-02-02 02:32:30  n_occ=19  span=[2026-02-02 01:45:00 .. 2026-02-02 03:20:00)
  0415  centre=2026-02-02 04:15:00  n_occ=10  span=[2026-02-02 03:20:00 .. 2026-02-02 05:10:00)
  1035  centre=2026-02-02 10:35:00  n_occ=27  span=[2026-02-02 09:45:00 .. 2026-02-02 11:25:00)
  1215  centre=2026-02-02 12:15:00  n_occ=27  span=[2026-02-02 11:25:00 .. 2026-02-02 13:05:00)
  1350  centre=2026-02-02 13:50:00  n_occ=24  span=[2026-02-02 13:05:00 .. 2026-02-02 14:35:00)
  1542  centre=2026-02-02 15:42:30  n_occ=11  span=[2026-02-02 14:35:00 .. 2026-02-02 16:50:00)
  [IGS/TRO1] Running TEC pipeline for 2026-02-02 …
  [nav] Using multi-GNSS mixed nav: BRDC00IGS_R_20260330000_01D_MN.rnx.gz
  [TRO1]  10/100 SVs ( 10.0%)    1 arcs
  [TRO1]  20/100 SVs ( 20.0%)    4 arcs
  [TRO1]  30/100 SVs ( 30.0%)   62 arcs
  [TRO1]  40/100 SVs ( 40.0%)  113 arcs
  [TRO1]  50/100 SVs ( 50.0%)  176 arcs
  [TRO1]  60/100 SVs ( 60.0%)  232 arcs
  [TRO1]  70/100 SVs ( 70.0%)  280 arcs
  [TRO1]  80/100 SVs ( 80.0%)  326 arcs
  [TRO1]  90/100 SVs ( 90.0%)  371 arcs
  [TRO1] 100/100 SVs (100.0%)  422 arcs
  [TRO1] 100/100 SVs done  422 arcs
  [IGS/TRO1] 422 raw arcs → 230 valid entries
  [IGS/WUTH] Running TEC pipeline for 2026-02-02 …
  [IGS/WUTH] Pipeline failed: No RINEX-3 observation file found in https://cddis.nasa.gov/archive/gnss/data/daily/2026/033/26d for station WUTH. Available: ['ABMF00GLP_R_20260330000_01D_30S_MO.crx.gz ', 'ABPO00MDG_R_20260330000_01D_30S_MO.crx.gz ', 'AC2300USA_R_20260330000_01D_15S_MO.crx.gz ', 'AC2400USA_R_20260330000_01D_15S_MO.crx.gz ', 'ACRG00GHA_R_20260330000_01D_30S_MO.crx.gz ', 'ACSO00USA_R_20260330000_01D_15S_MO.crx.gz ', 'AIRA00JPN_R_20260330000_01D_30S_MO.crx.gz ', 'AJAC00FRA_R_20260330000_01D_30S_MO.crx.gz ', 'AL2H00CAN_R_20260330000_01D_30S_MO.crx.gz ', 'ALAC00ESP_R_20260330000_01D_30S_MO.crx.gz ']
  [IGS/NYA1] Running TEC pipeline for 2026-02-02 …
  [nav] Using multi-GNSS mixed nav: BRDC00IGS_R_20260330000_01D_MN.rnx.gz
  [NYA1]   9/99 SVs (  9.1%)    3 arcs
  [NYA1]  18/99 SVs ( 18.2%)    3 arcs
  [NYA1]  27/99 SVs ( 27.3%)   79 arcs
  [NYA1]  36/99 SVs ( 36.4%)  164 arcs
  [NYA1]  45/99 SVs ( 45.5%)  219 arcs
  [NYA1]  54/99 SVs ( 54.5%)  289 arcs
  [NYA1]  63/99 SVs ( 63.6%)  361 arcs
  [NYA1]  72/99 SVs ( 72.7%)  440 arcs
  [NYA1]  81/99 SVs ( 81.8%)  509 arcs
  [NYA1]  90/99 SVs ( 90.9%)  571 arcs
  [NYA1]  99/99 SVs (100.0%)  648 arcs
  [NYA1] 99/99 SVs done  648 arcs
  [IGS/NYA1] 648 raw arcs → 320 valid entries
  0 minima window(s), 550 IGS arc(s)
  [skip] No GNSS-RO minima windows for this day matching --window 1227.

======================================================================
[Day] 2026-02-12  tier=1  instruments=['ESR', 'TRO']
  Scanning 2788 files for metadata …
  Found 2788 valid files across 450 geographic groups (47 30-min windows).
[ISR-DA][minima-windows] 2026-02-12: 5 window(s) (>= 10 arcs each)
  0052  centre=2026-02-12 00:52:30  n_occ=19  span=[2026-02-12 00:00:00 .. 2026-02-12 01:45:00)
  0232  centre=2026-02-12 02:32:30  n_occ=26  span=[2026-02-12 01:45:00 .. 2026-02-12 03:20:00)
  0930  centre=2026-02-12 09:30:00  n_occ=17  span=[2026-02-12 07:40:00 .. 2026-02-12 11:20:00)
  1240  centre=2026-02-12 12:40:00  n_occ=17  span=[2026-02-12 11:20:00 .. 2026-02-12 14:00:00)
  1520  centre=2026-02-12 15:20:00  n_occ=11  span=[2026-02-12 14:00:00 .. 2026-02-12 16:40:00)
  [IGS/TRO1] Running TEC pipeline for 2026-02-12 …
  [nav] Using multi-GNSS mixed nav: BRDC00IGS_R_20260430000_01D_MN.rnx.gz
  [TRO1]  10/100 SVs ( 10.0%)    0 arcs
  [TRO1]  20/100 SVs ( 20.0%)    4 arcs
  [TRO1]  30/100 SVs ( 30.0%)   64 arcs
  [TRO1]  40/100 SVs ( 40.0%)  116 arcs
  [TRO1]  50/100 SVs ( 50.0%)  171 arcs
  [TRO1]  60/100 SVs ( 60.0%)  237 arcs
  [TRO1]  70/100 SVs ( 70.0%)  288 arcs
  [TRO1]  80/100 SVs ( 80.0%)  328 arcs
  [TRO1]  90/100 SVs ( 90.0%)  375 arcs
  [TRO1] 100/100 SVs (100.0%)  427 arcs
  [TRO1] 100/100 SVs done  427 arcs
  [IGS/TRO1] 427 raw arcs → 260 valid entries
  [IGS/WUTH] Running TEC pipeline for 2026-02-12 …
  [nav] Using multi-GNSS mixed nav: BRDC00IGS_R_20260430000_01D_MN.rnx.gz
  [WUTH]  12/122 SVs (  9.8%)   72 arcs
  [WUTH]  24/122 SVs ( 19.7%)  147 arcs
  [WUTH]  36/122 SVs ( 29.5%)  216 arcs
  [WUTH]  48/122 SVs ( 39.3%)  292 arcs
  [WUTH]  60/122 SVs ( 49.2%)  403 arcs
  [WUTH]  72/122 SVs ( 59.0%)  481 arcs
  [WUTH]  84/122 SVs ( 68.9%)  574 arcs
  [WUTH]  96/122 SVs ( 78.7%)  659 arcs
  [WUTH] 108/122 SVs ( 88.5%)  739 arcs
  [WUTH] 120/122 SVs ( 98.4%)  827 arcs
  [WUTH] 122/122 SVs (100.0%)  842 arcs
  [WUTH] 122/122 SVs done  842 arcs
  [IGS/WUTH] 842 raw arcs → 543 valid entries
  [IGS/NYA1] Running TEC pipeline for 2026-02-12 …
  [nav] Using multi-GNSS mixed nav: BRDC00IGS_R_20260430000_01D_MN.rnx.gz
  [NYA1]   9/99 SVs (  9.1%)    0 arcs
  [NYA1]  18/99 SVs ( 18.2%)    0 arcs
  [NYA1]  27/99 SVs ( 27.3%)   79 arcs
  [NYA1]  36/99 SVs ( 36.4%)  157 arcs
  [NYA1]  45/99 SVs ( 45.5%)  229 arcs
  [NYA1]  54/99 SVs ( 54.5%)  298 arcs
  [NYA1]  63/99 SVs ( 63.6%)  379 arcs
  [NYA1]  72/99 SVs ( 72.7%)  447 arcs
  [NYA1]  81/99 SVs ( 81.8%)  505 arcs
  [NYA1]  90/99 SVs ( 90.9%)  562 arcs
  [NYA1]  99/99 SVs (100.0%)  625 arcs
  [NYA1] 99/99 SVs done  625 arcs
  [IGS/NYA1] 625 raw arcs → 344 valid entries
  0 minima window(s), 1147 IGS arc(s)
  [skip] No GNSS-RO minima windows for this day matching --window 1227.

======================================================================
[Day] 2025-02-26  tier=2  instruments=['TRO']
  [IGS/TRO1] Running TEC pipeline for 2025-02-26 …
  [nav] Using multi-GNSS mixed nav: BRDC00IGS_R_20250570000_01D_MN.rnx.gz
  [TRO1]   8/82 SVs (  9.8%)   65 arcs
  [TRO1]  16/82 SVs ( 19.5%)  120 arcs
  [TRO1]  24/82 SVs ( 29.3%)  185 arcs
  [TRO1]  32/82 SVs ( 39.0%)  244 arcs
  [TRO1]  40/82 SVs ( 48.8%)  305 arcs
  [TRO1]  48/82 SVs ( 58.5%)  356 arcs
  [TRO1]  56/82 SVs ( 68.3%)  411 arcs
  [TRO1]  64/82 SVs ( 78.0%)  464 arcs
  [TRO1]  72/82 SVs ( 87.8%)  518 arcs
  [TRO1]  80/82 SVs ( 97.6%)  563 arcs
  [TRO1]  82/82 SVs (100.0%)  570 arcs
  [TRO1] 82/82 SVs done  570 arcs
  [IGS/TRO1] 570 raw arcs → 276 valid entries
  [IGS/WUTH] Running TEC pipeline for 2025-02-26 …
  [nav] Using multi-GNSS mixed nav: BRDC00IGS_R_20250570000_01D_MN.rnx.gz
[WUTH] E14: no exact DCB match for any viable Galileo pair — DCB correction will be 0; selected E1/E5a (C1C-C5Q)
  [WUTH]  12/125 SVs (  9.6%)  117 arcs
  [WUTH]  24/125 SVs ( 19.2%)  222 arcs
  [WUTH]  36/125 SVs ( 28.8%)  331 arcs
  [WUTH]  48/125 SVs ( 38.4%)  415 arcs
  [WUTH]  60/125 SVs ( 48.0%)  516 arcs
  [WUTH]  72/125 SVs ( 57.6%)  634 arcs
  [WUTH]  84/125 SVs ( 67.2%)  736 arcs
  [WUTH]  96/125 SVs ( 76.8%)  845 arcs
  [WUTH] 108/125 SVs ( 86.4%)  939 arcs
  [WUTH] 120/125 SVs ( 96.0%)  1034 arcs
  [WUTH] 125/125 SVs (100.0%)  1082 arcs
  [WUTH] 125/125 SVs done  1082 arcs
  [IGS/WUTH] 1082 raw arcs → 472 valid entries
  [IGS/NYA1] Running TEC pipeline for 2025-02-26 …
  [nav] Using multi-GNSS mixed nav: BRDC00IGS_R_20250570000_01D_MN.rnx.gz
  [NYA1]   8/82 SVs (  9.8%)   56 arcs
  [NYA1]  16/82 SVs ( 19.5%)  109 arcs
  [NYA1]  24/82 SVs ( 29.3%)  173 arcs
  [NYA1]  32/82 SVs ( 39.0%)  243 arcs
  [NYA1]  40/82 SVs ( 48.8%)  308 arcs
  [NYA1]  48/82 SVs ( 58.5%)  377 arcs
  [NYA1]  56/82 SVs ( 68.3%)  444 arcs
  [NYA1]  64/82 SVs ( 78.0%)  501 arcs
  [NYA1]  72/82 SVs ( 87.8%)  554 arcs
  [NYA1]  80/82 SVs ( 97.6%)  634 arcs
  [NYA1]  82/82 SVs (100.0%)  643 arcs
  [NYA1] 82/82 SVs done  643 arcs
  [IGS/NYA1] 643 raw arcs → 283 valid entries
  0 minima window(s), 1031 IGS arc(s)
  [skip] No GNSS-RO minima windows for this day matching --window 1227.

======================================================================
[Day] 2025-02-27  tier=2  instruments=['TRO']
  [IGS/TRO1] Running TEC pipeline for 2025-02-27 …
  [nav] Using multi-GNSS mixed nav: BRDC00IGS_R_20250580000_01D_MN.rnx.gz
  [TRO1]   8/82 SVs (  9.8%)   69 arcs
  [TRO1]  16/82 SVs ( 19.5%)  132 arcs
  [TRO1]  24/82 SVs ( 29.3%)  193 arcs
  [TRO1]  32/82 SVs ( 39.0%)  266 arcs
  [TRO1]  40/82 SVs ( 48.8%)  327 arcs
  [TRO1]  48/82 SVs ( 58.5%)  395 arcs
  [TRO1]  56/82 SVs ( 68.3%)  459 arcs
  [TRO1]  64/82 SVs ( 78.0%)  529 arcs
  [TRO1]  72/82 SVs ( 87.8%)  586 arcs
  [TRO1]  80/82 SVs ( 97.6%)  654 arcs
  [TRO1]  82/82 SVs (100.0%)  665 arcs
  [TRO1] 82/82 SVs done  665 arcs
  [IGS/TRO1] 665 raw arcs → 281 valid entries
  [IGS/WUTH] Running TEC pipeline for 2025-02-27 …
  [nav] Using multi-GNSS mixed nav: BRDC00IGS_R_20250580000_01D_MN.rnx.gz
[WUTH] E14: no exact DCB match for any viable Galileo pair — DCB correction will be 0; selected E1/E5a (C1C-C5Q)
  [WUTH]  12/124 SVs (  9.7%)  126 arcs
  [WUTH]  24/124 SVs ( 19.4%)  236 arcs
  [WUTH]  36/124 SVs ( 29.0%)  356 arcs
  [WUTH]  48/124 SVs ( 38.7%)  449 arcs
  [WUTH]  60/124 SVs ( 48.4%)  571 arcs
  [WUTH]  72/124 SVs ( 58.1%)  690 arcs
  [WUTH]  84/124 SVs ( 67.7%)  814 arcs
  [WUTH]  96/124 SVs ( 77.4%)  940 arcs
  [WUTH] 108/124 SVs ( 87.1%)  1058 arcs
  [WUTH] 120/124 SVs ( 96.8%)  1189 arcs
  [WUTH] 124/124 SVs (100.0%)  1239 arcs
  [WUTH] 124/124 SVs done  1239 arcs
  [IGS/WUTH] 1239 raw arcs → 500 valid entries
  [IGS/NYA1] Running TEC pipeline for 2025-02-27 …
  [nav] Using multi-GNSS mixed nav: BRDC00IGS_R_20250580000_01D_MN.rnx.gz
  [NYA1]   8/82 SVs (  9.8%)   83 arcs
  [NYA1]  16/82 SVs ( 19.5%)  150 arcs
  [NYA1]  24/82 SVs ( 29.3%)  228 arcs
  [NYA1]  32/82 SVs ( 39.0%)  314 arcs
  [NYA1]  40/82 SVs ( 48.8%)  401 arcs
  [NYA1]  48/82 SVs ( 58.5%)  490 arcs
  [NYA1]  56/82 SVs ( 68.3%)  558 arcs
  [NYA1]  64/82 SVs ( 78.0%)  623 arcs
  [NYA1]  72/82 SVs ( 87.8%)  679 arcs
  [NYA1]  80/82 SVs ( 97.6%)  766 arcs
  [NYA1]  82/82 SVs (100.0%)  778 arcs
  [NYA1] 82/82 SVs done  778 arcs
  [IGS/NYA1] 778 raw arcs → 278 valid entries
  0 minima window(s), 1059 IGS arc(s)
  [skip] No GNSS-RO minima windows for this day matching --window 1227.

======================================================================
[Day] 2025-03-03  tier=2  instruments=['TRO']
  [IGS/TRO1] Running TEC pipeline for 2025-03-03 …
  [nav] Using multi-GNSS mixed nav: BRDC00IGS_R_20250620000_01D_MN.rnx.gz
  [TRO1]   8/82 SVs (  9.8%)   31 arcs
  [TRO1]  16/82 SVs ( 19.5%)   61 arcs
  [TRO1]  24/82 SVs ( 29.3%)  104 arcs
  [TRO1]  32/82 SVs ( 39.0%)  131 arcs
  [TRO1]  40/82 SVs ( 48.8%)  161 arcs
  [TRO1]  48/82 SVs ( 58.5%)  196 arcs
  [TRO1]  56/82 SVs ( 68.3%)  236 arcs
  [TRO1]  64/82 SVs ( 78.0%)  270 arcs
  [TRO1]  72/82 SVs ( 87.8%)  296 arcs
  [TRO1]  80/82 SVs ( 97.6%)  319 arcs
  [TRO1]  82/82 SVs (100.0%)  321 arcs
  [TRO1] 82/82 SVs done  321 arcs
  [IGS/TRO1] 321 raw arcs → 213 valid entries
  [IGS/WUTH] Running TEC pipeline for 2025-03-03 …
  [nav] Using multi-GNSS mixed nav: BRDC00IGS_R_20250620000_01D_MN.rnx.gz
[WUTH] E14: no exact DCB match for any viable Galileo pair — DCB correction will be 0; selected E1/E5a (C1C-C5Q)
  [WUTH]  12/124 SVs (  9.7%)   75 arcs
  [WUTH]  24/124 SVs ( 19.4%)  153 arcs
  [WUTH]  36/124 SVs ( 29.0%)  222 arcs
  [WUTH]  48/124 SVs ( 38.7%)  304 arcs
  [WUTH]  60/124 SVs ( 48.4%)  381 arcs
  [WUTH]  72/124 SVs ( 58.1%)  462 arcs
  [WUTH]  84/124 SVs ( 67.7%)  545 arcs
  [WUTH]  96/124 SVs ( 77.4%)  625 arcs
  [WUTH] 108/124 SVs ( 87.1%)  719 arcs
  [WUTH] 120/124 SVs ( 96.8%)  809 arcs
  [WUTH] 124/124 SVs (100.0%)  845 arcs
  [WUTH] 124/124 SVs done  845 arcs
  [IGS/WUTH] 845 raw arcs → 448 valid entries
  [IGS/NYA1] Running TEC pipeline for 2025-03-03 …
  [nav] Using multi-GNSS mixed nav: BRDC00IGS_R_20250620000_01D_MN.rnx.gz
  [NYA1]   8/82 SVs (  9.8%)   68 arcs
  [NYA1]  16/82 SVs ( 19.5%)  138 arcs
  [NYA1]  24/82 SVs ( 29.3%)  185 arcs
  [NYA1]  32/82 SVs ( 39.0%)  261 arcs
  [NYA1]  40/82 SVs ( 48.8%)  337 arcs
  [NYA1]  48/82 SVs ( 58.5%)  409 arcs
  [NYA1]  56/82 SVs ( 68.3%)  468 arcs
  [NYA1]  64/82 SVs ( 78.0%)  540 arcs
  [NYA1]  72/82 SVs ( 87.8%)  596 arcs
  [NYA1]  80/82 SVs ( 97.6%)  681 arcs
  [NYA1]  82/82 SVs (100.0%)  693 arcs
  [NYA1] 82/82 SVs done  693 arcs
  [IGS/NYA1] 693 raw arcs → 297 valid entries
  0 minima window(s), 958 IGS arc(s)
  [skip] No GNSS-RO minima windows for this day matching --window 1227.

======================================================================
[Day] 2025-03-04  tier=2  instruments=['TRO']
  [IGS/TRO1] Running TEC pipeline for 2025-03-04 …
  [nav] Using multi-GNSS mixed nav: BRDC00IGS_R_20250630000_01D_MN.rnx.gz
  [TRO1]   8/82 SVs (  9.8%)   31 arcs
  [TRO1]  16/82 SVs ( 19.5%)   56 arcs
  [TRO1]  24/82 SVs ( 29.3%)   78 arcs
  [TRO1]  32/82 SVs ( 39.0%)  123 arcs
  [TRO1]  40/82 SVs ( 48.8%)  151 arcs
  [TRO1]  48/82 SVs ( 58.5%)  189 arcs
  [TRO1]  56/82 SVs ( 68.3%)  222 arcs
  [TRO1]  64/82 SVs ( 78.0%)  255 arcs
  [TRO1]  72/82 SVs ( 87.8%)  281 arcs
  [TRO1]  80/82 SVs ( 97.6%)  315 arcs
  [TRO1]  82/82 SVs (100.0%)  317 arcs
  [TRO1] 82/82 SVs done  317 arcs
  [IGS/TRO1] 317 raw arcs → 188 valid entries
  [IGS/WUTH] Running TEC pipeline for 2025-03-04 …
  [nav] Using multi-GNSS mixed nav: BRDC00IGS_R_20250630000_01D_MN.rnx.gz
[WUTH] E14: no exact DCB match for any viable Galileo pair — DCB correction will be 0; selected E1/E5a (C1C-C5Q)
  [WUTH]  12/124 SVs (  9.7%)   61 arcs
  [WUTH]  24/124 SVs ( 19.4%)  143 arcs
  [WUTH]  36/124 SVs ( 29.0%)  210 arcs
  [WUTH]  48/124 SVs ( 38.7%)  286 arcs
  [WUTH]  60/124 SVs ( 48.4%)  378 arcs
  [WUTH]  72/124 SVs ( 58.1%)  456 arcs
  [WUTH]  84/124 SVs ( 67.7%)  543 arcs
  [WUTH]  96/124 SVs ( 77.4%)  624 arcs
  [WUTH] 108/124 SVs ( 87.1%)  715 arcs
  [WUTH] 120/124 SVs ( 96.8%)  806 arcs
  [WUTH] 124/124 SVs (100.0%)  838 arcs
  [WUTH] 124/124 SVs done  838 arcs
  [IGS/WUTH] 838 raw arcs → 380 valid entries
  [IGS/NYA1] Running TEC pipeline for 2025-03-04 …
  [nav] Using multi-GNSS mixed nav: BRDC00IGS_R_20250630000_01D_MN.rnx.gz
  [NYA1]   8/82 SVs (  9.8%)   54 arcs
  [NYA1]  16/82 SVs ( 19.5%)  125 arcs
  [NYA1]  24/82 SVs ( 29.3%)  186 arcs
  [NYA1]  32/82 SVs ( 39.0%)  246 arcs
  [NYA1]  40/82 SVs ( 48.8%)  308 arcs
  [NYA1]  48/82 SVs ( 58.5%)  371 arcs
  [NYA1]  56/82 SVs ( 68.3%)  442 arcs
  [NYA1]  64/82 SVs ( 78.0%)  505 arcs
  [NYA1]  72/82 SVs ( 87.8%)  550 arcs
  [NYA1]  80/82 SVs ( 97.6%)  622 arcs
  [NYA1]  82/82 SVs (100.0%)  634 arcs
  [NYA1] 82/82 SVs done  634 arcs
  [IGS/NYA1] 634 raw arcs → 278 valid entries
  0 minima window(s), 846 IGS arc(s)
  [skip] No GNSS-RO minima windows for this day matching --window 1227.

======================================================================
[Day] 2025-03-15  tier=2  instruments=['TRO']
  [IGS/TRO1] Running TEC pipeline for 2025-03-15 …
  [nav] Using multi-GNSS mixed nav: BRDC00IGS_R_20250740000_01D_MN.rnx.gz
  [TRO1]   8/82 SVs (  9.8%)   51 arcs
  [TRO1]  16/82 SVs ( 19.5%)   95 arcs
  [TRO1]  24/82 SVs ( 29.3%)  143 arcs
  [TRO1]  32/82 SVs ( 39.0%)  184 arcs
  [TRO1]  40/82 SVs ( 48.8%)  234 arcs
  [TRO1]  48/82 SVs ( 58.5%)  283 arcs
  [TRO1]  56/82 SVs ( 68.3%)  332 arcs
  [TRO1]  64/82 SVs ( 78.0%)  378 arcs
  [TRO1]  72/82 SVs ( 87.8%)  415 arcs
  [TRO1]  80/82 SVs ( 97.6%)  458 arcs
  [TRO1]  82/82 SVs (100.0%)  464 arcs
  [TRO1] 82/82 SVs done  464 arcs
  [IGS/TRO1] 464 raw arcs → 290 valid entries
  [IGS/WUTH] Running TEC pipeline for 2025-03-15 …
  [nav] Using multi-GNSS mixed nav: BRDC00IGS_R_20250740000_01D_MN.rnx.gz
  [WUTH]  12/124 SVs (  9.7%)   77 arcs
  [WUTH]  24/124 SVs ( 19.4%)  151 arcs
  [WUTH]  36/124 SVs ( 29.0%)  222 arcs
  [WUTH]  48/124 SVs ( 38.7%)  299 arcs
  [WUTH]  60/124 SVs ( 48.4%)  393 arcs
  [WUTH]  72/124 SVs ( 58.1%)  490 arcs
  [WUTH]  84/124 SVs ( 67.7%)  576 arcs
  [WUTH]  96/124 SVs ( 77.4%)  662 arcs
  [WUTH] 108/124 SVs ( 87.1%)  750 arcs
  [WUTH] 120/124 SVs ( 96.8%)  855 arcs
  [WUTH] 124/124 SVs (100.0%)  891 arcs
  [WUTH] 124/124 SVs done  891 arcs
  [IGS/WUTH] 891 raw arcs → 464 valid entries
  [IGS/NYA1] Running TEC pipeline for 2025-03-15 …
  [nav] Using multi-GNSS mixed nav: BRDC00IGS_R_20250740000_01D_MN.rnx.gz
  [NYA1]   8/82 SVs (  9.8%)   54 arcs
  [NYA1]  16/82 SVs ( 19.5%)  108 arcs
  [NYA1]  24/82 SVs ( 29.3%)  170 arcs
  [NYA1]  32/82 SVs ( 39.0%)  230 arcs
  [NYA1]  40/82 SVs ( 48.8%)  284 arcs
  [NYA1]  48/82 SVs ( 58.5%)  348 arcs
  [NYA1]  56/82 SVs ( 68.3%)  405 arcs
  [NYA1]  64/82 SVs ( 78.0%)  454 arcs
  [NYA1]  72/82 SVs ( 87.8%)  501 arcs
  [NYA1]  80/82 SVs ( 97.6%)  567 arcs
  [NYA1]  82/82 SVs (100.0%)  572 arcs
  [NYA1] 82/82 SVs done  572 arcs
  [IGS/NYA1] 572 raw arcs → 317 valid entries
  0 minima window(s), 1071 IGS arc(s)
  [skip] No GNSS-RO minima windows for this day matching --window 1227.

======================================================================
[Day] 2025-03-21  tier=2  instruments=['TRO']
  [IGS/TRO1] Running TEC pipeline for 2025-03-21 …
  [nav] Using multi-GNSS mixed nav: BRDC00IGS_R_20250800000_01D_MN.rnx.gz
  [TRO1]   8/82 SVs (  9.8%)   55 arcs
  [TRO1]  16/82 SVs ( 19.5%)  101 arcs
  [TRO1]  24/82 SVs ( 29.3%)  140 arcs
  [TRO1]  32/82 SVs ( 39.0%)  217 arcs
  [TRO1]  40/82 SVs ( 48.8%)  268 arcs
  [TRO1]  48/82 SVs ( 58.5%)  311 arcs
  [TRO1]  56/82 SVs ( 68.3%)  349 arcs
  [TRO1]  64/82 SVs ( 78.0%)  388 arcs
  [TRO1]  72/82 SVs ( 87.8%)  428 arcs
  [TRO1]  80/82 SVs ( 97.6%)  487 arcs
  [TRO1]  82/82 SVs (100.0%)  494 arcs
  [TRO1] 82/82 SVs done  494 arcs
  [IGS/TRO1] 494 raw arcs → 257 valid entries
  [IGS/WUTH] Running TEC pipeline for 2025-03-21 …
  [nav] Using multi-GNSS mixed nav: BRDC00IGS_R_20250800000_01D_MN.rnx.gz
  [WUTH]  12/124 SVs (  9.7%)  100 arcs
  [WUTH]  24/124 SVs ( 19.4%)  193 arcs
  [WUTH]  36/124 SVs ( 29.0%)  284 arcs
  [WUTH]  48/124 SVs ( 38.7%)  371 arcs
  [WUTH]  60/124 SVs ( 48.4%)  486 arcs
  [WUTH]  72/124 SVs ( 58.1%)  576 arcs
  [WUTH]  84/124 SVs ( 67.7%)  671 arcs
  [WUTH]  96/124 SVs ( 77.4%)  774 arcs
  [WUTH] 108/124 SVs ( 87.1%)  887 arcs
  [WUTH] 120/124 SVs ( 96.8%)  1003 arcs
  [WUTH] 124/124 SVs (100.0%)  1047 arcs
  [WUTH] 124/124 SVs done  1047 arcs
  [IGS/WUTH] 1047 raw arcs → 521 valid entries
  [IGS/NYA1] Running TEC pipeline for 2025-03-21 …
  [nav] Using multi-GNSS mixed nav: BRDC00IGS_R_20250800000_01D_MN.rnx.gz
  [NYA1]   8/82 SVs (  9.8%)   77 arcs
  [NYA1]  16/82 SVs ( 19.5%)  137 arcs
  [NYA1]  24/82 SVs ( 29.3%)  208 arcs
  [NYA1]  32/82 SVs ( 39.0%)  282 arcs
  [NYA1]  40/82 SVs ( 48.8%)  358 arcs
  [NYA1]  48/82 SVs ( 58.5%)  432 arcs
  [NYA1]  56/82 SVs ( 68.3%)  505 arcs
  [NYA1]  64/82 SVs ( 78.0%)  584 arcs
  [NYA1]  72/82 SVs ( 87.8%)  656 arcs
  [NYA1]  80/82 SVs ( 97.6%)  735 arcs
  [NYA1]  82/82 SVs (100.0%)  743 arcs
  [NYA1] 82/82 SVs done  743 arcs
  [IGS/NYA1] 743 raw arcs → 294 valid entries
  0 minima window(s), 1072 IGS arc(s)
  [skip] No GNSS-RO minima windows for this day matching --window 1227.

======================================================================
[Day] 2025-03-24  tier=2  instruments=['TRO']
  [IGS/TRO1] Running TEC pipeline for 2025-03-24 …
  [nav] Using multi-GNSS mixed nav: BRDC00IGS_R_20250830000_01D_MN.rnx.gz
  [TRO1]   8/82 SVs (  9.8%)   48 arcs
  [TRO1]  16/82 SVs ( 19.5%)  114 arcs
  [TRO1]  24/82 SVs ( 29.3%)  162 arcs
  [TRO1]  32/82 SVs ( 39.0%)  238 arcs
  [TRO1]  40/82 SVs ( 48.8%)  300 arcs
  [TRO1]  48/82 SVs ( 58.5%)  371 arcs
  [TRO1]  56/82 SVs ( 68.3%)  426 arcs
  [TRO1]  64/82 SVs ( 78.0%)  494 arcs
  [TRO1]  72/82 SVs ( 87.8%)  541 arcs
  [TRO1]  80/82 SVs ( 97.6%)  605 arcs
  [TRO1]  82/82 SVs (100.0%)  610 arcs
  [TRO1] 82/82 SVs done  610 arcs
  [IGS/TRO1] 610 raw arcs → 250 valid entries
  [IGS/WUTH] Running TEC pipeline for 2025-03-24 …
  [nav] Using multi-GNSS mixed nav: BRDC00IGS_R_20250830000_01D_MN.rnx.gz
  [WUTH]  12/124 SVs (  9.7%)  107 arcs
  [WUTH]  24/124 SVs ( 19.4%)  194 arcs
  [WUTH]  36/124 SVs ( 29.0%)  285 arcs
  [WUTH]  48/124 SVs ( 38.7%)  386 arcs
  [WUTH]  60/124 SVs ( 48.4%)  489 arcs
  [WUTH]  72/124 SVs ( 58.1%)  589 arcs
  [WUTH]  84/124 SVs ( 67.7%)  706 arcs
  [WUTH]  96/124 SVs ( 77.4%)  800 arcs
  [WUTH] 108/124 SVs ( 87.1%)  912 arcs
  [WUTH] 120/124 SVs ( 96.8%)  1014 arcs
  [WUTH] 124/124 SVs (100.0%)  1046 arcs
  [WUTH] 124/124 SVs done  1046 arcs
  [IGS/WUTH] 1046 raw arcs → 507 valid entries
  [IGS/NYA1] Running TEC pipeline for 2025-03-24 …
  [nav] Using multi-GNSS mixed nav: BRDC00IGS_R_20250830000_01D_MN.rnx.gz
  [NYA1]   8/82 SVs (  9.8%)   72 arcs
  [NYA1]  16/82 SVs ( 19.5%)  122 arcs
  [NYA1]  24/82 SVs ( 29.3%)  185 arcs
  [NYA1]  32/82 SVs ( 39.0%)  248 arcs
  [NYA1]  40/82 SVs ( 48.8%)  318 arcs
  [NYA1]  48/82 SVs ( 58.5%)  375 arcs
  [NYA1]  56/82 SVs ( 68.3%)  433 arcs
  [NYA1]  64/82 SVs ( 78.0%)  501 arcs
  [NYA1]  72/82 SVs ( 87.8%)  549 arcs
  [NYA1]  80/82 SVs ( 97.6%)  613 arcs
  [NYA1]  82/82 SVs (100.0%)  625 arcs
  [NYA1] 82/82 SVs done  625 arcs
  [IGS/NYA1] 625 raw arcs → 294 valid entries
  0 minima window(s), 1051 IGS arc(s)
  [skip] No GNSS-RO minima windows for this day matching --window 1227.

======================================================================
[Day] 2025-03-26  tier=2  instruments=['TRO']
  [IGS/TRO1] Running TEC pipeline for 2025-03-26 …
  [nav] Using multi-GNSS mixed nav: BRDC00IGS_R_20250850000_01D_MN.rnx.gz
  [TRO1]   8/82 SVs (  9.8%)   59 arcs
  [TRO1]  16/82 SVs ( 19.5%)  119 arcs
  [TRO1]  24/82 SVs ( 29.3%)  161 arcs
  [TRO1]  32/82 SVs ( 39.0%)  217 arcs
  [TRO1]  40/82 SVs ( 48.8%)  276 arcs
  [TRO1]  48/82 SVs ( 58.5%)  334 arcs
  [TRO1]  56/82 SVs ( 68.3%)  387 arcs
  [TRO1]  64/82 SVs ( 78.0%)  450 arcs
  [TRO1]  72/82 SVs ( 87.8%)  480 arcs
  [TRO1]  80/82 SVs ( 97.6%)  534 arcs
  [TRO1]  82/82 SVs (100.0%)  541 arcs
  [TRO1] 82/82 SVs done  541 arcs
  [IGS/TRO1] 541 raw arcs → 261 valid entries
  [IGS/WUTH] Running TEC pipeline for 2025-03-26 …
  [nav] Using multi-GNSS mixed nav: BRDC00IGS_R_20250850000_01D_MN.rnx.gz
  [WUTH]  12/124 SVs (  9.7%)   82 arcs
  [WUTH]  24/124 SVs ( 19.4%)  157 arcs
  [WUTH]  36/124 SVs ( 29.0%)  239 arcs
  [WUTH]  48/124 SVs ( 38.7%)  319 arcs
  [WUTH]  60/124 SVs ( 48.4%)  407 arcs
  [WUTH]  72/124 SVs ( 58.1%)  509 arcs
  [WUTH]  84/124 SVs ( 67.7%)  602 arcs
  [WUTH]  96/124 SVs ( 77.4%)  682 arcs
  [WUTH] 108/124 SVs ( 87.1%)  795 arcs
  [WUTH] 120/124 SVs ( 96.8%)  876 arcs
  [WUTH] 124/124 SVs (100.0%)  918 arcs
  [WUTH] 124/124 SVs done  918 arcs
  [IGS/WUTH] 918 raw arcs → 493 valid entries
  [IGS/NYA1] Running TEC pipeline for 2025-03-26 …
  [nav] Using multi-GNSS mixed nav: BRDC00IGS_R_20250850000_01D_MN.rnx.gz
  [NYA1]   8/82 SVs (  9.8%)   65 arcs
  [NYA1]  16/82 SVs ( 19.5%)  129 arcs
  [NYA1]  24/82 SVs ( 29.3%)  203 arcs
  [NYA1]  32/82 SVs ( 39.0%)  263 arcs
  [NYA1]  40/82 SVs ( 48.8%)  318 arcs
  [NYA1]  48/82 SVs ( 58.5%)  380 arcs
  [NYA1]  56/82 SVs ( 68.3%)  453 arcs
  [NYA1]  64/82 SVs ( 78.0%)  523 arcs
  [NYA1]  72/82 SVs ( 87.8%)  578 arcs
  [NYA1]  80/82 SVs ( 97.6%)  637 arcs
  [NYA1]  82/82 SVs (100.0%)  647 arcs
  [NYA1] 82/82 SVs done  647 arcs
  [IGS/NYA1] 647 raw arcs → 323 valid entries
  0 minima window(s), 1077 IGS arc(s)
  [skip] No GNSS-RO minima windows for this day matching --window 1227.

======================================================================
[Day] 2025-03-27  tier=2  instruments=['TRO']
  [IGS/TRO1] Running TEC pipeline for 2025-03-27 …
  [nav] Using multi-GNSS mixed nav: BRDC00IGS_R_20250860000_01D_MN.rnx.gz
  [TRO1]   8/81 SVs (  9.9%)   76 arcs
  [TRO1]  16/81 SVs ( 19.8%)  133 arcs
  [TRO1]  24/81 SVs ( 29.6%)  181 arcs
  [TRO1]  32/81 SVs ( 39.5%)  239 arcs
  [TRO1]  40/81 SVs ( 49.4%)  298 arcs
  [TRO1]  48/81 SVs ( 59.3%)  344 arcs
  [TRO1]  56/81 SVs ( 69.1%)  398 arcs
  [TRO1]  64/81 SVs ( 79.0%)  456 arcs
  [TRO1]  72/81 SVs ( 88.9%)  493 arcs
  [TRO1]  80/81 SVs ( 98.8%)  547 arcs
  [TRO1]  81/81 SVs (100.0%)  558 arcs
  [TRO1] 81/81 SVs done  558 arcs
  [IGS/TRO1] 558 raw arcs → 318 valid entries
  [IGS/WUTH] Running TEC pipeline for 2025-03-27 …
  [nav] Using multi-GNSS mixed nav: BRDC00IGS_R_20250860000_01D_MN.rnx.gz
  [WUTH]  12/123 SVs (  9.8%)  100 arcs
  [WUTH]  24/123 SVs ( 19.5%)  205 arcs
  [WUTH]  36/123 SVs ( 29.3%)  295 arcs
  [WUTH]  48/123 SVs ( 39.0%)  381 arcs
  [WUTH]  60/123 SVs ( 48.8%)  495 arcs
  [WUTH]  72/123 SVs ( 58.5%)  608 arcs
  [WUTH]  84/123 SVs ( 68.3%)  734 arcs
  [WUTH]  96/123 SVs ( 78.0%)  842 arcs
  [WUTH] 108/123 SVs ( 87.8%)  945 arcs
  [WUTH] 120/123 SVs ( 97.6%)  1071 arcs
  [WUTH] 123/123 SVs (100.0%)  1103 arcs
  [WUTH] 123/123 SVs done  1103 arcs
  [IGS/WUTH] 1103 raw arcs → 562 valid entries
  [IGS/NYA1] Running TEC pipeline for 2025-03-27 …
  [nav] Using multi-GNSS mixed nav: BRDC00IGS_R_20250860000_01D_MN.rnx.gz
  [NYA1]   8/81 SVs (  9.9%)   86 arcs
  [NYA1]  16/81 SVs ( 19.8%)  159 arcs
  [NYA1]  24/81 SVs ( 29.6%)  257 arcs
  [NYA1]  32/81 SVs ( 39.5%)  330 arcs
  [NYA1]  40/81 SVs ( 49.4%)  414 arcs
  [NYA1]  48/81 SVs ( 59.3%)  497 arcs
  [NYA1]  56/81 SVs ( 69.1%)  583 arcs
  [NYA1]  64/81 SVs ( 79.0%)  648 arcs
  [NYA1]  72/81 SVs ( 88.9%)  707 arcs
  [NYA1]  80/81 SVs ( 98.8%)  769 arcs
  [NYA1]  81/81 SVs (100.0%)  778 arcs
  [NYA1] 81/81 SVs done  778 arcs
  [IGS/NYA1] 778 raw arcs → 336 valid entries
  0 minima window(s), 1216 IGS arc(s)
  [skip] No GNSS-RO minima windows for this day matching --window 1227.

======================================================================
[Day] 2025-03-28  tier=2  instruments=['TRO']
  [IGS/TRO1] Running TEC pipeline for 2025-03-28 …
  [nav] Using multi-GNSS mixed nav: BRDC00IGS_R_20250870000_01D_MN.rnx.gz
  [TRO1]   8/82 SVs (  9.8%)   48 arcs
  [TRO1]  16/82 SVs ( 19.5%)   89 arcs
  [TRO1]  24/82 SVs ( 29.3%)  124 arcs
  [TRO1]  32/82 SVs ( 39.0%)  181 arcs
  [TRO1]  40/82 SVs ( 48.8%)  229 arcs
  [TRO1]  48/82 SVs ( 58.5%)  264 arcs
  [TRO1]  56/82 SVs ( 68.3%)  302 arcs
  [TRO1]  64/82 SVs ( 78.0%)  341 arcs
  [TRO1]  72/82 SVs ( 87.8%)  362 arcs
  [TRO1]  80/82 SVs ( 97.6%)  409 arcs
  [TRO1]  82/82 SVs (100.0%)  411 arcs
  [TRO1] 82/82 SVs done  411 arcs
  [IGS/TRO1] 411 raw arcs → 243 valid entries
  [IGS/WUTH] Running TEC pipeline for 2025-03-28 …
  [nav] Using multi-GNSS mixed nav: BRDC00IGS_R_20250870000_01D_MN.rnx.gz
  [WUTH]  12/124 SVs (  9.7%)   98 arcs
  [WUTH]  24/124 SVs ( 19.4%)  191 arcs
  [WUTH]  36/124 SVs ( 29.0%)  277 arcs
  [WUTH]  48/124 SVs ( 38.7%)  352 arcs
  [WUTH]  60/124 SVs ( 48.4%)  441 arcs
  [WUTH]  72/124 SVs ( 58.1%)  546 arcs
  [WUTH]  84/124 SVs ( 67.7%)  637 arcs
  [WUTH]  96/124 SVs ( 77.4%)  737 arcs
  [WUTH] 108/124 SVs ( 87.1%)  839 arcs
  [WUTH] 120/124 SVs ( 96.8%)  933 arcs
  [WUTH] 124/124 SVs (100.0%)  971 arcs
  [WUTH] 124/124 SVs done  971 arcs
  [IGS/WUTH] 971 raw arcs → 513 valid entries
  [IGS/NYA1] Running TEC pipeline for 2025-03-28 …
  [nav] Using multi-GNSS mixed nav: BRDC00IGS_R_20250870000_01D_MN.rnx.gz
  [NYA1]   8/82 SVs (  9.8%)   53 arcs
  [NYA1]  16/82 SVs ( 19.5%)  103 arcs
  [NYA1]  24/82 SVs ( 29.3%)  170 arcs
  [NYA1]  32/82 SVs ( 39.0%)  243 arcs
  [NYA1]  40/82 SVs ( 48.8%)  300 arcs
  [NYA1]  48/82 SVs ( 58.5%)  364 arcs
  [NYA1]  56/82 SVs ( 68.3%)  426 arcs
  [NYA1]  64/82 SVs ( 78.0%)  493 arcs
  [NYA1]  72/82 SVs ( 87.8%)  540 arcs
  [NYA1]  80/82 SVs ( 97.6%)  605 arcs
  [NYA1]  82/82 SVs (100.0%)  615 arcs
  [NYA1] 82/82 SVs done  615 arcs
  [IGS/NYA1] 615 raw arcs → 316 valid entries
  0 minima window(s), 1072 IGS arc(s)
  [skip] No GNSS-RO minima windows for this day matching --window 1227.

======================================================================
[Day] 2025-03-29  tier=2  instruments=['TRO']
  [IGS/TRO1] Running TEC pipeline for 2025-03-29 …
  [nav] Using multi-GNSS mixed nav: BRDC00IGS_R_20250880000_01D_MN.rnx.gz
  [TRO1]   8/82 SVs (  9.8%)   41 arcs
  [TRO1]  16/82 SVs ( 19.5%)   76 arcs
  [TRO1]  24/82 SVs ( 29.3%)  115 arcs
  [TRO1]  32/82 SVs ( 39.0%)  145 arcs
  [TRO1]  40/82 SVs ( 48.8%)  178 arcs
  [TRO1]  48/82 SVs ( 58.5%)  210 arcs
  [TRO1]  56/82 SVs ( 68.3%)  245 arcs
  [TRO1]  64/82 SVs ( 78.0%)  266 arcs
  [TRO1]  72/82 SVs ( 87.8%)  293 arcs
  [TRO1]  80/82 SVs ( 97.6%)  322 arcs
  [TRO1]  82/82 SVs (100.0%)  328 arcs
  [TRO1] 82/82 SVs done  328 arcs
  [IGS/TRO1] 328 raw arcs → 218 valid entries
  [IGS/WUTH] Running TEC pipeline for 2025-03-29 …
  [nav] Using multi-GNSS mixed nav: BRDC00IGS_R_20250880000_01D_MN.rnx.gz
  [WUTH]  12/124 SVs (  9.7%)   98 arcs
  [WUTH]  24/124 SVs ( 19.4%)  168 arcs
  [WUTH]  36/124 SVs ( 29.0%)  244 arcs
  [WUTH]  48/124 SVs ( 38.7%)  315 arcs
  [WUTH]  60/124 SVs ( 48.4%)  414 arcs
  [WUTH]  72/124 SVs ( 58.1%)  508 arcs
  [WUTH]  84/124 SVs ( 67.7%)  600 arcs
  [WUTH]  96/124 SVs ( 77.4%)  685 arcs
  [WUTH] 108/124 SVs ( 87.1%)  772 arcs
  [WUTH] 120/124 SVs ( 96.8%)  869 arcs
  [WUTH] 124/124 SVs (100.0%)  892 arcs
  [WUTH] 124/124 SVs done  892 arcs
  [IGS/WUTH] 892 raw arcs → 524 valid entries
  [IGS/NYA1] Running TEC pipeline for 2025-03-29 …
  [nav] Using multi-GNSS mixed nav: BRDC00IGS_R_20250880000_01D_MN.rnx.gz
  [NYA1]   8/82 SVs (  9.8%)   65 arcs
  [NYA1]  16/82 SVs ( 19.5%)  142 arcs
  [NYA1]  24/82 SVs ( 29.3%)  211 arcs
  [NYA1]  32/82 SVs ( 39.0%)  290 arcs
  [NYA1]  40/82 SVs ( 48.8%)  365 arcs
  [NYA1]  48/82 SVs ( 58.5%)  429 arcs
  [NYA1]  56/82 SVs ( 68.3%)  500 arcs
  [NYA1]  64/82 SVs ( 78.0%)  559 arcs
  [NYA1]  72/82 SVs ( 87.8%)  616 arcs
  [NYA1]  80/82 SVs ( 97.6%)  702 arcs
  [NYA1]  82/82 SVs (100.0%)  712 arcs
  [NYA1] 82/82 SVs done  712 arcs
  [IGS/NYA1] 712 raw arcs → 393 valid entries
  0 minima window(s), 1135 IGS arc(s)
  [skip] No GNSS-RO minima windows for this day matching --window 1227.

======================================================================
[Day] 2025-03-30  tier=2  instruments=['TRO']
  [IGS/TRO1] Running TEC pipeline for 2025-03-30 …
  [nav] Using multi-GNSS mixed nav: BRDC00IGS_R_20250890000_01D_MN.rnx.gz
  [TRO1]   8/82 SVs (  9.8%)   27 arcs
  [TRO1]  16/82 SVs ( 19.5%)   51 arcs
  [TRO1]  24/82 SVs ( 29.3%)   81 arcs
  [TRO1]  32/82 SVs ( 39.0%)  113 arcs
  [TRO1]  40/82 SVs ( 48.8%)  138 arcs
  [TRO1]  48/82 SVs ( 58.5%)  171 arcs
  [TRO1]  56/82 SVs ( 68.3%)  199 arcs
  [TRO1]  64/82 SVs ( 78.0%)  220 arcs
  [TRO1]  72/82 SVs ( 87.8%)  241 arcs
  [TRO1]  80/82 SVs ( 97.6%)  266 arcs
  [TRO1]  82/82 SVs (100.0%)  269 arcs
  [TRO1] 82/82 SVs done  269 arcs
  [IGS/TRO1] 269 raw arcs → 192 valid entries
  [IGS/WUTH] Running TEC pipeline for 2025-03-30 …
  [nav] Using multi-GNSS mixed nav: BRDC00IGS_R_20250890000_01D_MN.rnx.gz
  [WUTH]  12/124 SVs (  9.7%)   29 arcs
  [WUTH]  24/124 SVs ( 19.4%)   96 arcs
  [WUTH]  36/124 SVs ( 29.0%)  166 arcs
  [WUTH]  48/124 SVs ( 38.7%)  244 arcs
  [WUTH]  60/124 SVs ( 48.4%)  330 arcs
  [WUTH]  72/124 SVs ( 58.1%)  416 arcs
  [WUTH]  84/124 SVs ( 67.7%)  497 arcs
  [WUTH]  96/124 SVs ( 77.4%)  561 arcs
  [WUTH] 108/124 SVs ( 87.1%)  643 arcs
  [WUTH] 120/124 SVs ( 96.8%)  732 arcs
  [WUTH] 124/124 SVs (100.0%)  773 arcs
  [WUTH] 124/124 SVs done  773 arcs
  [IGS/WUTH] 773 raw arcs → 437 valid entries
  [IGS/NYA1] Running TEC pipeline for 2025-03-30 …
  [nav] Using multi-GNSS mixed nav: BRDC00IGS_R_20250890000_01D_MN.rnx.gz
  [NYA1]   8/82 SVs (  9.8%)   70 arcs
  [NYA1]  16/82 SVs ( 19.5%)  131 arcs
  [NYA1]  24/82 SVs ( 29.3%)  188 arcs
  [NYA1]  32/82 SVs ( 39.0%)  260 arcs
  [NYA1]  40/82 SVs ( 48.8%)  323 arcs
  [NYA1]  48/82 SVs ( 58.5%)  381 arcs
  [NYA1]  56/82 SVs ( 68.3%)  442 arcs
  [NYA1]  64/82 SVs ( 78.0%)  512 arcs
  [NYA1]  72/82 SVs ( 87.8%)  571 arcs
  [NYA1]  80/82 SVs ( 97.6%)  637 arcs
  [NYA1]  82/82 SVs (100.0%)  643 arcs
  [NYA1] 82/82 SVs done  643 arcs
  [IGS/NYA1] 643 raw arcs → 348 valid entries
  0 minima window(s), 977 IGS arc(s)
  [skip] No GNSS-RO minima windows for this day matching --window 1227.

======================================================================
[Day] 2025-03-31  tier=2  instruments=['TRO']
  [IGS/TRO1] Running TEC pipeline for 2025-03-31 …
  [nav] Using multi-GNSS mixed nav: BRDC00IGS_R_20250900000_01D_MN.rnx.gz
  [TRO1]   8/82 SVs (  9.8%)   25 arcs
  [TRO1]  16/82 SVs ( 19.5%)   53 arcs
  [TRO1]  24/82 SVs ( 29.3%)   80 arcs
  [TRO1]  32/82 SVs ( 39.0%)  114 arcs
  [TRO1]  40/82 SVs ( 48.8%)  137 arcs
  [TRO1]  48/82 SVs ( 58.5%)  162 arcs
  [TRO1]  56/82 SVs ( 68.3%)  190 arcs
  [TRO1]  64/82 SVs ( 78.0%)  217 arcs
  [TRO1]  72/82 SVs ( 87.8%)  239 arcs
  [TRO1]  80/82 SVs ( 97.6%)  261 arcs
  [TRO1]  82/82 SVs (100.0%)  263 arcs
  [TRO1] 82/82 SVs done  263 arcs
  [IGS/TRO1] 263 raw arcs → 194 valid entries
  [IGS/WUTH] Running TEC pipeline for 2025-03-31 …
  [nav] Using multi-GNSS mixed nav: BRDC00IGS_R_20250900000_01D_MN.rnx.gz
  [WUTH]  12/124 SVs (  9.7%)   33 arcs
  [WUTH]  24/124 SVs ( 19.4%)  123 arcs
  [WUTH]  36/124 SVs ( 29.0%)  220 arcs
  [WUTH]  48/124 SVs ( 38.7%)  309 arcs
  [WUTH]  60/124 SVs ( 48.4%)  408 arcs
  [WUTH]  72/124 SVs ( 58.1%)  504 arcs
  [WUTH]  84/124 SVs ( 67.7%)  585 arcs
  [WUTH]  96/124 SVs ( 77.4%)  667 arcs
  [WUTH] 108/124 SVs ( 87.1%)  766 arcs
  [WUTH] 120/124 SVs ( 96.8%)  866 arcs
  [WUTH] 124/124 SVs (100.0%)  903 arcs
  [WUTH] 124/124 SVs done  903 arcs
  [IGS/WUTH] 903 raw arcs → 429 valid entries
  [IGS/NYA1] Running TEC pipeline for 2025-03-31 …
  [nav] Using multi-GNSS mixed nav: BRDC00IGS_R_20250900000_01D_MN.rnx.gz
  [NYA1]   8/82 SVs (  9.8%)   86 arcs
  [NYA1]  16/82 SVs ( 19.5%)  162 arcs
  [NYA1]  24/82 SVs ( 29.3%)  230 arcs
  [NYA1]  32/82 SVs ( 39.0%)  314 arcs
  [NYA1]  40/82 SVs ( 48.8%)  388 arcs
  [NYA1]  48/82 SVs ( 58.5%)  468 arcs
  [NYA1]  56/82 SVs ( 68.3%)  558 arcs
  [NYA1]  64/82 SVs ( 78.0%)  645 arcs
  [NYA1]  72/82 SVs ( 87.8%)  703 arcs
  [NYA1]  80/82 SVs ( 97.6%)  795 arcs
  [NYA1]  82/82 SVs (100.0%)  806 arcs
  [NYA1] 82/82 SVs done  806 arcs
  [IGS/NYA1] 806 raw arcs → 342 valid entries
  0 minima window(s), 965 IGS arc(s)
  [skip] No GNSS-RO minima windows for this day matching --window 1227.

======================================================================
[Day] 2025-04-01  tier=2  instruments=['TRO']
  [IGS/TRO1] Running TEC pipeline for 2025-04-01 …
  [nav] Using multi-GNSS mixed nav: BRDC00IGS_R_20250910000_01D_MN.rnx.gz
  [TRO1]   8/82 SVs (  9.8%)   31 arcs
  [TRO1]  16/82 SVs ( 19.5%)   71 arcs
  [TRO1]  24/82 SVs ( 29.3%)  102 arcs
  [TRO1]  32/82 SVs ( 39.0%)  133 arcs
  [TRO1]  40/82 SVs ( 48.8%)  169 arcs
  [TRO1]  48/82 SVs ( 58.5%)  197 arcs
  [TRO1]  56/82 SVs ( 68.3%)  231 arcs
  [TRO1]  64/82 SVs ( 78.0%)  270 arcs
  [TRO1]  72/82 SVs ( 87.8%)  296 arcs
  [TRO1]  80/82 SVs ( 97.6%)  332 arcs
  [TRO1]  82/82 SVs (100.0%)  334 arcs
  [TRO1] 82/82 SVs done  334 arcs
  [IGS/TRO1] 334 raw arcs → 212 valid entries
  [IGS/WUTH] Running TEC pipeline for 2025-04-01 …
  [nav] Using multi-GNSS mixed nav: BRDC00IGS_R_20250910000_01D_MN.rnx.gz
  [WUTH]  12/124 SVs (  9.7%)   29 arcs
  [WUTH]  24/124 SVs ( 19.4%)  103 arcs
  [WUTH]  36/124 SVs ( 29.0%)  155 arcs
  [WUTH]  48/124 SVs ( 38.7%)  221 arcs
  [WUTH]  60/124 SVs ( 48.4%)  313 arcs
  [WUTH]  72/124 SVs ( 58.1%)  397 arcs
  [WUTH]  84/124 SVs ( 67.7%)  478 arcs
  [WUTH]  96/124 SVs ( 77.4%)  536 arcs
  [WUTH] 108/124 SVs ( 87.1%)  621 arcs
  [WUTH] 120/124 SVs ( 96.8%)  706 arcs
  [WUTH] 124/124 SVs (100.0%)  732 arcs
  [WUTH] 124/124 SVs done  732 arcs
  [IGS/WUTH] 732 raw arcs → 416 valid entries
  [IGS/NYA1] Running TEC pipeline for 2025-04-01 …
  [nav] Using multi-GNSS mixed nav: BRDC00IGS_R_20250910000_01D_MN.rnx.gz
  [NYA1]   8/82 SVs (  9.8%)   67 arcs
  [NYA1]  16/82 SVs ( 19.5%)  129 arcs
  [NYA1]  24/82 SVs ( 29.3%)  204 arcs
  [NYA1]  32/82 SVs ( 39.0%)  283 arcs
  [NYA1]  40/82 SVs ( 48.8%)  349 arcs
  [NYA1]  48/82 SVs ( 58.5%)  404 arcs
  [NYA1]  56/82 SVs ( 68.3%)  467 arcs
  [NYA1]  64/82 SVs ( 78.0%)  526 arcs
  [NYA1]  72/82 SVs ( 87.8%)  569 arcs
  [NYA1]  80/82 SVs ( 97.6%)  629 arcs
  [NYA1]  82/82 SVs (100.0%)  636 arcs
  [NYA1] 82/82 SVs done  636 arcs
  [IGS/NYA1] 636 raw arcs → 323 valid entries
  0 minima window(s), 951 IGS arc(s)
  [skip] No GNSS-RO minima windows for this day matching --window 1227.

======================================================================
[Day] 2025-04-02  tier=2  instruments=['TRO']
  [IGS/TRO1] Running TEC pipeline for 2025-04-02 …
  [nav] Using multi-GNSS mixed nav: BRDC00IGS_R_20250920000_01D_MN.rnx.gz
  [TRO1]   8/82 SVs (  9.8%)   73 arcs
  [TRO1]  16/82 SVs ( 19.5%)  121 arcs
  [TRO1]  24/82 SVs ( 29.3%)  191 arcs
  [TRO1]  32/82 SVs ( 39.0%)  255 arcs
  [TRO1]  40/82 SVs ( 48.8%)  323 arcs
  [TRO1]  48/82 SVs ( 58.5%)  382 arcs
  [TRO1]  56/82 SVs ( 68.3%)  436 arcs
  [TRO1]  64/82 SVs ( 78.0%)  495 arcs
  [TRO1]  72/82 SVs ( 87.8%)  544 arcs
  [TRO1]  80/82 SVs ( 97.6%)  610 arcs
  [TRO1]  82/82 SVs (100.0%)  617 arcs
  [TRO1] 82/82 SVs done  617 arcs
  [IGS/TRO1] 617 raw arcs → 288 valid entries
  [IGS/WUTH] Running TEC pipeline for 2025-04-02 …
  [nav] Using multi-GNSS mixed nav: BRDC00IGS_R_20250920000_01D_MN.rnx.gz
  [WUTH]  12/124 SVs (  9.7%)   37 arcs
  [WUTH]  24/124 SVs ( 19.4%)  147 arcs
  [WUTH]  36/124 SVs ( 29.0%)  259 arcs
  [WUTH]  48/124 SVs ( 38.7%)  361 arcs
  [WUTH]  60/124 SVs ( 48.4%)  483 arcs
  [WUTH]  72/124 SVs ( 58.1%)  588 arcs
  [WUTH]  84/124 SVs ( 67.7%)  694 arcs
  [WUTH]  96/124 SVs ( 77.4%)  777 arcs
  [WUTH] 108/124 SVs ( 87.1%)  882 arcs
  [WUTH] 120/124 SVs ( 96.8%)  985 arcs
  [WUTH] 124/124 SVs (100.0%)  1026 arcs
  [WUTH] 124/124 SVs done  1026 arcs
  [IGS/WUTH] 1026 raw arcs → 450 valid entries
  [IGS/NYA1] Running TEC pipeline for 2025-04-02 …
  [nav] Using multi-GNSS mixed nav: BRDC00IGS_R_20250920000_01D_MN.rnx.gz
  [NYA1]   8/82 SVs (  9.8%)   72 arcs
  [NYA1]  16/82 SVs ( 19.5%)  140 arcs
  [NYA1]  24/82 SVs ( 29.3%)  203 arcs
  [NYA1]  32/82 SVs ( 39.0%)  284 arcs
  [NYA1]  40/82 SVs ( 48.8%)  366 arcs
  [NYA1]  48/82 SVs ( 58.5%)  433 arcs
  [NYA1]  56/82 SVs ( 68.3%)  499 arcs
  [NYA1]  64/82 SVs ( 78.0%)  562 arcs
  [NYA1]  72/82 SVs ( 87.8%)  615 arcs
  [NYA1]  80/82 SVs ( 97.6%)  679 arcs
  [NYA1]  82/82 SVs (100.0%)  687 arcs
  [NYA1] 82/82 SVs done  687 arcs
  [IGS/NYA1] 687 raw arcs → 299 valid entries
  0 minima window(s), 1037 IGS arc(s)
  [skip] No GNSS-RO minima windows for this day matching --window 1227.

======================================================================
[Day] 2025-04-03  tier=2  instruments=['TRO']
  [IGS/TRO1] Running TEC pipeline for 2025-04-03 …
  [nav] Using multi-GNSS mixed nav: BRDC00IGS_R_20250930000_01D_MN.rnx.gz
  [TRO1]   8/82 SVs (  9.8%)   64 arcs
  [TRO1]  16/82 SVs ( 19.5%)  111 arcs
  [TRO1]  24/82 SVs ( 29.3%)  160 arcs
  [TRO1]  32/82 SVs ( 39.0%)  219 arcs
  [TRO1]  40/82 SVs ( 48.8%)  277 arcs
  [TRO1]  48/82 SVs ( 58.5%)  330 arcs
  [TRO1]  56/82 SVs ( 68.3%)  381 arcs
  [TRO1]  64/82 SVs ( 78.0%)  436 arcs
  [TRO1]  72/82 SVs ( 87.8%)  466 arcs
  [TRO1]  80/82 SVs ( 97.6%)  528 arcs
  [TRO1]  82/82 SVs (100.0%)  536 arcs
  [TRO1] 82/82 SVs done  536 arcs
  [IGS/TRO1] 536 raw arcs → 308 valid entries
  [IGS/WUTH] Running TEC pipeline for 2025-04-03 …
  [nav] Using multi-GNSS mixed nav: BRDC00IGS_R_20250930000_01D_MN.rnx.gz
  [WUTH]  12/126 SVs (  9.5%)  100 arcs
  [WUTH]  24/126 SVs ( 19.0%)  170 arcs
  [WUTH]  36/126 SVs ( 28.6%)  249 arcs
  [WUTH]  48/126 SVs ( 38.1%)  332 arcs
  [WUTH]  60/126 SVs ( 47.6%)  435 arcs
  [WUTH]  72/126 SVs ( 57.1%)  526 arcs
  [WUTH]  84/126 SVs ( 66.7%)  628 arcs
  [WUTH]  96/126 SVs ( 76.2%)  718 arcs
  [WUTH] 108/126 SVs ( 85.7%)  826 arcs
  [WUTH] 120/126 SVs ( 95.2%)  928 arcs
  [WUTH] 126/126 SVs (100.0%)  979 arcs
  [WUTH] 126/126 SVs done  979 arcs
  [IGS/WUTH] 979 raw arcs → 566 valid entries
  [IGS/NYA1] Running TEC pipeline for 2025-04-03 …
  [nav] Using multi-GNSS mixed nav: BRDC00IGS_R_20250930000_01D_MN.rnx.gz
  [NYA1]   8/82 SVs (  9.8%)   78 arcs
  [NYA1]  16/82 SVs ( 19.5%)  154 arcs
  [NYA1]  24/82 SVs ( 29.3%)  218 arcs
  [NYA1]  32/82 SVs ( 39.0%)  293 arcs
  [NYA1]  40/82 SVs ( 48.8%)  355 arcs
  [NYA1]  48/82 SVs ( 58.5%)  423 arcs
  [NYA1]  56/82 SVs ( 68.3%)  495 arcs
  [NYA1]  64/82 SVs ( 78.0%)  561 arcs
  [NYA1]  72/82 SVs ( 87.8%)  615 arcs
  [NYA1]  80/82 SVs ( 97.6%)  690 arcs
  [NYA1]  82/82 SVs (100.0%)  696 arcs
  [NYA1] 82/82 SVs done  696 arcs
  [IGS/NYA1] 696 raw arcs → 360 valid entries
  0 minima window(s), 1234 IGS arc(s)
  [skip] No GNSS-RO minima windows for this day matching --window 1227.

======================================================================
[Day] 2025-04-04  tier=2  instruments=['TRO']
  [IGS/TRO1] Running TEC pipeline for 2025-04-04 …
  [nav] Using multi-GNSS mixed nav: BRDC00IGS_R_20250940000_01D_MN.rnx.gz
  [TRO1]   8/83 SVs (  9.6%)   73 arcs
  [TRO1]  16/83 SVs ( 19.3%)  144 arcs
  [TRO1]  24/83 SVs ( 28.9%)  216 arcs
  [TRO1]  32/83 SVs ( 38.6%)  300 arcs
  [TRO1]  40/83 SVs ( 48.2%)  389 arcs
  [TRO1]  48/83 SVs ( 57.8%)  449 arcs
  [TRO1]  56/83 SVs ( 67.5%)  504 arcs
  [TRO1]  64/83 SVs ( 77.1%)  579 arcs
  [TRO1]  72/83 SVs ( 86.7%)  621 arcs
  [TRO1]  80/83 SVs ( 96.4%)  699 arcs
  [TRO1]  83/83 SVs (100.0%)  717 arcs
  [TRO1] 83/83 SVs done  717 arcs
  [IGS/TRO1] 717 raw arcs → 321 valid entries
  [IGS/WUTH] Running TEC pipeline for 2025-04-04 …
  [nav] Using multi-GNSS mixed nav: BRDC00IGS_R_20250940000_01D_MN.rnx.gz
  [WUTH]  12/125 SVs (  9.6%)   90 arcs
  [WUTH]  24/125 SVs ( 19.2%)  180 arcs
  [WUTH]  36/125 SVs ( 28.8%)  267 arcs
  [WUTH]  48/125 SVs ( 38.4%)  348 arcs
  [WUTH]  60/125 SVs ( 48.0%)  436 arcs
  [WUTH]  72/125 SVs ( 57.6%)  545 arcs
  [WUTH]  84/125 SVs ( 67.2%)  645 arcs
  [WUTH]  96/125 SVs ( 76.8%)  731 arcs
  [WUTH] 108/125 SVs ( 86.4%)  835 arcs
  [WUTH] 120/125 SVs ( 96.0%)  935 arcs
  [WUTH] 125/125 SVs (100.0%)  976 arcs
  [WUTH] 125/125 SVs done  976 arcs
  [IGS/WUTH] 976 raw arcs → 503 valid entries
  [IGS/NYA1] Running TEC pipeline for 2025-04-04 …
  [nav] Using multi-GNSS mixed nav: BRDC00IGS_R_20250940000_01D_MN.rnx.gz
  [NYA1]   8/82 SVs (  9.8%)   51 arcs
  [NYA1]  16/82 SVs ( 19.5%)  108 arcs
  [NYA1]  24/82 SVs ( 29.3%)  169 arcs
  [NYA1]  32/82 SVs ( 39.0%)  228 arcs
  [NYA1]  40/82 SVs ( 48.8%)  294 arcs
  [NYA1]  48/82 SVs ( 58.5%)  345 arcs
  [NYA1]  56/82 SVs ( 68.3%)  422 arcs
  [NYA1]  64/82 SVs ( 78.0%)  474 arcs
  [NYA1]  72/82 SVs ( 87.8%)  522 arcs
  [NYA1]  80/82 SVs ( 97.6%)  593 arcs
  [NYA1]  82/82 SVs (100.0%)  595 arcs
  [NYA1] 82/82 SVs done  595 arcs
  [IGS/NYA1] 595 raw arcs → 297 valid entries
  0 minima window(s), 1121 IGS arc(s)
  [skip] No GNSS-RO minima windows for this day matching --window 1227.

======================================================================
[Day] 2025-04-05  tier=2  instruments=['TRO']
  [IGS/TRO1] Running TEC pipeline for 2025-04-05 …
  [nav] Using multi-GNSS mixed nav: BRDC00IGS_R_20250950000_01D_MN.rnx.gz
  [TRO1]   8/82 SVs (  9.8%)   86 arcs
  [TRO1]  16/82 SVs ( 19.5%)  152 arcs
  [TRO1]  24/82 SVs ( 29.3%)  228 arcs
  [TRO1]  32/82 SVs ( 39.0%)  300 arcs
  [TRO1]  40/82 SVs ( 48.8%)  374 arcs
  [TRO1]  48/82 SVs ( 58.5%)  453 arcs
  [TRO1]  56/82 SVs ( 68.3%)  507 arcs
  [TRO1]  64/82 SVs ( 78.0%)  577 arcs
  [TRO1]  72/82 SVs ( 87.8%)  643 arcs
  [TRO1]  80/82 SVs ( 97.6%)  726 arcs
  [TRO1]  82/82 SVs (100.0%)  734 arcs
  [TRO1] 82/82 SVs done  734 arcs
  [IGS/TRO1] 734 raw arcs → 293 valid entries
  [IGS/WUTH] Running TEC pipeline for 2025-04-05 …
  [nav] Using multi-GNSS mixed nav: BRDC00IGS_R_20250950000_01D_MN.rnx.gz
  [WUTH]  12/124 SVs (  9.7%)   91 arcs
  [WUTH]  24/124 SVs ( 19.4%)  180 arcs
  [WUTH]  36/124 SVs ( 29.0%)  256 arcs
  [WUTH]  48/124 SVs ( 38.7%)  350 arcs
  [WUTH]  60/124 SVs ( 48.4%)  460 arcs
  [WUTH]  72/124 SVs ( 58.1%)  569 arcs
  [WUTH]  84/124 SVs ( 67.7%)  676 arcs
  [WUTH]  96/124 SVs ( 77.4%)  782 arcs
  [WUTH] 108/124 SVs ( 87.1%)  890 arcs
  [WUTH] 120/124 SVs ( 96.8%)  994 arcs
  [WUTH] 124/124 SVs (100.0%)  1035 arcs
  [WUTH] 124/124 SVs done  1035 arcs
  [IGS/WUTH] 1035 raw arcs → 545 valid entries
  [IGS/NYA1] Running TEC pipeline for 2025-04-05 …
  [nav] Using multi-GNSS mixed nav: BRDC00IGS_R_20250950000_01D_MN.rnx.gz
  [NYA1]   8/82 SVs (  9.8%)   58 arcs
  [NYA1]  16/82 SVs ( 19.5%)  111 arcs
  [NYA1]  24/82 SVs ( 29.3%)  167 arcs
  [NYA1]  32/82 SVs ( 39.0%)  217 arcs
  [NYA1]  40/82 SVs ( 48.8%)  287 arcs
  [NYA1]  48/82 SVs ( 58.5%)  352 arcs
  [NYA1]  56/82 SVs ( 68.3%)  415 arcs
  [NYA1]  64/82 SVs ( 78.0%)  465 arcs
  [NYA1]  72/82 SVs ( 87.8%)  522 arcs
  [NYA1]  80/82 SVs ( 97.6%)  589 arcs
  [NYA1]  82/82 SVs (100.0%)  597 arcs
  [NYA1] 82/82 SVs done  597 arcs
  [IGS/NYA1] 597 raw arcs → 323 valid entries
  0 minima window(s), 1161 IGS arc(s)
  [skip] No GNSS-RO minima windows for this day matching --window 1227.

======================================================================
[Day] 2025-04-06  tier=2  instruments=['TRO']
  [IGS/TRO1] Running TEC pipeline for 2025-04-06 …
  [nav] Using multi-GNSS mixed nav: BRDC00IGS_R_20250960000_01D_MN.rnx.gz
  [TRO1]   8/82 SVs (  9.8%)   57 arcs
  [TRO1]  16/82 SVs ( 19.5%)  114 arcs
  [TRO1]  24/82 SVs ( 29.3%)  160 arcs
  [TRO1]  32/82 SVs ( 39.0%)  215 arcs
  [TRO1]  40/82 SVs ( 48.8%)  271 arcs
  [TRO1]  48/82 SVs ( 58.5%)  323 arcs
  [TRO1]  56/82 SVs ( 68.3%)  383 arcs
  [TRO1]  64/82 SVs ( 78.0%)  423 arcs
  [TRO1]  72/82 SVs ( 87.8%)  468 arcs
  [TRO1]  80/82 SVs ( 97.6%)  514 arcs
  [TRO1]  82/82 SVs (100.0%)  520 arcs
  [TRO1] 82/82 SVs done  520 arcs
  [IGS/TRO1] 520 raw arcs → 276 valid entries
  [IGS/WUTH] Running TEC pipeline for 2025-04-06 …
  [nav] Using multi-GNSS mixed nav: BRDC00IGS_R_20250960000_01D_MN.rnx.gz
  [WUTH]  12/124 SVs (  9.7%)  117 arcs
  [WUTH]  24/124 SVs ( 19.4%)  206 arcs
  [WUTH]  36/124 SVs ( 29.0%)  305 arcs
  [WUTH]  48/124 SVs ( 38.7%)  402 arcs
  [WUTH]  60/124 SVs ( 48.4%)  511 arcs
  [WUTH]  72/124 SVs ( 58.1%)  616 arcs
  [WUTH]  84/124 SVs ( 67.7%)  731 arcs
  [WUTH]  96/124 SVs ( 77.4%)  847 arcs
  [WUTH] 108/124 SVs ( 87.1%)  958 arcs
  [WUTH] 120/124 SVs ( 96.8%)  1075 arcs
  [WUTH] 124/124 SVs (100.0%)  1117 arcs
  [WUTH] 124/124 SVs done  1117 arcs
  [IGS/WUTH] 1117 raw arcs → 589 valid entries
  [IGS/NYA1] Running TEC pipeline for 2025-04-06 …
  [nav] Using multi-GNSS mixed nav: BRDC00IGS_R_20250960000_01D_MN.rnx.gz
  [NYA1]   8/82 SVs (  9.8%)   57 arcs
  [NYA1]  16/82 SVs ( 19.5%)  132 arcs
  [NYA1]  24/82 SVs ( 29.3%)  203 arcs
  [NYA1]  32/82 SVs ( 39.0%)  258 arcs
  [NYA1]  40/82 SVs ( 48.8%)  336 arcs
  [NYA1]  48/82 SVs ( 58.5%)  411 arcs
  [NYA1]  56/82 SVs ( 68.3%)  489 arcs
  [NYA1]  64/82 SVs ( 78.0%)  546 arcs
  [NYA1]  72/82 SVs ( 87.8%)  603 arcs
  [NYA1]  80/82 SVs ( 97.6%)  677 arcs
  [NYA1]  82/82 SVs (100.0%)  690 arcs
  [NYA1] 82/82 SVs done  690 arcs
  [IGS/NYA1] 690 raw arcs → 382 valid entries
  0 minima window(s), 1247 IGS arc(s)
  [skip] No GNSS-RO minima windows for this day matching --window 1227.

======================================================================
[Day] 2025-04-07  tier=2  instruments=['TRO']
  [IGS/TRO1] Running TEC pipeline for 2025-04-07 …
  [nav] Using multi-GNSS mixed nav: BRDC00IGS_R_20250970000_01D_MN.rnx.gz
  [TRO1]   8/82 SVs (  9.8%)   59 arcs
  [TRO1]  16/82 SVs ( 19.5%)  114 arcs
  [TRO1]  24/82 SVs ( 29.3%)  152 arcs
  [TRO1]  32/82 SVs ( 39.0%)  219 arcs
  [TRO1]  40/82 SVs ( 48.8%)  275 arcs
  [TRO1]  48/82 SVs ( 58.5%)  325 arcs
  [TRO1]  56/82 SVs ( 68.3%)  363 arcs
  [TRO1]  64/82 SVs ( 78.0%)  398 arcs
  [TRO1]  72/82 SVs ( 87.8%)  442 arcs
  [TRO1]  80/82 SVs ( 97.6%)  490 arcs
  [TRO1]  82/82 SVs (100.0%)  499 arcs
  [TRO1] 82/82 SVs done  499 arcs
  [IGS/TRO1] 499 raw arcs → 273 valid entries
  [IGS/WUTH] Running TEC pipeline for 2025-04-07 …
  [nav] Using multi-GNSS mixed nav: BRDC00IGS_R_20250970000_01D_MN.rnx.gz
  [WUTH]  12/124 SVs (  9.7%)   78 arcs
  [WUTH]  24/124 SVs ( 19.4%)  161 arcs
  [WUTH]  36/124 SVs ( 29.0%)  240 arcs
  [WUTH]  48/124 SVs ( 38.7%)  315 arcs
  [WUTH]  60/124 SVs ( 48.4%)  393 arcs
  [WUTH]  72/124 SVs ( 58.1%)  477 arcs
  [WUTH]  84/124 SVs ( 67.7%)  575 arcs
  [WUTH]  96/124 SVs ( 77.4%)  656 arcs
  [WUTH] 108/124 SVs ( 87.1%)  752 arcs
  [WUTH] 120/124 SVs ( 96.8%)  840 arcs
  [WUTH] 124/124 SVs (100.0%)  874 arcs
  [WUTH] 124/124 SVs done  874 arcs
  [IGS/WUTH] 874 raw arcs → 494 valid entries
  [IGS/NYA1] Running TEC pipeline for 2025-04-07 …
  [nav] Using multi-GNSS mixed nav: BRDC00IGS_R_20250970000_01D_MN.rnx.gz
  [NYA1]   8/82 SVs (  9.8%)   57 arcs
  [NYA1]  16/82 SVs ( 19.5%)  101 arcs
  [NYA1]  24/82 SVs ( 29.3%)  159 arcs
  [NYA1]  32/82 SVs ( 39.0%)  219 arcs
  [NYA1]  40/82 SVs ( 48.8%)  284 arcs
  [NYA1]  48/82 SVs ( 58.5%)  342 arcs
  [NYA1]  56/82 SVs ( 68.3%)  396 arcs
  [NYA1]  64/82 SVs ( 78.0%)  458 arcs
  [NYA1]  72/82 SVs ( 87.8%)  508 arcs
  [NYA1]  80/82 SVs ( 97.6%)  559 arcs
  [NYA1]  82/82 SVs (100.0%)  568 arcs
  [NYA1] 82/82 SVs done  568 arcs
  [IGS/NYA1] 568 raw arcs → 326 valid entries
  0 minima window(s), 1093 IGS arc(s)
  [skip] No GNSS-RO minima windows for this day matching --window 1227.

======================================================================
[Day] 2025-05-05  tier=2  instruments=['TRO']
  [IGS/TRO1] Running TEC pipeline for 2025-05-05 …
  [nav] Using multi-GNSS mixed nav: BRDC00IGS_R_20251250000_01D_MN.rnx.gz
  [TRO1]   8/82 SVs (  9.8%)   51 arcs
  [TRO1]  16/82 SVs ( 19.5%)  102 arcs
  [TRO1]  24/82 SVs ( 29.3%)  156 arcs
  [TRO1]  32/82 SVs ( 39.0%)  190 arcs
  [TRO1]  40/82 SVs ( 48.8%)  244 arcs
  [TRO1]  48/82 SVs ( 58.5%)  302 arcs
  [TRO1]  56/82 SVs ( 68.3%)  349 arcs
  [TRO1]  64/82 SVs ( 78.0%)  390 arcs
  [TRO1]  72/82 SVs ( 87.8%)  426 arcs
  [TRO1]  80/82 SVs ( 97.6%)  469 arcs
  [TRO1]  82/82 SVs (100.0%)  473 arcs
  [TRO1] 82/82 SVs done  473 arcs
  [IGS/TRO1] 473 raw arcs → 299 valid entries
  [IGS/WUTH] Running TEC pipeline for 2025-05-05 …
  [nav] Using multi-GNSS mixed nav: BRDC00IGS_R_20251250000_01D_MN.rnx.gz
  [WUTH]  12/123 SVs (  9.8%)   94 arcs
  [WUTH]  24/123 SVs ( 19.5%)  191 arcs
  [WUTH]  36/123 SVs ( 29.3%)  280 arcs
  [WUTH]  48/123 SVs ( 39.0%)  381 arcs
  [WUTH]  60/123 SVs ( 48.8%)  492 arcs
  [WUTH]  72/123 SVs ( 58.5%)  618 arcs
  [WUTH]  84/123 SVs ( 68.3%)  729 arcs
  [WUTH]  96/123 SVs ( 78.0%)  847 arcs
  [WUTH] 108/123 SVs ( 87.8%)  949 arcs
  [WUTH] 120/123 SVs ( 97.6%)  1057 arcs
  [WUTH] 123/123 SVs (100.0%)  1082 arcs
  [WUTH] 123/123 SVs done  1082 arcs
  [IGS/WUTH] 1082 raw arcs → 571 valid entries
  [IGS/NYA1] Running TEC pipeline for 2025-05-05 …
  [nav] Using multi-GNSS mixed nav: BRDC00IGS_R_20251250000_01D_MN.rnx.gz
  [NYA1]   8/82 SVs (  9.8%)   57 arcs
  [NYA1]  16/82 SVs ( 19.5%)  116 arcs
  [NYA1]  24/82 SVs ( 29.3%)  186 arcs
  [NYA1]  32/82 SVs ( 39.0%)  252 arcs
  [NYA1]  40/82 SVs ( 48.8%)  315 arcs
  [NYA1]  48/82 SVs ( 58.5%)  382 arcs
  [NYA1]  56/82 SVs ( 68.3%)  450 arcs
  [NYA1]  64/82 SVs ( 78.0%)  497 arcs
  [NYA1]  72/82 SVs ( 87.8%)  544 arcs
  [NYA1]  80/82 SVs ( 97.6%)  606 arcs
  [NYA1]  82/82 SVs (100.0%)  614 arcs
  [NYA1] 82/82 SVs done  614 arcs
  [IGS/NYA1] 614 raw arcs → 351 valid entries
  0 minima window(s), 1221 IGS arc(s)
  [skip] No GNSS-RO minima windows for this day matching --window 1227.

======================================================================
[Day] 2025-05-10  tier=2  instruments=['TRO']
  [IGS/TRO1] Running TEC pipeline for 2025-05-10 …
  [nav] Using multi-GNSS mixed nav: BRDC00IGS_R_20251300000_01D_MN.rnx.gz
  [TRO1]   8/82 SVs (  9.8%)   43 arcs
  [TRO1]  16/82 SVs ( 19.5%)   84 arcs
  [TRO1]  24/82 SVs ( 29.3%)  130 arcs
  [TRO1]  32/82 SVs ( 39.0%)  159 arcs
  [TRO1]  40/82 SVs ( 48.8%)  196 arcs
  [TRO1]  48/82 SVs ( 58.5%)  248 arcs
  [TRO1]  56/82 SVs ( 68.3%)  288 arcs
  [TRO1]  64/82 SVs ( 78.0%)  321 arcs
  [TRO1]  72/82 SVs ( 87.8%)  344 arcs
  [TRO1]  80/82 SVs ( 97.6%)  378 arcs
  [TRO1]  82/82 SVs (100.0%)  380 arcs
  [TRO1] 82/82 SVs done  380 arcs
  [IGS/TRO1] 380 raw arcs → 239 valid entries
  [IGS/WUTH] Running TEC pipeline for 2025-05-10 …
  [nav] Using multi-GNSS mixed nav: BRDC00IGS_R_20251300000_01D_MN.rnx.gz
  [WUTH]  12/123 SVs (  9.8%)   68 arcs
  [WUTH]  24/123 SVs ( 19.5%)  120 arcs
  [WUTH]  36/123 SVs ( 29.3%)  174 arcs
  [WUTH]  48/123 SVs ( 39.0%)  233 arcs
  [WUTH]  60/123 SVs ( 48.8%)  320 arcs
  [WUTH]  72/123 SVs ( 58.5%)  400 arcs
  [WUTH]  84/123 SVs ( 68.3%)  475 arcs
  [WUTH]  96/123 SVs ( 78.0%)  545 arcs
  [WUTH] 108/123 SVs ( 87.8%)  621 arcs
  [WUTH] 120/123 SVs ( 97.6%)  689 arcs
  [WUTH] 123/123 SVs (100.0%)  704 arcs
  [WUTH] 123/123 SVs done  704 arcs
  [IGS/WUTH] 704 raw arcs → 464 valid entries
  [IGS/NYA1] Running TEC pipeline for 2025-05-10 …
  [nav] Using multi-GNSS mixed nav: BRDC00IGS_R_20251300000_01D_MN.rnx.gz
  [NYA1]   8/82 SVs (  9.8%)   47 arcs
  [NYA1]  16/82 SVs ( 19.5%)  101 arcs
  [NYA1]  24/82 SVs ( 29.3%)  160 arcs
  [NYA1]  32/82 SVs ( 39.0%)  192 arcs
  [NYA1]  40/82 SVs ( 48.8%)  246 arcs
  [NYA1]  48/82 SVs ( 58.5%)  302 arcs
  [NYA1]  56/82 SVs ( 68.3%)  356 arcs
  [NYA1]  64/82 SVs ( 78.0%)  388 arcs
  [NYA1]  72/82 SVs ( 87.8%)  425 arcs
  [NYA1]  80/82 SVs ( 97.6%)  482 arcs
  [NYA1]  82/82 SVs (100.0%)  488 arcs
  [NYA1] 82/82 SVs done  488 arcs
  [IGS/NYA1] 488 raw arcs → 302 valid entries
  0 minima window(s), 1005 IGS arc(s)
  [skip] No GNSS-RO minima windows for this day matching --window 1227.

======================================================================
[Day] 2025-05-18  tier=2  instruments=['JRO', 'TRO']
  Scanning 7120 files for metadata …
  Found 7120 valid files across 623 geographic groups (48 30-min windows).
[ISR-DA][minima-windows] 2025-05-18: 15 window(s) (>= 10 arcs each)
  0040  centre=2025-05-18 00:40:00  n_occ=26  span=[2025-05-18 00:00:00 .. 2025-05-18 01:20:00)
  0207  centre=2025-05-18 02:07:30  n_occ=27  span=[2025-05-18 01:20:00 .. 2025-05-18 02:55:00)
  0345  centre=2025-05-18 03:45:00  n_occ=18  span=[2025-05-18 02:55:00 .. 2025-05-18 04:35:00)
  0520  centre=2025-05-18 05:20:00  n_occ=25  span=[2025-05-18 04:35:00 .. 2025-05-18 06:05:00)
  0655  centre=2025-05-18 06:55:00  n_occ=71  span=[2025-05-18 06:05:00 .. 2025-05-18 07:45:00)
  0832  centre=2025-05-18 08:32:30  n_occ=81  span=[2025-05-18 07:45:00 .. 2025-05-18 09:20:00)
  1007  centre=2025-05-18 10:07:30  n_occ=80  span=[2025-05-18 09:20:00 .. 2025-05-18 10:55:00)
  1142  centre=2025-05-18 11:42:30  n_occ=80  span=[2025-05-18 10:55:00 .. 2025-05-18 12:30:00)
  1317  centre=2025-05-18 13:17:30  n_occ=83  span=[2025-05-18 12:30:00 .. 2025-05-18 14:05:00)
  1455  centre=2025-05-18 14:55:00  n_occ=56  span=[2025-05-18 14:05:00 .. 2025-05-18 15:45:00)
  1635  centre=2025-05-18 16:35:00  n_occ=48  span=[2025-05-18 15:45:00 .. 2025-05-18 17:25:00)
  1812  centre=2025-05-18 18:12:30  n_occ=43  span=[2025-05-18 17:25:00 .. 2025-05-18 19:00:00)
  1942  centre=2025-05-18 19:42:30  n_occ=25  span=[2025-05-18 19:00:00 .. 2025-05-18 20:25:00)
  2117  centre=2025-05-18 21:17:30  n_occ=44  span=[2025-05-18 20:25:00 .. 2025-05-18 22:10:00)
  2305  centre=2025-05-18 23:05:00  n_occ=51  span=[2025-05-18 22:10:00 .. 2025-05-19 00:00:00)
  [IGS/TRO1] Running TEC pipeline for 2025-05-18 …
  [nav] Using multi-GNSS mixed nav: BRDC00IGS_R_20251380000_01D_MN.rnx.gz
  [TRO1]   8/82 SVs (  9.8%)   43 arcs
  [TRO1]  16/82 SVs ( 19.5%)   82 arcs
  [TRO1]  24/82 SVs ( 29.3%)  126 arcs
  [TRO1]  32/82 SVs ( 39.0%)  167 arcs
  [TRO1]  40/82 SVs ( 48.8%)  208 arcs
  [TRO1]  48/82 SVs ( 58.5%)  247 arcs
  [TRO1]  56/82 SVs ( 68.3%)  282 arcs
  [TRO1]  64/82 SVs ( 78.0%)  310 arcs
  [TRO1]  72/82 SVs ( 87.8%)  336 arcs
  [TRO1]  80/82 SVs ( 97.6%)  372 arcs
  [TRO1]  82/82 SVs (100.0%)  376 arcs
  [TRO1] 82/82 SVs done  376 arcs
  [IGS/TRO1] 376 raw arcs → 267 valid entries
  [IGS/WUTH] Running TEC pipeline for 2025-05-18 …
  [nav] Using multi-GNSS mixed nav: BRDC00IGS_R_20251380000_01D_MN.rnx.gz
  [WUTH]  12/122 SVs (  9.8%)  117 arcs
  [WUTH]  24/122 SVs ( 19.7%)  215 arcs
  [WUTH]  36/122 SVs ( 29.5%)  312 arcs
  [WUTH]  48/122 SVs ( 39.3%)  394 arcs
  [WUTH]  60/122 SVs ( 49.2%)  489 arcs
  [WUTH]  72/122 SVs ( 59.0%)  614 arcs
  [WUTH]  84/122 SVs ( 68.9%)  729 arcs
  [WUTH]  96/122 SVs ( 78.7%)  843 arcs
  [WUTH] 108/122 SVs ( 88.5%)  971 arcs
  [WUTH] 120/122 SVs ( 98.4%)  1084 arcs
  [WUTH] 122/122 SVs (100.0%)  1091 arcs
  [WUTH] 122/122 SVs done  1091 arcs
  [IGS/WUTH] 1091 raw arcs → 589 valid entries
  [IGS/NYA1] Running TEC pipeline for 2025-05-18 …
  [nav] Using multi-GNSS mixed nav: BRDC00IGS_R_20251380000_01D_MN.rnx.gz
  [NYA1]   8/82 SVs (  9.8%)   60 arcs
  [NYA1]  16/82 SVs ( 19.5%)  127 arcs
  [NYA1]  24/82 SVs ( 29.3%)  199 arcs
  [NYA1]  32/82 SVs ( 39.0%)  272 arcs
  [NYA1]  40/82 SVs ( 48.8%)  338 arcs
  [NYA1]  48/82 SVs ( 58.5%)  410 arcs
  [NYA1]  56/82 SVs ( 68.3%)  489 arcs
  [NYA1]  64/82 SVs ( 78.0%)  560 arcs
  [NYA1]  72/82 SVs ( 87.8%)  605 arcs
  [NYA1]  80/82 SVs ( 97.6%)  680 arcs
  [NYA1]  82/82 SVs (100.0%)  685 arcs
  [NYA1] 82/82 SVs done  685 arcs
  [IGS/NYA1] 685 raw arcs → 335 valid entries
  0 minima window(s), 1191 IGS arc(s)
  [skip] No GNSS-RO minima windows for this day matching --window 1227.

======================================================================
[Day] 2025-05-19  tier=2  instruments=['JRO', 'TRO']
  Scanning 6692 files for metadata …
  Found 6692 valid files across 682 geographic groups (48 30-min windows).
[ISR-DA][minima-windows] 2025-05-19: 15 window(s) (>= 10 arcs each)
  0040  centre=2025-05-19 00:40:00  n_occ=24  span=[2025-05-19 00:00:00 .. 2025-05-19 01:20:00)
  0210  centre=2025-05-19 02:10:00  n_occ=29  span=[2025-05-19 01:20:00 .. 2025-05-19 03:00:00)
  0347  centre=2025-05-19 03:47:30  n_occ=19  span=[2025-05-19 03:00:00 .. 2025-05-19 04:35:00)
  0517  centre=2025-05-19 05:17:30  n_occ=26  span=[2025-05-19 04:35:00 .. 2025-05-19 06:00:00)
  0652  centre=2025-05-19 06:52:30  n_occ=56  span=[2025-05-19 06:00:00 .. 2025-05-19 07:45:00)
  0832  centre=2025-05-19 08:32:30  n_occ=77  span=[2025-05-19 07:45:00 .. 2025-05-19 09:20:00)
  1007  centre=2025-05-19 10:07:30  n_occ=84  span=[2025-05-19 09:20:00 .. 2025-05-19 10:55:00)
  1142  centre=2025-05-19 11:42:30  n_occ=64  span=[2025-05-19 10:55:00 .. 2025-05-19 12:30:00)
  1315  centre=2025-05-19 13:15:00  n_occ=39  span=[2025-05-19 12:30:00 .. 2025-05-19 14:00:00)
  1455  centre=2025-05-19 14:55:00  n_occ=63  span=[2025-05-19 14:00:00 .. 2025-05-19 15:50:00)
  1640  centre=2025-05-19 16:40:00  n_occ=43  span=[2025-05-19 15:50:00 .. 2025-05-19 17:30:00)
  1817  centre=2025-05-19 18:17:30  n_occ=44  span=[2025-05-19 17:30:00 .. 2025-05-19 19:05:00)
  1940  centre=2025-05-19 19:40:00  n_occ=28  span=[2025-05-19 19:05:00 .. 2025-05-19 20:15:00)
  2112  centre=2025-05-19 21:12:30  n_occ=69  span=[2025-05-19 20:15:00 .. 2025-05-19 22:10:00)
  2305  centre=2025-05-19 23:05:00  n_occ=34  span=[2025-05-19 22:10:00 .. 2025-05-20 00:00:00)
  [IGS/TRO1] Running TEC pipeline for 2025-05-19 …
  [nav] Using multi-GNSS mixed nav: BRDC00IGS_R_20251390000_01D_MN.rnx.gz
  [TRO1]   8/82 SVs (  9.8%)   31 arcs
  [TRO1]  16/82 SVs ( 19.5%)   54 arcs
  [TRO1]  24/82 SVs ( 29.3%)   84 arcs
  [TRO1]  32/82 SVs ( 39.0%)  108 arcs
  [TRO1]  40/82 SVs ( 48.8%)  130 arcs
  [TRO1]  48/82 SVs ( 58.5%)  162 arcs
  [TRO1]  56/82 SVs ( 68.3%)  191 arcs
  [TRO1]  64/82 SVs ( 78.0%)  213 arcs
  [TRO1]  72/82 SVs ( 87.8%)  235 arcs
  [TRO1]  80/82 SVs ( 97.6%)  262 arcs
  [TRO1]  82/82 SVs (100.0%)  265 arcs
  [TRO1] 82/82 SVs done  265 arcs
  [IGS/TRO1] 265 raw arcs → 222 valid entries
  [IGS/WUTH] Running TEC pipeline for 2025-05-19 …
  [nav] Using multi-GNSS mixed nav: BRDC00IGS_R_20251390000_01D_MN.rnx.gz
  [WUTH]  12/124 SVs (  9.7%)   20 arcs
  [WUTH]  24/124 SVs ( 19.4%)   86 arcs
  [WUTH]  36/124 SVs ( 29.0%)  143 arcs
  [WUTH]  48/124 SVs ( 38.7%)  197 arcs
  [WUTH]  60/124 SVs ( 48.4%)  282 arcs
  [WUTH]  72/124 SVs ( 58.1%)  353 arcs
  [WUTH]  84/124 SVs ( 67.7%)  436 arcs
  [WUTH]  96/124 SVs ( 77.4%)  500 arcs
  [WUTH] 108/124 SVs ( 87.1%)  568 arcs
  [WUTH] 120/124 SVs ( 96.8%)  635 arcs
  [WUTH] 124/124 SVs (100.0%)  656 arcs
  [WUTH] 124/124 SVs done  656 arcs
  [IGS/WUTH] 656 raw arcs → 446 valid entries
  [IGS/NYA1] Running TEC pipeline for 2025-05-19 …
  [nav] Using multi-GNSS mixed nav: BRDC00IGS_R_20251390000_01D_MN.rnx.gz
  [NYA1]   8/82 SVs (  9.8%)   55 arcs
  [NYA1]  16/82 SVs ( 19.5%)  107 arcs
  [NYA1]  24/82 SVs ( 29.3%)  153 arcs
  [NYA1]  32/82 SVs ( 39.0%)  221 arcs
  [NYA1]  40/82 SVs ( 48.8%)  280 arcs
  [NYA1]  48/82 SVs ( 58.5%)  327 arcs
  [NYA1]  56/82 SVs ( 68.3%)  369 arcs
  [NYA1]  64/82 SVs ( 78.0%)  415 arcs
  [NYA1]  72/82 SVs ( 87.8%)  453 arcs
  [NYA1]  80/82 SVs ( 97.6%)  496 arcs
  [NYA1]  82/82 SVs (100.0%)  501 arcs
  [NYA1] 82/82 SVs done  501 arcs
  [IGS/NYA1] 501 raw arcs → 343 valid entries
  0 minima window(s), 1011 IGS arc(s)
  [skip] No GNSS-RO minima windows for this day matching --window 1227.

======================================================================
[Day] 2025-05-20  tier=2  instruments=['TRO']
  [IGS/TRO1] Running TEC pipeline for 2025-05-20 …
  [nav] Using multi-GNSS mixed nav: BRDC00IGS_R_20251400000_01D_MN.rnx.gz
  [TRO1]   8/82 SVs (  9.8%)   60 arcs
  [TRO1]  16/82 SVs ( 19.5%)   85 arcs
  [TRO1]  24/82 SVs ( 29.3%)  122 arcs
  [TRO1]  32/82 SVs ( 39.0%)  162 arcs
  [TRO1]  40/82 SVs ( 48.8%)  206 arcs
  [TRO1]  48/82 SVs ( 58.5%)  239 arcs
  [TRO1]  56/82 SVs ( 68.3%)  267 arcs
  [TRO1]  64/82 SVs ( 78.0%)  302 arcs
  [TRO1]  72/82 SVs ( 87.8%)  327 arcs
  [TRO1]  80/82 SVs ( 97.6%)  358 arcs
  [TRO1]  82/82 SVs (100.0%)  362 arcs
  [TRO1] 82/82 SVs done  362 arcs
  [IGS/TRO1] 362 raw arcs → 234 valid entries
  [IGS/WUTH] Running TEC pipeline for 2025-05-20 …
  [nav] Using multi-GNSS mixed nav: BRDC00IGS_R_20251400000_01D_MN.rnx.gz
  [WUTH]  12/123 SVs (  9.8%)   98 arcs
  [WUTH]  24/123 SVs ( 19.5%)  190 arcs
  [WUTH]  36/123 SVs ( 29.3%)  274 arcs
  [WUTH]  48/123 SVs ( 39.0%)  357 arcs
  [WUTH]  60/123 SVs ( 48.8%)  459 arcs
  [WUTH]  72/123 SVs ( 58.5%)  568 arcs
  [WUTH]  84/123 SVs ( 68.3%)  673 arcs
  [WUTH]  96/123 SVs ( 78.0%)  772 arcs
  [WUTH] 108/123 SVs ( 87.8%)  866 arcs
  [WUTH] 120/123 SVs ( 97.6%)  958 arcs
  [WUTH] 123/123 SVs (100.0%)  969 arcs
  [WUTH] 123/123 SVs done  969 arcs
  [IGS/WUTH] 969 raw arcs → 579 valid entries
  [IGS/NYA1] Running TEC pipeline for 2025-05-20 …
  [nav] Using multi-GNSS mixed nav: BRDC00IGS_R_20251400000_01D_MN.rnx.gz
  [NYA1]   8/82 SVs (  9.8%)   71 arcs
  [NYA1]  16/82 SVs ( 19.5%)  141 arcs
  [NYA1]  24/82 SVs ( 29.3%)  217 arcs
  [NYA1]  32/82 SVs ( 39.0%)  295 arcs
  [NYA1]  40/82 SVs ( 48.8%)  363 arcs
  [NYA1]  48/82 SVs ( 58.5%)  433 arcs
  [NYA1]  56/82 SVs ( 68.3%)  495 arcs
  [NYA1]  64/82 SVs ( 78.0%)  545 arcs
  [NYA1]  72/82 SVs ( 87.8%)  593 arcs
  [NYA1]  80/82 SVs ( 97.6%)  662 arcs
  [NYA1]  82/82 SVs (100.0%)  672 arcs
  [NYA1] 82/82 SVs done  672 arcs
  [IGS/NYA1] 672 raw arcs → 356 valid entries
  0 minima window(s), 1169 IGS arc(s)
  [skip] No GNSS-RO minima windows for this day matching --window 1227.

======================================================================
[Day] 2025-05-21  tier=2  instruments=['TRO']
  [IGS/TRO1] Running TEC pipeline for 2025-05-21 …
  [nav] Using multi-GNSS mixed nav: BRDC00IGS_R_20251410000_01D_MN.rnx.gz
  [TRO1]   8/82 SVs (  9.8%)   47 arcs
  [TRO1]  16/82 SVs ( 19.5%)   98 arcs
  [TRO1]  24/82 SVs ( 29.3%)  139 arcs
  [TRO1]  32/82 SVs ( 39.0%)  186 arcs
  [TRO1]  40/82 SVs ( 48.8%)  232 arcs
  [TRO1]  48/82 SVs ( 58.5%)  280 arcs
  [TRO1]  56/82 SVs ( 68.3%)  323 arcs
  [TRO1]  64/82 SVs ( 78.0%)  358 arcs
  [TRO1]  72/82 SVs ( 87.8%)  385 arcs
  [TRO1]  80/82 SVs ( 97.6%)  423 arcs
  [TRO1]  82/82 SVs (100.0%)  430 arcs
  [TRO1] 82/82 SVs done  430 arcs
  [IGS/TRO1] 430 raw arcs → 281 valid entries
  [IGS/WUTH] Running TEC pipeline for 2025-05-21 …
  [nav] Using multi-GNSS mixed nav: BRDC00IGS_R_20251410000_01D_MN.rnx.gz
  [WUTH]  12/123 SVs (  9.8%)   76 arcs
  [WUTH]  24/123 SVs ( 19.5%)  140 arcs
  [WUTH]  36/123 SVs ( 29.3%)  212 arcs
  [WUTH]  48/123 SVs ( 39.0%)  291 arcs
  [WUTH]  60/123 SVs ( 48.8%)  379 arcs
  [WUTH]  72/123 SVs ( 58.5%)  450 arcs
  [WUTH]  84/123 SVs ( 68.3%)  534 arcs
  [WUTH]  96/123 SVs ( 78.0%)  623 arcs
  [WUTH] 108/123 SVs ( 87.8%)  698 arcs
  [WUTH] 120/123 SVs ( 97.6%)  781 arcs
  [WUTH] 123/123 SVs (100.0%)  795 arcs
  [WUTH] 123/123 SVs done  795 arcs
  [IGS/WUTH] 795 raw arcs → 546 valid entries
  [IGS/NYA1] Running TEC pipeline for 2025-05-21 …
  [nav] Using multi-GNSS mixed nav: BRDC00IGS_R_20251410000_01D_MN.rnx.gz
  [NYA1]   8/82 SVs (  9.8%)   49 arcs
  [NYA1]  16/82 SVs ( 19.5%)  109 arcs
  [NYA1]  24/82 SVs ( 29.3%)  166 arcs
  [NYA1]  32/82 SVs ( 39.0%)  238 arcs
  [NYA1]  40/82 SVs ( 48.8%)  290 arcs
  [NYA1]  48/82 SVs ( 58.5%)  352 arcs
  [NYA1]  56/82 SVs ( 68.3%)  405 arcs
  [NYA1]  64/82 SVs ( 78.0%)  441 arcs
  [NYA1]  72/82 SVs ( 87.8%)  478 arcs
  [NYA1]  80/82 SVs ( 97.6%)  536 arcs
  [NYA1]  82/82 SVs (100.0%)  546 arcs
  [NYA1] 82/82 SVs done  546 arcs
  [IGS/NYA1] 546 raw arcs → 330 valid entries
  0 minima window(s), 1157 IGS arc(s)
  [skip] No GNSS-RO minima windows for this day matching --window 1227.

======================================================================
[Day] 2025-07-28  tier=2  instruments=['TRO']
  [IGS/TRO1] Running TEC pipeline for 2025-07-28 …
  [nav] Using multi-GNSS mixed nav: BRDC00IGS_R_20252090000_01D_MN.rnx.gz
  [TRO1]  10/102 SVs (  9.8%)    0 arcs
  [TRO1]  20/102 SVs ( 19.6%)    4 arcs
  [TRO1]  30/102 SVs ( 29.4%)   42 arcs
  [TRO1]  40/102 SVs ( 39.2%)   84 arcs
  [TRO1]  50/102 SVs ( 49.0%)  120 arcs
  [TRO1]  60/102 SVs ( 58.8%)  155 arcs
  [TRO1]  70/102 SVs ( 68.6%)  191 arcs
  [TRO1]  80/102 SVs ( 78.4%)  224 arcs
  [TRO1]  90/102 SVs ( 88.2%)  250 arcs
  [TRO1] 100/102 SVs ( 98.0%)  286 arcs
  [TRO1] 102/102 SVs (100.0%)  291 arcs
  [TRO1] 102/102 SVs done  291 arcs
  [IGS/TRO1] 291 raw arcs → 226 valid entries
  [IGS/WUTH] Running TEC pipeline for 2025-07-28 …
  [IGS/WUTH] Pipeline failed: No RINEX-3 observation file found in https://cddis.nasa.gov/archive/gnss/data/daily/2025/209/25d for station WUTH. Available: ['ABMF00GLP_R_20252090000_01D_30S_MO.crx.gz ', 'AC2300USA_R_20252090000_01D_15S_MO.crx.gz ', 'AC2400USA_R_20252090000_01D_15S_MO.crx.gz ', 'ACRG00GHA_R_20252090000_01D_30S_MO.crx.gz ', 'ACSO00USA_R_20252090000_01D_15S_MO.crx.gz ', 'ADIS00ETH_R_20252090000_01D_30S_MO.crx.gz ', 'AIRA00JPN_R_20252090000_01D_30S_MO.crx.gz ', 'AL2H00CAN_R_20252090000_01D_30S_MO.crx.gz ', 'ALAC00ESP_R_20252090000_01D_30S_MO.crx.gz ', 'ALB400CAN_R_20252090000_01D_30S_MO.crx.gz ']
  [IGS/NYA1] Running TEC pipeline for 2025-07-28 …
  [nav] Using multi-GNSS mixed nav: BRDC00IGS_R_20252090000_01D_MN.rnx.gz
  [NYA1]  10/101 SVs (  9.9%)   11 arcs
  [NYA1]  20/101 SVs ( 19.8%)   21 arcs
  [NYA1]  30/101 SVs ( 29.7%)   58 arcs
  [NYA1]  40/101 SVs ( 39.6%)  107 arcs
  [NYA1]  50/101 SVs ( 49.5%)  150 arcs
  [NYA1]  60/101 SVs ( 59.4%)  200 arcs
  [NYA1]  70/101 SVs ( 69.3%)  255 arcs
  [NYA1]  80/101 SVs ( 79.2%)  294 arcs
  [NYA1]  90/101 SVs ( 89.1%)  329 arcs
  [NYA1] 100/101 SVs ( 99.0%)  369 arcs
  [NYA1] 101/101 SVs (100.0%)  376 arcs
  [NYA1] 101/101 SVs done  376 arcs
  [IGS/NYA1] 376 raw arcs → 284 valid entries
  0 minima window(s), 510 IGS arc(s)
  [skip] No GNSS-RO minima windows for this day matching --window 1227.

======================================================================
[Day] 2025-07-30  tier=2  instruments=['TRO']
  [IGS/TRO1] Running TEC pipeline for 2025-07-30 …
  [nav] Using multi-GNSS mixed nav: BRDC00IGS_R_20252110000_01D_MN.rnx.gz
  [TRO1]  10/102 SVs (  9.8%)    0 arcs
  [TRO1]  20/102 SVs ( 19.6%)    4 arcs
  [TRO1]  30/102 SVs ( 29.4%)   37 arcs
  [TRO1]  40/102 SVs ( 39.2%)   68 arcs
  [TRO1]  50/102 SVs ( 49.0%)  108 arcs
  [TRO1]  60/102 SVs ( 58.8%)  148 arcs
  [TRO1]  70/102 SVs ( 68.6%)  184 arcs
  [TRO1]  80/102 SVs ( 78.4%)  219 arcs
  [TRO1]  90/102 SVs ( 88.2%)  243 arcs
  [TRO1] 100/102 SVs ( 98.0%)  274 arcs
  [TRO1] 102/102 SVs (100.0%)  280 arcs
  [TRO1] 102/102 SVs done  280 arcs
  [IGS/TRO1] 280 raw arcs → 233 valid entries
  [IGS/WUTH] Running TEC pipeline for 2025-07-30 …
  [IGS/WUTH] Pipeline failed: No RINEX-3 observation file found in https://cddis.nasa.gov/archive/gnss/data/daily/2025/211/25d for station WUTH. Available: ['ABMF00GLP_R_20252110000_01D_30S_MO.crx.gz ', 'ABPO00MDG_R_20252110000_01D_30S_MO.crx.gz ', 'AC2300USA_R_20252110000_01D_15S_MO.crx.gz ', 'AC2400USA_R_20252110000_01D_15S_MO.crx.gz ', 'ACRG00GHA_R_20252110000_01D_30S_MO.crx.gz ', 'ACSO00USA_R_20252110000_01D_15S_MO.crx.gz ', 'ADIS00ETH_R_20252110000_01D_30S_MO.crx.gz ', 'AIRA00JPN_R_20252110000_01D_30S_MO.crx.gz ', 'AL2H00CAN_R_20252110000_01D_30S_MO.crx.gz ', 'ALB400CAN_R_20252110000_01D_30S_MO.crx.gz ']
  [IGS/NYA1] Running TEC pipeline for 2025-07-30 …
  [nav] Using multi-GNSS mixed nav: BRDC00IGS_R_20252110000_01D_MN.rnx.gz
  [NYA1]  10/101 SVs (  9.9%)   15 arcs
  [NYA1]  20/101 SVs ( 19.8%)   25 arcs
  [NYA1]  30/101 SVs ( 29.7%)   81 arcs
  [NYA1]  40/101 SVs ( 39.6%)  162 arcs
  [NYA1]  50/101 SVs ( 49.5%)  215 arcs
  [NYA1]  60/101 SVs ( 59.4%)  285 arcs
  [NYA1]  70/101 SVs ( 69.3%)  356 arcs
  [NYA1]  80/101 SVs ( 79.2%)  419 arcs
  [NYA1]  90/101 SVs ( 89.1%)  457 arcs
  [NYA1] 100/101 SVs ( 99.0%)  535 arcs
  [NYA1] 101/101 SVs (100.0%)  542 arcs
  [NYA1] 101/101 SVs done  542 arcs
  [IGS/NYA1] 542 raw arcs → 342 valid entries
  0 minima window(s), 575 IGS arc(s)
  [skip] No GNSS-RO minima windows for this day matching --window 1227.

======================================================================
[Day] 2025-08-01  tier=2  instruments=['TRO']
  [IGS/TRO1] Running TEC pipeline for 2025-08-01 …
  [nav] Using multi-GNSS mixed nav: BRDC00IGS_R_20252130000_01D_MN.rnx.gz
  [TRO1]  10/102 SVs (  9.8%)    0 arcs
  [TRO1]  20/102 SVs ( 19.6%)    5 arcs
  [TRO1]  30/102 SVs ( 29.4%)   38 arcs
  [TRO1]  40/102 SVs ( 39.2%)   77 arcs
  [TRO1]  50/102 SVs ( 49.0%)  120 arcs
  [TRO1]  60/102 SVs ( 58.8%)  154 arcs
  [TRO1]  70/102 SVs ( 68.6%)  194 arcs
  [TRO1]  80/102 SVs ( 78.4%)  230 arcs
  [TRO1]  90/102 SVs ( 88.2%)  263 arcs
  [TRO1] 100/102 SVs ( 98.0%)  299 arcs
  [TRO1] 102/102 SVs (100.0%)  301 arcs
  [TRO1] 102/102 SVs done  301 arcs
  [IGS/TRO1] 301 raw arcs → 224 valid entries
  [IGS/WUTH] Running TEC pipeline for 2025-08-01 …
  [IGS/WUTH] Pipeline failed: No RINEX-3 observation file found in https://cddis.nasa.gov/archive/gnss/data/daily/2025/213/25d for station WUTH. Available: ['ABMF00GLP_R_20252130000_01D_30S_MO.crx.gz ', 'AC2300USA_R_20252130000_01D_15S_MO.crx.gz ', 'AC2400USA_R_20252130000_01D_15S_MO.crx.gz ', 'ACRG00GHA_R_20252130000_01D_30S_MO.crx.gz ', 'ACSO00USA_R_20252130000_01D_15S_MO.crx.gz ', 'ADIS00ETH_R_20252130000_01D_30S_MO.crx.gz ', 'AIRA00JPN_R_20252130000_01D_30S_MO.crx.gz ', 'AL2H00CAN_R_20252130000_01D_30S_MO.crx.gz ', 'ALAC00ESP_R_20252130000_01D_30S_MO.crx.gz ', 'ALB400CAN_R_20252130000_01D_30S_MO.crx.gz ']
  [IGS/NYA1] Running TEC pipeline for 2025-08-01 …
  [nav] Using multi-GNSS mixed nav: BRDC00IGS_R_20252130000_01D_MN.rnx.gz
  [NYA1]  10/101 SVs (  9.9%)   12 arcs
  [NYA1]  20/101 SVs ( 19.8%)   23 arcs
  [NYA1]  30/101 SVs ( 29.7%)   80 arcs
  [NYA1]  40/101 SVs ( 39.6%)  159 arcs
  [NYA1]  50/101 SVs ( 49.5%)  231 arcs
  [NYA1]  60/101 SVs ( 59.4%)  307 arcs
  [NYA1]  70/101 SVs ( 69.3%)  384 arcs
  [NYA1]  80/101 SVs ( 79.2%)  453 arcs
  [NYA1]  90/101 SVs ( 89.1%)  499 arcs
  [NYA1] 100/101 SVs ( 99.0%)  569 arcs
  [NYA1] 101/101 SVs (100.0%)  575 arcs
  [NYA1] 101/101 SVs done  575 arcs
  [IGS/NYA1] 575 raw arcs → 361 valid entries
  0 minima window(s), 585 IGS arc(s)
  [skip] No GNSS-RO minima windows for this day matching --window 1227.

======================================================================
[Day] 2025-08-02  tier=2  instruments=['TRO']
  [IGS/TRO1] Running TEC pipeline for 2025-08-02 …
  [nav] Using multi-GNSS mixed nav: BRDC00IGS_R_20252140000_01D_MN.rnx.gz
  [TRO1]  10/102 SVs (  9.8%)    0 arcs
  [TRO1]  20/102 SVs ( 19.6%)    4 arcs
  [TRO1]  30/102 SVs ( 29.4%)   51 arcs
  [TRO1]  40/102 SVs ( 39.2%)   96 arcs
  [TRO1]  50/102 SVs ( 49.0%)  138 arcs
  [TRO1]  60/102 SVs ( 58.8%)  173 arcs
  [TRO1]  70/102 SVs ( 68.6%)  215 arcs
  [TRO1]  80/102 SVs ( 78.4%)  252 arcs
  [TRO1]  90/102 SVs ( 88.2%)  288 arcs
  [TRO1] 100/102 SVs ( 98.0%)  323 arcs
  [TRO1] 102/102 SVs (100.0%)  325 arcs
  [TRO1] 102/102 SVs done  325 arcs
  [IGS/TRO1] 325 raw arcs → 248 valid entries
  [IGS/WUTH] Running TEC pipeline for 2025-08-02 …
  [IGS/WUTH] Pipeline failed: No RINEX-3 observation file found in https://cddis.nasa.gov/archive/gnss/data/daily/2025/214/25d for station WUTH. Available: ['ABMF00GLP_R_20252140000_01D_30S_MO.crx.gz ', 'AC2300USA_R_20252140000_01D_15S_MO.crx.gz ', 'AC2400USA_R_20252140000_01D_15S_MO.crx.gz ', 'ACRG00GHA_R_20252140000_01D_30S_MO.crx.gz ', 'ACSO00USA_R_20252140000_01D_15S_MO.crx.gz ', 'ADIS00ETH_R_20252140000_01D_30S_MO.crx.gz ', 'AIRA00JPN_R_20252140000_01D_30S_MO.crx.gz ', 'AL2H00CAN_R_20252140000_01D_30S_MO.crx.gz ', 'ALAC00ESP_R_20252140000_01D_30S_MO.crx.gz ', 'ALB400CAN_R_20252140000_01D_30S_MO.crx.gz ']
  [IGS/NYA1] Running TEC pipeline for 2025-08-02 …
  [nav] Using multi-GNSS mixed nav: BRDC00IGS_R_20252140000_01D_MN.rnx.gz
  [NYA1]  10/101 SVs (  9.9%)   10 arcs
  [NYA1]  20/101 SVs ( 19.8%)   24 arcs
  [NYA1]  30/101 SVs ( 29.7%)   65 arcs
  [NYA1]  40/101 SVs ( 39.6%)  137 arcs
  [NYA1]  50/101 SVs ( 49.5%)  210 arcs
  [NYA1]  60/101 SVs ( 59.4%)  275 arcs
  [NYA1]  70/101 SVs ( 69.3%)  339 arcs
  [NYA1]  80/101 SVs ( 79.2%)  387 arcs
  [NYA1]  90/101 SVs ( 89.1%)  432 arcs
  [NYA1] 100/101 SVs ( 99.0%)  486 arcs
  [NYA1] 101/101 SVs (100.0%)  492 arcs
  [NYA1] 101/101 SVs done  492 arcs
  [IGS/NYA1] 492 raw arcs → 311 valid entries
  0 minima window(s), 559 IGS arc(s)
  [skip] No GNSS-RO minima windows for this day matching --window 1227.

======================================================================
[Day] 2025-08-03  tier=2  instruments=['TRO']
  [IGS/TRO1] Running TEC pipeline for 2025-08-03 …
  [nav] Using multi-GNSS mixed nav: BRDC00IGS_R_20252150000_01D_MN.rnx.gz
  [TRO1]  10/102 SVs (  9.8%)    0 arcs
  [TRO1]  20/102 SVs ( 19.6%)    2 arcs
  [TRO1]  30/102 SVs ( 29.4%)   33 arcs
  [TRO1]  40/102 SVs ( 39.2%)   61 arcs
  [TRO1]  50/102 SVs ( 49.0%)  101 arcs
  [TRO1]  60/102 SVs ( 58.8%)  134 arcs
  [TRO1]  70/102 SVs ( 68.6%)  164 arcs
  [TRO1]  80/102 SVs ( 78.4%)  193 arcs
  [TRO1]  90/102 SVs ( 88.2%)  217 arcs
  [TRO1] 100/102 SVs ( 98.0%)  240 arcs
  [TRO1] 102/102 SVs (100.0%)  242 arcs
  [TRO1] 102/102 SVs done  242 arcs
  [IGS/TRO1] 242 raw arcs → 208 valid entries
  [IGS/WUTH] Running TEC pipeline for 2025-08-03 …
  [IGS/WUTH] Pipeline failed: No RINEX-3 observation file found in https://cddis.nasa.gov/archive/gnss/data/daily/2025/215/25d for station WUTH. Available: ['ABMF00GLP_R_20252150000_01D_30S_MO.crx.gz ', 'AC2300USA_R_20252150000_01D_15S_MO.crx.gz ', 'AC2400USA_R_20252150000_01D_15S_MO.crx.gz ', 'ACRG00GHA_R_20252150000_01D_30S_MO.crx.gz ', 'ACSO00USA_R_20252150000_01D_15S_MO.crx.gz ', 'ADIS00ETH_R_20252150000_01D_30S_MO.crx.gz ', 'AIRA00JPN_R_20252150000_01D_30S_MO.crx.gz ', 'AL2H00CAN_R_20252150000_01D_30S_MO.crx.gz ', 'ALAC00ESP_R_20252150000_01D_30S_MO.crx.gz ', 'ALB400CAN_R_20252150000_01D_30S_MO.crx.gz ']
  [IGS/NYA1] Running TEC pipeline for 2025-08-03 …
  [nav] Using multi-GNSS mixed nav: BRDC00IGS_R_20252150000_01D_MN.rnx.gz
  [NYA1]  10/101 SVs (  9.9%)   11 arcs
  [NYA1]  20/101 SVs ( 19.8%)   25 arcs
  [NYA1]  30/101 SVs ( 29.7%)   81 arcs
  [NYA1]  40/101 SVs ( 39.6%)  145 arcs
  [NYA1]  50/101 SVs ( 49.5%)  201 arcs
  [NYA1]  60/101 SVs ( 59.4%)  265 arcs
  [NYA1]  70/101 SVs ( 69.3%)  324 arcs
  [NYA1]  80/101 SVs ( 79.2%)  372 arcs
  [NYA1]  90/101 SVs ( 89.1%)  422 arcs
  [NYA1] 100/101 SVs ( 99.0%)  477 arcs
  [NYA1] 101/101 SVs (100.0%)  484 arcs
  [NYA1] 101/101 SVs done  484 arcs
  [IGS/NYA1] 484 raw arcs → 330 valid entries
  0 minima window(s), 538 IGS arc(s)
  [skip] No GNSS-RO minima windows for this day matching --window 1227.

======================================================================
[Day] 2025-08-04  tier=2  instruments=['TRO']
  [IGS/TRO1] Running TEC pipeline for 2025-08-04 …
  [nav] Using multi-GNSS mixed nav: BRDC00IGS_R_20252160000_01D_MN.rnx.gz
  [TRO1]  10/102 SVs (  9.8%)    0 arcs
  [TRO1]  20/102 SVs ( 19.6%)    4 arcs
  [TRO1]  30/102 SVs ( 29.4%)   35 arcs
  [TRO1]  40/102 SVs ( 39.2%)   80 arcs
  [TRO1]  50/102 SVs ( 49.0%)  127 arcs
  [TRO1]  60/102 SVs ( 58.8%)  167 arcs
  [TRO1]  70/102 SVs ( 68.6%)  196 arcs
  [TRO1]  80/102 SVs ( 78.4%)  234 arcs
  [TRO1]  90/102 SVs ( 88.2%)  260 arcs
  [TRO1] 100/102 SVs ( 98.0%)  294 arcs
  [TRO1] 102/102 SVs (100.0%)  297 arcs
  [TRO1] 102/102 SVs done  297 arcs
  [IGS/TRO1] 297 raw arcs → 216 valid entries
  [IGS/WUTH] Running TEC pipeline for 2025-08-04 …
  [IGS/WUTH] Pipeline failed: No RINEX-3 observation file found in https://cddis.nasa.gov/archive/gnss/data/daily/2025/216/25d for station WUTH. Available: ['ABMF00GLP_R_20252160000_01D_30S_MO.crx.gz ', 'AC2300USA_R_20252160000_01D_15S_MO.crx.gz ', 'AC2400USA_R_20252160000_01D_15S_MO.crx.gz ', 'ACRG00GHA_R_20252160000_01D_30S_MO.crx.gz ', 'ACSO00USA_R_20252160000_01D_15S_MO.crx.gz ', 'ADIS00ETH_R_20252160000_01D_30S_MO.crx.gz ', 'AIRA00JPN_R_20252160000_01D_30S_MO.crx.gz ', 'AL2H00CAN_R_20252160000_01D_30S_MO.crx.gz ', 'ALAC00ESP_R_20252160000_01D_30S_MO.crx.gz ', 'ALB400CAN_R_20252160000_01D_30S_MO.crx.gz ']
  [IGS/NYA1] Running TEC pipeline for 2025-08-04 …
  [nav] Using multi-GNSS mixed nav: BRDC00IGS_R_20252160000_01D_MN.rnx.gz
  [NYA1]  10/101 SVs (  9.9%)   16 arcs
  [NYA1]  20/101 SVs ( 19.8%)   32 arcs
  [NYA1]  30/101 SVs ( 29.7%)   98 arcs
  [NYA1]  40/101 SVs ( 39.6%)  173 arcs
  [NYA1]  50/101 SVs ( 49.5%)  236 arcs
  [NYA1]  60/101 SVs ( 59.4%)  316 arcs
  [NYA1]  70/101 SVs ( 69.3%)  383 arcs
  [NYA1]  80/101 SVs ( 79.2%)  455 arcs
  [NYA1]  90/101 SVs ( 89.1%)  516 arcs
  [NYA1] 100/101 SVs ( 99.0%)  581 arcs
  [NYA1] 101/101 SVs (100.0%)  588 arcs
  [NYA1] 101/101 SVs done  588 arcs
  [IGS/NYA1] 588 raw arcs → 360 valid entries
  0 minima window(s), 576 IGS arc(s)
  [skip] No GNSS-RO minima windows for this day matching --window 1227.

======================================================================
[Day] 2025-08-05  tier=2  instruments=['TRO']
  [IGS/TRO1] Running TEC pipeline for 2025-08-05 …
  [nav] Using multi-GNSS mixed nav: BRDC00IGS_R_20252170000_01D_MN.rnx.gz
  [TRO1]  10/101 SVs (  9.9%)    0 arcs
  [TRO1]  20/101 SVs ( 19.8%)    7 arcs
  [TRO1]  30/101 SVs ( 29.7%)   63 arcs
  [TRO1]  40/101 SVs ( 39.6%)  106 arcs
  [TRO1]  50/101 SVs ( 49.5%)  143 arcs
  [TRO1]  60/101 SVs ( 59.4%)  187 arcs
  [TRO1]  70/101 SVs ( 69.3%)  233 arcs
  [TRO1]  80/101 SVs ( 79.2%)  277 arcs
  [TRO1]  90/101 SVs ( 89.1%)  306 arcs
  [TRO1] 100/101 SVs ( 99.0%)  349 arcs
  [TRO1] 101/101 SVs (100.0%)  357 arcs
  [TRO1] 101/101 SVs done  357 arcs
  [IGS/TRO1] 357 raw arcs → 232 valid entries
  [IGS/WUTH] Running TEC pipeline for 2025-08-05 …
  [IGS/WUTH] Pipeline failed: No RINEX-3 observation file found in https://cddis.nasa.gov/archive/gnss/data/daily/2025/217/25d for station WUTH. Available: ['ABMF00GLP_R_20252170000_01D_30S_MO.crx.gz ', 'AC2300USA_R_20252170000_01D_15S_MO.crx.gz ', 'AC2400USA_R_20252170000_01D_15S_MO.crx.gz ', 'ACRG00GHA_R_20252170000_01D_30S_MO.crx.gz ', 'ACSO00USA_R_20252170000_01D_15S_MO.crx.gz ', 'ADIS00ETH_R_20252170000_01D_30S_MO.crx.gz ', 'AIRA00JPN_R_20252170000_01D_30S_MO.crx.gz ', 'AL2H00CAN_R_20252170000_01D_30S_MO.crx.gz ', 'ALAC00ESP_R_20252170000_01D_30S_MO.crx.gz ', 'ALB400CAN_R_20252170000_01D_30S_MO.crx.gz ']
  [IGS/NYA1] Running TEC pipeline for 2025-08-05 …
  [nav] Using multi-GNSS mixed nav: BRDC00IGS_R_20252170000_01D_MN.rnx.gz
  [NYA1]  10/100 SVs ( 10.0%)    6 arcs
  [NYA1]  20/100 SVs ( 20.0%)   15 arcs
  [NYA1]  30/100 SVs ( 30.0%)   58 arcs
  [NYA1]  40/100 SVs ( 40.0%)  104 arcs
  [NYA1]  50/100 SVs ( 50.0%)  150 arcs
  [NYA1]  60/100 SVs ( 60.0%)  201 arcs
  [NYA1]  70/100 SVs ( 70.0%)  254 arcs
  [NYA1]  80/100 SVs ( 80.0%)  295 arcs
  [NYA1]  90/100 SVs ( 90.0%)  324 arcs
  [NYA1] 100/100 SVs (100.0%)  372 arcs
  [NYA1] 100/100 SVs done  372 arcs
  [IGS/NYA1] 372 raw arcs → 272 valid entries
  0 minima window(s), 504 IGS arc(s)
  [skip] No GNSS-RO minima windows for this day matching --window 1227.

======================================================================
[Day] 2025-08-06  tier=2  instruments=['TRO']
  [IGS/TRO1] Running TEC pipeline for 2025-08-06 …
  [nav] Using multi-GNSS mixed nav: BRDC00IGS_R_20252180000_01D_MN.rnx.gz
  [TRO1]  10/101 SVs (  9.9%)    0 arcs
  [TRO1]  20/101 SVs ( 19.8%)    2 arcs
  [TRO1]  30/101 SVs ( 29.7%)   28 arcs
  [TRO1]  40/101 SVs ( 39.6%)   56 arcs
  [TRO1]  50/101 SVs ( 49.5%)   86 arcs
  [TRO1]  60/101 SVs ( 59.4%)  115 arcs
  [TRO1]  70/101 SVs ( 69.3%)  146 arcs
  [TRO1]  80/101 SVs ( 79.2%)  174 arcs
  [TRO1]  90/101 SVs ( 89.1%)  199 arcs
  [TRO1] 100/101 SVs ( 99.0%)  224 arcs
  [TRO1] 101/101 SVs (100.0%)  229 arcs
  [TRO1] 101/101 SVs done  229 arcs
  [IGS/TRO1] 229 raw arcs → 206 valid entries
  [IGS/WUTH] Running TEC pipeline for 2025-08-06 …
  [IGS/WUTH] Pipeline failed: No RINEX-3 observation file found in https://cddis.nasa.gov/archive/gnss/data/daily/2025/218/25d for station WUTH. Available: ['ABMF00GLP_R_20252180000_01D_30S_MO.crx.gz ', 'AC2300USA_R_20252180000_01D_15S_MO.crx.gz ', 'AC2400USA_R_20252180000_01D_15S_MO.crx.gz ', 'ACRG00GHA_R_20252180000_01D_30S_MO.crx.gz ', 'ACSO00USA_R_20252180000_01D_15S_MO.crx.gz ', 'ADIS00ETH_R_20252180000_01D_30S_MO.crx.gz ', 'AIRA00JPN_R_20252180000_01D_30S_MO.crx.gz ', 'AL2H00CAN_R_20252180000_01D_30S_MO.crx.gz ', 'ALAC00ESP_R_20252180000_01D_30S_MO.crx.gz ', 'ALB400CAN_R_20252180000_01D_30S_MO.crx.gz ']
  [IGS/NYA1] Running TEC pipeline for 2025-08-06 …
  [nav] Using multi-GNSS mixed nav: BRDC00IGS_R_20252180000_01D_MN.rnx.gz
  [NYA1]  10/100 SVs ( 10.0%)    9 arcs
  [NYA1]  20/100 SVs ( 20.0%)   20 arcs
  [NYA1]  30/100 SVs ( 30.0%)   56 arcs
  [NYA1]  40/100 SVs ( 40.0%)  102 arcs
  [NYA1]  50/100 SVs ( 50.0%)  144 arcs
  [NYA1]  60/100 SVs ( 60.0%)  199 arcs
  [NYA1]  70/100 SVs ( 70.0%)  249 arcs
  [NYA1]  80/100 SVs ( 80.0%)  293 arcs
  [NYA1]  90/100 SVs ( 90.0%)  322 arcs
  [NYA1] 100/100 SVs (100.0%)  376 arcs
  [NYA1] 100/100 SVs done  376 arcs
  [IGS/NYA1] 376 raw arcs → 277 valid entries
  0 minima window(s), 483 IGS arc(s)
  [skip] No GNSS-RO minima windows for this day matching --window 1227.

======================================================================
[Day] 2025-08-07  tier=2  instruments=['TRO']
  [IGS/TRO1] Running TEC pipeline for 2025-08-07 …
  [nav] Using multi-GNSS mixed nav: BRDC00IGS_R_20252190000_01D_MN.rnx.gz
  [TRO1]  10/101 SVs (  9.9%)    1 arcs
  [TRO1]  20/101 SVs ( 19.8%)    3 arcs
  [TRO1]  30/101 SVs ( 29.7%)   29 arcs
  [TRO1]  40/101 SVs ( 39.6%)   58 arcs
  [TRO1]  50/101 SVs ( 49.5%)   91 arcs
  [TRO1]  60/101 SVs ( 59.4%)  115 arcs
  [TRO1]  70/101 SVs ( 69.3%)  141 arcs
  [TRO1]  80/101 SVs ( 79.2%)  167 arcs
  [TRO1]  90/101 SVs ( 89.1%)  189 arcs
  [TRO1] 100/101 SVs ( 99.0%)  217 arcs
  [TRO1] 101/101 SVs (100.0%)  223 arcs
  [TRO1] 101/101 SVs done  223 arcs
  [IGS/TRO1] 223 raw arcs → 205 valid entries
  [IGS/WUTH] Running TEC pipeline for 2025-08-07 …
  [IGS/WUTH] Pipeline failed: No RINEX-3 observation file found in https://cddis.nasa.gov/archive/gnss/data/daily/2025/219/25d for station WUTH. Available: ['ABMF00GLP_R_20252190000_01D_30S_MO.crx.gz ', 'AC2300USA_R_20252190000_01D_15S_MO.crx.gz ', 'AC2400USA_R_20252190000_01D_15S_MO.crx.gz ', 'ACRG00GHA_R_20252190000_01D_30S_MO.crx.gz ', 'ACSO00USA_R_20252190000_01D_15S_MO.crx.gz ', 'ADIS00ETH_R_20252190000_01D_30S_MO.crx.gz ', 'AIRA00JPN_R_20252190000_01D_30S_MO.crx.gz ', 'AL2H00CAN_R_20252190000_01D_30S_MO.crx.gz ', 'ALAC00ESP_R_20252190000_01D_30S_MO.crx.gz ', 'ALB400CAN_R_20252190000_01D_30S_MO.crx.gz ']
  [IGS/NYA1] Running TEC pipeline for 2025-08-07 …
  [nav] Using multi-GNSS mixed nav: BRDC00IGS_R_20252190000_01D_MN.rnx.gz
  [NYA1]  10/100 SVs ( 10.0%)    3 arcs
  [NYA1]  20/100 SVs ( 20.0%)   10 arcs
  [NYA1]  30/100 SVs ( 30.0%)   37 arcs
  [NYA1]  40/100 SVs ( 40.0%)   69 arcs
  [NYA1]  50/100 SVs ( 50.0%)   97 arcs
  [NYA1]  60/100 SVs ( 60.0%)  125 arcs
  [NYA1]  70/100 SVs ( 70.0%)  150 arcs
  [NYA1]  80/100 SVs ( 80.0%)  178 arcs
  [NYA1]  90/100 SVs ( 90.0%)  197 arcs
  [NYA1] 100/100 SVs (100.0%)  226 arcs
  [NYA1] 100/100 SVs done  226 arcs
  [IGS/NYA1] 226 raw arcs → 201 valid entries
  0 minima window(s), 406 IGS arc(s)
  [skip] No GNSS-RO minima windows for this day matching --window 1227.

======================================================================
[Day] 2025-08-12  tier=2  instruments=['TRO']
  [IGS/TRO1] Running TEC pipeline for 2025-08-12 …
  [nav] Using multi-GNSS mixed nav: BRDC00IGS_R_20252240000_01D_MN.rnx.gz
  [TRO1]  10/101 SVs (  9.9%)    0 arcs
  [TRO1]  20/101 SVs ( 19.8%)    4 arcs
  [TRO1]  30/101 SVs ( 29.7%)   44 arcs
  [TRO1]  40/101 SVs ( 39.6%)  106 arcs
  [TRO1]  50/101 SVs ( 49.5%)  142 arcs
  [TRO1]  60/101 SVs ( 59.4%)  180 arcs
  [TRO1]  70/101 SVs ( 69.3%)  241 arcs
  [TRO1]  80/101 SVs ( 79.2%)  288 arcs
  [TRO1]  90/101 SVs ( 89.1%)  321 arcs
  [TRO1] 100/101 SVs ( 99.0%)  367 arcs
  [TRO1] 101/101 SVs (100.0%)  375 arcs
  [TRO1] 101/101 SVs done  375 arcs
  [IGS/TRO1] 375 raw arcs → 229 valid entries
  [IGS/WUTH] Running TEC pipeline for 2025-08-12 …
  [IGS/WUTH] Pipeline failed: No RINEX-3 observation file found in https://cddis.nasa.gov/archive/gnss/data/daily/2025/224/25d for station WUTH. Available: ['ABMF00GLP_R_20252240000_01D_30S_MO.crx.gz ', 'AC2300USA_R_20252240000_01D_15S_MO.crx.gz ', 'AC2400USA_R_20252240000_01D_15S_MO.crx.gz ', 'ACRG00GHA_R_20252240000_01D_30S_MO.crx.gz ', 'ACSO00USA_R_20252240000_01D_15S_MO.crx.gz ', 'ADIS00ETH_R_20252240000_01D_30S_MO.crx.gz ', 'AIRA00JPN_R_20252240000_01D_30S_MO.crx.gz ', 'AL2H00CAN_R_20252240000_01D_30S_MO.crx.gz ', 'ALAC00ESP_R_20252240000_01D_30S_MO.crx.gz ', 'ALB400CAN_R_20252240000_01D_30S_MO.crx.gz ']
  [IGS/NYA1] Running TEC pipeline for 2025-08-12 …
  [nav] Using multi-GNSS mixed nav: BRDC00IGS_R_20252240000_01D_MN.rnx.gz
  [NYA1]  10/100 SVs ( 10.0%)    6 arcs
  [NYA1]  20/100 SVs ( 20.0%)   20 arcs
  [NYA1]  30/100 SVs ( 30.0%)  104 arcs
  [NYA1]  40/100 SVs ( 40.0%)  177 arcs
  [NYA1]  50/100 SVs ( 50.0%)  260 arcs
  [NYA1]  60/100 SVs ( 60.0%)  326 arcs
  [NYA1]  70/100 SVs ( 70.0%)  388 arcs
  [NYA1]  80/100 SVs ( 80.0%)  454 arcs
  [NYA1]  90/100 SVs ( 90.0%)  508 arcs
  [NYA1] 100/100 SVs (100.0%)  570 arcs
  [NYA1] 100/100 SVs done  570 arcs
  [IGS/NYA1] 570 raw arcs → 341 valid entries
  0 minima window(s), 570 IGS arc(s)
  [skip] No GNSS-RO minima windows for this day matching --window 1227.

======================================================================
[Day] 2025-08-27  tier=2  instruments=['ESR']
  Scanning 9819 files for metadata …
  Found 9819 valid files across 755 geographic groups (48 30-min windows).
[ISR-DA][minima-windows] 2025-08-27: 15 window(s) (>= 10 arcs each)
  0100  centre=2025-08-27 01:00:00  n_occ=50  span=[2025-08-27 00:00:00 .. 2025-08-27 02:00:00)
  0247  centre=2025-08-27 02:47:30  n_occ=39  span=[2025-08-27 02:00:00 .. 2025-08-27 03:35:00)
  0422  centre=2025-08-27 04:22:30  n_occ=49  span=[2025-08-27 03:35:00 .. 2025-08-27 05:10:00)
  0557  centre=2025-08-27 05:57:30  n_occ=56  span=[2025-08-27 05:10:00 .. 2025-08-27 06:45:00)
  0735  centre=2025-08-27 07:35:00  n_occ=82  span=[2025-08-27 06:45:00 .. 2025-08-27 08:25:00)
  0912  centre=2025-08-27 09:12:30  n_occ=121  span=[2025-08-27 08:25:00 .. 2025-08-27 10:00:00)
  1050  centre=2025-08-27 10:50:00  n_occ=98  span=[2025-08-27 10:00:00 .. 2025-08-27 11:40:00)
  1227  centre=2025-08-27 12:27:30  n_occ=62  span=[2025-08-27 11:40:00 .. 2025-08-27 13:15:00)
  1400  centre=2025-08-27 14:00:00  n_occ=60  span=[2025-08-27 13:15:00 .. 2025-08-27 14:45:00)
  1535  centre=2025-08-27 15:35:00  n_occ=63  span=[2025-08-27 14:45:00 .. 2025-08-27 16:25:00)
  1717  centre=2025-08-27 17:17:30  n_occ=44  span=[2025-08-27 16:25:00 .. 2025-08-27 18:10:00)
  1857  centre=2025-08-27 18:57:30  n_occ=46  span=[2025-08-27 18:10:00 .. 2025-08-27 19:45:00)
  2025  centre=2025-08-27 20:25:00  n_occ=65  span=[2025-08-27 19:45:00 .. 2025-08-27 21:05:00)
  2200  centre=2025-08-27 22:00:00  n_occ=98  span=[2025-08-27 21:05:00 .. 2025-08-27 22:55:00)
  2327  centre=2025-08-27 23:27:30  n_occ=60  span=[2025-08-27 22:55:00 .. 2025-08-28 00:00:00)
  [IGS/TRO1] Loaded 226 arc(s) from cache.
  [IGS/WUTH] Running TEC pipeline for 2025-08-27 …
  [IGS/WUTH] Pipeline failed: No RINEX-3 observation file found in https://cddis.nasa.gov/archive/gnss/data/daily/2025/239/25d for station WUTH. Available: ['ABMF00GLP_R_20252390000_01D_30S_MO.crx.gz ', 'AC2300USA_R_20252390000_01D_15S_MO.crx.gz ', 'AC2400USA_R_20252390000_01D_15S_MO.crx.gz ', 'ACRG00GHA_R_20252390000_01D_30S_MO.crx.gz ', 'ACSO00USA_R_20252390000_01D_15S_MO.crx.gz ', 'ADIS00ETH_R_20252390000_01D_30S_MO.crx.gz ', 'AIRA00JPN_R_20252390000_01D_30S_MO.crx.gz ', 'AL2H00CAN_R_20252390000_01D_30S_MO.crx.gz ', 'ALAC00ESP_R_20252390000_01D_30S_MO.crx.gz ', 'ALB400CAN_R_20252390000_01D_30S_MO.crx.gz ']
  [IGS/NYA1] Loaded 325 arc(s) from cache.
  1 minima window(s), 551 IGS arc(s)
  Running 1 window(s) x 7 occultation-count bins x 3 obs modes x 2 filters ...
  [diag] Reordered 1 window(s): 1 ISR-aligned (most occultations first), 0 without ISR truth (run last)
EDPS: (55, 1650, 50), N_geo: 1650
EDPS: (55, 1650, 50), N_geo: 1650
No valid descending tangent points found. Skipping.
No valid descending tangent points found. Skipping.
No valid descending tangent points found. Skipping.
No valid descending tangent points found. Skipping.
No valid descending tangent points found. Skipping.
No valid descending tangent points found. Skipping.
No valid descending tangent points found. Skipping.
No valid descending tangent points found. Skipping.
No valid descending tangent points found. Skipping.
No valid descending tangent points found. Skipping.
No valid descending tangent points found. Skipping.
No valid descending tangent points found. Skipping.
No valid descending tangent points found. Skipping.
No valid descending tangent points found. Skipping.
▶▶▶ _run_or_load START | 2025-08-27_1227 | bin=all | ro_only   | gridded_kf    
    [diag] 2025-08-27_1227 | bin=all | ro_only   | gridded_kf     : RUNNING    (force=True, cached=True) ...

────────────────────────────────────────────────────────────
  Group : 2025-08-27_1227
  Window: 2025-08-27_1227  |  Region: POLAR_N  |  62 occultation(s)
────────────────────────────────────────────────────────────
No valid descending tangent points found. Skipping.
    [skip] podTc2_GN04.2025.239.12.17.0019.R24.01_0000.0001_nc — parse returned None
No valid descending tangent points found. Skipping.
    [skip] podTc2_GN04.2025.239.12.17.0019.G31.01_0000.0001_nc — parse returned None
No valid descending tangent points found. Skipping.
    [skip] podTc2_GN04.2025.239.12.20.0016.C25.01_0000.0001_nc — parse returned None
No valid descending tangent points found. Skipping.
    [skip] podTc2_GN04.2025.239.12.21.0015.C34.01_0000.0001_nc — parse returned None
No valid descending tangent points found. Skipping.
    [skip] podTc2_GN04.2025.239.12.23.0013.R05.01_0000.0001_nc — parse returned None
No valid descending tangent points found. Skipping.
    [skip] podTc2_GN04.2025.239.12.23.0013.C32.01_0000.0001_nc — parse returned None
No valid descending tangent points found. Skipping.
    [skip] podTc2_GN04.2025.239.12.26.0010.R14.01_0000.0001_nc — parse returned None
No valid descending tangent points found. Skipping.
    [skip] podTc2_GN05.2025.239.12.33.0019.C25.01_0000.0001_nc — parse returned None
No valid descending tangent points found. Skipping.
    [skip] podTc2_GN05.2025.239.12.34.0018.R24.01_0000.0001_nc — parse returned None
No valid descending tangent points found. Skipping.
    [skip] podTc2_GN05.2025.239.12.37.0015.C34.01_0000.0001_nc — parse returned None
No valid descending tangent points found. Skipping.
    [skip] podTc2_GN05.2025.239.12.38.0014.R14.01_0000.0001_nc — parse returned None
No valid descending tangent points found. Skipping.
    [skip] podTc2_GN05.2025.239.12.38.0014.E24.01_0000.0001_nc — parse returned None
No valid descending tangent points found. Skipping.
    [skip] podTc2_GN05.2025.239.12.39.0013.E03.01_0000.0001_nc — parse returned None
No valid descending tangent points found. Skipping.
    [skip] podTc2_GN05.2025.239.12.40.0013.R05.01_0000.0001_nc — parse returned None
  Parsed 48/62 files successfully.
    [podTc2] GN04 12:35 — 711 valid rays → decimated to 178 (stride 4)
    [podTc2] GN04 12:35 — 621 valid rays → decimated to 156 (stride 4)
    [podTc2] GN04 12:35 — 473 valid rays → decimated to 158 (stride 3)
    [podTc2] GN04 12:35 — 406 valid rays → decimated to 136 (stride 3)
    [podTc2] GN04 12:36 — 431 valid rays → decimated to 144 (stride 3)
    [podTc2] GN04 12:36 — 322 valid rays → decimated to 161 (stride 2)
    [podTc2] GN04 12:37 — 460 valid rays → decimated to 154 (stride 3)
    [podTc2] GN04 12:36 — 282 valid rays → decimated to 141 (stride 2)
    [podTc2] GN04 12:36 — 324 valid rays → decimated to 162 (stride 2)
    [podTc2] GN04 12:36 — 368 valid rays → decimated to 184 (stride 2)
    [podTc2] GN04 12:36 — 230 valid rays → decimated to 115 (stride 2)
    [podTc2] GN04 12:35 — 325 valid rays → decimated to 163 (stride 2)
    [podTc2] GN04 12:35 — 416 valid rays → decimated to 139 (stride 3)
    [podTc2] GN04 12:36 — 126 valid rays → decimated to 126 (stride 1)
    [podTc2] YM08 12:19 — 418 valid rays → decimated to 140 (stride 3)
    [podTc2] GN04 12:41 — 384 valid rays → decimated to 192 (stride 2)
    [podTc2] GN05 12:50 — 438 valid rays → decimated to 146 (stride 3)
    [podTc2] GN04 12:36 — 56 valid rays → decimated to 56 (stride 1)
    [podTc2] YM08 12:24 — 437 valid rays → decimated to 146 (stride 3)
    [podTc2] GN04 12:44 — 438 valid rays → decimated to 146 (stride 3)
    [podTc2] GN05 12:52 — 417 valid rays → decimated to 139 (stride 3)
    [podTc2] GN04 12:44 — 543 valid rays → decimated to 181 (stride 3)
    [podTc2] GN04 12:26 — 482 valid rays → decimated to 161 (stride 3)
    [podTc2] GN04 12:26 — 482 valid rays → decimated to 161 (stride 3)
    [podTc2] GN05 12:52 — 270 valid rays → decimated to 135 (stride 2)
    [podTc2] GN05 12:53 — 306 valid rays → decimated to 153 (stride 2)
    [podTc2] GN05 12:52 — 189 valid rays → decimated to 189 (stride 1)
    [podTc2] GN04 12:27 — 442 valid rays → decimated to 148 (stride 3)
    [podTc2] GN04 12:27 — 442 valid rays → decimated to 148 (stride 3)
    [podTc2] YM08 12:26 — 252 valid rays → decimated to 126 (stride 2)
    [podTc2] YM08 12:27 — 411 valid rays → decimated to 137 (stride 3)
    [podTc2] YM08 12:28 — 404 valid rays → decimated to 135 (stride 3)
    [podTc2] GN05 12:50 — 394 valid rays → decimated to 197 (stride 2)
    [podTc2] YM08 12:28 — 784 valid rays → decimated to 196 (stride 4)
    [podTc2] GN04 12:30 — 449 valid rays → decimated to 150 (stride 3)
    [podTc2] GN04 12:31 — 408 valid rays → decimated to 136 (stride 3)
    [podTc2] GN05 12:52 — 57 valid rays → decimated to 57 (stride 1)
    [podTc2] GN04 12:31 — 499 valid rays → decimated to 167 (stride 3)
    [skip] GN05 12:53 — only 9 valid rays
    [podTc2] GN05 12:52 — 102 valid rays → decimated to 102 (stride 1)
    [podTc2] GN04 12:33 — 339 valid rays → decimated to 170 (stride 2)
    [podTc2] GN04 12:34 — 452 valid rays → decimated to 151 (stride 3)
    [podTc2] GN04 12:35 — 1821 valid rays → decimated to 183 (stride 10)
    [podTc2] GN05 12:42 — 469 valid rays → decimated to 157 (stride 3)
    [podTc2] GN05 12:44 — 462 valid rays → decimated to 154 (stride 3)
    [podTc2] GN05 12:44 — 431 valid rays → decimated to 144 (stride 3)
    [podTc2] GN05 12:52 — 88 valid rays → decimated to 88 (stride 1)
    [podTc2] GN05 12:44 — 396 valid rays → decimated to 198 (stride 2)
  Bbox lat [17.2, 90.0]  lon [-180.0, 180.0]  |  union vertices: 190
  Final group: 47 occultation(s), 190 union-mesh vertices
  Saved trim diagnostic → /home/austinhunter/IonosphereTomography/Figures/ISR_DA_Comparison/OUTPUT/2025-08-27_1227/bin_all/ro_only/group_2025-08-27_1227_trim.png
  -> Building H matrices (7006 rays across 47 arc(s), single parallel sweep) …
  -> Building H matrices:    700/7006 rays ( 10.0%)
  -> Building H matrices:   1400/7006 rays ( 20.0%)
  -> Building H matrices:   2100/7006 rays ( 30.0%)
  -> Building H matrices:   2800/7006 rays ( 40.0%)
  -> Building H matrices:   3500/7006 rays ( 50.0%)
  -> Building H matrices:   4200/7006 rays ( 59.9%)
  -> Building H matrices:   4900/7006 rays ( 69.9%)
  -> Building H matrices:   5600/7006 rays ( 79.9%)
  -> Building H matrices:   6300/7006 rays ( 89.9%)
  -> Building H matrices:   7000/7006 rays ( 99.9%)
  -> Building H matrices:   7006/7006 rays (100.0%)
  Combined H shape : (7006, 10640)  (total rays = 7006)
  Skipping sequential KF assimilation (run_sequential=False).
  Running joint (batch) KF assimilation …
  Prior RMSE  : 36.374 TECU
  Post  RMSE  : 14.378 TECU
    [Abel] GN04 12:35: NmF2=4.14e+11 m⁻³  hmF2=357.5 km
    [Abel] GN04 12:35: NmF2=4.14e+11 m⁻³  hmF2=357.5 km
    [Abel] GN04 12:35: NmF2=5.33e+11 m⁻³  hmF2=294.9 km
    [Abel] GN04 12:35: NmF2=5.33e+11 m⁻³  hmF2=294.9 km
    [Abel] GN04 12:36: NmF2=4.89e+11 m⁻³  hmF2=293.5 km
    [Abel] GN04 12:36: NmF2=4.89e+11 m⁻³  hmF2=293.5 km
    [Abel] GN04 12:37: NmF2=4.58e+11 m⁻³  hmF2=306.7 km
    [Abel] GN04 12:36: NmF2=4.01e+11 m⁻³  hmF2=354.9 km
    [Abel] GN04 12:36: NmF2=5.22e+11 m⁻³  hmF2=291.1 km
    [Abel] GN04 12:36: NmF2=5.22e+11 m⁻³  hmF2=291.1 km
    [Abel] GN04 12:36: NmF2=2.35e+11 m⁻³  hmF2=536.6 km
    [Abel] GN04 12:35: NmF2=4.12e+11 m⁻³  hmF2=285.0 km
    [Abel] GN04 12:35: NmF2=4.12e+11 m⁻³  hmF2=285.0 km
    [Abel] GN04 12:36: NmF2=1.56e+11 m⁻³  hmF2=573.2 km
    [Abel] YM08 12:19: NmF2=4.58e+11 m⁻³  hmF2=277.2 km
    [Abel] GN04 12:41: NmF2=4.52e+11 m⁻³  hmF2=322.9 km
    [Abel] GN05 12:50: NmF2=4.47e+11 m⁻³  hmF2=326.0 km
    [Abel] GN04 12:36: NmF2=1.20e+11 m⁻³  hmF2=577.6 km
    [Abel] YM08 12:24: NmF2=3.35e+11 m⁻³  hmF2=311.3 km
    [Abel] GN04 12:44: NmF2=5.78e+11 m⁻³  hmF2=263.2 km
    [Abel] GN05 12:52: NmF2=5.09e+11 m⁻³  hmF2=350.1 km
    [Abel] GN04 12:44: NmF2=6.75e+11 m⁻³  hmF2=259.6 km
    [Abel] GN04 12:26: NmF2=6.88e+11 m⁻³  hmF2=271.7 km
    [Abel] GN04 12:26: NmF2=6.88e+11 m⁻³  hmF2=271.7 km
    [Abel] GN05 12:52: NmF2=3.14e+11 m⁻³  hmF2=392.2 km
    [Abel] GN05 12:53: NmF2=3.83e+11 m⁻³  hmF2=363.0 km
    [Abel] GN05 12:52: NmF2=2.06e+11 m⁻³  hmF2=475.0 km
    [Abel] GN04 12:27: NmF2=3.85e+11 m⁻³  hmF2=364.7 km
    [Abel] GN04 12:27: NmF2=3.85e+11 m⁻³  hmF2=364.7 km
    [Abel] YM08 12:26: NmF2=3.65e+11 m⁻³  hmF2=308.0 km
    [Abel] YM08 12:27: NmF2=4.44e+11 m⁻³  hmF2=295.5 km
    [Abel] YM08 12:28: NmF2=4.59e+11 m⁻³  hmF2=331.7 km
    [Abel] GN05 12:50: NmF2=6.00e+11 m⁻³  hmF2=292.5 km
    [Abel] YM08 12:28: NmF2=5.87e+11 m⁻³  hmF2=411.2 km
    [Abel] GN04 12:30: NmF2=4.55e+11 m⁻³  hmF2=329.2 km
    [Abel] GN04 12:31: NmF2=5.01e+11 m⁻³  hmF2=331.1 km
    [Abel] GN05 12:52: NmF2=1.86e+11 m⁻³  hmF2=582.0 km
    [Abel] GN04 12:31: NmF2=4.39e+11 m⁻³  hmF2=297.8 km
    [Abel] GN05 12:52: NmF2=1.46e+11 m⁻³  hmF2=539.2 km
    [Abel] GN04 12:33: NmF2=4.18e+11 m⁻³  hmF2=330.0 km
    [Abel] GN04 12:34: NmF2=5.57e+11 m⁻³  hmF2=277.9 km
    [Abel] GN04 12:35: NmF2=9.51e+14 m⁻³  hmF2=493.4 km
    [Abel] GN05 12:42: NmF2=4.04e+11 m⁻³  hmF2=287.6 km
    [Abel] GN05 12:44: NmF2=5.15e+11 m⁻³  hmF2=289.9 km
    [Abel] GN05 12:44: NmF2=4.26e+11 m⁻³  hmF2=404.4 km
    [Abel] GN05 12:52: NmF2=1.84e+11 m⁻³  hmF2=579.2 km
    [Abel] GN05 12:44: NmF2=4.84e+11 m⁻³  hmF2=291.1 km
◀◀◀ _run_or_load END   | 2025-08-27_1227 | bin=all | ro_only   | gridded_kf     : DONE       (460.8s) -> status=Success
▶▶▶ _run_or_load START | 2025-08-27_1227 | bin=all | ro_igs    | gridded_kf    
    [diag] 2025-08-27_1227 | bin=all | ro_igs    | gridded_kf     : RUNNING    (force=True, cached=True) ...

────────────────────────────────────────────────────────────
  Group : 2025-08-27_1227
  Window: 2025-08-27_1227  |  Region: POLAR_N  |  62 occultation(s)
────────────────────────────────────────────────────────────
No valid descending tangent points found. Skipping.
    [skip] podTc2_GN04.2025.239.12.17.0019.R24.01_0000.0001_nc — parse returned None
No valid descending tangent points found. Skipping.
    [skip] podTc2_GN04.2025.239.12.17.0019.G31.01_0000.0001_nc — parse returned None
No valid descending tangent points found. Skipping.
    [skip] podTc2_GN04.2025.239.12.20.0016.C25.01_0000.0001_nc — parse returned None
No valid descending tangent points found. Skipping.
    [skip] podTc2_GN04.2025.239.12.21.0015.C34.01_0000.0001_nc — parse returned None
No valid descending tangent points found. Skipping.
    [skip] podTc2_GN04.2025.239.12.23.0013.R05.01_0000.0001_nc — parse returned None
No valid descending tangent points found. Skipping.
    [skip] podTc2_GN04.2025.239.12.23.0013.C32.01_0000.0001_nc — parse returned None
No valid descending tangent points found. Skipping.
    [skip] podTc2_GN04.2025.239.12.26.0010.R14.01_0000.0001_nc — parse returned None
No valid descending tangent points found. Skipping.
    [skip] podTc2_GN05.2025.239.12.33.0019.C25.01_0000.0001_nc — parse returned None
No valid descending tangent points found. Skipping.
    [skip] podTc2_GN05.2025.239.12.34.0018.R24.01_0000.0001_nc — parse returned None
No valid descending tangent points found. Skipping.
    [skip] podTc2_GN05.2025.239.12.37.0015.C34.01_0000.0001_nc — parse returned None
No valid descending tangent points found. Skipping.
    [skip] podTc2_GN05.2025.239.12.38.0014.R14.01_0000.0001_nc — parse returned None
No valid descending tangent points found. Skipping.
    [skip] podTc2_GN05.2025.239.12.38.0014.E24.01_0000.0001_nc — parse returned None
No valid descending tangent points found. Skipping.
    [skip] podTc2_GN05.2025.239.12.39.0013.E03.01_0000.0001_nc — parse returned None
No valid descending tangent points found. Skipping.
    [skip] podTc2_GN05.2025.239.12.40.0013.R05.01_0000.0001_nc — parse returned None
  Parsed 48/62 files successfully.
    [podTc2] GN04 12:35 — 711 valid rays → decimated to 178 (stride 4)
    [podTc2] GN04 12:35 — 621 valid rays → decimated to 156 (stride 4)
    [podTc2] GN04 12:35 — 473 valid rays → decimated to 158 (stride 3)
    [podTc2] GN04 12:35 — 406 valid rays → decimated to 136 (stride 3)
    [podTc2] GN04 12:36 — 431 valid rays → decimated to 144 (stride 3)
    [podTc2] GN04 12:36 — 322 valid rays → decimated to 161 (stride 2)
    [podTc2] GN04 12:37 — 460 valid rays → decimated to 154 (stride 3)
    [podTc2] GN04 12:36 — 282 valid rays → decimated to 141 (stride 2)
    [podTc2] GN04 12:36 — 324 valid rays → decimated to 162 (stride 2)
    [podTc2] GN04 12:36 — 368 valid rays → decimated to 184 (stride 2)
    [podTc2] GN04 12:36 — 230 valid rays → decimated to 115 (stride 2)
    [podTc2] GN04 12:35 — 325 valid rays → decimated to 163 (stride 2)
    [podTc2] GN04 12:35 — 416 valid rays → decimated to 139 (stride 3)
    [podTc2] GN04 12:36 — 126 valid rays → decimated to 126 (stride 1)
    [podTc2] YM08 12:19 — 418 valid rays → decimated to 140 (stride 3)
    [podTc2] GN04 12:41 — 384 valid rays → decimated to 192 (stride 2)
    [podTc2] GN05 12:50 — 438 valid rays → decimated to 146 (stride 3)
    [podTc2] GN04 12:36 — 56 valid rays → decimated to 56 (stride 1)
    [podTc2] YM08 12:24 — 437 valid rays → decimated to 146 (stride 3)
    [podTc2] GN04 12:44 — 438 valid rays → decimated to 146 (stride 3)
    [podTc2] GN05 12:52 — 417 valid rays → decimated to 139 (stride 3)
    [podTc2] GN04 12:44 — 543 valid rays → decimated to 181 (stride 3)
    [podTc2] GN04 12:26 — 482 valid rays → decimated to 161 (stride 3)
    [podTc2] GN04 12:26 — 482 valid rays → decimated to 161 (stride 3)
    [podTc2] GN05 12:52 — 270 valid rays → decimated to 135 (stride 2)
    [podTc2] GN05 12:53 — 306 valid rays → decimated to 153 (stride 2)
    [podTc2] GN05 12:52 — 189 valid rays → decimated to 189 (stride 1)
    [podTc2] GN04 12:27 — 442 valid rays → decimated to 148 (stride 3)
    [podTc2] GN04 12:27 — 442 valid rays → decimated to 148 (stride 3)
    [podTc2] YM08 12:26 — 252 valid rays → decimated to 126 (stride 2)
    [podTc2] YM08 12:27 — 411 valid rays → decimated to 137 (stride 3)
    [podTc2] YM08 12:28 — 404 valid rays → decimated to 135 (stride 3)
    [podTc2] GN05 12:50 — 394 valid rays → decimated to 197 (stride 2)
    [podTc2] YM08 12:28 — 784 valid rays → decimated to 196 (stride 4)
    [podTc2] GN04 12:30 — 449 valid rays → decimated to 150 (stride 3)
    [podTc2] GN04 12:31 — 408 valid rays → decimated to 136 (stride 3)
    [podTc2] GN05 12:52 — 57 valid rays → decimated to 57 (stride 1)
    [podTc2] GN04 12:31 — 499 valid rays → decimated to 167 (stride 3)
    [skip] GN05 12:53 — only 9 valid rays
    [podTc2] GN05 12:52 — 102 valid rays → decimated to 102 (stride 1)
    [podTc2] GN04 12:33 — 339 valid rays → decimated to 170 (stride 2)
    [podTc2] GN04 12:34 — 452 valid rays → decimated to 151 (stride 3)
    [podTc2] GN04 12:35 — 1821 valid rays → decimated to 183 (stride 10)
    [podTc2] GN05 12:42 — 469 valid rays → decimated to 157 (stride 3)
    [podTc2] GN05 12:44 — 462 valid rays → decimated to 154 (stride 3)
    [podTc2] GN05 12:44 — 431 valid rays → decimated to 144 (stride 3)
    [podTc2] GN05 12:52 — 88 valid rays → decimated to 88 (stride 1)
    [podTc2] GN05 12:44 — 396 valid rays → decimated to 198 (stride 2)
  Bbox lat [17.2, 90.0]  lon [-180.0, 180.0]  |  union vertices: 190
  Final group: 47 occultation(s), 190 union-mesh vertices
  Saved trim diagnostic → /home/austinhunter/IonosphereTomography/Figures/ISR_DA_Comparison/OUTPUT/2025-08-27_1227/bin_all/ro_igs/group_2025-08-27_1227_trim.png
  [extra] Injected 51 ground-station arc(s) → total 98 arc(s) in assimilation pool
  -> Building H matrices (7057 rays across 98 arc(s), single parallel sweep) …
  -> Building H matrices:    705/7057 rays ( 10.0%)
  -> Building H matrices:   1410/7057 rays ( 20.0%)
  -> Building H matrices:   2115/7057 rays ( 30.0%)
  -> Building H matrices:   2820/7057 rays ( 40.0%)
  -> Building H matrices:   3525/7057 rays ( 50.0%)
  -> Building H matrices:   4230/7057 rays ( 59.9%)
  -> Building H matrices:   4935/7057 rays ( 69.9%)
  -> Building H matrices:   5640/7057 rays ( 79.9%)
  -> Building H matrices:   6345/7057 rays ( 89.9%)
  -> Building H matrices:   7050/7057 rays ( 99.9%)
  -> Building H matrices:   7057/7057 rays (100.0%)
  Combined H shape : (7057, 10640)  (total rays = 7057)
  Skipping sequential KF assimilation (run_sequential=False).
  Running joint (batch) KF assimilation …
  Prior RMSE  : 36.349 TECU
  Post  RMSE  : 14.562 TECU
    [Abel] GN04 12:35: NmF2=4.14e+11 m⁻³  hmF2=357.5 km
    [Abel] GN04 12:35: NmF2=4.14e+11 m⁻³  hmF2=357.5 km
    [Abel] GN04 12:35: NmF2=5.33e+11 m⁻³  hmF2=294.9 km
    [Abel] GN04 12:35: NmF2=5.33e+11 m⁻³  hmF2=294.9 km
    [Abel] GN04 12:36: NmF2=4.89e+11 m⁻³  hmF2=293.5 km
    [Abel] GN04 12:36: NmF2=4.89e+11 m⁻³  hmF2=293.5 km
    [Abel] GN04 12:37: NmF2=4.58e+11 m⁻³  hmF2=306.7 km
    [Abel] GN04 12:36: NmF2=4.01e+11 m⁻³  hmF2=354.9 km
    [Abel] GN04 12:36: NmF2=5.22e+11 m⁻³  hmF2=291.1 km
    [Abel] GN04 12:36: NmF2=5.22e+11 m⁻³  hmF2=291.1 km
    [Abel] GN04 12:36: NmF2=2.35e+11 m⁻³  hmF2=536.6 km
    [Abel] GN04 12:35: NmF2=4.12e+11 m⁻³  hmF2=285.0 km
    [Abel] GN04 12:35: NmF2=4.12e+11 m⁻³  hmF2=285.0 km
    [Abel] GN04 12:36: NmF2=1.56e+11 m⁻³  hmF2=573.2 km
    [Abel] YM08 12:19: NmF2=4.58e+11 m⁻³  hmF2=277.2 km
    [Abel] GN04 12:41: NmF2=4.52e+11 m⁻³  hmF2=322.9 km
    [Abel] GN05 12:50: NmF2=4.47e+11 m⁻³  hmF2=326.0 km
    [Abel] GN04 12:36: NmF2=1.20e+11 m⁻³  hmF2=577.6 km
    [Abel] YM08 12:24: NmF2=3.35e+11 m⁻³  hmF2=311.3 km
    [Abel] GN04 12:44: NmF2=5.78e+11 m⁻³  hmF2=263.2 km
    [Abel] GN05 12:52: NmF2=5.09e+11 m⁻³  hmF2=350.1 km
    [Abel] GN04 12:44: NmF2=6.75e+11 m⁻³  hmF2=259.6 km
    [Abel] GN04 12:26: NmF2=6.88e+11 m⁻³  hmF2=271.7 km
    [Abel] GN04 12:26: NmF2=6.88e+11 m⁻³  hmF2=271.7 km
    [Abel] GN05 12:52: NmF2=3.14e+11 m⁻³  hmF2=392.2 km
    [Abel] GN05 12:53: NmF2=3.83e+11 m⁻³  hmF2=363.0 km
    [Abel] GN05 12:52: NmF2=2.06e+11 m⁻³  hmF2=475.0 km
    [Abel] GN04 12:27: NmF2=3.85e+11 m⁻³  hmF2=364.7 km
    [Abel] GN04 12:27: NmF2=3.85e+11 m⁻³  hmF2=364.7 km
    [Abel] YM08 12:26: NmF2=3.65e+11 m⁻³  hmF2=308.0 km
    [Abel] YM08 12:27: NmF2=4.44e+11 m⁻³  hmF2=295.5 km
    [Abel] YM08 12:28: NmF2=4.59e+11 m⁻³  hmF2=331.7 km
    [Abel] GN05 12:50: NmF2=6.00e+11 m⁻³  hmF2=292.5 km
    [Abel] YM08 12:28: NmF2=5.87e+11 m⁻³  hmF2=411.2 km
    [Abel] GN04 12:30: NmF2=4.55e+11 m⁻³  hmF2=329.2 km
    [Abel] GN04 12:31: NmF2=5.01e+11 m⁻³  hmF2=331.1 km
    [Abel] GN05 12:52: NmF2=1.86e+11 m⁻³  hmF2=582.0 km
    [Abel] GN04 12:31: NmF2=4.39e+11 m⁻³  hmF2=297.8 km
    [Abel] GN05 12:52: NmF2=1.46e+11 m⁻³  hmF2=539.2 km
    [Abel] GN04 12:33: NmF2=4.18e+11 m⁻³  hmF2=330.0 km
    [Abel] GN04 12:34: NmF2=5.57e+11 m⁻³  hmF2=277.9 km
    [Abel] GN04 12:35: NmF2=9.51e+14 m⁻³  hmF2=493.4 km
    [Abel] GN05 12:42: NmF2=4.04e+11 m⁻³  hmF2=287.6 km
    [Abel] GN05 12:44: NmF2=5.15e+11 m⁻³  hmF2=289.9 km
    [Abel] GN05 12:44: NmF2=4.26e+11 m⁻³  hmF2=404.4 km
    [Abel] GN05 12:52: NmF2=1.84e+11 m⁻³  hmF2=579.2 km
    [Abel] GN05 12:44: NmF2=4.84e+11 m⁻³  hmF2=291.1 km
    [Abel] Skipped 51 ground-station arc(s) (RO-only technique)
/home/austinhunter/Downloads/PlanetiQ_Code/venv311/lib/python3.11/site-packages/shapely/creation.py:218: RuntimeWarning: invalid value encountered in linestrings
  return lib.linestrings(coords, np.intc(handle_nan), out=out, **kwargs)
◀◀◀ _run_or_load END   | 2025-08-27_1227 | bin=all | ro_igs    | gridded_kf     : DONE       (458.5s) -> status=Success
▶▶▶ _run_or_load START | 2025-08-27_1227 | bin=all | igs_only  | gridded_kf    
    [diag] 2025-08-27_1227 | bin=all | igs_only  | gridded_kf     : RUNNING    (force=True, cached=True) ...
    [Info] Initialising information matrix (n_state=16280) …
    [Info] arcs ingested = 51/51  |  obs rows = 51  |  Λ cond ≈ 2.33e+23
    [Info] Solving …
    [Prior] innovation  mean=29.85  std=22.22  n_obs=51
    [Post ] innovation  mean=18.58  std=17.69
    RMSE:  prior=37.212 TECU  →  post=25.654 TECU
◀◀◀ _run_or_load END   | 2025-08-27_1227 | bin=all | igs_only  | gridded_kf     : DONE       (134.0s) -> status=ok (no 'status' key)
▶▶▶ _run_or_load START | 2025-08-27_1227 | bin=all | ro_only   | parametric_ekf
    [diag] 2025-08-27_1227 | bin=all | ro_only   | parametric_ekf : RUNNING    (force=True, cached=True) ...
  [EKF] Building IRI state at 190 grid points (batch call) …
  [EnKF] Estimating background covariance from 50 EDP samples x 190 grid points ...
  [EnKF] Parameter sigma: log10(NmF2)=0.15  hmF2=20  H0=15  gamma=0.15  B0=20  B1=0.3  log10(NmE)=0.2  hmE=8
  [EnKF] Spatial corr (Ne-space KF method): mean=0.962  max=1.000  min=0.172
  [EKF] Running EKF_Param on 47 arc(s) …
  [EKF] 47 arcs  |  7006 profile rays  |  3638 update rays  |  n_state = 1520
  [EKF] Prior innovations  mean=-79.90  std=36.30  max_abs=242.70 TECU
  [EKF] iterating [analytical]:   0%|          | 0/20 [00:00<?, ?it/s]  [EKF] iterating [analytical]:   0%|          | 0/20 [00:08<?, ?it/s, RMSE=87.763TECU, rel_dP=1.54e-01]  [EKF] iterating [analytical]:   5%|5         | 1/20 [00:08<02:44,  8.63s/it, RMSE=87.763TECU, rel_dP=1.54e-01]  [EKF] iterating [analytical]:   5%|5         | 1/20 [00:17<02:44,  8.63s/it, RMSE=51.488TECU, rel_dP=7.53e-02]  [EKF] iterating [analytical]:  10%|#         | 2/20 [00:17<02:38,  8.82s/it, RMSE=51.488TECU, rel_dP=7.53e-02]  [EKF] iterating [analytical]:  10%|#         | 2/20 [00:26<02:38,  8.82s/it, RMSE=33.906TECU, rel_dP=4.70e-02]  [EKF] iterating [analytical]:  15%|#5        | 3/20 [00:26<02:30,  8.86s/it, RMSE=33.906TECU, rel_dP=4.70e-02]  [EKF] iterating [analytical]:  15%|#5        | 3/20 [00:35<02:30,  8.86s/it, RMSE=26.923TECU, rel_dP=3.53e-02]  [EKF] iterating [analytical]:  20%|##        | 4/20 [00:35<02:22,  8.89s/it, RMSE=26.923TECU, rel_dP=3.53e-02]  [EKF] iterating [analytical]:  20%|##        | 4/20 [00:44<02:22,  8.89s/it, RMSE=24.822TECU, rel_dP=3.18e-02]  [EKF] iterating [analytical]:  25%|##5       | 5/20 [00:44<02:14,  8.94s/it, RMSE=24.822TECU, rel_dP=3.18e-02]  [EKF] iterating [analytical]:  25%|##5       | 5/20 [00:53<02:14,  8.94s/it, RMSE=24.469TECU, rel_dP=2.66e-02]  [EKF] iterating [analytical]:  30%|###       | 6/20 [00:53<02:05,  8.96s/it, RMSE=24.469TECU, rel_dP=2.66e-02]  [EKF] iterating [analytical]:  30%|###       | 6/20 [01:02<02:05,  8.96s/it, RMSE=24.719TECU, rel_dP=2.42e-02]  [EKF] iterating [analytical]:  35%|###5      | 7/20 [01:02<01:56,  8.95s/it, RMSE=24.719TECU, rel_dP=2.42e-02]  [EKF] iterating [analytical]:  35%|###5      | 7/20 [01:11<01:56,  8.95s/it, RMSE=25.270TECU, rel_dP=2.30e-02]  [EKF] iterating [analytical]:  40%|####      | 8/20 [01:11<01:47,  8.94s/it, RMSE=25.270TECU, rel_dP=2.30e-02]  [EKF] iterating [analytical]:  40%|####      | 8/20 [01:20<01:47,  8.94s/it, RMSE=26.122TECU, rel_dP=2.30e-02]  [EKF] iterating [analytical]:  45%|####5     | 9/20 [01:20<01:38,  8.94s/it, RMSE=26.122TECU, rel_dP=2.30e-02]  [EKF] iterating [analytical]:  45%|####5     | 9/20 [01:29<01:38,  8.94s/it, RMSE=27.333TECU, rel_dP=2.01e-02]  [EKF] iterating [analytical]:  50%|#####     | 10/20 [01:29<01:29,  8.94s/it, RMSE=27.333TECU, rel_dP=2.01e-02]  [EKF] iterating [analytical]:  50%|#####     | 10/20 [01:38<01:29,  8.94s/it, RMSE=28.094TECU, rel_dP=2.20e-02]  [EKF] iterating [analytical]:  55%|#####5    | 11/20 [01:38<01:20,  8.97s/it, RMSE=28.094TECU, rel_dP=2.20e-02]  [EKF] iterating [analytical]:  55%|#####5    | 11/20 [01:47<01:20,  8.97s/it, RMSE=28.949TECU, rel_dP=2.59e-02]  [EKF] iterating [analytical]:  60%|######    | 12/20 [01:47<01:11,  8.96s/it, RMSE=28.949TECU, rel_dP=2.59e-02]  [EKF] iterating [analytical]:  60%|######    | 12/20 [01:56<01:11,  8.96s/it, RMSE=30.253TECU, rel_dP=2.20e-02]  [EKF] iterating [analytical]:  65%|######5   | 13/20 [01:56<01:02,  8.95s/it, RMSE=30.253TECU, rel_dP=2.20e-02]  [EKF] iterating [analytical]:  65%|######5   | 13/20 [02:05<01:02,  8.95s/it, RMSE=31.782TECU, rel_dP=2.03e-02]  [EKF] iterating [analytical]:  70%|#######   | 14/20 [02:05<00:53,  8.94s/it, RMSE=31.782TECU, rel_dP=2.03e-02]  [EKF] iterating [analytical]:  70%|#######   | 14/20 [02:13<00:53,  8.94s/it, RMSE=32.505TECU, rel_dP=2.03e-02]  [EKF] iterating [analytical]:  75%|#######5  | 15/20 [02:13<00:44,  8.94s/it, RMSE=32.505TECU, rel_dP=2.03e-02]  [EKF] iterating [analytical]:  75%|#######5  | 15/20 [02:22<00:44,  8.94s/it, RMSE=31.533TECU, rel_dP=1.93e-02]  [EKF] iterating [analytical]:  80%|########  | 16/20 [02:22<00:35,  8.94s/it, RMSE=31.533TECU, rel_dP=1.93e-02]  [EKF] iterating [analytical]:  80%|########  | 16/20 [02:31<00:35,  8.94s/it, RMSE=30.823TECU, rel_dP=1.89e-02]  [EKF] iterating [analytical]:  85%|########5 | 17/20 [02:31<00:26,  8.93s/it, RMSE=30.823TECU, rel_dP=1.89e-02]  [EKF] iterating [analytical]:  85%|########5 | 17/20 [02:40<00:26,  8.93s/it, RMSE=30.476TECU, rel_dP=1.88e-02]  [EKF] iterating [analytical]:  90%|######### | 18/20 [02:40<00:17,  8.94s/it, RMSE=30.476TECU, rel_dP=1.88e-02]  [EKF] iterating [analytical]:  90%|######### | 18/20 [02:49<00:17,  8.94s/it, RMSE=30.355TECU, rel_dP=1.89e-02]  [EKF] iterating [analytical]:  95%|#########5| 19/20 [02:49<00:08,  8.97s/it, RMSE=30.355TECU, rel_dP=1.89e-02]  [EKF] iterating [analytical]:  95%|#########5| 19/20 [02:58<00:08,  8.97s/it, RMSE=30.395TECU, rel_dP=1.94e-02]  [EKF] iterating [analytical]: 100%|##########| 20/20 [02:58<00:00,  8.94s/it, RMSE=30.395TECU, rel_dP=1.94e-02]                                                                                                                   [EKF] Reached max_iter=20 without convergence  (final ||ΔP||/||P|| = 1.94e-02)
  [EKF] Posterior innovations  mean=-7.70  std=29.53  max_abs=242.75 TECU
  [EKF] Prior RMSE 87.789 TECU  →  Post RMSE 30.859 TECU
  Saved EKF convergence plot → /home/austinhunter/IonosphereTomography/Figures/ISR_DA_Comparison/OUTPUT/2025-08-27_1227/bin_all/ro_only/2025-08-27_1227_ro_only_ekf_convergence.png
◀◀◀ _run_or_load END   | 2025-08-27_1227 | bin=all | ro_only   | parametric_ekf : DONE       (237.7s) -> status=Success
▶▶▶ _run_or_load START | 2025-08-27_1227 | bin=all | ro_igs    | parametric_ekf
    [diag] 2025-08-27_1227 | bin=all | ro_igs    | parametric_ekf : RUNNING    (force=True, cached=True) ...
  [EKF] Building IRI state at 190 grid points (batch call) …
  [EnKF] Estimating background covariance from 50 EDP samples x 190 grid points ...
  [EnKF] Parameter sigma: log10(NmF2)=0.15  hmF2=20  H0=15  gamma=0.15  B0=20  B1=0.3  log10(NmE)=0.2  hmE=8
  [EnKF] Spatial corr (Ne-space KF method): mean=0.962  max=1.000  min=0.172
  [EKF] Running EKF_Param on 98 arc(s) …
  [EKF] 98 arcs  |  7057 profile rays  |  3689 update rays  |  n_state = 1520
  [EKF] Prior innovations  mean=-12.57  std=38.44  max_abs=151.21 TECU
  [EKF] iterating [analytical]:   0%|          | 0/20 [00:00<?, ?it/s]  [EKF] iterating [analytical]:   0%|          | 0/20 [00:08<?, ?it/s, RMSE=40.441TECU, rel_dP=1.71e-01]  [EKF] iterating [analytical]:   5%|5         | 1/20 [00:08<02:49,  8.91s/it, RMSE=40.441TECU, rel_dP=1.71e-01]  [EKF] iterating [analytical]:   5%|5         | 1/20 [00:18<02:49,  8.91s/it, RMSE=30.063TECU, rel_dP=6.93e-02]  [EKF] iterating [analytical]:  10%|#         | 2/20 [00:18<02:43,  9.08s/it, RMSE=30.063TECU, rel_dP=6.93e-02]  [EKF] iterating [analytical]:  10%|#         | 2/20 [00:27<02:43,  9.08s/it, RMSE=26.702TECU, rel_dP=3.00e-02]  [EKF] iterating [analytical]:  15%|#5        | 3/20 [00:27<02:35,  9.14s/it, RMSE=26.702TECU, rel_dP=3.00e-02]  [EKF] iterating [analytical]:  15%|#5        | 3/20 [00:36<02:35,  9.14s/it, RMSE=25.374TECU, rel_dP=3.12e-02]  [EKF] iterating [analytical]:  20%|##        | 4/20 [00:36<02:26,  9.14s/it, RMSE=25.374TECU, rel_dP=3.12e-02]  [EKF] iterating [analytical]:  20%|##        | 4/20 [00:45<02:26,  9.14s/it, RMSE=24.762TECU, rel_dP=2.54e-02]  [EKF] iterating [analytical]:  25%|##5       | 5/20 [00:45<02:17,  9.14s/it, RMSE=24.762TECU, rel_dP=2.54e-02]  [EKF] iterating [analytical]:  25%|##5       | 5/20 [00:54<02:17,  9.14s/it, RMSE=24.459TECU, rel_dP=2.81e-02]  [EKF] iterating [analytical]:  30%|###       | 6/20 [00:54<02:07,  9.13s/it, RMSE=24.459TECU, rel_dP=2.81e-02]  [EKF] iterating [analytical]:  30%|###       | 6/20 [01:03<02:07,  9.13s/it, RMSE=24.499TECU, rel_dP=2.10e-02]  [EKF] iterating [analytical]:  35%|###5      | 7/20 [01:03<01:58,  9.12s/it, RMSE=24.499TECU, rel_dP=2.10e-02]  [EKF] iterating [analytical]:  35%|###5      | 7/20 [01:13<01:58,  9.12s/it, RMSE=24.573TECU, rel_dP=2.24e-02]  [EKF] iterating [analytical]:  40%|####      | 8/20 [01:13<01:49,  9.14s/it, RMSE=24.573TECU, rel_dP=2.24e-02]  [EKF] iterating [analytical]:  40%|####      | 8/20 [01:22<01:49,  9.14s/it, RMSE=25.027TECU, rel_dP=2.14e-02]  [EKF] iterating [analytical]:  45%|####5     | 9/20 [01:22<01:40,  9.16s/it, RMSE=25.027TECU, rel_dP=2.14e-02]  [EKF] iterating [analytical]:  45%|####5     | 9/20 [01:31<01:40,  9.16s/it, RMSE=25.395TECU, rel_dP=2.14e-02]  [EKF] iterating [analytical]:  50%|#####     | 10/20 [01:31<01:31,  9.14s/it, RMSE=25.395TECU, rel_dP=2.14e-02]  [EKF] iterating [analytical]:  50%|#####     | 10/20 [01:40<01:31,  9.14s/it, RMSE=25.967TECU, rel_dP=1.70e-02]  [EKF] iterating [analytical]:  55%|#####5    | 11/20 [01:40<01:22,  9.13s/it, RMSE=25.967TECU, rel_dP=1.70e-02]  [EKF] iterating [analytical]:  55%|#####5    | 11/20 [01:49<01:22,  9.13s/it, RMSE=25.971TECU, rel_dP=1.66e-02]  [EKF] iterating [analytical]:  60%|######    | 12/20 [01:49<01:13,  9.13s/it, RMSE=25.971TECU, rel_dP=1.66e-02]  [EKF] iterating [analytical]:  60%|######    | 12/20 [01:58<01:13,  9.13s/it, RMSE=26.248TECU, rel_dP=1.80e-02]  [EKF] iterating [analytical]:  65%|######5   | 13/20 [01:58<01:03,  9.12s/it, RMSE=26.248TECU, rel_dP=1.80e-02]  [EKF] iterating [analytical]:  65%|######5   | 13/20 [02:07<01:03,  9.12s/it, RMSE=27.145TECU, rel_dP=2.09e-02]  [EKF] iterating [analytical]:  70%|#######   | 14/20 [02:07<00:54,  9.12s/it, RMSE=27.145TECU, rel_dP=2.09e-02]  [EKF] iterating [analytical]:  70%|#######   | 14/20 [02:16<00:54,  9.12s/it, RMSE=28.614TECU, rel_dP=2.54e-02]  [EKF] iterating [analytical]:  75%|#######5  | 15/20 [02:16<00:45,  9.11s/it, RMSE=28.614TECU, rel_dP=2.54e-02]  [EKF] iterating [analytical]:  75%|#######5  | 15/20 [02:25<00:45,  9.11s/it, RMSE=29.690TECU, rel_dP=2.17e-02]  [EKF] iterating [analytical]:  80%|########  | 16/20 [02:25<00:36,  9.11s/it, RMSE=29.690TECU, rel_dP=2.17e-02]  [EKF] iterating [analytical]:  80%|########  | 16/20 [02:35<00:36,  9.11s/it, RMSE=29.803TECU, rel_dP=1.95e-02]  [EKF] iterating [analytical]:  85%|########5 | 17/20 [02:35<00:27,  9.12s/it, RMSE=29.803TECU, rel_dP=1.95e-02]  [EKF] iterating [analytical]:  85%|########5 | 17/20 [02:44<00:27,  9.12s/it, RMSE=30.251TECU, rel_dP=2.34e-02]  [EKF] iterating [analytical]:  90%|######### | 18/20 [02:44<00:18,  9.11s/it, RMSE=30.251TECU, rel_dP=2.34e-02]  [EKF] iterating [analytical]:  90%|######### | 18/20 [02:53<00:18,  9.11s/it, RMSE=30.501TECU, rel_dP=2.76e-02]  [EKF] iterating [analytical]:  95%|#########5| 19/20 [02:53<00:09,  9.12s/it, RMSE=30.501TECU, rel_dP=2.76e-02]  [EKF] iterating [analytical]:  95%|#########5| 19/20 [03:02<00:09,  9.12s/it, RMSE=30.116TECU, rel_dP=2.71e-02]  [EKF] iterating [analytical]: 100%|##########| 20/20 [03:02<00:00,  9.12s/it, RMSE=30.116TECU, rel_dP=2.71e-02]                                                                                                                   [EKF] Reached max_iter=20 without convergence  (final ||ΔP||/||P|| = 2.71e-02)
  [EKF] Posterior innovations  mean=-6.46  std=29.04  max_abs=231.59 TECU
  [EKF] Prior RMSE 40.334 TECU  →  Post RMSE 29.995 TECU
  Saved EKF convergence plot → /home/austinhunter/IonosphereTomography/Figures/ISR_DA_Comparison/OUTPUT/2025-08-27_1227/bin_all/ro_igs/2025-08-27_1227_ro_igs_ekf_convergence.png
◀◀◀ _run_or_load END   | 2025-08-27_1227 | bin=all | ro_igs    | parametric_ekf : DONE       (241.5s) -> status=Success
▶▶▶ _run_or_load START | 2025-08-27_1227 | bin=all | igs_only  | parametric_ekf
    [diag] 2025-08-27_1227 | bin=all | igs_only  | parametric_ekf : RUNNING    (force=True, cached=True) ...
  [EKF] Building IRI state at 296 grid points (batch call) …
  [EnKF] Estimating background covariance from 500 EDP samples x 296 grid points ...
  [EnKF] Parameter sigma: log10(NmF2)=0.15  hmF2=20  H0=15  gamma=0.15  B0=20  B1=0.3  log10(NmE)=0.2  hmE=8
  [EnKF] Spatial corr (Ne-space KF method): mean=0.968  max=1.000  min=0.240
  [EKF] Running EKF_Param on 51 arc(s) …
  [EKF] 51 arcs  |  51 profile rays  |  51 update rays  |  n_state = 2368
  [EKF] Prior innovations  mean=28.02  std=22.39  max_abs=61.25 TECU
  [EKF] iterating [analytical]:   0%|          | 0/20 [00:00<?, ?it/s]  [EKF] iterating [analytical]:   0%|          | 0/20 [00:00<?, ?it/s, RMSE=35.866TECU, rel_dP=8.93e-03]  [EKF] iterating [analytical]:   5%|5         | 1/20 [00:00<00:03,  6.27it/s, RMSE=35.866TECU, rel_dP=8.93e-03]  [EKF] iterating [analytical]:   5%|5         | 1/20 [00:00<00:03,  6.27it/s, RMSE=26.105TECU, rel_dP=8.35e-03]  [EKF] iterating [analytical]:  10%|#         | 2/20 [00:00<00:03,  5.32it/s, RMSE=26.105TECU, rel_dP=8.35e-03]  [EKF] iterating [analytical]:  10%|#         | 2/20 [00:00<00:03,  5.32it/s, RMSE=24.005TECU, rel_dP=9.35e-03]  [EKF] iterating [analytical]:  15%|#5        | 3/20 [00:00<00:03,  5.07it/s, RMSE=24.005TECU, rel_dP=9.35e-03]  [EKF] iterating [analytical]:  15%|#5        | 3/20 [00:00<00:03,  5.07it/s, RMSE=23.496TECU, rel_dP=9.47e-03]  [EKF] iterating [analytical]:  20%|##        | 4/20 [00:00<00:03,  4.96it/s, RMSE=23.496TECU, rel_dP=9.47e-03]  [EKF] iterating [analytical]:  20%|##        | 4/20 [00:00<00:03,  4.96it/s, RMSE=23.361TECU, rel_dP=9.98e-03]  [EKF] iterating [analytical]:  25%|##5       | 5/20 [00:00<00:03,  4.98it/s, RMSE=23.361TECU, rel_dP=9.98e-03]  [EKF] iterating [analytical]:  25%|##5       | 5/20 [00:01<00:03,  4.98it/s, RMSE=23.318TECU, rel_dP=1.04e-02]  [EKF] iterating [analytical]:  30%|###       | 6/20 [00:01<00:02,  4.98it/s, RMSE=23.318TECU, rel_dP=1.04e-02]  [EKF] iterating [analytical]:  30%|###       | 6/20 [00:01<00:02,  4.98it/s, RMSE=23.299TECU, rel_dP=1.04e-02]  [EKF] iterating [analytical]:  35%|###5      | 7/20 [00:01<00:02,  5.07it/s, RMSE=23.299TECU, rel_dP=1.04e-02]  [EKF] iterating [analytical]:  35%|###5      | 7/20 [00:01<00:02,  5.07it/s, RMSE=23.285TECU, rel_dP=9.88e-03]  [EKF] iterating [analytical]:  40%|####      | 8/20 [00:01<00:02,  5.10it/s, RMSE=23.285TECU, rel_dP=9.88e-03]  [EKF] iterating [analytical]:  40%|####      | 8/20 [00:01<00:02,  5.10it/s, RMSE=23.275TECU, rel_dP=9.80e-03]  [EKF] iterating [analytical]:  45%|####5     | 9/20 [00:01<00:02,  5.16it/s, RMSE=23.275TECU, rel_dP=9.80e-03]  [EKF] iterating [analytical]:  45%|####5     | 9/20 [00:01<00:02,  5.16it/s, RMSE=23.265TECU, rel_dP=1.06e-02]  [EKF] iterating [analytical]:  50%|#####     | 10/20 [00:01<00:01,  5.25it/s, RMSE=23.265TECU, rel_dP=1.06e-02]  [EKF] iterating [analytical]:  50%|#####     | 10/20 [00:02<00:01,  5.25it/s, RMSE=23.254TECU, rel_dP=1.09e-02]  [EKF] iterating [analytical]:  55%|#####5    | 11/20 [00:02<00:01,  5.30it/s, RMSE=23.254TECU, rel_dP=1.09e-02]  [EKF] iterating [analytical]:  55%|#####5    | 11/20 [00:02<00:01,  5.30it/s, RMSE=23.242TECU, rel_dP=1.06e-02]  [EKF] iterating [analytical]:  60%|######    | 12/20 [00:02<00:01,  5.27it/s, RMSE=23.242TECU, rel_dP=1.06e-02]  [EKF] iterating [analytical]:  60%|######    | 12/20 [00:02<00:01,  5.27it/s, RMSE=23.232TECU, rel_dP=9.44e-03]  [EKF] iterating [analytical]:  65%|######5   | 13/20 [00:02<00:01,  5.36it/s, RMSE=23.232TECU, rel_dP=9.44e-03]  [EKF] iterating [analytical]:  65%|######5   | 13/20 [00:02<00:01,  5.36it/s, RMSE=23.223TECU, rel_dP=9.39e-03]  [EKF] iterating [analytical]:  70%|#######   | 14/20 [00:02<00:01,  5.38it/s, RMSE=23.223TECU, rel_dP=9.39e-03]  [EKF] iterating [analytical]:  70%|#######   | 14/20 [00:02<00:01,  5.38it/s, RMSE=23.214TECU, rel_dP=9.77e-03]  [EKF] iterating [analytical]:  75%|#######5  | 15/20 [00:02<00:00,  5.33it/s, RMSE=23.214TECU, rel_dP=9.77e-03]  [EKF] iterating [analytical]:  75%|#######5  | 15/20 [00:03<00:00,  5.33it/s, RMSE=23.205TECU, rel_dP=9.36e-03]  [EKF] iterating [analytical]:  80%|########  | 16/20 [00:03<00:00,  5.36it/s, RMSE=23.205TECU, rel_dP=9.36e-03]  [EKF] iterating [analytical]:  80%|########  | 16/20 [00:03<00:00,  5.36it/s, RMSE=23.197TECU, rel_dP=8.97e-03]  [EKF] iterating [analytical]:  85%|########5 | 17/20 [00:03<00:00,  5.38it/s, RMSE=23.197TECU, rel_dP=8.97e-03]  [EKF] iterating [analytical]:  85%|########5 | 17/20 [00:03<00:00,  5.38it/s, RMSE=23.189TECU, rel_dP=8.52e-03]  [EKF] iterating [analytical]:  90%|######### | 18/20 [00:03<00:00,  5.40it/s, RMSE=23.189TECU, rel_dP=8.52e-03]  [EKF] iterating [analytical]:  90%|######### | 18/20 [00:03<00:00,  5.40it/s, RMSE=23.181TECU, rel_dP=9.53e-03]  [EKF] iterating [analytical]:  95%|#########5| 19/20 [00:03<00:00,  5.37it/s, RMSE=23.181TECU, rel_dP=9.53e-03]  [EKF] iterating [analytical]:  95%|#########5| 19/20 [00:03<00:00,  5.37it/s, RMSE=23.171TECU, rel_dP=1.07e-02]  [EKF] iterating [analytical]: 100%|##########| 20/20 [00:03<00:00,  5.36it/s, RMSE=23.171TECU, rel_dP=1.07e-02]                                                                                                                   [EKF] Reached max_iter=20 without convergence  (final ||ΔP||/||P|| = 1.07e-02)
  [EKF] Posterior innovations  mean=1.17  std=23.13  max_abs=67.65 TECU
  [EKF] Prior RMSE 35.866 TECU  →  Post RMSE 23.160 TECU
  Saved EKF convergence plot → /home/austinhunter/IonosphereTomography/Figures/ISR_DA_Comparison/OUTPUT/2025-08-27_1227/bin_all/igs_only/2025-08-27_1227_igs_only_ekf_convergence.png
◀◀◀ _run_or_load END   | 2025-08-27_1227 | bin=all | igs_only  | parametric_ekf : DONE       (580.8s) -> status=ok (no 'status' key)
  [diag] 2025-08-27_1227 | bin=all : summary of 6 obs_mode/filter_type combos
           ro_only   | gridded_kf     -> Success
           ro_only   | parametric_ekf -> Success
           ro_igs    | gridded_kf     -> Success
           ro_igs    | parametric_ekf -> Success
           igs_only  | gridded_kf     -> ok (no 'status' key)
           igs_only  | parametric_ekf -> ok (no 'status' key)

▶▶▶ compute_isr_metrics START | group=2025-08-27_1227 bin=all
◀◀◀ compute_isr_metrics END   | group=2025-08-27_1227 bin=all -> 12 metric row(s)

▶▶▶ _plot_group_all_modes START | group=2025-08-27_1227
  [diag] 2025-08-27_1227/ro_igs/gridded_kf: arc-innovation panels thinned to 47 RO + 20/51 representative IGS arcs (of 98 total)
  [diag] 2025-08-27_1227/ro_igs/parametric_ekf: arc-innovation panels thinned to 47 RO + 20/51 representative IGS arcs (of 98 total)
  [diag] 2025-08-27_1227/igs_only/gridded_kf: arc-innovation panels thinned to 0 RO + 20/51 representative IGS arcs (of 51 total)
  [diag] 2025-08-27_1227/igs_only/parametric_ekf: arc-innovation panels thinned to 0 RO + 20/51 representative IGS arcs (of 51 total)
/home/austinhunter/Downloads/PlanetiQ_Code/venv311/lib/python3.11/site-packages/shapely/creation.py:218: RuntimeWarning: invalid value encountered in linestrings
  return lib.linestrings(coords, np.intc(handle_nan), out=out, **kwargs)
/home/austinhunter/IonosphereTomography/plotIonosphereTomography.py:3634: UserWarning: This figure includes Axes that are not compatible with tight_layout, so results might be incorrect.
  plt.tight_layout(rect=[0, 0, 1, 0.98])
/home/austinhunter/IonosphereTomography/plotIonosphereTomography.py:3634: UserWarning: This figure includes Axes that are not compatible with tight_layout, so results might be incorrect.
  plt.tight_layout(rect=[0, 0, 1, 0.98])
/home/austinhunter/IonosphereTomography/plotIonosphereTomography.py:3634: UserWarning: This figure includes Axes that are not compatible with tight_layout, so results might be incorrect.
  plt.tight_layout(rect=[0, 0, 1, 0.98])
◀◀◀ _plot_group_all_modes END   | group=2025-08-27_1227
No valid descending tangent points found. Skipping.
No valid descending tangent points found. Skipping.
No valid descending tangent points found. Skipping.
No valid descending tangent points found. Skipping.
No valid descending tangent points found. Skipping.
No valid descending tangent points found. Skipping.
No valid descending tangent points found. Skipping.
No valid descending tangent points found. Skipping.
No valid descending tangent points found. Skipping.
No valid descending tangent points found. Skipping.
No valid descending tangent points found. Skipping.
▶▶▶ _run_or_load START | 2025-08-27_1227 | bin=55  | ro_only   | gridded_kf    
    [diag] 2025-08-27_1227 | bin=55  | ro_only   | gridded_kf     : RUNNING    (force=True, cached=False) ...

────────────────────────────────────────────────────────────
  Group : 2025-08-27_1227
  Window: 2025-08-27_1227  |  Region: POLAR_N  |  55 occultation(s)
────────────────────────────────────────────────────────────
No valid descending tangent points found. Skipping.
    [skip] podTc2_GN04.2025.239.12.17.0019.R24.01_0000.0001_nc — parse returned None
No valid descending tangent points found. Skipping.
    [skip] podTc2_GN04.2025.239.12.17.0019.G31.01_0000.0001_nc — parse returned None
No valid descending tangent points found. Skipping.
    [skip] podTc2_GN04.2025.239.12.20.0016.C25.01_0000.0001_nc — parse returned None
No valid descending tangent points found. Skipping.
    [skip] podTc2_GN04.2025.239.12.21.0015.C34.01_0000.0001_nc — parse returned None
No valid descending tangent points found. Skipping.
    [skip] podTc2_GN04.2025.239.12.23.0013.R05.01_0000.0001_nc — parse returned None
No valid descending tangent points found. Skipping.
    [skip] podTc2_GN04.2025.239.12.23.0013.C32.01_0000.0001_nc — parse returned None
No valid descending tangent points found. Skipping.
    [skip] podTc2_GN04.2025.239.12.26.0010.R14.01_0000.0001_nc — parse returned None
No valid descending tangent points found. Skipping.
    [skip] podTc2_GN05.2025.239.12.33.0019.C25.01_0000.0001_nc — parse returned None
No valid descending tangent points found. Skipping.
    [skip] podTc2_GN05.2025.239.12.34.0018.R24.01_0000.0001_nc — parse returned None
No valid descending tangent points found. Skipping.
    [skip] podTc2_GN05.2025.239.12.37.0015.C34.01_0000.0001_nc — parse returned None
No valid descending tangent points found. Skipping.
    [skip] podTc2_GN05.2025.239.12.38.0014.E24.01_0000.0001_nc — parse returned None
  Parsed 44/55 files successfully.
    [podTc2] GN04 12:35 — 711 valid rays → decimated to 178 (stride 4)
    [podTc2] GN04 12:35 — 621 valid rays → decimated to 156 (stride 4)
    [podTc2] GN04 12:35 — 473 valid rays → decimated to 158 (stride 3)
    [podTc2] GN04 12:35 — 406 valid rays → decimated to 136 (stride 3)
    [podTc2] GN04 12:36 — 431 valid rays → decimated to 144 (stride 3)
    [podTc2] GN04 12:36 — 322 valid rays → decimated to 161 (stride 2)
    [podTc2] GN04 12:37 — 460 valid rays → decimated to 154 (stride 3)
    [podTc2] GN04 12:36 — 282 valid rays → decimated to 141 (stride 2)
    [podTc2] GN04 12:36 — 324 valid rays → decimated to 162 (stride 2)
    [podTc2] GN04 12:36 — 368 valid rays → decimated to 184 (stride 2)
    [podTc2] GN04 12:36 — 230 valid rays → decimated to 115 (stride 2)
    [podTc2] GN04 12:35 — 325 valid rays → decimated to 163 (stride 2)
    [podTc2] GN04 12:35 — 416 valid rays → decimated to 139 (stride 3)
    [podTc2] GN04 12:36 — 126 valid rays → decimated to 126 (stride 1)
    [podTc2] YM08 12:19 — 418 valid rays → decimated to 140 (stride 3)
    [podTc2] GN05 12:50 — 438 valid rays → decimated to 146 (stride 3)
    [podTc2] GN04 12:36 — 56 valid rays → decimated to 56 (stride 1)
    [podTc2] YM08 12:24 — 437 valid rays → decimated to 146 (stride 3)
    [podTc2] GN04 12:44 — 438 valid rays → decimated to 146 (stride 3)
    [podTc2] GN05 12:52 — 417 valid rays → decimated to 139 (stride 3)
    [podTc2] GN04 12:44 — 543 valid rays → decimated to 181 (stride 3)
    [podTc2] GN04 12:26 — 482 valid rays → decimated to 161 (stride 3)
    [podTc2] GN04 12:26 — 482 valid rays → decimated to 161 (stride 3)
    [podTc2] GN05 12:52 — 270 valid rays → decimated to 135 (stride 2)
    [podTc2] GN05 12:53 — 306 valid rays → decimated to 153 (stride 2)
    [podTc2] GN05 12:52 — 189 valid rays → decimated to 189 (stride 1)
    [podTc2] GN04 12:27 — 442 valid rays → decimated to 148 (stride 3)
    [podTc2] GN04 12:27 — 442 valid rays → decimated to 148 (stride 3)
    [podTc2] YM08 12:26 — 252 valid rays → decimated to 126 (stride 2)
    [podTc2] YM08 12:27 — 411 valid rays → decimated to 137 (stride 3)
    [podTc2] YM08 12:28 — 404 valid rays → decimated to 135 (stride 3)
    [podTc2] GN05 12:50 — 394 valid rays → decimated to 197 (stride 2)
    [podTc2] GN04 12:30 — 449 valid rays → decimated to 150 (stride 3)
    [podTc2] GN04 12:31 — 408 valid rays → decimated to 136 (stride 3)
    [podTc2] GN04 12:31 — 499 valid rays → decimated to 167 (stride 3)
    [skip] GN05 12:53 — only 9 valid rays
    [podTc2] GN05 12:52 — 102 valid rays → decimated to 102 (stride 1)
    [podTc2] GN04 12:33 — 339 valid rays → decimated to 170 (stride 2)
    [podTc2] GN04 12:34 — 452 valid rays → decimated to 151 (stride 3)
    [podTc2] GN05 12:42 — 469 valid rays → decimated to 157 (stride 3)
    [podTc2] GN05 12:44 — 462 valid rays → decimated to 154 (stride 3)
    [podTc2] GN05 12:44 — 431 valid rays → decimated to 144 (stride 3)
    [podTc2] GN05 12:52 — 88 valid rays → decimated to 88 (stride 1)
    [podTc2] GN05 12:44 — 396 valid rays → decimated to 198 (stride 2)
  Bbox lat [37.8, 90.0]  lon [-180.0, 180.0]  |  union vertices: 151
  Final group: 43 occultation(s), 151 union-mesh vertices
  Saved trim diagnostic → /home/austinhunter/IonosphereTomography/Figures/ISR_DA_Comparison/OUTPUT/2025-08-27_1227/bin_55/ro_only/group_2025-08-27_1227_trim.png
  -> Building H matrices (6378 rays across 43 arc(s), single parallel sweep) …
  -> Building H matrices:    637/6378 rays ( 10.0%)
  -> Building H matrices:   1274/6378 rays ( 20.0%)
  -> Building H matrices:   1911/6378 rays ( 30.0%)
  -> Building H matrices:   2548/6378 rays ( 39.9%)
  -> Building H matrices:   3185/6378 rays ( 49.9%)
  -> Building H matrices:   3822/6378 rays ( 59.9%)
  -> Building H matrices:   4459/6378 rays ( 69.9%)
  -> Building H matrices:   5096/6378 rays ( 79.9%)
  -> Building H matrices:   5733/6378 rays ( 89.9%)
  -> Building H matrices:   6370/6378 rays ( 99.9%)
  -> Building H matrices:   6378/6378 rays (100.0%)
  Combined H shape : (6378, 8456)  (total rays = 6378)
  Skipping sequential KF assimilation (run_sequential=False).
  Running joint (batch) KF assimilation …
  Prior RMSE  : 36.025 TECU
  Post  RMSE  : 13.006 TECU
    [Abel] GN04 12:35: NmF2=4.14e+11 m⁻³  hmF2=357.5 km
    [Abel] GN04 12:35: NmF2=4.14e+11 m⁻³  hmF2=357.5 km
    [Abel] GN04 12:35: NmF2=5.33e+11 m⁻³  hmF2=294.9 km
    [Abel] GN04 12:35: NmF2=5.33e+11 m⁻³  hmF2=294.9 km
    [Abel] GN04 12:36: NmF2=4.89e+11 m⁻³  hmF2=293.5 km
    [Abel] GN04 12:36: NmF2=4.89e+11 m⁻³  hmF2=293.5 km
    [Abel] GN04 12:37: NmF2=4.58e+11 m⁻³  hmF2=306.7 km
    [Abel] GN04 12:36: NmF2=4.01e+11 m⁻³  hmF2=354.9 km
    [Abel] GN04 12:36: NmF2=5.22e+11 m⁻³  hmF2=291.1 km
    [Abel] GN04 12:36: NmF2=5.22e+11 m⁻³  hmF2=291.1 km
    [Abel] GN04 12:36: NmF2=2.35e+11 m⁻³  hmF2=536.6 km
    [Abel] GN04 12:35: NmF2=4.12e+11 m⁻³  hmF2=285.0 km
    [Abel] GN04 12:35: NmF2=4.12e+11 m⁻³  hmF2=285.0 km
    [Abel] GN04 12:36: NmF2=1.56e+11 m⁻³  hmF2=573.2 km
    [Abel] YM08 12:19: NmF2=4.58e+11 m⁻³  hmF2=277.2 km
    [Abel] GN05 12:50: NmF2=4.47e+11 m⁻³  hmF2=326.0 km
    [Abel] GN04 12:36: NmF2=1.20e+11 m⁻³  hmF2=577.6 km
    [Abel] YM08 12:24: NmF2=3.35e+11 m⁻³  hmF2=311.3 km
    [Abel] GN04 12:44: NmF2=5.78e+11 m⁻³  hmF2=263.2 km
    [Abel] GN05 12:52: NmF2=5.09e+11 m⁻³  hmF2=350.1 km
    [Abel] GN04 12:44: NmF2=6.75e+11 m⁻³  hmF2=259.6 km
    [Abel] GN04 12:26: NmF2=6.88e+11 m⁻³  hmF2=271.7 km
    [Abel] GN04 12:26: NmF2=6.88e+11 m⁻³  hmF2=271.7 km
    [Abel] GN05 12:52: NmF2=3.14e+11 m⁻³  hmF2=392.2 km
    [Abel] GN05 12:53: NmF2=3.83e+11 m⁻³  hmF2=363.0 km
    [Abel] GN05 12:52: NmF2=2.06e+11 m⁻³  hmF2=475.0 km
    [Abel] GN04 12:27: NmF2=3.85e+11 m⁻³  hmF2=364.7 km
    [Abel] GN04 12:27: NmF2=3.85e+11 m⁻³  hmF2=364.7 km
    [Abel] YM08 12:26: NmF2=3.65e+11 m⁻³  hmF2=308.0 km
    [Abel] YM08 12:27: NmF2=4.44e+11 m⁻³  hmF2=295.5 km
    [Abel] YM08 12:28: NmF2=4.59e+11 m⁻³  hmF2=331.7 km
    [Abel] GN05 12:50: NmF2=6.00e+11 m⁻³  hmF2=292.5 km
    [Abel] GN04 12:30: NmF2=4.55e+11 m⁻³  hmF2=329.2 km
    [Abel] GN04 12:31: NmF2=5.01e+11 m⁻³  hmF2=331.1 km
    [Abel] GN04 12:31: NmF2=4.39e+11 m⁻³  hmF2=297.8 km
    [Abel] GN05 12:52: NmF2=1.46e+11 m⁻³  hmF2=539.2 km
    [Abel] GN04 12:33: NmF2=4.18e+11 m⁻³  hmF2=330.0 km
    [Abel] GN04 12:34: NmF2=5.57e+11 m⁻³  hmF2=277.9 km
    [Abel] GN05 12:42: NmF2=4.04e+11 m⁻³  hmF2=287.6 km
    [Abel] GN05 12:44: NmF2=5.15e+11 m⁻³  hmF2=289.9 km
    [Abel] GN05 12:44: NmF2=4.26e+11 m⁻³  hmF2=404.4 km
    [Abel] GN05 12:52: NmF2=1.84e+11 m⁻³  hmF2=579.2 km
    [Abel] GN05 12:44: NmF2=4.84e+11 m⁻³  hmF2=291.1 km
◀◀◀ _run_or_load END   | 2025-08-27_1227 | bin=55  | ro_only   | gridded_kf     : DONE       (250.3s) -> status=Success
▶▶▶ _run_or_load START | 2025-08-27_1227 | bin=55  | ro_igs    | gridded_kf    
    [diag] 2025-08-27_1227 | bin=55  | ro_igs    | gridded_kf     : RUNNING    (force=True, cached=False) ...

────────────────────────────────────────────────────────────
  Group : 2025-08-27_1227
  Window: 2025-08-27_1227  |  Region: POLAR_N  |  55 occultation(s)
────────────────────────────────────────────────────────────
No valid descending tangent points found. Skipping.
    [skip] podTc2_GN04.2025.239.12.17.0019.R24.01_0000.0001_nc — parse returned None
No valid descending tangent points found. Skipping.
    [skip] podTc2_GN04.2025.239.12.17.0019.G31.01_0000.0001_nc — parse returned None
No valid descending tangent points found. Skipping.
    [skip] podTc2_GN04.2025.239.12.20.0016.C25.01_0000.0001_nc — parse returned None
No valid descending tangent points found. Skipping.
    [skip] podTc2_GN04.2025.239.12.21.0015.C34.01_0000.0001_nc — parse returned None
No valid descending tangent points found. Skipping.
    [skip] podTc2_GN04.2025.239.12.23.0013.R05.01_0000.0001_nc — parse returned None
No valid descending tangent points found. Skipping.
    [skip] podTc2_GN04.2025.239.12.23.0013.C32.01_0000.0001_nc — parse returned None
No valid descending tangent points found. Skipping.
    [skip] podTc2_GN04.2025.239.12.26.0010.R14.01_0000.0001_nc — parse returned None
No valid descending tangent points found. Skipping.
    [skip] podTc2_GN05.2025.239.12.33.0019.C25.01_0000.0001_nc — parse returned None
No valid descending tangent points found. Skipping.
    [skip] podTc2_GN05.2025.239.12.34.0018.R24.01_0000.0001_nc — parse returned None
No valid descending tangent points found. Skipping.
    [skip] podTc2_GN05.2025.239.12.37.0015.C34.01_0000.0001_nc — parse returned None
No valid descending tangent points found. Skipping.
    [skip] podTc2_GN05.2025.239.12.38.0014.E24.01_0000.0001_nc — parse returned None
  Parsed 44/55 files successfully.
    [podTc2] GN04 12:35 — 711 valid rays → decimated to 178 (stride 4)
    [podTc2] GN04 12:35 — 621 valid rays → decimated to 156 (stride 4)
    [podTc2] GN04 12:35 — 473 valid rays → decimated to 158 (stride 3)
    [podTc2] GN04 12:35 — 406 valid rays → decimated to 136 (stride 3)
    [podTc2] GN04 12:36 — 431 valid rays → decimated to 144 (stride 3)
    [podTc2] GN04 12:36 — 322 valid rays → decimated to 161 (stride 2)
    [podTc2] GN04 12:37 — 460 valid rays → decimated to 154 (stride 3)
    [podTc2] GN04 12:36 — 282 valid rays → decimated to 141 (stride 2)
    [podTc2] GN04 12:36 — 324 valid rays → decimated to 162 (stride 2)
    [podTc2] GN04 12:36 — 368 valid rays → decimated to 184 (stride 2)
    [podTc2] GN04 12:36 — 230 valid rays → decimated to 115 (stride 2)
    [podTc2] GN04 12:35 — 325 valid rays → decimated to 163 (stride 2)
    [podTc2] GN04 12:35 — 416 valid rays → decimated to 139 (stride 3)
    [podTc2] GN04 12:36 — 126 valid rays → decimated to 126 (stride 1)
    [podTc2] YM08 12:19 — 418 valid rays → decimated to 140 (stride 3)
    [podTc2] GN05 12:50 — 438 valid rays → decimated to 146 (stride 3)
    [podTc2] GN04 12:36 — 56 valid rays → decimated to 56 (stride 1)
    [podTc2] YM08 12:24 — 437 valid rays → decimated to 146 (stride 3)
    [podTc2] GN04 12:44 — 438 valid rays → decimated to 146 (stride 3)
    [podTc2] GN05 12:52 — 417 valid rays → decimated to 139 (stride 3)
    [podTc2] GN04 12:44 — 543 valid rays → decimated to 181 (stride 3)
    [podTc2] GN04 12:26 — 482 valid rays → decimated to 161 (stride 3)
    [podTc2] GN04 12:26 — 482 valid rays → decimated to 161 (stride 3)
    [podTc2] GN05 12:52 — 270 valid rays → decimated to 135 (stride 2)
    [podTc2] GN05 12:53 — 306 valid rays → decimated to 153 (stride 2)
    [podTc2] GN05 12:52 — 189 valid rays → decimated to 189 (stride 1)
    [podTc2] GN04 12:27 — 442 valid rays → decimated to 148 (stride 3)
    [podTc2] GN04 12:27 — 442 valid rays → decimated to 148 (stride 3)
    [podTc2] YM08 12:26 — 252 valid rays → decimated to 126 (stride 2)
    [podTc2] YM08 12:27 — 411 valid rays → decimated to 137 (stride 3)
    [podTc2] YM08 12:28 — 404 valid rays → decimated to 135 (stride 3)
    [podTc2] GN05 12:50 — 394 valid rays → decimated to 197 (stride 2)
    [podTc2] GN04 12:30 — 449 valid rays → decimated to 150 (stride 3)
    [podTc2] GN04 12:31 — 408 valid rays → decimated to 136 (stride 3)
    [podTc2] GN04 12:31 — 499 valid rays → decimated to 167 (stride 3)
    [skip] GN05 12:53 — only 9 valid rays
    [podTc2] GN05 12:52 — 102 valid rays → decimated to 102 (stride 1)
    [podTc2] GN04 12:33 — 339 valid rays → decimated to 170 (stride 2)
    [podTc2] GN04 12:34 — 452 valid rays → decimated to 151 (stride 3)
    [podTc2] GN05 12:42 — 469 valid rays → decimated to 157 (stride 3)
    [podTc2] GN05 12:44 — 462 valid rays → decimated to 154 (stride 3)
    [podTc2] GN05 12:44 — 431 valid rays → decimated to 144 (stride 3)
    [podTc2] GN05 12:52 — 88 valid rays → decimated to 88 (stride 1)
    [podTc2] GN05 12:44 — 396 valid rays → decimated to 198 (stride 2)
  Bbox lat [37.8, 90.0]  lon [-180.0, 180.0]  |  union vertices: 151
  Final group: 43 occultation(s), 151 union-mesh vertices
  Saved trim diagnostic → /home/austinhunter/IonosphereTomography/Figures/ISR_DA_Comparison/OUTPUT/2025-08-27_1227/bin_55/ro_igs/group_2025-08-27_1227_trim.png
  [extra] Injected 51 ground-station arc(s) → total 94 arc(s) in assimilation pool
  -> Building H matrices (6429 rays across 94 arc(s), single parallel sweep) …
  -> Building H matrices:    642/6429 rays ( 10.0%)
  -> Building H matrices:   1284/6429 rays ( 20.0%)
  -> Building H matrices:   1926/6429 rays ( 30.0%)
  -> Building H matrices:   2568/6429 rays ( 39.9%)
  -> Building H matrices:   3210/6429 rays ( 49.9%)
  -> Building H matrices:   3852/6429 rays ( 59.9%)
  -> Building H matrices:   4494/6429 rays ( 69.9%)
  -> Building H matrices:   5136/6429 rays ( 79.9%)
  -> Building H matrices:   5778/6429 rays ( 89.9%)
  -> Building H matrices:   6420/6429 rays ( 99.9%)
  -> Building H matrices:   6429/6429 rays (100.0%)
  Combined H shape : (6429, 8456)  (total rays = 6429)
  Skipping sequential KF assimilation (run_sequential=False).
  Running joint (batch) KF assimilation …
  Prior RMSE  : 35.999 TECU
  Post  RMSE  : 13.225 TECU
    [Abel] GN04 12:35: NmF2=4.14e+11 m⁻³  hmF2=357.5 km
    [Abel] GN04 12:35: NmF2=4.14e+11 m⁻³  hmF2=357.5 km
    [Abel] GN04 12:35: NmF2=5.33e+11 m⁻³  hmF2=294.9 km
    [Abel] GN04 12:35: NmF2=5.33e+11 m⁻³  hmF2=294.9 km
    [Abel] GN04 12:36: NmF2=4.89e+11 m⁻³  hmF2=293.5 km
    [Abel] GN04 12:36: NmF2=4.89e+11 m⁻³  hmF2=293.5 km
    [Abel] GN04 12:37: NmF2=4.58e+11 m⁻³  hmF2=306.7 km
    [Abel] GN04 12:36: NmF2=4.01e+11 m⁻³  hmF2=354.9 km
    [Abel] GN04 12:36: NmF2=5.22e+11 m⁻³  hmF2=291.1 km
    [Abel] GN04 12:36: NmF2=5.22e+11 m⁻³  hmF2=291.1 km
    [Abel] GN04 12:36: NmF2=2.35e+11 m⁻³  hmF2=536.6 km
    [Abel] GN04 12:35: NmF2=4.12e+11 m⁻³  hmF2=285.0 km
    [Abel] GN04 12:35: NmF2=4.12e+11 m⁻³  hmF2=285.0 km
    [Abel] GN04 12:36: NmF2=1.56e+11 m⁻³  hmF2=573.2 km
    [Abel] YM08 12:19: NmF2=4.58e+11 m⁻³  hmF2=277.2 km
    [Abel] GN05 12:50: NmF2=4.47e+11 m⁻³  hmF2=326.0 km
    [Abel] GN04 12:36: NmF2=1.20e+11 m⁻³  hmF2=577.6 km
    [Abel] YM08 12:24: NmF2=3.35e+11 m⁻³  hmF2=311.3 km
    [Abel] GN04 12:44: NmF2=5.78e+11 m⁻³  hmF2=263.2 km
    [Abel] GN05 12:52: NmF2=5.09e+11 m⁻³  hmF2=350.1 km
    [Abel] GN04 12:44: NmF2=6.75e+11 m⁻³  hmF2=259.6 km
    [Abel] GN04 12:26: NmF2=6.88e+11 m⁻³  hmF2=271.7 km
    [Abel] GN04 12:26: NmF2=6.88e+11 m⁻³  hmF2=271.7 km
    [Abel] GN05 12:52: NmF2=3.14e+11 m⁻³  hmF2=392.2 km
    [Abel] GN05 12:53: NmF2=3.83e+11 m⁻³  hmF2=363.0 km
    [Abel] GN05 12:52: NmF2=2.06e+11 m⁻³  hmF2=475.0 km
    [Abel] GN04 12:27: NmF2=3.85e+11 m⁻³  hmF2=364.7 km
    [Abel] GN04 12:27: NmF2=3.85e+11 m⁻³  hmF2=364.7 km
    [Abel] YM08 12:26: NmF2=3.65e+11 m⁻³  hmF2=308.0 km
    [Abel] YM08 12:27: NmF2=4.44e+11 m⁻³  hmF2=295.5 km
    [Abel] YM08 12:28: NmF2=4.59e+11 m⁻³  hmF2=331.7 km
    [Abel] GN05 12:50: NmF2=6.00e+11 m⁻³  hmF2=292.5 km
    [Abel] GN04 12:30: NmF2=4.55e+11 m⁻³  hmF2=329.2 km
    [Abel] GN04 12:31: NmF2=5.01e+11 m⁻³  hmF2=331.1 km
    [Abel] GN04 12:31: NmF2=4.39e+11 m⁻³  hmF2=297.8 km
    [Abel] GN05 12:52: NmF2=1.46e+11 m⁻³  hmF2=539.2 km
    [Abel] GN04 12:33: NmF2=4.18e+11 m⁻³  hmF2=330.0 km
    [Abel] GN04 12:34: NmF2=5.57e+11 m⁻³  hmF2=277.9 km
    [Abel] GN05 12:42: NmF2=4.04e+11 m⁻³  hmF2=287.6 km
    [Abel] GN05 12:44: NmF2=5.15e+11 m⁻³  hmF2=289.9 km
    [Abel] GN05 12:44: NmF2=4.26e+11 m⁻³  hmF2=404.4 km
    [Abel] GN05 12:52: NmF2=1.84e+11 m⁻³  hmF2=579.2 km
    [Abel] GN05 12:44: NmF2=4.84e+11 m⁻³  hmF2=291.1 km
    [Abel] Skipped 51 ground-station arc(s) (RO-only technique)
/home/austinhunter/Downloads/PlanetiQ_Code/venv311/lib/python3.11/site-packages/shapely/creation.py:218: RuntimeWarning: invalid value encountered in linestrings
  return lib.linestrings(coords, np.intc(handle_nan), out=out, **kwargs)
◀◀◀ _run_or_load END   | 2025-08-27_1227 | bin=55  | ro_igs    | gridded_kf     : DONE       (258.8s) -> status=Success
▶▶▶ _run_or_load START | 2025-08-27_1227 | bin=55  | igs_only  | gridded_kf    
    [diag] 2025-08-27_1227 | bin=55  | igs_only  | gridded_kf     : RUNNING    (force=True, cached=False) ...
    [Info] Initialising information matrix (n_state=12210) …
    [Info] arcs ingested = 51/51  |  obs rows = 51  |  Λ cond ≈ 2.33e+23
    [Info] Solving …
    [Prior] innovation  mean=29.85  std=22.22  n_obs=51
    [Post ] innovation  mean=18.54  std=17.72
    RMSE:  prior=37.212 TECU  →  post=25.643 TECU
◀◀◀ _run_or_load END   | 2025-08-27_1227 | bin=55  | igs_only  | gridded_kf     : DONE       (61.2s) -> status=ok (no 'status' key)
▶▶▶ _run_or_load START | 2025-08-27_1227 | bin=55  | ro_only   | parametric_ekf
    [diag] 2025-08-27_1227 | bin=55  | ro_only   | parametric_ekf : RUNNING    (force=True, cached=False) ...
  [EKF] Building IRI state at 151 grid points (batch call) …
  [EnKF] Estimating background covariance from 50 EDP samples x 151 grid points ...
  [EnKF] Parameter sigma: log10(NmF2)=0.15  hmF2=20  H0=15  gamma=0.15  B0=20  B1=0.3  log10(NmE)=0.2  hmE=8
  [EnKF] Spatial corr (Ne-space KF method): mean=0.955  max=1.000  min=0.172
  [EKF] Running EKF_Param on 43 arc(s) …
  [EKF] 43 arcs  |  6378 profile rays  |  3293 update rays  |  n_state = 1208
  [EKF] Prior innovations  mean=-38.95  std=36.76  max_abs=132.65 TECU
  [EKF] iterating [analytical]:   0%|          | 0/20 [00:00<?, ?it/s]  [EKF] iterating [analytical]:   0%|          | 0/20 [00:07<?, ?it/s, RMSE=53.560TECU, rel_dP=1.48e-01]  [EKF] iterating [analytical]:   5%|5         | 1/20 [00:07<02:29,  7.86s/it, RMSE=53.560TECU, rel_dP=1.48e-01]  [EKF] iterating [analytical]:   5%|5         | 1/20 [00:20<02:29,  7.86s/it, RMSE=35.110TECU, rel_dP=1.63e-33]                                                                                                                  [EKF] Converged at iteration 2  (||ΔP||/||P|| = 1.63e-33 < tol=5.0e-04)
  [EKF] iterating [analytical]:   5%|5         | 1/20 [00:20<02:29,  7.86s/it, RMSE=35.110TECU, rel_dP=1.63e-33]                                                                                                                  [EKF] Posterior innovations  mean=-20.32  std=28.63  max_abs=126.17 TECU
  [EKF] Prior RMSE 53.657 TECU  →  Post RMSE 35.247 TECU
  Saved EKF convergence plot → /home/austinhunter/IonosphereTomography/Figures/ISR_DA_Comparison/OUTPUT/2025-08-27_1227/bin_55/ro_only/2025-08-27_1227_ro_only_ekf_convergence.png
◀◀◀ _run_or_load END   | 2025-08-27_1227 | bin=55  | ro_only   | parametric_ekf : DONE       (75.7s) -> status=Success
▶▶▶ _run_or_load START | 2025-08-27_1227 | bin=55  | ro_igs    | parametric_ekf
    [diag] 2025-08-27_1227 | bin=55  | ro_igs    | parametric_ekf : RUNNING    (force=True, cached=False) ...
  [EKF] Building IRI state at 151 grid points (batch call) …
  [EnKF] Estimating background covariance from 50 EDP samples x 151 grid points ...
  [EnKF] Parameter sigma: log10(NmF2)=0.15  hmF2=20  H0=15  gamma=0.15  B0=20  B1=0.3  log10(NmE)=0.2  hmE=8
  [EnKF] Spatial corr (Ne-space KF method): mean=0.955  max=1.000  min=0.172
  [EKF] Running EKF_Param on 94 arc(s) …
  [EKF] 94 arcs  |  6429 profile rays  |  3344 update rays  |  n_state = 1208
  [EKF] Prior innovations  mean=-31.83  std=37.64  max_abs=130.61 TECU
  [EKF] iterating [analytical]:   0%|          | 0/20 [00:00<?, ?it/s]  [EKF] iterating [analytical]:   0%|          | 0/20 [00:07<?, ?it/s, RMSE=49.295TECU, rel_dP=1.61e-01]  [EKF] iterating [analytical]:   5%|5         | 1/20 [00:07<02:30,  7.91s/it, RMSE=49.295TECU, rel_dP=1.61e-01]  [EKF] iterating [analytical]:   5%|5         | 1/20 [00:16<02:30,  7.91s/it, RMSE=33.951TECU, rel_dP=4.94e-02]  [EKF] iterating [analytical]:  10%|#         | 2/20 [00:16<02:24,  8.03s/it, RMSE=33.951TECU, rel_dP=4.94e-02]  [EKF] iterating [analytical]:  10%|#         | 2/20 [00:24<02:24,  8.03s/it, RMSE=28.020TECU, rel_dP=5.93e-02]  [EKF] iterating [analytical]:  15%|#5        | 3/20 [00:24<02:17,  8.08s/it, RMSE=28.020TECU, rel_dP=5.93e-02]  [EKF] iterating [analytical]:  15%|#5        | 3/20 [00:32<02:17,  8.08s/it, RMSE=25.883TECU, rel_dP=6.97e-02]  [EKF] iterating [analytical]:  20%|##        | 4/20 [00:32<02:09,  8.11s/it, RMSE=25.883TECU, rel_dP=6.97e-02]  [EKF] iterating [analytical]:  20%|##        | 4/20 [00:40<02:09,  8.11s/it, RMSE=25.135TECU, rel_dP=5.65e-02]  [EKF] iterating [analytical]:  25%|##5       | 5/20 [00:40<02:02,  8.15s/it, RMSE=25.135TECU, rel_dP=5.65e-02]  [EKF] iterating [analytical]:  25%|##5       | 5/20 [00:48<02:02,  8.15s/it, RMSE=24.737TECU, rel_dP=3.64e-02]  [EKF] iterating [analytical]:  30%|###       | 6/20 [00:48<01:53,  8.14s/it, RMSE=24.737TECU, rel_dP=3.64e-02]  [EKF] iterating [analytical]:  30%|###       | 6/20 [00:56<01:53,  8.14s/it, RMSE=24.755TECU, rel_dP=3.09e-02]  [EKF] iterating [analytical]:  35%|###5      | 7/20 [00:56<01:45,  8.13s/it, RMSE=24.755TECU, rel_dP=3.09e-02]  [EKF] iterating [analytical]:  35%|###5      | 7/20 [01:04<01:45,  8.13s/it, RMSE=25.028TECU, rel_dP=2.64e-02]  [EKF] iterating [analytical]:  40%|####      | 8/20 [01:04<01:37,  8.14s/it, RMSE=25.028TECU, rel_dP=2.64e-02]  [EKF] iterating [analytical]:  40%|####      | 8/20 [01:13<01:37,  8.14s/it, RMSE=25.651TECU, rel_dP=2.11e-02]  [EKF] iterating [analytical]:  45%|####5     | 9/20 [01:13<01:29,  8.15s/it, RMSE=25.651TECU, rel_dP=2.11e-02]  [EKF] iterating [analytical]:  45%|####5     | 9/20 [01:25<01:29,  8.15s/it, RMSE=26.177TECU, rel_dP=1.43e-31]                                                                                                                  [EKF] Converged at iteration 10  (||ΔP||/||P|| = 1.43e-31 < tol=5.0e-04)
  [EKF] iterating [analytical]:  45%|####5     | 9/20 [01:25<01:29,  8.15s/it, RMSE=26.177TECU, rel_dP=1.43e-31]                                                                                                                  [EKF] Posterior innovations  mean=-3.50  std=25.94  max_abs=126.36 TECU
  [EKF] Prior RMSE 49.556 TECU  →  Post RMSE 26.242 TECU
  Saved EKF convergence plot → /home/austinhunter/IonosphereTomography/Figures/ISR_DA_Comparison/OUTPUT/2025-08-27_1227/bin_55/ro_igs/2025-08-27_1227_ro_igs_ekf_convergence.png
◀◀◀ _run_or_load END   | 2025-08-27_1227 | bin=55  | ro_igs    | parametric_ekf : DONE       (141.5s) -> status=Success
▶▶▶ _run_or_load START | 2025-08-27_1227 | bin=55  | igs_only  | parametric_ekf
    [diag] 2025-08-27_1227 | bin=55  | igs_only  | parametric_ekf : RUNNING    (force=True, cached=False) ...
  [EKF] Building IRI state at 222 grid points (batch call) …
  [EnKF] Estimating background covariance from 500 EDP samples x 222 grid points ...
  [EnKF] Parameter sigma: log10(NmF2)=0.15  hmF2=20  H0=15  gamma=0.15  B0=20  B1=0.3  log10(NmE)=0.2  hmE=8
  [EnKF] Spatial corr (Ne-space KF method): mean=0.965  max=1.000  min=0.161
  [EKF] Running EKF_Param on 51 arc(s) …
  [EKF] 51 arcs  |  51 profile rays  |  51 update rays  |  n_state = 1776
  [EKF] Prior innovations  mean=21.61  std=22.62  max_abs=54.69 TECU
  [EKF] iterating [analytical]:   0%|          | 0/20 [00:00<?, ?it/s]  [EKF] iterating [analytical]:   0%|          | 0/20 [00:00<?, ?it/s, RMSE=31.288TECU, rel_dP=1.24e-02]  [EKF] iterating [analytical]:   5%|5         | 1/20 [00:00<00:02,  6.91it/s, RMSE=31.288TECU, rel_dP=1.24e-02]  [EKF] iterating [analytical]:   5%|5         | 1/20 [00:00<00:02,  6.91it/s, RMSE=25.575TECU, rel_dP=1.09e-02]  [EKF] iterating [analytical]:  10%|#         | 2/20 [00:00<00:03,  5.49it/s, RMSE=25.575TECU, rel_dP=1.09e-02]  [EKF] iterating [analytical]:  10%|#         | 2/20 [00:00<00:03,  5.49it/s, RMSE=24.014TECU, rel_dP=1.16e-02]  [EKF] iterating [analytical]:  15%|#5        | 3/20 [00:00<00:03,  5.47it/s, RMSE=24.014TECU, rel_dP=1.16e-02]  [EKF] iterating [analytical]:  15%|#5        | 3/20 [00:00<00:03,  5.47it/s, RMSE=23.600TECU, rel_dP=1.15e-02]  [EKF] iterating [analytical]:  20%|##        | 4/20 [00:00<00:02,  5.50it/s, RMSE=23.600TECU, rel_dP=1.15e-02]  [EKF] iterating [analytical]:  20%|##        | 4/20 [00:00<00:02,  5.50it/s, RMSE=23.476TECU, rel_dP=1.09e-02]  [EKF] iterating [analytical]:  25%|##5       | 5/20 [00:00<00:02,  5.43it/s, RMSE=23.476TECU, rel_dP=1.09e-02]  [EKF] iterating [analytical]:  25%|##5       | 5/20 [00:01<00:02,  5.43it/s, RMSE=23.431TECU, rel_dP=1.06e-02]  [EKF] iterating [analytical]:  30%|###       | 6/20 [00:01<00:02,  5.43it/s, RMSE=23.431TECU, rel_dP=1.06e-02]  [EKF] iterating [analytical]:  30%|###       | 6/20 [00:01<00:02,  5.43it/s, RMSE=23.411TECU, rel_dP=1.13e-02]  [EKF] iterating [analytical]:  35%|###5      | 7/20 [00:01<00:02,  5.32it/s, RMSE=23.411TECU, rel_dP=1.13e-02]  [EKF] iterating [analytical]:  35%|###5      | 7/20 [00:01<00:02,  5.32it/s, RMSE=23.397TECU, rel_dP=1.16e-02]  [EKF] iterating [analytical]:  40%|####      | 8/20 [00:01<00:02,  5.11it/s, RMSE=23.397TECU, rel_dP=1.16e-02]  [EKF] iterating [analytical]:  40%|####      | 8/20 [00:01<00:02,  5.11it/s, RMSE=23.386TECU, rel_dP=1.29e-02]  [EKF] iterating [analytical]:  45%|####5     | 9/20 [00:01<00:02,  5.18it/s, RMSE=23.386TECU, rel_dP=1.29e-02]  [EKF] iterating [analytical]:  45%|####5     | 9/20 [00:01<00:02,  5.18it/s, RMSE=23.374TECU, rel_dP=1.25e-02]  [EKF] iterating [analytical]:  50%|#####     | 10/20 [00:01<00:01,  5.09it/s, RMSE=23.374TECU, rel_dP=1.25e-02]  [EKF] iterating [analytical]:  50%|#####     | 10/20 [00:02<00:01,  5.09it/s, RMSE=23.363TECU, rel_dP=1.17e-02]  [EKF] iterating [analytical]:  55%|#####5    | 11/20 [00:02<00:01,  5.13it/s, RMSE=23.363TECU, rel_dP=1.17e-02]  [EKF] iterating [analytical]:  55%|#####5    | 11/20 [00:02<00:01,  5.13it/s, RMSE=23.353TECU, rel_dP=1.14e-02]  [EKF] iterating [analytical]:  60%|######    | 12/20 [00:02<00:01,  5.12it/s, RMSE=23.353TECU, rel_dP=1.14e-02]  [EKF] iterating [analytical]:  60%|######    | 12/20 [00:02<00:01,  5.12it/s, RMSE=23.344TECU, rel_dP=1.18e-02]  [EKF] iterating [analytical]:  65%|######5   | 13/20 [00:02<00:01,  5.11it/s, RMSE=23.344TECU, rel_dP=1.18e-02]  [EKF] iterating [analytical]:  65%|######5   | 13/20 [00:02<00:01,  5.11it/s, RMSE=23.334TECU, rel_dP=1.21e-02]  [EKF] iterating [analytical]:  70%|#######   | 14/20 [00:02<00:01,  5.05it/s, RMSE=23.334TECU, rel_dP=1.21e-02]  [EKF] iterating [analytical]:  70%|#######   | 14/20 [00:02<00:01,  5.05it/s, RMSE=23.324TECU, rel_dP=1.19e-02]  [EKF] iterating [analytical]:  75%|#######5  | 15/20 [00:02<00:01,  4.94it/s, RMSE=23.324TECU, rel_dP=1.19e-02]  [EKF] iterating [analytical]:  75%|#######5  | 15/20 [00:03<00:01,  4.94it/s, RMSE=23.314TECU, rel_dP=1.13e-02]  [EKF] iterating [analytical]:  80%|########  | 16/20 [00:03<00:00,  4.99it/s, RMSE=23.314TECU, rel_dP=1.13e-02]  [EKF] iterating [analytical]:  80%|########  | 16/20 [00:03<00:00,  4.99it/s, RMSE=23.305TECU, rel_dP=1.15e-02]  [EKF] iterating [analytical]:  85%|########5 | 17/20 [00:03<00:00,  4.96it/s, RMSE=23.305TECU, rel_dP=1.15e-02]  [EKF] iterating [analytical]:  85%|########5 | 17/20 [00:03<00:00,  4.96it/s, RMSE=23.295TECU, rel_dP=1.12e-02]  [EKF] iterating [analytical]:  90%|######### | 18/20 [00:03<00:00,  5.10it/s, RMSE=23.295TECU, rel_dP=1.12e-02]  [EKF] iterating [analytical]:  90%|######### | 18/20 [00:03<00:00,  5.10it/s, RMSE=23.286TECU, rel_dP=1.08e-02]  [EKF] iterating [analytical]:  95%|#########5| 19/20 [00:03<00:00,  5.19it/s, RMSE=23.286TECU, rel_dP=1.08e-02]  [EKF] iterating [analytical]:  95%|#########5| 19/20 [00:03<00:00,  5.19it/s, RMSE=23.277TECU, rel_dP=1.04e-02]  [EKF] iterating [analytical]: 100%|##########| 20/20 [00:03<00:00,  5.23it/s, RMSE=23.277TECU, rel_dP=1.04e-02]                                                                                                                   [EKF] Reached max_iter=20 without convergence  (final ||ΔP||/||P|| = 1.04e-02)
  [EKF] Posterior innovations  mean=1.23  std=23.24  max_abs=67.96 TECU
  [EKF] Prior RMSE 31.288 TECU  →  Post RMSE 23.268 TECU
  Saved EKF convergence plot → /home/austinhunter/IonosphereTomography/Figures/ISR_DA_Comparison/OUTPUT/2025-08-27_1227/bin_55/igs_only/2025-08-27_1227_igs_only_ekf_convergence.png
◀◀◀ _run_or_load END   | 2025-08-27_1227 | bin=55  | igs_only  | parametric_ekf : DONE       (379.8s) -> status=ok (no 'status' key)
  [diag] 2025-08-27_1227 | bin=55 : summary of 6 obs_mode/filter_type combos
           ro_only   | gridded_kf     -> Success
           ro_only   | parametric_ekf -> Success
           ro_igs    | gridded_kf     -> Success
           ro_igs    | parametric_ekf -> Success
           igs_only  | gridded_kf     -> ok (no 'status' key)
           igs_only  | parametric_ekf -> ok (no 'status' key)

▶▶▶ compute_isr_metrics START | group=2025-08-27_1227 bin=55
◀◀◀ compute_isr_metrics END   | group=2025-08-27_1227 bin=55 -> 12 metric row(s)

▶▶▶ _plot_group_all_modes START | group=2025-08-27_1227
  [diag] 2025-08-27_1227/ro_igs/gridded_kf: arc-innovation panels thinned to 43 RO + 20/51 representative IGS arcs (of 94 total)
  [diag] 2025-08-27_1227/ro_igs/parametric_ekf: arc-innovation panels thinned to 43 RO + 20/51 representative IGS arcs (of 94 total)
  [diag] 2025-08-27_1227/igs_only/gridded_kf: arc-innovation panels thinned to 0 RO + 20/51 representative IGS arcs (of 51 total)
  [diag] 2025-08-27_1227/igs_only/parametric_ekf: arc-innovation panels thinned to 0 RO + 20/51 representative IGS arcs (of 51 total)
/home/austinhunter/Downloads/PlanetiQ_Code/venv311/lib/python3.11/site-packages/shapely/creation.py:218: RuntimeWarning: invalid value encountered in linestrings
  return lib.linestrings(coords, np.intc(handle_nan), out=out, **kwargs)
/home/austinhunter/IonosphereTomography/plotIonosphereTomography.py:3634: UserWarning: This figure includes Axes that are not compatible with tight_layout, so results might be incorrect.
  plt.tight_layout(rect=[0, 0, 1, 0.98])
/home/austinhunter/IonosphereTomography/plotIonosphereTomography.py:3634: UserWarning: This figure includes Axes that are not compatible with tight_layout, so results might be incorrect.
  plt.tight_layout(rect=[0, 0, 1, 0.98])
/home/austinhunter/IonosphereTomography/plotIonosphereTomography.py:3634: UserWarning: This figure includes Axes that are not compatible with tight_layout, so results might be incorrect.
  plt.tight_layout(rect=[0, 0, 1, 0.98])
◀◀◀ _plot_group_all_modes END   | group=2025-08-27_1227
No valid descending tangent points found. Skipping.
No valid descending tangent points found. Skipping.
No valid descending tangent points found. Skipping.
No valid descending tangent points found. Skipping.
No valid descending tangent points found. Skipping.
No valid descending tangent points found. Skipping.
No valid descending tangent points found. Skipping.
No valid descending tangent points found. Skipping.
No valid descending tangent points found. Skipping.
No valid descending tangent points found. Skipping.
▶▶▶ _run_or_load START | 2025-08-27_1227 | bin=45  | ro_only   | gridded_kf    
    [diag] 2025-08-27_1227 | bin=45  | ro_only   | gridded_kf     : RUNNING    (force=True, cached=False) ...

────────────────────────────────────────────────────────────
  Group : 2025-08-27_1227
  Window: 2025-08-27_1227  |  Region: POLAR_N  |  45 occultation(s)
────────────────────────────────────────────────────────────
No valid descending tangent points found. Skipping.
    [skip] podTc2_GN04.2025.239.12.17.0019.R24.01_0000.0001_nc — parse returned None
No valid descending tangent points found. Skipping.
    [skip] podTc2_GN04.2025.239.12.17.0019.G31.01_0000.0001_nc — parse returned None
No valid descending tangent points found. Skipping.
    [skip] podTc2_GN04.2025.239.12.20.0016.C25.01_0000.0001_nc — parse returned None
No valid descending tangent points found. Skipping.
    [skip] podTc2_GN04.2025.239.12.21.0015.C34.01_0000.0001_nc — parse returned None
No valid descending tangent points found. Skipping.
    [skip] podTc2_GN04.2025.239.12.23.0013.R05.01_0000.0001_nc — parse returned None
No valid descending tangent points found. Skipping.
    [skip] podTc2_GN04.2025.239.12.23.0013.C32.01_0000.0001_nc — parse returned None
No valid descending tangent points found. Skipping.
    [skip] podTc2_GN05.2025.239.12.37.0015.C34.01_0000.0001_nc — parse returned None
No valid descending tangent points found. Skipping.
    [skip] podTc2_GN05.2025.239.12.38.0014.R14.01_0000.0001_nc — parse returned None
No valid descending tangent points found. Skipping.
    [skip] podTc2_GN05.2025.239.12.38.0014.E24.01_0000.0001_nc — parse returned None
No valid descending tangent points found. Skipping.
    [skip] podTc2_GN05.2025.239.12.40.0013.R05.01_0000.0001_nc — parse returned None
  Parsed 35/45 files successfully.
    [podTc2] GN04 12:35 — 621 valid rays → decimated to 156 (stride 4)
    [podTc2] GN04 12:35 — 406 valid rays → decimated to 136 (stride 3)
    [podTc2] GN04 12:36 — 431 valid rays → decimated to 144 (stride 3)
    [podTc2] GN04 12:36 — 324 valid rays → decimated to 162 (stride 2)
    [podTc2] GN04 12:36 — 368 valid rays → decimated to 184 (stride 2)
    [podTc2] GN04 12:35 — 325 valid rays → decimated to 163 (stride 2)
    [podTc2] GN04 12:35 — 416 valid rays → decimated to 139 (stride 3)
    [podTc2] GN04 12:36 — 126 valid rays → decimated to 126 (stride 1)
    [podTc2] YM08 12:19 — 418 valid rays → decimated to 140 (stride 3)
    [podTc2] GN05 12:50 — 438 valid rays → decimated to 146 (stride 3)
    [podTc2] GN04 12:36 — 56 valid rays → decimated to 56 (stride 1)
    [podTc2] GN05 12:52 — 417 valid rays → decimated to 139 (stride 3)
    [podTc2] GN04 12:44 — 543 valid rays → decimated to 181 (stride 3)
    [podTc2] GN04 12:26 — 482 valid rays → decimated to 161 (stride 3)
    [podTc2] GN04 12:26 — 482 valid rays → decimated to 161 (stride 3)
    [podTc2] GN05 12:52 — 270 valid rays → decimated to 135 (stride 2)
    [podTc2] GN05 12:53 — 306 valid rays → decimated to 153 (stride 2)
    [podTc2] GN05 12:52 — 189 valid rays → decimated to 189 (stride 1)
    [podTc2] GN04 12:27 — 442 valid rays → decimated to 148 (stride 3)
    [podTc2] GN04 12:27 — 442 valid rays → decimated to 148 (stride 3)
    [podTc2] YM08 12:26 — 252 valid rays → decimated to 126 (stride 2)
    [podTc2] YM08 12:27 — 411 valid rays → decimated to 137 (stride 3)
    [podTc2] YM08 12:28 — 404 valid rays → decimated to 135 (stride 3)
    [podTc2] GN05 12:50 — 394 valid rays → decimated to 197 (stride 2)
    [podTc2] YM08 12:28 — 784 valid rays → decimated to 196 (stride 4)
    [podTc2] GN04 12:31 — 408 valid rays → decimated to 136 (stride 3)
    [podTc2] GN05 12:52 — 57 valid rays → decimated to 57 (stride 1)
    [podTc2] GN04 12:31 — 499 valid rays → decimated to 167 (stride 3)
    [podTc2] GN05 12:52 — 102 valid rays → decimated to 102 (stride 1)
    [podTc2] GN04 12:33 — 339 valid rays → decimated to 170 (stride 2)
    [podTc2] GN04 12:34 — 452 valid rays → decimated to 151 (stride 3)
    [podTc2] GN04 12:35 — 1821 valid rays → decimated to 183 (stride 10)
    [podTc2] GN05 12:42 — 469 valid rays → decimated to 157 (stride 3)
    [podTc2] GN05 12:44 — 431 valid rays → decimated to 144 (stride 3)
    [podTc2] GN05 12:44 — 396 valid rays → decimated to 198 (stride 2)
  Bbox lat [17.2, 90.0]  lon [-180.0, 180.0]  |  union vertices: 182
  Final group: 35 occultation(s), 182 union-mesh vertices
  Saved trim diagnostic → /home/austinhunter/IonosphereTomography/Figures/ISR_DA_Comparison/OUTPUT/2025-08-27_1227/bin_45/ro_only/group_2025-08-27_1227_trim.png
  -> Building H matrices (5223 rays across 35 arc(s), single parallel sweep) …
  -> Building H matrices:    522/5223 rays ( 10.0%)
  -> Building H matrices:   1044/5223 rays ( 20.0%)
  -> Building H matrices:   1566/5223 rays ( 30.0%)
  -> Building H matrices:   2088/5223 rays ( 40.0%)
  -> Building H matrices:   2610/5223 rays ( 50.0%)
  -> Building H matrices:   3132/5223 rays ( 60.0%)
  -> Building H matrices:   3654/5223 rays ( 70.0%)
  -> Building H matrices:   4176/5223 rays ( 80.0%)
  -> Building H matrices:   4698/5223 rays ( 89.9%)
  -> Building H matrices:   5220/5223 rays ( 99.9%)
  -> Building H matrices:   5223/5223 rays (100.0%)
  Combined H shape : (5223, 10192)  (total rays = 5223)
  Skipping sequential KF assimilation (run_sequential=False).
  Running joint (batch) KF assimilation …
  Prior RMSE  : 37.647 TECU
  Post  RMSE  : 15.421 TECU
    [Abel] GN04 12:35: NmF2=4.14e+11 m⁻³  hmF2=357.5 km
    [Abel] GN04 12:35: NmF2=5.33e+11 m⁻³  hmF2=294.9 km
    [Abel] GN04 12:36: NmF2=4.89e+11 m⁻³  hmF2=293.5 km
    [Abel] GN04 12:36: NmF2=5.22e+11 m⁻³  hmF2=291.1 km
    [Abel] GN04 12:36: NmF2=5.22e+11 m⁻³  hmF2=291.1 km
    [Abel] GN04 12:35: NmF2=4.12e+11 m⁻³  hmF2=285.0 km
    [Abel] GN04 12:35: NmF2=4.12e+11 m⁻³  hmF2=285.0 km
    [Abel] GN04 12:36: NmF2=1.56e+11 m⁻³  hmF2=573.2 km
    [Abel] YM08 12:19: NmF2=4.58e+11 m⁻³  hmF2=277.2 km
    [Abel] GN05 12:50: NmF2=4.47e+11 m⁻³  hmF2=326.0 km
    [Abel] GN04 12:36: NmF2=1.20e+11 m⁻³  hmF2=577.6 km
    [Abel] GN05 12:52: NmF2=5.09e+11 m⁻³  hmF2=350.1 km
    [Abel] GN04 12:44: NmF2=6.75e+11 m⁻³  hmF2=259.6 km
    [Abel] GN04 12:26: NmF2=6.88e+11 m⁻³  hmF2=271.7 km
    [Abel] GN04 12:26: NmF2=6.88e+11 m⁻³  hmF2=271.7 km
    [Abel] GN05 12:52: NmF2=3.14e+11 m⁻³  hmF2=392.2 km
    [Abel] GN05 12:53: NmF2=3.83e+11 m⁻³  hmF2=363.0 km
    [Abel] GN05 12:52: NmF2=2.06e+11 m⁻³  hmF2=475.0 km
    [Abel] GN04 12:27: NmF2=3.85e+11 m⁻³  hmF2=364.7 km
    [Abel] GN04 12:27: NmF2=3.85e+11 m⁻³  hmF2=364.7 km
    [Abel] YM08 12:26: NmF2=3.65e+11 m⁻³  hmF2=308.0 km
    [Abel] YM08 12:27: NmF2=4.44e+11 m⁻³  hmF2=295.5 km
    [Abel] YM08 12:28: NmF2=4.59e+11 m⁻³  hmF2=331.7 km
    [Abel] GN05 12:50: NmF2=6.00e+11 m⁻³  hmF2=292.5 km
    [Abel] YM08 12:28: NmF2=5.87e+11 m⁻³  hmF2=411.2 km
    [Abel] GN04 12:31: NmF2=5.01e+11 m⁻³  hmF2=331.1 km
    [Abel] GN05 12:52: NmF2=1.86e+11 m⁻³  hmF2=582.0 km
    [Abel] GN04 12:31: NmF2=4.39e+11 m⁻³  hmF2=297.8 km
    [Abel] GN05 12:52: NmF2=1.46e+11 m⁻³  hmF2=539.2 km
    [Abel] GN04 12:33: NmF2=4.18e+11 m⁻³  hmF2=330.0 km
    [Abel] GN04 12:34: NmF2=5.57e+11 m⁻³  hmF2=277.9 km
    [Abel] GN04 12:35: NmF2=9.51e+14 m⁻³  hmF2=493.4 km
    [Abel] GN05 12:42: NmF2=4.04e+11 m⁻³  hmF2=287.6 km
    [Abel] GN05 12:44: NmF2=4.26e+11 m⁻³  hmF2=404.4 km
    [Abel] GN05 12:44: NmF2=4.84e+11 m⁻³  hmF2=291.1 km
◀◀◀ _run_or_load END   | 2025-08-27_1227 | bin=45  | ro_only   | gridded_kf     : DONE       (363.1s) -> status=Success
▶▶▶ _run_or_load START | 2025-08-27_1227 | bin=45  | ro_igs    | gridded_kf    
    [diag] 2025-08-27_1227 | bin=45  | ro_igs    | gridded_kf     : RUNNING    (force=True, cached=False) ...

────────────────────────────────────────────────────────────
  Group : 2025-08-27_1227
  Window: 2025-08-27_1227  |  Region: POLAR_N  |  45 occultation(s)
────────────────────────────────────────────────────────────
No valid descending tangent points found. Skipping.
    [skip] podTc2_GN04.2025.239.12.17.0019.R24.01_0000.0001_nc — parse returned None
No valid descending tangent points found. Skipping.
    [skip] podTc2_GN04.2025.239.12.17.0019.G31.01_0000.0001_nc — parse returned None
No valid descending tangent points found. Skipping.
    [skip] podTc2_GN04.2025.239.12.20.0016.C25.01_0000.0001_nc — parse returned None
No valid descending tangent points found. Skipping.
    [skip] podTc2_GN04.2025.239.12.21.0015.C34.01_0000.0001_nc — parse returned None
No valid descending tangent points found. Skipping.
    [skip] podTc2_GN04.2025.239.12.23.0013.R05.01_0000.0001_nc — parse returned None
No valid descending tangent points found. Skipping.
    [skip] podTc2_GN04.2025.239.12.23.0013.C32.01_0000.0001_nc — parse returned None
No valid descending tangent points found. Skipping.
    [skip] podTc2_GN05.2025.239.12.37.0015.C34.01_0000.0001_nc — parse returned None
No valid descending tangent points found. Skipping.
    [skip] podTc2_GN05.2025.239.12.38.0014.R14.01_0000.0001_nc — parse returned None
No valid descending tangent points found. Skipping.
    [skip] podTc2_GN05.2025.239.12.38.0014.E24.01_0000.0001_nc — parse returned None
No valid descending tangent points found. Skipping.
    [skip] podTc2_GN05.2025.239.12.40.0013.R05.01_0000.0001_nc — parse returned None
  Parsed 35/45 files successfully.
    [podTc2] GN04 12:35 — 621 valid rays → decimated to 156 (stride 4)
    [podTc2] GN04 12:35 — 406 valid rays → decimated to 136 (stride 3)
    [podTc2] GN04 12:36 — 431 valid rays → decimated to 144 (stride 3)
    [podTc2] GN04 12:36 — 324 valid rays → decimated to 162 (stride 2)
    [podTc2] GN04 12:36 — 368 valid rays → decimated to 184 (stride 2)
    [podTc2] GN04 12:35 — 325 valid rays → decimated to 163 (stride 2)
    [podTc2] GN04 12:35 — 416 valid rays → decimated to 139 (stride 3)
    [podTc2] GN04 12:36 — 126 valid rays → decimated to 126 (stride 1)
    [podTc2] YM08 12:19 — 418 valid rays → decimated to 140 (stride 3)
    [podTc2] GN05 12:50 — 438 valid rays → decimated to 146 (stride 3)
    [podTc2] GN04 12:36 — 56 valid rays → decimated to 56 (stride 1)
    [podTc2] GN05 12:52 — 417 valid rays → decimated to 139 (stride 3)
    [podTc2] GN04 12:44 — 543 valid rays → decimated to 181 (stride 3)
    [podTc2] GN04 12:26 — 482 valid rays → decimated to 161 (stride 3)
    [podTc2] GN04 12:26 — 482 valid rays → decimated to 161 (stride 3)
    [podTc2] GN05 12:52 — 270 valid rays → decimated to 135 (stride 2)
    [podTc2] GN05 12:53 — 306 valid rays → decimated to 153 (stride 2)
    [podTc2] GN05 12:52 — 189 valid rays → decimated to 189 (stride 1)
    [podTc2] GN04 12:27 — 442 valid rays → decimated to 148 (stride 3)
    [podTc2] GN04 12:27 — 442 valid rays → decimated to 148 (stride 3)
    [podTc2] YM08 12:26 — 252 valid rays → decimated to 126 (stride 2)
    [podTc2] YM08 12:27 — 411 valid rays → decimated to 137 (stride 3)
    [podTc2] YM08 12:28 — 404 valid rays → decimated to 135 (stride 3)
    [podTc2] GN05 12:50 — 394 valid rays → decimated to 197 (stride 2)
    [podTc2] YM08 12:28 — 784 valid rays → decimated to 196 (stride 4)
    [podTc2] GN04 12:31 — 408 valid rays → decimated to 136 (stride 3)
    [podTc2] GN05 12:52 — 57 valid rays → decimated to 57 (stride 1)
    [podTc2] GN04 12:31 — 499 valid rays → decimated to 167 (stride 3)
    [podTc2] GN05 12:52 — 102 valid rays → decimated to 102 (stride 1)
    [podTc2] GN04 12:33 — 339 valid rays → decimated to 170 (stride 2)
    [podTc2] GN04 12:34 — 452 valid rays → decimated to 151 (stride 3)
    [podTc2] GN04 12:35 — 1821 valid rays → decimated to 183 (stride 10)
    [podTc2] GN05 12:42 — 469 valid rays → decimated to 157 (stride 3)
    [podTc2] GN05 12:44 — 431 valid rays → decimated to 144 (stride 3)
    [podTc2] GN05 12:44 — 396 valid rays → decimated to 198 (stride 2)
  Bbox lat [17.2, 90.0]  lon [-180.0, 180.0]  |  union vertices: 182
  Final group: 35 occultation(s), 182 union-mesh vertices
  Saved trim diagnostic → /home/austinhunter/IonosphereTomography/Figures/ISR_DA_Comparison/OUTPUT/2025-08-27_1227/bin_45/ro_igs/group_2025-08-27_1227_trim.png
  [extra] Injected 51 ground-station arc(s) → total 86 arc(s) in assimilation pool
  -> Building H matrices (5274 rays across 86 arc(s), single parallel sweep) …
  -> Building H matrices:    527/5274 rays ( 10.0%)
  -> Building H matrices:   1054/5274 rays ( 20.0%)
  -> Building H matrices:   1581/5274 rays ( 30.0%)
  -> Building H matrices:   2108/5274 rays ( 40.0%)
  -> Building H matrices:   2635/5274 rays ( 50.0%)
  -> Building H matrices:   3162/5274 rays ( 60.0%)
  -> Building H matrices:   3689/5274 rays ( 69.9%)
  -> Building H matrices:   4216/5274 rays ( 79.9%)
  -> Building H matrices:   4743/5274 rays ( 89.9%)
  -> Building H matrices:   5270/5274 rays ( 99.9%)
  -> Building H matrices:   5274/5274 rays (100.0%)
  Combined H shape : (5274, 10192)  (total rays = 5274)
  Skipping sequential KF assimilation (run_sequential=False).
  Running joint (batch) KF assimilation …
  Prior RMSE  : 37.601 TECU
  Post  RMSE  : 15.609 TECU
    [Abel] GN04 12:35: NmF2=4.14e+11 m⁻³  hmF2=357.5 km
    [Abel] GN04 12:35: NmF2=5.33e+11 m⁻³  hmF2=294.9 km
    [Abel] GN04 12:36: NmF2=4.89e+11 m⁻³  hmF2=293.5 km
    [Abel] GN04 12:36: NmF2=5.22e+11 m⁻³  hmF2=291.1 km
    [Abel] GN04 12:36: NmF2=5.22e+11 m⁻³  hmF2=291.1 km
    [Abel] GN04 12:35: NmF2=4.12e+11 m⁻³  hmF2=285.0 km
    [Abel] GN04 12:35: NmF2=4.12e+11 m⁻³  hmF2=285.0 km
    [Abel] GN04 12:36: NmF2=1.56e+11 m⁻³  hmF2=573.2 km
    [Abel] YM08 12:19: NmF2=4.58e+11 m⁻³  hmF2=277.2 km
    [Abel] GN05 12:50: NmF2=4.47e+11 m⁻³  hmF2=326.0 km
    [Abel] GN04 12:36: NmF2=1.20e+11 m⁻³  hmF2=577.6 km
    [Abel] GN05 12:52: NmF2=5.09e+11 m⁻³  hmF2=350.1 km
    [Abel] GN04 12:44: NmF2=6.75e+11 m⁻³  hmF2=259.6 km
    [Abel] GN04 12:26: NmF2=6.88e+11 m⁻³  hmF2=271.7 km
    [Abel] GN04 12:26: NmF2=6.88e+11 m⁻³  hmF2=271.7 km
    [Abel] GN05 12:52: NmF2=3.14e+11 m⁻³  hmF2=392.2 km
    [Abel] GN05 12:53: NmF2=3.83e+11 m⁻³  hmF2=363.0 km
    [Abel] GN05 12:52: NmF2=2.06e+11 m⁻³  hmF2=475.0 km
    [Abel] GN04 12:27: NmF2=3.85e+11 m⁻³  hmF2=364.7 km
    [Abel] GN04 12:27: NmF2=3.85e+11 m⁻³  hmF2=364.7 km
    [Abel] YM08 12:26: NmF2=3.65e+11 m⁻³  hmF2=308.0 km
    [Abel] YM08 12:27: NmF2=4.44e+11 m⁻³  hmF2=295.5 km
    [Abel] YM08 12:28: NmF2=4.59e+11 m⁻³  hmF2=331.7 km
    [Abel] GN05 12:50: NmF2=6.00e+11 m⁻³  hmF2=292.5 km
    [Abel] YM08 12:28: NmF2=5.87e+11 m⁻³  hmF2=411.2 km
    [Abel] GN04 12:31: NmF2=5.01e+11 m⁻³  hmF2=331.1 km
    [Abel] GN05 12:52: NmF2=1.86e+11 m⁻³  hmF2=582.0 km
    [Abel] GN04 12:31: NmF2=4.39e+11 m⁻³  hmF2=297.8 km
    [Abel] GN05 12:52: NmF2=1.46e+11 m⁻³  hmF2=539.2 km
    [Abel] GN04 12:33: NmF2=4.18e+11 m⁻³  hmF2=330.0 km
    [Abel] GN04 12:34: NmF2=5.57e+11 m⁻³  hmF2=277.9 km
    [Abel] GN04 12:35: NmF2=9.51e+14 m⁻³  hmF2=493.4 km
    [Abel] GN05 12:42: NmF2=4.04e+11 m⁻³  hmF2=287.6 km
    [Abel] GN05 12:44: NmF2=4.26e+11 m⁻³  hmF2=404.4 km
    [Abel] GN05 12:44: NmF2=4.84e+11 m⁻³  hmF2=291.1 km
    [Abel] Skipped 51 ground-station arc(s) (RO-only technique)
/home/austinhunter/Downloads/PlanetiQ_Code/venv311/lib/python3.11/site-packages/shapely/creation.py:218: RuntimeWarning: invalid value encountered in linestrings
  return lib.linestrings(coords, np.intc(handle_nan), out=out, **kwargs)
◀◀◀ _run_or_load END   | 2025-08-27_1227 | bin=45  | ro_igs    | gridded_kf     : DONE       (371.0s) -> status=Success
▶▶▶ _run_or_load START | 2025-08-27_1227 | bin=45  | igs_only  | gridded_kf    
    [diag] 2025-08-27_1227 | bin=45  | igs_only  | gridded_kf     : RUNNING    (force=True, cached=False) ...
    [Info] Initialising information matrix (n_state=16280) …
    [Info] arcs ingested = 51/51  |  obs rows = 51  |  Λ cond ≈ 2.33e+23
    [Info] Solving …
    [Prior] innovation  mean=29.85  std=22.22  n_obs=51
    [Post ] innovation  mean=18.58  std=17.69
    RMSE:  prior=37.212 TECU  →  post=25.654 TECU
◀◀◀ _run_or_load END   | 2025-08-27_1227 | bin=45  | igs_only  | gridded_kf     : DONE       (135.3s) -> status=ok (no 'status' key)
▶▶▶ _run_or_load START | 2025-08-27_1227 | bin=45  | ro_only   | parametric_ekf
    [diag] 2025-08-27_1227 | bin=45  | ro_only   | parametric_ekf : RUNNING    (force=True, cached=False) ...
  [EKF] Building IRI state at 182 grid points (batch call) …
  [EnKF] Estimating background covariance from 50 EDP samples x 182 grid points ...
  [EnKF] Parameter sigma: log10(NmF2)=0.15  hmF2=20  H0=15  gamma=0.15  B0=20  B1=0.3  log10(NmE)=0.2  hmE=8
  [EnKF] Spatial corr (Ne-space KF method): mean=0.962  max=1.000  min=0.172
  [EKF] Running EKF_Param on 35 arc(s) …
  [EKF] 35 arcs  |  5223 profile rays  |  2693 update rays  |  n_state = 1456
  [EKF] Prior innovations  mean=45.85  std=44.07  max_abs=202.01 TECU
  [EKF] iterating [analytical]:   0%|          | 0/20 [00:00<?, ?it/s]  [EKF] iterating [analytical]:   0%|          | 0/20 [00:08<?, ?it/s, RMSE=63.593TECU, rel_dP=9.44e-30]                                                                                                          [EKF] Converged at iteration 1  (||ΔP||/||P|| = 9.44e-30 < tol=5.0e-04)
  [EKF] iterating [analytical]:   0%|          | 0/20 [00:08<?, ?it/s, RMSE=63.593TECU, rel_dP=9.44e-30]                                                                                                          [EKF] Posterior innovations  mean=46.09  std=43.95  max_abs=202.02 TECU
  [EKF] Prior RMSE 64.233 TECU  →  Post RMSE 64.330 TECU
  Saved EKF convergence plot → /home/austinhunter/IonosphereTomography/Figures/ISR_DA_Comparison/OUTPUT/2025-08-27_1227/bin_45/ro_only/2025-08-27_1227_ro_only_ekf_convergence.png
◀◀◀ _run_or_load END   | 2025-08-27_1227 | bin=45  | ro_only   | parametric_ekf : DONE       (58.8s) -> status=Success
▶▶▶ _run_or_load START | 2025-08-27_1227 | bin=45  | ro_igs    | parametric_ekf
    [diag] 2025-08-27_1227 | bin=45  | ro_igs    | parametric_ekf : RUNNING    (force=True, cached=False) ...
  [EKF] Building IRI state at 182 grid points (batch call) …
  [EnKF] Estimating background covariance from 50 EDP samples x 182 grid points ...
  [EnKF] Parameter sigma: log10(NmF2)=0.15  hmF2=20  H0=15  gamma=0.15  B0=20  B1=0.3  log10(NmE)=0.2  hmE=8
  [EnKF] Spatial corr (Ne-space KF method): mean=0.962  max=1.000  min=0.172
  [EKF] Running EKF_Param on 86 arc(s) …
  [EKF] 86 arcs  |  5274 profile rays  |  2744 update rays  |  n_state = 1456
  [EKF] Prior innovations  mean=28.72  std=44.81  max_abs=195.77 TECU
  [EKF] iterating [analytical]:   0%|          | 0/20 [00:00<?, ?it/s]  [EKF] iterating [analytical]:   0%|          | 0/20 [00:06<?, ?it/s, RMSE=53.225TECU, rel_dP=2.73e-01]  [EKF] iterating [analytical]:   5%|5         | 1/20 [00:06<02:03,  6.47s/it, RMSE=53.225TECU, rel_dP=2.73e-01]  [EKF] iterating [analytical]:   5%|5         | 1/20 [00:13<02:03,  6.47s/it, RMSE=36.284TECU, rel_dP=6.26e-02]  [EKF] iterating [analytical]:  10%|#         | 2/20 [00:13<01:58,  6.56s/it, RMSE=36.284TECU, rel_dP=6.26e-02]  [EKF] iterating [analytical]:  10%|#         | 2/20 [00:22<01:58,  6.56s/it, RMSE=29.697TECU, rel_dP=2.04e-30]                                                                                                                  [EKF] Converged at iteration 3  (||ΔP||/||P|| = 2.04e-30 < tol=5.0e-04)
  [EKF] iterating [analytical]:  10%|#         | 2/20 [00:22<01:58,  6.56s/it, RMSE=29.697TECU, rel_dP=2.04e-30]                                                                                                                  [EKF] Posterior innovations  mean=7.50  std=28.73  max_abs=135.01 TECU
  [EKF] Prior RMSE 53.707 TECU  →  Post RMSE 29.691 TECU
  Saved EKF convergence plot → /home/austinhunter/IonosphereTomography/Figures/ISR_DA_Comparison/OUTPUT/2025-08-27_1227/bin_45/ro_igs/2025-08-27_1227_ro_igs_ekf_convergence.png
◀◀◀ _run_or_load END   | 2025-08-27_1227 | bin=45  | ro_igs    | parametric_ekf : DONE       (75.9s) -> status=Success
▶▶▶ _run_or_load START | 2025-08-27_1227 | bin=45  | igs_only  | parametric_ekf
    [diag] 2025-08-27_1227 | bin=45  | igs_only  | parametric_ekf : RUNNING    (force=True, cached=False) ...
  [EKF] Building IRI state at 296 grid points (batch call) …
  [EnKF] Estimating background covariance from 500 EDP samples x 296 grid points ...
  [EnKF] Parameter sigma: log10(NmF2)=0.15  hmF2=20  H0=15  gamma=0.15  B0=20  B1=0.3  log10(NmE)=0.2  hmE=8
  [EnKF] Spatial corr (Ne-space KF method): mean=0.968  max=1.000  min=0.240
  [EKF] Running EKF_Param on 51 arc(s) …
  [EKF] 51 arcs  |  51 profile rays  |  51 update rays  |  n_state = 2368
  [EKF] Prior innovations  mean=-9.96  std=24.68  max_abs=85.16 TECU
  [EKF] iterating [analytical]:   0%|          | 0/20 [00:00<?, ?it/s]  [EKF] iterating [analytical]:   0%|          | 0/20 [00:00<?, ?it/s, RMSE=26.610TECU, rel_dP=9.21e-03]  [EKF] iterating [analytical]:   5%|5         | 1/20 [00:00<00:03,  6.16it/s, RMSE=26.610TECU, rel_dP=9.21e-03]  [EKF] iterating [analytical]:   5%|5         | 1/20 [00:00<00:03,  6.16it/s, RMSE=24.042TECU, rel_dP=9.36e-03]  [EKF] iterating [analytical]:  10%|#         | 2/20 [00:00<00:03,  5.29it/s, RMSE=24.042TECU, rel_dP=9.36e-03]  [EKF] iterating [analytical]:  10%|#         | 2/20 [00:00<00:03,  5.29it/s, RMSE=23.541TECU, rel_dP=9.43e-03]  [EKF] iterating [analytical]:  15%|#5        | 3/20 [00:00<00:03,  5.20it/s, RMSE=23.541TECU, rel_dP=9.43e-03]  [EKF] iterating [analytical]:  15%|#5        | 3/20 [00:00<00:03,  5.20it/s, RMSE=23.399TECU, rel_dP=9.60e-03]  [EKF] iterating [analytical]:  20%|##        | 4/20 [00:00<00:03,  5.12it/s, RMSE=23.399TECU, rel_dP=9.60e-03]  [EKF] iterating [analytical]:  20%|##        | 4/20 [00:00<00:03,  5.12it/s, RMSE=23.354TECU, rel_dP=9.20e-03]  [EKF] iterating [analytical]:  25%|##5       | 5/20 [00:00<00:02,  5.15it/s, RMSE=23.354TECU, rel_dP=9.20e-03]  [EKF] iterating [analytical]:  25%|##5       | 5/20 [00:01<00:02,  5.15it/s, RMSE=23.336TECU, rel_dP=9.30e-03]  [EKF] iterating [analytical]:  30%|###       | 6/20 [00:01<00:02,  5.28it/s, RMSE=23.336TECU, rel_dP=9.30e-03]  [EKF] iterating [analytical]:  30%|###       | 6/20 [00:01<00:02,  5.28it/s, RMSE=23.325TECU, rel_dP=9.92e-03]  [EKF] iterating [analytical]:  35%|###5      | 7/20 [00:01<00:02,  5.37it/s, RMSE=23.325TECU, rel_dP=9.92e-03]  [EKF] iterating [analytical]:  35%|###5      | 7/20 [00:01<00:02,  5.37it/s, RMSE=23.315TECU, rel_dP=1.00e-02]  [EKF] iterating [analytical]:  40%|####      | 8/20 [00:01<00:02,  5.35it/s, RMSE=23.315TECU, rel_dP=1.00e-02]  [EKF] iterating [analytical]:  40%|####      | 8/20 [00:01<00:02,  5.35it/s, RMSE=23.305TECU, rel_dP=9.97e-03]  [EKF] iterating [analytical]:  45%|####5     | 9/20 [00:01<00:02,  5.34it/s, RMSE=23.305TECU, rel_dP=9.97e-03]  [EKF] iterating [analytical]:  45%|####5     | 9/20 [00:01<00:02,  5.34it/s, RMSE=23.296TECU, rel_dP=9.56e-03]  [EKF] iterating [analytical]:  50%|#####     | 10/20 [00:01<00:01,  5.41it/s, RMSE=23.296TECU, rel_dP=9.56e-03]  [EKF] iterating [analytical]:  50%|#####     | 10/20 [00:02<00:01,  5.41it/s, RMSE=23.287TECU, rel_dP=9.31e-03]  [EKF] iterating [analytical]:  55%|#####5    | 11/20 [00:02<00:01,  5.38it/s, RMSE=23.287TECU, rel_dP=9.31e-03]  [EKF] iterating [analytical]:  55%|#####5    | 11/20 [00:02<00:01,  5.38it/s, RMSE=23.279TECU, rel_dP=9.46e-03]  [EKF] iterating [analytical]:  60%|######    | 12/20 [00:02<00:01,  5.26it/s, RMSE=23.279TECU, rel_dP=9.46e-03]  [EKF] iterating [analytical]:  60%|######    | 12/20 [00:02<00:01,  5.26it/s, RMSE=23.270TECU, rel_dP=9.55e-03]  [EKF] iterating [analytical]:  65%|######5   | 13/20 [00:02<00:01,  5.31it/s, RMSE=23.270TECU, rel_dP=9.55e-03]  [EKF] iterating [analytical]:  65%|######5   | 13/20 [00:02<00:01,  5.31it/s, RMSE=23.261TECU, rel_dP=9.52e-03]  [EKF] iterating [analytical]:  70%|#######   | 14/20 [00:02<00:01,  5.35it/s, RMSE=23.261TECU, rel_dP=9.52e-03]  [EKF] iterating [analytical]:  70%|#######   | 14/20 [00:02<00:01,  5.35it/s, RMSE=23.252TECU, rel_dP=9.26e-03]  [EKF] iterating [analytical]:  75%|#######5  | 15/20 [00:02<00:00,  5.37it/s, RMSE=23.252TECU, rel_dP=9.26e-03]  [EKF] iterating [analytical]:  75%|#######5  | 15/20 [00:03<00:00,  5.37it/s, RMSE=23.244TECU, rel_dP=8.80e-03]  [EKF] iterating [analytical]:  80%|########  | 16/20 [00:03<00:00,  5.29it/s, RMSE=23.244TECU, rel_dP=8.80e-03]  [EKF] iterating [analytical]:  80%|########  | 16/20 [00:03<00:00,  5.29it/s, RMSE=23.237TECU, rel_dP=9.03e-03]  [EKF] iterating [analytical]:  85%|########5 | 17/20 [00:03<00:00,  5.23it/s, RMSE=23.237TECU, rel_dP=9.03e-03]  [EKF] iterating [analytical]:  85%|########5 | 17/20 [00:03<00:00,  5.23it/s, RMSE=23.229TECU, rel_dP=9.30e-03]  [EKF] iterating [analytical]:  90%|######### | 18/20 [00:03<00:00,  5.27it/s, RMSE=23.229TECU, rel_dP=9.30e-03]  [EKF] iterating [analytical]:  90%|######### | 18/20 [00:03<00:00,  5.27it/s, RMSE=23.221TECU, rel_dP=8.96e-03]  [EKF] iterating [analytical]:  95%|#########5| 19/20 [00:03<00:00,  5.30it/s, RMSE=23.221TECU, rel_dP=8.96e-03]  [EKF] iterating [analytical]:  95%|#########5| 19/20 [00:03<00:00,  5.30it/s, RMSE=23.213TECU, rel_dP=8.25e-03]  [EKF] iterating [analytical]: 100%|##########| 20/20 [00:03<00:00,  5.34it/s, RMSE=23.213TECU, rel_dP=8.25e-03]                                                                                                                   [EKF] Reached max_iter=20 without convergence  (final ||ΔP||/||P|| = 8.25e-03)
  [EKF] Posterior innovations  mean=1.19  std=23.18  max_abs=67.86 TECU
  [EKF] Prior RMSE 26.610 TECU  →  Post RMSE 23.207 TECU
  Saved EKF convergence plot → /home/austinhunter/IonosphereTomography/Figures/ISR_DA_Comparison/OUTPUT/2025-08-27_1227/bin_45/igs_only/2025-08-27_1227_igs_only_ekf_convergence.png
◀◀◀ _run_or_load END   | 2025-08-27_1227 | bin=45  | igs_only  | parametric_ekf : DONE       (568.2s) -> status=ok (no 'status' key)
  [diag] 2025-08-27_1227 | bin=45 : summary of 6 obs_mode/filter_type combos
           ro_only   | gridded_kf     -> Success
           ro_only   | parametric_ekf -> Success
           ro_igs    | gridded_kf     -> Success
           ro_igs    | parametric_ekf -> Success
           igs_only  | gridded_kf     -> ok (no 'status' key)
           igs_only  | parametric_ekf -> ok (no 'status' key)

▶▶▶ compute_isr_metrics START | group=2025-08-27_1227 bin=45
◀◀◀ compute_isr_metrics END   | group=2025-08-27_1227 bin=45 -> 12 metric row(s)

▶▶▶ _plot_group_all_modes START | group=2025-08-27_1227
  [diag] 2025-08-27_1227/ro_igs/gridded_kf: arc-innovation panels thinned to 35 RO + 20/51 representative IGS arcs (of 86 total)
  [diag] 2025-08-27_1227/ro_igs/parametric_ekf: arc-innovation panels thinned to 35 RO + 20/51 representative IGS arcs (of 86 total)
  [diag] 2025-08-27_1227/igs_only/gridded_kf: arc-innovation panels thinned to 0 RO + 20/51 representative IGS arcs (of 51 total)
  [diag] 2025-08-27_1227/igs_only/parametric_ekf: arc-innovation panels thinned to 0 RO + 20/51 representative IGS arcs (of 51 total)
/home/austinhunter/Downloads/PlanetiQ_Code/venv311/lib/python3.11/site-packages/shapely/creation.py:218: RuntimeWarning: invalid value encountered in linestrings
  return lib.linestrings(coords, np.intc(handle_nan), out=out, **kwargs)
/home/austinhunter/IonosphereTomography/plotIonosphereTomography.py:3634: UserWarning: This figure includes Axes that are not compatible with tight_layout, so results might be incorrect.
  plt.tight_layout(rect=[0, 0, 1, 0.98])
/home/austinhunter/IonosphereTomography/plotIonosphereTomography.py:3634: UserWarning: This figure includes Axes that are not compatible with tight_layout, so results might be incorrect.
  plt.tight_layout(rect=[0, 0, 1, 0.98])
/home/austinhunter/IonosphereTomography/plotIonosphereTomography.py:3634: UserWarning: This figure includes Axes that are not compatible with tight_layout, so results might be incorrect.
  plt.tight_layout(rect=[0, 0, 1, 0.98])
◀◀◀ _plot_group_all_modes END   | group=2025-08-27_1227
No valid descending tangent points found. Skipping.
No valid descending tangent points found. Skipping.
No valid descending tangent points found. Skipping.
No valid descending tangent points found. Skipping.
No valid descending tangent points found. Skipping.
No valid descending tangent points found. Skipping.
No valid descending tangent points found. Skipping.
No valid descending tangent points found. Skipping.
No valid descending tangent points found. Skipping.
▶▶▶ _run_or_load START | 2025-08-27_1227 | bin=35  | ro_only   | gridded_kf    
    [diag] 2025-08-27_1227 | bin=35  | ro_only   | gridded_kf     : RUNNING    (force=True, cached=False) ...

────────────────────────────────────────────────────────────
  Group : 2025-08-27_1227
  Window: 2025-08-27_1227  |  Region: POLAR_N  |  35 occultation(s)
────────────────────────────────────────────────────────────
No valid descending tangent points found. Skipping.
    [skip] podTc2_GN04.2025.239.12.17.0019.G31.01_0000.0001_nc — parse returned None
No valid descending tangent points found. Skipping.
    [skip] podTc2_GN04.2025.239.12.20.0016.C25.01_0000.0001_nc — parse returned None
No valid descending tangent points found. Skipping.
    [skip] podTc2_GN04.2025.239.12.21.0015.C34.01_0000.0001_nc — parse returned None
No valid descending tangent points found. Skipping.
    [skip] podTc2_GN04.2025.239.12.23.0013.C32.01_0000.0001_nc — parse returned None
No valid descending tangent points found. Skipping.
    [skip] podTc2_GN05.2025.239.12.33.0019.C25.01_0000.0001_nc — parse returned None
No valid descending tangent points found. Skipping.
    [skip] podTc2_GN05.2025.239.12.34.0018.R24.01_0000.0001_nc — parse returned None
No valid descending tangent points found. Skipping.
    [skip] podTc2_GN05.2025.239.12.37.0015.C34.01_0000.0001_nc — parse returned None
No valid descending tangent points found. Skipping.
    [skip] podTc2_GN05.2025.239.12.38.0014.R14.01_0000.0001_nc — parse returned None
No valid descending tangent points found. Skipping.
    [skip] podTc2_GN05.2025.239.12.38.0014.E24.01_0000.0001_nc — parse returned None
  Parsed 26/35 files successfully.
    [podTc2] GN04 12:35 — 406 valid rays → decimated to 136 (stride 3)
    [podTc2] GN04 12:36 — 431 valid rays → decimated to 144 (stride 3)
    [podTc2] GN04 12:37 — 460 valid rays → decimated to 154 (stride 3)
    [podTc2] GN04 12:36 — 230 valid rays → decimated to 115 (stride 2)
    [podTc2] GN04 12:35 — 325 valid rays → decimated to 163 (stride 2)
    [podTc2] GN04 12:36 — 126 valid rays → decimated to 126 (stride 1)
    [podTc2] YM08 12:19 — 418 valid rays → decimated to 140 (stride 3)
    [podTc2] GN04 12:41 — 384 valid rays → decimated to 192 (stride 2)
    [podTc2] GN05 12:50 — 438 valid rays → decimated to 146 (stride 3)
    [podTc2] GN05 12:52 — 417 valid rays → decimated to 139 (stride 3)
    [podTc2] GN04 12:26 — 482 valid rays → decimated to 161 (stride 3)
    [podTc2] GN05 12:52 — 270 valid rays → decimated to 135 (stride 2)
    [podTc2] GN05 12:53 — 306 valid rays → decimated to 153 (stride 2)
    [podTc2] GN05 12:52 — 189 valid rays → decimated to 189 (stride 1)
    [podTc2] GN04 12:27 — 442 valid rays → decimated to 148 (stride 3)
    [podTc2] YM08 12:26 — 252 valid rays → decimated to 126 (stride 2)
    [podTc2] YM08 12:28 — 404 valid rays → decimated to 135 (stride 3)
    [podTc2] GN05 12:50 — 394 valid rays → decimated to 197 (stride 2)
    [podTc2] YM08 12:28 — 784 valid rays → decimated to 196 (stride 4)
    [podTc2] GN05 12:52 — 57 valid rays → decimated to 57 (stride 1)
    [podTc2] GN04 12:31 — 499 valid rays → decimated to 167 (stride 3)
    [podTc2] GN05 12:52 — 102 valid rays → decimated to 102 (stride 1)
    [podTc2] GN04 12:33 — 339 valid rays → decimated to 170 (stride 2)
    [podTc2] GN04 12:34 — 452 valid rays → decimated to 151 (stride 3)
    [podTc2] GN05 12:42 — 469 valid rays → decimated to 157 (stride 3)
    [podTc2] GN05 12:44 — 431 valid rays → decimated to 144 (stride 3)
  Bbox lat [37.8, 90.0]  lon [-180.0, 180.0]  |  union vertices: 121
  Final group: 26 occultation(s), 121 union-mesh vertices
  Saved trim diagnostic → /home/austinhunter/IonosphereTomography/Figures/ISR_DA_Comparison/OUTPUT/2025-08-27_1227/bin_35/ro_only/group_2025-08-27_1227_trim.png
  -> Building H matrices (3843 rays across 26 arc(s), single parallel sweep) …
  -> Building H matrices:    384/3843 rays ( 10.0%)
  -> Building H matrices:    768/3843 rays ( 20.0%)
  -> Building H matrices:   1152/3843 rays ( 30.0%)
  -> Building H matrices:   1536/3843 rays ( 40.0%)
  -> Building H matrices:   1920/3843 rays ( 50.0%)
  -> Building H matrices:   2304/3843 rays ( 60.0%)
  -> Building H matrices:   2688/3843 rays ( 69.9%)
  -> Building H matrices:   3072/3843 rays ( 79.9%)
  -> Building H matrices:   3456/3843 rays ( 89.9%)
  -> Building H matrices:   3840/3843 rays ( 99.9%)
  -> Building H matrices:   3843/3843 rays (100.0%)
  Combined H shape : (3843, 6776)  (total rays = 3843)
  Skipping sequential KF assimilation (run_sequential=False).
  Running joint (batch) KF assimilation …
  Prior RMSE  : 40.811 TECU
  Post  RMSE  : 13.716 TECU
    [Abel] GN04 12:35: NmF2=5.33e+11 m⁻³  hmF2=294.9 km
    [Abel] GN04 12:36: NmF2=4.89e+11 m⁻³  hmF2=293.5 km
    [Abel] GN04 12:37: NmF2=4.58e+11 m⁻³  hmF2=306.7 km
    [Abel] GN04 12:36: NmF2=2.35e+11 m⁻³  hmF2=536.6 km
    [Abel] GN04 12:35: NmF2=4.12e+11 m⁻³  hmF2=285.0 km
    [Abel] GN04 12:36: NmF2=1.56e+11 m⁻³  hmF2=573.2 km
    [Abel] YM08 12:19: NmF2=4.58e+11 m⁻³  hmF2=277.2 km
    [Abel] GN04 12:41: NmF2=4.52e+11 m⁻³  hmF2=322.9 km
    [Abel] GN05 12:50: NmF2=4.47e+11 m⁻³  hmF2=326.0 km
    [Abel] GN05 12:52: NmF2=5.09e+11 m⁻³  hmF2=350.1 km
    [Abel] GN04 12:26: NmF2=6.88e+11 m⁻³  hmF2=271.7 km
    [Abel] GN05 12:52: NmF2=3.14e+11 m⁻³  hmF2=392.2 km
    [Abel] GN05 12:53: NmF2=3.83e+11 m⁻³  hmF2=363.0 km
    [Abel] GN05 12:52: NmF2=2.06e+11 m⁻³  hmF2=475.0 km
    [Abel] GN04 12:27: NmF2=3.85e+11 m⁻³  hmF2=364.7 km
    [Abel] YM08 12:26: NmF2=3.65e+11 m⁻³  hmF2=308.0 km
    [Abel] YM08 12:28: NmF2=4.59e+11 m⁻³  hmF2=331.7 km
    [Abel] GN05 12:50: NmF2=6.00e+11 m⁻³  hmF2=292.5 km
    [Abel] YM08 12:28: NmF2=5.87e+11 m⁻³  hmF2=411.2 km
    [Abel] GN05 12:52: NmF2=1.86e+11 m⁻³  hmF2=582.0 km
    [Abel] GN04 12:31: NmF2=4.39e+11 m⁻³  hmF2=297.8 km
    [Abel] GN05 12:52: NmF2=1.46e+11 m⁻³  hmF2=539.2 km
    [Abel] GN04 12:33: NmF2=4.18e+11 m⁻³  hmF2=330.0 km
    [Abel] GN04 12:34: NmF2=5.57e+11 m⁻³  hmF2=277.9 km
    [Abel] GN05 12:42: NmF2=4.04e+11 m⁻³  hmF2=287.6 km
    [Abel] GN05 12:44: NmF2=4.26e+11 m⁻³  hmF2=404.4 km
◀◀◀ _run_or_load END   | 2025-08-27_1227 | bin=35  | ro_only   | gridded_kf     : DONE       (135.6s) -> status=Success
▶▶▶ _run_or_load START | 2025-08-27_1227 | bin=35  | ro_igs    | gridded_kf    
    [diag] 2025-08-27_1227 | bin=35  | ro_igs    | gridded_kf     : RUNNING    (force=True, cached=False) ...

────────────────────────────────────────────────────────────
  Group : 2025-08-27_1227
  Window: 2025-08-27_1227  |  Region: POLAR_N  |  35 occultation(s)
────────────────────────────────────────────────────────────
No valid descending tangent points found. Skipping.
    [skip] podTc2_GN04.2025.239.12.17.0019.G31.01_0000.0001_nc — parse returned None
No valid descending tangent points found. Skipping.
    [skip] podTc2_GN04.2025.239.12.20.0016.C25.01_0000.0001_nc — parse returned None
No valid descending tangent points found. Skipping.
    [skip] podTc2_GN04.2025.239.12.21.0015.C34.01_0000.0001_nc — parse returned None
No valid descending tangent points found. Skipping.
    [skip] podTc2_GN04.2025.239.12.23.0013.C32.01_0000.0001_nc — parse returned None
No valid descending tangent points found. Skipping.
    [skip] podTc2_GN05.2025.239.12.33.0019.C25.01_0000.0001_nc — parse returned None
No valid descending tangent points found. Skipping.
    [skip] podTc2_GN05.2025.239.12.34.0018.R24.01_0000.0001_nc — parse returned None
No valid descending tangent points found. Skipping.
    [skip] podTc2_GN05.2025.239.12.37.0015.C34.01_0000.0001_nc — parse returned None
No valid descending tangent points found. Skipping.
    [skip] podTc2_GN05.2025.239.12.38.0014.R14.01_0000.0001_nc — parse returned None
No valid descending tangent points found. Skipping.
    [skip] podTc2_GN05.2025.239.12.38.0014.E24.01_0000.0001_nc — parse returned None
  Parsed 26/35 files successfully.
    [podTc2] GN04 12:35 — 406 valid rays → decimated to 136 (stride 3)
    [podTc2] GN04 12:36 — 431 valid rays → decimated to 144 (stride 3)
    [podTc2] GN04 12:37 — 460 valid rays → decimated to 154 (stride 3)
    [podTc2] GN04 12:36 — 230 valid rays → decimated to 115 (stride 2)
    [podTc2] GN04 12:35 — 325 valid rays → decimated to 163 (stride 2)
    [podTc2] GN04 12:36 — 126 valid rays → decimated to 126 (stride 1)
    [podTc2] YM08 12:19 — 418 valid rays → decimated to 140 (stride 3)
    [podTc2] GN04 12:41 — 384 valid rays → decimated to 192 (stride 2)
    [podTc2] GN05 12:50 — 438 valid rays → decimated to 146 (stride 3)
    [podTc2] GN05 12:52 — 417 valid rays → decimated to 139 (stride 3)
    [podTc2] GN04 12:26 — 482 valid rays → decimated to 161 (stride 3)
    [podTc2] GN05 12:52 — 270 valid rays → decimated to 135 (stride 2)
    [podTc2] GN05 12:53 — 306 valid rays → decimated to 153 (stride 2)
    [podTc2] GN05 12:52 — 189 valid rays → decimated to 189 (stride 1)
    [podTc2] GN04 12:27 — 442 valid rays → decimated to 148 (stride 3)
    [podTc2] YM08 12:26 — 252 valid rays → decimated to 126 (stride 2)
    [podTc2] YM08 12:28 — 404 valid rays → decimated to 135 (stride 3)
    [podTc2] GN05 12:50 — 394 valid rays → decimated to 197 (stride 2)
    [podTc2] YM08 12:28 — 784 valid rays → decimated to 196 (stride 4)
    [podTc2] GN05 12:52 — 57 valid rays → decimated to 57 (stride 1)
    [podTc2] GN04 12:31 — 499 valid rays → decimated to 167 (stride 3)
    [podTc2] GN05 12:52 — 102 valid rays → decimated to 102 (stride 1)
    [podTc2] GN04 12:33 — 339 valid rays → decimated to 170 (stride 2)
    [podTc2] GN04 12:34 — 452 valid rays → decimated to 151 (stride 3)
    [podTc2] GN05 12:42 — 469 valid rays → decimated to 157 (stride 3)
    [podTc2] GN05 12:44 — 431 valid rays → decimated to 144 (stride 3)
  Bbox lat [37.8, 90.0]  lon [-180.0, 180.0]  |  union vertices: 121
  Final group: 26 occultation(s), 121 union-mesh vertices
  Saved trim diagnostic → /home/austinhunter/IonosphereTomography/Figures/ISR_DA_Comparison/OUTPUT/2025-08-27_1227/bin_35/ro_igs/group_2025-08-27_1227_trim.png
  [extra] Injected 51 ground-station arc(s) → total 77 arc(s) in assimilation pool
  -> Building H matrices (3894 rays across 77 arc(s), single parallel sweep) …
  -> Building H matrices:    389/3894 rays ( 10.0%)
  -> Building H matrices:    778/3894 rays ( 20.0%)
  -> Building H matrices:   1167/3894 rays ( 30.0%)
  -> Building H matrices:   1556/3894 rays ( 40.0%)
  -> Building H matrices:   1945/3894 rays ( 49.9%)
  -> Building H matrices:   2334/3894 rays ( 59.9%)
  -> Building H matrices:   2723/3894 rays ( 69.9%)
  -> Building H matrices:   3112/3894 rays ( 79.9%)
  -> Building H matrices:   3501/3894 rays ( 89.9%)
  -> Building H matrices:   3890/3894 rays ( 99.9%)
  -> Building H matrices:   3894/3894 rays (100.0%)
  Combined H shape : (3894, 6776)  (total rays = 3894)
  Skipping sequential KF assimilation (run_sequential=False).
  Running joint (batch) KF assimilation …
  Prior RMSE  : 40.714 TECU
  Post  RMSE  : 14.003 TECU
    [Abel] GN04 12:35: NmF2=5.33e+11 m⁻³  hmF2=294.9 km
    [Abel] GN04 12:36: NmF2=4.89e+11 m⁻³  hmF2=293.5 km
    [Abel] GN04 12:37: NmF2=4.58e+11 m⁻³  hmF2=306.7 km
    [Abel] GN04 12:36: NmF2=2.35e+11 m⁻³  hmF2=536.6 km
    [Abel] GN04 12:35: NmF2=4.12e+11 m⁻³  hmF2=285.0 km
    [Abel] GN04 12:36: NmF2=1.56e+11 m⁻³  hmF2=573.2 km
    [Abel] YM08 12:19: NmF2=4.58e+11 m⁻³  hmF2=277.2 km
    [Abel] GN04 12:41: NmF2=4.52e+11 m⁻³  hmF2=322.9 km
    [Abel] GN05 12:50: NmF2=4.47e+11 m⁻³  hmF2=326.0 km
    [Abel] GN05 12:52: NmF2=5.09e+11 m⁻³  hmF2=350.1 km
    [Abel] GN04 12:26: NmF2=6.88e+11 m⁻³  hmF2=271.7 km
    [Abel] GN05 12:52: NmF2=3.14e+11 m⁻³  hmF2=392.2 km
    [Abel] GN05 12:53: NmF2=3.83e+11 m⁻³  hmF2=363.0 km
    [Abel] GN05 12:52: NmF2=2.06e+11 m⁻³  hmF2=475.0 km
    [Abel] GN04 12:27: NmF2=3.85e+11 m⁻³  hmF2=364.7 km
    [Abel] YM08 12:26: NmF2=3.65e+11 m⁻³  hmF2=308.0 km
    [Abel] YM08 12:28: NmF2=4.59e+11 m⁻³  hmF2=331.7 km
    [Abel] GN05 12:50: NmF2=6.00e+11 m⁻³  hmF2=292.5 km
    [Abel] YM08 12:28: NmF2=5.87e+11 m⁻³  hmF2=411.2 km
    [Abel] GN05 12:52: NmF2=1.86e+11 m⁻³  hmF2=582.0 km
    [Abel] GN04 12:31: NmF2=4.39e+11 m⁻³  hmF2=297.8 km
    [Abel] GN05 12:52: NmF2=1.46e+11 m⁻³  hmF2=539.2 km
    [Abel] GN04 12:33: NmF2=4.18e+11 m⁻³  hmF2=330.0 km
    [Abel] GN04 12:34: NmF2=5.57e+11 m⁻³  hmF2=277.9 km
    [Abel] GN05 12:42: NmF2=4.04e+11 m⁻³  hmF2=287.6 km
    [Abel] GN05 12:44: NmF2=4.26e+11 m⁻³  hmF2=404.4 km
    [Abel] Skipped 51 ground-station arc(s) (RO-only technique)
/home/austinhunter/Downloads/PlanetiQ_Code/venv311/lib/python3.11/site-packages/shapely/creation.py:218: RuntimeWarning: invalid value encountered in linestrings
  return lib.linestrings(coords, np.intc(handle_nan), out=out, **kwargs)
◀◀◀ _run_or_load END   | 2025-08-27_1227 | bin=35  | ro_igs    | gridded_kf     : DONE       (134.8s) -> status=Success
▶▶▶ _run_or_load START | 2025-08-27_1227 | bin=35  | igs_only  | gridded_kf    
    [diag] 2025-08-27_1227 | bin=35  | igs_only  | gridded_kf     : RUNNING    (force=True, cached=False) ...
    [Info] Initialising information matrix (n_state=12210) …
    [Info] arcs ingested = 51/51  |  obs rows = 51  |  Λ cond ≈ 2.33e+23
    [Info] Solving …
    [Prior] innovation  mean=29.85  std=22.22  n_obs=51
    [Post ] innovation  mean=18.54  std=17.72
    RMSE:  prior=37.212 TECU  →  post=25.643 TECU
◀◀◀ _run_or_load END   | 2025-08-27_1227 | bin=35  | igs_only  | gridded_kf     : DONE       (61.7s) -> status=ok (no 'status' key)
▶▶▶ _run_or_load START | 2025-08-27_1227 | bin=35  | ro_only   | parametric_ekf
    [diag] 2025-08-27_1227 | bin=35  | ro_only   | parametric_ekf : RUNNING    (force=True, cached=False) ...
  [EKF] Building IRI state at 121 grid points (batch call) …
  [EnKF] Estimating background covariance from 50 EDP samples x 121 grid points ...
  [EnKF] Parameter sigma: log10(NmF2)=0.15  hmF2=20  H0=15  gamma=0.15  B0=20  B1=0.3  log10(NmE)=0.2  hmE=8
  [EnKF] Spatial corr (Ne-space KF method): mean=0.961  max=1.000  min=0.251
  [EKF] Running EKF_Param on 26 arc(s) …
  [EKF] 26 arcs  |  3843 profile rays  |  1969 update rays  |  n_state = 968
  [EKF] Prior innovations  mean=-24.75  std=42.95  max_abs=154.05 TECU
  [EKF] iterating [analytical]:   0%|          | 0/20 [00:00<?, ?it/s]  [EKF] iterating [analytical]:   0%|          | 0/20 [00:04<?, ?it/s, RMSE=49.568TECU, rel_dP=1.63e-01]  [EKF] iterating [analytical]:   5%|5         | 1/20 [00:04<01:27,  4.61s/it, RMSE=49.568TECU, rel_dP=1.63e-01]  [EKF] iterating [analytical]:   5%|5         | 1/20 [00:09<01:27,  4.61s/it, RMSE=32.861TECU, rel_dP=4.42e-02]  [EKF] iterating [analytical]:  10%|#         | 2/20 [00:09<01:22,  4.60s/it, RMSE=32.861TECU, rel_dP=4.42e-02]  [EKF] iterating [analytical]:  10%|#         | 2/20 [00:14<01:22,  4.60s/it, RMSE=28.550TECU, rel_dP=4.25e-32]                                                                                                                  [EKF] Converged at iteration 3  (||ΔP||/||P|| = 4.25e-32 < tol=5.0e-04)
  [EKF] iterating [analytical]:  10%|#         | 2/20 [00:14<01:22,  4.60s/it, RMSE=28.550TECU, rel_dP=4.25e-32]                                                                                                                  [EKF] Posterior innovations  mean=-4.55  std=28.18  max_abs=123.64 TECU
  [EKF] Prior RMSE 49.349 TECU  →  Post RMSE 28.448 TECU
  Saved EKF convergence plot → /home/austinhunter/IonosphereTomography/Figures/ISR_DA_Comparison/OUTPUT/2025-08-27_1227/bin_35/ro_only/2025-08-27_1227_ro_only_ekf_convergence.png
◀◀◀ _run_or_load END   | 2025-08-27_1227 | bin=35  | ro_only   | parametric_ekf : DONE       (49.9s) -> status=Success
▶▶▶ _run_or_load START | 2025-08-27_1227 | bin=35  | ro_igs    | parametric_ekf
    [diag] 2025-08-27_1227 | bin=35  | ro_igs    | parametric_ekf : RUNNING    (force=True, cached=False) ...
  [EKF] Building IRI state at 121 grid points (batch call) …
  [EnKF] Estimating background covariance from 50 EDP samples x 121 grid points ...
  [EnKF] Parameter sigma: log10(NmF2)=0.15  hmF2=20  H0=15  gamma=0.15  B0=20  B1=0.3  log10(NmE)=0.2  hmE=8
  [EnKF] Spatial corr (Ne-space KF method): mean=0.961  max=1.000  min=0.251
  [EKF] Running EKF_Param on 77 arc(s) …
  [EKF] 77 arcs  |  3894 profile rays  |  2020 update rays  |  n_state = 968
  [EKF] Prior innovations  mean=-20.87  std=44.85  max_abs=158.86 TECU
  [EKF] iterating [analytical]:   0%|          | 0/20 [00:00<?, ?it/s]  [EKF] iterating [analytical]:   0%|          | 0/20 [00:04<?, ?it/s, RMSE=49.469TECU, rel_dP=1.83e-01]  [EKF] iterating [analytical]:   5%|5         | 1/20 [00:04<01:28,  4.66s/it, RMSE=49.469TECU, rel_dP=1.83e-01]  [EKF] iterating [analytical]:   5%|5         | 1/20 [00:09<01:28,  4.66s/it, RMSE=34.234TECU, rel_dP=7.59e-02]  [EKF] iterating [analytical]:  10%|#         | 2/20 [00:09<01:23,  4.65s/it, RMSE=34.234TECU, rel_dP=7.59e-02]  [EKF] iterating [analytical]:  10%|#         | 2/20 [00:14<01:23,  4.65s/it, RMSE=29.517TECU, rel_dP=1.37e-31]                                                                                                                  [EKF] Converged at iteration 3  (||ΔP||/||P|| = 1.37e-31 < tol=5.0e-04)
  [EKF] iterating [analytical]:  10%|#         | 2/20 [00:14<01:23,  4.65s/it, RMSE=29.517TECU, rel_dP=1.37e-31]                                                                                                                  [EKF] Posterior innovations  mean=-5.52  std=29.00  max_abs=126.47 TECU
  [EKF] Prior RMSE 49.434 TECU  →  Post RMSE 29.343 TECU
  Saved EKF convergence plot → /home/austinhunter/IonosphereTomography/Figures/ISR_DA_Comparison/OUTPUT/2025-08-27_1227/bin_35/ro_igs/2025-08-27_1227_ro_igs_ekf_convergence.png
◀◀◀ _run_or_load END   | 2025-08-27_1227 | bin=35  | ro_igs    | parametric_ekf : DONE       (49.0s) -> status=Success
▶▶▶ _run_or_load START | 2025-08-27_1227 | bin=35  | igs_only  | parametric_ekf
    [diag] 2025-08-27_1227 | bin=35  | igs_only  | parametric_ekf : RUNNING    (force=True, cached=False) ...
  [EKF] Building IRI state at 222 grid points (batch call) …
  [EnKF] Estimating background covariance from 500 EDP samples x 222 grid points ...
  [EnKF] Parameter sigma: log10(NmF2)=0.15  hmF2=20  H0=15  gamma=0.15  B0=20  B1=0.3  log10(NmE)=0.2  hmE=8
  [EnKF] Spatial corr (Ne-space KF method): mean=0.965  max=1.000  min=0.161
  [EKF] Running EKF_Param on 51 arc(s) …
  [EKF] 51 arcs  |  51 profile rays  |  51 update rays  |  n_state = 1776
  [EKF] Prior innovations  mean=34.42  std=22.26  max_abs=68.10 TECU
  [EKF] iterating [analytical]:   0%|          | 0/20 [00:00<?, ?it/s]  [EKF] iterating [analytical]:   0%|          | 0/20 [00:00<?, ?it/s, RMSE=40.988TECU, rel_dP=1.36e-02]  [EKF] iterating [analytical]:   5%|5         | 1/20 [00:00<00:02,  6.60it/s, RMSE=40.988TECU, rel_dP=1.36e-02]  [EKF] iterating [analytical]:   5%|5         | 1/20 [00:00<00:02,  6.60it/s, RMSE=26.540TECU, rel_dP=8.77e-03]  [EKF] iterating [analytical]:  10%|#         | 2/20 [00:00<00:03,  5.63it/s, RMSE=26.540TECU, rel_dP=8.77e-03]  [EKF] iterating [analytical]:  10%|#         | 2/20 [00:00<00:03,  5.63it/s, RMSE=24.137TECU, rel_dP=1.02e-02]  [EKF] iterating [analytical]:  15%|#5        | 3/20 [00:00<00:03,  5.22it/s, RMSE=24.137TECU, rel_dP=1.02e-02]  [EKF] iterating [analytical]:  15%|#5        | 3/20 [00:00<00:03,  5.22it/s, RMSE=23.549TECU, rel_dP=1.05e-02]  [EKF] iterating [analytical]:  20%|##        | 4/20 [00:00<00:03,  5.30it/s, RMSE=23.549TECU, rel_dP=1.05e-02]  [EKF] iterating [analytical]:  20%|##        | 4/20 [00:00<00:03,  5.30it/s, RMSE=23.390TECU, rel_dP=1.14e-02]  [EKF] iterating [analytical]:  25%|##5       | 5/20 [00:00<00:02,  5.23it/s, RMSE=23.390TECU, rel_dP=1.14e-02]  [EKF] iterating [analytical]:  25%|##5       | 5/20 [00:01<00:02,  5.23it/s, RMSE=23.339TECU, rel_dP=1.21e-02]  [EKF] iterating [analytical]:  30%|###       | 6/20 [00:01<00:02,  5.08it/s, RMSE=23.339TECU, rel_dP=1.21e-02]  [EKF] iterating [analytical]:  30%|###       | 6/20 [00:01<00:02,  5.08it/s, RMSE=23.316TECU, rel_dP=1.21e-02]  [EKF] iterating [analytical]:  35%|###5      | 7/20 [00:01<00:02,  5.15it/s, RMSE=23.316TECU, rel_dP=1.21e-02]  [EKF] iterating [analytical]:  35%|###5      | 7/20 [00:01<00:02,  5.15it/s, RMSE=23.301TECU, rel_dP=1.13e-02]  [EKF] iterating [analytical]:  40%|####      | 8/20 [00:01<00:02,  5.17it/s, RMSE=23.301TECU, rel_dP=1.13e-02]  [EKF] iterating [analytical]:  40%|####      | 8/20 [00:01<00:02,  5.17it/s, RMSE=23.291TECU, rel_dP=1.12e-02]  [EKF] iterating [analytical]:  45%|####5     | 9/20 [00:01<00:02,  5.25it/s, RMSE=23.291TECU, rel_dP=1.12e-02]  [EKF] iterating [analytical]:  45%|####5     | 9/20 [00:01<00:02,  5.25it/s, RMSE=23.281TECU, rel_dP=1.18e-02]  [EKF] iterating [analytical]:  50%|#####     | 10/20 [00:01<00:01,  5.31it/s, RMSE=23.281TECU, rel_dP=1.18e-02]  [EKF] iterating [analytical]:  50%|#####     | 10/20 [00:02<00:01,  5.31it/s, RMSE=23.270TECU, rel_dP=1.18e-02]  [EKF] iterating [analytical]:  55%|#####5    | 11/20 [00:02<00:01,  5.27it/s, RMSE=23.270TECU, rel_dP=1.18e-02]  [EKF] iterating [analytical]:  55%|#####5    | 11/20 [00:02<00:01,  5.27it/s, RMSE=23.260TECU, rel_dP=1.09e-02]  [EKF] iterating [analytical]:  60%|######    | 12/20 [00:02<00:01,  5.25it/s, RMSE=23.260TECU, rel_dP=1.09e-02]  [EKF] iterating [analytical]:  60%|######    | 12/20 [00:02<00:01,  5.25it/s, RMSE=23.252TECU, rel_dP=9.49e-03]  [EKF] iterating [analytical]:  65%|######5   | 13/20 [00:02<00:01,  5.21it/s, RMSE=23.252TECU, rel_dP=9.49e-03]  [EKF] iterating [analytical]:  65%|######5   | 13/20 [00:02<00:01,  5.21it/s, RMSE=23.245TECU, rel_dP=1.05e-02]  [EKF] iterating [analytical]:  70%|#######   | 14/20 [00:02<00:01,  5.27it/s, RMSE=23.245TECU, rel_dP=1.05e-02]  [EKF] iterating [analytical]:  70%|#######   | 14/20 [00:02<00:01,  5.27it/s, RMSE=23.236TECU, rel_dP=1.18e-02]  [EKF] iterating [analytical]:  75%|#######5  | 15/20 [00:02<00:00,  5.29it/s, RMSE=23.236TECU, rel_dP=1.18e-02]  [EKF] iterating [analytical]:  75%|#######5  | 15/20 [00:03<00:00,  5.29it/s, RMSE=23.226TECU, rel_dP=1.05e-02]  [EKF] iterating [analytical]:  80%|########  | 16/20 [00:03<00:00,  5.26it/s, RMSE=23.226TECU, rel_dP=1.05e-02]  [EKF] iterating [analytical]:  80%|########  | 16/20 [00:03<00:00,  5.26it/s, RMSE=23.218TECU, rel_dP=7.55e-03]  [EKF] iterating [analytical]:  85%|########5 | 17/20 [00:03<00:00,  5.31it/s, RMSE=23.218TECU, rel_dP=7.55e-03]  [EKF] iterating [analytical]:  85%|########5 | 17/20 [00:03<00:00,  5.31it/s, RMSE=23.214TECU, rel_dP=7.11e-03]  [EKF] iterating [analytical]:  90%|######### | 18/20 [00:03<00:00,  5.28it/s, RMSE=23.214TECU, rel_dP=7.11e-03]  [EKF] iterating [analytical]:  90%|######### | 18/20 [00:03<00:00,  5.28it/s, RMSE=23.210TECU, rel_dP=8.77e-03]  [EKF] iterating [analytical]:  95%|#########5| 19/20 [00:03<00:00,  5.19it/s, RMSE=23.210TECU, rel_dP=8.77e-03]  [EKF] iterating [analytical]:  95%|#########5| 19/20 [00:03<00:00,  5.19it/s, RMSE=23.202TECU, rel_dP=1.27e-02]  [EKF] iterating [analytical]: 100%|##########| 20/20 [00:03<00:00,  5.26it/s, RMSE=23.202TECU, rel_dP=1.27e-02]                                                                                                                   [EKF] Reached max_iter=20 without convergence  (final ||ΔP||/||P|| = 1.27e-02)
  [EKF] Posterior innovations  mean=1.17  std=23.16  max_abs=67.69 TECU
  [EKF] Prior RMSE 40.988 TECU  →  Post RMSE 23.189 TECU
  Saved EKF convergence plot → /home/austinhunter/IonosphereTomography/Figures/ISR_DA_Comparison/OUTPUT/2025-08-27_1227/bin_35/igs_only/2025-08-27_1227_igs_only_ekf_convergence.png
◀◀◀ _run_or_load END   | 2025-08-27_1227 | bin=35  | igs_only  | parametric_ekf : DONE       (383.5s) -> status=ok (no 'status' key)
  [diag] 2025-08-27_1227 | bin=35 : summary of 6 obs_mode/filter_type combos
           ro_only   | gridded_kf     -> Success
           ro_only   | parametric_ekf -> Success
           ro_igs    | gridded_kf     -> Success
           ro_igs    | parametric_ekf -> Success
           igs_only  | gridded_kf     -> ok (no 'status' key)
           igs_only  | parametric_ekf -> ok (no 'status' key)

▶▶▶ compute_isr_metrics START | group=2025-08-27_1227 bin=35
◀◀◀ compute_isr_metrics END   | group=2025-08-27_1227 bin=35 -> 12 metric row(s)

▶▶▶ _plot_group_all_modes START | group=2025-08-27_1227
  [diag] 2025-08-27_1227/ro_igs/gridded_kf: arc-innovation panels thinned to 26 RO + 20/51 representative IGS arcs (of 77 total)
  [diag] 2025-08-27_1227/ro_igs/parametric_ekf: arc-innovation panels thinned to 26 RO + 20/51 representative IGS arcs (of 77 total)
  [diag] 2025-08-27_1227/igs_only/gridded_kf: arc-innovation panels thinned to 0 RO + 20/51 representative IGS arcs (of 51 total)
  [diag] 2025-08-27_1227/igs_only/parametric_ekf: arc-innovation panels thinned to 0 RO + 20/51 representative IGS arcs (of 51 total)
/home/austinhunter/Downloads/PlanetiQ_Code/venv311/lib/python3.11/site-packages/shapely/creation.py:218: RuntimeWarning: invalid value encountered in linestrings
  return lib.linestrings(coords, np.intc(handle_nan), out=out, **kwargs)
/home/austinhunter/IonosphereTomography/plotIonosphereTomography.py:3634: UserWarning: This figure includes Axes that are not compatible with tight_layout, so results might be incorrect.
  plt.tight_layout(rect=[0, 0, 1, 0.98])
/home/austinhunter/IonosphereTomography/plotIonosphereTomography.py:3634: UserWarning: This figure includes Axes that are not compatible with tight_layout, so results might be incorrect.
  plt.tight_layout(rect=[0, 0, 1, 0.98])
/home/austinhunter/IonosphereTomography/plotIonosphereTomography.py:3634: UserWarning: This figure includes Axes that are not compatible with tight_layout, so results might be incorrect.
  plt.tight_layout(rect=[0, 0, 1, 0.98])
◀◀◀ _plot_group_all_modes END   | group=2025-08-27_1227
No valid descending tangent points found. Skipping.
No valid descending tangent points found. Skipping.
No valid descending tangent points found. Skipping.
No valid descending tangent points found. Skipping.
No valid descending tangent points found. Skipping.
▶▶▶ _run_or_load START | 2025-08-27_1227 | bin=25  | ro_only   | gridded_kf    
    [diag] 2025-08-27_1227 | bin=25  | ro_only   | gridded_kf     : RUNNING    (force=True, cached=False) ...

────────────────────────────────────────────────────────────
  Group : 2025-08-27_1227
  Window: 2025-08-27_1227  |  Region: POLAR_N  |  25 occultation(s)
────────────────────────────────────────────────────────────
No valid descending tangent points found. Skipping.
    [skip] podTc2_GN04.2025.239.12.20.0016.C25.01_0000.0001_nc — parse returned None
No valid descending tangent points found. Skipping.
    [skip] podTc2_GN04.2025.239.12.23.0013.R05.01_0000.0001_nc — parse returned None
No valid descending tangent points found. Skipping.
    [skip] podTc2_GN05.2025.239.12.33.0019.C25.01_0000.0001_nc — parse returned None
No valid descending tangent points found. Skipping.
    [skip] podTc2_GN05.2025.239.12.38.0014.E24.01_0000.0001_nc — parse returned None
No valid descending tangent points found. Skipping.
    [skip] podTc2_GN05.2025.239.12.39.0013.E03.01_0000.0001_nc — parse returned None
  Parsed 20/25 files successfully.
    [podTc2] GN04 12:36 — 324 valid rays → decimated to 162 (stride 2)
    [podTc2] GN04 12:36 — 368 valid rays → decimated to 184 (stride 2)
    [podTc2] GN04 12:35 — 416 valid rays → decimated to 139 (stride 3)
    [podTc2] YM08 12:19 — 418 valid rays → decimated to 140 (stride 3)
    [podTc2] GN05 12:50 — 438 valid rays → decimated to 146 (stride 3)
    [podTc2] GN04 12:36 — 56 valid rays → decimated to 56 (stride 1)
    [podTc2] YM08 12:24 — 437 valid rays → decimated to 146 (stride 3)
    [podTc2] GN04 12:44 — 438 valid rays → decimated to 146 (stride 3)
    [podTc2] GN05 12:52 — 417 valid rays → decimated to 139 (stride 3)
    [podTc2] GN05 12:52 — 189 valid rays → decimated to 189 (stride 1)
    [podTc2] GN04 12:27 — 442 valid rays → decimated to 148 (stride 3)
    [podTc2] YM08 12:28 — 784 valid rays → decimated to 196 (stride 4)
    [podTc2] GN04 12:30 — 449 valid rays → decimated to 150 (stride 3)
    [podTc2] GN04 12:31 — 499 valid rays → decimated to 167 (stride 3)
    [podTc2] GN05 12:52 — 102 valid rays → decimated to 102 (stride 1)
    [podTc2] GN04 12:33 — 339 valid rays → decimated to 170 (stride 2)
    [podTc2] GN05 12:42 — 469 valid rays → decimated to 157 (stride 3)
    [podTc2] GN05 12:44 — 462 valid rays → decimated to 154 (stride 3)
    [podTc2] GN05 12:44 — 431 valid rays → decimated to 144 (stride 3)
    [podTc2] GN05 12:44 — 396 valid rays → decimated to 198 (stride 2)
  Bbox lat [39.0, 90.0]  lon [-180.0, 180.0]  |  union vertices: 120
  Final group: 20 occultation(s), 120 union-mesh vertices
  Saved trim diagnostic → /home/austinhunter/IonosphereTomography/Figures/ISR_DA_Comparison/OUTPUT/2025-08-27_1227/bin_25/ro_only/group_2025-08-27_1227_trim.png
  -> Building H matrices (3033 rays across 20 arc(s), single parallel sweep) …
  -> Building H matrices:    303/3033 rays ( 10.0%)
  -> Building H matrices:    606/3033 rays ( 20.0%)
  -> Building H matrices:    909/3033 rays ( 30.0%)
  -> Building H matrices:   1212/3033 rays ( 40.0%)
  -> Building H matrices:   1515/3033 rays ( 50.0%)
  -> Building H matrices:   1818/3033 rays ( 59.9%)
  -> Building H matrices:   2121/3033 rays ( 69.9%)
  -> Building H matrices:   2424/3033 rays ( 79.9%)
  -> Building H matrices:   2727/3033 rays ( 89.9%)
  -> Building H matrices:   3030/3033 rays ( 99.9%)
  -> Building H matrices:   3033/3033 rays (100.0%)
  Combined H shape : (3033, 6720)  (total rays = 3033)
  Skipping sequential KF assimilation (run_sequential=False).
  Running joint (batch) KF assimilation …
  Prior RMSE  : 35.411 TECU
  Post  RMSE  : 6.011 TECU
    [Abel] GN04 12:36: NmF2=5.22e+11 m⁻³  hmF2=291.1 km
    [Abel] GN04 12:36: NmF2=5.22e+11 m⁻³  hmF2=291.1 km
    [Abel] GN04 12:35: NmF2=4.12e+11 m⁻³  hmF2=285.0 km
    [Abel] YM08 12:19: NmF2=4.58e+11 m⁻³  hmF2=277.2 km
    [Abel] GN05 12:50: NmF2=4.47e+11 m⁻³  hmF2=326.0 km
    [Abel] GN04 12:36: NmF2=1.20e+11 m⁻³  hmF2=577.6 km
    [Abel] YM08 12:24: NmF2=3.35e+11 m⁻³  hmF2=311.3 km
    [Abel] GN04 12:44: NmF2=5.78e+11 m⁻³  hmF2=263.2 km
    [Abel] GN05 12:52: NmF2=5.09e+11 m⁻³  hmF2=350.1 km
    [Abel] GN05 12:52: NmF2=2.06e+11 m⁻³  hmF2=475.0 km
    [Abel] GN04 12:27: NmF2=3.85e+11 m⁻³  hmF2=364.7 km
    [Abel] YM08 12:28: NmF2=5.87e+11 m⁻³  hmF2=411.2 km
    [Abel] GN04 12:30: NmF2=4.55e+11 m⁻³  hmF2=329.2 km
    [Abel] GN04 12:31: NmF2=4.39e+11 m⁻³  hmF2=297.8 km
    [Abel] GN05 12:52: NmF2=1.46e+11 m⁻³  hmF2=539.2 km
    [Abel] GN04 12:33: NmF2=4.18e+11 m⁻³  hmF2=330.0 km
    [Abel] GN05 12:42: NmF2=4.04e+11 m⁻³  hmF2=287.6 km
    [Abel] GN05 12:44: NmF2=5.15e+11 m⁻³  hmF2=289.9 km
    [Abel] GN05 12:44: NmF2=4.26e+11 m⁻³  hmF2=404.4 km
    [Abel] GN05 12:44: NmF2=4.84e+11 m⁻³  hmF2=291.1 km
◀◀◀ _run_or_load END   | 2025-08-27_1227 | bin=25  | ro_only   | gridded_kf     : DONE       (120.4s) -> status=Success
▶▶▶ _run_or_load START | 2025-08-27_1227 | bin=25  | ro_igs    | gridded_kf    
    [diag] 2025-08-27_1227 | bin=25  | ro_igs    | gridded_kf     : RUNNING    (force=True, cached=False) ...

────────────────────────────────────────────────────────────
  Group : 2025-08-27_1227
  Window: 2025-08-27_1227  |  Region: POLAR_N  |  25 occultation(s)
────────────────────────────────────────────────────────────
No valid descending tangent points found. Skipping.
    [skip] podTc2_GN04.2025.239.12.20.0016.C25.01_0000.0001_nc — parse returned None
No valid descending tangent points found. Skipping.
    [skip] podTc2_GN04.2025.239.12.23.0013.R05.01_0000.0001_nc — parse returned None
No valid descending tangent points found. Skipping.
    [skip] podTc2_GN05.2025.239.12.33.0019.C25.01_0000.0001_nc — parse returned None
No valid descending tangent points found. Skipping.
    [skip] podTc2_GN05.2025.239.12.38.0014.E24.01_0000.0001_nc — parse returned None
No valid descending tangent points found. Skipping.
    [skip] podTc2_GN05.2025.239.12.39.0013.E03.01_0000.0001_nc — parse returned None
  Parsed 20/25 files successfully.
    [podTc2] GN04 12:36 — 324 valid rays → decimated to 162 (stride 2)
    [podTc2] GN04 12:36 — 368 valid rays → decimated to 184 (stride 2)
    [podTc2] GN04 12:35 — 416 valid rays → decimated to 139 (stride 3)
    [podTc2] YM08 12:19 — 418 valid rays → decimated to 140 (stride 3)
    [podTc2] GN05 12:50 — 438 valid rays → decimated to 146 (stride 3)
    [podTc2] GN04 12:36 — 56 valid rays → decimated to 56 (stride 1)
    [podTc2] YM08 12:24 — 437 valid rays → decimated to 146 (stride 3)
    [podTc2] GN04 12:44 — 438 valid rays → decimated to 146 (stride 3)
    [podTc2] GN05 12:52 — 417 valid rays → decimated to 139 (stride 3)
    [podTc2] GN05 12:52 — 189 valid rays → decimated to 189 (stride 1)
    [podTc2] GN04 12:27 — 442 valid rays → decimated to 148 (stride 3)
    [podTc2] YM08 12:28 — 784 valid rays → decimated to 196 (stride 4)
    [podTc2] GN04 12:30 — 449 valid rays → decimated to 150 (stride 3)
    [podTc2] GN04 12:31 — 499 valid rays → decimated to 167 (stride 3)
    [podTc2] GN05 12:52 — 102 valid rays → decimated to 102 (stride 1)
    [podTc2] GN04 12:33 — 339 valid rays → decimated to 170 (stride 2)
    [podTc2] GN05 12:42 — 469 valid rays → decimated to 157 (stride 3)
    [podTc2] GN05 12:44 — 462 valid rays → decimated to 154 (stride 3)
    [podTc2] GN05 12:44 — 431 valid rays → decimated to 144 (stride 3)
    [podTc2] GN05 12:44 — 396 valid rays → decimated to 198 (stride 2)
  Bbox lat [39.0, 90.0]  lon [-180.0, 180.0]  |  union vertices: 120
  Final group: 20 occultation(s), 120 union-mesh vertices
  Saved trim diagnostic → /home/austinhunter/IonosphereTomography/Figures/ISR_DA_Comparison/OUTPUT/2025-08-27_1227/bin_25/ro_igs/group_2025-08-27_1227_trim.png
  [extra] Injected 51 ground-station arc(s) → total 71 arc(s) in assimilation pool
  -> Building H matrices (3084 rays across 71 arc(s), single parallel sweep) …
  -> Building H matrices:    308/3084 rays ( 10.0%)
  -> Building H matrices:    616/3084 rays ( 20.0%)
  -> Building H matrices:    924/3084 rays ( 30.0%)
  -> Building H matrices:   1232/3084 rays ( 39.9%)
  -> Building H matrices:   1540/3084 rays ( 49.9%)
  -> Building H matrices:   1848/3084 rays ( 59.9%)
  -> Building H matrices:   2156/3084 rays ( 69.9%)
  -> Building H matrices:   2464/3084 rays ( 79.9%)
  -> Building H matrices:   2772/3084 rays ( 89.9%)
  -> Building H matrices:   3080/3084 rays ( 99.9%)
  -> Building H matrices:   3084/3084 rays (100.0%)
  Combined H shape : (3084, 6720)  (total rays = 3084)
  Skipping sequential KF assimilation (run_sequential=False).
  Running joint (batch) KF assimilation …
  Prior RMSE  : 35.367 TECU
  Post  RMSE  : 6.967 TECU
    [Abel] GN04 12:36: NmF2=5.22e+11 m⁻³  hmF2=291.1 km
    [Abel] GN04 12:36: NmF2=5.22e+11 m⁻³  hmF2=291.1 km
    [Abel] GN04 12:35: NmF2=4.12e+11 m⁻³  hmF2=285.0 km
    [Abel] YM08 12:19: NmF2=4.58e+11 m⁻³  hmF2=277.2 km
    [Abel] GN05 12:50: NmF2=4.47e+11 m⁻³  hmF2=326.0 km
    [Abel] GN04 12:36: NmF2=1.20e+11 m⁻³  hmF2=577.6 km
    [Abel] YM08 12:24: NmF2=3.35e+11 m⁻³  hmF2=311.3 km
    [Abel] GN04 12:44: NmF2=5.78e+11 m⁻³  hmF2=263.2 km
    [Abel] GN05 12:52: NmF2=5.09e+11 m⁻³  hmF2=350.1 km
    [Abel] GN05 12:52: NmF2=2.06e+11 m⁻³  hmF2=475.0 km
    [Abel] GN04 12:27: NmF2=3.85e+11 m⁻³  hmF2=364.7 km
    [Abel] YM08 12:28: NmF2=5.87e+11 m⁻³  hmF2=411.2 km
    [Abel] GN04 12:30: NmF2=4.55e+11 m⁻³  hmF2=329.2 km
    [Abel] GN04 12:31: NmF2=4.39e+11 m⁻³  hmF2=297.8 km
    [Abel] GN05 12:52: NmF2=1.46e+11 m⁻³  hmF2=539.2 km
    [Abel] GN04 12:33: NmF2=4.18e+11 m⁻³  hmF2=330.0 km
    [Abel] GN05 12:42: NmF2=4.04e+11 m⁻³  hmF2=287.6 km
    [Abel] GN05 12:44: NmF2=5.15e+11 m⁻³  hmF2=289.9 km
    [Abel] GN05 12:44: NmF2=4.26e+11 m⁻³  hmF2=404.4 km
    [Abel] GN05 12:44: NmF2=4.84e+11 m⁻³  hmF2=291.1 km
    [Abel] Skipped 51 ground-station arc(s) (RO-only technique)
/home/austinhunter/Downloads/PlanetiQ_Code/venv311/lib/python3.11/site-packages/shapely/creation.py:218: RuntimeWarning: invalid value encountered in linestrings
  return lib.linestrings(coords, np.intc(handle_nan), out=out, **kwargs)
◀◀◀ _run_or_load END   | 2025-08-27_1227 | bin=25  | ro_igs    | gridded_kf     : DONE       (120.3s) -> status=Success
▶▶▶ _run_or_load START | 2025-08-27_1227 | bin=25  | igs_only  | gridded_kf    
    [diag] 2025-08-27_1227 | bin=25  | igs_only  | gridded_kf     : RUNNING    (force=True, cached=False) ...
    [Info] Initialising information matrix (n_state=12210) …
    [Info] arcs ingested = 51/51  |  obs rows = 51  |  Λ cond ≈ 2.33e+23
    [Info] Solving …
    [Prior] innovation  mean=29.85  std=22.22  n_obs=51
    [Post ] innovation  mean=18.54  std=17.89
    RMSE:  prior=37.212 TECU  →  post=25.768 TECU
◀◀◀ _run_or_load END   | 2025-08-27_1227 | bin=25  | igs_only  | gridded_kf     : DONE       (61.7s) -> status=ok (no 'status' key)
▶▶▶ _run_or_load START | 2025-08-27_1227 | bin=25  | ro_only   | parametric_ekf
    [diag] 2025-08-27_1227 | bin=25  | ro_only   | parametric_ekf : RUNNING    (force=True, cached=False) ...
  [EKF] Building IRI state at 120 grid points (batch call) …
  [EnKF] Estimating background covariance from 50 EDP samples x 120 grid points ...
  [EnKF] Parameter sigma: log10(NmF2)=0.15  hmF2=20  H0=15  gamma=0.15  B0=20  B1=0.3  log10(NmE)=0.2  hmE=8
  [EnKF] Spatial corr (Ne-space KF method): mean=0.959  max=1.000  min=0.251
  [EKF] Running EKF_Param on 20 arc(s) …
  [EKF] 20 arcs  |  3033 profile rays  |  1561 update rays  |  n_state = 960
  [EKF] Prior innovations  mean=-24.11  std=30.24  max_abs=89.35 TECU
  [EKF] iterating [analytical]:   0%|          | 0/20 [00:00<?, ?it/s]  [EKF] iterating [analytical]:   0%|          | 0/20 [00:03<?, ?it/s, RMSE=38.676TECU, rel_dP=2.34e-01]  [EKF] iterating [analytical]:   5%|5         | 1/20 [00:03<01:10,  3.71s/it, RMSE=38.676TECU, rel_dP=2.34e-01]  [EKF] iterating [analytical]:   5%|5         | 1/20 [00:07<01:10,  3.71s/it, RMSE=25.685TECU, rel_dP=1.00e-01]  [EKF] iterating [analytical]:  10%|#         | 2/20 [00:07<01:05,  3.66s/it, RMSE=25.685TECU, rel_dP=1.00e-01]  [EKF] iterating [analytical]:  10%|#         | 2/20 [00:10<01:05,  3.66s/it, RMSE=23.754TECU, rel_dP=7.83e-02]  [EKF] iterating [analytical]:  15%|#5        | 3/20 [00:10<01:01,  3.62s/it, RMSE=23.754TECU, rel_dP=7.83e-02]  [EKF] iterating [analytical]:  15%|#5        | 3/20 [00:14<01:01,  3.62s/it, RMSE=23.719TECU, rel_dP=6.05e-02]  [EKF] iterating [analytical]:  20%|##        | 4/20 [00:14<00:57,  3.61s/it, RMSE=23.719TECU, rel_dP=6.05e-02]  [EKF] iterating [analytical]:  20%|##        | 4/20 [00:18<00:57,  3.61s/it, RMSE=23.842TECU, rel_dP=4.48e-02]  [EKF] iterating [analytical]:  25%|##5       | 5/20 [00:18<00:53,  3.59s/it, RMSE=23.842TECU, rel_dP=4.48e-02]  [EKF] iterating [analytical]:  25%|##5       | 5/20 [00:21<00:53,  3.59s/it, RMSE=24.020TECU, rel_dP=3.04e-02]  [EKF] iterating [analytical]:  30%|###       | 6/20 [00:21<00:50,  3.60s/it, RMSE=24.020TECU, rel_dP=3.04e-02]  [EKF] iterating [analytical]:  30%|###       | 6/20 [00:25<00:50,  3.60s/it, RMSE=24.184TECU, rel_dP=2.17e-02]  [EKF] iterating [analytical]:  35%|###5      | 7/20 [00:25<00:47,  3.63s/it, RMSE=24.184TECU, rel_dP=2.17e-02]  [EKF] iterating [analytical]:  35%|###5      | 7/20 [00:28<00:47,  3.63s/it, RMSE=24.359TECU, rel_dP=1.61e-02]  [EKF] iterating [analytical]:  40%|####      | 8/20 [00:28<00:43,  3.61s/it, RMSE=24.359TECU, rel_dP=1.61e-02]  [EKF] iterating [analytical]:  40%|####      | 8/20 [00:32<00:43,  3.61s/it, RMSE=24.542TECU, rel_dP=1.37e-02]  [EKF] iterating [analytical]:  45%|####5     | 9/20 [00:32<00:39,  3.61s/it, RMSE=24.542TECU, rel_dP=1.37e-02]  [EKF] iterating [analytical]:  45%|####5     | 9/20 [00:36<00:39,  3.61s/it, RMSE=24.582TECU, rel_dP=4.79e-33]                                                                                                                  [EKF] Converged at iteration 10  (||ΔP||/||P|| = 4.79e-33 < tol=5.0e-04)
  [EKF] iterating [analytical]:  45%|####5     | 9/20 [00:36<00:39,  3.61s/it, RMSE=24.582TECU, rel_dP=4.79e-33]                                                                                                                  [EKF] Posterior innovations  mean=-13.85  std=20.31  max_abs=116.97 TECU
  [EKF] Prior RMSE 38.632 TECU  →  Post RMSE 24.604 TECU
  Saved EKF convergence plot → /home/austinhunter/IonosphereTomography/Figures/ISR_DA_Comparison/OUTPUT/2025-08-27_1227/bin_25/ro_only/2025-08-27_1227_ro_only_ekf_convergence.png
◀◀◀ _run_or_load END   | 2025-08-27_1227 | bin=25  | ro_only   | parametric_ekf : DONE       (64.9s) -> status=Success
▶▶▶ _run_or_load START | 2025-08-27_1227 | bin=25  | ro_igs    | parametric_ekf
    [diag] 2025-08-27_1227 | bin=25  | ro_igs    | parametric_ekf : RUNNING    (force=True, cached=False) ...
  [EKF] Building IRI state at 120 grid points (batch call) …
  [EnKF] Estimating background covariance from 50 EDP samples x 120 grid points ...
  [EnKF] Parameter sigma: log10(NmF2)=0.15  hmF2=20  H0=15  gamma=0.15  B0=20  B1=0.3  log10(NmE)=0.2  hmE=8
  [EnKF] Spatial corr (Ne-space KF method): mean=0.959  max=1.000  min=0.251
  [EKF] Running EKF_Param on 71 arc(s) …
  [EKF] 71 arcs  |  3084 profile rays  |  1612 update rays  |  n_state = 960
  [EKF] Prior innovations  mean=-113.98  std=45.59  max_abs=281.94 TECU
  [EKF] iterating [analytical]:   0%|          | 0/20 [00:00<?, ?it/s]  [EKF] iterating [analytical]:   0%|          | 0/20 [00:03<?, ?it/s, RMSE=122.756TECU, rel_dP=1.51e-01]  [EKF] iterating [analytical]:   5%|5         | 1/20 [00:03<01:12,  3.79s/it, RMSE=122.756TECU, rel_dP=1.51e-01]  [EKF] iterating [analytical]:   5%|5         | 1/20 [00:07<01:12,  3.79s/it, RMSE=65.952TECU, rel_dP=6.11e-02]   [EKF] iterating [analytical]:  10%|#         | 2/20 [00:07<01:07,  3.76s/it, RMSE=65.952TECU, rel_dP=6.11e-02]  [EKF] iterating [analytical]:  10%|#         | 2/20 [00:11<01:07,  3.76s/it, RMSE=41.682TECU, rel_dP=3.29e-32]                                                                                                                  [EKF] Converged at iteration 3  (||ΔP||/||P|| = 3.29e-32 < tol=5.0e-04)
  [EKF] iterating [analytical]:  10%|#         | 2/20 [00:11<01:07,  3.76s/it, RMSE=41.682TECU, rel_dP=3.29e-32]                                                                                                                  [EKF] Posterior innovations  mean=-32.50  std=26.10  max_abs=135.10 TECU
  [EKF] Prior RMSE 124.060 TECU  →  Post RMSE 41.903 TECU
  Saved EKF convergence plot → /home/austinhunter/IonosphereTomography/Figures/ISR_DA_Comparison/OUTPUT/2025-08-27_1227/bin_25/ro_igs/2025-08-27_1227_ro_igs_ekf_convergence.png
◀◀◀ _run_or_load END   | 2025-08-27_1227 | bin=25  | ro_igs    | parametric_ekf : DONE       (40.5s) -> status=Success
▶▶▶ _run_or_load START | 2025-08-27_1227 | bin=25  | igs_only  | parametric_ekf
    [diag] 2025-08-27_1227 | bin=25  | igs_only  | parametric_ekf : RUNNING    (force=True, cached=False) ...
  [EKF] Building IRI state at 222 grid points (batch call) …
  [EnKF] Estimating background covariance from 500 EDP samples x 222 grid points ...
  [EnKF] Parameter sigma: log10(NmF2)=0.15  hmF2=20  H0=15  gamma=0.15  B0=20  B1=0.3  log10(NmE)=0.2  hmE=8
  [EnKF] Spatial corr (Ne-space KF method): mean=0.962  max=1.000  min=0.098
  [EKF] Running EKF_Param on 51 arc(s) …
  [EKF] 51 arcs  |  51 profile rays  |  51 update rays  |  n_state = 1776
  [EKF] Prior innovations  mean=16.95  std=22.84  max_abs=50.61 TECU
  [EKF] iterating [analytical]:   0%|          | 0/20 [00:00<?, ?it/s]  [EKF] iterating [analytical]:   0%|          | 0/20 [00:00<?, ?it/s, RMSE=28.444TECU, rel_dP=1.20e-02]  [EKF] iterating [analytical]:   5%|5         | 1/20 [00:00<00:02,  6.41it/s, RMSE=28.444TECU, rel_dP=1.20e-02]  [EKF] iterating [analytical]:   5%|5         | 1/20 [00:00<00:02,  6.41it/s, RMSE=24.988TECU, rel_dP=1.17e-02]  [EKF] iterating [analytical]:  10%|#         | 2/20 [00:00<00:03,  5.36it/s, RMSE=24.988TECU, rel_dP=1.17e-02]  [EKF] iterating [analytical]:  10%|#         | 2/20 [00:00<00:03,  5.36it/s, RMSE=23.830TECU, rel_dP=1.20e-02]  [EKF] iterating [analytical]:  15%|#5        | 3/20 [00:00<00:03,  5.24it/s, RMSE=23.830TECU, rel_dP=1.20e-02]  [EKF] iterating [analytical]:  15%|#5        | 3/20 [00:00<00:03,  5.24it/s, RMSE=23.491TECU, rel_dP=1.30e-02]  [EKF] iterating [analytical]:  20%|##        | 4/20 [00:00<00:03,  5.31it/s, RMSE=23.491TECU, rel_dP=1.30e-02]  [EKF] iterating [analytical]:  20%|##        | 4/20 [00:00<00:03,  5.31it/s, RMSE=23.376TECU, rel_dP=1.30e-02]  [EKF] iterating [analytical]:  25%|##5       | 5/20 [00:00<00:02,  5.36it/s, RMSE=23.376TECU, rel_dP=1.30e-02]  [EKF] iterating [analytical]:  25%|##5       | 5/20 [00:01<00:02,  5.36it/s, RMSE=23.328TECU, rel_dP=1.27e-02]  [EKF] iterating [analytical]:  30%|###       | 6/20 [00:01<00:02,  5.37it/s, RMSE=23.328TECU, rel_dP=1.27e-02]  [EKF] iterating [analytical]:  30%|###       | 6/20 [00:01<00:02,  5.37it/s, RMSE=23.303TECU, rel_dP=1.26e-02]  [EKF] iterating [analytical]:  35%|###5      | 7/20 [00:01<00:02,  5.40it/s, RMSE=23.303TECU, rel_dP=1.26e-02]  [EKF] iterating [analytical]:  35%|###5      | 7/20 [00:01<00:02,  5.40it/s, RMSE=23.285TECU, rel_dP=1.32e-02]  [EKF] iterating [analytical]:  40%|####      | 8/20 [00:01<00:02,  5.23it/s, RMSE=23.285TECU, rel_dP=1.32e-02]  [EKF] iterating [analytical]:  40%|####      | 8/20 [00:01<00:02,  5.23it/s, RMSE=23.269TECU, rel_dP=1.28e-02]  [EKF] iterating [analytical]:  45%|####5     | 9/20 [00:01<00:02,  5.16it/s, RMSE=23.269TECU, rel_dP=1.28e-02]  [EKF] iterating [analytical]:  45%|####5     | 9/20 [00:01<00:02,  5.16it/s, RMSE=23.256TECU, rel_dP=1.21e-02]  [EKF] iterating [analytical]:  50%|#####     | 10/20 [00:01<00:01,  5.21it/s, RMSE=23.256TECU, rel_dP=1.21e-02]  [EKF] iterating [analytical]:  50%|#####     | 10/20 [00:02<00:01,  5.21it/s, RMSE=23.244TECU, rel_dP=1.27e-02]  [EKF] iterating [analytical]:  55%|#####5    | 11/20 [00:02<00:01,  5.27it/s, RMSE=23.244TECU, rel_dP=1.27e-02]  [EKF] iterating [analytical]:  55%|#####5    | 11/20 [00:02<00:01,  5.27it/s, RMSE=23.232TECU, rel_dP=1.28e-02]  [EKF] iterating [analytical]:  60%|######    | 12/20 [00:02<00:01,  5.29it/s, RMSE=23.232TECU, rel_dP=1.28e-02]  [EKF] iterating [analytical]:  60%|######    | 12/20 [00:02<00:01,  5.29it/s, RMSE=23.220TECU, rel_dP=1.24e-02]  [EKF] iterating [analytical]:  65%|######5   | 13/20 [00:02<00:01,  5.33it/s, RMSE=23.220TECU, rel_dP=1.24e-02]  [EKF] iterating [analytical]:  65%|######5   | 13/20 [00:02<00:01,  5.33it/s, RMSE=23.209TECU, rel_dP=1.20e-02]  [EKF] iterating [analytical]:  70%|#######   | 14/20 [00:02<00:01,  5.36it/s, RMSE=23.209TECU, rel_dP=1.20e-02]  [EKF] iterating [analytical]:  70%|#######   | 14/20 [00:02<00:01,  5.36it/s, RMSE=23.199TECU, rel_dP=1.22e-02]  [EKF] iterating [analytical]:  75%|#######5  | 15/20 [00:02<00:00,  5.42it/s, RMSE=23.199TECU, rel_dP=1.22e-02]  [EKF] iterating [analytical]:  75%|#######5  | 15/20 [00:02<00:00,  5.42it/s, RMSE=23.188TECU, rel_dP=1.13e-02]  [EKF] iterating [analytical]:  80%|########  | 16/20 [00:02<00:00,  5.42it/s, RMSE=23.188TECU, rel_dP=1.13e-02]  [EKF] iterating [analytical]:  80%|########  | 16/20 [00:03<00:00,  5.42it/s, RMSE=23.179TECU, rel_dP=9.88e-03]  [EKF] iterating [analytical]:  85%|########5 | 17/20 [00:03<00:00,  5.39it/s, RMSE=23.179TECU, rel_dP=9.88e-03]  [EKF] iterating [analytical]:  85%|########5 | 17/20 [00:03<00:00,  5.39it/s, RMSE=23.171TECU, rel_dP=1.07e-02]  [EKF] iterating [analytical]:  90%|######### | 18/20 [00:03<00:00,  5.44it/s, RMSE=23.171TECU, rel_dP=1.07e-02]  [EKF] iterating [analytical]:  90%|######### | 18/20 [00:03<00:00,  5.44it/s, RMSE=23.161TECU, rel_dP=1.37e-02]  [EKF] iterating [analytical]:  95%|#########5| 19/20 [00:03<00:00,  5.40it/s, RMSE=23.161TECU, rel_dP=1.37e-02]  [EKF] iterating [analytical]:  95%|#########5| 19/20 [00:03<00:00,  5.40it/s, RMSE=23.146TECU, rel_dP=1.37e-02]  [EKF] iterating [analytical]: 100%|##########| 20/20 [00:03<00:00,  5.38it/s, RMSE=23.146TECU, rel_dP=1.37e-02]                                                                                                                   [EKF] Reached max_iter=20 without convergence  (final ||ΔP||/||P|| = 1.37e-02)
  [EKF] Posterior innovations  mean=1.12  std=23.11  max_abs=67.62 TECU
  [EKF] Prior RMSE 28.444 TECU  →  Post RMSE 23.134 TECU
  Saved EKF convergence plot → /home/austinhunter/IonosphereTomography/Figures/ISR_DA_Comparison/OUTPUT/2025-08-27_1227/bin_25/igs_only/2025-08-27_1227_igs_only_ekf_convergence.png
◀◀◀ _run_or_load END   | 2025-08-27_1227 | bin=25  | igs_only  | parametric_ekf : DONE       (376.3s) -> status=ok (no 'status' key)
  [diag] 2025-08-27_1227 | bin=25 : summary of 6 obs_mode/filter_type combos
           ro_only   | gridded_kf     -> Success
           ro_only   | parametric_ekf -> Success
           ro_igs    | gridded_kf     -> Success
           ro_igs    | parametric_ekf -> Success
           igs_only  | gridded_kf     -> ok (no 'status' key)
           igs_only  | parametric_ekf -> ok (no 'status' key)

▶▶▶ compute_isr_metrics START | group=2025-08-27_1227 bin=25
◀◀◀ compute_isr_metrics END   | group=2025-08-27_1227 bin=25 -> 12 metric row(s)

▶▶▶ _plot_group_all_modes START | group=2025-08-27_1227
  [diag] 2025-08-27_1227/ro_igs/gridded_kf: arc-innovation panels thinned to 20 RO + 20/51 representative IGS arcs (of 71 total)
  [diag] 2025-08-27_1227/ro_igs/parametric_ekf: arc-innovation panels thinned to 20 RO + 20/51 representative IGS arcs (of 71 total)
  [diag] 2025-08-27_1227/igs_only/gridded_kf: arc-innovation panels thinned to 0 RO + 20/51 representative IGS arcs (of 51 total)
  [diag] 2025-08-27_1227/igs_only/parametric_ekf: arc-innovation panels thinned to 0 RO + 20/51 representative IGS arcs (of 51 total)
/home/austinhunter/Downloads/PlanetiQ_Code/venv311/lib/python3.11/site-packages/shapely/creation.py:218: RuntimeWarning: invalid value encountered in linestrings
  return lib.linestrings(coords, np.intc(handle_nan), out=out, **kwargs)
/home/austinhunter/IonosphereTomography/plotIonosphereTomography.py:3634: UserWarning: This figure includes Axes that are not compatible with tight_layout, so results might be incorrect.
  plt.tight_layout(rect=[0, 0, 1, 0.98])
/home/austinhunter/IonosphereTomography/plotIonosphereTomography.py:3634: UserWarning: This figure includes Axes that are not compatible with tight_layout, so results might be incorrect.
  plt.tight_layout(rect=[0, 0, 1, 0.98])
/home/austinhunter/IonosphereTomography/plotIonosphereTomography.py:3634: UserWarning: This figure includes Axes that are not compatible with tight_layout, so results might be incorrect.
  plt.tight_layout(rect=[0, 0, 1, 0.98])
◀◀◀ _plot_group_all_modes END   | group=2025-08-27_1227
No valid descending tangent points found. Skipping.
No valid descending tangent points found. Skipping.
No valid descending tangent points found. Skipping.
▶▶▶ _run_or_load START | 2025-08-27_1227 | bin=15  | ro_only   | gridded_kf    
    [diag] 2025-08-27_1227 | bin=15  | ro_only   | gridded_kf     : RUNNING    (force=True, cached=False) ...

────────────────────────────────────────────────────────────
  Group : 2025-08-27_1227
  Window: 2025-08-27_1227  |  Region: POLAR_N  |  15 occultation(s)
────────────────────────────────────────────────────────────
No valid descending tangent points found. Skipping.
    [skip] podTc2_GN04.2025.239.12.20.0016.C25.01_0000.0001_nc — parse returned None
No valid descending tangent points found. Skipping.
    [skip] podTc2_GN05.2025.239.12.33.0019.C25.01_0000.0001_nc — parse returned None
No valid descending tangent points found. Skipping.
    [skip] podTc2_GN05.2025.239.12.38.0014.E24.01_0000.0001_nc — parse returned None
  Parsed 12/15 files successfully.
    [podTc2] GN04 12:36 — 230 valid rays → decimated to 115 (stride 2)
    [podTc2] GN04 12:35 — 325 valid rays → decimated to 163 (stride 2)
    [podTc2] YM08 12:24 — 437 valid rays → decimated to 146 (stride 3)
    [podTc2] GN05 12:52 — 417 valid rays → decimated to 139 (stride 3)
    [podTc2] GN04 12:44 — 543 valid rays → decimated to 181 (stride 3)
    [podTc2] GN04 12:26 — 482 valid rays → decimated to 161 (stride 3)
    [podTc2] GN04 12:26 — 482 valid rays → decimated to 161 (stride 3)
    [podTc2] GN05 12:52 — 270 valid rays → decimated to 135 (stride 2)
    [podTc2] GN05 12:52 — 189 valid rays → decimated to 189 (stride 1)
    [podTc2] GN05 12:50 — 394 valid rays → decimated to 197 (stride 2)
    [podTc2] GN04 12:30 — 449 valid rays → decimated to 150 (stride 3)
    [podTc2] GN05 12:44 — 396 valid rays → decimated to 198 (stride 2)
  Bbox lat [39.5, 90.0]  lon [-180.0, 180.0]  |  union vertices: 112
  Final group: 12 occultation(s), 112 union-mesh vertices
  Saved trim diagnostic → /home/austinhunter/IonosphereTomography/Figures/ISR_DA_Comparison/OUTPUT/2025-08-27_1227/bin_15/ro_only/group_2025-08-27_1227_trim.png
  -> Building H matrices (1935 rays across 12 arc(s), single parallel sweep) …
  -> Building H matrices:    193/1935 rays ( 10.0%)
  -> Building H matrices:    386/1935 rays ( 19.9%)
  -> Building H matrices:    579/1935 rays ( 29.9%)
  -> Building H matrices:    772/1935 rays ( 39.9%)
  -> Building H matrices:    965/1935 rays ( 49.9%)
  -> Building H matrices:   1158/1935 rays ( 59.8%)
  -> Building H matrices:   1351/1935 rays ( 69.8%)
  -> Building H matrices:   1544/1935 rays ( 79.8%)
  -> Building H matrices:   1737/1935 rays ( 89.8%)
  -> Building H matrices:   1930/1935 rays ( 99.7%)
  -> Building H matrices:   1935/1935 rays (100.0%)
  Combined H shape : (1935, 6272)  (total rays = 1935)
  Skipping sequential KF assimilation (run_sequential=False).
  Running joint (batch) KF assimilation …
  Prior RMSE  : 34.285 TECU
  Post  RMSE  : 6.061 TECU
    [Abel] GN04 12:36: NmF2=2.35e+11 m⁻³  hmF2=536.6 km
    [Abel] GN04 12:35: NmF2=4.12e+11 m⁻³  hmF2=285.0 km
    [Abel] YM08 12:24: NmF2=3.35e+11 m⁻³  hmF2=311.3 km
    [Abel] GN05 12:52: NmF2=5.09e+11 m⁻³  hmF2=350.1 km
    [Abel] GN04 12:44: NmF2=6.75e+11 m⁻³  hmF2=259.6 km
    [Abel] GN04 12:26: NmF2=6.88e+11 m⁻³  hmF2=271.7 km
    [Abel] GN04 12:26: NmF2=6.88e+11 m⁻³  hmF2=271.7 km
    [Abel] GN05 12:52: NmF2=3.14e+11 m⁻³  hmF2=392.2 km
    [Abel] GN05 12:52: NmF2=2.06e+11 m⁻³  hmF2=475.0 km
    [Abel] GN05 12:50: NmF2=6.00e+11 m⁻³  hmF2=292.5 km
    [Abel] GN04 12:30: NmF2=4.55e+11 m⁻³  hmF2=329.2 km
    [Abel] GN05 12:44: NmF2=4.84e+11 m⁻³  hmF2=291.1 km
◀◀◀ _run_or_load END   | 2025-08-27_1227 | bin=15  | ro_only   | gridded_kf     : DONE       (84.1s) -> status=Success
▶▶▶ _run_or_load START | 2025-08-27_1227 | bin=15  | ro_igs    | gridded_kf    
    [diag] 2025-08-27_1227 | bin=15  | ro_igs    | gridded_kf     : RUNNING    (force=True, cached=False) ...

────────────────────────────────────────────────────────────
  Group : 2025-08-27_1227
  Window: 2025-08-27_1227  |  Region: POLAR_N  |  15 occultation(s)
────────────────────────────────────────────────────────────
No valid descending tangent points found. Skipping.
    [skip] podTc2_GN04.2025.239.12.20.0016.C25.01_0000.0001_nc — parse returned None
No valid descending tangent points found. Skipping.
    [skip] podTc2_GN05.2025.239.12.33.0019.C25.01_0000.0001_nc — parse returned None
No valid descending tangent points found. Skipping.
    [skip] podTc2_GN05.2025.239.12.38.0014.E24.01_0000.0001_nc — parse returned None
  Parsed 12/15 files successfully.
    [podTc2] GN04 12:36 — 230 valid rays → decimated to 115 (stride 2)
    [podTc2] GN04 12:35 — 325 valid rays → decimated to 163 (stride 2)
    [podTc2] YM08 12:24 — 437 valid rays → decimated to 146 (stride 3)
    [podTc2] GN05 12:52 — 417 valid rays → decimated to 139 (stride 3)
    [podTc2] GN04 12:44 — 543 valid rays → decimated to 181 (stride 3)
    [podTc2] GN04 12:26 — 482 valid rays → decimated to 161 (stride 3)
    [podTc2] GN04 12:26 — 482 valid rays → decimated to 161 (stride 3)
    [podTc2] GN05 12:52 — 270 valid rays → decimated to 135 (stride 2)
    [podTc2] GN05 12:52 — 189 valid rays → decimated to 189 (stride 1)
    [podTc2] GN05 12:50 — 394 valid rays → decimated to 197 (stride 2)
    [podTc2] GN04 12:30 — 449 valid rays → decimated to 150 (stride 3)
    [podTc2] GN05 12:44 — 396 valid rays → decimated to 198 (stride 2)
  Bbox lat [39.5, 90.0]  lon [-180.0, 180.0]  |  union vertices: 112
  Final group: 12 occultation(s), 112 union-mesh vertices
  Saved trim diagnostic → /home/austinhunter/IonosphereTomography/Figures/ISR_DA_Comparison/OUTPUT/2025-08-27_1227/bin_15/ro_igs/group_2025-08-27_1227_trim.png
  [extra] Injected 51 ground-station arc(s) → total 63 arc(s) in assimilation pool
  -> Building H matrices (1986 rays across 63 arc(s), single parallel sweep) …
  -> Building H matrices:    198/1986 rays ( 10.0%)
  -> Building H matrices:    396/1986 rays ( 19.9%)
  -> Building H matrices:    594/1986 rays ( 29.9%)
  -> Building H matrices:    792/1986 rays ( 39.9%)
  -> Building H matrices:    990/1986 rays ( 49.8%)
  -> Building H matrices:   1188/1986 rays ( 59.8%)
  -> Building H matrices:   1386/1986 rays ( 69.8%)
  -> Building H matrices:   1584/1986 rays ( 79.8%)
  -> Building H matrices:   1782/1986 rays ( 89.7%)
  -> Building H matrices:   1980/1986 rays ( 99.7%)
  -> Building H matrices:   1986/1986 rays (100.0%)
  Combined H shape : (1986, 6272)  (total rays = 1986)
  Skipping sequential KF assimilation (run_sequential=False).
  Running joint (batch) KF assimilation …
  Prior RMSE  : 34.247 TECU
  Post  RMSE  : 7.208 TECU
    [Abel] GN04 12:36: NmF2=2.35e+11 m⁻³  hmF2=536.6 km
    [Abel] GN04 12:35: NmF2=4.12e+11 m⁻³  hmF2=285.0 km
    [Abel] YM08 12:24: NmF2=3.35e+11 m⁻³  hmF2=311.3 km
    [Abel] GN05 12:52: NmF2=5.09e+11 m⁻³  hmF2=350.1 km
    [Abel] GN04 12:44: NmF2=6.75e+11 m⁻³  hmF2=259.6 km
    [Abel] GN04 12:26: NmF2=6.88e+11 m⁻³  hmF2=271.7 km
    [Abel] GN04 12:26: NmF2=6.88e+11 m⁻³  hmF2=271.7 km
    [Abel] GN05 12:52: NmF2=3.14e+11 m⁻³  hmF2=392.2 km
    [Abel] GN05 12:52: NmF2=2.06e+11 m⁻³  hmF2=475.0 km
    [Abel] GN05 12:50: NmF2=6.00e+11 m⁻³  hmF2=292.5 km
    [Abel] GN04 12:30: NmF2=4.55e+11 m⁻³  hmF2=329.2 km
    [Abel] GN05 12:44: NmF2=4.84e+11 m⁻³  hmF2=291.1 km
    [Abel] Skipped 51 ground-station arc(s) (RO-only technique)
/home/austinhunter/Downloads/PlanetiQ_Code/venv311/lib/python3.11/site-packages/shapely/creation.py:218: RuntimeWarning: invalid value encountered in linestrings
  return lib.linestrings(coords, np.intc(handle_nan), out=out, **kwargs)
◀◀◀ _run_or_load END   | 2025-08-27_1227 | bin=15  | ro_igs    | gridded_kf     : DONE       (84.7s) -> status=Success
▶▶▶ _run_or_load START | 2025-08-27_1227 | bin=15  | igs_only  | gridded_kf    
    [diag] 2025-08-27_1227 | bin=15  | igs_only  | gridded_kf     : RUNNING    (force=True, cached=False) ...
    [Info] Initialising information matrix (n_state=12210) …
    [Info] arcs ingested = 51/51  |  obs rows = 51  |  Λ cond ≈ 2.33e+23
    [Info] Solving …
    [Prior] innovation  mean=29.85  std=22.22  n_obs=51
    [Post ] innovation  mean=18.60  std=17.96
    RMSE:  prior=37.212 TECU  →  post=25.854 TECU
◀◀◀ _run_or_load END   | 2025-08-27_1227 | bin=15  | igs_only  | gridded_kf     : DONE       (61.9s) -> status=ok (no 'status' key)
▶▶▶ _run_or_load START | 2025-08-27_1227 | bin=15  | ro_only   | parametric_ekf
    [diag] 2025-08-27_1227 | bin=15  | ro_only   | parametric_ekf : RUNNING    (force=True, cached=False) ...
  [EKF] Building IRI state at 112 grid points (batch call) …
  [EnKF] Estimating background covariance from 50 EDP samples x 112 grid points ...
  [EnKF] Parameter sigma: log10(NmF2)=0.15  hmF2=20  H0=15  gamma=0.15  B0=20  B1=0.3  log10(NmE)=0.2  hmE=8
  [EnKF] Spatial corr (Ne-space KF method): mean=0.961  max=1.000  min=0.251
  [EKF] Running EKF_Param on 12 arc(s) …
  [EKF] 12 arcs  |  1935 profile rays  |  975 update rays  |  n_state = 896
  [EKF] Prior innovations  mean=-47.74  std=25.88  max_abs=86.83 TECU
  [EKF] iterating [analytical]:   0%|          | 0/20 [00:00<?, ?it/s]  [EKF] iterating [analytical]:   0%|          | 0/20 [00:02<?, ?it/s, RMSE=54.306TECU, rel_dP=1.81e-01]  [EKF] iterating [analytical]:   5%|5         | 1/20 [00:02<00:43,  2.28s/it, RMSE=54.306TECU, rel_dP=1.81e-01]  [EKF] iterating [analytical]:   5%|5         | 1/20 [00:04<00:43,  2.28s/it, RMSE=29.806TECU, rel_dP=1.13e-01]  [EKF] iterating [analytical]:  10%|#         | 2/20 [00:04<00:41,  2.29s/it, RMSE=29.806TECU, rel_dP=1.13e-01]  [EKF] iterating [analytical]:  10%|#         | 2/20 [00:06<00:41,  2.29s/it, RMSE=21.356TECU, rel_dP=1.09e-01]  [EKF] iterating [analytical]:  15%|#5        | 3/20 [00:06<00:38,  2.29s/it, RMSE=21.356TECU, rel_dP=1.09e-01]  [EKF] iterating [analytical]:  15%|#5        | 3/20 [00:09<00:38,  2.29s/it, RMSE=18.702TECU, rel_dP=8.83e-02]  [EKF] iterating [analytical]:  20%|##        | 4/20 [00:09<00:36,  2.28s/it, RMSE=18.702TECU, rel_dP=8.83e-02]  [EKF] iterating [analytical]:  20%|##        | 4/20 [00:11<00:36,  2.28s/it, RMSE=18.077TECU, rel_dP=7.04e-02]  [EKF] iterating [analytical]:  25%|##5       | 5/20 [00:11<00:34,  2.28s/it, RMSE=18.077TECU, rel_dP=7.04e-02]  [EKF] iterating [analytical]:  25%|##5       | 5/20 [00:13<00:34,  2.28s/it, RMSE=17.869TECU, rel_dP=6.61e-02]  [EKF] iterating [analytical]:  30%|###       | 6/20 [00:13<00:31,  2.28s/it, RMSE=17.869TECU, rel_dP=6.61e-02]  [EKF] iterating [analytical]:  30%|###       | 6/20 [00:15<00:31,  2.28s/it, RMSE=17.788TECU, rel_dP=6.52e-02]  [EKF] iterating [analytical]:  35%|###5      | 7/20 [00:15<00:29,  2.27s/it, RMSE=17.788TECU, rel_dP=6.52e-02]  [EKF] iterating [analytical]:  35%|###5      | 7/20 [00:18<00:29,  2.27s/it, RMSE=17.732TECU, rel_dP=6.49e-02]  [EKF] iterating [analytical]:  40%|####      | 8/20 [00:18<00:27,  2.29s/it, RMSE=17.732TECU, rel_dP=6.49e-02]  [EKF] iterating [analytical]:  40%|####      | 8/20 [00:20<00:27,  2.29s/it, RMSE=17.718TECU, rel_dP=6.51e-02]  [EKF] iterating [analytical]:  45%|####5     | 9/20 [00:20<00:25,  2.30s/it, RMSE=17.718TECU, rel_dP=6.51e-02]  [EKF] iterating [analytical]:  45%|####5     | 9/20 [00:22<00:25,  2.30s/it, RMSE=17.655TECU, rel_dP=6.36e-02]  [EKF] iterating [analytical]:  50%|#####     | 10/20 [00:22<00:22,  2.28s/it, RMSE=17.655TECU, rel_dP=6.36e-02]  [EKF] iterating [analytical]:  50%|#####     | 10/20 [00:25<00:22,  2.28s/it, RMSE=17.538TECU, rel_dP=6.10e-02]  [EKF] iterating [analytical]:  55%|#####5    | 11/20 [00:25<00:20,  2.28s/it, RMSE=17.538TECU, rel_dP=6.10e-02]  [EKF] iterating [analytical]:  55%|#####5    | 11/20 [00:27<00:20,  2.28s/it, RMSE=17.422TECU, rel_dP=5.86e-02]  [EKF] iterating [analytical]:  60%|######    | 12/20 [00:27<00:18,  2.29s/it, RMSE=17.422TECU, rel_dP=5.86e-02]  [EKF] iterating [analytical]:  60%|######    | 12/20 [00:29<00:18,  2.29s/it, RMSE=17.315TECU, rel_dP=5.63e-02]  [EKF] iterating [analytical]:  65%|######5   | 13/20 [00:29<00:15,  2.28s/it, RMSE=17.315TECU, rel_dP=5.63e-02]  [EKF] iterating [analytical]:  65%|######5   | 13/20 [00:31<00:15,  2.28s/it, RMSE=17.214TECU, rel_dP=5.39e-02]  [EKF] iterating [analytical]:  70%|#######   | 14/20 [00:31<00:13,  2.27s/it, RMSE=17.214TECU, rel_dP=5.39e-02]  [EKF] iterating [analytical]:  70%|#######   | 14/20 [00:34<00:13,  2.27s/it, RMSE=17.118TECU, rel_dP=5.16e-02]  [EKF] iterating [analytical]:  75%|#######5  | 15/20 [00:34<00:11,  2.27s/it, RMSE=17.118TECU, rel_dP=5.16e-02]  [EKF] iterating [analytical]:  75%|#######5  | 15/20 [00:36<00:11,  2.27s/it, RMSE=17.029TECU, rel_dP=4.94e-02]  [EKF] iterating [analytical]:  80%|########  | 16/20 [00:36<00:09,  2.27s/it, RMSE=17.029TECU, rel_dP=4.94e-02]  [EKF] iterating [analytical]:  80%|########  | 16/20 [00:38<00:09,  2.27s/it, RMSE=16.946TECU, rel_dP=4.71e-02]  [EKF] iterating [analytical]:  85%|########5 | 17/20 [00:38<00:06,  2.27s/it, RMSE=16.946TECU, rel_dP=4.71e-02]  [EKF] iterating [analytical]:  85%|########5 | 17/20 [00:41<00:06,  2.27s/it, RMSE=16.867TECU, rel_dP=4.49e-02]  [EKF] iterating [analytical]:  90%|######### | 18/20 [00:41<00:04,  2.27s/it, RMSE=16.867TECU, rel_dP=4.49e-02]  [EKF] iterating [analytical]:  90%|######### | 18/20 [00:43<00:04,  2.27s/it, RMSE=16.794TECU, rel_dP=4.28e-02]  [EKF] iterating [analytical]:  95%|#########5| 19/20 [00:43<00:02,  2.28s/it, RMSE=16.794TECU, rel_dP=4.28e-02]  [EKF] iterating [analytical]:  95%|#########5| 19/20 [00:45<00:02,  2.28s/it, RMSE=16.725TECU, rel_dP=4.07e-02]  [EKF] iterating [analytical]: 100%|##########| 20/20 [00:45<00:00,  2.28s/it, RMSE=16.725TECU, rel_dP=4.07e-02]                                                                                                                   [EKF] Reached max_iter=20 without convergence  (final ||ΔP||/||P|| = 4.07e-02)
  [EKF] Posterior innovations  mean=-1.82  std=16.56  max_abs=71.14 TECU
  [EKF] Prior RMSE 54.362 TECU  →  Post RMSE 16.570 TECU
  Saved EKF convergence plot → /home/austinhunter/IonosphereTomography/Figures/ISR_DA_Comparison/OUTPUT/2025-08-27_1227/bin_15/ro_only/2025-08-27_1227_ro_only_ekf_convergence.png
◀◀◀ _run_or_load END   | 2025-08-27_1227 | bin=15  | ro_only   | parametric_ekf : DONE       (66.9s) -> status=Success
▶▶▶ _run_or_load START | 2025-08-27_1227 | bin=15  | ro_igs    | parametric_ekf
    [diag] 2025-08-27_1227 | bin=15  | ro_igs    | parametric_ekf : RUNNING    (force=True, cached=False) ...
  [EKF] Building IRI state at 112 grid points (batch call) …
  [EnKF] Estimating background covariance from 50 EDP samples x 112 grid points ...
  [EnKF] Parameter sigma: log10(NmF2)=0.15  hmF2=20  H0=15  gamma=0.15  B0=20  B1=0.3  log10(NmE)=0.2  hmE=8
  [EnKF] Spatial corr (Ne-space KF method): mean=0.961  max=1.000  min=0.251
  [EKF] Running EKF_Param on 63 arc(s) …
  [EKF] 63 arcs  |  1986 profile rays  |  1026 update rays  |  n_state = 896
  [EKF] Prior innovations  mean=-2.83  std=38.10  max_abs=92.34 TECU
  [EKF] iterating [analytical]:   0%|          | 0/20 [00:00<?, ?it/s]  [EKF] iterating [analytical]:   0%|          | 0/20 [00:02<?, ?it/s, RMSE=38.201TECU, rel_dP=1.80e-01]  [EKF] iterating [analytical]:   5%|5         | 1/20 [00:02<00:46,  2.44s/it, RMSE=38.201TECU, rel_dP=1.80e-01]  [EKF] iterating [analytical]:   5%|5         | 1/20 [00:04<00:46,  2.44s/it, RMSE=22.802TECU, rel_dP=7.39e-02]  [EKF] iterating [analytical]:  10%|#         | 2/20 [00:04<00:43,  2.43s/it, RMSE=22.802TECU, rel_dP=7.39e-02]  [EKF] iterating [analytical]:  10%|#         | 2/20 [00:07<00:43,  2.43s/it, RMSE=20.603TECU, rel_dP=3.20e-02]  [EKF] iterating [analytical]:  15%|#5        | 3/20 [00:07<00:42,  2.47s/it, RMSE=20.603TECU, rel_dP=3.20e-02]  [EKF] iterating [analytical]:  15%|#5        | 3/20 [00:09<00:42,  2.47s/it, RMSE=20.184TECU, rel_dP=2.37e-02]  [EKF] iterating [analytical]:  20%|##        | 4/20 [00:09<00:39,  2.47s/it, RMSE=20.184TECU, rel_dP=2.37e-02]  [EKF] iterating [analytical]:  20%|##        | 4/20 [00:12<00:39,  2.47s/it, RMSE=20.090TECU, rel_dP=2.52e-02]  [EKF] iterating [analytical]:  25%|##5       | 5/20 [00:12<00:36,  2.45s/it, RMSE=20.090TECU, rel_dP=2.52e-02]  [EKF] iterating [analytical]:  25%|##5       | 5/20 [00:14<00:36,  2.45s/it, RMSE=20.175TECU, rel_dP=2.85e-02]  [EKF] iterating [analytical]:  30%|###       | 6/20 [00:14<00:34,  2.45s/it, RMSE=20.175TECU, rel_dP=2.85e-02]  [EKF] iterating [analytical]:  30%|###       | 6/20 [00:17<00:34,  2.45s/it, RMSE=20.360TECU, rel_dP=3.44e-02]  [EKF] iterating [analytical]:  35%|###5      | 7/20 [00:17<00:31,  2.44s/it, RMSE=20.360TECU, rel_dP=3.44e-02]  [EKF] iterating [analytical]:  35%|###5      | 7/20 [00:19<00:31,  2.44s/it, RMSE=20.483TECU, rel_dP=4.08e-02]  [EKF] iterating [analytical]:  40%|####      | 8/20 [00:19<00:29,  2.42s/it, RMSE=20.483TECU, rel_dP=4.08e-02]  [EKF] iterating [analytical]:  40%|####      | 8/20 [00:21<00:29,  2.42s/it, RMSE=20.472TECU, rel_dP=4.42e-02]  [EKF] iterating [analytical]:  45%|####5     | 9/20 [00:21<00:26,  2.41s/it, RMSE=20.472TECU, rel_dP=4.42e-02]  [EKF] iterating [analytical]:  45%|####5     | 9/20 [00:24<00:26,  2.41s/it, RMSE=20.413TECU, rel_dP=4.70e-02]  [EKF] iterating [analytical]:  50%|#####     | 10/20 [00:24<00:24,  2.40s/it, RMSE=20.413TECU, rel_dP=4.70e-02]  [EKF] iterating [analytical]:  50%|#####     | 10/20 [00:26<00:24,  2.40s/it, RMSE=20.205TECU, rel_dP=5.02e-02]  [EKF] iterating [analytical]:  55%|#####5    | 11/20 [00:26<00:21,  2.41s/it, RMSE=20.205TECU, rel_dP=5.02e-02]  [EKF] iterating [analytical]:  55%|#####5    | 11/20 [00:29<00:21,  2.41s/it, RMSE=19.888TECU, rel_dP=5.11e-02]  [EKF] iterating [analytical]:  60%|######    | 12/20 [00:29<00:19,  2.40s/it, RMSE=19.888TECU, rel_dP=5.11e-02]  [EKF] iterating [analytical]:  60%|######    | 12/20 [00:31<00:19,  2.40s/it, RMSE=19.673TECU, rel_dP=5.14e-02]  [EKF] iterating [analytical]:  65%|######5   | 13/20 [00:31<00:16,  2.43s/it, RMSE=19.673TECU, rel_dP=5.14e-02]  [EKF] iterating [analytical]:  65%|######5   | 13/20 [00:33<00:16,  2.43s/it, RMSE=19.512TECU, rel_dP=5.21e-02]  [EKF] iterating [analytical]:  70%|#######   | 14/20 [00:33<00:14,  2.41s/it, RMSE=19.512TECU, rel_dP=5.21e-02]  [EKF] iterating [analytical]:  70%|#######   | 14/20 [00:36<00:14,  2.41s/it, RMSE=19.367TECU, rel_dP=5.27e-02]  [EKF] iterating [analytical]:  75%|#######5  | 15/20 [00:36<00:12,  2.43s/it, RMSE=19.367TECU, rel_dP=5.27e-02]  [EKF] iterating [analytical]:  75%|#######5  | 15/20 [00:38<00:12,  2.43s/it, RMSE=19.238TECU, rel_dP=5.17e-02]  [EKF] iterating [analytical]:  80%|########  | 16/20 [00:38<00:09,  2.43s/it, RMSE=19.238TECU, rel_dP=5.17e-02]  [EKF] iterating [analytical]:  80%|########  | 16/20 [00:41<00:09,  2.43s/it, RMSE=19.134TECU, rel_dP=5.09e-02]  [EKF] iterating [analytical]:  85%|########5 | 17/20 [00:41<00:07,  2.43s/it, RMSE=19.134TECU, rel_dP=5.09e-02]  [EKF] iterating [analytical]:  85%|########5 | 17/20 [00:43<00:07,  2.43s/it, RMSE=19.046TECU, rel_dP=5.00e-02]  [EKF] iterating [analytical]:  90%|######### | 18/20 [00:43<00:04,  2.42s/it, RMSE=19.046TECU, rel_dP=5.00e-02]  [EKF] iterating [analytical]:  90%|######### | 18/20 [00:46<00:04,  2.42s/it, RMSE=18.969TECU, rel_dP=4.91e-02]  [EKF] iterating [analytical]:  95%|#########5| 19/20 [00:46<00:02,  2.41s/it, RMSE=18.969TECU, rel_dP=4.91e-02]  [EKF] iterating [analytical]:  95%|#########5| 19/20 [00:48<00:02,  2.41s/it, RMSE=18.901TECU, rel_dP=4.82e-02]  [EKF] iterating [analytical]: 100%|##########| 20/20 [00:48<00:00,  2.42s/it, RMSE=18.901TECU, rel_dP=4.82e-02]                                                                                                                   [EKF] Reached max_iter=20 without convergence  (final ||ΔP||/||P|| = 4.82e-02)
  [EKF] Posterior innovations  mean=-1.33  std=18.79  max_abs=76.42 TECU
  [EKF] Prior RMSE 38.258 TECU  →  Post RMSE 18.241 TECU
  Saved EKF convergence plot → /home/austinhunter/IonosphereTomography/Figures/ISR_DA_Comparison/OUTPUT/2025-08-27_1227/bin_15/ro_igs/2025-08-27_1227_ro_igs_ekf_convergence.png
◀◀◀ _run_or_load END   | 2025-08-27_1227 | bin=15  | ro_igs    | parametric_ekf : DONE       (70.0s) -> status=Success
▶▶▶ _run_or_load START | 2025-08-27_1227 | bin=15  | igs_only  | parametric_ekf
    [diag] 2025-08-27_1227 | bin=15  | igs_only  | parametric_ekf : RUNNING    (force=True, cached=False) ...
  [EKF] Building IRI state at 222 grid points (batch call) …
  [EnKF] Estimating background covariance from 500 EDP samples x 222 grid points ...
  [EnKF] Parameter sigma: log10(NmF2)=0.15  hmF2=20  H0=15  gamma=0.15  B0=20  B1=0.3  log10(NmE)=0.2  hmE=8
  [EnKF] Spatial corr (Ne-space KF method): mean=0.939  max=1.000  min=0.104
  [EKF] Running EKF_Param on 51 arc(s) …
  [EKF] 51 arcs  |  51 profile rays  |  51 update rays  |  n_state = 1776
  [EKF] Prior innovations  mean=-2.27  std=23.86  max_abs=74.70 TECU
  [EKF] iterating [analytical]:   0%|          | 0/20 [00:00<?, ?it/s]  [EKF] iterating [analytical]:   0%|          | 0/20 [00:00<?, ?it/s, RMSE=23.966TECU, rel_dP=1.46e-02]  [EKF] iterating [analytical]:   5%|5         | 1/20 [00:00<00:02,  6.58it/s, RMSE=23.966TECU, rel_dP=1.46e-02]  [EKF] iterating [analytical]:   5%|5         | 1/20 [00:00<00:02,  6.58it/s, RMSE=23.469TECU, rel_dP=1.26e-02]  [EKF] iterating [analytical]:  10%|#         | 2/20 [00:00<00:03,  5.48it/s, RMSE=23.469TECU, rel_dP=1.26e-02]  [EKF] iterating [analytical]:  10%|#         | 2/20 [00:00<00:03,  5.48it/s, RMSE=23.387TECU, rel_dP=1.16e-02]  [EKF] iterating [analytical]:  15%|#5        | 3/20 [00:00<00:03,  5.15it/s, RMSE=23.387TECU, rel_dP=1.16e-02]  [EKF] iterating [analytical]:  15%|#5        | 3/20 [00:00<00:03,  5.15it/s, RMSE=23.350TECU, rel_dP=1.05e-02]  [EKF] iterating [analytical]:  20%|##        | 4/20 [00:00<00:03,  5.09it/s, RMSE=23.350TECU, rel_dP=1.05e-02]  [EKF] iterating [analytical]:  20%|##        | 4/20 [00:00<00:03,  5.09it/s, RMSE=23.328TECU, rel_dP=1.02e-02]  [EKF] iterating [analytical]:  25%|##5       | 5/20 [00:00<00:02,  5.09it/s, RMSE=23.328TECU, rel_dP=1.02e-02]  [EKF] iterating [analytical]:  25%|##5       | 5/20 [00:01<00:02,  5.09it/s, RMSE=23.312TECU, rel_dP=9.95e-03]  [EKF] iterating [analytical]:  30%|###       | 6/20 [00:01<00:02,  5.24it/s, RMSE=23.312TECU, rel_dP=9.95e-03]  [EKF] iterating [analytical]:  30%|###       | 6/20 [00:01<00:02,  5.24it/s, RMSE=23.300TECU, rel_dP=9.49e-03]  [EKF] iterating [analytical]:  35%|###5      | 7/20 [00:01<00:02,  5.34it/s, RMSE=23.300TECU, rel_dP=9.49e-03]  [EKF] iterating [analytical]:  35%|###5      | 7/20 [00:01<00:02,  5.34it/s, RMSE=23.289TECU, rel_dP=9.18e-03]  [EKF] iterating [analytical]:  40%|####      | 8/20 [00:01<00:02,  5.37it/s, RMSE=23.289TECU, rel_dP=9.18e-03]  [EKF] iterating [analytical]:  40%|####      | 8/20 [00:01<00:02,  5.37it/s, RMSE=23.280TECU, rel_dP=9.09e-03]  [EKF] iterating [analytical]:  45%|####5     | 9/20 [00:01<00:02,  5.43it/s, RMSE=23.280TECU, rel_dP=9.09e-03]  [EKF] iterating [analytical]:  45%|####5     | 9/20 [00:01<00:02,  5.43it/s, RMSE=23.271TECU, rel_dP=9.19e-03]  [EKF] iterating [analytical]:  50%|#####     | 10/20 [00:01<00:01,  5.39it/s, RMSE=23.271TECU, rel_dP=9.19e-03]  [EKF] iterating [analytical]:  50%|#####     | 10/20 [00:02<00:01,  5.39it/s, RMSE=23.262TECU, rel_dP=8.97e-03]  [EKF] iterating [analytical]:  55%|#####5    | 11/20 [00:02<00:01,  5.27it/s, RMSE=23.262TECU, rel_dP=8.97e-03]  [EKF] iterating [analytical]:  55%|#####5    | 11/20 [00:02<00:01,  5.27it/s, RMSE=23.254TECU, rel_dP=8.48e-03]  [EKF] iterating [analytical]:  60%|######    | 12/20 [00:02<00:01,  5.28it/s, RMSE=23.254TECU, rel_dP=8.48e-03]  [EKF] iterating [analytical]:  60%|######    | 12/20 [00:02<00:01,  5.28it/s, RMSE=23.247TECU, rel_dP=8.31e-03]  [EKF] iterating [analytical]:  65%|######5   | 13/20 [00:02<00:01,  5.29it/s, RMSE=23.247TECU, rel_dP=8.31e-03]  [EKF] iterating [analytical]:  65%|######5   | 13/20 [00:02<00:01,  5.29it/s, RMSE=23.239TECU, rel_dP=8.62e-03]  [EKF] iterating [analytical]:  70%|#######   | 14/20 [00:02<00:01,  5.11it/s, RMSE=23.239TECU, rel_dP=8.62e-03]  [EKF] iterating [analytical]:  70%|#######   | 14/20 [00:02<00:01,  5.11it/s, RMSE=23.232TECU, rel_dP=8.56e-03]  [EKF] iterating [analytical]:  75%|#######5  | 15/20 [00:02<00:00,  5.10it/s, RMSE=23.232TECU, rel_dP=8.56e-03]  [EKF] iterating [analytical]:  75%|#######5  | 15/20 [00:03<00:00,  5.10it/s, RMSE=23.224TECU, rel_dP=8.46e-03]  [EKF] iterating [analytical]:  80%|########  | 16/20 [00:03<00:00,  5.10it/s, RMSE=23.224TECU, rel_dP=8.46e-03]  [EKF] iterating [analytical]:  80%|########  | 16/20 [00:03<00:00,  5.10it/s, RMSE=23.217TECU, rel_dP=8.24e-03]  [EKF] iterating [analytical]:  85%|########5 | 17/20 [00:03<00:00,  5.20it/s, RMSE=23.217TECU, rel_dP=8.24e-03]  [EKF] iterating [analytical]:  85%|########5 | 17/20 [00:03<00:00,  5.20it/s, RMSE=23.210TECU, rel_dP=7.85e-03]  [EKF] iterating [analytical]:  90%|######### | 18/20 [00:03<00:00,  5.27it/s, RMSE=23.210TECU, rel_dP=7.85e-03]  [EKF] iterating [analytical]:  90%|######### | 18/20 [00:03<00:00,  5.27it/s, RMSE=23.204TECU, rel_dP=7.89e-03]  [EKF] iterating [analytical]:  95%|#########5| 19/20 [00:03<00:00,  5.32it/s, RMSE=23.204TECU, rel_dP=7.89e-03]  [EKF] iterating [analytical]:  95%|#########5| 19/20 [00:03<00:00,  5.32it/s, RMSE=23.197TECU, rel_dP=8.09e-03]  [EKF] iterating [analytical]: 100%|##########| 20/20 [00:03<00:00,  5.35it/s, RMSE=23.197TECU, rel_dP=8.09e-03]                                                                                                                   [EKF] Reached max_iter=20 without convergence  (final ||ΔP||/||P|| = 8.09e-03)
  [EKF] Posterior innovations  mean=1.15  std=23.16  max_abs=67.66 TECU
  [EKF] Prior RMSE 23.966 TECU  →  Post RMSE 23.190 TECU
  Saved EKF convergence plot → /home/austinhunter/IonosphereTomography/Figures/ISR_DA_Comparison/OUTPUT/2025-08-27_1227/bin_15/igs_only/2025-08-27_1227_igs_only_ekf_convergence.png
◀◀◀ _run_or_load END   | 2025-08-27_1227 | bin=15  | igs_only  | parametric_ekf : DONE       (374.6s) -> status=ok (no 'status' key)
  [diag] 2025-08-27_1227 | bin=15 : summary of 6 obs_mode/filter_type combos
           ro_only   | gridded_kf     -> Success
           ro_only   | parametric_ekf -> Success
           ro_igs    | gridded_kf     -> Success
           ro_igs    | parametric_ekf -> Success
           igs_only  | gridded_kf     -> ok (no 'status' key)
           igs_only  | parametric_ekf -> ok (no 'status' key)

▶▶▶ compute_isr_metrics START | group=2025-08-27_1227 bin=15
◀◀◀ compute_isr_metrics END   | group=2025-08-27_1227 bin=15 -> 12 metric row(s)

▶▶▶ _plot_group_all_modes START | group=2025-08-27_1227
  [diag] 2025-08-27_1227/ro_igs/gridded_kf: arc-innovation panels thinned to 12 RO + 20/51 representative IGS arcs (of 63 total)
  [diag] 2025-08-27_1227/ro_igs/parametric_ekf: arc-innovation panels thinned to 12 RO + 20/51 representative IGS arcs (of 63 total)
  [diag] 2025-08-27_1227/igs_only/gridded_kf: arc-innovation panels thinned to 0 RO + 20/51 representative IGS arcs (of 51 total)
  [diag] 2025-08-27_1227/igs_only/parametric_ekf: arc-innovation panels thinned to 0 RO + 20/51 representative IGS arcs (of 51 total)
/home/austinhunter/Downloads/PlanetiQ_Code/venv311/lib/python3.11/site-packages/shapely/creation.py:218: RuntimeWarning: invalid value encountered in linestrings
  return lib.linestrings(coords, np.intc(handle_nan), out=out, **kwargs)
/home/austinhunter/IonosphereTomography/plotIonosphereTomography.py:3634: UserWarning: This figure includes Axes that are not compatible with tight_layout, so results might be incorrect.
  plt.tight_layout(rect=[0, 0, 1, 0.98])
/home/austinhunter/IonosphereTomography/plotIonosphereTomography.py:3634: UserWarning: This figure includes Axes that are not compatible with tight_layout, so results might be incorrect.
  plt.tight_layout(rect=[0, 0, 1, 0.98])
/home/austinhunter/IonosphereTomography/plotIonosphereTomography.py:3634: UserWarning: This figure includes Axes that are not compatible with tight_layout, so results might be incorrect.
  plt.tight_layout(rect=[0, 0, 1, 0.98])
◀◀◀ _plot_group_all_modes END   | group=2025-08-27_1227
No valid descending tangent points found. Skipping.
▶▶▶ _run_or_load START | 2025-08-27_1227 | bin=5   | ro_only   | gridded_kf    
    [diag] 2025-08-27_1227 | bin=5   | ro_only   | gridded_kf     : RUNNING    (force=True, cached=False) ...

────────────────────────────────────────────────────────────
  Group : 2025-08-27_1227
  Window: 2025-08-27_1227  |  Region: POLAR_N  |  5 occultation(s)
────────────────────────────────────────────────────────────
No valid descending tangent points found. Skipping.
    [skip] podTc2_GN04.2025.239.12.26.0010.R14.01_0000.0001_nc — parse returned None
  Parsed 4/5 files successfully.
    [podTc2] YM08 12:19 — 418 valid rays → decimated to 140 (stride 3)
    [podTc2] GN04 12:27 — 442 valid rays → decimated to 148 (stride 3)
    [podTc2] YM08 12:26 — 252 valid rays → decimated to 126 (stride 2)
    [podTc2] YM08 12:28 — 404 valid rays → decimated to 135 (stride 3)
  Bbox lat [40.6, 90.0]  lon [-180.0, 180.0]  |  union vertices: 47
  Final group: 4 occultation(s), 47 union-mesh vertices
  Saved trim diagnostic → /home/austinhunter/IonosphereTomography/Figures/ISR_DA_Comparison/OUTPUT/2025-08-27_1227/bin_5/ro_only/group_2025-08-27_1227_trim.png
  -> Building H matrices (549 rays across 4 arc(s), single parallel sweep) …
  -> Building H matrices:     54/549 rays (  9.8%)
  -> Building H matrices:    108/549 rays ( 19.7%)
  -> Building H matrices:    162/549 rays ( 29.5%)
  -> Building H matrices:    216/549 rays ( 39.3%)
  -> Building H matrices:    270/549 rays ( 49.2%)
  -> Building H matrices:    324/549 rays ( 59.0%)
  -> Building H matrices:    378/549 rays ( 68.9%)
  -> Building H matrices:    432/549 rays ( 78.7%)
  -> Building H matrices:    486/549 rays ( 88.5%)
  -> Building H matrices:    540/549 rays ( 98.4%)
  -> Building H matrices:    549/549 rays (100.0%)
  Combined H shape : (549, 2632)  (total rays = 549)
  Skipping sequential KF assimilation (run_sequential=False).
  Running joint (batch) KF assimilation …
  Prior RMSE  : 71.648 TECU
  Post  RMSE  : 6.866 TECU
    [Abel] YM08 12:19: NmF2=4.58e+11 m⁻³  hmF2=277.2 km
    [Abel] GN04 12:27: NmF2=3.85e+11 m⁻³  hmF2=364.7 km
    [Abel] YM08 12:26: NmF2=3.65e+11 m⁻³  hmF2=308.0 km
    [Abel] YM08 12:28: NmF2=4.59e+11 m⁻³  hmF2=331.7 km
◀◀◀ _run_or_load END   | 2025-08-27_1227 | bin=5   | ro_only   | gridded_kf     : DONE       (14.5s) -> status=Success
▶▶▶ _run_or_load START | 2025-08-27_1227 | bin=5   | ro_igs    | gridded_kf    
    [diag] 2025-08-27_1227 | bin=5   | ro_igs    | gridded_kf     : RUNNING    (force=True, cached=False) ...

────────────────────────────────────────────────────────────
  Group : 2025-08-27_1227
  Window: 2025-08-27_1227  |  Region: POLAR_N  |  5 occultation(s)
────────────────────────────────────────────────────────────
No valid descending tangent points found. Skipping.
    [skip] podTc2_GN04.2025.239.12.26.0010.R14.01_0000.0001_nc — parse returned None
  Parsed 4/5 files successfully.
    [podTc2] YM08 12:19 — 418 valid rays → decimated to 140 (stride 3)
    [podTc2] GN04 12:27 — 442 valid rays → decimated to 148 (stride 3)
    [podTc2] YM08 12:26 — 252 valid rays → decimated to 126 (stride 2)
    [podTc2] YM08 12:28 — 404 valid rays → decimated to 135 (stride 3)
  Bbox lat [40.6, 90.0]  lon [-180.0, 180.0]  |  union vertices: 47
  Final group: 4 occultation(s), 47 union-mesh vertices
  Saved trim diagnostic → /home/austinhunter/IonosphereTomography/Figures/ISR_DA_Comparison/OUTPUT/2025-08-27_1227/bin_5/ro_igs/group_2025-08-27_1227_trim.png
  [extra] Injected 51 ground-station arc(s) → total 55 arc(s) in assimilation pool
  -> Building H matrices (600 rays across 55 arc(s), single parallel sweep) …
  -> Building H matrices:     60/600 rays ( 10.0%)
  -> Building H matrices:    120/600 rays ( 20.0%)
  -> Building H matrices:    180/600 rays ( 30.0%)
  -> Building H matrices:    240/600 rays ( 40.0%)
  -> Building H matrices:    300/600 rays ( 50.0%)
  -> Building H matrices:    360/600 rays ( 60.0%)
  -> Building H matrices:    420/600 rays ( 70.0%)
  -> Building H matrices:    480/600 rays ( 80.0%)
  -> Building H matrices:    540/600 rays ( 90.0%)
  -> Building H matrices:    600/600 rays (100.0%)
  Combined H shape : (600, 2632)  (total rays = 600)
  Skipping sequential KF assimilation (run_sequential=False).
  Running joint (batch) KF assimilation …
  Prior RMSE  : 69.246 TECU
  Post  RMSE  : 9.259 TECU
    [Abel] YM08 12:19: NmF2=4.58e+11 m⁻³  hmF2=277.2 km
    [Abel] GN04 12:27: NmF2=3.85e+11 m⁻³  hmF2=364.7 km
    [Abel] YM08 12:26: NmF2=3.65e+11 m⁻³  hmF2=308.0 km
    [Abel] YM08 12:28: NmF2=4.59e+11 m⁻³  hmF2=331.7 km
    [Abel] Skipped 51 ground-station arc(s) (RO-only technique)
/home/austinhunter/Downloads/PlanetiQ_Code/venv311/lib/python3.11/site-packages/shapely/creation.py:218: RuntimeWarning: invalid value encountered in linestrings
  return lib.linestrings(coords, np.intc(handle_nan), out=out, **kwargs)
◀◀◀ _run_or_load END   | 2025-08-27_1227 | bin=5   | ro_igs    | gridded_kf     : DONE       (14.3s) -> status=Success
▶▶▶ _run_or_load START | 2025-08-27_1227 | bin=5   | igs_only  | gridded_kf    
    [diag] 2025-08-27_1227 | bin=5   | igs_only  | gridded_kf     : RUNNING    (force=True, cached=False) ...
    [Info] Initialising information matrix (n_state=12210) …
    [Info] arcs ingested = 51/51  |  obs rows = 51  |  Λ cond ≈ 2.33e+23
    [Info] Solving …
    [Prior] innovation  mean=29.85  std=22.22  n_obs=51
    [Post ] innovation  mean=18.81  std=18.20
    RMSE:  prior=37.212 TECU  →  post=26.172 TECU
◀◀◀ _run_or_load END   | 2025-08-27_1227 | bin=5   | igs_only  | gridded_kf     : DONE       (61.6s) -> status=ok (no 'status' key)
▶▶▶ _run_or_load START | 2025-08-27_1227 | bin=5   | ro_only   | parametric_ekf
    [diag] 2025-08-27_1227 | bin=5   | ro_only   | parametric_ekf : RUNNING    (force=True, cached=False) ...
  [EKF] Building IRI state at 47 grid points (batch call) …
  [EnKF] Estimating background covariance from 50 EDP samples x 47 grid points ...
  [EnKF] Parameter sigma: log10(NmF2)=0.15  hmF2=20  H0=15  gamma=0.15  B0=20  B1=0.3  log10(NmE)=0.2  hmE=8
  [EnKF] Spatial corr (Ne-space KF method): mean=0.955  max=1.000  min=0.276
  [EKF] Running EKF_Param on 4 arc(s) …
  [EKF] 4 arcs  |  549 profile rays  |  278 update rays  |  n_state = 376
  [EKF] Prior innovations  mean=56.10  std=68.64  max_abs=184.57 TECU
  [EKF] iterating [analytical]:   0%|          | 0/20 [00:00<?, ?it/s]  [EKF] iterating [analytical]:   0%|          | 0/20 [00:00<?, ?it/s, RMSE=88.651TECU, rel_dP=2.91e-01]  [EKF] iterating [analytical]:   5%|5         | 1/20 [00:00<00:12,  1.54it/s, RMSE=88.651TECU, rel_dP=2.91e-01]  [EKF] iterating [analytical]:   5%|5         | 1/20 [00:01<00:12,  1.54it/s, RMSE=58.769TECU, rel_dP=9.49e-32]                                                                                                                  [EKF] Converged at iteration 2  (||ΔP||/||P|| = 9.49e-32 < tol=5.0e-04)
  [EKF] iterating [analytical]:   5%|5         | 1/20 [00:01<00:12,  1.54it/s, RMSE=58.769TECU, rel_dP=9.49e-32]                                                                                                                  [EKF] Posterior innovations  mean=32.58  std=48.91  max_abs=128.39 TECU
  [EKF] Prior RMSE 88.523 TECU  →  Post RMSE 58.737 TECU
  Saved EKF convergence plot → /home/austinhunter/IonosphereTomography/Figures/ISR_DA_Comparison/OUTPUT/2025-08-27_1227/bin_5/ro_only/2025-08-27_1227_ro_only_ekf_convergence.png
◀◀◀ _run_or_load END   | 2025-08-27_1227 | bin=5   | ro_only   | parametric_ekf : DONE       (8.9s) -> status=Success
▶▶▶ _run_or_load START | 2025-08-27_1227 | bin=5   | ro_igs    | parametric_ekf
    [diag] 2025-08-27_1227 | bin=5   | ro_igs    | parametric_ekf : RUNNING    (force=True, cached=False) ...
  [EKF] Building IRI state at 47 grid points (batch call) …
  [EnKF] Estimating background covariance from 50 EDP samples x 47 grid points ...
  [EnKF] Parameter sigma: log10(NmF2)=0.15  hmF2=20  H0=15  gamma=0.15  B0=20  B1=0.3  log10(NmE)=0.2  hmE=8
  [EnKF] Spatial corr (Ne-space KF method): mean=0.955  max=1.000  min=0.276
  [EKF] Running EKF_Param on 55 arc(s) …
  [EKF] 55 arcs  |  600 profile rays  |  329 update rays  |  n_state = 376
  [EKF] Prior innovations  mean=-8.14  std=68.65  max_abs=128.97 TECU
  [EKF] iterating [analytical]:   0%|          | 0/20 [00:00<?, ?it/s]  [EKF] iterating [analytical]:   0%|          | 0/20 [00:00<?, ?it/s, RMSE=69.135TECU, rel_dP=1.60e-01]  [EKF] iterating [analytical]:   5%|5         | 1/20 [00:00<00:14,  1.32it/s, RMSE=69.135TECU, rel_dP=1.60e-01]  [EKF] iterating [analytical]:   5%|5         | 1/20 [00:01<00:14,  1.32it/s, RMSE=48.761TECU, rel_dP=2.36e-32]                                                                                                                  [EKF] Converged at iteration 2  (||ΔP||/||P|| = 2.36e-32 < tol=5.0e-04)
  [EKF] iterating [analytical]:   5%|5         | 1/20 [00:01<00:14,  1.32it/s, RMSE=48.761TECU, rel_dP=2.36e-32]                                                                                                                  [EKF] Posterior innovations  mean=3.56  std=48.63  max_abs=103.92 TECU
  [EKF] Prior RMSE 71.530 TECU  →  Post RMSE 49.973 TECU
  Saved EKF convergence plot → /home/austinhunter/IonosphereTomography/Figures/ISR_DA_Comparison/OUTPUT/2025-08-27_1227/bin_5/ro_igs/2025-08-27_1227_ro_igs_ekf_convergence.png
◀◀◀ _run_or_load END   | 2025-08-27_1227 | bin=5   | ro_igs    | parametric_ekf : DONE       (9.1s) -> status=Success
▶▶▶ _run_or_load START | 2025-08-27_1227 | bin=5   | igs_only  | parametric_ekf
    [diag] 2025-08-27_1227 | bin=5   | igs_only  | parametric_ekf : RUNNING    (force=True, cached=False) ...
  [EKF] Building IRI state at 222 grid points (batch call) …
  [EnKF] Estimating background covariance from 500 EDP samples x 222 grid points ...
  [EnKF] Parameter sigma: log10(NmF2)=0.15  hmF2=20  H0=15  gamma=0.15  B0=20  B1=0.3  log10(NmE)=0.2  hmE=8
  [EnKF] Spatial corr (Ne-space KF method): mean=0.942  max=1.000  min=0.140
  [EKF] Running EKF_Param on 51 arc(s) …
  [EKF] 51 arcs  |  51 profile rays  |  51 update rays  |  n_state = 1776
  [EKF] Prior innovations  mean=24.13  std=22.45  max_abs=57.58 TECU
  [EKF] iterating [analytical]:   0%|          | 0/20 [00:00<?, ?it/s]  [EKF] iterating [analytical]:   0%|          | 0/20 [00:00<?, ?it/s, RMSE=32.956TECU, rel_dP=9.19e-03]  [EKF] iterating [analytical]:   5%|5         | 1/20 [00:00<00:02,  6.63it/s, RMSE=32.956TECU, rel_dP=9.19e-03]  [EKF] iterating [analytical]:   5%|5         | 1/20 [00:00<00:02,  6.63it/s, RMSE=25.842TECU, rel_dP=8.87e-03]  [EKF] iterating [analytical]:  10%|#         | 2/20 [00:00<00:03,  5.56it/s, RMSE=25.842TECU, rel_dP=8.87e-03]  [EKF] iterating [analytical]:  10%|#         | 2/20 [00:00<00:03,  5.56it/s, RMSE=23.999TECU, rel_dP=8.99e-03]  [EKF] iterating [analytical]:  15%|#5        | 3/20 [00:00<00:03,  5.40it/s, RMSE=23.999TECU, rel_dP=8.99e-03]  [EKF] iterating [analytical]:  15%|#5        | 3/20 [00:00<00:03,  5.40it/s, RMSE=23.542TECU, rel_dP=7.77e-03]  [EKF] iterating [analytical]:  20%|##        | 4/20 [00:00<00:03,  5.32it/s, RMSE=23.542TECU, rel_dP=7.77e-03]  [EKF] iterating [analytical]:  20%|##        | 4/20 [00:00<00:03,  5.32it/s, RMSE=23.419TECU, rel_dP=7.22e-03]  [EKF] iterating [analytical]:  25%|##5       | 5/20 [00:00<00:02,  5.32it/s, RMSE=23.419TECU, rel_dP=7.22e-03]  [EKF] iterating [analytical]:  25%|##5       | 5/20 [00:01<00:02,  5.32it/s, RMSE=23.382TECU, rel_dP=6.96e-03]  [EKF] iterating [analytical]:  30%|###       | 6/20 [00:01<00:02,  5.32it/s, RMSE=23.382TECU, rel_dP=6.96e-03]  [EKF] iterating [analytical]:  30%|###       | 6/20 [00:01<00:02,  5.32it/s, RMSE=23.367TECU, rel_dP=7.76e-03]  [EKF] iterating [analytical]:  35%|###5      | 7/20 [00:01<00:02,  5.39it/s, RMSE=23.367TECU, rel_dP=7.76e-03]  [EKF] iterating [analytical]:  35%|###5      | 7/20 [00:01<00:02,  5.39it/s, RMSE=23.358TECU, rel_dP=8.32e-03]  [EKF] iterating [analytical]:  40%|####      | 8/20 [00:01<00:02,  5.33it/s, RMSE=23.358TECU, rel_dP=8.32e-03]  [EKF] iterating [analytical]:  40%|####      | 8/20 [00:01<00:02,  5.33it/s, RMSE=23.350TECU, rel_dP=8.47e-03]  [EKF] iterating [analytical]:  45%|####5     | 9/20 [00:01<00:02,  5.37it/s, RMSE=23.350TECU, rel_dP=8.47e-03]  [EKF] iterating [analytical]:  45%|####5     | 9/20 [00:01<00:02,  5.37it/s, RMSE=23.342TECU, rel_dP=8.08e-03]  [EKF] iterating [analytical]:  50%|#####     | 10/20 [00:01<00:01,  5.42it/s, RMSE=23.342TECU, rel_dP=8.08e-03]  [EKF] iterating [analytical]:  50%|#####     | 10/20 [00:02<00:01,  5.42it/s, RMSE=23.336TECU, rel_dP=7.61e-03]  [EKF] iterating [analytical]:  55%|#####5    | 11/20 [00:02<00:01,  5.39it/s, RMSE=23.336TECU, rel_dP=7.61e-03]  [EKF] iterating [analytical]:  55%|#####5    | 11/20 [00:02<00:01,  5.39it/s, RMSE=23.330TECU, rel_dP=7.67e-03]  [EKF] iterating [analytical]:  60%|######    | 12/20 [00:02<00:01,  5.37it/s, RMSE=23.330TECU, rel_dP=7.67e-03]  [EKF] iterating [analytical]:  60%|######    | 12/20 [00:02<00:01,  5.37it/s, RMSE=23.324TECU, rel_dP=8.15e-03]  [EKF] iterating [analytical]:  65%|######5   | 13/20 [00:02<00:01,  5.39it/s, RMSE=23.324TECU, rel_dP=8.15e-03]  [EKF] iterating [analytical]:  65%|######5   | 13/20 [00:02<00:01,  5.39it/s, RMSE=23.317TECU, rel_dP=8.30e-03]  [EKF] iterating [analytical]:  70%|#######   | 14/20 [00:02<00:01,  5.37it/s, RMSE=23.317TECU, rel_dP=8.30e-03]  [EKF] iterating [analytical]:  70%|#######   | 14/20 [00:02<00:01,  5.37it/s, RMSE=23.310TECU, rel_dP=8.27e-03]  [EKF] iterating [analytical]:  75%|#######5  | 15/20 [00:02<00:00,  5.39it/s, RMSE=23.310TECU, rel_dP=8.27e-03]  [EKF] iterating [analytical]:  75%|#######5  | 15/20 [00:02<00:00,  5.39it/s, RMSE=23.303TECU, rel_dP=8.46e-03]  [EKF] iterating [analytical]:  80%|########  | 16/20 [00:02<00:00,  5.30it/s, RMSE=23.303TECU, rel_dP=8.46e-03]  [EKF] iterating [analytical]:  80%|########  | 16/20 [00:03<00:00,  5.30it/s, RMSE=23.296TECU, rel_dP=7.67e-03]  [EKF] iterating [analytical]:  85%|########5 | 17/20 [00:03<00:00,  5.34it/s, RMSE=23.296TECU, rel_dP=7.67e-03]  [EKF] iterating [analytical]:  85%|########5 | 17/20 [00:03<00:00,  5.34it/s, RMSE=23.291TECU, rel_dP=7.69e-03]  [EKF] iterating [analytical]:  90%|######### | 18/20 [00:03<00:00,  5.40it/s, RMSE=23.291TECU, rel_dP=7.69e-03]  [EKF] iterating [analytical]:  90%|######### | 18/20 [00:03<00:00,  5.40it/s, RMSE=23.285TECU, rel_dP=7.71e-03]  [EKF] iterating [analytical]:  95%|#########5| 19/20 [00:03<00:00,  5.31it/s, RMSE=23.285TECU, rel_dP=7.71e-03]  [EKF] iterating [analytical]:  95%|#########5| 19/20 [00:03<00:00,  5.31it/s, RMSE=23.278TECU, rel_dP=8.61e-03]  [EKF] iterating [analytical]: 100%|##########| 20/20 [00:03<00:00,  5.38it/s, RMSE=23.278TECU, rel_dP=8.61e-03]                                                                                                                   [EKF] Reached max_iter=20 without convergence  (final ||ΔP||/||P|| = 8.61e-03)
  [EKF] Posterior innovations  mean=1.25  std=23.24  max_abs=67.89 TECU
  [EKF] Prior RMSE 32.956 TECU  →  Post RMSE 23.270 TECU
  Saved EKF convergence plot → /home/austinhunter/IonosphereTomography/Figures/ISR_DA_Comparison/OUTPUT/2025-08-27_1227/bin_5/igs_only/2025-08-27_1227_igs_only_ekf_convergence.png
◀◀◀ _run_or_load END   | 2025-08-27_1227 | bin=5   | igs_only  | parametric_ekf : DONE       (371.3s) -> status=ok (no 'status' key)
  [diag] 2025-08-27_1227 | bin=5 : summary of 6 obs_mode/filter_type combos
           ro_only   | gridded_kf     -> Success
           ro_only   | parametric_ekf -> Success
           ro_igs    | gridded_kf     -> Success
           ro_igs    | parametric_ekf -> Success
           igs_only  | gridded_kf     -> ok (no 'status' key)
           igs_only  | parametric_ekf -> ok (no 'status' key)

▶▶▶ compute_isr_metrics START | group=2025-08-27_1227 bin=5
◀◀◀ compute_isr_metrics END   | group=2025-08-27_1227 bin=5 -> 12 metric row(s)

▶▶▶ _plot_group_all_modes START | group=2025-08-27_1227
  [diag] 2025-08-27_1227/ro_igs/gridded_kf: arc-innovation panels thinned to 4 RO + 20/51 representative IGS arcs (of 55 total)
  [diag] 2025-08-27_1227/ro_igs/parametric_ekf: arc-innovation panels thinned to 4 RO + 20/51 representative IGS arcs (of 55 total)
  [diag] 2025-08-27_1227/igs_only/gridded_kf: arc-innovation panels thinned to 0 RO + 20/51 representative IGS arcs (of 51 total)
  [diag] 2025-08-27_1227/igs_only/parametric_ekf: arc-innovation panels thinned to 0 RO + 20/51 representative IGS arcs (of 51 total)
/home/austinhunter/Downloads/PlanetiQ_Code/venv311/lib/python3.11/site-packages/shapely/creation.py:218: RuntimeWarning: invalid value encountered in linestrings
  return lib.linestrings(coords, np.intc(handle_nan), out=out, **kwargs)
/home/austinhunter/IonosphereTomography/plotIonosphereTomography.py:3634: UserWarning: This figure includes Axes that are not compatible with tight_layout, so results might be incorrect.
  plt.tight_layout(rect=[0, 0, 1, 0.98])
/home/austinhunter/IonosphereTomography/plotIonosphereTomography.py:3634: UserWarning: This figure includes Axes that are not compatible with tight_layout, so results might be incorrect.
  plt.tight_layout(rect=[0, 0, 1, 0.98])
/home/austinhunter/IonosphereTomography/plotIonosphereTomography.py:3634: UserWarning: This figure includes Axes that are not compatible with tight_layout, so results might be incorrect.
  plt.tight_layout(rect=[0, 0, 1, 0.98])
◀◀◀ _plot_group_all_modes END   | group=2025-08-27_1227

======================================================================
[Day] 2025-09-10  tier=2  instruments=['ESR']
  Scanning 6972 files for metadata …
  Found 6972 valid files across 664 geographic groups (48 30-min windows).
[ISR-DA][minima-windows] 2025-09-10: 15 window(s) (>= 10 arcs each)
  0025  centre=2025-09-10 00:25:00  n_occ=26  span=[2025-09-10 00:00:00 .. 2025-09-10 00:50:00)
  0122  centre=2025-09-10 01:22:30  n_occ=33  span=[2025-09-10 00:50:00 .. 2025-09-10 01:55:00)
  0242  centre=2025-09-10 02:42:30  n_occ=36  span=[2025-09-10 01:55:00 .. 2025-09-10 03:30:00)
  0447  centre=2025-09-10 04:47:30  n_occ=36  span=[2025-09-10 03:30:00 .. 2025-09-10 06:05:00)
  0652  centre=2025-09-10 06:52:30  n_occ=33  span=[2025-09-10 06:05:00 .. 2025-09-10 07:40:00)
  0827  centre=2025-09-10 08:27:30  n_occ=41  span=[2025-09-10 07:40:00 .. 2025-09-10 09:15:00)
  1012  centre=2025-09-10 10:12:30  n_occ=62  span=[2025-09-10 09:15:00 .. 2025-09-10 11:10:00)
  1150  centre=2025-09-10 11:50:00  n_occ=51  span=[2025-09-10 11:10:00 .. 2025-09-10 12:30:00)
  1315  centre=2025-09-10 13:15:00  n_occ=34  span=[2025-09-10 12:30:00 .. 2025-09-10 14:00:00)
  1450  centre=2025-09-10 14:50:00  n_occ=29  span=[2025-09-10 14:00:00 .. 2025-09-10 15:40:00)
  1642  centre=2025-09-10 16:42:30  n_occ=26  span=[2025-09-10 15:40:00 .. 2025-09-10 17:45:00)
  1832  centre=2025-09-10 18:32:30  n_occ=13  span=[2025-09-10 17:45:00 .. 2025-09-10 19:20:00)
  2007  centre=2025-09-10 20:07:30  n_occ=51  span=[2025-09-10 19:20:00 .. 2025-09-10 20:55:00)
  2142  centre=2025-09-10 21:42:30  n_occ=56  span=[2025-09-10 20:55:00 .. 2025-09-10 22:30:00)
  2315  centre=2025-09-10 23:15:00  n_occ=57  span=[2025-09-10 22:30:00 .. 2025-09-11 00:00:00)
  [IGS/TRO1] Running TEC pipeline for 2025-09-10 …
  [nav] Using multi-GNSS mixed nav: BRDC00IGS_R_20252530000_01D_MN.rnx.gz
  [TRO1]  10/101 SVs (  9.9%)    0 arcs
  [TRO1]  20/101 SVs ( 19.8%)    8 arcs
  [TRO1]  30/101 SVs ( 29.7%)   61 arcs
  [TRO1]  40/101 SVs ( 39.6%)  124 arcs
  [TRO1]  50/101 SVs ( 49.5%)  176 arcs
  [TRO1]  60/101 SVs ( 59.4%)  226 arcs
  [TRO1]  70/101 SVs ( 69.3%)  281 arcs
  [TRO1]  80/101 SVs ( 79.2%)  333 arcs
  [TRO1]  90/101 SVs ( 89.1%)  372 arcs
  [TRO1] 100/101 SVs ( 99.0%)  413 arcs
  [TRO1] 101/101 SVs (100.0%)  415 arcs
  [TRO1] 101/101 SVs done  415 arcs
  [IGS/TRO1] 415 raw arcs → 236 valid entries
  [IGS/WUTH] Running TEC pipeline for 2025-09-10 …
  [IGS/WUTH] Pipeline failed: No RINEX-3 observation file found in https://cddis.nasa.gov/archive/gnss/data/daily/2025/253/25d for station WUTH. Available: ['ABMF00GLP_R_20252530000_01D_30S_MO.crx.gz ', 'ABPO00MDG_R_20252530000_01D_30S_MO.crx.gz ', 'AC2300USA_R_20252530000_01D_15S_MO.crx.gz ', 'AC2400USA_R_20252530000_01D_15S_MO.crx.gz ', 'ACRG00GHA_R_20252530000_01D_30S_MO.crx.gz ', 'ACSO00USA_R_20252530000_01D_15S_MO.crx.gz ', 'ADIS00ETH_R_20252530000_01D_30S_MO.crx.gz ', 'AIRA00JPN_R_20252530000_01D_30S_MO.crx.gz ', 'AJAC00FRA_R_20252530000_01D_30S_MO.crx.gz ', 'AL2H00CAN_R_20252530000_01D_30S_MO.crx.gz ']
  [IGS/NYA1] Running TEC pipeline for 2025-09-10 …
  [nav] Using multi-GNSS mixed nav: BRDC00IGS_R_20252530000_01D_MN.rnx.gz
  [NYA1]  10/100 SVs ( 10.0%)    3 arcs
  [NYA1]  20/100 SVs ( 20.0%)   18 arcs
  [NYA1]  30/100 SVs ( 30.0%)   73 arcs
  [NYA1]  40/100 SVs ( 40.0%)  160 arcs
  [NYA1]  50/100 SVs ( 50.0%)  237 arcs
  [NYA1]  60/100 SVs ( 60.0%)  325 arcs
  [NYA1]  70/100 SVs ( 70.0%)  400 arcs
  [NYA1]  80/100 SVs ( 80.0%)  466 arcs
  [NYA1]  90/100 SVs ( 90.0%)  522 arcs
  [NYA1] 100/100 SVs (100.0%)  590 arcs
  [NYA1] 100/100 SVs done  590 arcs
  [IGS/NYA1] 590 raw arcs → 330 valid entries
  0 minima window(s), 566 IGS arc(s)
  [skip] No GNSS-RO minima windows for this day matching --window 1227.

======================================================================
[Day] 2025-09-11  tier=2  instruments=['ESR']
  Scanning 7223 files for metadata …
  Found 7223 valid files across 686 geographic groups (48 30-min windows).
[ISR-DA][minima-windows] 2025-09-11: 15 window(s) (>= 10 arcs each)
  0055  centre=2025-09-11 00:55:00  n_occ=51  span=[2025-09-11 00:00:00 .. 2025-09-11 01:50:00)
  0237  centre=2025-09-11 02:37:30  n_occ=37  span=[2025-09-11 01:50:00 .. 2025-09-11 03:25:00)
  0412  centre=2025-09-11 04:12:30  n_occ=44  span=[2025-09-11 03:25:00 .. 2025-09-11 05:00:00)
  0532  centre=2025-09-11 05:32:30  n_occ=26  span=[2025-09-11 05:00:00 .. 2025-09-11 06:05:00)
  0655  centre=2025-09-11 06:55:00  n_occ=47  span=[2025-09-11 06:05:00 .. 2025-09-11 07:45:00)
  0842  centre=2025-09-11 08:42:30  n_occ=44  span=[2025-09-11 07:45:00 .. 2025-09-11 09:40:00)
  1022  centre=2025-09-11 10:22:30  n_occ=41  span=[2025-09-11 09:40:00 .. 2025-09-11 11:05:00)
  1150  centre=2025-09-11 11:50:00  n_occ=39  span=[2025-09-11 11:05:00 .. 2025-09-11 12:35:00)
  1330  centre=2025-09-11 13:30:00  n_occ=27  span=[2025-09-11 12:35:00 .. 2025-09-11 14:25:00)
  1505  centre=2025-09-11 15:05:00  n_occ=20  span=[2025-09-11 14:25:00 .. 2025-09-11 15:45:00)
  1632  centre=2025-09-11 16:32:30  n_occ=32  span=[2025-09-11 15:45:00 .. 2025-09-11 17:20:00)
  1817  centre=2025-09-11 18:17:30  n_occ=26  span=[2025-09-11 17:20:00 .. 2025-09-11 19:15:00)
  2002  centre=2025-09-11 20:02:30  n_occ=49  span=[2025-09-11 19:15:00 .. 2025-09-11 20:50:00)
  2137  centre=2025-09-11 21:37:30  n_occ=38  span=[2025-09-11 20:50:00 .. 2025-09-11 22:25:00)
  2312  centre=2025-09-11 23:12:30  n_occ=64  span=[2025-09-11 22:25:00 .. 2025-09-12 00:00:00)
  [IGS/TRO1] Running TEC pipeline for 2025-09-11 …
  [nav] Using multi-GNSS mixed nav: BRDC00IGS_R_20252540000_01D_MN.rnx.gz
  [TRO1]  10/101 SVs (  9.9%)    0 arcs
  [TRO1]  20/101 SVs ( 19.8%)   10 arcs
  [TRO1]  30/101 SVs ( 29.7%)   50 arcs
  [TRO1]  40/101 SVs ( 39.6%)  108 arcs
  [TRO1]  50/101 SVs ( 49.5%)  146 arcs
  [TRO1]  60/101 SVs ( 59.4%)  192 arcs
  [TRO1]  70/101 SVs ( 69.3%)  239 arcs
  [TRO1]  80/101 SVs ( 79.2%)  288 arcs
  [TRO1]  90/101 SVs ( 89.1%)  327 arcs
  [TRO1] 100/101 SVs ( 99.0%)  368 arcs
  [TRO1] 101/101 SVs (100.0%)  371 arcs
  [TRO1] 101/101 SVs done  371 arcs
  [IGS/TRO1] 371 raw arcs → 237 valid entries
  [IGS/WUTH] Running TEC pipeline for 2025-09-11 …
  [IGS/WUTH] Pipeline failed: No RINEX-3 observation file found in https://cddis.nasa.gov/archive/gnss/data/daily/2025/254/25d for station WUTH. Available: ['ABMF00GLP_R_20252540000_01D_30S_MO.crx.gz ', 'ABPO00MDG_R_20252540000_01D_30S_MO.crx.gz ', 'AC2300USA_R_20252540000_01D_15S_MO.crx.gz ', 'AC2400USA_R_20252540000_01D_15S_MO.crx.gz ', 'ACRG00GHA_R_20252540000_01D_30S_MO.crx.gz ', 'ACSO00USA_R_20252540000_01D_15S_MO.crx.gz ', 'ADIS00ETH_R_20252540000_01D_30S_MO.crx.gz ', 'AIRA00JPN_R_20252540000_01D_30S_MO.crx.gz ', 'AJAC00FRA_R_20252540000_01D_30S_MO.crx.gz ', 'AL2H00CAN_R_20252540000_01D_30S_MO.crx.gz ']
  [IGS/NYA1] Running TEC pipeline for 2025-09-11 …
  [nav] Using multi-GNSS mixed nav: BRDC00IGS_R_20252540000_01D_MN.rnx.gz
  [NYA1]  10/100 SVs ( 10.0%)    3 arcs
  [NYA1]  20/100 SVs ( 20.0%)   17 arcs
  [NYA1]  30/100 SVs ( 30.0%)   95 arcs
  [NYA1]  40/100 SVs ( 40.0%)  183 arcs
  [NYA1]  50/100 SVs ( 50.0%)  264 arcs
  [NYA1]  60/100 SVs ( 60.0%)  350 arcs
  [NYA1]  70/100 SVs ( 70.0%)  432 arcs
  [NYA1]  80/100 SVs ( 80.0%)  504 arcs
  [NYA1]  90/100 SVs ( 90.0%)  566 arcs
  [NYA1] 100/100 SVs (100.0%)  629 arcs
  [NYA1] 100/100 SVs done  629 arcs
  [IGS/NYA1] 629 raw arcs → 322 valid entries
  0 minima window(s), 559 IGS arc(s)
  [skip] No GNSS-RO minima windows for this day matching --window 1227.

======================================================================
[Day] 2025-09-12  tier=2  instruments=['ESR']
  Scanning 4115 files for metadata …
  Found 4115 valid files across 491 geographic groups (47 30-min windows).
[ISR-DA][minima-windows] 2025-09-12: 11 window(s) (>= 10 arcs each)
  0052  centre=2025-09-12 00:52:30  n_occ=51  span=[2025-09-12 00:00:00 .. 2025-09-12 01:45:00)
  0230  centre=2025-09-12 02:30:00  n_occ=20  span=[2025-09-12 01:45:00 .. 2025-09-12 03:15:00)
  0405  centre=2025-09-12 04:05:00  n_occ=21  span=[2025-09-12 03:15:00 .. 2025-09-12 04:55:00)
  0540  centre=2025-09-12 05:40:00  n_occ=19  span=[2025-09-12 04:55:00 .. 2025-09-12 06:25:00)
  0712  centre=2025-09-12 07:12:30  n_occ=42  span=[2025-09-12 06:25:00 .. 2025-09-12 08:00:00)
  0847  centre=2025-09-12 08:47:30  n_occ=42  span=[2025-09-12 08:00:00 .. 2025-09-12 09:35:00)
  1015  centre=2025-09-12 10:15:00  n_occ=31  span=[2025-09-12 09:35:00 .. 2025-09-12 10:55:00)
  1147  centre=2025-09-12 11:47:30  n_occ=43  span=[2025-09-12 10:55:00 .. 2025-09-12 12:40:00)
  1325  centre=2025-09-12 13:25:00  n_occ=23  span=[2025-09-12 12:40:00 .. 2025-09-12 14:10:00)
  1510  centre=2025-09-12 15:10:00  n_occ=22  span=[2025-09-12 14:10:00 .. 2025-09-12 16:10:00)
  2042  centre=2025-09-12 20:42:30  n_occ=11  span=[2025-09-12 19:10:00 .. 2025-09-12 22:15:00)
  [IGS/TRO1] Running TEC pipeline for 2025-09-12 …
  [nav] Using multi-GNSS mixed nav: BRDC00IGS_R_20252550000_01D_MN.rnx.gz
  [TRO1]  10/101 SVs (  9.9%)    0 arcs
  [TRO1]  20/101 SVs ( 19.8%)    3 arcs
  [TRO1]  30/101 SVs ( 29.7%)   43 arcs
  [TRO1]  40/101 SVs ( 39.6%)   87 arcs
  [TRO1]  50/101 SVs ( 49.5%)  127 arcs
  [TRO1]  60/101 SVs ( 59.4%)  169 arcs
  [TRO1]  70/101 SVs ( 69.3%)  212 arcs
  [TRO1]  80/101 SVs ( 79.2%)  247 arcs
  [TRO1]  90/101 SVs ( 89.1%)  275 arcs
  [TRO1] 100/101 SVs ( 99.0%)  306 arcs
  [TRO1] 101/101 SVs (100.0%)  309 arcs
  [TRO1] 101/101 SVs done  309 arcs
  [IGS/TRO1] 309 raw arcs → 221 valid entries
  [IGS/WUTH] Running TEC pipeline for 2025-09-12 …
  [IGS/WUTH] Pipeline failed: No RINEX-3 observation file found in https://cddis.nasa.gov/archive/gnss/data/daily/2025/255/25d for station WUTH. Available: ['ABMF00GLP_R_20252550000_01D_30S_MO.crx.gz ', 'ABPO00MDG_R_20252550000_01D_30S_MO.crx.gz ', 'AC2300USA_R_20252550000_01D_15S_MO.crx.gz ', 'AC2400USA_R_20252550000_01D_15S_MO.crx.gz ', 'ACRG00GHA_R_20252550000_01D_30S_MO.crx.gz ', 'ACSO00USA_R_20252550000_01D_15S_MO.crx.gz ', 'ADIS00ETH_R_20252550000_01D_30S_MO.crx.gz ', 'AIRA00JPN_R_20252550000_01D_30S_MO.crx.gz ', 'AJAC00FRA_R_20252550000_01D_30S_MO.crx.gz ', 'AL2H00CAN_R_20252550000_01D_30S_MO.crx.gz ']
  [IGS/NYA1] Running TEC pipeline for 2025-09-12 …
  [nav] Using multi-GNSS mixed nav: BRDC00IGS_R_20252550000_01D_MN.rnx.gz
  [NYA1]  10/100 SVs ( 10.0%)    5 arcs
  [NYA1]  20/100 SVs ( 20.0%)   18 arcs
  [NYA1]  30/100 SVs ( 30.0%)   86 arcs
  [NYA1]  40/100 SVs ( 40.0%)  168 arcs
  [NYA1]  50/100 SVs ( 50.0%)  242 arcs
  [NYA1]  60/100 SVs ( 60.0%)  337 arcs
  [NYA1]  70/100 SVs ( 70.0%)  403 arcs
  [NYA1]  80/100 SVs ( 80.0%)  471 arcs
  [NYA1]  90/100 SVs ( 90.0%)  534 arcs
  [NYA1] 100/100 SVs (100.0%)  594 arcs
  [NYA1] 100/100 SVs done  594 arcs
  [IGS/NYA1] 594 raw arcs → 347 valid entries
  0 minima window(s), 568 IGS arc(s)
  [skip] No GNSS-RO minima windows for this day matching --window 1227.

======================================================================
[Day] 2025-09-15  tier=2  instruments=['ESR']
  Scanning 2989 files for metadata …
  Found 2989 valid files across 450 geographic groups (47 30-min windows).
[ISR-DA][minima-windows] 2025-09-15: 5 window(s) (>= 10 arcs each)
  0215  centre=2025-09-15 02:15:00  n_occ=11  span=[2025-09-15 01:20:00 .. 2025-09-15 03:10:00)
  0932  centre=2025-09-15 09:32:30  n_occ=20  span=[2025-09-15 08:00:00 .. 2025-09-15 11:05:00)
  1155  centre=2025-09-15 11:55:00  n_occ=22  span=[2025-09-15 11:05:00 .. 2025-09-15 12:45:00)
  1510  centre=2025-09-15 15:10:00  n_occ=24  span=[2025-09-15 12:45:00 .. 2025-09-15 17:35:00)
  1955  centre=2025-09-15 19:55:00  n_occ=23  span=[2025-09-15 17:35:00 .. 2025-09-15 22:15:00)
  [IGS/TRO1] Running TEC pipeline for 2025-09-15 …
  [nav] Using multi-GNSS mixed nav: BRDC00IGS_R_20252580000_01D_MN.rnx.gz
  [TRO1]  10/101 SVs (  9.9%)    0 arcs
  [TRO1]  20/101 SVs ( 19.8%)    6 arcs
  [TRO1]  30/101 SVs ( 29.7%)   76 arcs
  [TRO1]  40/101 SVs ( 39.6%)  171 arcs
  [TRO1]  50/101 SVs ( 49.5%)  238 arcs
  [TRO1]  60/101 SVs ( 59.4%)  309 arcs
  [TRO1]  70/101 SVs ( 69.3%)  388 arcs
  [TRO1]  80/101 SVs ( 79.2%)  466 arcs
  [TRO1]  90/101 SVs ( 89.1%)  523 arcs
  [TRO1] 100/101 SVs ( 99.0%)  610 arcs
  [TRO1] 101/101 SVs (100.0%)  617 arcs
  [TRO1] 101/101 SVs done  617 arcs
  [IGS/TRO1] 617 raw arcs → 305 valid entries
  [IGS/WUTH] Running TEC pipeline for 2025-09-15 …
  [IGS/WUTH] Pipeline failed: No RINEX-3 observation file found in https://cddis.nasa.gov/archive/gnss/data/daily/2025/258/25d for station WUTH. Available: ['ABMF00GLP_R_20252580000_01D_30S_MO.crx.gz ', 'ABPO00MDG_R_20252580000_01D_30S_MO.crx.gz ', 'AC2300USA_R_20252580000_01D_15S_MO.crx.gz ', 'AC2400USA_R_20252580000_01D_15S_MO.crx.gz ', 'ACRG00GHA_R_20252580000_01D_30S_MO.crx.gz ', 'ACSO00USA_R_20252580000_01D_15S_MO.crx.gz ', 'ADIS00ETH_R_20252580000_01D_30S_MO.crx.gz ', 'AIRA00JPN_R_20252580000_01D_30S_MO.crx.gz ', 'AJAC00FRA_R_20252580000_01D_30S_MO.crx.gz ', 'AL2H00CAN_R_20252580000_01D_30S_MO.crx.gz ']
  [IGS/NYA1] Running TEC pipeline for 2025-09-15 …
  [nav] Using multi-GNSS mixed nav: BRDC00IGS_R_20252580000_01D_MN.rnx.gz
  [NYA1]  10/100 SVs ( 10.0%)    2 arcs
  [NYA1]  20/100 SVs ( 20.0%)   10 arcs
  [NYA1]  30/100 SVs ( 30.0%)   80 arcs
  [NYA1]  40/100 SVs ( 40.0%)  148 arcs
  [NYA1]  50/100 SVs ( 50.0%)  225 arcs
  [NYA1]  60/100 SVs ( 60.0%)  295 arcs
  [NYA1]  70/100 SVs ( 70.0%)  370 arcs
  [NYA1]  80/100 SVs ( 80.0%)  441 arcs
  [NYA1]  90/100 SVs ( 90.0%)  497 arcs
  [NYA1] 100/100 SVs (100.0%)  564 arcs
  [NYA1] 100/100 SVs done  564 arcs
  [IGS/NYA1] 564 raw arcs → 346 valid entries
  0 minima window(s), 651 IGS arc(s)
  [skip] No GNSS-RO minima windows for this day matching --window 1227.

======================================================================
[Day] 2025-09-17  tier=2  instruments=['ESR']
  Scanning 3929 files for metadata …
  Found 3929 valid files across 584 geographic groups (48 30-min windows).
[ISR-DA][minima-windows] 2025-09-17: 8 window(s) (>= 10 arcs each)
  0032  centre=2025-09-17 00:32:30  n_occ=11  span=[2025-09-17 00:00:00 .. 2025-09-17 01:05:00)
  0240  centre=2025-09-17 02:40:00  n_occ=26  span=[2025-09-17 01:05:00 .. 2025-09-17 04:15:00)
  0940  centre=2025-09-17 09:40:00  n_occ=26  span=[2025-09-17 08:45:00 .. 2025-09-17 10:35:00)
  1120  centre=2025-09-17 11:20:00  n_occ=29  span=[2025-09-17 10:35:00 .. 2025-09-17 12:05:00)
  1250  centre=2025-09-17 12:50:00  n_occ=33  span=[2025-09-17 12:05:00 .. 2025-09-17 13:35:00)
  1422  centre=2025-09-17 14:22:30  n_occ=25  span=[2025-09-17 13:35:00 .. 2025-09-17 15:10:00)
  1640  centre=2025-09-17 16:40:00  n_occ=10  span=[2025-09-17 15:10:00 .. 2025-09-17 18:10:00)
  2002  centre=2025-09-17 20:02:30  n_occ=10  span=[2025-09-17 18:10:00 .. 2025-09-17 21:55:00)
  [IGS/TRO1] Running TEC pipeline for 2025-09-17 …
  [nav] Using multi-GNSS mixed nav: BRDC00IGS_R_20252600000_01D_MN.rnx.gz
  [TRO1]  10/101 SVs (  9.9%)    0 arcs
  [TRO1]  20/101 SVs ( 19.8%)    5 arcs
  [TRO1]  30/101 SVs ( 29.7%)   40 arcs
  [TRO1]  40/101 SVs ( 39.6%)   81 arcs
  [TRO1]  50/101 SVs ( 49.5%)  124 arcs
  [TRO1]  60/101 SVs ( 59.4%)  163 arcs
  [TRO1]  70/101 SVs ( 69.3%)  202 arcs
  [TRO1]  80/101 SVs ( 79.2%)  244 arcs
  [TRO1]  90/101 SVs ( 89.1%)  269 arcs
  [TRO1] 100/101 SVs ( 99.0%)  304 arcs
  [TRO1] 101/101 SVs (100.0%)  306 arcs
  [TRO1] 101/101 SVs done  306 arcs
  [IGS/TRO1] 306 raw arcs → 237 valid entries
  [IGS/WUTH] Running TEC pipeline for 2025-09-17 …
  [IGS/WUTH] Pipeline failed: No RINEX-3 observation file found in https://cddis.nasa.gov/archive/gnss/data/daily/2025/260/25d for station WUTH. Available: ['ABMF00GLP_R_20252600000_01D_30S_MO.crx.gz ', 'ABPO00MDG_R_20252600000_01D_30S_MO.crx.gz ', 'AC2300USA_R_20252600000_01D_15S_MO.crx.gz ', 'AC2400USA_R_20252600000_01D_15S_MO.crx.gz ', 'ACRG00GHA_R_20252600000_01D_30S_MO.crx.gz ', 'ACSO00USA_R_20252600000_01D_15S_MO.crx.gz ', 'ADIS00ETH_R_20252600000_01D_30S_MO.crx.gz ', 'AIRA00JPN_R_20252600000_01D_30S_MO.crx.gz ', 'AJAC00FRA_R_20252600000_01D_30S_MO.crx.gz ', 'AL2H00CAN_R_20252600000_01D_30S_MO.crx.gz ']
  [IGS/NYA1] Running TEC pipeline for 2025-09-17 …
  [nav] Using multi-GNSS mixed nav: BRDC00IGS_R_20252600000_01D_MN.rnx.gz
  [NYA1]  10/100 SVs ( 10.0%)   12 arcs
  [NYA1]  20/100 SVs ( 20.0%)   28 arcs
  [NYA1]  30/100 SVs ( 30.0%)  115 arcs
  [NYA1]  40/100 SVs ( 40.0%)  184 arcs
  [NYA1]  50/100 SVs ( 50.0%)  282 arcs
  [NYA1]  60/100 SVs ( 60.0%)  363 arcs
  [NYA1]  70/100 SVs ( 70.0%)  427 arcs
  [NYA1]  80/100 SVs ( 80.0%)  492 arcs
  [NYA1]  90/100 SVs ( 90.0%)  539 arcs
  [NYA1] 100/100 SVs (100.0%)  607 arcs
  [NYA1] 100/100 SVs done  607 arcs
  [IGS/NYA1] 607 raw arcs → 332 valid entries
  0 minima window(s), 569 IGS arc(s)
  [skip] No GNSS-RO minima windows for this day matching --window 1227.

======================================================================
[Day] 2025-09-30  tier=2  instruments=['ESR']
  Scanning 3680 files for metadata …
  Found 3680 valid files across 579 geographic groups (48 30-min windows).
[ISR-DA][minima-windows] 2025-09-30: 6 window(s) (>= 10 arcs each)
  0040  centre=2025-09-30 00:40:00  n_occ=28  span=[2025-09-30 00:00:00 .. 2025-09-30 01:20:00)
  0245  centre=2025-09-30 02:45:00  n_occ=25  span=[2025-09-30 01:20:00 .. 2025-09-30 04:10:00)
  0637  centre=2025-09-30 06:37:30  n_occ=10  span=[2025-09-30 05:35:00 .. 2025-09-30 07:40:00)
  1000  centre=2025-09-30 10:00:00  n_occ=30  span=[2025-09-30 09:05:00 .. 2025-09-30 10:55:00)
  1145  centre=2025-09-30 11:45:00  n_occ=44  span=[2025-09-30 10:55:00 .. 2025-09-30 12:35:00)
  1452  centre=2025-09-30 14:52:30  n_occ=28  span=[2025-09-30 12:35:00 .. 2025-09-30 17:10:00)
  [IGS/TRO1] Running TEC pipeline for 2025-09-30 …
  [nav] Using multi-GNSS mixed nav: BRDC00IGS_R_20252730000_01D_MN.rnx.gz
  [TRO1]  10/102 SVs (  9.8%)    0 arcs
  [TRO1]  20/102 SVs ( 19.6%)   12 arcs
  [TRO1]  30/102 SVs ( 29.4%)   95 arcs
  [TRO1]  40/102 SVs ( 39.2%)  175 arcs
  [TRO1]  50/102 SVs ( 49.0%)  273 arcs
  [TRO1]  60/102 SVs ( 58.8%)  349 arcs
  [TRO1]  70/102 SVs ( 68.6%)  429 arcs
  [TRO1]  80/102 SVs ( 78.4%)  511 arcs
  [TRO1]  90/102 SVs ( 88.2%)  576 arcs
  [TRO1] 100/102 SVs ( 98.0%)  670 arcs
  [TRO1] 102/102 SVs (100.0%)  680 arcs
  [TRO1] 102/102 SVs done  680 arcs
  [IGS/TRO1] 680 raw arcs → 293 valid entries
  [IGS/WUTH] Running TEC pipeline for 2025-09-30 …
  [nav] Using multi-GNSS mixed nav: BRDC00IGS_R_20252730000_01D_MN.rnx.gz
  [WUTH]  12/124 SVs (  9.7%)  120 arcs
  [WUTH]  24/124 SVs ( 19.4%)  211 arcs
  [WUTH]  36/124 SVs ( 29.0%)  310 arcs
  [WUTH]  48/124 SVs ( 38.7%)  395 arcs
  [WUTH]  60/124 SVs ( 48.4%)  526 arcs
  [WUTH]  72/124 SVs ( 58.1%)  629 arcs
  [WUTH]  84/124 SVs ( 67.7%)  746 arcs
  [WUTH]  96/124 SVs ( 77.4%)  852 arcs
  [WUTH] 108/124 SVs ( 87.1%)  974 arcs
  [WUTH] 120/124 SVs ( 96.8%)  1090 arcs
  [WUTH] 124/124 SVs (100.0%)  1136 arcs
  [WUTH] 124/124 SVs done  1136 arcs
  [IGS/WUTH] 1136 raw arcs → 576 valid entries
  [IGS/NYA1] Running TEC pipeline for 2025-09-30 …
  [nav] Using multi-GNSS mixed nav: BRDC00IGS_R_20252730000_01D_MN.rnx.gz
  [NYA1]  10/100 SVs ( 10.0%)    3 arcs
  [NYA1]  20/100 SVs ( 20.0%)   17 arcs
  [NYA1]  30/100 SVs ( 30.0%)   77 arcs
  [NYA1]  40/100 SVs ( 40.0%)  142 arcs
  [NYA1]  50/100 SVs ( 50.0%)  199 arcs
  [NYA1]  60/100 SVs ( 60.0%)  267 arcs
  [NYA1]  70/100 SVs ( 70.0%)  325 arcs
  [NYA1]  80/100 SVs ( 80.0%)  374 arcs
  [NYA1]  90/100 SVs ( 90.0%)  429 arcs
  [NYA1] 100/100 SVs (100.0%)  485 arcs
  [NYA1] 100/100 SVs done  485 arcs
  [IGS/NYA1] 485 raw arcs → 255 valid entries
  0 minima window(s), 1124 IGS arc(s)
  [skip] No GNSS-RO minima windows for this day matching --window 1227.

======================================================================
[Day] 2025-10-13  tier=2  instruments=['ESR']
  Scanning 4046 files for metadata …
  Found 4046 valid files across 597 geographic groups (48 30-min windows).
[ISR-DA][minima-windows] 2025-10-13: 9 window(s) (>= 10 arcs each)
  0035  centre=2025-10-13 00:35:00  n_occ=16  span=[2025-10-13 00:00:00 .. 2025-10-13 01:10:00)
  0157  centre=2025-10-13 01:57:30  n_occ=15  span=[2025-10-13 01:10:00 .. 2025-10-13 02:45:00)
  0447  centre=2025-10-13 04:47:30  n_occ=27  span=[2025-10-13 02:45:00 .. 2025-10-13 06:50:00)
  0902  centre=2025-10-13 09:02:30  n_occ=11  span=[2025-10-13 08:15:00 .. 2025-10-13 09:50:00)
  1025  centre=2025-10-13 10:25:00  n_occ=17  span=[2025-10-13 09:50:00 .. 2025-10-13 11:00:00)
  1142  centre=2025-10-13 11:42:30  n_occ=30  span=[2025-10-13 11:00:00 .. 2025-10-13 12:25:00)
  1330  centre=2025-10-13 13:30:00  n_occ=30  span=[2025-10-13 12:25:00 .. 2025-10-13 14:35:00)
  1605  centre=2025-10-13 16:05:00  n_occ=12  span=[2025-10-13 14:35:00 .. 2025-10-13 17:35:00)
  2207  centre=2025-10-13 22:07:30  n_occ=16  span=[2025-10-13 20:15:00 .. 2025-10-14 00:00:00)
  [IGS/TRO1] Running TEC pipeline for 2025-10-13 …
  [nav] Using multi-GNSS mixed nav: BRDC00IGS_R_20252860000_01D_MN.rnx.gz
  [TRO1]  10/102 SVs (  9.8%)    0 arcs
  [TRO1]  20/102 SVs ( 19.6%)    5 arcs
  [TRO1]  30/102 SVs ( 29.4%)   72 arcs
  [TRO1]  40/102 SVs ( 39.2%)  157 arcs
  [TRO1]  50/102 SVs ( 49.0%)  238 arcs
  [TRO1]  60/102 SVs ( 58.8%)  307 arcs
  [TRO1]  70/102 SVs ( 68.6%)  381 arcs
  [TRO1]  80/102 SVs ( 78.4%)  457 arcs
  [TRO1]  90/102 SVs ( 88.2%)  513 arcs
  [TRO1] 100/102 SVs ( 98.0%)  572 arcs
  [TRO1] 102/102 SVs (100.0%)  584 arcs
  [TRO1] 102/102 SVs done  584 arcs
  [IGS/TRO1] 584 raw arcs → 279 valid entries
  [IGS/WUTH] Running TEC pipeline for 2025-10-13 …
  [IGS/WUTH] Pipeline failed: No RINEX-3 observation file found in https://cddis.nasa.gov/archive/gnss/data/daily/2025/286/25d for station WUTH. Available: ['ABMF00GLP_R_20252860000_01D_30S_MO.crx.gz ', 'ABPO00MDG_R_20252860000_01D_30S_MO.crx.gz ', 'AC2300USA_R_20252860000_01D_15S_MO.crx.gz ', 'AC2400USA_R_20252860000_01D_15S_MO.crx.gz ', 'ACRG00GHA_R_20252860000_01D_30S_MO.crx.gz ', 'ACSO00USA_R_20252860000_01D_15S_MO.crx.gz ', 'ADIS00ETH_R_20252860000_01D_30S_MO.crx.gz ', 'AIRA00JPN_R_20252860000_01D_30S_MO.crx.gz ', 'AJAC00FRA_R_20252860000_01D_30S_MO.crx.gz ', 'AL2H00CAN_R_20252860000_01D_30S_MO.crx.gz ']
  [IGS/NYA1] Running TEC pipeline for 2025-10-13 …
  [nav] Using multi-GNSS mixed nav: BRDC00IGS_R_20252860000_01D_MN.rnx.gz
  [NYA1]  10/101 SVs (  9.9%)    1 arcs
  [NYA1]  20/101 SVs ( 19.8%)   16 arcs
  [NYA1]  30/101 SVs ( 29.7%)   91 arcs
  [NYA1]  40/101 SVs ( 39.6%)  161 arcs
  [NYA1]  50/101 SVs ( 49.5%)  255 arcs
  [NYA1]  60/101 SVs ( 59.4%)  347 arcs
  [NYA1]  70/101 SVs ( 69.3%)  431 arcs
  [NYA1]  80/101 SVs ( 79.2%)  498 arcs
  [NYA1]  90/101 SVs ( 89.1%)  559 arcs
  [NYA1] 100/101 SVs ( 99.0%)  637 arcs
  [NYA1] 101/101 SVs (100.0%)  650 arcs
  [NYA1] 101/101 SVs done  650 arcs
  [IGS/NYA1] 650 raw arcs → 310 valid entries
  0 minima window(s), 589 IGS arc(s)
  [skip] No GNSS-RO minima windows for this day matching --window 1227.

======================================================================
[Day] 2025-10-18  tier=2  instruments=['ESR']
  Scanning 3657 files for metadata …
  Found 3657 valid files across 572 geographic groups (48 30-min windows).
[ISR-DA][minima-windows] 2025-10-18: 5 window(s) (>= 10 arcs each)
  0210  centre=2025-10-18 02:10:00  n_occ=20  span=[2025-10-18 00:35:00 .. 2025-10-18 03:45:00)
  0832  centre=2025-10-18 08:32:30  n_occ=26  span=[2025-10-18 06:55:00 .. 2025-10-18 10:10:00)
  1055  centre=2025-10-18 10:55:00  n_occ=21  span=[2025-10-18 10:10:00 .. 2025-10-18 11:40:00)
  1227  centre=2025-10-18 12:27:30  n_occ=24  span=[2025-10-18 11:40:00 .. 2025-10-18 13:15:00)
  1517  centre=2025-10-18 15:17:30  n_occ=20  span=[2025-10-18 13:15:00 .. 2025-10-18 17:20:00)
  [IGS/TRO1] Running TEC pipeline for 2025-10-18 …
  [nav] Using multi-GNSS mixed nav: BRDC00IGS_R_20252910000_01D_MN.rnx.gz
  [TRO1]  10/102 SVs (  9.8%)    0 arcs
  [TRO1]  20/102 SVs ( 19.6%)    9 arcs
  [TRO1]  30/102 SVs ( 29.4%)   61 arcs
  [TRO1]  40/102 SVs ( 39.2%)  128 arcs
  [TRO1]  50/102 SVs ( 49.0%)  182 arcs
  [TRO1]  60/102 SVs ( 58.8%)  232 arcs
  [TRO1]  70/102 SVs ( 68.6%)  279 arcs
  [TRO1]  80/102 SVs ( 78.4%)  322 arcs
  [TRO1]  90/102 SVs ( 88.2%)  365 arcs
  [TRO1] 100/102 SVs ( 98.0%)  420 arcs
  [TRO1] 102/102 SVs (100.0%)  427 arcs
  [TRO1] 102/102 SVs done  427 arcs
  [IGS/TRO1] 427 raw arcs → 231 valid entries
  [IGS/WUTH] Running TEC pipeline for 2025-10-18 …
  [nav] Using multi-GNSS mixed nav: BRDC00IGS_R_20252910000_01D_MN.rnx.gz
  [WUTH]  12/125 SVs (  9.6%)  116 arcs
  [WUTH]  24/125 SVs ( 19.2%)  225 arcs
  [WUTH]  36/125 SVs ( 28.8%)  323 arcs
  [WUTH]  48/125 SVs ( 38.4%)  389 arcs
  [WUTH]  60/125 SVs ( 48.0%)  503 arcs
  [WUTH]  72/125 SVs ( 57.6%)  618 arcs
  [WUTH]  84/125 SVs ( 67.2%)  711 arcs
  [WUTH]  96/125 SVs ( 76.8%)  775 arcs
  [WUTH] 108/125 SVs ( 86.4%)  888 arcs
  [WUTH] 120/125 SVs ( 96.0%)  1012 arcs
  [WUTH] 125/125 SVs (100.0%)  1059 arcs
  [WUTH] 125/125 SVs done  1059 arcs
  [IGS/WUTH] 1059 raw arcs → 470 valid entries
  [IGS/NYA1] Running TEC pipeline for 2025-10-18 …
  [nav] Using multi-GNSS mixed nav: BRDC00IGS_R_20252910000_01D_MN.rnx.gz
  [NYA1]  10/101 SVs (  9.9%)    1 arcs
  [NYA1]  20/101 SVs ( 19.8%)   20 arcs
  [NYA1]  30/101 SVs ( 29.7%)  106 arcs
  [NYA1]  40/101 SVs ( 39.6%)  199 arcs
  [NYA1]  50/101 SVs ( 49.5%)  281 arcs
  [NYA1]  60/101 SVs ( 59.4%)  397 arcs
  [NYA1]  70/101 SVs ( 69.3%)  497 arcs
  [NYA1]  80/101 SVs ( 79.2%)  572 arcs
  [NYA1]  90/101 SVs ( 89.1%)  645 arcs
  [NYA1] 100/101 SVs ( 99.0%)  733 arcs
  [NYA1] 101/101 SVs (100.0%)  741 arcs
  [NYA1] 101/101 SVs done  741 arcs
  [IGS/NYA1] 741 raw arcs → 318 valid entries
  1 minima window(s), 1019 IGS arc(s)
  Running 1 window(s) x 7 occultation-count bins x 3 obs modes x 2 filters ...
  [diag] Reordered 1 window(s): 1 ISR-aligned (most occultations first), 0 without ISR truth (run last)
EDPS: (55, 1650, 50), N_geo: 1650
▶▶▶ _run_or_load START | 2025-10-18_1227 | bin=all | ro_only   | gridded_kf    
    [diag] 2025-10-18_1227 | bin=all | ro_only   | gridded_kf     : RUNNING    (force=True, cached=False) ...

────────────────────────────────────────────────────────────
  Group : 2025-10-18_1227
  Window: 2025-10-18_1227  |  Region: POLAR_N  |  24 occultation(s)
────────────────────────────────────────────────────────────
  Parsed 24/24 files successfully.
    [podTc2] GN05 12:06 — 483 valid rays → decimated to 161 (stride 3)
    [podTc2] GN05 11:47 — 464 valid rays → decimated to 155 (stride 3)
    [podTc2] GN05 11:47 — 464 valid rays → decimated to 155 (stride 3)
    [podTc2] GN05 11:49 — 469 valid rays → decimated to 157 (stride 3)
    [podTc2] GN05 11:51 — 362 valid rays → decimated to 181 (stride 2)
    [podTc2] GN04 12:44 — 437 valid rays → decimated to 146 (stride 3)
    [podTc2] GN04 12:44 — 451 valid rays → decimated to 151 (stride 3)
    [podTc2] GN04 12:43 — 616 valid rays → decimated to 154 (stride 4)
    [podTc2] GN04 12:48 — 571 valid rays → decimated to 191 (stride 3)
    [podTc2] GN04 12:54 — 480 valid rays → decimated to 160 (stride 3)
    [podTc2] GN04 12:50 — 506 valid rays → decimated to 169 (stride 3)
    [podTc2] GN04 12:46 — 377 valid rays → decimated to 189 (stride 2)
    [podTc2] GN04 12:54 — 363 valid rays → decimated to 182 (stride 2)
    [podTc2] GN04 12:54 — 391 valid rays → decimated to 196 (stride 2)
    [podTc2] GN04 12:34 — 488 valid rays → decimated to 163 (stride 3)
    [podTc2] GN04 12:34 — 488 valid rays → decimated to 163 (stride 3)
    [podTc2] YM08 12:38 — 381 valid rays → decimated to 191 (stride 2)
    [podTc2] GN04 12:40 — 651 valid rays → decimated to 163 (stride 4)
    [podTc2] YM08 12:39 — 347 valid rays → decimated to 174 (stride 2)
    [podTc2] GN04 12:41 — 803 valid rays → decimated to 161 (stride 5)
    [podTc2] GN04 12:39 — 356 valid rays → decimated to 178 (stride 2)
    [podTc2] GN04 12:40 — 435 valid rays → decimated to 145 (stride 3)
    [podTc2] GN04 12:46 — 515 valid rays → decimated to 172 (stride 3)
    [podTc2] GN04 12:45 — 478 valid rays → decimated to 160 (stride 3)
  Bbox lat [34.3, 88.8]  lon [-84.1, 85.5]  |  union vertices: 114
  Final group: 24 occultation(s), 114 union-mesh vertices
  Saved trim diagnostic → /home/austinhunter/IonosphereTomography/Figures/ISR_DA_Comparison/OUTPUT/2025-10-18_1227/bin_all/ro_only/group_2025-10-18_1227_trim.png
  -> Building H matrices (4017 rays across 24 arc(s), single parallel sweep) …
  -> Building H matrices:    401/4017 rays ( 10.0%)
  -> Building H matrices:    802/4017 rays ( 20.0%)
  -> Building H matrices:   1203/4017 rays ( 29.9%)
  -> Building H matrices:   1604/4017 rays ( 39.9%)
  -> Building H matrices:   2005/4017 rays ( 49.9%)
  -> Building H matrices:   2406/4017 rays ( 59.9%)
  -> Building H matrices:   2807/4017 rays ( 69.9%)
  -> Building H matrices:   3208/4017 rays ( 79.9%)
  -> Building H matrices:   3609/4017 rays ( 89.8%)
  -> Building H matrices:   4010/4017 rays ( 99.8%)
  -> Building H matrices:   4017/4017 rays (100.0%)
  Combined H shape : (4017, 6384)  (total rays = 4017)
  Skipping sequential KF assimilation (run_sequential=False).
  Running joint (batch) KF assimilation …
  Prior RMSE  : 27.510 TECU
  Post  RMSE  : 10.557 TECU
    [Abel] GN05 12:06: NmF2=9.48e+11 m⁻³  hmF2=285.2 km
    [Abel] GN05 11:47: NmF2=1.71e+11 m⁻³  hmF2=336.4 km
    [Abel] GN05 11:47: NmF2=1.71e+11 m⁻³  hmF2=336.4 km
    [Abel] GN05 11:49: NmF2=3.78e+11 m⁻³  hmF2=262.1 km
    [Abel] GN05 11:51: NmF2=2.81e+11 m⁻³  hmF2=294.7 km
    [Abel] GN04 12:44: NmF2=2.53e+11 m⁻³  hmF2=302.9 km
    [Abel] GN04 12:44: NmF2=2.60e+11 m⁻³  hmF2=337.3 km
    [Abel] GN04 12:43: NmF2=6.12e+11 m⁻³  hmF2=284.6 km
    [Abel] GN04 12:48: NmF2=6.55e+11 m⁻³  hmF2=249.5 km
    [Abel] GN04 12:54: NmF2=5.19e+11 m⁻³  hmF2=277.7 km
    [Abel] GN04 12:50: NmF2=1.86e+11 m⁻³  hmF2=213.2 km
    [Abel] GN04 12:46: NmF2=2.95e+11 m⁻³  hmF2=321.1 km
    [Abel] GN04 12:54: NmF2=7.30e+11 m⁻³  hmF2=283.2 km
    [Abel] GN04 12:54: NmF2=9.24e+11 m⁻³  hmF2=262.5 km
    [Abel] GN04 12:34: NmF2=2.96e+11 m⁻³  hmF2=151.9 km
    [Abel] GN04 12:34: NmF2=2.96e+11 m⁻³  hmF2=151.9 km
    [Abel] YM08 12:38: NmF2=7.01e+11 m⁻³  hmF2=299.9 km
    [Abel] GN04 12:40: NmF2=1.60e+11 m⁻³  hmF2=353.1 km
    [Abel] YM08 12:39: NmF2=3.71e+11 m⁻³  hmF2=276.6 km
    [Abel] GN04 12:41: NmF2=5.67e+11 m⁻³  hmF2=285.9 km
    [Abel] GN04 12:39: NmF2=2.30e+11 m⁻³  hmF2=299.5 km
    [Abel] GN04 12:40: NmF2=2.81e+11 m⁻³  hmF2=315.9 km
    [Abel] GN04 12:46: NmF2=4.56e+11 m⁻³  hmF2=336.1 km
    [Abel] GN04 12:45: NmF2=1.14e+12 m⁻³  hmF2=287.6 km
◀◀◀ _run_or_load END   | 2025-10-18_1227 | bin=all | ro_only   | gridded_kf     : DONE       (151.0s) -> status=Success
▶▶▶ _run_or_load START | 2025-10-18_1227 | bin=all | ro_igs    | gridded_kf    
    [diag] 2025-10-18_1227 | bin=all | ro_igs    | gridded_kf     : RUNNING    (force=True, cached=False) ...

────────────────────────────────────────────────────────────
  Group : 2025-10-18_1227
  Window: 2025-10-18_1227  |  Region: POLAR_N  |  24 occultation(s)
────────────────────────────────────────────────────────────
  Parsed 24/24 files successfully.
    [podTc2] GN05 12:06 — 483 valid rays → decimated to 161 (stride 3)
    [podTc2] GN05 11:47 — 464 valid rays → decimated to 155 (stride 3)
    [podTc2] GN05 11:47 — 464 valid rays → decimated to 155 (stride 3)
    [podTc2] GN05 11:49 — 469 valid rays → decimated to 157 (stride 3)
    [podTc2] GN05 11:51 — 362 valid rays → decimated to 181 (stride 2)
    [podTc2] GN04 12:44 — 437 valid rays → decimated to 146 (stride 3)
    [podTc2] GN04 12:44 — 451 valid rays → decimated to 151 (stride 3)
    [podTc2] GN04 12:43 — 616 valid rays → decimated to 154 (stride 4)
    [podTc2] GN04 12:48 — 571 valid rays → decimated to 191 (stride 3)
    [podTc2] GN04 12:54 — 480 valid rays → decimated to 160 (stride 3)
    [podTc2] GN04 12:50 — 506 valid rays → decimated to 169 (stride 3)
    [podTc2] GN04 12:46 — 377 valid rays → decimated to 189 (stride 2)
    [podTc2] GN04 12:54 — 363 valid rays → decimated to 182 (stride 2)
    [podTc2] GN04 12:54 — 391 valid rays → decimated to 196 (stride 2)
    [podTc2] GN04 12:34 — 488 valid rays → decimated to 163 (stride 3)
    [podTc2] GN04 12:34 — 488 valid rays → decimated to 163 (stride 3)
    [podTc2] YM08 12:38 — 381 valid rays → decimated to 191 (stride 2)
    [podTc2] GN04 12:40 — 651 valid rays → decimated to 163 (stride 4)
    [podTc2] YM08 12:39 — 347 valid rays → decimated to 174 (stride 2)
    [podTc2] GN04 12:41 — 803 valid rays → decimated to 161 (stride 5)
    [podTc2] GN04 12:39 — 356 valid rays → decimated to 178 (stride 2)
    [podTc2] GN04 12:40 — 435 valid rays → decimated to 145 (stride 3)
    [podTc2] GN04 12:46 — 515 valid rays → decimated to 172 (stride 3)
    [podTc2] GN04 12:45 — 478 valid rays → decimated to 160 (stride 3)
  Bbox lat [34.3, 88.8]  lon [-84.1, 85.5]  |  union vertices: 114
  Final group: 24 occultation(s), 114 union-mesh vertices
  Saved trim diagnostic → /home/austinhunter/IonosphereTomography/Figures/ISR_DA_Comparison/OUTPUT/2025-10-18_1227/bin_all/ro_igs/group_2025-10-18_1227_trim.png
  [extra] Injected 66 ground-station arc(s) → total 90 arc(s) in assimilation pool
  -> Building H matrices (4083 rays across 90 arc(s), single parallel sweep) …
  -> Building H matrices:    408/4083 rays ( 10.0%)
  -> Building H matrices:    816/4083 rays ( 20.0%)
  -> Building H matrices:   1224/4083 rays ( 30.0%)
  -> Building H matrices:   1632/4083 rays ( 40.0%)
  -> Building H matrices:   2040/4083 rays ( 50.0%)
  -> Building H matrices:   2448/4083 rays ( 60.0%)
  -> Building H matrices:   2856/4083 rays ( 69.9%)
  -> Building H matrices:   3264/4083 rays ( 79.9%)
  -> Building H matrices:   3672/4083 rays ( 89.9%)
  -> Building H matrices:   4080/4083 rays ( 99.9%)
  -> Building H matrices:   4083/4083 rays (100.0%)
  Combined H shape : (4083, 6384)  (total rays = 4083)
  Skipping sequential KF assimilation (run_sequential=False).
  Running joint (batch) KF assimilation …
  Prior RMSE  : 27.481 TECU
  Post  RMSE  : 11.118 TECU
    [Abel] GN05 12:06: NmF2=9.48e+11 m⁻³  hmF2=285.2 km
    [Abel] GN05 11:47: NmF2=1.71e+11 m⁻³  hmF2=336.4 km
    [Abel] GN05 11:47: NmF2=1.71e+11 m⁻³  hmF2=336.4 km
    [Abel] GN05 11:49: NmF2=3.78e+11 m⁻³  hmF2=262.1 km
    [Abel] GN05 11:51: NmF2=2.81e+11 m⁻³  hmF2=294.7 km
    [Abel] GN04 12:44: NmF2=2.53e+11 m⁻³  hmF2=302.9 km
    [Abel] GN04 12:44: NmF2=2.60e+11 m⁻³  hmF2=337.3 km
    [Abel] GN04 12:43: NmF2=6.12e+11 m⁻³  hmF2=284.6 km
    [Abel] GN04 12:48: NmF2=6.55e+11 m⁻³  hmF2=249.5 km
    [Abel] GN04 12:54: NmF2=5.19e+11 m⁻³  hmF2=277.7 km
    [Abel] GN04 12:50: NmF2=1.86e+11 m⁻³  hmF2=213.2 km
    [Abel] GN04 12:46: NmF2=2.95e+11 m⁻³  hmF2=321.1 km
    [Abel] GN04 12:54: NmF2=7.30e+11 m⁻³  hmF2=283.2 km
    [Abel] GN04 12:54: NmF2=9.24e+11 m⁻³  hmF2=262.5 km
    [Abel] GN04 12:34: NmF2=2.96e+11 m⁻³  hmF2=151.9 km
    [Abel] GN04 12:34: NmF2=2.96e+11 m⁻³  hmF2=151.9 km
    [Abel] YM08 12:38: NmF2=7.01e+11 m⁻³  hmF2=299.9 km
    [Abel] GN04 12:40: NmF2=1.60e+11 m⁻³  hmF2=353.1 km
    [Abel] YM08 12:39: NmF2=3.71e+11 m⁻³  hmF2=276.6 km
    [Abel] GN04 12:41: NmF2=5.67e+11 m⁻³  hmF2=285.9 km
    [Abel] GN04 12:39: NmF2=2.30e+11 m⁻³  hmF2=299.5 km
    [Abel] GN04 12:40: NmF2=2.81e+11 m⁻³  hmF2=315.9 km
    [Abel] GN04 12:46: NmF2=4.56e+11 m⁻³  hmF2=336.1 km
    [Abel] GN04 12:45: NmF2=1.14e+12 m⁻³  hmF2=287.6 km
    [Abel] Skipped 66 ground-station arc(s) (RO-only technique)
/home/austinhunter/Downloads/PlanetiQ_Code/venv311/lib/python3.11/site-packages/shapely/creation.py:218: RuntimeWarning: invalid value encountered in linestrings
  return lib.linestrings(coords, np.intc(handle_nan), out=out, **kwargs)
◀◀◀ _run_or_load END   | 2025-10-18_1227 | bin=all | ro_igs    | gridded_kf     : DONE       (150.9s) -> status=Success
▶▶▶ _run_or_load START | 2025-10-18_1227 | bin=all | igs_only  | gridded_kf    
    [diag] 2025-10-18_1227 | bin=all | igs_only  | gridded_kf     : RUNNING    (force=True, cached=False) ...
    [Info] Initialising information matrix (n_state=12870) …
    [Info] arcs ingested = 66/66  |  obs rows = 66  |  Λ cond ≈ 4.04e+23
    [Info] Solving …
    [Prior] innovation  mean=5.87  std=26.73  n_obs=66
    [Post ] innovation  mean=4.40  std=20.49
    RMSE:  prior=27.365 TECU  →  post=20.953 TECU
◀◀◀ _run_or_load END   | 2025-10-18_1227 | bin=all | igs_only  | gridded_kf     : DONE       (76.2s) -> status=ok (no 'status' key)
▶▶▶ _run_or_load START | 2025-10-18_1227 | bin=all | ro_only   | parametric_ekf
    [diag] 2025-10-18_1227 | bin=all | ro_only   | parametric_ekf : RUNNING    (force=True, cached=False) ...
  [EKF] Building IRI state at 114 grid points (batch call) …
  [EnKF] Estimating background covariance from 50 EDP samples x 114 grid points ...
  [EnKF] Parameter sigma: log10(NmF2)=0.15  hmF2=20  H0=15  gamma=0.15  B0=20  B1=0.3  log10(NmE)=0.2  hmE=8
  [EnKF] Spatial corr (Ne-space KF method): mean=0.958  max=1.000  min=0.751
  [EKF] Running EKF_Param on 24 arc(s) …
  [EKF] 24 arcs  |  4017 profile rays  |  2025 update rays  |  n_state = 912
  [EKF] Prior innovations  mean=-24.37  std=23.86  max_abs=92.63 TECU
  [EKF] iterating [analytical]:   0%|          | 0/20 [00:00<?, ?it/s]  [EKF] iterating [analytical]:   0%|          | 0/20 [00:05<?, ?it/s, RMSE=34.102TECU, rel_dP=4.56e-30]                                                                                                          [EKF] Converged at iteration 1  (||ΔP||/||P|| = 4.56e-30 < tol=5.0e-04)
  [EKF] iterating [analytical]:   0%|          | 0/20 [00:05<?, ?it/s, RMSE=34.102TECU, rel_dP=4.56e-30]                                                                                                          [EKF] Posterior innovations  mean=-24.37  std=23.86  max_abs=92.63 TECU
  [EKF] Prior RMSE 34.169 TECU  →  Post RMSE 34.169 TECU
  Saved EKF convergence plot → /home/austinhunter/IonosphereTomography/Figures/ISR_DA_Comparison/OUTPUT/2025-10-18_1227/bin_all/ro_only/2025-10-18_1227_ro_only_ekf_convergence.png
◀◀◀ _run_or_load END   | 2025-10-18_1227 | bin=all | ro_only   | parametric_ekf : DONE       (43.4s) -> status=Success
▶▶▶ _run_or_load START | 2025-10-18_1227 | bin=all | ro_igs    | parametric_ekf
    [diag] 2025-10-18_1227 | bin=all | ro_igs    | parametric_ekf : RUNNING    (force=True, cached=False) ...
  [EKF] Building IRI state at 114 grid points (batch call) …
  [EnKF] Estimating background covariance from 50 EDP samples x 114 grid points ...
  [EnKF] Parameter sigma: log10(NmF2)=0.15  hmF2=20  H0=15  gamma=0.15  B0=20  B1=0.3  log10(NmE)=0.2  hmE=8
  [EnKF] Spatial corr (Ne-space KF method): mean=0.958  max=1.000  min=0.751
  [EKF] Running EKF_Param on 90 arc(s) …
  [EKF] 90 arcs  |  4083 profile rays  |  2091 update rays  |  n_state = 912
  [EKF] Prior innovations  mean=-4.18  std=30.70  max_abs=105.62 TECU
  [EKF] iterating [analytical]:   0%|          | 0/20 [00:00<?, ?it/s]  [EKF] iterating [analytical]:   0%|          | 0/20 [00:04<?, ?it/s, RMSE=30.980TECU, rel_dP=1.68e-01]  [EKF] iterating [analytical]:   5%|5         | 1/20 [00:04<01:31,  4.81s/it, RMSE=30.980TECU, rel_dP=1.68e-01]  [EKF] iterating [analytical]:   5%|5         | 1/20 [00:09<01:31,  4.81s/it, RMSE=20.275TECU, rel_dP=4.72e-02]  [EKF] iterating [analytical]:  10%|#         | 2/20 [00:09<01:27,  4.84s/it, RMSE=20.275TECU, rel_dP=4.72e-02]  [EKF] iterating [analytical]:  10%|#         | 2/20 [00:14<01:27,  4.84s/it, RMSE=16.032TECU, rel_dP=3.30e-02]  [EKF] iterating [analytical]:  15%|#5        | 3/20 [00:14<01:21,  4.81s/it, RMSE=16.032TECU, rel_dP=3.30e-02]  [EKF] iterating [analytical]:  15%|#5        | 3/20 [00:19<01:21,  4.81s/it, RMSE=14.463TECU, rel_dP=2.90e-02]  [EKF] iterating [analytical]:  20%|##        | 4/20 [00:19<01:16,  4.79s/it, RMSE=14.463TECU, rel_dP=2.90e-02]  [EKF] iterating [analytical]:  20%|##        | 4/20 [00:23<01:16,  4.79s/it, RMSE=13.835TECU, rel_dP=2.56e-02]  [EKF] iterating [analytical]:  25%|##5       | 5/20 [00:23<01:11,  4.79s/it, RMSE=13.835TECU, rel_dP=2.56e-02]  [EKF] iterating [analytical]:  25%|##5       | 5/20 [00:28<01:11,  4.79s/it, RMSE=13.504TECU, rel_dP=2.45e-02]  [EKF] iterating [analytical]:  30%|###       | 6/20 [00:28<01:06,  4.78s/it, RMSE=13.504TECU, rel_dP=2.45e-02]  [EKF] iterating [analytical]:  30%|###       | 6/20 [00:33<01:06,  4.78s/it, RMSE=13.273TECU, rel_dP=2.42e-02]  [EKF] iterating [analytical]:  35%|###5      | 7/20 [00:33<01:02,  4.79s/it, RMSE=13.273TECU, rel_dP=2.42e-02]  [EKF] iterating [analytical]:  35%|###5      | 7/20 [00:38<01:02,  4.79s/it, RMSE=13.090TECU, rel_dP=1.94e-02]  [EKF] iterating [analytical]:  40%|####      | 8/20 [00:38<00:57,  4.80s/it, RMSE=13.090TECU, rel_dP=1.94e-02]  [EKF] iterating [analytical]:  40%|####      | 8/20 [00:43<00:57,  4.80s/it, RMSE=12.992TECU, rel_dP=1.81e-02]  [EKF] iterating [analytical]:  45%|####5     | 9/20 [00:43<00:53,  4.87s/it, RMSE=12.992TECU, rel_dP=1.81e-02]  [EKF] iterating [analytical]:  45%|####5     | 9/20 [00:48<00:53,  4.87s/it, RMSE=12.930TECU, rel_dP=1.58e-02]  [EKF] iterating [analytical]:  50%|#####     | 10/20 [00:48<00:48,  4.86s/it, RMSE=12.930TECU, rel_dP=1.58e-02]  [EKF] iterating [analytical]:  50%|#####     | 10/20 [00:53<00:48,  4.86s/it, RMSE=12.881TECU, rel_dP=1.34e-02]  [EKF] iterating [analytical]:  55%|#####5    | 11/20 [00:53<00:43,  4.86s/it, RMSE=12.881TECU, rel_dP=1.34e-02]  [EKF] iterating [analytical]:  55%|#####5    | 11/20 [00:57<00:43,  4.86s/it, RMSE=12.831TECU, rel_dP=1.21e-02]  [EKF] iterating [analytical]:  60%|######    | 12/20 [00:57<00:38,  4.87s/it, RMSE=12.831TECU, rel_dP=1.21e-02]  [EKF] iterating [analytical]:  60%|######    | 12/20 [01:02<00:38,  4.87s/it, RMSE=12.790TECU, rel_dP=1.14e-02]  [EKF] iterating [analytical]:  65%|######5   | 13/20 [01:02<00:33,  4.86s/it, RMSE=12.790TECU, rel_dP=1.14e-02]  [EKF] iterating [analytical]:  65%|######5   | 13/20 [01:07<00:33,  4.86s/it, RMSE=12.733TECU, rel_dP=1.14e-02]  [EKF] iterating [analytical]:  70%|#######   | 14/20 [01:07<00:29,  4.84s/it, RMSE=12.733TECU, rel_dP=1.14e-02]  [EKF] iterating [analytical]:  70%|#######   | 14/20 [01:12<00:29,  4.84s/it, RMSE=12.659TECU, rel_dP=1.12e-02]  [EKF] iterating [analytical]:  75%|#######5  | 15/20 [01:12<00:24,  4.87s/it, RMSE=12.659TECU, rel_dP=1.12e-02]  [EKF] iterating [analytical]:  75%|#######5  | 15/20 [01:17<00:24,  4.87s/it, RMSE=12.595TECU, rel_dP=1.10e-02]  [EKF] iterating [analytical]:  80%|########  | 16/20 [01:17<00:19,  4.89s/it, RMSE=12.595TECU, rel_dP=1.10e-02]  [EKF] iterating [analytical]:  80%|########  | 16/20 [01:22<00:19,  4.89s/it, RMSE=12.542TECU, rel_dP=1.08e-02]  [EKF] iterating [analytical]:  85%|########5 | 17/20 [01:22<00:14,  4.88s/it, RMSE=12.542TECU, rel_dP=1.08e-02]  [EKF] iterating [analytical]:  85%|########5 | 17/20 [01:27<00:14,  4.88s/it, RMSE=12.500TECU, rel_dP=1.08e-02]  [EKF] iterating [analytical]:  90%|######### | 18/20 [01:27<00:09,  4.90s/it, RMSE=12.500TECU, rel_dP=1.08e-02]  [EKF] iterating [analytical]:  90%|######### | 18/20 [01:32<00:09,  4.90s/it, RMSE=12.468TECU, rel_dP=1.08e-02]  [EKF] iterating [analytical]:  95%|#########5| 19/20 [01:32<00:04,  4.90s/it, RMSE=12.468TECU, rel_dP=1.08e-02]  [EKF] iterating [analytical]:  95%|#########5| 19/20 [01:37<00:04,  4.90s/it, RMSE=12.442TECU, rel_dP=1.10e-02]  [EKF] iterating [analytical]: 100%|##########| 20/20 [01:37<00:00,  4.89s/it, RMSE=12.442TECU, rel_dP=1.10e-02]                                                                                                                   [EKF] Reached max_iter=20 without convergence  (final ||ΔP||/||P|| = 1.10e-02)
  [EKF] Posterior innovations  mean=-0.33  std=12.42  max_abs=65.76 TECU
  [EKF] Prior RMSE 31.107 TECU  →  Post RMSE 12.045 TECU
  Saved EKF convergence plot → /home/austinhunter/IonosphereTomography/Figures/ISR_DA_Comparison/OUTPUT/2025-10-18_1227/bin_all/ro_igs/2025-10-18_1227_ro_igs_ekf_convergence.png
◀◀◀ _run_or_load END   | 2025-10-18_1227 | bin=all | ro_igs    | parametric_ekf : DONE       (132.7s) -> status=Success
▶▶▶ _run_or_load START | 2025-10-18_1227 | bin=all | igs_only  | parametric_ekf
    [diag] 2025-10-18_1227 | bin=all | igs_only  | parametric_ekf : RUNNING    (force=True, cached=False) ...
  [EKF] Building IRI state at 234 grid points (batch call) …
  [EnKF] Estimating background covariance from 500 EDP samples x 234 grid points ...
  [EnKF] Parameter sigma: log10(NmF2)=0.15  hmF2=20  H0=15  gamma=0.15  B0=20  B1=0.3  log10(NmE)=0.2  hmE=8
  [EnKF] Spatial corr (Ne-space KF method): mean=0.940  max=1.000  min=0.692
  [EKF] Running EKF_Param on 66 arc(s) …
  [EKF] 66 arcs  |  66 profile rays  |  66 update rays  |  n_state = 1872
  [EKF] Prior innovations  mean=-3.92  std=26.25  max_abs=49.01 TECU
  [EKF] iterating [analytical]:   0%|          | 0/20 [00:00<?, ?it/s]  [EKF] iterating [analytical]:   0%|          | 0/20 [00:00<?, ?it/s, RMSE=26.545TECU, rel_dP=3.60e-02]  [EKF] iterating [analytical]:   5%|5         | 1/20 [00:00<00:03,  5.46it/s, RMSE=26.545TECU, rel_dP=3.60e-02]  [EKF] iterating [analytical]:   5%|5         | 1/20 [00:00<00:03,  5.46it/s, RMSE=25.491TECU, rel_dP=2.63e-02]  [EKF] iterating [analytical]:  10%|#         | 2/20 [00:00<00:03,  4.65it/s, RMSE=25.491TECU, rel_dP=2.63e-02]  [EKF] iterating [analytical]:  10%|#         | 2/20 [00:00<00:03,  4.65it/s, RMSE=24.973TECU, rel_dP=2.29e-02]  [EKF] iterating [analytical]:  15%|#5        | 3/20 [00:00<00:03,  4.43it/s, RMSE=24.973TECU, rel_dP=2.29e-02]  [EKF] iterating [analytical]:  15%|#5        | 3/20 [00:00<00:03,  4.43it/s, RMSE=24.580TECU, rel_dP=2.32e-02]  [EKF] iterating [analytical]:  20%|##        | 4/20 [00:00<00:03,  4.44it/s, RMSE=24.580TECU, rel_dP=2.32e-02]  [EKF] iterating [analytical]:  20%|##        | 4/20 [00:01<00:03,  4.44it/s, RMSE=24.206TECU, rel_dP=3.15e-02]  [EKF] iterating [analytical]:  25%|##5       | 5/20 [00:01<00:03,  4.51it/s, RMSE=24.206TECU, rel_dP=3.15e-02]  [EKF] iterating [analytical]:  25%|##5       | 5/20 [00:01<00:03,  4.51it/s, RMSE=23.923TECU, rel_dP=3.28e-02]  [EKF] iterating [analytical]:  30%|###       | 6/20 [00:01<00:03,  4.49it/s, RMSE=23.923TECU, rel_dP=3.28e-02]  [EKF] iterating [analytical]:  30%|###       | 6/20 [00:01<00:03,  4.49it/s, RMSE=23.796TECU, rel_dP=3.79e-02]  [EKF] iterating [analytical]:  35%|###5      | 7/20 [00:01<00:02,  4.51it/s, RMSE=23.796TECU, rel_dP=3.79e-02]  [EKF] iterating [analytical]:  35%|###5      | 7/20 [00:01<00:02,  4.51it/s, RMSE=23.503TECU, rel_dP=3.63e-02]  [EKF] iterating [analytical]:  40%|####      | 8/20 [00:01<00:02,  4.47it/s, RMSE=23.503TECU, rel_dP=3.63e-02]  [EKF] iterating [analytical]:  40%|####      | 8/20 [00:01<00:02,  4.47it/s, RMSE=23.731TECU, rel_dP=4.19e-02]  [EKF] iterating [analytical]:  45%|####5     | 9/20 [00:01<00:02,  4.44it/s, RMSE=23.731TECU, rel_dP=4.19e-02]  [EKF] iterating [analytical]:  45%|####5     | 9/20 [00:02<00:02,  4.44it/s, RMSE=23.331TECU, rel_dP=4.28e-02]  [EKF] iterating [analytical]:  50%|#####     | 10/20 [00:02<00:02,  4.43it/s, RMSE=23.331TECU, rel_dP=4.28e-02]  [EKF] iterating [analytical]:  50%|#####     | 10/20 [00:02<00:02,  4.43it/s, RMSE=23.687TECU, rel_dP=3.36e-02]  [EKF] iterating [analytical]:  55%|#####5    | 11/20 [00:02<00:02,  4.39it/s, RMSE=23.687TECU, rel_dP=3.36e-02]  [EKF] iterating [analytical]:  55%|#####5    | 11/20 [00:02<00:02,  4.39it/s, RMSE=23.429TECU, rel_dP=3.31e-02]  [EKF] iterating [analytical]:  60%|######    | 12/20 [00:02<00:01,  4.44it/s, RMSE=23.429TECU, rel_dP=3.31e-02]  [EKF] iterating [analytical]:  60%|######    | 12/20 [00:02<00:01,  4.44it/s, RMSE=22.925TECU, rel_dP=4.74e-02]  [EKF] iterating [analytical]:  65%|######5   | 13/20 [00:02<00:01,  4.47it/s, RMSE=22.925TECU, rel_dP=4.74e-02]  [EKF] iterating [analytical]:  65%|######5   | 13/20 [00:03<00:01,  4.47it/s, RMSE=23.258TECU, rel_dP=4.42e-02]  [EKF] iterating [analytical]:  70%|#######   | 14/20 [00:03<00:01,  4.47it/s, RMSE=23.258TECU, rel_dP=4.42e-02]  [EKF] iterating [analytical]:  70%|#######   | 14/20 [00:03<00:01,  4.47it/s, RMSE=23.065TECU, rel_dP=6.84e-02]  [EKF] iterating [analytical]:  75%|#######5  | 15/20 [00:03<00:01,  4.49it/s, RMSE=23.065TECU, rel_dP=6.84e-02]  [EKF] iterating [analytical]:  75%|#######5  | 15/20 [00:03<00:01,  4.49it/s, RMSE=26.297TECU, rel_dP=5.96e-02]  [EKF] iterating [analytical]:  80%|########  | 16/20 [00:03<00:00,  4.48it/s, RMSE=26.297TECU, rel_dP=5.96e-02]  [EKF] iterating [analytical]:  80%|########  | 16/20 [00:03<00:00,  4.48it/s, RMSE=21.747TECU, rel_dP=9.12e-02]  [EKF] iterating [analytical]:  85%|########5 | 17/20 [00:03<00:00,  4.48it/s, RMSE=21.747TECU, rel_dP=9.12e-02]  [EKF] iterating [analytical]:  85%|########5 | 17/20 [00:04<00:00,  4.48it/s, RMSE=39.140TECU, rel_dP=7.98e-02]  [EKF] iterating [analytical]:  90%|######### | 18/20 [00:04<00:00,  4.47it/s, RMSE=39.140TECU, rel_dP=7.98e-02]  [EKF] iterating [analytical]:  90%|######### | 18/20 [00:04<00:00,  4.47it/s, RMSE=48.800TECU, rel_dP=4.70e-02]  [EKF] iterating [analytical]:  95%|#########5| 19/20 [00:04<00:00,  4.42it/s, RMSE=48.800TECU, rel_dP=4.70e-02]  [EKF] iterating [analytical]:  95%|#########5| 19/20 [00:04<00:00,  4.42it/s, RMSE=28.806TECU, rel_dP=9.02e-02]  [EKF] iterating [analytical]: 100%|##########| 20/20 [00:04<00:00,  4.44it/s, RMSE=28.806TECU, rel_dP=9.02e-02]                                                                                                                   [EKF] Reached max_iter=20 without convergence  (final ||ΔP||/||P|| = 9.02e-02)
  [EKF] Posterior innovations  mean=-99.60  std=36.60  max_abs=196.99 TECU
  [EKF] Prior RMSE 26.545 TECU  →  Post RMSE 106.114 TECU
  Saved EKF convergence plot → /home/austinhunter/IonosphereTomography/Figures/ISR_DA_Comparison/OUTPUT/2025-10-18_1227/bin_all/igs_only/2025-10-18_1227_igs_only_ekf_convergence.png
◀◀◀ _run_or_load END   | 2025-10-18_1227 | bin=all | igs_only  | parametric_ekf : DONE       (447.4s) -> status=ok (no 'status' key)
  [diag] 2025-10-18_1227 | bin=all : summary of 6 obs_mode/filter_type combos
           ro_only   | gridded_kf     -> Success
           ro_only   | parametric_ekf -> Success
           ro_igs    | gridded_kf     -> Success
           ro_igs    | parametric_ekf -> Success
           igs_only  | gridded_kf     -> ok (no 'status' key)
           igs_only  | parametric_ekf -> ok (no 'status' key)

▶▶▶ compute_isr_metrics START | group=2025-10-18_1227 bin=all
◀◀◀ compute_isr_metrics END   | group=2025-10-18_1227 bin=all -> 186 metric row(s)
/home/austinhunter/IonosphereTomography/demo_isr_da_comparison.py:1763: FutureWarning: The behavior of DataFrame concatenation with empty or all-NA entries is deprecated. In a future version, this will no longer exclude empty or all-NA columns when determining the result dtypes. To retain the old behavior, exclude the relevant entries before the concat operation.
  combined = pd.concat([existing_df, new_df], ignore_index=True)

▶▶▶ _plot_group_all_modes START | group=2025-10-18_1227
  [diag] 2025-10-18_1227/ro_igs/gridded_kf: arc-innovation panels thinned to 24 RO + 20/66 representative IGS arcs (of 90 total)
  [diag] 2025-10-18_1227/ro_igs/parametric_ekf: arc-innovation panels thinned to 24 RO + 20/66 representative IGS arcs (of 90 total)
  [diag] 2025-10-18_1227/igs_only/gridded_kf: arc-innovation panels thinned to 0 RO + 20/66 representative IGS arcs (of 66 total)
  [diag] 2025-10-18_1227/igs_only/parametric_ekf: arc-innovation panels thinned to 0 RO + 20/66 representative IGS arcs (of 66 total)
/home/austinhunter/Downloads/PlanetiQ_Code/venv311/lib/python3.11/site-packages/shapely/creation.py:218: RuntimeWarning: invalid value encountered in linestrings
  return lib.linestrings(coords, np.intc(handle_nan), out=out, **kwargs)
/home/austinhunter/IonosphereTomography/plotIonosphereTomography.py:3634: UserWarning: This figure includes Axes that are not compatible with tight_layout, so results might be incorrect.
  plt.tight_layout(rect=[0, 0, 1, 0.98])
/home/austinhunter/IonosphereTomography/plotIonosphereTomography.py:3634: UserWarning: This figure includes Axes that are not compatible with tight_layout, so results might be incorrect.
  plt.tight_layout(rect=[0, 0, 1, 0.98])
/home/austinhunter/IonosphereTomography/plotIonosphereTomography.py:3634: UserWarning: This figure includes Axes that are not compatible with tight_layout, so results might be incorrect.
  plt.tight_layout(rect=[0, 0, 1, 0.98])
◀◀◀ _plot_group_all_modes END   | group=2025-10-18_1227
▶▶▶ _run_or_load START | 2025-10-18_1227 | bin=55  | ro_only   | gridded_kf    
    [diag] 2025-10-18_1227 | bin=55  | ro_only   | gridded_kf     : RUNNING    (force=True, cached=False) ...

────────────────────────────────────────────────────────────
  Group : 2025-10-18_1227
  Window: 2025-10-18_1227  |  Region: POLAR_N  |  24 occultation(s)
────────────────────────────────────────────────────────────
  Parsed 24/24 files successfully.
    [podTc2] GN05 12:06 — 483 valid rays → decimated to 161 (stride 3)
    [podTc2] GN05 11:47 — 464 valid rays → decimated to 155 (stride 3)
    [podTc2] GN05 11:47 — 464 valid rays → decimated to 155 (stride 3)
    [podTc2] GN05 11:49 — 469 valid rays → decimated to 157 (stride 3)
    [podTc2] GN05 11:51 — 362 valid rays → decimated to 181 (stride 2)
    [podTc2] GN04 12:44 — 437 valid rays → decimated to 146 (stride 3)
    [podTc2] GN04 12:44 — 451 valid rays → decimated to 151 (stride 3)
    [podTc2] GN04 12:43 — 616 valid rays → decimated to 154 (stride 4)
    [podTc2] GN04 12:48 — 571 valid rays → decimated to 191 (stride 3)
    [podTc2] GN04 12:54 — 480 valid rays → decimated to 160 (stride 3)
    [podTc2] GN04 12:50 — 506 valid rays → decimated to 169 (stride 3)
    [podTc2] GN04 12:46 — 377 valid rays → decimated to 189 (stride 2)
    [podTc2] GN04 12:54 — 363 valid rays → decimated to 182 (stride 2)
    [podTc2] GN04 12:54 — 391 valid rays → decimated to 196 (stride 2)
    [podTc2] GN04 12:34 — 488 valid rays → decimated to 163 (stride 3)
    [podTc2] GN04 12:34 — 488 valid rays → decimated to 163 (stride 3)
    [podTc2] YM08 12:38 — 381 valid rays → decimated to 191 (stride 2)
    [podTc2] GN04 12:40 — 651 valid rays → decimated to 163 (stride 4)
    [podTc2] YM08 12:39 — 347 valid rays → decimated to 174 (stride 2)
    [podTc2] GN04 12:41 — 803 valid rays → decimated to 161 (stride 5)
    [podTc2] GN04 12:39 — 356 valid rays → decimated to 178 (stride 2)
    [podTc2] GN04 12:40 — 435 valid rays → decimated to 145 (stride 3)
    [podTc2] GN04 12:46 — 515 valid rays → decimated to 172 (stride 3)
    [podTc2] GN04 12:45 — 478 valid rays → decimated to 160 (stride 3)
  Bbox lat [34.3, 88.8]  lon [-84.1, 85.5]  |  union vertices: 114
  Final group: 24 occultation(s), 114 union-mesh vertices
  Saved trim diagnostic → /home/austinhunter/IonosphereTomography/Figures/ISR_DA_Comparison/OUTPUT/2025-10-18_1227/bin_55/ro_only/group_2025-10-18_1227_trim.png
  -> Building H matrices (4017 rays across 24 arc(s), single parallel sweep) …
  -> Building H matrices:    401/4017 rays ( 10.0%)
  -> Building H matrices:    802/4017 rays ( 20.0%)
  -> Building H matrices:   1203/4017 rays ( 29.9%)
  -> Building H matrices:   1604/4017 rays ( 39.9%)
  -> Building H matrices:   2005/4017 rays ( 49.9%)
  -> Building H matrices:   2406/4017 rays ( 59.9%)
  -> Building H matrices:   2807/4017 rays ( 69.9%)
  -> Building H matrices:   3208/4017 rays ( 79.9%)
  -> Building H matrices:   3609/4017 rays ( 89.8%)
  -> Building H matrices:   4010/4017 rays ( 99.8%)
  -> Building H matrices:   4017/4017 rays (100.0%)
  Combined H shape : (4017, 6384)  (total rays = 4017)
  Skipping sequential KF assimilation (run_sequential=False).
  Running joint (batch) KF assimilation …
  Prior RMSE  : 27.510 TECU
  Post  RMSE  : 10.557 TECU
    [Abel] GN05 12:06: NmF2=9.48e+11 m⁻³  hmF2=285.2 km
    [Abel] GN05 11:47: NmF2=1.71e+11 m⁻³  hmF2=336.4 km
    [Abel] GN05 11:47: NmF2=1.71e+11 m⁻³  hmF2=336.4 km
    [Abel] GN05 11:49: NmF2=3.78e+11 m⁻³  hmF2=262.1 km
    [Abel] GN05 11:51: NmF2=2.81e+11 m⁻³  hmF2=294.7 km
    [Abel] GN04 12:44: NmF2=2.53e+11 m⁻³  hmF2=302.9 km
    [Abel] GN04 12:44: NmF2=2.60e+11 m⁻³  hmF2=337.3 km
    [Abel] GN04 12:43: NmF2=6.12e+11 m⁻³  hmF2=284.6 km
    [Abel] GN04 12:48: NmF2=6.55e+11 m⁻³  hmF2=249.5 km
    [Abel] GN04 12:54: NmF2=5.19e+11 m⁻³  hmF2=277.7 km
    [Abel] GN04 12:50: NmF2=1.86e+11 m⁻³  hmF2=213.2 km
    [Abel] GN04 12:46: NmF2=2.95e+11 m⁻³  hmF2=321.1 km
    [Abel] GN04 12:54: NmF2=7.30e+11 m⁻³  hmF2=283.2 km
    [Abel] GN04 12:54: NmF2=9.24e+11 m⁻³  hmF2=262.5 km
    [Abel] GN04 12:34: NmF2=2.96e+11 m⁻³  hmF2=151.9 km
    [Abel] GN04 12:34: NmF2=2.96e+11 m⁻³  hmF2=151.9 km
    [Abel] YM08 12:38: NmF2=7.01e+11 m⁻³  hmF2=299.9 km
    [Abel] GN04 12:40: NmF2=1.60e+11 m⁻³  hmF2=353.1 km
    [Abel] YM08 12:39: NmF2=3.71e+11 m⁻³  hmF2=276.6 km
    [Abel] GN04 12:41: NmF2=5.67e+11 m⁻³  hmF2=285.9 km
    [Abel] GN04 12:39: NmF2=2.30e+11 m⁻³  hmF2=299.5 km
    [Abel] GN04 12:40: NmF2=2.81e+11 m⁻³  hmF2=315.9 km
    [Abel] GN04 12:46: NmF2=4.56e+11 m⁻³  hmF2=336.1 km
    [Abel] GN04 12:45: NmF2=1.14e+12 m⁻³  hmF2=287.6 km
◀◀◀ _run_or_load END   | 2025-10-18_1227 | bin=55  | ro_only   | gridded_kf     : DONE       (150.3s) -> status=Success
▶▶▶ _run_or_load START | 2025-10-18_1227 | bin=55  | ro_igs    | gridded_kf    
    [diag] 2025-10-18_1227 | bin=55  | ro_igs    | gridded_kf     : RUNNING    (force=True, cached=False) ...

────────────────────────────────────────────────────────────
  Group : 2025-10-18_1227
  Window: 2025-10-18_1227  |  Region: POLAR_N  |  24 occultation(s)
────────────────────────────────────────────────────────────
  Parsed 24/24 files successfully.
    [podTc2] GN05 12:06 — 483 valid rays → decimated to 161 (stride 3)
    [podTc2] GN05 11:47 — 464 valid rays → decimated to 155 (stride 3)
    [podTc2] GN05 11:47 — 464 valid rays → decimated to 155 (stride 3)
    [podTc2] GN05 11:49 — 469 valid rays → decimated to 157 (stride 3)
    [podTc2] GN05 11:51 — 362 valid rays → decimated to 181 (stride 2)
    [podTc2] GN04 12:44 — 437 valid rays → decimated to 146 (stride 3)
    [podTc2] GN04 12:44 — 451 valid rays → decimated to 151 (stride 3)
    [podTc2] GN04 12:43 — 616 valid rays → decimated to 154 (stride 4)
    [podTc2] GN04 12:48 — 571 valid rays → decimated to 191 (stride 3)
    [podTc2] GN04 12:54 — 480 valid rays → decimated to 160 (stride 3)
    [podTc2] GN04 12:50 — 506 valid rays → decimated to 169 (stride 3)
    [podTc2] GN04 12:46 — 377 valid rays → decimated to 189 (stride 2)
    [podTc2] GN04 12:54 — 363 valid rays → decimated to 182 (stride 2)
    [podTc2] GN04 12:54 — 391 valid rays → decimated to 196 (stride 2)
    [podTc2] GN04 12:34 — 488 valid rays → decimated to 163 (stride 3)
    [podTc2] GN04 12:34 — 488 valid rays → decimated to 163 (stride 3)
    [podTc2] YM08 12:38 — 381 valid rays → decimated to 191 (stride 2)
    [podTc2] GN04 12:40 — 651 valid rays → decimated to 163 (stride 4)
    [podTc2] YM08 12:39 — 347 valid rays → decimated to 174 (stride 2)
    [podTc2] GN04 12:41 — 803 valid rays → decimated to 161 (stride 5)
    [podTc2] GN04 12:39 — 356 valid rays → decimated to 178 (stride 2)
    [podTc2] GN04 12:40 — 435 valid rays → decimated to 145 (stride 3)
    [podTc2] GN04 12:46 — 515 valid rays → decimated to 172 (stride 3)
    [podTc2] GN04 12:45 — 478 valid rays → decimated to 160 (stride 3)
  Bbox lat [34.3, 88.8]  lon [-84.1, 85.5]  |  union vertices: 114
  Final group: 24 occultation(s), 114 union-mesh vertices
  Saved trim diagnostic → /home/austinhunter/IonosphereTomography/Figures/ISR_DA_Comparison/OUTPUT/2025-10-18_1227/bin_55/ro_igs/group_2025-10-18_1227_trim.png
  [extra] Injected 66 ground-station arc(s) → total 90 arc(s) in assimilation pool
  -> Building H matrices (4083 rays across 90 arc(s), single parallel sweep) …
  -> Building H matrices:    408/4083 rays ( 10.0%)
  -> Building H matrices:    816/4083 rays ( 20.0%)
  -> Building H matrices:   1224/4083 rays ( 30.0%)
  -> Building H matrices:   1632/4083 rays ( 40.0%)
  -> Building H matrices:   2040/4083 rays ( 50.0%)
  -> Building H matrices:   2448/4083 rays ( 60.0%)
  -> Building H matrices:   2856/4083 rays ( 69.9%)
  -> Building H matrices:   3264/4083 rays ( 79.9%)
  -> Building H matrices:   3672/4083 rays ( 89.9%)
  -> Building H matrices:   4080/4083 rays ( 99.9%)
  -> Building H matrices:   4083/4083 rays (100.0%)
  Combined H shape : (4083, 6384)  (total rays = 4083)
  Skipping sequential KF assimilation (run_sequential=False).
  Running joint (batch) KF assimilation …
  Prior RMSE  : 27.481 TECU
  Post  RMSE  : 11.118 TECU
    [Abel] GN05 12:06: NmF2=9.48e+11 m⁻³  hmF2=285.2 km
    [Abel] GN05 11:47: NmF2=1.71e+11 m⁻³  hmF2=336.4 km
    [Abel] GN05 11:47: NmF2=1.71e+11 m⁻³  hmF2=336.4 km
    [Abel] GN05 11:49: NmF2=3.78e+11 m⁻³  hmF2=262.1 km
    [Abel] GN05 11:51: NmF2=2.81e+11 m⁻³  hmF2=294.7 km
    [Abel] GN04 12:44: NmF2=2.53e+11 m⁻³  hmF2=302.9 km
    [Abel] GN04 12:44: NmF2=2.60e+11 m⁻³  hmF2=337.3 km
    [Abel] GN04 12:43: NmF2=6.12e+11 m⁻³  hmF2=284.6 km
    [Abel] GN04 12:48: NmF2=6.55e+11 m⁻³  hmF2=249.5 km
    [Abel] GN04 12:54: NmF2=5.19e+11 m⁻³  hmF2=277.7 km
    [Abel] GN04 12:50: NmF2=1.86e+11 m⁻³  hmF2=213.2 km
    [Abel] GN04 12:46: NmF2=2.95e+11 m⁻³  hmF2=321.1 km
    [Abel] GN04 12:54: NmF2=7.30e+11 m⁻³  hmF2=283.2 km
    [Abel] GN04 12:54: NmF2=9.24e+11 m⁻³  hmF2=262.5 km
    [Abel] GN04 12:34: NmF2=2.96e+11 m⁻³  hmF2=151.9 km
    [Abel] GN04 12:34: NmF2=2.96e+11 m⁻³  hmF2=151.9 km
    [Abel] YM08 12:38: NmF2=7.01e+11 m⁻³  hmF2=299.9 km
    [Abel] GN04 12:40: NmF2=1.60e+11 m⁻³  hmF2=353.1 km
    [Abel] YM08 12:39: NmF2=3.71e+11 m⁻³  hmF2=276.6 km
    [Abel] GN04 12:41: NmF2=5.67e+11 m⁻³  hmF2=285.9 km
    [Abel] GN04 12:39: NmF2=2.30e+11 m⁻³  hmF2=299.5 km
    [Abel] GN04 12:40: NmF2=2.81e+11 m⁻³  hmF2=315.9 km
    [Abel] GN04 12:46: NmF2=4.56e+11 m⁻³  hmF2=336.1 km
    [Abel] GN04 12:45: NmF2=1.14e+12 m⁻³  hmF2=287.6 km
    [Abel] Skipped 66 ground-station arc(s) (RO-only technique)
/home/austinhunter/Downloads/PlanetiQ_Code/venv311/lib/python3.11/site-packages/shapely/creation.py:218: RuntimeWarning: invalid value encountered in linestrings
  return lib.linestrings(coords, np.intc(handle_nan), out=out, **kwargs)
◀◀◀ _run_or_load END   | 2025-10-18_1227 | bin=55  | ro_igs    | gridded_kf     : DONE       (152.5s) -> status=Success
▶▶▶ _run_or_load START | 2025-10-18_1227 | bin=55  | igs_only  | gridded_kf    
    [diag] 2025-10-18_1227 | bin=55  | igs_only  | gridded_kf     : RUNNING    (force=True, cached=False) ...
    [Info] Initialising information matrix (n_state=12870) …
    [Info] arcs ingested = 66/66  |  obs rows = 66  |  Λ cond ≈ 4.04e+23
    [Info] Solving …
    [Prior] innovation  mean=5.87  std=26.73  n_obs=66
    [Post ] innovation  mean=4.40  std=20.49
    RMSE:  prior=27.365 TECU  →  post=20.953 TECU
◀◀◀ _run_or_load END   | 2025-10-18_1227 | bin=55  | igs_only  | gridded_kf     : DONE       (77.1s) -> status=ok (no 'status' key)
▶▶▶ _run_or_load START | 2025-10-18_1227 | bin=55  | ro_only   | parametric_ekf
    [diag] 2025-10-18_1227 | bin=55  | ro_only   | parametric_ekf : RUNNING    (force=True, cached=False) ...
  [EKF] Building IRI state at 114 grid points (batch call) …
  [EnKF] Estimating background covariance from 50 EDP samples x 114 grid points ...
  [EnKF] Parameter sigma: log10(NmF2)=0.15  hmF2=20  H0=15  gamma=0.15  B0=20  B1=0.3  log10(NmE)=0.2  hmE=8
  [EnKF] Spatial corr (Ne-space KF method): mean=0.958  max=1.000  min=0.751
  [EKF] Running EKF_Param on 24 arc(s) …
  [EKF] 24 arcs  |  4017 profile rays  |  2025 update rays  |  n_state = 912
  [EKF] Prior innovations  mean=7.70  std=37.03  max_abs=199.67 TECU
  [EKF] iterating [analytical]:   0%|          | 0/20 [00:00<?, ?it/s]  [EKF] iterating [analytical]:   0%|          | 0/20 [00:05<?, ?it/s, RMSE=37.826TECU, rel_dP=4.17e-30]                                                                                                          [EKF] Converged at iteration 1  (||ΔP||/||P|| = 4.17e-30 < tol=5.0e-04)
  [EKF] iterating [analytical]:   0%|          | 0/20 [00:05<?, ?it/s, RMSE=37.826TECU, rel_dP=4.17e-30]                                                                                                          [EKF] Posterior innovations  mean=7.70  std=37.03  max_abs=199.67 TECU
  [EKF] Prior RMSE 37.855 TECU  →  Post RMSE 37.855 TECU
  Saved EKF convergence plot → /home/austinhunter/IonosphereTomography/Figures/ISR_DA_Comparison/OUTPUT/2025-10-18_1227/bin_55/ro_only/2025-10-18_1227_ro_only_ekf_convergence.png
◀◀◀ _run_or_load END   | 2025-10-18_1227 | bin=55  | ro_only   | parametric_ekf : DONE       (42.4s) -> status=Success
▶▶▶ _run_or_load START | 2025-10-18_1227 | bin=55  | ro_igs    | parametric_ekf
    [diag] 2025-10-18_1227 | bin=55  | ro_igs    | parametric_ekf : RUNNING    (force=True, cached=False) ...
  [EKF] Building IRI state at 114 grid points (batch call) …
  [EnKF] Estimating background covariance from 50 EDP samples x 114 grid points ...
  [EnKF] Parameter sigma: log10(NmF2)=0.15  hmF2=20  H0=15  gamma=0.15  B0=20  B1=0.3  log10(NmE)=0.2  hmE=8
  [EnKF] Spatial corr (Ne-space KF method): mean=0.958  max=1.000  min=0.751
  [EKF] Running EKF_Param on 90 arc(s) …
  [EKF] 90 arcs  |  4083 profile rays  |  2091 update rays  |  n_state = 912
  [EKF] Prior innovations  mean=2.79  std=26.09  max_abs=145.28 TECU
  [EKF] iterating [analytical]:   0%|          | 0/20 [00:00<?, ?it/s]  [EKF] iterating [analytical]:   0%|          | 0/20 [00:05<?, ?it/s, RMSE=26.241TECU, rel_dP=5.52e-28]                                                                                                          [EKF] Converged at iteration 1  (||ΔP||/||P|| = 5.52e-28 < tol=5.0e-04)
  [EKF] iterating [analytical]:   0%|          | 0/20 [00:05<?, ?it/s, RMSE=26.241TECU, rel_dP=5.52e-28]                                                                                                          [EKF] Posterior innovations  mean=2.80  std=26.09  max_abs=145.28 TECU
  [EKF] Prior RMSE 26.148 TECU  →  Post RMSE 26.146 TECU
  Saved EKF convergence plot → /home/austinhunter/IonosphereTomography/Figures/ISR_DA_Comparison/OUTPUT/2025-10-18_1227/bin_55/ro_igs/2025-10-18_1227_ro_igs_ekf_convergence.png
◀◀◀ _run_or_load END   | 2025-10-18_1227 | bin=55  | ro_igs    | parametric_ekf : DONE       (42.9s) -> status=Success
▶▶▶ _run_or_load START | 2025-10-18_1227 | bin=55  | igs_only  | parametric_ekf
    [diag] 2025-10-18_1227 | bin=55  | igs_only  | parametric_ekf : RUNNING    (force=True, cached=False) ...
  [EKF] Building IRI state at 234 grid points (batch call) …
  [EnKF] Estimating background covariance from 500 EDP samples x 234 grid points ...
  [EnKF] Parameter sigma: log10(NmF2)=0.15  hmF2=20  H0=15  gamma=0.15  B0=20  B1=0.3  log10(NmE)=0.2  hmE=8
  [EnKF] Spatial corr (Ne-space KF method): mean=0.940  max=1.000  min=0.692
  [EKF] Running EKF_Param on 66 arc(s) …
  [EKF] 66 arcs  |  66 profile rays  |  66 update rays  |  n_state = 1872
  [EKF] Prior innovations  mean=20.24  std=24.58  max_abs=74.08 TECU
  [EKF] iterating [analytical]:   0%|          | 0/20 [00:00<?, ?it/s]  [EKF] iterating [analytical]:   0%|          | 0/20 [00:00<?, ?it/s, RMSE=31.844TECU, rel_dP=2.10e-02]  [EKF] iterating [analytical]:   5%|5         | 1/20 [00:00<00:03,  5.46it/s, RMSE=31.844TECU, rel_dP=2.10e-02]  [EKF] iterating [analytical]:   5%|5         | 1/20 [00:00<00:03,  5.46it/s, RMSE=26.579TECU, rel_dP=1.12e-02]  [EKF] iterating [analytical]:  10%|#         | 2/20 [00:00<00:03,  4.94it/s, RMSE=26.579TECU, rel_dP=1.12e-02]  [EKF] iterating [analytical]:  10%|#         | 2/20 [00:00<00:03,  4.94it/s, RMSE=25.384TECU, rel_dP=1.85e-02]  [EKF] iterating [analytical]:  15%|#5        | 3/20 [00:00<00:03,  4.75it/s, RMSE=25.384TECU, rel_dP=1.85e-02]  [EKF] iterating [analytical]:  15%|#5        | 3/20 [00:00<00:03,  4.75it/s, RMSE=24.938TECU, rel_dP=2.69e-02]  [EKF] iterating [analytical]:  20%|##        | 4/20 [00:00<00:03,  4.64it/s, RMSE=24.938TECU, rel_dP=2.69e-02]  [EKF] iterating [analytical]:  20%|##        | 4/20 [00:01<00:03,  4.64it/s, RMSE=24.610TECU, rel_dP=3.65e-02]  [EKF] iterating [analytical]:  25%|##5       | 5/20 [00:01<00:03,  4.63it/s, RMSE=24.610TECU, rel_dP=3.65e-02]  [EKF] iterating [analytical]:  25%|##5       | 5/20 [00:01<00:03,  4.63it/s, RMSE=24.319TECU, rel_dP=4.31e-02]  [EKF] iterating [analytical]:  30%|###       | 6/20 [00:01<00:03,  4.52it/s, RMSE=24.319TECU, rel_dP=4.31e-02]  [EKF] iterating [analytical]:  30%|###       | 6/20 [00:01<00:03,  4.52it/s, RMSE=24.015TECU, rel_dP=5.97e-02]  [EKF] iterating [analytical]:  35%|###5      | 7/20 [00:01<00:02,  4.55it/s, RMSE=24.015TECU, rel_dP=5.97e-02]  [EKF] iterating [analytical]:  35%|###5      | 7/20 [00:01<00:02,  4.55it/s, RMSE=23.643TECU, rel_dP=5.82e-02]  [EKF] iterating [analytical]:  40%|####      | 8/20 [00:01<00:02,  4.53it/s, RMSE=23.643TECU, rel_dP=5.82e-02]  [EKF] iterating [analytical]:  40%|####      | 8/20 [00:01<00:02,  4.53it/s, RMSE=23.382TECU, rel_dP=1.10e-01]  [EKF] iterating [analytical]:  45%|####5     | 9/20 [00:01<00:02,  4.51it/s, RMSE=23.382TECU, rel_dP=1.10e-01]  [EKF] iterating [analytical]:  45%|####5     | 9/20 [00:02<00:02,  4.51it/s, RMSE=23.626TECU, rel_dP=6.13e-02]  [EKF] iterating [analytical]:  50%|#####     | 10/20 [00:02<00:02,  4.47it/s, RMSE=23.626TECU, rel_dP=6.13e-02]  [EKF] iterating [analytical]:  50%|#####     | 10/20 [00:02<00:02,  4.47it/s, RMSE=28.556TECU, rel_dP=1.15e-01]  [EKF] iterating [analytical]:  55%|#####5    | 11/20 [00:02<00:02,  4.49it/s, RMSE=28.556TECU, rel_dP=1.15e-01]  [EKF] iterating [analytical]:  55%|#####5    | 11/20 [00:02<00:02,  4.49it/s, RMSE=34.961TECU, rel_dP=8.47e-02]  [EKF] iterating [analytical]:  60%|######    | 12/20 [00:02<00:01,  4.51it/s, RMSE=34.961TECU, rel_dP=8.47e-02]  [EKF] iterating [analytical]:  60%|######    | 12/20 [00:02<00:01,  4.51it/s, RMSE=31.712TECU, rel_dP=1.12e-01]  [EKF] iterating [analytical]:  65%|######5   | 13/20 [00:02<00:01,  4.45it/s, RMSE=31.712TECU, rel_dP=1.12e-01]  [EKF] iterating [analytical]:  65%|######5   | 13/20 [00:03<00:01,  4.45it/s, RMSE=56.079TECU, rel_dP=6.12e-02]  [EKF] iterating [analytical]:  70%|#######   | 14/20 [00:03<00:01,  4.50it/s, RMSE=56.079TECU, rel_dP=6.12e-02]  [EKF] iterating [analytical]:  70%|#######   | 14/20 [00:03<00:01,  4.50it/s, RMSE=22.083TECU, rel_dP=1.48e-01]  [EKF] iterating [analytical]:  75%|#######5  | 15/20 [00:03<00:01,  4.49it/s, RMSE=22.083TECU, rel_dP=1.48e-01]  [EKF] iterating [analytical]:  75%|#######5  | 15/20 [00:03<00:01,  4.49it/s, RMSE=82.039TECU, rel_dP=6.65e-02]  [EKF] iterating [analytical]:  80%|########  | 16/20 [00:03<00:00,  4.46it/s, RMSE=82.039TECU, rel_dP=6.65e-02]  [EKF] iterating [analytical]:  80%|########  | 16/20 [00:03<00:00,  4.46it/s, RMSE=25.380TECU, rel_dP=1.04e-01]  [EKF] iterating [analytical]:  85%|########5 | 17/20 [00:03<00:00,  4.39it/s, RMSE=25.380TECU, rel_dP=1.04e-01]  [EKF] iterating [analytical]:  85%|########5 | 17/20 [00:03<00:00,  4.39it/s, RMSE=97.173TECU, rel_dP=4.58e-02]  [EKF] iterating [analytical]:  90%|######### | 18/20 [00:03<00:00,  4.41it/s, RMSE=97.173TECU, rel_dP=4.58e-02]  [EKF] iterating [analytical]:  90%|######### | 18/20 [00:04<00:00,  4.41it/s, RMSE=42.364TECU, rel_dP=1.15e-01]  [EKF] iterating [analytical]:  95%|#########5| 19/20 [00:04<00:00,  4.40it/s, RMSE=42.364TECU, rel_dP=1.15e-01]  [EKF] iterating [analytical]:  95%|#########5| 19/20 [00:04<00:00,  4.40it/s, RMSE=115.734TECU, rel_dP=5.48e-02]  [EKF] iterating [analytical]: 100%|##########| 20/20 [00:04<00:00,  4.45it/s, RMSE=115.734TECU, rel_dP=5.48e-02]                                                                                                                    [EKF] Reached max_iter=20 without convergence  (final ||ΔP||/||P|| = 5.48e-02)
  [EKF] Posterior innovations  mean=-71.06  std=27.03  max_abs=132.18 TECU
  [EKF] Prior RMSE 31.844 TECU  →  Post RMSE 76.026 TECU
  Saved EKF convergence plot → /home/austinhunter/IonosphereTomography/Figures/ISR_DA_Comparison/OUTPUT/2025-10-18_1227/bin_55/igs_only/2025-10-18_1227_igs_only_ekf_convergence.png
◀◀◀ _run_or_load END   | 2025-10-18_1227 | bin=55  | igs_only  | parametric_ekf : DONE       (492.2s) -> status=ok (no 'status' key)
  [diag] 2025-10-18_1227 | bin=55 : summary of 6 obs_mode/filter_type combos
           ro_only   | gridded_kf     -> Success
           ro_only   | parametric_ekf -> Success
           ro_igs    | gridded_kf     -> Success
           ro_igs    | parametric_ekf -> Success
           igs_only  | gridded_kf     -> ok (no 'status' key)
           igs_only  | parametric_ekf -> ok (no 'status' key)

▶▶▶ compute_isr_metrics START | group=2025-10-18_1227 bin=55
◀◀◀ compute_isr_metrics END   | group=2025-10-18_1227 bin=55 -> 186 metric row(s)

▶▶▶ _plot_group_all_modes START | group=2025-10-18_1227
  [diag] 2025-10-18_1227/ro_igs/gridded_kf: arc-innovation panels thinned to 24 RO + 20/66 representative IGS arcs (of 90 total)
  [diag] 2025-10-18_1227/ro_igs/parametric_ekf: arc-innovation panels thinned to 24 RO + 20/66 representative IGS arcs (of 90 total)
  [diag] 2025-10-18_1227/igs_only/gridded_kf: arc-innovation panels thinned to 0 RO + 20/66 representative IGS arcs (of 66 total)
  [diag] 2025-10-18_1227/igs_only/parametric_ekf: arc-innovation panels thinned to 0 RO + 20/66 representative IGS arcs (of 66 total)
/home/austinhunter/Downloads/PlanetiQ_Code/venv311/lib/python3.11/site-packages/shapely/creation.py:218: RuntimeWarning: invalid value encountered in linestrings
  return lib.linestrings(coords, np.intc(handle_nan), out=out, **kwargs)
/home/austinhunter/IonosphereTomography/plotIonosphereTomography.py:3634: UserWarning: This figure includes Axes that are not compatible with tight_layout, so results might be incorrect.
  plt.tight_layout(rect=[0, 0, 1, 0.98])
/home/austinhunter/IonosphereTomography/plotIonosphereTomography.py:3634: UserWarning: This figure includes Axes that are not compatible with tight_layout, so results might be incorrect.
  plt.tight_layout(rect=[0, 0, 1, 0.98])
/home/austinhunter/IonosphereTomography/plotIonosphereTomography.py:3634: UserWarning: This figure includes Axes that are not compatible with tight_layout, so results might be incorrect.
  plt.tight_layout(rect=[0, 0, 1, 0.98])
◀◀◀ _plot_group_all_modes END   | group=2025-10-18_1227
▶▶▶ _run_or_load START | 2025-10-18_1227 | bin=45  | ro_only   | gridded_kf    
    [diag] 2025-10-18_1227 | bin=45  | ro_only   | gridded_kf     : RUNNING    (force=True, cached=False) ...

────────────────────────────────────────────────────────────
  Group : 2025-10-18_1227
  Window: 2025-10-18_1227  |  Region: POLAR_N  |  24 occultation(s)
────────────────────────────────────────────────────────────
  Parsed 24/24 files successfully.
    [podTc2] GN05 12:06 — 483 valid rays → decimated to 161 (stride 3)
    [podTc2] GN05 11:47 — 464 valid rays → decimated to 155 (stride 3)
    [podTc2] GN05 11:47 — 464 valid rays → decimated to 155 (stride 3)
    [podTc2] GN05 11:49 — 469 valid rays → decimated to 157 (stride 3)
    [podTc2] GN05 11:51 — 362 valid rays → decimated to 181 (stride 2)
    [podTc2] GN04 12:44 — 437 valid rays → decimated to 146 (stride 3)
    [podTc2] GN04 12:44 — 451 valid rays → decimated to 151 (stride 3)
    [podTc2] GN04 12:43 — 616 valid rays → decimated to 154 (stride 4)
    [podTc2] GN04 12:48 — 571 valid rays → decimated to 191 (stride 3)
    [podTc2] GN04 12:54 — 480 valid rays → decimated to 160 (stride 3)
    [podTc2] GN04 12:50 — 506 valid rays → decimated to 169 (stride 3)
    [podTc2] GN04 12:46 — 377 valid rays → decimated to 189 (stride 2)
    [podTc2] GN04 12:54 — 363 valid rays → decimated to 182 (stride 2)
    [podTc2] GN04 12:54 — 391 valid rays → decimated to 196 (stride 2)
    [podTc2] GN04 12:34 — 488 valid rays → decimated to 163 (stride 3)
    [podTc2] GN04 12:34 — 488 valid rays → decimated to 163 (stride 3)
    [podTc2] YM08 12:38 — 381 valid rays → decimated to 191 (stride 2)
    [podTc2] GN04 12:40 — 651 valid rays → decimated to 163 (stride 4)
    [podTc2] YM08 12:39 — 347 valid rays → decimated to 174 (stride 2)
    [podTc2] GN04 12:41 — 803 valid rays → decimated to 161 (stride 5)
    [podTc2] GN04 12:39 — 356 valid rays → decimated to 178 (stride 2)
    [podTc2] GN04 12:40 — 435 valid rays → decimated to 145 (stride 3)
    [podTc2] GN04 12:46 — 515 valid rays → decimated to 172 (stride 3)
    [podTc2] GN04 12:45 — 478 valid rays → decimated to 160 (stride 3)
  Bbox lat [34.3, 88.8]  lon [-84.1, 85.5]  |  union vertices: 114
  Final group: 24 occultation(s), 114 union-mesh vertices
  Saved trim diagnostic → /home/austinhunter/IonosphereTomography/Figures/ISR_DA_Comparison/OUTPUT/2025-10-18_1227/bin_45/ro_only/group_2025-10-18_1227_trim.png
  -> Building H matrices (4017 rays across 24 arc(s), single parallel sweep) …
  -> Building H matrices:    401/4017 rays ( 10.0%)
  -> Building H matrices:    802/4017 rays ( 20.0%)
  -> Building H matrices:   1203/4017 rays ( 29.9%)
  -> Building H matrices:   1604/4017 rays ( 39.9%)
  -> Building H matrices:   2005/4017 rays ( 49.9%)
  -> Building H matrices:   2406/4017 rays ( 59.9%)
  -> Building H matrices:   2807/4017 rays ( 69.9%)
  -> Building H matrices:   3208/4017 rays ( 79.9%)
  -> Building H matrices:   3609/4017 rays ( 89.8%)
  -> Building H matrices:   4010/4017 rays ( 99.8%)
  -> Building H matrices:   4017/4017 rays (100.0%)
  Combined H shape : (4017, 6384)  (total rays = 4017)
  Skipping sequential KF assimilation (run_sequential=False).
  Running joint (batch) KF assimilation …
  Prior RMSE  : 27.510 TECU
  Post  RMSE  : 10.557 TECU
    [Abel] GN05 12:06: NmF2=9.48e+11 m⁻³  hmF2=285.2 km
    [Abel] GN05 11:47: NmF2=1.71e+11 m⁻³  hmF2=336.4 km
    [Abel] GN05 11:47: NmF2=1.71e+11 m⁻³  hmF2=336.4 km
    [Abel] GN05 11:49: NmF2=3.78e+11 m⁻³  hmF2=262.1 km
    [Abel] GN05 11:51: NmF2=2.81e+11 m⁻³  hmF2=294.7 km
    [Abel] GN04 12:44: NmF2=2.53e+11 m⁻³  hmF2=302.9 km
    [Abel] GN04 12:44: NmF2=2.60e+11 m⁻³  hmF2=337.3 km
    [Abel] GN04 12:43: NmF2=6.12e+11 m⁻³  hmF2=284.6 km
    [Abel] GN04 12:48: NmF2=6.55e+11 m⁻³  hmF2=249.5 km
    [Abel] GN04 12:54: NmF2=5.19e+11 m⁻³  hmF2=277.7 km
    [Abel] GN04 12:50: NmF2=1.86e+11 m⁻³  hmF2=213.2 km
    [Abel] GN04 12:46: NmF2=2.95e+11 m⁻³  hmF2=321.1 km
    [Abel] GN04 12:54: NmF2=7.30e+11 m⁻³  hmF2=283.2 km
    [Abel] GN04 12:54: NmF2=9.24e+11 m⁻³  hmF2=262.5 km
    [Abel] GN04 12:34: NmF2=2.96e+11 m⁻³  hmF2=151.9 km
    [Abel] GN04 12:34: NmF2=2.96e+11 m⁻³  hmF2=151.9 km
    [Abel] YM08 12:38: NmF2=7.01e+11 m⁻³  hmF2=299.9 km
    [Abel] GN04 12:40: NmF2=1.60e+11 m⁻³  hmF2=353.1 km
    [Abel] YM08 12:39: NmF2=3.71e+11 m⁻³  hmF2=276.6 km
    [Abel] GN04 12:41: NmF2=5.67e+11 m⁻³  hmF2=285.9 km
    [Abel] GN04 12:39: NmF2=2.30e+11 m⁻³  hmF2=299.5 km
    [Abel] GN04 12:40: NmF2=2.81e+11 m⁻³  hmF2=315.9 km
    [Abel] GN04 12:46: NmF2=4.56e+11 m⁻³  hmF2=336.1 km
    [Abel] GN04 12:45: NmF2=1.14e+12 m⁻³  hmF2=287.6 km
◀◀◀ _run_or_load END   | 2025-10-18_1227 | bin=45  | ro_only   | gridded_kf     : DONE       (149.3s) -> status=Success
▶▶▶ _run_or_load START | 2025-10-18_1227 | bin=45  | ro_igs    | gridded_kf    
    [diag] 2025-10-18_1227 | bin=45  | ro_igs    | gridded_kf     : RUNNING    (force=True, cached=False) ...

────────────────────────────────────────────────────────────
  Group : 2025-10-18_1227
  Window: 2025-10-18_1227  |  Region: POLAR_N  |  24 occultation(s)
────────────────────────────────────────────────────────────
  Parsed 24/24 files successfully.
    [podTc2] GN05 12:06 — 483 valid rays → decimated to 161 (stride 3)
    [podTc2] GN05 11:47 — 464 valid rays → decimated to 155 (stride 3)
    [podTc2] GN05 11:47 — 464 valid rays → decimated to 155 (stride 3)
    [podTc2] GN05 11:49 — 469 valid rays → decimated to 157 (stride 3)
    [podTc2] GN05 11:51 — 362 valid rays → decimated to 181 (stride 2)
    [podTc2] GN04 12:44 — 437 valid rays → decimated to 146 (stride 3)
    [podTc2] GN04 12:44 — 451 valid rays → decimated to 151 (stride 3)
    [podTc2] GN04 12:43 — 616 valid rays → decimated to 154 (stride 4)
    [podTc2] GN04 12:48 — 571 valid rays → decimated to 191 (stride 3)
    [podTc2] GN04 12:54 — 480 valid rays → decimated to 160 (stride 3)
    [podTc2] GN04 12:50 — 506 valid rays → decimated to 169 (stride 3)
    [podTc2] GN04 12:46 — 377 valid rays → decimated to 189 (stride 2)
    [podTc2] GN04 12:54 — 363 valid rays → decimated to 182 (stride 2)
    [podTc2] GN04 12:54 — 391 valid rays → decimated to 196 (stride 2)
    [podTc2] GN04 12:34 — 488 valid rays → decimated to 163 (stride 3)
    [podTc2] GN04 12:34 — 488 valid rays → decimated to 163 (stride 3)
    [podTc2] YM08 12:38 — 381 valid rays → decimated to 191 (stride 2)
    [podTc2] GN04 12:40 — 651 valid rays → decimated to 163 (stride 4)
    [podTc2] YM08 12:39 — 347 valid rays → decimated to 174 (stride 2)
    [podTc2] GN04 12:41 — 803 valid rays → decimated to 161 (stride 5)
    [podTc2] GN04 12:39 — 356 valid rays → decimated to 178 (stride 2)
    [podTc2] GN04 12:40 — 435 valid rays → decimated to 145 (stride 3)
    [podTc2] GN04 12:46 — 515 valid rays → decimated to 172 (stride 3)
    [podTc2] GN04 12:45 — 478 valid rays → decimated to 160 (stride 3)
  Bbox lat [34.3, 88.8]  lon [-84.1, 85.5]  |  union vertices: 114
  Final group: 24 occultation(s), 114 union-mesh vertices
  Saved trim diagnostic → /home/austinhunter/IonosphereTomography/Figures/ISR_DA_Comparison/OUTPUT/2025-10-18_1227/bin_45/ro_igs/group_2025-10-18_1227_trim.png
  [extra] Injected 66 ground-station arc(s) → total 90 arc(s) in assimilation pool
  -> Building H matrices (4083 rays across 90 arc(s), single parallel sweep) …
  -> Building H matrices:    408/4083 rays ( 10.0%)
  -> Building H matrices:    816/4083 rays ( 20.0%)
  -> Building H matrices:   1224/4083 rays ( 30.0%)
  -> Building H matrices:   1632/4083 rays ( 40.0%)
  -> Building H matrices:   2040/4083 rays ( 50.0%)
  -> Building H matrices:   2448/4083 rays ( 60.0%)
  -> Building H matrices:   2856/4083 rays ( 69.9%)
  -> Building H matrices:   3264/4083 rays ( 79.9%)
  -> Building H matrices:   3672/4083 rays ( 89.9%)
  -> Building H matrices:   4080/4083 rays ( 99.9%)
  -> Building H matrices:   4083/4083 rays (100.0%)
  Combined H shape : (4083, 6384)  (total rays = 4083)
  Skipping sequential KF assimilation (run_sequential=False).
  Running joint (batch) KF assimilation …
  Prior RMSE  : 27.481 TECU
  Post  RMSE  : 11.118 TECU
    [Abel] GN05 12:06: NmF2=9.48e+11 m⁻³  hmF2=285.2 km
    [Abel] GN05 11:47: NmF2=1.71e+11 m⁻³  hmF2=336.4 km
    [Abel] GN05 11:47: NmF2=1.71e+11 m⁻³  hmF2=336.4 km
    [Abel] GN05 11:49: NmF2=3.78e+11 m⁻³  hmF2=262.1 km
    [Abel] GN05 11:51: NmF2=2.81e+11 m⁻³  hmF2=294.7 km
    [Abel] GN04 12:44: NmF2=2.53e+11 m⁻³  hmF2=302.9 km
    [Abel] GN04 12:44: NmF2=2.60e+11 m⁻³  hmF2=337.3 km
    [Abel] GN04 12:43: NmF2=6.12e+11 m⁻³  hmF2=284.6 km
    [Abel] GN04 12:48: NmF2=6.55e+11 m⁻³  hmF2=249.5 km
    [Abel] GN04 12:54: NmF2=5.19e+11 m⁻³  hmF2=277.7 km
    [Abel] GN04 12:50: NmF2=1.86e+11 m⁻³  hmF2=213.2 km
    [Abel] GN04 12:46: NmF2=2.95e+11 m⁻³  hmF2=321.1 km
    [Abel] GN04 12:54: NmF2=7.30e+11 m⁻³  hmF2=283.2 km
    [Abel] GN04 12:54: NmF2=9.24e+11 m⁻³  hmF2=262.5 km
    [Abel] GN04 12:34: NmF2=2.96e+11 m⁻³  hmF2=151.9 km
    [Abel] GN04 12:34: NmF2=2.96e+11 m⁻³  hmF2=151.9 km
    [Abel] YM08 12:38: NmF2=7.01e+11 m⁻³  hmF2=299.9 km
    [Abel] GN04 12:40: NmF2=1.60e+11 m⁻³  hmF2=353.1 km
    [Abel] YM08 12:39: NmF2=3.71e+11 m⁻³  hmF2=276.6 km
    [Abel] GN04 12:41: NmF2=5.67e+11 m⁻³  hmF2=285.9 km
    [Abel] GN04 12:39: NmF2=2.30e+11 m⁻³  hmF2=299.5 km
    [Abel] GN04 12:40: NmF2=2.81e+11 m⁻³  hmF2=315.9 km
    [Abel] GN04 12:46: NmF2=4.56e+11 m⁻³  hmF2=336.1 km
    [Abel] GN04 12:45: NmF2=1.14e+12 m⁻³  hmF2=287.6 km
    [Abel] Skipped 66 ground-station arc(s) (RO-only technique)
/home/austinhunter/Downloads/PlanetiQ_Code/venv311/lib/python3.11/site-packages/shapely/creation.py:218: RuntimeWarning: invalid value encountered in linestrings
  return lib.linestrings(coords, np.intc(handle_nan), out=out, **kwargs)
◀◀◀ _run_or_load END   | 2025-10-18_1227 | bin=45  | ro_igs    | gridded_kf     : DONE       (148.5s) -> status=Success
▶▶▶ _run_or_load START | 2025-10-18_1227 | bin=45  | igs_only  | gridded_kf    
    [diag] 2025-10-18_1227 | bin=45  | igs_only  | gridded_kf     : RUNNING    (force=True, cached=False) ...
    [Info] Initialising information matrix (n_state=12870) …
    [Info] arcs ingested = 66/66  |  obs rows = 66  |  Λ cond ≈ 4.04e+23
    [Info] Solving …
    [Prior] innovation  mean=5.87  std=26.73  n_obs=66
    [Post ] innovation  mean=4.40  std=20.49
    RMSE:  prior=27.365 TECU  →  post=20.953 TECU
◀◀◀ _run_or_load END   | 2025-10-18_1227 | bin=45  | igs_only  | gridded_kf     : DONE       (75.9s) -> status=ok (no 'status' key)
▶▶▶ _run_or_load START | 2025-10-18_1227 | bin=45  | ro_only   | parametric_ekf
    [diag] 2025-10-18_1227 | bin=45  | ro_only   | parametric_ekf : RUNNING    (force=True, cached=False) ...
  [EKF] Building IRI state at 114 grid points (batch call) …
  [EnKF] Estimating background covariance from 50 EDP samples x 114 grid points ...
  [EnKF] Parameter sigma: log10(NmF2)=0.15  hmF2=20  H0=15  gamma=0.15  B0=20  B1=0.3  log10(NmE)=0.2  hmE=8
  [EnKF] Spatial corr (Ne-space KF method): mean=0.958  max=1.000  min=0.751
  [EKF] Running EKF_Param on 24 arc(s) …
  [EKF] 24 arcs  |  4017 profile rays  |  2025 update rays  |  n_state = 912
  [EKF] Prior innovations  mean=-19.72  std=40.24  max_abs=260.32 TECU
  [EKF] iterating [analytical]:   0%|          | 0/20 [00:00<?, ?it/s]  [EKF] iterating [analytical]:   0%|          | 0/20 [00:05<?, ?it/s, RMSE=44.813TECU, rel_dP=1.82e-28]                                                                                                          [EKF] Converged at iteration 1  (||ΔP||/||P|| = 1.82e-28 < tol=5.0e-04)
  [EKF] iterating [analytical]:   0%|          | 0/20 [00:05<?, ?it/s, RMSE=44.813TECU, rel_dP=1.82e-28]                                                                                                          [EKF] Posterior innovations  mean=-19.31  std=38.72  max_abs=232.89 TECU
  [EKF] Prior RMSE 44.103 TECU  →  Post RMSE 42.698 TECU
  Saved EKF convergence plot → /home/austinhunter/IonosphereTomography/Figures/ISR_DA_Comparison/OUTPUT/2025-10-18_1227/bin_45/ro_only/2025-10-18_1227_ro_only_ekf_convergence.png
◀◀◀ _run_or_load END   | 2025-10-18_1227 | bin=45  | ro_only   | parametric_ekf : DONE       (44.7s) -> status=Success
▶▶▶ _run_or_load START | 2025-10-18_1227 | bin=45  | ro_igs    | parametric_ekf
    [diag] 2025-10-18_1227 | bin=45  | ro_igs    | parametric_ekf : RUNNING    (force=True, cached=False) ...
  [EKF] Building IRI state at 114 grid points (batch call) …
  [EnKF] Estimating background covariance from 50 EDP samples x 114 grid points ...
  [EnKF] Parameter sigma: log10(NmF2)=0.15  hmF2=20  H0=15  gamma=0.15  B0=20  B1=0.3  log10(NmE)=0.2  hmE=8
  [EnKF] Spatial corr (Ne-space KF method): mean=0.958  max=1.000  min=0.751
  [EKF] Running EKF_Param on 90 arc(s) …
  [EKF] 90 arcs  |  4083 profile rays  |  2091 update rays  |  n_state = 912
  [EKF] Prior innovations  mean=-4.57  std=23.24  max_abs=114.05 TECU
  [EKF] iterating [analytical]:   0%|          | 0/20 [00:00<?, ?it/s]  [EKF] iterating [analytical]:   0%|          | 0/20 [00:06<?, ?it/s, RMSE=23.685TECU, rel_dP=1.07e-28]                                                                                                          [EKF] Converged at iteration 1  (||ΔP||/||P|| = 1.07e-28 < tol=5.0e-04)
  [EKF] iterating [analytical]:   0%|          | 0/20 [00:06<?, ?it/s, RMSE=23.685TECU, rel_dP=1.07e-28]                                                                                                          [EKF] Posterior innovations  mean=-4.46  std=23.05  max_abs=114.05 TECU
  [EKF] Prior RMSE 23.616 TECU  →  Post RMSE 23.420 TECU
  Saved EKF convergence plot → /home/austinhunter/IonosphereTomography/Figures/ISR_DA_Comparison/OUTPUT/2025-10-18_1227/bin_45/ro_igs/2025-10-18_1227_ro_igs_ekf_convergence.png
◀◀◀ _run_or_load END   | 2025-10-18_1227 | bin=45  | ro_igs    | parametric_ekf : DONE       (43.2s) -> status=Success
▶▶▶ _run_or_load START | 2025-10-18_1227 | bin=45  | igs_only  | parametric_ekf
    [diag] 2025-10-18_1227 | bin=45  | igs_only  | parametric_ekf : RUNNING    (force=True, cached=False) ...
  [EKF] Building IRI state at 234 grid points (batch call) …
  [EnKF] Estimating background covariance from 500 EDP samples x 234 grid points ...
  [EnKF] Parameter sigma: log10(NmF2)=0.15  hmF2=20  H0=15  gamma=0.15  B0=20  B1=0.3  log10(NmE)=0.2  hmE=8
  [EnKF] Spatial corr (Ne-space KF method): mean=0.940  max=1.000  min=0.692
  [EKF] Running EKF_Param on 66 arc(s) …
  [EKF] 66 arcs  |  66 profile rays  |  66 update rays  |  n_state = 1872
  [EKF] Prior innovations  mean=-1.80  std=25.86  max_abs=51.10 TECU
  [EKF] iterating [analytical]:   0%|          | 0/20 [00:00<?, ?it/s]  [EKF] iterating [analytical]:   0%|          | 0/20 [00:00<?, ?it/s, RMSE=25.922TECU, rel_dP=2.06e-02]  [EKF] iterating [analytical]:   5%|5         | 1/20 [00:00<00:03,  5.16it/s, RMSE=25.922TECU, rel_dP=2.06e-02]  [EKF] iterating [analytical]:   5%|5         | 1/20 [00:00<00:03,  5.16it/s, RMSE=25.291TECU, rel_dP=2.12e-02]  [EKF] iterating [analytical]:  10%|#         | 2/20 [00:00<00:04,  4.21it/s, RMSE=25.291TECU, rel_dP=2.12e-02]  [EKF] iterating [analytical]:  10%|#         | 2/20 [00:00<00:04,  4.21it/s, RMSE=24.884TECU, rel_dP=2.39e-02]  [EKF] iterating [analytical]:  15%|#5        | 3/20 [00:00<00:04,  4.13it/s, RMSE=24.884TECU, rel_dP=2.39e-02]  [EKF] iterating [analytical]:  15%|#5        | 3/20 [00:00<00:04,  4.13it/s, RMSE=24.556TECU, rel_dP=2.81e-02]  [EKF] iterating [analytical]:  20%|##        | 4/20 [00:00<00:03,  4.13it/s, RMSE=24.556TECU, rel_dP=2.81e-02]  [EKF] iterating [analytical]:  20%|##        | 4/20 [00:01<00:03,  4.13it/s, RMSE=24.254TECU, rel_dP=3.29e-02]  [EKF] iterating [analytical]:  25%|##5       | 5/20 [00:01<00:03,  4.21it/s, RMSE=24.254TECU, rel_dP=3.29e-02]  [EKF] iterating [analytical]:  25%|##5       | 5/20 [00:01<00:03,  4.21it/s, RMSE=23.941TECU, rel_dP=3.94e-02]  [EKF] iterating [analytical]:  30%|###       | 6/20 [00:01<00:03,  4.27it/s, RMSE=23.941TECU, rel_dP=3.94e-02]  [EKF] iterating [analytical]:  30%|###       | 6/20 [00:01<00:03,  4.27it/s, RMSE=23.584TECU, rel_dP=4.85e-02]  [EKF] iterating [analytical]:  35%|###5      | 7/20 [00:01<00:03,  4.33it/s, RMSE=23.584TECU, rel_dP=4.85e-02]  [EKF] iterating [analytical]:  35%|###5      | 7/20 [00:01<00:03,  4.33it/s, RMSE=23.133TECU, rel_dP=6.32e-02]  [EKF] iterating [analytical]:  40%|####      | 8/20 [00:01<00:02,  4.35it/s, RMSE=23.133TECU, rel_dP=6.32e-02]  [EKF] iterating [analytical]:  40%|####      | 8/20 [00:02<00:02,  4.35it/s, RMSE=22.470TECU, rel_dP=8.58e-02]  [EKF] iterating [analytical]:  45%|####5     | 9/20 [00:02<00:02,  4.38it/s, RMSE=22.470TECU, rel_dP=8.58e-02]  [EKF] iterating [analytical]:  45%|####5     | 9/20 [00:02<00:02,  4.38it/s, RMSE=21.972TECU, rel_dP=1.03e-01]  [EKF] iterating [analytical]:  50%|#####     | 10/20 [00:02<00:02,  4.36it/s, RMSE=21.972TECU, rel_dP=1.03e-01]  [EKF] iterating [analytical]:  50%|#####     | 10/20 [00:02<00:02,  4.36it/s, RMSE=45.305TECU, rel_dP=4.43e-02]  [EKF] iterating [analytical]:  55%|#####5    | 11/20 [00:02<00:02,  4.37it/s, RMSE=45.305TECU, rel_dP=4.43e-02]  [EKF] iterating [analytical]:  55%|#####5    | 11/20 [00:02<00:02,  4.37it/s, RMSE=23.121TECU, rel_dP=6.03e-02]  [EKF] iterating [analytical]:  60%|######    | 12/20 [00:02<00:01,  4.40it/s, RMSE=23.121TECU, rel_dP=6.03e-02]  [EKF] iterating [analytical]:  60%|######    | 12/20 [00:02<00:01,  4.40it/s, RMSE=66.248TECU, rel_dP=4.77e-02]  [EKF] iterating [analytical]:  65%|######5   | 13/20 [00:02<00:01,  4.39it/s, RMSE=66.248TECU, rel_dP=4.77e-02]  [EKF] iterating [analytical]:  65%|######5   | 13/20 [00:03<00:01,  4.39it/s, RMSE=35.158TECU, rel_dP=7.64e-02]  [EKF] iterating [analytical]:  70%|#######   | 14/20 [00:03<00:01,  4.32it/s, RMSE=35.158TECU, rel_dP=7.64e-02]  [EKF] iterating [analytical]:  70%|#######   | 14/20 [00:03<00:01,  4.32it/s, RMSE=107.499TECU, rel_dP=5.89e-02]  [EKF] iterating [analytical]:  75%|#######5  | 15/20 [00:03<00:01,  4.30it/s, RMSE=107.499TECU, rel_dP=5.89e-02]  [EKF] iterating [analytical]:  75%|#######5  | 15/20 [00:03<00:01,  4.30it/s, RMSE=63.163TECU, rel_dP=7.47e-02]   [EKF] iterating [analytical]:  80%|########  | 16/20 [00:03<00:00,  4.30it/s, RMSE=63.163TECU, rel_dP=7.47e-02]  [EKF] iterating [analytical]:  80%|########  | 16/20 [00:03<00:00,  4.30it/s, RMSE=109.391TECU, rel_dP=6.88e-02]  [EKF] iterating [analytical]:  85%|########5 | 17/20 [00:03<00:00,  4.37it/s, RMSE=109.391TECU, rel_dP=6.88e-02]  [EKF] iterating [analytical]:  85%|########5 | 17/20 [00:04<00:00,  4.37it/s, RMSE=91.318TECU, rel_dP=6.71e-02]   [EKF] iterating [analytical]:  90%|######### | 18/20 [00:04<00:00,  4.40it/s, RMSE=91.318TECU, rel_dP=6.71e-02]  [EKF] iterating [analytical]:  90%|######### | 18/20 [00:04<00:00,  4.40it/s, RMSE=104.935TECU, rel_dP=7.63e-02]  [EKF] iterating [analytical]:  95%|#########5| 19/20 [00:04<00:00,  4.39it/s, RMSE=104.935TECU, rel_dP=7.63e-02]  [EKF] iterating [analytical]:  95%|#########5| 19/20 [00:04<00:00,  4.39it/s, RMSE=118.350TECU, rel_dP=6.04e-02]  [EKF] iterating [analytical]: 100%|##########| 20/20 [00:04<00:00,  4.28it/s, RMSE=118.350TECU, rel_dP=6.04e-02]                                                                                                                    [EKF] Reached max_iter=20 without convergence  (final ||ΔP||/||P|| = 6.04e-02)
  [EKF] Posterior innovations  mean=-103.20  std=32.74  max_abs=183.40 TECU
  [EKF] Prior RMSE 25.922 TECU  →  Post RMSE 108.271 TECU
  Saved EKF convergence plot → /home/austinhunter/IonosphereTomography/Figures/ISR_DA_Comparison/OUTPUT/2025-10-18_1227/bin_45/igs_only/2025-10-18_1227_igs_only_ekf_convergence.png
◀◀◀ _run_or_load END   | 2025-10-18_1227 | bin=45  | igs_only  | parametric_ekf : DONE       (487.2s) -> status=ok (no 'status' key)
  [diag] 2025-10-18_1227 | bin=45 : summary of 6 obs_mode/filter_type combos
           ro_only   | gridded_kf     -> Success
           ro_only   | parametric_ekf -> Success
           ro_igs    | gridded_kf     -> Success
           ro_igs    | parametric_ekf -> Success
           igs_only  | gridded_kf     -> ok (no 'status' key)
           igs_only  | parametric_ekf -> ok (no 'status' key)

▶▶▶ compute_isr_metrics START | group=2025-10-18_1227 bin=45
◀◀◀ compute_isr_metrics END   | group=2025-10-18_1227 bin=45 -> 186 metric row(s)

▶▶▶ _plot_group_all_modes START | group=2025-10-18_1227
  [diag] 2025-10-18_1227/ro_igs/gridded_kf: arc-innovation panels thinned to 24 RO + 20/66 representative IGS arcs (of 90 total)
  [diag] 2025-10-18_1227/ro_igs/parametric_ekf: arc-innovation panels thinned to 24 RO + 20/66 representative IGS arcs (of 90 total)
  [diag] 2025-10-18_1227/igs_only/gridded_kf: arc-innovation panels thinned to 0 RO + 20/66 representative IGS arcs (of 66 total)
  [diag] 2025-10-18_1227/igs_only/parametric_ekf: arc-innovation panels thinned to 0 RO + 20/66 representative IGS arcs (of 66 total)
/home/austinhunter/Downloads/PlanetiQ_Code/venv311/lib/python3.11/site-packages/shapely/creation.py:218: RuntimeWarning: invalid value encountered in linestrings
  return lib.linestrings(coords, np.intc(handle_nan), out=out, **kwargs)
/home/austinhunter/IonosphereTomography/plotIonosphereTomography.py:3634: UserWarning: This figure includes Axes that are not compatible with tight_layout, so results might be incorrect.
  plt.tight_layout(rect=[0, 0, 1, 0.98])
/home/austinhunter/IonosphereTomography/plotIonosphereTomography.py:3634: UserWarning: This figure includes Axes that are not compatible with tight_layout, so results might be incorrect.
  plt.tight_layout(rect=[0, 0, 1, 0.98])
/home/austinhunter/IonosphereTomography/plotIonosphereTomography.py:3634: UserWarning: This figure includes Axes that are not compatible with tight_layout, so results might be incorrect.
  plt.tight_layout(rect=[0, 0, 1, 0.98])
◀◀◀ _plot_group_all_modes END   | group=2025-10-18_1227
▶▶▶ _run_or_load START | 2025-10-18_1227 | bin=35  | ro_only   | gridded_kf    
    [diag] 2025-10-18_1227 | bin=35  | ro_only   | gridded_kf     : RUNNING    (force=True, cached=False) ...

────────────────────────────────────────────────────────────
  Group : 2025-10-18_1227
  Window: 2025-10-18_1227  |  Region: POLAR_N  |  24 occultation(s)
────────────────────────────────────────────────────────────
  Parsed 24/24 files successfully.
    [podTc2] GN05 12:06 — 483 valid rays → decimated to 161 (stride 3)
    [podTc2] GN05 11:47 — 464 valid rays → decimated to 155 (stride 3)
    [podTc2] GN05 11:47 — 464 valid rays → decimated to 155 (stride 3)
    [podTc2] GN05 11:49 — 469 valid rays → decimated to 157 (stride 3)
    [podTc2] GN05 11:51 — 362 valid rays → decimated to 181 (stride 2)
    [podTc2] GN04 12:44 — 437 valid rays → decimated to 146 (stride 3)
    [podTc2] GN04 12:44 — 451 valid rays → decimated to 151 (stride 3)
    [podTc2] GN04 12:43 — 616 valid rays → decimated to 154 (stride 4)
    [podTc2] GN04 12:48 — 571 valid rays → decimated to 191 (stride 3)
    [podTc2] GN04 12:54 — 480 valid rays → decimated to 160 (stride 3)
    [podTc2] GN04 12:50 — 506 valid rays → decimated to 169 (stride 3)
    [podTc2] GN04 12:46 — 377 valid rays → decimated to 189 (stride 2)
    [podTc2] GN04 12:54 — 363 valid rays → decimated to 182 (stride 2)
    [podTc2] GN04 12:54 — 391 valid rays → decimated to 196 (stride 2)
    [podTc2] GN04 12:34 — 488 valid rays → decimated to 163 (stride 3)
    [podTc2] GN04 12:34 — 488 valid rays → decimated to 163 (stride 3)
    [podTc2] YM08 12:38 — 381 valid rays → decimated to 191 (stride 2)
    [podTc2] GN04 12:40 — 651 valid rays → decimated to 163 (stride 4)
    [podTc2] YM08 12:39 — 347 valid rays → decimated to 174 (stride 2)
    [podTc2] GN04 12:41 — 803 valid rays → decimated to 161 (stride 5)
    [podTc2] GN04 12:39 — 356 valid rays → decimated to 178 (stride 2)
    [podTc2] GN04 12:40 — 435 valid rays → decimated to 145 (stride 3)
    [podTc2] GN04 12:46 — 515 valid rays → decimated to 172 (stride 3)
    [podTc2] GN04 12:45 — 478 valid rays → decimated to 160 (stride 3)
  Bbox lat [34.3, 88.8]  lon [-84.1, 85.5]  |  union vertices: 114
  Final group: 24 occultation(s), 114 union-mesh vertices
  Saved trim diagnostic → /home/austinhunter/IonosphereTomography/Figures/ISR_DA_Comparison/OUTPUT/2025-10-18_1227/bin_35/ro_only/group_2025-10-18_1227_trim.png
  -> Building H matrices (4017 rays across 24 arc(s), single parallel sweep) …
  -> Building H matrices:    401/4017 rays ( 10.0%)
  -> Building H matrices:    802/4017 rays ( 20.0%)
  -> Building H matrices:   1203/4017 rays ( 29.9%)
  -> Building H matrices:   1604/4017 rays ( 39.9%)
  -> Building H matrices:   2005/4017 rays ( 49.9%)
  -> Building H matrices:   2406/4017 rays ( 59.9%)
  -> Building H matrices:   2807/4017 rays ( 69.9%)
  -> Building H matrices:   3208/4017 rays ( 79.9%)
  -> Building H matrices:   3609/4017 rays ( 89.8%)
  -> Building H matrices:   4010/4017 rays ( 99.8%)
  -> Building H matrices:   4017/4017 rays (100.0%)
  Combined H shape : (4017, 6384)  (total rays = 4017)
  Skipping sequential KF assimilation (run_sequential=False).
  Running joint (batch) KF assimilation …
  Prior RMSE  : 27.510 TECU
  Post  RMSE  : 10.557 TECU
    [Abel] GN05 12:06: NmF2=9.48e+11 m⁻³  hmF2=285.2 km
    [Abel] GN05 11:47: NmF2=1.71e+11 m⁻³  hmF2=336.4 km
    [Abel] GN05 11:47: NmF2=1.71e+11 m⁻³  hmF2=336.4 km
    [Abel] GN05 11:49: NmF2=3.78e+11 m⁻³  hmF2=262.1 km
    [Abel] GN05 11:51: NmF2=2.81e+11 m⁻³  hmF2=294.7 km
    [Abel] GN04 12:44: NmF2=2.53e+11 m⁻³  hmF2=302.9 km
    [Abel] GN04 12:44: NmF2=2.60e+11 m⁻³  hmF2=337.3 km
    [Abel] GN04 12:43: NmF2=6.12e+11 m⁻³  hmF2=284.6 km
    [Abel] GN04 12:48: NmF2=6.55e+11 m⁻³  hmF2=249.5 km
    [Abel] GN04 12:54: NmF2=5.19e+11 m⁻³  hmF2=277.7 km
    [Abel] GN04 12:50: NmF2=1.86e+11 m⁻³  hmF2=213.2 km
    [Abel] GN04 12:46: NmF2=2.95e+11 m⁻³  hmF2=321.1 km
    [Abel] GN04 12:54: NmF2=7.30e+11 m⁻³  hmF2=283.2 km
    [Abel] GN04 12:54: NmF2=9.24e+11 m⁻³  hmF2=262.5 km
    [Abel] GN04 12:34: NmF2=2.96e+11 m⁻³  hmF2=151.9 km
    [Abel] GN04 12:34: NmF2=2.96e+11 m⁻³  hmF2=151.9 km
    [Abel] YM08 12:38: NmF2=7.01e+11 m⁻³  hmF2=299.9 km
    [Abel] GN04 12:40: NmF2=1.60e+11 m⁻³  hmF2=353.1 km
    [Abel] YM08 12:39: NmF2=3.71e+11 m⁻³  hmF2=276.6 km
    [Abel] GN04 12:41: NmF2=5.67e+11 m⁻³  hmF2=285.9 km
    [Abel] GN04 12:39: NmF2=2.30e+11 m⁻³  hmF2=299.5 km
    [Abel] GN04 12:40: NmF2=2.81e+11 m⁻³  hmF2=315.9 km
    [Abel] GN04 12:46: NmF2=4.56e+11 m⁻³  hmF2=336.1 km
    [Abel] GN04 12:45: NmF2=1.14e+12 m⁻³  hmF2=287.6 km
◀◀◀ _run_or_load END   | 2025-10-18_1227 | bin=35  | ro_only   | gridded_kf     : DONE       (149.4s) -> status=Success
▶▶▶ _run_or_load START | 2025-10-18_1227 | bin=35  | ro_igs    | gridded_kf    
    [diag] 2025-10-18_1227 | bin=35  | ro_igs    | gridded_kf     : RUNNING    (force=True, cached=False) ...

────────────────────────────────────────────────────────────
  Group : 2025-10-18_1227
  Window: 2025-10-18_1227  |  Region: POLAR_N  |  24 occultation(s)
────────────────────────────────────────────────────────────
  Parsed 24/24 files successfully.
    [podTc2] GN05 12:06 — 483 valid rays → decimated to 161 (stride 3)
    [podTc2] GN05 11:47 — 464 valid rays → decimated to 155 (stride 3)
    [podTc2] GN05 11:47 — 464 valid rays → decimated to 155 (stride 3)
    [podTc2] GN05 11:49 — 469 valid rays → decimated to 157 (stride 3)
    [podTc2] GN05 11:51 — 362 valid rays → decimated to 181 (stride 2)
    [podTc2] GN04 12:44 — 437 valid rays → decimated to 146 (stride 3)
    [podTc2] GN04 12:44 — 451 valid rays → decimated to 151 (stride 3)
    [podTc2] GN04 12:43 — 616 valid rays → decimated to 154 (stride 4)
    [podTc2] GN04 12:48 — 571 valid rays → decimated to 191 (stride 3)
    [podTc2] GN04 12:54 — 480 valid rays → decimated to 160 (stride 3)
    [podTc2] GN04 12:50 — 506 valid rays → decimated to 169 (stride 3)
    [podTc2] GN04 12:46 — 377 valid rays → decimated to 189 (stride 2)
    [podTc2] GN04 12:54 — 363 valid rays → decimated to 182 (stride 2)
    [podTc2] GN04 12:54 — 391 valid rays → decimated to 196 (stride 2)
    [podTc2] GN04 12:34 — 488 valid rays → decimated to 163 (stride 3)
    [podTc2] GN04 12:34 — 488 valid rays → decimated to 163 (stride 3)
    [podTc2] YM08 12:38 — 381 valid rays → decimated to 191 (stride 2)
    [podTc2] GN04 12:40 — 651 valid rays → decimated to 163 (stride 4)
    [podTc2] YM08 12:39 — 347 valid rays → decimated to 174 (stride 2)
    [podTc2] GN04 12:41 — 803 valid rays → decimated to 161 (stride 5)
    [podTc2] GN04 12:39 — 356 valid rays → decimated to 178 (stride 2)
    [podTc2] GN04 12:40 — 435 valid rays → decimated to 145 (stride 3)
    [podTc2] GN04 12:46 — 515 valid rays → decimated to 172 (stride 3)
    [podTc2] GN04 12:45 — 478 valid rays → decimated to 160 (stride 3)
  Bbox lat [34.3, 88.8]  lon [-84.1, 85.5]  |  union vertices: 114
  Final group: 24 occultation(s), 114 union-mesh vertices
  Saved trim diagnostic → /home/austinhunter/IonosphereTomography/Figures/ISR_DA_Comparison/OUTPUT/2025-10-18_1227/bin_35/ro_igs/group_2025-10-18_1227_trim.png
  [extra] Injected 66 ground-station arc(s) → total 90 arc(s) in assimilation pool
  -> Building H matrices (4083 rays across 90 arc(s), single parallel sweep) …
  -> Building H matrices:    408/4083 rays ( 10.0%)
  -> Building H matrices:    816/4083 rays ( 20.0%)
  -> Building H matrices:   1224/4083 rays ( 30.0%)
  -> Building H matrices:   1632/4083 rays ( 40.0%)
  -> Building H matrices:   2040/4083 rays ( 50.0%)
  -> Building H matrices:   2448/4083 rays ( 60.0%)
  -> Building H matrices:   2856/4083 rays ( 69.9%)
  -> Building H matrices:   3264/4083 rays ( 79.9%)
  -> Building H matrices:   3672/4083 rays ( 89.9%)
  -> Building H matrices:   4080/4083 rays ( 99.9%)
  -> Building H matrices:   4083/4083 rays (100.0%)
  Combined H shape : (4083, 6384)  (total rays = 4083)
  Skipping sequential KF assimilation (run_sequential=False).
  Running joint (batch) KF assimilation …
  Prior RMSE  : 27.481 TECU
  Post  RMSE  : 11.118 TECU
    [Abel] GN05 12:06: NmF2=9.48e+11 m⁻³  hmF2=285.2 km
    [Abel] GN05 11:47: NmF2=1.71e+11 m⁻³  hmF2=336.4 km
    [Abel] GN05 11:47: NmF2=1.71e+11 m⁻³  hmF2=336.4 km
    [Abel] GN05 11:49: NmF2=3.78e+11 m⁻³  hmF2=262.1 km
    [Abel] GN05 11:51: NmF2=2.81e+11 m⁻³  hmF2=294.7 km
    [Abel] GN04 12:44: NmF2=2.53e+11 m⁻³  hmF2=302.9 km
    [Abel] GN04 12:44: NmF2=2.60e+11 m⁻³  hmF2=337.3 km
    [Abel] GN04 12:43: NmF2=6.12e+11 m⁻³  hmF2=284.6 km
    [Abel] GN04 12:48: NmF2=6.55e+11 m⁻³  hmF2=249.5 km
    [Abel] GN04 12:54: NmF2=5.19e+11 m⁻³  hmF2=277.7 km
    [Abel] GN04 12:50: NmF2=1.86e+11 m⁻³  hmF2=213.2 km
    [Abel] GN04 12:46: NmF2=2.95e+11 m⁻³  hmF2=321.1 km
    [Abel] GN04 12:54: NmF2=7.30e+11 m⁻³  hmF2=283.2 km
    [Abel] GN04 12:54: NmF2=9.24e+11 m⁻³  hmF2=262.5 km
    [Abel] GN04 12:34: NmF2=2.96e+11 m⁻³  hmF2=151.9 km
    [Abel] GN04 12:34: NmF2=2.96e+11 m⁻³  hmF2=151.9 km
    [Abel] YM08 12:38: NmF2=7.01e+11 m⁻³  hmF2=299.9 km
    [Abel] GN04 12:40: NmF2=1.60e+11 m⁻³  hmF2=353.1 km
    [Abel] YM08 12:39: NmF2=3.71e+11 m⁻³  hmF2=276.6 km
    [Abel] GN04 12:41: NmF2=5.67e+11 m⁻³  hmF2=285.9 km
    [Abel] GN04 12:39: NmF2=2.30e+11 m⁻³  hmF2=299.5 km
    [Abel] GN04 12:40: NmF2=2.81e+11 m⁻³  hmF2=315.9 km
    [Abel] GN04 12:46: NmF2=4.56e+11 m⁻³  hmF2=336.1 km
    [Abel] GN04 12:45: NmF2=1.14e+12 m⁻³  hmF2=287.6 km
    [Abel] Skipped 66 ground-station arc(s) (RO-only technique)
/home/austinhunter/Downloads/PlanetiQ_Code/venv311/lib/python3.11/site-packages/shapely/creation.py:218: RuntimeWarning: invalid value encountered in linestrings
  return lib.linestrings(coords, np.intc(handle_nan), out=out, **kwargs)
◀◀◀ _run_or_load END   | 2025-10-18_1227 | bin=35  | ro_igs    | gridded_kf     : DONE       (151.1s) -> status=Success
▶▶▶ _run_or_load START | 2025-10-18_1227 | bin=35  | igs_only  | gridded_kf    
    [diag] 2025-10-18_1227 | bin=35  | igs_only  | gridded_kf     : RUNNING    (force=True, cached=False) ...
    [Info] Initialising information matrix (n_state=12870) …
    [Info] arcs ingested = 66/66  |  obs rows = 66  |  Λ cond ≈ 4.04e+23
    [Info] Solving …
    [Prior] innovation  mean=5.87  std=26.73  n_obs=66
    [Post ] innovation  mean=4.40  std=20.49
    RMSE:  prior=27.365 TECU  →  post=20.953 TECU
◀◀◀ _run_or_load END   | 2025-10-18_1227 | bin=35  | igs_only  | gridded_kf     : DONE       (77.8s) -> status=ok (no 'status' key)
▶▶▶ _run_or_load START | 2025-10-18_1227 | bin=35  | ro_only   | parametric_ekf
    [diag] 2025-10-18_1227 | bin=35  | ro_only   | parametric_ekf : RUNNING    (force=True, cached=False) ...
  [EKF] Building IRI state at 114 grid points (batch call) …
  [EnKF] Estimating background covariance from 50 EDP samples x 114 grid points ...
  [EnKF] Parameter sigma: log10(NmF2)=0.15  hmF2=20  H0=15  gamma=0.15  B0=20  B1=0.3  log10(NmE)=0.2  hmE=8
  [EnKF] Spatial corr (Ne-space KF method): mean=0.958  max=1.000  min=0.751
  [EKF] Running EKF_Param on 24 arc(s) …
  [EKF] 24 arcs  |  4017 profile rays  |  2025 update rays  |  n_state = 912
  [EKF] Prior innovations  mean=-22.37  std=40.82  max_abs=336.70 TECU
  [EKF] iterating [analytical]:   0%|          | 0/20 [00:00<?, ?it/s]  [EKF] iterating [analytical]:   0%|          | 0/20 [00:05<?, ?it/s, RMSE=46.551TECU, rel_dP=4.99e-28]                                                                                                          [EKF] Converged at iteration 1  (||ΔP||/||P|| = 4.99e-28 < tol=5.0e-04)
  [EKF] iterating [analytical]:   0%|          | 0/20 [00:05<?, ?it/s, RMSE=46.551TECU, rel_dP=4.99e-28]                                                                                                          [EKF] Posterior innovations  mean=-20.61  std=33.81  max_abs=192.36 TECU
  [EKF] Prior RMSE 45.400 TECU  →  Post RMSE 39.187 TECU
  Saved EKF convergence plot → /home/austinhunter/IonosphereTomography/Figures/ISR_DA_Comparison/OUTPUT/2025-10-18_1227/bin_35/ro_only/2025-10-18_1227_ro_only_ekf_convergence.png
◀◀◀ _run_or_load END   | 2025-10-18_1227 | bin=35  | ro_only   | parametric_ekf : DONE       (42.1s) -> status=Success
▶▶▶ _run_or_load START | 2025-10-18_1227 | bin=35  | ro_igs    | parametric_ekf
    [diag] 2025-10-18_1227 | bin=35  | ro_igs    | parametric_ekf : RUNNING    (force=True, cached=False) ...
  [EKF] Building IRI state at 114 grid points (batch call) …
  [EnKF] Estimating background covariance from 50 EDP samples x 114 grid points ...
  [EnKF] Parameter sigma: log10(NmF2)=0.15  hmF2=20  H0=15  gamma=0.15  B0=20  B1=0.3  log10(NmE)=0.2  hmE=8
  [EnKF] Spatial corr (Ne-space KF method): mean=0.958  max=1.000  min=0.751
  [EKF] Running EKF_Param on 90 arc(s) …
  [EKF] 90 arcs  |  4083 profile rays  |  2091 update rays  |  n_state = 912
  [EKF] Prior innovations  mean=-44.60  std=29.83  max_abs=160.77 TECU
  [EKF] iterating [analytical]:   0%|          | 0/20 [00:00<?, ?it/s]  [EKF] iterating [analytical]:   0%|          | 0/20 [00:05<?, ?it/s, RMSE=53.661TECU, rel_dP=2.47e-28]                                                                                                          [EKF] Converged at iteration 1  (||ΔP||/||P|| = 2.47e-28 < tol=5.0e-04)
  [EKF] iterating [analytical]:   0%|          | 0/20 [00:05<?, ?it/s, RMSE=53.661TECU, rel_dP=2.47e-28]                                                                                                          [EKF] Posterior innovations  mean=-44.15  std=28.73  max_abs=149.49 TECU
  [EKF] Prior RMSE 53.872 TECU  →  Post RMSE 52.959 TECU
  Saved EKF convergence plot → /home/austinhunter/IonosphereTomography/Figures/ISR_DA_Comparison/OUTPUT/2025-10-18_1227/bin_35/ro_igs/2025-10-18_1227_ro_igs_ekf_convergence.png
◀◀◀ _run_or_load END   | 2025-10-18_1227 | bin=35  | ro_igs    | parametric_ekf : DONE       (43.0s) -> status=Success
▶▶▶ _run_or_load START | 2025-10-18_1227 | bin=35  | igs_only  | parametric_ekf
    [diag] 2025-10-18_1227 | bin=35  | igs_only  | parametric_ekf : RUNNING    (force=True, cached=False) ...
  [EKF] Building IRI state at 234 grid points (batch call) …
  [EnKF] Estimating background covariance from 500 EDP samples x 234 grid points ...
  [EnKF] Parameter sigma: log10(NmF2)=0.15  hmF2=20  H0=15  gamma=0.15  B0=20  B1=0.3  log10(NmE)=0.2  hmE=8
  [EnKF] Spatial corr (Ne-space KF method): mean=0.940  max=1.000  min=0.692
  [EKF] Running EKF_Param on 66 arc(s) …
  [EKF] 66 arcs  |  66 profile rays  |  66 update rays  |  n_state = 1872
  [EKF] Prior innovations  mean=8.81  std=25.24  max_abs=61.66 TECU
  [EKF] iterating [analytical]:   0%|          | 0/20 [00:00<?, ?it/s]  [EKF] iterating [analytical]:   0%|          | 0/20 [00:00<?, ?it/s, RMSE=26.736TECU, rel_dP=2.45e-02]  [EKF] iterating [analytical]:   5%|5         | 1/20 [00:00<00:03,  5.41it/s, RMSE=26.736TECU, rel_dP=2.45e-02]  [EKF] iterating [analytical]:   5%|5         | 1/20 [00:00<00:03,  5.41it/s, RMSE=25.699TECU, rel_dP=1.58e-02]  [EKF] iterating [analytical]:  10%|#         | 2/20 [00:00<00:03,  4.76it/s, RMSE=25.699TECU, rel_dP=1.58e-02]  [EKF] iterating [analytical]:  10%|#         | 2/20 [00:00<00:03,  4.76it/s, RMSE=25.247TECU, rel_dP=1.14e-02]  [EKF] iterating [analytical]:  15%|#5        | 3/20 [00:00<00:03,  4.50it/s, RMSE=25.247TECU, rel_dP=1.14e-02]  [EKF] iterating [analytical]:  15%|#5        | 3/20 [00:00<00:03,  4.50it/s, RMSE=25.016TECU, rel_dP=9.85e-03]  [EKF] iterating [analytical]:  20%|##        | 4/20 [00:00<00:03,  4.46it/s, RMSE=25.016TECU, rel_dP=9.85e-03]  [EKF] iterating [analytical]:  20%|##        | 4/20 [00:01<00:03,  4.46it/s, RMSE=24.858TECU, rel_dP=8.75e-03]  [EKF] iterating [analytical]:  25%|##5       | 5/20 [00:01<00:03,  4.37it/s, RMSE=24.858TECU, rel_dP=8.75e-03]  [EKF] iterating [analytical]:  25%|##5       | 5/20 [00:01<00:03,  4.37it/s, RMSE=24.723TECU, rel_dP=8.78e-03]  [EKF] iterating [analytical]:  30%|###       | 6/20 [00:01<00:03,  4.41it/s, RMSE=24.723TECU, rel_dP=8.78e-03]  [EKF] iterating [analytical]:  30%|###       | 6/20 [00:01<00:03,  4.41it/s, RMSE=24.592TECU, rel_dP=8.82e-03]  [EKF] iterating [analytical]:  35%|###5      | 7/20 [00:01<00:02,  4.53it/s, RMSE=24.592TECU, rel_dP=8.82e-03]  [EKF] iterating [analytical]:  35%|###5      | 7/20 [00:01<00:02,  4.53it/s, RMSE=24.454TECU, rel_dP=9.03e-03]  [EKF] iterating [analytical]:  40%|####      | 8/20 [00:01<00:02,  4.59it/s, RMSE=24.454TECU, rel_dP=9.03e-03]  [EKF] iterating [analytical]:  40%|####      | 8/20 [00:01<00:02,  4.59it/s, RMSE=24.302TECU, rel_dP=1.00e-02]  [EKF] iterating [analytical]:  45%|####5     | 9/20 [00:01<00:02,  4.57it/s, RMSE=24.302TECU, rel_dP=1.00e-02]  [EKF] iterating [analytical]:  45%|####5     | 9/20 [00:02<00:02,  4.57it/s, RMSE=24.132TECU, rel_dP=1.14e-02]  [EKF] iterating [analytical]:  50%|#####     | 10/20 [00:02<00:02,  4.49it/s, RMSE=24.132TECU, rel_dP=1.14e-02]  [EKF] iterating [analytical]:  50%|#####     | 10/20 [00:02<00:02,  4.49it/s, RMSE=23.951TECU, rel_dP=1.39e-02]  [EKF] iterating [analytical]:  55%|#####5    | 11/20 [00:02<00:01,  4.56it/s, RMSE=23.951TECU, rel_dP=1.39e-02]  [EKF] iterating [analytical]:  55%|#####5    | 11/20 [00:02<00:01,  4.56it/s, RMSE=23.775TECU, rel_dP=1.72e-02]  [EKF] iterating [analytical]:  60%|######    | 12/20 [00:02<00:01,  4.48it/s, RMSE=23.775TECU, rel_dP=1.72e-02]  [EKF] iterating [analytical]:  60%|######    | 12/20 [00:02<00:01,  4.48it/s, RMSE=23.599TECU, rel_dP=1.91e-02]  [EKF] iterating [analytical]:  65%|######5   | 13/20 [00:02<00:01,  4.55it/s, RMSE=23.599TECU, rel_dP=1.91e-02]  [EKF] iterating [analytical]:  65%|######5   | 13/20 [00:03<00:01,  4.55it/s, RMSE=23.419TECU, rel_dP=2.35e-02]  [EKF] iterating [analytical]:  70%|#######   | 14/20 [00:03<00:01,  4.57it/s, RMSE=23.419TECU, rel_dP=2.35e-02]  [EKF] iterating [analytical]:  70%|#######   | 14/20 [00:03<00:01,  4.57it/s, RMSE=23.228TECU, rel_dP=2.75e-02]  [EKF] iterating [analytical]:  75%|#######5  | 15/20 [00:03<00:01,  4.56it/s, RMSE=23.228TECU, rel_dP=2.75e-02]  [EKF] iterating [analytical]:  75%|#######5  | 15/20 [00:03<00:01,  4.56it/s, RMSE=23.020TECU, rel_dP=3.47e-02]  [EKF] iterating [analytical]:  80%|########  | 16/20 [00:03<00:00,  4.48it/s, RMSE=23.020TECU, rel_dP=3.47e-02]  [EKF] iterating [analytical]:  80%|########  | 16/20 [00:03<00:00,  4.48it/s, RMSE=22.784TECU, rel_dP=4.07e-02]  [EKF] iterating [analytical]:  85%|########5 | 17/20 [00:03<00:00,  4.43it/s, RMSE=22.784TECU, rel_dP=4.07e-02]  [EKF] iterating [analytical]:  85%|########5 | 17/20 [00:04<00:00,  4.43it/s, RMSE=22.510TECU, rel_dP=5.33e-02]  [EKF] iterating [analytical]:  90%|######### | 18/20 [00:04<00:00,  4.37it/s, RMSE=22.510TECU, rel_dP=5.33e-02]  [EKF] iterating [analytical]:  90%|######### | 18/20 [00:04<00:00,  4.37it/s, RMSE=22.172TECU, rel_dP=5.64e-02]  [EKF] iterating [analytical]:  95%|#########5| 19/20 [00:04<00:00,  4.37it/s, RMSE=22.172TECU, rel_dP=5.64e-02]  [EKF] iterating [analytical]:  95%|#########5| 19/20 [00:04<00:00,  4.37it/s, RMSE=21.813TECU, rel_dP=9.29e-02]  [EKF] iterating [analytical]: 100%|##########| 20/20 [00:04<00:00,  4.43it/s, RMSE=21.813TECU, rel_dP=9.29e-02]                                                                                                                   [EKF] Reached max_iter=20 without convergence  (final ||ΔP||/||P|| = 9.29e-02)
  [EKF] Posterior innovations  mean=-2.90  std=21.69  max_abs=47.92 TECU
  [EKF] Prior RMSE 26.736 TECU  →  Post RMSE 21.882 TECU
  Saved EKF convergence plot → /home/austinhunter/IonosphereTomography/Figures/ISR_DA_Comparison/OUTPUT/2025-10-18_1227/bin_35/igs_only/2025-10-18_1227_igs_only_ekf_convergence.png
◀◀◀ _run_or_load END   | 2025-10-18_1227 | bin=35  | igs_only  | parametric_ekf : DONE       (456.3s) -> status=ok (no 'status' key)
  [diag] 2025-10-18_1227 | bin=35 : summary of 6 obs_mode/filter_type combos
           ro_only   | gridded_kf     -> Success
           ro_only   | parametric_ekf -> Success
           ro_igs    | gridded_kf     -> Success
           ro_igs    | parametric_ekf -> Success
           igs_only  | gridded_kf     -> ok (no 'status' key)
           igs_only  | parametric_ekf -> ok (no 'status' key)

▶▶▶ compute_isr_metrics START | group=2025-10-18_1227 bin=35
◀◀◀ compute_isr_metrics END   | group=2025-10-18_1227 bin=35 -> 186 metric row(s)

▶▶▶ _plot_group_all_modes START | group=2025-10-18_1227
  [diag] 2025-10-18_1227/ro_igs/gridded_kf: arc-innovation panels thinned to 24 RO + 20/66 representative IGS arcs (of 90 total)
  [diag] 2025-10-18_1227/ro_igs/parametric_ekf: arc-innovation panels thinned to 24 RO + 20/66 representative IGS arcs (of 90 total)
  [diag] 2025-10-18_1227/igs_only/gridded_kf: arc-innovation panels thinned to 0 RO + 20/66 representative IGS arcs (of 66 total)
  [diag] 2025-10-18_1227/igs_only/parametric_ekf: arc-innovation panels thinned to 0 RO + 20/66 representative IGS arcs (of 66 total)
/home/austinhunter/Downloads/PlanetiQ_Code/venv311/lib/python3.11/site-packages/shapely/creation.py:218: RuntimeWarning: invalid value encountered in linestrings
  return lib.linestrings(coords, np.intc(handle_nan), out=out, **kwargs)
/home/austinhunter/IonosphereTomography/plotIonosphereTomography.py:3634: UserWarning: This figure includes Axes that are not compatible with tight_layout, so results might be incorrect.
  plt.tight_layout(rect=[0, 0, 1, 0.98])
/home/austinhunter/IonosphereTomography/plotIonosphereTomography.py:3634: UserWarning: This figure includes Axes that are not compatible with tight_layout, so results might be incorrect.
  plt.tight_layout(rect=[0, 0, 1, 0.98])
/home/austinhunter/IonosphereTomography/plotIonosphereTomography.py:3634: UserWarning: This figure includes Axes that are not compatible with tight_layout, so results might be incorrect.
  plt.tight_layout(rect=[0, 0, 1, 0.98])
◀◀◀ _plot_group_all_modes END   | group=2025-10-18_1227
▶▶▶ _run_or_load START | 2025-10-18_1227 | bin=25  | ro_only   | gridded_kf    
    [diag] 2025-10-18_1227 | bin=25  | ro_only   | gridded_kf     : RUNNING    (force=True, cached=False) ...

────────────────────────────────────────────────────────────
  Group : 2025-10-18_1227
  Window: 2025-10-18_1227  |  Region: POLAR_N  |  24 occultation(s)
────────────────────────────────────────────────────────────
  Parsed 24/24 files successfully.
    [podTc2] GN05 12:06 — 483 valid rays → decimated to 161 (stride 3)
    [podTc2] GN05 11:47 — 464 valid rays → decimated to 155 (stride 3)
    [podTc2] GN05 11:47 — 464 valid rays → decimated to 155 (stride 3)
    [podTc2] GN05 11:49 — 469 valid rays → decimated to 157 (stride 3)
    [podTc2] GN05 11:51 — 362 valid rays → decimated to 181 (stride 2)
    [podTc2] GN04 12:44 — 437 valid rays → decimated to 146 (stride 3)
    [podTc2] GN04 12:44 — 451 valid rays → decimated to 151 (stride 3)
    [podTc2] GN04 12:43 — 616 valid rays → decimated to 154 (stride 4)
    [podTc2] GN04 12:48 — 571 valid rays → decimated to 191 (stride 3)
    [podTc2] GN04 12:54 — 480 valid rays → decimated to 160 (stride 3)
    [podTc2] GN04 12:50 — 506 valid rays → decimated to 169 (stride 3)
    [podTc2] GN04 12:46 — 377 valid rays → decimated to 189 (stride 2)
    [podTc2] GN04 12:54 — 363 valid rays → decimated to 182 (stride 2)
    [podTc2] GN04 12:54 — 391 valid rays → decimated to 196 (stride 2)
    [podTc2] GN04 12:34 — 488 valid rays → decimated to 163 (stride 3)
    [podTc2] GN04 12:34 — 488 valid rays → decimated to 163 (stride 3)
    [podTc2] YM08 12:38 — 381 valid rays → decimated to 191 (stride 2)
    [podTc2] GN04 12:40 — 651 valid rays → decimated to 163 (stride 4)
    [podTc2] YM08 12:39 — 347 valid rays → decimated to 174 (stride 2)
    [podTc2] GN04 12:41 — 803 valid rays → decimated to 161 (stride 5)
    [podTc2] GN04 12:39 — 356 valid rays → decimated to 178 (stride 2)
    [podTc2] GN04 12:40 — 435 valid rays → decimated to 145 (stride 3)
    [podTc2] GN04 12:46 — 515 valid rays → decimated to 172 (stride 3)
    [podTc2] GN04 12:45 — 478 valid rays → decimated to 160 (stride 3)
  Bbox lat [34.3, 88.8]  lon [-84.1, 85.5]  |  union vertices: 114
  Final group: 24 occultation(s), 114 union-mesh vertices
  Saved trim diagnostic → /home/austinhunter/IonosphereTomography/Figures/ISR_DA_Comparison/OUTPUT/2025-10-18_1227/bin_25/ro_only/group_2025-10-18_1227_trim.png
  -> Building H matrices (4017 rays across 24 arc(s), single parallel sweep) …
  -> Building H matrices:    401/4017 rays ( 10.0%)
  -> Building H matrices:    802/4017 rays ( 20.0%)
  -> Building H matrices:   1203/4017 rays ( 29.9%)
  -> Building H matrices:   1604/4017 rays ( 39.9%)
  -> Building H matrices:   2005/4017 rays ( 49.9%)
  -> Building H matrices:   2406/4017 rays ( 59.9%)
  -> Building H matrices:   2807/4017 rays ( 69.9%)
  -> Building H matrices:   3208/4017 rays ( 79.9%)
  -> Building H matrices:   3609/4017 rays ( 89.8%)
  -> Building H matrices:   4010/4017 rays ( 99.8%)
  -> Building H matrices:   4017/4017 rays (100.0%)
  Combined H shape : (4017, 6384)  (total rays = 4017)
  Skipping sequential KF assimilation (run_sequential=False).
  Running joint (batch) KF assimilation …
  Prior RMSE  : 27.510 TECU
  Post  RMSE  : 10.557 TECU
    [Abel] GN05 12:06: NmF2=9.48e+11 m⁻³  hmF2=285.2 km
    [Abel] GN05 11:47: NmF2=1.71e+11 m⁻³  hmF2=336.4 km
    [Abel] GN05 11:47: NmF2=1.71e+11 m⁻³  hmF2=336.4 km
    [Abel] GN05 11:49: NmF2=3.78e+11 m⁻³  hmF2=262.1 km
    [Abel] GN05 11:51: NmF2=2.81e+11 m⁻³  hmF2=294.7 km
    [Abel] GN04 12:44: NmF2=2.53e+11 m⁻³  hmF2=302.9 km
    [Abel] GN04 12:44: NmF2=2.60e+11 m⁻³  hmF2=337.3 km
    [Abel] GN04 12:43: NmF2=6.12e+11 m⁻³  hmF2=284.6 km
    [Abel] GN04 12:48: NmF2=6.55e+11 m⁻³  hmF2=249.5 km
    [Abel] GN04 12:54: NmF2=5.19e+11 m⁻³  hmF2=277.7 km
    [Abel] GN04 12:50: NmF2=1.86e+11 m⁻³  hmF2=213.2 km
    [Abel] GN04 12:46: NmF2=2.95e+11 m⁻³  hmF2=321.1 km
    [Abel] GN04 12:54: NmF2=7.30e+11 m⁻³  hmF2=283.2 km
    [Abel] GN04 12:54: NmF2=9.24e+11 m⁻³  hmF2=262.5 km
    [Abel] GN04 12:34: NmF2=2.96e+11 m⁻³  hmF2=151.9 km
    [Abel] GN04 12:34: NmF2=2.96e+11 m⁻³  hmF2=151.9 km
    [Abel] YM08 12:38: NmF2=7.01e+11 m⁻³  hmF2=299.9 km
    [Abel] GN04 12:40: NmF2=1.60e+11 m⁻³  hmF2=353.1 km
    [Abel] YM08 12:39: NmF2=3.71e+11 m⁻³  hmF2=276.6 km
    [Abel] GN04 12:41: NmF2=5.67e+11 m⁻³  hmF2=285.9 km
    [Abel] GN04 12:39: NmF2=2.30e+11 m⁻³  hmF2=299.5 km
    [Abel] GN04 12:40: NmF2=2.81e+11 m⁻³  hmF2=315.9 km
    [Abel] GN04 12:46: NmF2=4.56e+11 m⁻³  hmF2=336.1 km
    [Abel] GN04 12:45: NmF2=1.14e+12 m⁻³  hmF2=287.6 km
◀◀◀ _run_or_load END   | 2025-10-18_1227 | bin=25  | ro_only   | gridded_kf     : DONE       (152.0s) -> status=Success
▶▶▶ _run_or_load START | 2025-10-18_1227 | bin=25  | ro_igs    | gridded_kf    
    [diag] 2025-10-18_1227 | bin=25  | ro_igs    | gridded_kf     : RUNNING    (force=True, cached=False) ...

────────────────────────────────────────────────────────────
  Group : 2025-10-18_1227
  Window: 2025-10-18_1227  |  Region: POLAR_N  |  24 occultation(s)
────────────────────────────────────────────────────────────
  Parsed 24/24 files successfully.
    [podTc2] GN05 12:06 — 483 valid rays → decimated to 161 (stride 3)
    [podTc2] GN05 11:47 — 464 valid rays → decimated to 155 (stride 3)
    [podTc2] GN05 11:47 — 464 valid rays → decimated to 155 (stride 3)
    [podTc2] GN05 11:49 — 469 valid rays → decimated to 157 (stride 3)
    [podTc2] GN05 11:51 — 362 valid rays → decimated to 181 (stride 2)
    [podTc2] GN04 12:44 — 437 valid rays → decimated to 146 (stride 3)
    [podTc2] GN04 12:44 — 451 valid rays → decimated to 151 (stride 3)
    [podTc2] GN04 12:43 — 616 valid rays → decimated to 154 (stride 4)
    [podTc2] GN04 12:48 — 571 valid rays → decimated to 191 (stride 3)
    [podTc2] GN04 12:54 — 480 valid rays → decimated to 160 (stride 3)
    [podTc2] GN04 12:50 — 506 valid rays → decimated to 169 (stride 3)
    [podTc2] GN04 12:46 — 377 valid rays → decimated to 189 (stride 2)
    [podTc2] GN04 12:54 — 363 valid rays → decimated to 182 (stride 2)
    [podTc2] GN04 12:54 — 391 valid rays → decimated to 196 (stride 2)
    [podTc2] GN04 12:34 — 488 valid rays → decimated to 163 (stride 3)
    [podTc2] GN04 12:34 — 488 valid rays → decimated to 163 (stride 3)
    [podTc2] YM08 12:38 — 381 valid rays → decimated to 191 (stride 2)
    [podTc2] GN04 12:40 — 651 valid rays → decimated to 163 (stride 4)
    [podTc2] YM08 12:39 — 347 valid rays → decimated to 174 (stride 2)
    [podTc2] GN04 12:41 — 803 valid rays → decimated to 161 (stride 5)
    [podTc2] GN04 12:39 — 356 valid rays → decimated to 178 (stride 2)
    [podTc2] GN04 12:40 — 435 valid rays → decimated to 145 (stride 3)
    [podTc2] GN04 12:46 — 515 valid rays → decimated to 172 (stride 3)
    [podTc2] GN04 12:45 — 478 valid rays → decimated to 160 (stride 3)
  Bbox lat [34.3, 88.8]  lon [-84.1, 85.5]  |  union vertices: 114
  Final group: 24 occultation(s), 114 union-mesh vertices
  Saved trim diagnostic → /home/austinhunter/IonosphereTomography/Figures/ISR_DA_Comparison/OUTPUT/2025-10-18_1227/bin_25/ro_igs/group_2025-10-18_1227_trim.png
  [extra] Injected 66 ground-station arc(s) → total 90 arc(s) in assimilation pool
  -> Building H matrices (4083 rays across 90 arc(s), single parallel sweep) …
  -> Building H matrices:    408/4083 rays ( 10.0%)
  -> Building H matrices:    816/4083 rays ( 20.0%)
  -> Building H matrices:   1224/4083 rays ( 30.0%)
  -> Building H matrices:   1632/4083 rays ( 40.0%)
  -> Building H matrices:   2040/4083 rays ( 50.0%)
  -> Building H matrices:   2448/4083 rays ( 60.0%)
  -> Building H matrices:   2856/4083 rays ( 69.9%)
  -> Building H matrices:   3264/4083 rays ( 79.9%)
  -> Building H matrices:   3672/4083 rays ( 89.9%)
  -> Building H matrices:   4080/4083 rays ( 99.9%)
  -> Building H matrices:   4083/4083 rays (100.0%)
  Combined H shape : (4083, 6384)  (total rays = 4083)
  Skipping sequential KF assimilation (run_sequential=False).
  Running joint (batch) KF assimilation …
  Prior RMSE  : 27.481 TECU
  Post  RMSE  : 11.118 TECU
    [Abel] GN05 12:06: NmF2=9.48e+11 m⁻³  hmF2=285.2 km
    [Abel] GN05 11:47: NmF2=1.71e+11 m⁻³  hmF2=336.4 km
    [Abel] GN05 11:47: NmF2=1.71e+11 m⁻³  hmF2=336.4 km
    [Abel] GN05 11:49: NmF2=3.78e+11 m⁻³  hmF2=262.1 km
    [Abel] GN05 11:51: NmF2=2.81e+11 m⁻³  hmF2=294.7 km
    [Abel] GN04 12:44: NmF2=2.53e+11 m⁻³  hmF2=302.9 km
    [Abel] GN04 12:44: NmF2=2.60e+11 m⁻³  hmF2=337.3 km
    [Abel] GN04 12:43: NmF2=6.12e+11 m⁻³  hmF2=284.6 km
    [Abel] GN04 12:48: NmF2=6.55e+11 m⁻³  hmF2=249.5 km
    [Abel] GN04 12:54: NmF2=5.19e+11 m⁻³  hmF2=277.7 km
    [Abel] GN04 12:50: NmF2=1.86e+11 m⁻³  hmF2=213.2 km
    [Abel] GN04 12:46: NmF2=2.95e+11 m⁻³  hmF2=321.1 km
    [Abel] GN04 12:54: NmF2=7.30e+11 m⁻³  hmF2=283.2 km
    [Abel] GN04 12:54: NmF2=9.24e+11 m⁻³  hmF2=262.5 km
    [Abel] GN04 12:34: NmF2=2.96e+11 m⁻³  hmF2=151.9 km
    [Abel] GN04 12:34: NmF2=2.96e+11 m⁻³  hmF2=151.9 km
    [Abel] YM08 12:38: NmF2=7.01e+11 m⁻³  hmF2=299.9 km
    [Abel] GN04 12:40: NmF2=1.60e+11 m⁻³  hmF2=353.1 km
    [Abel] YM08 12:39: NmF2=3.71e+11 m⁻³  hmF2=276.6 km
    [Abel] GN04 12:41: NmF2=5.67e+11 m⁻³  hmF2=285.9 km
    [Abel] GN04 12:39: NmF2=2.30e+11 m⁻³  hmF2=299.5 km
    [Abel] GN04 12:40: NmF2=2.81e+11 m⁻³  hmF2=315.9 km
    [Abel] GN04 12:46: NmF2=4.56e+11 m⁻³  hmF2=336.1 km
    [Abel] GN04 12:45: NmF2=1.14e+12 m⁻³  hmF2=287.6 km
    [Abel] Skipped 66 ground-station arc(s) (RO-only technique)
/home/austinhunter/Downloads/PlanetiQ_Code/venv311/lib/python3.11/site-packages/shapely/creation.py:218: RuntimeWarning: invalid value encountered in linestrings
  return lib.linestrings(coords, np.intc(handle_nan), out=out, **kwargs)
◀◀◀ _run_or_load END   | 2025-10-18_1227 | bin=25  | ro_igs    | gridded_kf     : DONE       (149.6s) -> status=Success
▶▶▶ _run_or_load START | 2025-10-18_1227 | bin=25  | igs_only  | gridded_kf    
    [diag] 2025-10-18_1227 | bin=25  | igs_only  | gridded_kf     : RUNNING    (force=True, cached=False) ...
    [Info] Initialising information matrix (n_state=12870) …
    [Info] arcs ingested = 66/66  |  obs rows = 66  |  Λ cond ≈ 4.04e+23
    [Info] Solving …
    [Prior] innovation  mean=5.87  std=26.73  n_obs=66
    [Post ] innovation  mean=4.40  std=20.49
    RMSE:  prior=27.365 TECU  →  post=20.953 TECU
◀◀◀ _run_or_load END   | 2025-10-18_1227 | bin=25  | igs_only  | gridded_kf     : DONE       (77.1s) -> status=ok (no 'status' key)
▶▶▶ _run_or_load START | 2025-10-18_1227 | bin=25  | ro_only   | parametric_ekf
    [diag] 2025-10-18_1227 | bin=25  | ro_only   | parametric_ekf : RUNNING    (force=True, cached=False) ...
  [EKF] Building IRI state at 114 grid points (batch call) …
  [EnKF] Estimating background covariance from 50 EDP samples x 114 grid points ...
  [EnKF] Parameter sigma: log10(NmF2)=0.15  hmF2=20  H0=15  gamma=0.15  B0=20  B1=0.3  log10(NmE)=0.2  hmE=8
  [EnKF] Spatial corr (Ne-space KF method): mean=0.958  max=1.000  min=0.751
  [EKF] Running EKF_Param on 24 arc(s) …
  [EKF] 24 arcs  |  4017 profile rays  |  2025 update rays  |  n_state = 912
  [EKF] Prior innovations  mean=-57.88  std=38.49  max_abs=163.32 TECU
  [EKF] iterating [analytical]:   0%|          | 0/20 [00:00<?, ?it/s]  [EKF] iterating [analytical]:   0%|          | 0/20 [00:04<?, ?it/s, RMSE=69.505TECU, rel_dP=5.90e-02]  [EKF] iterating [analytical]:   5%|5         | 1/20 [00:04<01:30,  4.75s/it, RMSE=69.505TECU, rel_dP=5.90e-02]  [EKF] iterating [analytical]:   5%|5         | 1/20 [00:09<01:30,  4.75s/it, RMSE=39.563TECU, rel_dP=6.16e-02]  [EKF] iterating [analytical]:  10%|#         | 2/20 [00:09<01:25,  4.74s/it, RMSE=39.563TECU, rel_dP=6.16e-02]  [EKF] iterating [analytical]:  10%|#         | 2/20 [00:14<01:25,  4.74s/it, RMSE=23.833TECU, rel_dP=5.76e-02]  [EKF] iterating [analytical]:  15%|#5        | 3/20 [00:14<01:19,  4.70s/it, RMSE=23.833TECU, rel_dP=5.76e-02]  [EKF] iterating [analytical]:  15%|#5        | 3/20 [00:18<01:19,  4.70s/it, RMSE=16.708TECU, rel_dP=4.55e-02]  [EKF] iterating [analytical]:  20%|##        | 4/20 [00:18<01:15,  4.73s/it, RMSE=16.708TECU, rel_dP=4.55e-02]  [EKF] iterating [analytical]:  20%|##        | 4/20 [00:23<01:15,  4.73s/it, RMSE=13.997TECU, rel_dP=3.68e-02]  [EKF] iterating [analytical]:  25%|##5       | 5/20 [00:23<01:10,  4.71s/it, RMSE=13.997TECU, rel_dP=3.68e-02]  [EKF] iterating [analytical]:  25%|##5       | 5/20 [00:28<01:10,  4.71s/it, RMSE=13.051TECU, rel_dP=3.09e-02]  [EKF] iterating [analytical]:  30%|###       | 6/20 [00:28<01:05,  4.71s/it, RMSE=13.051TECU, rel_dP=3.09e-02]  [EKF] iterating [analytical]:  30%|###       | 6/20 [00:32<01:05,  4.71s/it, RMSE=12.686TECU, rel_dP=2.68e-02]  [EKF] iterating [analytical]:  35%|###5      | 7/20 [00:32<01:00,  4.69s/it, RMSE=12.686TECU, rel_dP=2.68e-02]  [EKF] iterating [analytical]:  35%|###5      | 7/20 [00:37<01:00,  4.69s/it, RMSE=12.497TECU, rel_dP=2.41e-02]  [EKF] iterating [analytical]:  40%|####      | 8/20 [00:37<00:56,  4.68s/it, RMSE=12.497TECU, rel_dP=2.41e-02]  [EKF] iterating [analytical]:  40%|####      | 8/20 [00:42<00:56,  4.68s/it, RMSE=12.367TECU, rel_dP=2.19e-02]  [EKF] iterating [analytical]:  45%|####5     | 9/20 [00:42<00:51,  4.67s/it, RMSE=12.367TECU, rel_dP=2.19e-02]  [EKF] iterating [analytical]:  45%|####5     | 9/20 [00:46<00:51,  4.67s/it, RMSE=12.256TECU, rel_dP=2.05e-02]  [EKF] iterating [analytical]:  50%|#####     | 10/20 [00:46<00:46,  4.66s/it, RMSE=12.256TECU, rel_dP=2.05e-02]  [EKF] iterating [analytical]:  50%|#####     | 10/20 [00:51<00:46,  4.66s/it, RMSE=12.157TECU, rel_dP=2.38e-02]  [EKF] iterating [analytical]:  55%|#####5    | 11/20 [00:51<00:42,  4.68s/it, RMSE=12.157TECU, rel_dP=2.38e-02]  [EKF] iterating [analytical]:  55%|#####5    | 11/20 [00:56<00:42,  4.68s/it, RMSE=12.075TECU, rel_dP=2.96e-02]  [EKF] iterating [analytical]:  60%|######    | 12/20 [00:56<00:37,  4.68s/it, RMSE=12.075TECU, rel_dP=2.96e-02]  [EKF] iterating [analytical]:  60%|######    | 12/20 [01:00<00:37,  4.68s/it, RMSE=12.588TECU, rel_dP=1.24e-02]  [EKF] iterating [analytical]:  65%|######5   | 13/20 [01:00<00:32,  4.67s/it, RMSE=12.588TECU, rel_dP=1.24e-02]  [EKF] iterating [analytical]:  65%|######5   | 13/20 [01:05<00:32,  4.67s/it, RMSE=12.691TECU, rel_dP=1.08e-02]  [EKF] iterating [analytical]:  70%|#######   | 14/20 [01:05<00:27,  4.66s/it, RMSE=12.691TECU, rel_dP=1.08e-02]  [EKF] iterating [analytical]:  70%|#######   | 14/20 [01:10<00:27,  4.66s/it, RMSE=12.625TECU, rel_dP=1.09e-02]  [EKF] iterating [analytical]:  75%|#######5  | 15/20 [01:10<00:23,  4.68s/it, RMSE=12.625TECU, rel_dP=1.09e-02]  [EKF] iterating [analytical]:  75%|#######5  | 15/20 [01:14<00:23,  4.68s/it, RMSE=12.643TECU, rel_dP=1.12e-02]  [EKF] iterating [analytical]:  80%|########  | 16/20 [01:14<00:18,  4.67s/it, RMSE=12.643TECU, rel_dP=1.12e-02]  [EKF] iterating [analytical]:  80%|########  | 16/20 [01:19<00:18,  4.67s/it, RMSE=12.692TECU, rel_dP=1.13e-02]  [EKF] iterating [analytical]:  85%|########5 | 17/20 [01:19<00:14,  4.71s/it, RMSE=12.692TECU, rel_dP=1.13e-02]  [EKF] iterating [analytical]:  85%|########5 | 17/20 [01:24<00:14,  4.71s/it, RMSE=12.693TECU, rel_dP=1.16e-02]  [EKF] iterating [analytical]:  90%|######### | 18/20 [01:24<00:09,  4.70s/it, RMSE=12.693TECU, rel_dP=1.16e-02]  [EKF] iterating [analytical]:  90%|######### | 18/20 [01:29<00:09,  4.70s/it, RMSE=12.617TECU, rel_dP=1.23e-02]  [EKF] iterating [analytical]:  95%|#########5| 19/20 [01:29<00:04,  4.69s/it, RMSE=12.617TECU, rel_dP=1.23e-02]  [EKF] iterating [analytical]:  95%|#########5| 19/20 [01:33<00:04,  4.69s/it, RMSE=12.494TECU, rel_dP=1.20e-02]  [EKF] iterating [analytical]: 100%|##########| 20/20 [01:33<00:00,  4.70s/it, RMSE=12.494TECU, rel_dP=1.20e-02]                                                                                                                   [EKF] Reached max_iter=20 without convergence  (final ||ΔP||/||P|| = 1.20e-02)
  [EKF] Posterior innovations  mean=-1.27  std=12.39  max_abs=64.56 TECU
  [EKF] Prior RMSE 69.649 TECU  →  Post RMSE 12.458 TECU
  Saved EKF convergence plot → /home/austinhunter/IonosphereTomography/Figures/ISR_DA_Comparison/OUTPUT/2025-10-18_1227/bin_25/ro_only/2025-10-18_1227_ro_only_ekf_convergence.png
◀◀◀ _run_or_load END   | 2025-10-18_1227 | bin=25  | ro_only   | parametric_ekf : DONE       (128.9s) -> status=Success
▶▶▶ _run_or_load START | 2025-10-18_1227 | bin=25  | ro_igs    | parametric_ekf
    [diag] 2025-10-18_1227 | bin=25  | ro_igs    | parametric_ekf : RUNNING    (force=True, cached=False) ...
  [EKF] Building IRI state at 114 grid points (batch call) …
  [EnKF] Estimating background covariance from 50 EDP samples x 114 grid points ...
  [EnKF] Parameter sigma: log10(NmF2)=0.15  hmF2=20  H0=15  gamma=0.15  B0=20  B1=0.3  log10(NmE)=0.2  hmE=8
  [EnKF] Spatial corr (Ne-space KF method): mean=0.958  max=1.000  min=0.751
  [EKF] Running EKF_Param on 90 arc(s) …
  [EKF] 90 arcs  |  4083 profile rays  |  2091 update rays  |  n_state = 912
  [EKF] Prior innovations  mean=6.08  std=24.60  max_abs=118.22 TECU
  [EKF] iterating [analytical]:   0%|          | 0/20 [00:00<?, ?it/s]  [EKF] iterating [analytical]:   0%|          | 0/20 [00:04<?, ?it/s, RMSE=25.340TECU, rel_dP=1.21e-01]  [EKF] iterating [analytical]:   5%|5         | 1/20 [00:04<01:33,  4.92s/it, RMSE=25.340TECU, rel_dP=1.21e-01]  [EKF] iterating [analytical]:   5%|5         | 1/20 [00:09<01:33,  4.92s/it, RMSE=17.769TECU, rel_dP=7.93e-02]  [EKF] iterating [analytical]:  10%|#         | 2/20 [00:09<01:27,  4.88s/it, RMSE=17.769TECU, rel_dP=7.93e-02]  [EKF] iterating [analytical]:  10%|#         | 2/20 [00:14<01:27,  4.88s/it, RMSE=15.259TECU, rel_dP=5.84e-02]  [EKF] iterating [analytical]:  15%|#5        | 3/20 [00:14<01:22,  4.87s/it, RMSE=15.259TECU, rel_dP=5.84e-02]  [EKF] iterating [analytical]:  15%|#5        | 3/20 [00:19<01:22,  4.87s/it, RMSE=14.232TECU, rel_dP=4.27e-02]  [EKF] iterating [analytical]:  20%|##        | 4/20 [00:19<01:17,  4.84s/it, RMSE=14.232TECU, rel_dP=4.27e-02]  [EKF] iterating [analytical]:  20%|##        | 4/20 [00:24<01:17,  4.84s/it, RMSE=13.779TECU, rel_dP=3.42e-02]  [EKF] iterating [analytical]:  25%|##5       | 5/20 [00:24<01:12,  4.83s/it, RMSE=13.779TECU, rel_dP=3.42e-02]  [EKF] iterating [analytical]:  25%|##5       | 5/20 [00:29<01:12,  4.83s/it, RMSE=13.520TECU, rel_dP=2.70e-02]  [EKF] iterating [analytical]:  30%|###       | 6/20 [00:29<01:07,  4.82s/it, RMSE=13.520TECU, rel_dP=2.70e-02]  [EKF] iterating [analytical]:  30%|###       | 6/20 [00:33<01:07,  4.82s/it, RMSE=13.340TECU, rel_dP=2.11e-02]  [EKF] iterating [analytical]:  35%|###5      | 7/20 [00:33<01:03,  4.87s/it, RMSE=13.340TECU, rel_dP=2.11e-02]  [EKF] iterating [analytical]:  35%|###5      | 7/20 [00:38<01:03,  4.87s/it, RMSE=13.202TECU, rel_dP=1.65e-02]  [EKF] iterating [analytical]:  40%|####      | 8/20 [00:38<00:58,  4.85s/it, RMSE=13.202TECU, rel_dP=1.65e-02]  [EKF] iterating [analytical]:  40%|####      | 8/20 [00:43<00:58,  4.85s/it, RMSE=13.089TECU, rel_dP=1.32e-02]  [EKF] iterating [analytical]:  45%|####5     | 9/20 [00:43<00:53,  4.87s/it, RMSE=13.089TECU, rel_dP=1.32e-02]  [EKF] iterating [analytical]:  45%|####5     | 9/20 [00:48<00:53,  4.87s/it, RMSE=12.991TECU, rel_dP=1.10e-02]  [EKF] iterating [analytical]:  50%|#####     | 10/20 [00:48<00:48,  4.85s/it, RMSE=12.991TECU, rel_dP=1.10e-02]  [EKF] iterating [analytical]:  50%|#####     | 10/20 [00:53<00:48,  4.85s/it, RMSE=12.913TECU, rel_dP=9.69e-03]  [EKF] iterating [analytical]:  55%|#####5    | 11/20 [00:53<00:43,  4.84s/it, RMSE=12.913TECU, rel_dP=9.69e-03]  [EKF] iterating [analytical]:  55%|#####5    | 11/20 [00:58<00:43,  4.84s/it, RMSE=12.846TECU, rel_dP=9.03e-03]  [EKF] iterating [analytical]:  60%|######    | 12/20 [00:58<00:38,  4.84s/it, RMSE=12.846TECU, rel_dP=9.03e-03]  [EKF] iterating [analytical]:  60%|######    | 12/20 [01:03<00:38,  4.84s/it, RMSE=12.786TECU, rel_dP=8.46e-03]  [EKF] iterating [analytical]:  65%|######5   | 13/20 [01:03<00:33,  4.84s/it, RMSE=12.786TECU, rel_dP=8.46e-03]  [EKF] iterating [analytical]:  65%|######5   | 13/20 [01:07<00:33,  4.84s/it, RMSE=12.736TECU, rel_dP=8.22e-03]  [EKF] iterating [analytical]:  70%|#######   | 14/20 [01:07<00:29,  4.84s/it, RMSE=12.736TECU, rel_dP=8.22e-03]  [EKF] iterating [analytical]:  70%|#######   | 14/20 [01:12<00:29,  4.84s/it, RMSE=12.691TECU, rel_dP=7.83e-03]  [EKF] iterating [analytical]:  75%|#######5  | 15/20 [01:12<00:24,  4.84s/it, RMSE=12.691TECU, rel_dP=7.83e-03]  [EKF] iterating [analytical]:  75%|#######5  | 15/20 [01:17<00:24,  4.84s/it, RMSE=12.647TECU, rel_dP=7.72e-03]  [EKF] iterating [analytical]:  80%|########  | 16/20 [01:17<00:19,  4.83s/it, RMSE=12.647TECU, rel_dP=7.72e-03]  [EKF] iterating [analytical]:  80%|########  | 16/20 [01:22<00:19,  4.83s/it, RMSE=12.604TECU, rel_dP=7.75e-03]  [EKF] iterating [analytical]:  85%|########5 | 17/20 [01:22<00:14,  4.84s/it, RMSE=12.604TECU, rel_dP=7.75e-03]  [EKF] iterating [analytical]:  85%|########5 | 17/20 [01:27<00:14,  4.84s/it, RMSE=12.564TECU, rel_dP=8.00e-03]  [EKF] iterating [analytical]:  90%|######### | 18/20 [01:27<00:09,  4.84s/it, RMSE=12.564TECU, rel_dP=8.00e-03]  [EKF] iterating [analytical]:  90%|######### | 18/20 [01:32<00:09,  4.84s/it, RMSE=12.523TECU, rel_dP=8.91e-03]  [EKF] iterating [analytical]:  95%|#########5| 19/20 [01:32<00:04,  4.84s/it, RMSE=12.523TECU, rel_dP=8.91e-03]  [EKF] iterating [analytical]:  95%|#########5| 19/20 [01:37<00:04,  4.84s/it, RMSE=12.480TECU, rel_dP=1.04e-02]  [EKF] iterating [analytical]: 100%|##########| 20/20 [01:37<00:00,  4.90s/it, RMSE=12.480TECU, rel_dP=1.04e-02]                                                                                                                   [EKF] Reached max_iter=20 without convergence  (final ||ΔP||/||P|| = 1.04e-02)
  [EKF] Posterior innovations  mean=0.61  std=12.42  max_abs=65.78 TECU
  [EKF] Prior RMSE 25.290 TECU  →  Post RMSE 12.065 TECU
  Saved EKF convergence plot → /home/austinhunter/IonosphereTomography/Figures/ISR_DA_Comparison/OUTPUT/2025-10-18_1227/bin_25/ro_igs/2025-10-18_1227_ro_igs_ekf_convergence.png
◀◀◀ _run_or_load END   | 2025-10-18_1227 | bin=25  | ro_igs    | parametric_ekf : DONE       (135.7s) -> status=Success
▶▶▶ _run_or_load START | 2025-10-18_1227 | bin=25  | igs_only  | parametric_ekf
    [diag] 2025-10-18_1227 | bin=25  | igs_only  | parametric_ekf : RUNNING    (force=True, cached=False) ...
  [EKF] Building IRI state at 234 grid points (batch call) …
  [EnKF] Estimating background covariance from 500 EDP samples x 234 grid points ...
  [EnKF] Parameter sigma: log10(NmF2)=0.15  hmF2=20  H0=15  gamma=0.15  B0=20  B1=0.3  log10(NmE)=0.2  hmE=8
  [EnKF] Spatial corr (Ne-space KF method): mean=0.940  max=1.000  min=0.692
  [EKF] Running EKF_Param on 66 arc(s) …
  [EKF] 66 arcs  |  66 profile rays  |  66 update rays  |  n_state = 1872
  [EKF] Prior innovations  mean=8.05  std=25.30  max_abs=60.32 TECU
  [EKF] iterating [analytical]:   0%|          | 0/20 [00:00<?, ?it/s]  [EKF] iterating [analytical]:   0%|          | 0/20 [00:00<?, ?it/s, RMSE=26.554TECU, rel_dP=1.64e-02]  [EKF] iterating [analytical]:   5%|5         | 1/20 [00:00<00:03,  5.19it/s, RMSE=26.554TECU, rel_dP=1.64e-02]  [EKF] iterating [analytical]:   5%|5         | 1/20 [00:00<00:03,  5.19it/s, RMSE=25.589TECU, rel_dP=7.76e-03]  [EKF] iterating [analytical]:  10%|#         | 2/20 [00:00<00:03,  4.90it/s, RMSE=25.589TECU, rel_dP=7.76e-03]  [EKF] iterating [analytical]:  10%|#         | 2/20 [00:00<00:03,  4.90it/s, RMSE=25.152TECU, rel_dP=4.69e-03]  [EKF] iterating [analytical]:  15%|#5        | 3/20 [00:00<00:03,  4.73it/s, RMSE=25.152TECU, rel_dP=4.69e-03]  [EKF] iterating [analytical]:  15%|#5        | 3/20 [00:00<00:03,  4.73it/s, RMSE=24.893TECU, rel_dP=7.76e-03]  [EKF] iterating [analytical]:  20%|##        | 4/20 [00:00<00:03,  4.67it/s, RMSE=24.893TECU, rel_dP=7.76e-03]  [EKF] iterating [analytical]:  20%|##        | 4/20 [00:01<00:03,  4.67it/s, RMSE=24.676TECU, rel_dP=1.28e-02]  [EKF] iterating [analytical]:  25%|##5       | 5/20 [00:01<00:03,  4.64it/s, RMSE=24.676TECU, rel_dP=1.28e-02]  [EKF] iterating [analytical]:  25%|##5       | 5/20 [00:01<00:03,  4.64it/s, RMSE=24.448TECU, rel_dP=1.83e-02]  [EKF] iterating [analytical]:  30%|###       | 6/20 [00:01<00:03,  4.58it/s, RMSE=24.448TECU, rel_dP=1.83e-02]  [EKF] iterating [analytical]:  30%|###       | 6/20 [00:01<00:03,  4.58it/s, RMSE=24.212TECU, rel_dP=2.38e-02]  [EKF] iterating [analytical]:  35%|###5      | 7/20 [00:01<00:02,  4.60it/s, RMSE=24.212TECU, rel_dP=2.38e-02]  [EKF] iterating [analytical]:  35%|###5      | 7/20 [00:01<00:02,  4.60it/s, RMSE=23.971TECU, rel_dP=3.22e-02]  [EKF] iterating [analytical]:  40%|####      | 8/20 [00:01<00:02,  4.50it/s, RMSE=23.971TECU, rel_dP=3.22e-02]  [EKF] iterating [analytical]:  40%|####      | 8/20 [00:01<00:02,  4.50it/s, RMSE=23.713TECU, rel_dP=4.24e-02]  [EKF] iterating [analytical]:  45%|####5     | 9/20 [00:01<00:02,  4.49it/s, RMSE=23.713TECU, rel_dP=4.24e-02]  [EKF] iterating [analytical]:  45%|####5     | 9/20 [00:02<00:02,  4.49it/s, RMSE=23.418TECU, rel_dP=5.63e-02]  [EKF] iterating [analytical]:  50%|#####     | 10/20 [00:02<00:02,  4.36it/s, RMSE=23.418TECU, rel_dP=5.63e-02]  [EKF] iterating [analytical]:  50%|#####     | 10/20 [00:02<00:02,  4.36it/s, RMSE=23.043TECU, rel_dP=7.47e-02]  [EKF] iterating [analytical]:  55%|#####5    | 11/20 [00:02<00:02,  4.37it/s, RMSE=23.043TECU, rel_dP=7.47e-02]  [EKF] iterating [analytical]:  55%|#####5    | 11/20 [00:02<00:02,  4.37it/s, RMSE=22.545TECU, rel_dP=1.13e-01]  [EKF] iterating [analytical]:  60%|######    | 12/20 [00:02<00:01,  4.42it/s, RMSE=22.545TECU, rel_dP=1.13e-01]  [EKF] iterating [analytical]:  60%|######    | 12/20 [00:02<00:01,  4.42it/s, RMSE=21.958TECU, rel_dP=1.32e-01]  [EKF] iterating [analytical]:  65%|######5   | 13/20 [00:02<00:01,  4.43it/s, RMSE=21.958TECU, rel_dP=1.32e-01]  [EKF] iterating [analytical]:  65%|######5   | 13/20 [00:03<00:01,  4.43it/s, RMSE=21.504TECU, rel_dP=1.35e-01]  [EKF] iterating [analytical]:  70%|#######   | 14/20 [00:03<00:01,  4.47it/s, RMSE=21.504TECU, rel_dP=1.35e-01]  [EKF] iterating [analytical]:  70%|#######   | 14/20 [00:03<00:01,  4.47it/s, RMSE=74.131TECU, rel_dP=3.30e-02]  [EKF] iterating [analytical]:  75%|#######5  | 15/20 [00:03<00:01,  4.47it/s, RMSE=74.131TECU, rel_dP=3.30e-02]  [EKF] iterating [analytical]:  75%|#######5  | 15/20 [00:03<00:01,  4.47it/s, RMSE=41.023TECU, rel_dP=1.25e-01]  [EKF] iterating [analytical]:  80%|########  | 16/20 [00:03<00:00,  4.44it/s, RMSE=41.023TECU, rel_dP=1.25e-01]  [EKF] iterating [analytical]:  80%|########  | 16/20 [00:03<00:00,  4.44it/s, RMSE=149.351TECU, rel_dP=3.04e-02]  [EKF] iterating [analytical]:  85%|########5 | 17/20 [00:03<00:00,  4.45it/s, RMSE=149.351TECU, rel_dP=3.04e-02]  [EKF] iterating [analytical]:  85%|########5 | 17/20 [00:03<00:00,  4.45it/s, RMSE=79.036TECU, rel_dP=1.20e-01]   [EKF] iterating [analytical]:  90%|######### | 18/20 [00:03<00:00,  4.50it/s, RMSE=79.036TECU, rel_dP=1.20e-01]  [EKF] iterating [analytical]:  90%|######### | 18/20 [00:04<00:00,  4.50it/s, RMSE=137.042TECU, rel_dP=5.78e-02]  [EKF] iterating [analytical]:  95%|#########5| 19/20 [00:04<00:00,  4.52it/s, RMSE=137.042TECU, rel_dP=5.78e-02]  [EKF] iterating [analytical]:  95%|#########5| 19/20 [00:04<00:00,  4.52it/s, RMSE=86.510TECU, rel_dP=1.11e-01]   [EKF] iterating [analytical]: 100%|##########| 20/20 [00:04<00:00,  4.55it/s, RMSE=86.510TECU, rel_dP=1.11e-01]                                                                                                                   [EKF] Reached max_iter=20 without convergence  (final ||ΔP||/||P|| = 1.11e-01)
  [EKF] Posterior innovations  mean=-129.71  std=42.67  max_abs=238.67 TECU
  [EKF] Prior RMSE 26.554 TECU  →  Post RMSE 136.545 TECU
  Saved EKF convergence plot → /home/austinhunter/IonosphereTomography/Figures/ISR_DA_Comparison/OUTPUT/2025-10-18_1227/bin_25/igs_only/2025-10-18_1227_igs_only_ekf_convergence.png
◀◀◀ _run_or_load END   | 2025-10-18_1227 | bin=25  | igs_only  | parametric_ekf : DONE       (446.9s) -> status=ok (no 'status' key)
  [diag] 2025-10-18_1227 | bin=25 : summary of 6 obs_mode/filter_type combos
           ro_only   | gridded_kf     -> Success
           ro_only   | parametric_ekf -> Success
           ro_igs    | gridded_kf     -> Success
           ro_igs    | parametric_ekf -> Success
           igs_only  | gridded_kf     -> ok (no 'status' key)
           igs_only  | parametric_ekf -> ok (no 'status' key)

▶▶▶ compute_isr_metrics START | group=2025-10-18_1227 bin=25
◀◀◀ compute_isr_metrics END   | group=2025-10-18_1227 bin=25 -> 186 metric row(s)

▶▶▶ _plot_group_all_modes START | group=2025-10-18_1227
  [diag] 2025-10-18_1227/ro_igs/gridded_kf: arc-innovation panels thinned to 24 RO + 20/66 representative IGS arcs (of 90 total)
  [diag] 2025-10-18_1227/ro_igs/parametric_ekf: arc-innovation panels thinned to 24 RO + 20/66 representative IGS arcs (of 90 total)
  [diag] 2025-10-18_1227/igs_only/gridded_kf: arc-innovation panels thinned to 0 RO + 20/66 representative IGS arcs (of 66 total)
  [diag] 2025-10-18_1227/igs_only/parametric_ekf: arc-innovation panels thinned to 0 RO + 20/66 representative IGS arcs (of 66 total)
/home/austinhunter/Downloads/PlanetiQ_Code/venv311/lib/python3.11/site-packages/shapely/creation.py:218: RuntimeWarning: invalid value encountered in linestrings
  return lib.linestrings(coords, np.intc(handle_nan), out=out, **kwargs)
/home/austinhunter/IonosphereTomography/plotIonosphereTomography.py:3634: UserWarning: This figure includes Axes that are not compatible with tight_layout, so results might be incorrect.
  plt.tight_layout(rect=[0, 0, 1, 0.98])
/home/austinhunter/IonosphereTomography/plotIonosphereTomography.py:3634: UserWarning: This figure includes Axes that are not compatible with tight_layout, so results might be incorrect.
  plt.tight_layout(rect=[0, 0, 1, 0.98])
/home/austinhunter/IonosphereTomography/plotIonosphereTomography.py:3634: UserWarning: This figure includes Axes that are not compatible with tight_layout, so results might be incorrect.
  plt.tight_layout(rect=[0, 0, 1, 0.98])
◀◀◀ _plot_group_all_modes END   | group=2025-10-18_1227
▶▶▶ _run_or_load START | 2025-10-18_1227 | bin=15  | ro_only   | gridded_kf    
    [diag] 2025-10-18_1227 | bin=15  | ro_only   | gridded_kf     : RUNNING    (force=True, cached=False) ...

────────────────────────────────────────────────────────────
  Group : 2025-10-18_1227
  Window: 2025-10-18_1227  |  Region: POLAR_N  |  15 occultation(s)
────────────────────────────────────────────────────────────
  Parsed 15/15 files successfully.
    [podTc2] GN05 11:47 — 464 valid rays → decimated to 155 (stride 3)
    [podTc2] GN05 11:49 — 469 valid rays → decimated to 157 (stride 3)
    [podTc2] GN04 12:44 — 437 valid rays → decimated to 146 (stride 3)
    [podTc2] GN04 12:44 — 451 valid rays → decimated to 151 (stride 3)
    [podTc2] GN04 12:43 — 616 valid rays → decimated to 154 (stride 4)
    [podTc2] GN04 12:48 — 571 valid rays → decimated to 191 (stride 3)
    [podTc2] GN04 12:54 — 480 valid rays → decimated to 160 (stride 3)
    [podTc2] GN04 12:54 — 363 valid rays → decimated to 182 (stride 2)
    [podTc2] GN04 12:54 — 391 valid rays → decimated to 196 (stride 2)
    [podTc2] GN04 12:34 — 488 valid rays → decimated to 163 (stride 3)
    [podTc2] YM08 12:38 — 381 valid rays → decimated to 191 (stride 2)
    [podTc2] YM08 12:39 — 347 valid rays → decimated to 174 (stride 2)
    [podTc2] GN04 12:41 — 803 valid rays → decimated to 161 (stride 5)
    [podTc2] GN04 12:46 — 515 valid rays → decimated to 172 (stride 3)
    [podTc2] GN04 12:45 — 478 valid rays → decimated to 160 (stride 3)
  Bbox lat [34.3, 88.8]  lon [-84.1, 85.5]  |  union vertices: 110
  Final group: 15 occultation(s), 110 union-mesh vertices
  Saved trim diagnostic → /home/austinhunter/IonosphereTomography/Figures/ISR_DA_Comparison/OUTPUT/2025-10-18_1227/bin_15/ro_only/group_2025-10-18_1227_trim.png
  -> Building H matrices (2513 rays across 15 arc(s), single parallel sweep) …
  -> Building H matrices:    251/2513 rays ( 10.0%)
  -> Building H matrices:    502/2513 rays ( 20.0%)
  -> Building H matrices:    753/2513 rays ( 30.0%)
  -> Building H matrices:   1004/2513 rays ( 40.0%)
  -> Building H matrices:   1255/2513 rays ( 49.9%)
  -> Building H matrices:   1506/2513 rays ( 59.9%)
  -> Building H matrices:   1757/2513 rays ( 69.9%)
  -> Building H matrices:   2008/2513 rays ( 79.9%)
  -> Building H matrices:   2259/2513 rays ( 89.9%)
  -> Building H matrices:   2510/2513 rays ( 99.9%)
  -> Building H matrices:   2513/2513 rays (100.0%)
  Combined H shape : (2513, 6160)  (total rays = 2513)
  Skipping sequential KF assimilation (run_sequential=False).
  Running joint (batch) KF assimilation …
  Prior RMSE  : 25.220 TECU
  Post  RMSE  : 9.537 TECU
    [Abel] GN05 11:47: NmF2=1.71e+11 m⁻³  hmF2=336.4 km
    [Abel] GN05 11:49: NmF2=3.78e+11 m⁻³  hmF2=262.1 km
    [Abel] GN04 12:44: NmF2=2.53e+11 m⁻³  hmF2=302.9 km
    [Abel] GN04 12:44: NmF2=2.60e+11 m⁻³  hmF2=337.3 km
    [Abel] GN04 12:43: NmF2=6.12e+11 m⁻³  hmF2=284.6 km
    [Abel] GN04 12:48: NmF2=6.55e+11 m⁻³  hmF2=249.5 km
    [Abel] GN04 12:54: NmF2=5.19e+11 m⁻³  hmF2=277.7 km
    [Abel] GN04 12:54: NmF2=7.30e+11 m⁻³  hmF2=283.2 km
    [Abel] GN04 12:54: NmF2=9.24e+11 m⁻³  hmF2=262.5 km
    [Abel] GN04 12:34: NmF2=2.96e+11 m⁻³  hmF2=151.9 km
    [Abel] YM08 12:38: NmF2=7.01e+11 m⁻³  hmF2=299.9 km
    [Abel] YM08 12:39: NmF2=3.71e+11 m⁻³  hmF2=276.6 km
    [Abel] GN04 12:41: NmF2=5.67e+11 m⁻³  hmF2=285.9 km
    [Abel] GN04 12:46: NmF2=4.56e+11 m⁻³  hmF2=336.1 km
    [Abel] GN04 12:45: NmF2=1.14e+12 m⁻³  hmF2=287.6 km
◀◀◀ _run_or_load END   | 2025-10-18_1227 | bin=15  | ro_only   | gridded_kf     : DONE       (108.3s) -> status=Success
▶▶▶ _run_or_load START | 2025-10-18_1227 | bin=15  | ro_igs    | gridded_kf    
    [diag] 2025-10-18_1227 | bin=15  | ro_igs    | gridded_kf     : RUNNING    (force=True, cached=False) ...

────────────────────────────────────────────────────────────
  Group : 2025-10-18_1227
  Window: 2025-10-18_1227  |  Region: POLAR_N  |  15 occultation(s)
────────────────────────────────────────────────────────────
  Parsed 15/15 files successfully.
    [podTc2] GN05 11:47 — 464 valid rays → decimated to 155 (stride 3)
    [podTc2] GN05 11:49 — 469 valid rays → decimated to 157 (stride 3)
    [podTc2] GN04 12:44 — 437 valid rays → decimated to 146 (stride 3)
    [podTc2] GN04 12:44 — 451 valid rays → decimated to 151 (stride 3)
    [podTc2] GN04 12:43 — 616 valid rays → decimated to 154 (stride 4)
    [podTc2] GN04 12:48 — 571 valid rays → decimated to 191 (stride 3)
    [podTc2] GN04 12:54 — 480 valid rays → decimated to 160 (stride 3)
    [podTc2] GN04 12:54 — 363 valid rays → decimated to 182 (stride 2)
    [podTc2] GN04 12:54 — 391 valid rays → decimated to 196 (stride 2)
    [podTc2] GN04 12:34 — 488 valid rays → decimated to 163 (stride 3)
    [podTc2] YM08 12:38 — 381 valid rays → decimated to 191 (stride 2)
    [podTc2] YM08 12:39 — 347 valid rays → decimated to 174 (stride 2)
    [podTc2] GN04 12:41 — 803 valid rays → decimated to 161 (stride 5)
    [podTc2] GN04 12:46 — 515 valid rays → decimated to 172 (stride 3)
    [podTc2] GN04 12:45 — 478 valid rays → decimated to 160 (stride 3)
  Bbox lat [34.3, 88.8]  lon [-84.1, 85.5]  |  union vertices: 110
  Final group: 15 occultation(s), 110 union-mesh vertices
  Saved trim diagnostic → /home/austinhunter/IonosphereTomography/Figures/ISR_DA_Comparison/OUTPUT/2025-10-18_1227/bin_15/ro_igs/group_2025-10-18_1227_trim.png
  [extra] Injected 66 ground-station arc(s) → total 81 arc(s) in assimilation pool
  -> Building H matrices (2579 rays across 81 arc(s), single parallel sweep) …
  -> Building H matrices:    257/2579 rays ( 10.0%)
  -> Building H matrices:    514/2579 rays ( 19.9%)
  -> Building H matrices:    771/2579 rays ( 29.9%)
  -> Building H matrices:   1028/2579 rays ( 39.9%)
  -> Building H matrices:   1285/2579 rays ( 49.8%)
  -> Building H matrices:   1542/2579 rays ( 59.8%)
  -> Building H matrices:   1799/2579 rays ( 69.8%)
  -> Building H matrices:   2056/2579 rays ( 79.7%)
  -> Building H matrices:   2313/2579 rays ( 89.7%)
  -> Building H matrices:   2570/2579 rays ( 99.7%)
  -> Building H matrices:   2579/2579 rays (100.0%)
  Combined H shape : (2579, 6160)  (total rays = 2579)
  Skipping sequential KF assimilation (run_sequential=False).
  Running joint (batch) KF assimilation …
  Prior RMSE  : 25.230 TECU
  Post  RMSE  : 10.528 TECU
    [Abel] GN05 11:47: NmF2=1.71e+11 m⁻³  hmF2=336.4 km
    [Abel] GN05 11:49: NmF2=3.78e+11 m⁻³  hmF2=262.1 km
    [Abel] GN04 12:44: NmF2=2.53e+11 m⁻³  hmF2=302.9 km
    [Abel] GN04 12:44: NmF2=2.60e+11 m⁻³  hmF2=337.3 km
    [Abel] GN04 12:43: NmF2=6.12e+11 m⁻³  hmF2=284.6 km
    [Abel] GN04 12:48: NmF2=6.55e+11 m⁻³  hmF2=249.5 km
    [Abel] GN04 12:54: NmF2=5.19e+11 m⁻³  hmF2=277.7 km
    [Abel] GN04 12:54: NmF2=7.30e+11 m⁻³  hmF2=283.2 km
    [Abel] GN04 12:54: NmF2=9.24e+11 m⁻³  hmF2=262.5 km
    [Abel] GN04 12:34: NmF2=2.96e+11 m⁻³  hmF2=151.9 km
    [Abel] YM08 12:38: NmF2=7.01e+11 m⁻³  hmF2=299.9 km
    [Abel] YM08 12:39: NmF2=3.71e+11 m⁻³  hmF2=276.6 km
    [Abel] GN04 12:41: NmF2=5.67e+11 m⁻³  hmF2=285.9 km
    [Abel] GN04 12:46: NmF2=4.56e+11 m⁻³  hmF2=336.1 km
    [Abel] GN04 12:45: NmF2=1.14e+12 m⁻³  hmF2=287.6 km
    [Abel] Skipped 66 ground-station arc(s) (RO-only technique)
/home/austinhunter/Downloads/PlanetiQ_Code/venv311/lib/python3.11/site-packages/shapely/creation.py:218: RuntimeWarning: invalid value encountered in linestrings
  return lib.linestrings(coords, np.intc(handle_nan), out=out, **kwargs)
◀◀◀ _run_or_load END   | 2025-10-18_1227 | bin=15  | ro_igs    | gridded_kf     : DONE       (108.8s) -> status=Success
▶▶▶ _run_or_load START | 2025-10-18_1227 | bin=15  | igs_only  | gridded_kf    
    [diag] 2025-10-18_1227 | bin=15  | igs_only  | gridded_kf     : RUNNING    (force=True, cached=False) ...
    [Info] Initialising information matrix (n_state=12870) …
    [Info] arcs ingested = 66/66  |  obs rows = 66  |  Λ cond ≈ 4.04e+23
    [Info] Solving …
    [Prior] innovation  mean=5.87  std=26.73  n_obs=66
    [Post ] innovation  mean=4.40  std=20.49
    RMSE:  prior=27.365 TECU  →  post=20.953 TECU
◀◀◀ _run_or_load END   | 2025-10-18_1227 | bin=15  | igs_only  | gridded_kf     : DONE       (76.9s) -> status=ok (no 'status' key)
▶▶▶ _run_or_load START | 2025-10-18_1227 | bin=15  | ro_only   | parametric_ekf
    [diag] 2025-10-18_1227 | bin=15  | ro_only   | parametric_ekf : RUNNING    (force=True, cached=False) ...
  [EKF] Building IRI state at 110 grid points (batch call) …
  [EnKF] Estimating background covariance from 50 EDP samples x 110 grid points ...
  [EnKF] Parameter sigma: log10(NmF2)=0.15  hmF2=20  H0=15  gamma=0.15  B0=20  B1=0.3  log10(NmE)=0.2  hmE=8
  [EnKF] Spatial corr (Ne-space KF method): mean=0.958  max=1.000  min=0.751
  [EKF] Running EKF_Param on 15 arc(s) …
  [EKF] 15 arcs  |  2513 profile rays  |  1268 update rays  |  n_state = 880
  [EKF] Prior innovations  mean=0.88  std=23.65  max_abs=136.20 TECU
  [EKF] iterating [analytical]:   0%|          | 0/20 [00:00<?, ?it/s]  [EKF] iterating [analytical]:   0%|          | 0/20 [00:03<?, ?it/s, RMSE=23.667TECU, rel_dP=1.08e-28]                                                                                                          [EKF] Converged at iteration 1  (||ΔP||/||P|| = 1.08e-28 < tol=5.0e-04)
  [EKF] iterating [analytical]:   0%|          | 0/20 [00:03<?, ?it/s, RMSE=23.667TECU, rel_dP=1.08e-28]                                                                                                          [EKF] Posterior innovations  mean=0.88  std=23.65  max_abs=136.20 TECU
  [EKF] Prior RMSE 23.696 TECU  →  Post RMSE 23.696 TECU
  Saved EKF convergence plot → /home/austinhunter/IonosphereTomography/Figures/ISR_DA_Comparison/OUTPUT/2025-10-18_1227/bin_15/ro_only/2025-10-18_1227_ro_only_ekf_convergence.png
◀◀◀ _run_or_load END   | 2025-10-18_1227 | bin=15  | ro_only   | parametric_ekf : DONE       (30.7s) -> status=Success
▶▶▶ _run_or_load START | 2025-10-18_1227 | bin=15  | ro_igs    | parametric_ekf
    [diag] 2025-10-18_1227 | bin=15  | ro_igs    | parametric_ekf : RUNNING    (force=True, cached=False) ...
  [EKF] Building IRI state at 110 grid points (batch call) …
  [EnKF] Estimating background covariance from 50 EDP samples x 110 grid points ...
  [EnKF] Parameter sigma: log10(NmF2)=0.15  hmF2=20  H0=15  gamma=0.15  B0=20  B1=0.3  log10(NmE)=0.2  hmE=8
  [EnKF] Spatial corr (Ne-space KF method): mean=0.958  max=1.000  min=0.751
  [EKF] Running EKF_Param on 81 arc(s) …
  [EKF] 81 arcs  |  2579 profile rays  |  1334 update rays  |  n_state = 880
  [EKF] Prior innovations  mean=26.52  std=29.80  max_abs=193.27 TECU
  [EKF] iterating [analytical]:   0%|          | 0/20 [00:00<?, ?it/s]  [EKF] iterating [analytical]:   0%|          | 0/20 [00:03<?, ?it/s, RMSE=39.889TECU, rel_dP=1.50e-28]                                                                                                          [EKF] Converged at iteration 1  (||ΔP||/||P|| = 1.50e-28 < tol=5.0e-04)
  [EKF] iterating [analytical]:   0%|          | 0/20 [00:03<?, ?it/s, RMSE=39.889TECU, rel_dP=1.50e-28]                                                                                                          [EKF] Posterior innovations  mean=26.52  std=29.80  max_abs=193.27 TECU
  [EKF] Prior RMSE 40.177 TECU  →  Post RMSE 40.177 TECU
  Saved EKF convergence plot → /home/austinhunter/IonosphereTomography/Figures/ISR_DA_Comparison/OUTPUT/2025-10-18_1227/bin_15/ro_igs/2025-10-18_1227_ro_igs_ekf_convergence.png
◀◀◀ _run_or_load END   | 2025-10-18_1227 | bin=15  | ro_igs    | parametric_ekf : DONE       (30.5s) -> status=Success
▶▶▶ _run_or_load START | 2025-10-18_1227 | bin=15  | igs_only  | parametric_ekf
    [diag] 2025-10-18_1227 | bin=15  | igs_only  | parametric_ekf : RUNNING    (force=True, cached=False) ...
  [EKF] Building IRI state at 234 grid points (batch call) …
  [EnKF] Estimating background covariance from 500 EDP samples x 234 grid points ...
  [EnKF] Parameter sigma: log10(NmF2)=0.15  hmF2=20  H0=15  gamma=0.15  B0=20  B1=0.3  log10(NmE)=0.2  hmE=8
  [EnKF] Spatial corr (Ne-space KF method): mean=0.940  max=1.000  min=0.692
  [EKF] Running EKF_Param on 66 arc(s) …
  [EKF] 66 arcs  |  66 profile rays  |  66 update rays  |  n_state = 1872
  [EKF] Prior innovations  mean=-16.09  std=26.71  max_abs=61.46 TECU
  [EKF] iterating [analytical]:   0%|          | 0/20 [00:00<?, ?it/s]  [EKF] iterating [analytical]:   0%|          | 0/20 [00:00<?, ?it/s, RMSE=31.184TECU, rel_dP=2.77e-02]  [EKF] iterating [analytical]:   5%|5         | 1/20 [00:00<00:03,  5.61it/s, RMSE=31.184TECU, rel_dP=2.77e-02]  [EKF] iterating [analytical]:   5%|5         | 1/20 [00:00<00:03,  5.61it/s, RMSE=26.713TECU, rel_dP=2.81e-02]  [EKF] iterating [analytical]:  10%|#         | 2/20 [00:00<00:03,  4.55it/s, RMSE=26.713TECU, rel_dP=2.81e-02]  [EKF] iterating [analytical]:  10%|#         | 2/20 [00:00<00:03,  4.55it/s, RMSE=24.963TECU, rel_dP=3.31e-02]  [EKF] iterating [analytical]:  15%|#5        | 3/20 [00:00<00:03,  4.47it/s, RMSE=24.963TECU, rel_dP=3.31e-02]  [EKF] iterating [analytical]:  15%|#5        | 3/20 [00:00<00:03,  4.47it/s, RMSE=24.239TECU, rel_dP=4.26e-02]  [EKF] iterating [analytical]:  20%|##        | 4/20 [00:00<00:03,  4.45it/s, RMSE=24.239TECU, rel_dP=4.26e-02]  [EKF] iterating [analytical]:  20%|##        | 4/20 [00:01<00:03,  4.45it/s, RMSE=23.834TECU, rel_dP=5.58e-02]  [EKF] iterating [analytical]:  25%|##5       | 5/20 [00:01<00:03,  4.51it/s, RMSE=23.834TECU, rel_dP=5.58e-02]  [EKF] iterating [analytical]:  25%|##5       | 5/20 [00:01<00:03,  4.51it/s, RMSE=23.337TECU, rel_dP=6.83e-02]  [EKF] iterating [analytical]:  30%|###       | 6/20 [00:01<00:03,  4.44it/s, RMSE=23.337TECU, rel_dP=6.83e-02]  [EKF] iterating [analytical]:  30%|###       | 6/20 [00:01<00:03,  4.44it/s, RMSE=22.800TECU, rel_dP=1.06e-01]  [EKF] iterating [analytical]:  35%|###5      | 7/20 [00:01<00:02,  4.45it/s, RMSE=22.800TECU, rel_dP=1.06e-01]  [EKF] iterating [analytical]:  35%|###5      | 7/20 [00:01<00:02,  4.45it/s, RMSE=21.669TECU, rel_dP=7.87e-02]  [EKF] iterating [analytical]:  40%|####      | 8/20 [00:01<00:02,  4.40it/s, RMSE=21.669TECU, rel_dP=7.87e-02]  [EKF] iterating [analytical]:  40%|####      | 8/20 [00:02<00:02,  4.40it/s, RMSE=20.813TECU, rel_dP=9.97e-02]  [EKF] iterating [analytical]:  45%|####5     | 9/20 [00:02<00:02,  4.47it/s, RMSE=20.813TECU, rel_dP=9.97e-02]  [EKF] iterating [analytical]:  45%|####5     | 9/20 [00:02<00:02,  4.47it/s, RMSE=75.968TECU, rel_dP=6.66e-02]  [EKF] iterating [analytical]:  50%|#####     | 10/20 [00:02<00:02,  4.40it/s, RMSE=75.968TECU, rel_dP=6.66e-02]  [EKF] iterating [analytical]:  50%|#####     | 10/20 [00:02<00:02,  4.40it/s, RMSE=48.641TECU, rel_dP=9.16e-02]  [EKF] iterating [analytical]:  55%|#####5    | 11/20 [00:02<00:02,  4.30it/s, RMSE=48.641TECU, rel_dP=9.16e-02]  [EKF] iterating [analytical]:  55%|#####5    | 11/20 [00:02<00:02,  4.30it/s, RMSE=124.190TECU, rel_dP=1.88e-02]  [EKF] iterating [analytical]:  60%|######    | 12/20 [00:02<00:01,  4.26it/s, RMSE=124.190TECU, rel_dP=1.88e-02]  [EKF] iterating [analytical]:  60%|######    | 12/20 [00:02<00:01,  4.26it/s, RMSE=93.873TECU, rel_dP=3.83e-02]   [EKF] iterating [analytical]:  65%|######5   | 13/20 [00:02<00:01,  4.37it/s, RMSE=93.873TECU, rel_dP=3.83e-02]  [EKF] iterating [analytical]:  65%|######5   | 13/20 [00:03<00:01,  4.37it/s, RMSE=108.096TECU, rel_dP=4.41e-02]  [EKF] iterating [analytical]:  70%|#######   | 14/20 [00:03<00:01,  4.39it/s, RMSE=108.096TECU, rel_dP=4.41e-02]  [EKF] iterating [analytical]:  70%|#######   | 14/20 [00:03<00:01,  4.39it/s, RMSE=119.417TECU, rel_dP=4.97e-02]  [EKF] iterating [analytical]:  75%|#######5  | 15/20 [00:03<00:01,  4.44it/s, RMSE=119.417TECU, rel_dP=4.97e-02]  [EKF] iterating [analytical]:  75%|#######5  | 15/20 [00:03<00:01,  4.44it/s, RMSE=109.612TECU, rel_dP=5.73e-02]  [EKF] iterating [analytical]:  80%|########  | 16/20 [00:03<00:00,  4.47it/s, RMSE=109.612TECU, rel_dP=5.73e-02]  [EKF] iterating [analytical]:  80%|########  | 16/20 [00:03<00:00,  4.47it/s, RMSE=115.165TECU, rel_dP=5.29e-02]  [EKF] iterating [analytical]:  85%|########5 | 17/20 [00:03<00:00,  4.49it/s, RMSE=115.165TECU, rel_dP=5.29e-02]  [EKF] iterating [analytical]:  85%|########5 | 17/20 [00:04<00:00,  4.49it/s, RMSE=108.286TECU, rel_dP=5.58e-02]  [EKF] iterating [analytical]:  90%|######### | 18/20 [00:04<00:00,  4.44it/s, RMSE=108.286TECU, rel_dP=5.58e-02]  [EKF] iterating [analytical]:  90%|######### | 18/20 [00:04<00:00,  4.44it/s, RMSE=107.482TECU, rel_dP=5.42e-02]  [EKF] iterating [analytical]:  95%|#########5| 19/20 [00:04<00:00,  4.44it/s, RMSE=107.482TECU, rel_dP=5.42e-02]  [EKF] iterating [analytical]:  95%|#########5| 19/20 [00:04<00:00,  4.44it/s, RMSE=102.047TECU, rel_dP=5.60e-02]  [EKF] iterating [analytical]: 100%|##########| 20/20 [00:04<00:00,  4.45it/s, RMSE=102.047TECU, rel_dP=5.60e-02]                                                                                                                    [EKF] Reached max_iter=20 without convergence  (final ||ΔP||/||P|| = 5.60e-02)
  [EKF] Posterior innovations  mean=-95.95  std=30.27  max_abs=162.64 TECU
  [EKF] Prior RMSE 31.184 TECU  →  Post RMSE 100.615 TECU
  Saved EKF convergence plot → /home/austinhunter/IonosphereTomography/Figures/ISR_DA_Comparison/OUTPUT/2025-10-18_1227/bin_15/igs_only/2025-10-18_1227_igs_only_ekf_convergence.png
◀◀◀ _run_or_load END   | 2025-10-18_1227 | bin=15  | igs_only  | parametric_ekf : DONE       (450.4s) -> status=ok (no 'status' key)
  [diag] 2025-10-18_1227 | bin=15 : summary of 6 obs_mode/filter_type combos
           ro_only   | gridded_kf     -> Success
           ro_only   | parametric_ekf -> Success
           ro_igs    | gridded_kf     -> Success
           ro_igs    | parametric_ekf -> Success
           igs_only  | gridded_kf     -> ok (no 'status' key)
           igs_only  | parametric_ekf -> ok (no 'status' key)

▶▶▶ compute_isr_metrics START | group=2025-10-18_1227 bin=15
◀◀◀ compute_isr_metrics END   | group=2025-10-18_1227 bin=15 -> 186 metric row(s)

▶▶▶ _plot_group_all_modes START | group=2025-10-18_1227
  [diag] 2025-10-18_1227/ro_igs/gridded_kf: arc-innovation panels thinned to 15 RO + 20/66 representative IGS arcs (of 81 total)
  [diag] 2025-10-18_1227/ro_igs/parametric_ekf: arc-innovation panels thinned to 15 RO + 20/66 representative IGS arcs (of 81 total)
  [diag] 2025-10-18_1227/igs_only/gridded_kf: arc-innovation panels thinned to 0 RO + 20/66 representative IGS arcs (of 66 total)
  [diag] 2025-10-18_1227/igs_only/parametric_ekf: arc-innovation panels thinned to 0 RO + 20/66 representative IGS arcs (of 66 total)
/home/austinhunter/Downloads/PlanetiQ_Code/venv311/lib/python3.11/site-packages/shapely/creation.py:218: RuntimeWarning: invalid value encountered in linestrings
  return lib.linestrings(coords, np.intc(handle_nan), out=out, **kwargs)
/home/austinhunter/IonosphereTomography/plotIonosphereTomography.py:3634: UserWarning: This figure includes Axes that are not compatible with tight_layout, so results might be incorrect.
  plt.tight_layout(rect=[0, 0, 1, 0.98])
/home/austinhunter/IonosphereTomography/plotIonosphereTomography.py:3634: UserWarning: This figure includes Axes that are not compatible with tight_layout, so results might be incorrect.
  plt.tight_layout(rect=[0, 0, 1, 0.98])
/home/austinhunter/IonosphereTomography/plotIonosphereTomography.py:3634: UserWarning: This figure includes Axes that are not compatible with tight_layout, so results might be incorrect.
  plt.tight_layout(rect=[0, 0, 1, 0.98])
◀◀◀ _plot_group_all_modes END   | group=2025-10-18_1227
▶▶▶ _run_or_load START | 2025-10-18_1227 | bin=5   | ro_only   | gridded_kf    
    [diag] 2025-10-18_1227 | bin=5   | ro_only   | gridded_kf     : RUNNING    (force=True, cached=False) ...

────────────────────────────────────────────────────────────
  Group : 2025-10-18_1227
  Window: 2025-10-18_1227  |  Region: POLAR_N  |  5 occultation(s)
────────────────────────────────────────────────────────────
  Parsed 5/5 files successfully.
    [podTc2] GN05 11:51 — 362 valid rays → decimated to 181 (stride 2)
    [podTc2] GN04 12:54 — 363 valid rays → decimated to 182 (stride 2)
    [podTc2] GN04 12:54 — 391 valid rays → decimated to 196 (stride 2)
    [podTc2] GN04 12:34 — 488 valid rays → decimated to 163 (stride 3)
    [podTc2] GN04 12:45 — 478 valid rays → decimated to 160 (stride 3)
  Bbox lat [34.3, 88.8]  lon [-84.1, 85.5]  |  union vertices: 52
  Final group: 5 occultation(s), 52 union-mesh vertices
  Saved trim diagnostic → /home/austinhunter/IonosphereTomography/Figures/ISR_DA_Comparison/OUTPUT/2025-10-18_1227/bin_5/ro_only/group_2025-10-18_1227_trim.png
  -> Building H matrices (882 rays across 5 arc(s), single parallel sweep) …
  -> Building H matrices:     88/882 rays ( 10.0%)
  -> Building H matrices:    176/882 rays ( 20.0%)
  -> Building H matrices:    264/882 rays ( 29.9%)
  -> Building H matrices:    352/882 rays ( 39.9%)
  -> Building H matrices:    440/882 rays ( 49.9%)
  -> Building H matrices:    528/882 rays ( 59.9%)
  -> Building H matrices:    616/882 rays ( 69.8%)
  -> Building H matrices:    704/882 rays ( 79.8%)
  -> Building H matrices:    792/882 rays ( 89.8%)
  -> Building H matrices:    880/882 rays ( 99.8%)
  -> Building H matrices:    882/882 rays (100.0%)
  Combined H shape : (882, 2912)  (total rays = 882)
  Skipping sequential KF assimilation (run_sequential=False).
  Running joint (batch) KF assimilation …
  Prior RMSE  : 29.743 TECU
  Post  RMSE  : 9.491 TECU
    [Abel] GN05 11:51: NmF2=2.81e+11 m⁻³  hmF2=294.7 km
    [Abel] GN04 12:54: NmF2=7.30e+11 m⁻³  hmF2=283.2 km
    [Abel] GN04 12:54: NmF2=9.24e+11 m⁻³  hmF2=262.5 km
    [Abel] GN04 12:34: NmF2=2.96e+11 m⁻³  hmF2=151.9 km
    [Abel] GN04 12:45: NmF2=1.14e+12 m⁻³  hmF2=287.6 km
◀◀◀ _run_or_load END   | 2025-10-18_1227 | bin=5   | ro_only   | gridded_kf     : DONE       (22.2s) -> status=Success
▶▶▶ _run_or_load START | 2025-10-18_1227 | bin=5   | ro_igs    | gridded_kf    
    [diag] 2025-10-18_1227 | bin=5   | ro_igs    | gridded_kf     : RUNNING    (force=True, cached=False) ...

────────────────────────────────────────────────────────────
  Group : 2025-10-18_1227
  Window: 2025-10-18_1227  |  Region: POLAR_N  |  5 occultation(s)
────────────────────────────────────────────────────────────
  Parsed 5/5 files successfully.
    [podTc2] GN05 11:51 — 362 valid rays → decimated to 181 (stride 2)
    [podTc2] GN04 12:54 — 363 valid rays → decimated to 182 (stride 2)
    [podTc2] GN04 12:54 — 391 valid rays → decimated to 196 (stride 2)
    [podTc2] GN04 12:34 — 488 valid rays → decimated to 163 (stride 3)
    [podTc2] GN04 12:45 — 478 valid rays → decimated to 160 (stride 3)
  Bbox lat [34.3, 88.8]  lon [-84.1, 85.5]  |  union vertices: 52
  Final group: 5 occultation(s), 52 union-mesh vertices
  Saved trim diagnostic → /home/austinhunter/IonosphereTomography/Figures/ISR_DA_Comparison/OUTPUT/2025-10-18_1227/bin_5/ro_igs/group_2025-10-18_1227_trim.png
  [extra] Injected 66 ground-station arc(s) → total 71 arc(s) in assimilation pool
  -> Building H matrices (948 rays across 71 arc(s), single parallel sweep) …
  -> Building H matrices:     94/948 rays (  9.9%)
  -> Building H matrices:    188/948 rays ( 19.8%)
  -> Building H matrices:    282/948 rays ( 29.7%)
  -> Building H matrices:    376/948 rays ( 39.7%)
  -> Building H matrices:    470/948 rays ( 49.6%)
  -> Building H matrices:    564/948 rays ( 59.5%)
  -> Building H matrices:    658/948 rays ( 69.4%)
  -> Building H matrices:    752/948 rays ( 79.3%)
  -> Building H matrices:    846/948 rays ( 89.2%)
  -> Building H matrices:    940/948 rays ( 99.2%)
  -> Building H matrices:    948/948 rays (100.0%)
  Combined H shape : (948, 2912)  (total rays = 948)
  Skipping sequential KF assimilation (run_sequential=False).
  Running joint (batch) KF assimilation …
  Prior RMSE  : 29.471 TECU
  Post  RMSE  : 11.505 TECU
    [Abel] GN05 11:51: NmF2=2.81e+11 m⁻³  hmF2=294.7 km
    [Abel] GN04 12:54: NmF2=7.30e+11 m⁻³  hmF2=283.2 km
    [Abel] GN04 12:54: NmF2=9.24e+11 m⁻³  hmF2=262.5 km
    [Abel] GN04 12:34: NmF2=2.96e+11 m⁻³  hmF2=151.9 km
    [Abel] GN04 12:45: NmF2=1.14e+12 m⁻³  hmF2=287.6 km
    [Abel] Skipped 66 ground-station arc(s) (RO-only technique)
/home/austinhunter/Downloads/PlanetiQ_Code/venv311/lib/python3.11/site-packages/shapely/creation.py:218: RuntimeWarning: invalid value encountered in linestrings
  return lib.linestrings(coords, np.intc(handle_nan), out=out, **kwargs)
◀◀◀ _run_or_load END   | 2025-10-18_1227 | bin=5   | ro_igs    | gridded_kf     : DONE       (22.5s) -> status=Success
▶▶▶ _run_or_load START | 2025-10-18_1227 | bin=5   | igs_only  | gridded_kf    
    [diag] 2025-10-18_1227 | bin=5   | igs_only  | gridded_kf     : RUNNING    (force=True, cached=False) ...
    [Info] Initialising information matrix (n_state=12870) …
    [Info] arcs ingested = 66/66  |  obs rows = 66  |  Λ cond ≈ 4.04e+23
    [Info] Solving …
    [Prior] innovation  mean=5.87  std=26.73  n_obs=66
    [Post ] innovation  mean=4.40  std=20.49
    RMSE:  prior=27.365 TECU  →  post=20.953 TECU
◀◀◀ _run_or_load END   | 2025-10-18_1227 | bin=5   | igs_only  | gridded_kf     : DONE       (77.3s) -> status=ok (no 'status' key)
▶▶▶ _run_or_load START | 2025-10-18_1227 | bin=5   | ro_only   | parametric_ekf
    [diag] 2025-10-18_1227 | bin=5   | ro_only   | parametric_ekf : RUNNING    (force=True, cached=False) ...
  [EKF] Building IRI state at 52 grid points (batch call) …
  [EnKF] Estimating background covariance from 50 EDP samples x 52 grid points ...
  [EnKF] Parameter sigma: log10(NmF2)=0.15  hmF2=20  H0=15  gamma=0.15  B0=20  B1=0.3  log10(NmE)=0.2  hmE=8
  [EnKF] Spatial corr (Ne-space KF method): mean=0.965  max=1.000  min=0.769
  [EKF] Running EKF_Param on 5 arc(s) …
  [EKF] 5 arcs  |  882 profile rays  |  445 update rays  |  n_state = 416
  [EKF] Prior innovations  mean=-26.68  std=31.19  max_abs=119.64 TECU
  [EKF] iterating [analytical]:   0%|          | 0/20 [00:00<?, ?it/s]  [EKF] iterating [analytical]:   0%|          | 0/20 [00:01<?, ?it/s, RMSE=41.048TECU, rel_dP=3.37e-29]                                                                                                          [EKF] Converged at iteration 1  (||ΔP||/||P|| = 3.37e-29 < tol=5.0e-04)
  [EKF] iterating [analytical]:   0%|          | 0/20 [00:01<?, ?it/s, RMSE=41.048TECU, rel_dP=3.37e-29]                                                                                                          [EKF] Posterior innovations  mean=-26.66  std=31.15  max_abs=119.20 TECU
  [EKF] Prior RMSE 40.959 TECU  →  Post RMSE 40.915 TECU
  Saved EKF convergence plot → /home/austinhunter/IonosphereTomography/Figures/ISR_DA_Comparison/OUTPUT/2025-10-18_1227/bin_5/ro_only/2025-10-18_1227_ro_only_ekf_convergence.png
◀◀◀ _run_or_load END   | 2025-10-18_1227 | bin=5   | ro_only   | parametric_ekf : DONE       (13.1s) -> status=Success
▶▶▶ _run_or_load START | 2025-10-18_1227 | bin=5   | ro_igs    | parametric_ekf
    [diag] 2025-10-18_1227 | bin=5   | ro_igs    | parametric_ekf : RUNNING    (force=True, cached=False) ...
  [EKF] Building IRI state at 52 grid points (batch call) …
  [EnKF] Estimating background covariance from 50 EDP samples x 52 grid points ...
  [EnKF] Parameter sigma: log10(NmF2)=0.15  hmF2=20  H0=15  gamma=0.15  B0=20  B1=0.3  log10(NmE)=0.2  hmE=8
  [EnKF] Spatial corr (Ne-space KF method): mean=0.965  max=1.000  min=0.769
  [EKF] Running EKF_Param on 71 arc(s) …
  [EKF] 71 arcs  |  948 profile rays  |  511 update rays  |  n_state = 416
  [EKF] Prior innovations  mean=1.97  std=38.55  max_abs=145.62 TECU
  [EKF] iterating [analytical]:   0%|          | 0/20 [00:00<?, ?it/s]  [EKF] iterating [analytical]:   0%|          | 0/20 [00:01<?, ?it/s, RMSE=38.597TECU, rel_dP=4.18e-29]                                                                                                          [EKF] Converged at iteration 1  (||ΔP||/||P|| = 4.18e-29 < tol=5.0e-04)
  [EKF] iterating [analytical]:   0%|          | 0/20 [00:01<?, ?it/s, RMSE=38.597TECU, rel_dP=4.18e-29]                                                                                                          [EKF] Posterior innovations  mean=3.73  std=34.01  max_abs=129.18 TECU
  [EKF] Prior RMSE 38.365 TECU  →  Post RMSE 34.283 TECU
  Saved EKF convergence plot → /home/austinhunter/IonosphereTomography/Figures/ISR_DA_Comparison/OUTPUT/2025-10-18_1227/bin_5/ro_igs/2025-10-18_1227_ro_igs_ekf_convergence.png
◀◀◀ _run_or_load END   | 2025-10-18_1227 | bin=5   | ro_igs    | parametric_ekf : DONE       (13.5s) -> status=Success
▶▶▶ _run_or_load START | 2025-10-18_1227 | bin=5   | igs_only  | parametric_ekf
    [diag] 2025-10-18_1227 | bin=5   | igs_only  | parametric_ekf : RUNNING    (force=True, cached=False) ...
  [EKF] Building IRI state at 234 grid points (batch call) …
  [EnKF] Estimating background covariance from 500 EDP samples x 234 grid points ...
  [EnKF] Parameter sigma: log10(NmF2)=0.15  hmF2=20  H0=15  gamma=0.15  B0=20  B1=0.3  log10(NmE)=0.2  hmE=8
  [EnKF] Spatial corr (Ne-space KF method): mean=0.940  max=1.000  min=0.692
  [EKF] Running EKF_Param on 66 arc(s) …
  [EKF] 66 arcs  |  66 profile rays  |  66 update rays  |  n_state = 1872
  [EKF] Prior innovations  mean=11.02  std=25.07  max_abs=63.02 TECU
  [EKF] iterating [analytical]:   0%|          | 0/20 [00:00<?, ?it/s]  [EKF] iterating [analytical]:   0%|          | 0/20 [00:00<?, ?it/s, RMSE=27.384TECU, rel_dP=2.77e-02]  [EKF] iterating [analytical]:   5%|5         | 1/20 [00:00<00:03,  5.36it/s, RMSE=27.384TECU, rel_dP=2.77e-02]  [EKF] iterating [analytical]:   5%|5         | 1/20 [00:00<00:03,  5.36it/s, RMSE=25.472TECU, rel_dP=2.12e-02]  [EKF] iterating [analytical]:  10%|#         | 2/20 [00:00<00:03,  4.90it/s, RMSE=25.472TECU, rel_dP=2.12e-02]  [EKF] iterating [analytical]:  10%|#         | 2/20 [00:00<00:03,  4.90it/s, RMSE=24.928TECU, rel_dP=2.30e-02]  [EKF] iterating [analytical]:  15%|#5        | 3/20 [00:00<00:03,  4.61it/s, RMSE=24.928TECU, rel_dP=2.30e-02]  [EKF] iterating [analytical]:  15%|#5        | 3/20 [00:00<00:03,  4.61it/s, RMSE=24.581TECU, rel_dP=2.24e-02]  [EKF] iterating [analytical]:  20%|##        | 4/20 [00:00<00:03,  4.49it/s, RMSE=24.581TECU, rel_dP=2.24e-02]  [EKF] iterating [analytical]:  20%|##        | 4/20 [00:01<00:03,  4.49it/s, RMSE=24.304TECU, rel_dP=2.60e-02]  [EKF] iterating [analytical]:  25%|##5       | 5/20 [00:01<00:03,  4.51it/s, RMSE=24.304TECU, rel_dP=2.60e-02]  [EKF] iterating [analytical]:  25%|##5       | 5/20 [00:01<00:03,  4.51it/s, RMSE=24.056TECU, rel_dP=2.69e-02]  [EKF] iterating [analytical]:  30%|###       | 6/20 [00:01<00:03,  4.41it/s, RMSE=24.056TECU, rel_dP=2.69e-02]  [EKF] iterating [analytical]:  30%|###       | 6/20 [00:01<00:03,  4.41it/s, RMSE=23.807TECU, rel_dP=2.98e-02]  [EKF] iterating [analytical]:  35%|###5      | 7/20 [00:01<00:02,  4.38it/s, RMSE=23.807TECU, rel_dP=2.98e-02]  [EKF] iterating [analytical]:  35%|###5      | 7/20 [00:01<00:02,  4.38it/s, RMSE=23.543TECU, rel_dP=3.68e-02]  [EKF] iterating [analytical]:  40%|####      | 8/20 [00:01<00:02,  4.38it/s, RMSE=23.543TECU, rel_dP=3.68e-02]  [EKF] iterating [analytical]:  40%|####      | 8/20 [00:01<00:02,  4.38it/s, RMSE=23.236TECU, rel_dP=4.18e-02]  [EKF] iterating [analytical]:  45%|####5     | 9/20 [00:01<00:02,  4.45it/s, RMSE=23.236TECU, rel_dP=4.18e-02]  [EKF] iterating [analytical]:  45%|####5     | 9/20 [00:02<00:02,  4.45it/s, RMSE=22.888TECU, rel_dP=5.07e-02]  [EKF] iterating [analytical]:  50%|#####     | 10/20 [00:02<00:02,  4.44it/s, RMSE=22.888TECU, rel_dP=5.07e-02]  [EKF] iterating [analytical]:  50%|#####     | 10/20 [00:02<00:02,  4.44it/s, RMSE=22.397TECU, rel_dP=7.09e-02]  [EKF] iterating [analytical]:  55%|#####5    | 11/20 [00:02<00:02,  4.49it/s, RMSE=22.397TECU, rel_dP=7.09e-02]  [EKF] iterating [analytical]:  55%|#####5    | 11/20 [00:02<00:02,  4.49it/s, RMSE=22.368TECU, rel_dP=8.62e-02]  [EKF] iterating [analytical]:  60%|######    | 12/20 [00:02<00:01,  4.39it/s, RMSE=22.368TECU, rel_dP=8.62e-02]  [EKF] iterating [analytical]:  60%|######    | 12/20 [00:02<00:01,  4.39it/s, RMSE=23.181TECU, rel_dP=5.39e-02]  [EKF] iterating [analytical]:  65%|######5   | 13/20 [00:02<00:01,  4.46it/s, RMSE=23.181TECU, rel_dP=5.39e-02]  [EKF] iterating [analytical]:  65%|######5   | 13/20 [00:03<00:01,  4.46it/s, RMSE=21.592TECU, rel_dP=6.87e-02]  [EKF] iterating [analytical]:  70%|#######   | 14/20 [00:03<00:01,  4.44it/s, RMSE=21.592TECU, rel_dP=6.87e-02]  [EKF] iterating [analytical]:  70%|#######   | 14/20 [00:03<00:01,  4.44it/s, RMSE=75.509TECU, rel_dP=4.21e-02]  [EKF] iterating [analytical]:  75%|#######5  | 15/20 [00:03<00:01,  4.44it/s, RMSE=75.509TECU, rel_dP=4.21e-02]  [EKF] iterating [analytical]:  75%|#######5  | 15/20 [00:03<00:01,  4.44it/s, RMSE=36.169TECU, rel_dP=7.98e-02]  [EKF] iterating [analytical]:  80%|########  | 16/20 [00:03<00:00,  4.43it/s, RMSE=36.169TECU, rel_dP=7.98e-02]  [EKF] iterating [analytical]:  80%|########  | 16/20 [00:03<00:00,  4.43it/s, RMSE=124.736TECU, rel_dP=5.54e-02]  [EKF] iterating [analytical]:  85%|########5 | 17/20 [00:03<00:00,  4.37it/s, RMSE=124.736TECU, rel_dP=5.54e-02]  [EKF] iterating [analytical]:  85%|########5 | 17/20 [00:04<00:00,  4.37it/s, RMSE=97.837TECU, rel_dP=5.90e-02]   [EKF] iterating [analytical]:  90%|######### | 18/20 [00:04<00:00,  4.42it/s, RMSE=97.837TECU, rel_dP=5.90e-02]  [EKF] iterating [analytical]:  90%|######### | 18/20 [00:04<00:00,  4.42it/s, RMSE=126.272TECU, rel_dP=5.68e-02]  [EKF] iterating [analytical]:  95%|#########5| 19/20 [00:04<00:00,  4.41it/s, RMSE=126.272TECU, rel_dP=5.68e-02]  [EKF] iterating [analytical]:  95%|#########5| 19/20 [00:04<00:00,  4.41it/s, RMSE=141.054TECU, rel_dP=5.66e-02]  [EKF] iterating [analytical]: 100%|##########| 20/20 [00:04<00:00,  4.43it/s, RMSE=141.054TECU, rel_dP=5.66e-02]                                                                                                                    [EKF] Reached max_iter=20 without convergence  (final ||ΔP||/||P|| = 5.66e-02)
  [EKF] Posterior innovations  mean=-142.96  std=42.74  max_abs=256.73 TECU
  [EKF] Prior RMSE 27.384 TECU  →  Post RMSE 149.212 TECU
  Saved EKF convergence plot → /home/austinhunter/IonosphereTomography/Figures/ISR_DA_Comparison/OUTPUT/2025-10-18_1227/bin_5/igs_only/2025-10-18_1227_igs_only_ekf_convergence.png
◀◀◀ _run_or_load END   | 2025-10-18_1227 | bin=5   | igs_only  | parametric_ekf : DONE       (450.8s) -> status=ok (no 'status' key)
  [diag] 2025-10-18_1227 | bin=5 : summary of 6 obs_mode/filter_type combos
           ro_only   | gridded_kf     -> Success
           ro_only   | parametric_ekf -> Success
           ro_igs    | gridded_kf     -> Success
           ro_igs    | parametric_ekf -> Success
           igs_only  | gridded_kf     -> ok (no 'status' key)
           igs_only  | parametric_ekf -> ok (no 'status' key)

▶▶▶ compute_isr_metrics START | group=2025-10-18_1227 bin=5
◀◀◀ compute_isr_metrics END   | group=2025-10-18_1227 bin=5 -> 186 metric row(s)

▶▶▶ _plot_group_all_modes START | group=2025-10-18_1227
  [diag] 2025-10-18_1227/ro_igs/gridded_kf: arc-innovation panels thinned to 5 RO + 20/66 representative IGS arcs (of 71 total)
  [diag] 2025-10-18_1227/ro_igs/parametric_ekf: arc-innovation panels thinned to 5 RO + 20/66 representative IGS arcs (of 71 total)
  [diag] 2025-10-18_1227/igs_only/gridded_kf: arc-innovation panels thinned to 0 RO + 20/66 representative IGS arcs (of 66 total)
  [diag] 2025-10-18_1227/igs_only/parametric_ekf: arc-innovation panels thinned to 0 RO + 20/66 representative IGS arcs (of 66 total)
/home/austinhunter/Downloads/PlanetiQ_Code/venv311/lib/python3.11/site-packages/shapely/creation.py:218: RuntimeWarning: invalid value encountered in linestrings
  return lib.linestrings(coords, np.intc(handle_nan), out=out, **kwargs)
/home/austinhunter/IonosphereTomography/plotIonosphereTomography.py:3634: UserWarning: This figure includes Axes that are not compatible with tight_layout, so results might be incorrect.
  plt.tight_layout(rect=[0, 0, 1, 0.98])
/home/austinhunter/IonosphereTomography/plotIonosphereTomography.py:3634: UserWarning: This figure includes Axes that are not compatible with tight_layout, so results might be incorrect.
  plt.tight_layout(rect=[0, 0, 1, 0.98])
/home/austinhunter/IonosphereTomography/plotIonosphereTomography.py:3634: UserWarning: This figure includes Axes that are not compatible with tight_layout, so results might be incorrect.
  plt.tight_layout(rect=[0, 0, 1, 0.98])
◀◀◀ _plot_group_all_modes END   | group=2025-10-18_1227

======================================================================
[Day] 2025-10-19  tier=2  instruments=['ESR']
  Scanning 3083 files for metadata …
  Found 3083 valid files across 549 geographic groups (47 30-min windows).
[ISR-DA][minima-windows] 2025-10-19: 5 window(s) (>= 10 arcs each)
  0155  centre=2025-10-19 01:55:00  n_occ=15  span=[2025-10-19 00:00:00 .. 2025-10-19 03:50:00)
  0925  centre=2025-10-19 09:25:00  n_occ=11  span=[2025-10-19 08:35:00 .. 2025-10-19 10:15:00)
  1100  centre=2025-10-19 11:00:00  n_occ=12  span=[2025-10-19 10:15:00 .. 2025-10-19 11:45:00)
  1232  centre=2025-10-19 12:32:30  n_occ=25  span=[2025-10-19 11:45:00 .. 2025-10-19 13:20:00)
  1432  centre=2025-10-19 14:32:30  n_occ=31  span=[2025-10-19 13:20:00 .. 2025-10-19 15:45:00)
  [IGS/TRO1] Running TEC pipeline for 2025-10-19 …
  [nav] Using multi-GNSS mixed nav: BRDC00IGS_R_20252920000_01D_MN.rnx.gz
  [TRO1]  10/102 SVs (  9.8%)    0 arcs
  [TRO1]  20/102 SVs ( 19.6%)    2 arcs
  [TRO1]  30/102 SVs ( 29.4%)   58 arcs
  [TRO1]  40/102 SVs ( 39.2%)  129 arcs
  [TRO1]  50/102 SVs ( 49.0%)  188 arcs
  [TRO1]  60/102 SVs ( 58.8%)  258 arcs
  [TRO1]  70/102 SVs ( 68.6%)  305 arcs
  [TRO1]  80/102 SVs ( 78.4%)  362 arcs
  [TRO1]  90/102 SVs ( 88.2%)  411 arcs
  [TRO1] 100/102 SVs ( 98.0%)  462 arcs
  [TRO1] 102/102 SVs (100.0%)  467 arcs
  [TRO1] 102/102 SVs done  467 arcs
  [IGS/TRO1] 467 raw arcs → 214 valid entries
  [IGS/WUTH] Running TEC pipeline for 2025-10-19 …
  [nav] Using multi-GNSS mixed nav: BRDC00IGS_R_20252920000_01D_MN.rnx.gz
  [WUTH]  12/124 SVs (  9.7%)   99 arcs
  [WUTH]  24/124 SVs ( 19.4%)  189 arcs
  [WUTH]  36/124 SVs ( 29.0%)  273 arcs
  [WUTH]  48/124 SVs ( 38.7%)  354 arcs
  [WUTH]  60/124 SVs ( 48.4%)  450 arcs
  [WUTH]  72/124 SVs ( 58.1%)  564 arcs
  [WUTH]  84/124 SVs ( 67.7%)  666 arcs
  [WUTH]  96/124 SVs ( 77.4%)  772 arcs
  [WUTH] 108/124 SVs ( 87.1%)  875 arcs
  [WUTH] 120/124 SVs ( 96.8%)  970 arcs
  [WUTH] 124/124 SVs (100.0%)  1009 arcs
  [WUTH] 124/124 SVs done  1009 arcs
  [IGS/WUTH] 1009 raw arcs → 453 valid entries
  [IGS/NYA1] Running TEC pipeline for 2025-10-19 …
  [nav] Using multi-GNSS mixed nav: BRDC00IGS_R_20252920000_01D_MN.rnx.gz
  [NYA1]  10/101 SVs (  9.9%)    1 arcs
  [NYA1]  20/101 SVs ( 19.8%)   13 arcs
  [NYA1]  30/101 SVs ( 29.7%)   90 arcs
  [NYA1]  40/101 SVs ( 39.6%)  175 arcs
  [NYA1]  50/101 SVs ( 49.5%)  268 arcs
  [NYA1]  60/101 SVs ( 59.4%)  357 arcs
  [NYA1]  70/101 SVs ( 69.3%)  463 arcs
  [NYA1]  80/101 SVs ( 79.2%)  557 arcs
  [NYA1]  90/101 SVs ( 89.1%)  616 arcs
  [NYA1] 100/101 SVs ( 99.0%)  699 arcs
  [NYA1] 101/101 SVs (100.0%)  705 arcs
  [NYA1] 101/101 SVs done  705 arcs
  [IGS/NYA1] 705 raw arcs → 328 valid entries
  0 minima window(s), 995 IGS arc(s)
  [skip] No GNSS-RO minima windows for this day matching --window 1227.

======================================================================
[Day] 2025-11-03  tier=2  instruments=['TRO']
  Scanning 33 files for metadata …
  Found 33 valid files across 7 geographic groups (1 30-min windows).
  [IGS/TRO1] Running TEC pipeline for 2025-11-03 …
  [nav] Using multi-GNSS mixed nav: BRDC00IGS_R_20253070000_01D_MN.rnx.gz
  [TRO1]  10/101 SVs (  9.9%)    0 arcs
  [TRO1]  20/101 SVs ( 19.8%)   12 arcs
  [TRO1]  30/101 SVs ( 29.7%)   82 arcs
  [TRO1]  40/101 SVs ( 39.6%)  171 arcs
  [TRO1]  50/101 SVs ( 49.5%)  254 arcs
  [TRO1]  60/101 SVs ( 59.4%)  331 arcs
  [TRO1]  70/101 SVs ( 69.3%)  407 arcs
  [TRO1]  80/101 SVs ( 79.2%)  474 arcs
  [TRO1]  90/101 SVs ( 89.1%)  526 arcs
  [TRO1] 100/101 SVs ( 99.0%)  606 arcs
  [TRO1] 101/101 SVs (100.0%)  613 arcs
  [TRO1] 101/101 SVs done  613 arcs
  [IGS/TRO1] 613 raw arcs → 262 valid entries
  [IGS/WUTH] Running TEC pipeline for 2025-11-03 …
  [nav] Using multi-GNSS mixed nav: BRDC00IGS_R_20253070000_01D_MN.rnx.gz
  [WUTH]  12/123 SVs (  9.8%)  114 arcs
  [WUTH]  24/123 SVs ( 19.5%)  199 arcs
  [WUTH]  36/123 SVs ( 29.3%)  301 arcs
  [WUTH]  48/123 SVs ( 39.0%)  389 arcs
  [WUTH]  60/123 SVs ( 48.8%)  497 arcs
  [WUTH]  72/123 SVs ( 58.5%)  619 arcs
  [WUTH]  84/123 SVs ( 68.3%)  741 arcs
  [WUTH]  96/123 SVs ( 78.0%)  848 arcs
  [WUTH] 108/123 SVs ( 87.8%)  949 arcs
  [WUTH] 120/123 SVs ( 97.6%)  1055 arcs
  [WUTH] 123/123 SVs (100.0%)  1080 arcs
  [WUTH] 123/123 SVs done  1080 arcs
  [IGS/WUTH] 1080 raw arcs → 479 valid entries
  [IGS/NYA1] Running TEC pipeline for 2025-11-03 …
  [nav] Using multi-GNSS mixed nav: BRDC00IGS_R_20253070000_01D_MN.rnx.gz
  [NYA1]  10/100 SVs ( 10.0%)    0 arcs
  [NYA1]  20/100 SVs ( 20.0%)    9 arcs
  [NYA1]  30/100 SVs ( 30.0%)   99 arcs
  [NYA1]  40/100 SVs ( 40.0%)  178 arcs
  [NYA1]  50/100 SVs ( 50.0%)  266 arcs
  [NYA1]  60/100 SVs ( 60.0%)  368 arcs
  [NYA1]  70/100 SVs ( 70.0%)  446 arcs
  [NYA1]  80/100 SVs ( 80.0%)  529 arcs
  [NYA1]  90/100 SVs ( 90.0%)  588 arcs
  [NYA1] 100/100 SVs (100.0%)  668 arcs
  [NYA1] 100/100 SVs done  668 arcs
  [IGS/NYA1] 668 raw arcs → 287 valid entries
  0 minima window(s), 1028 IGS arc(s)
  [skip] No GNSS-RO minima windows for this day matching --window 1227.

======================================================================
[Day] 2025-11-05  tier=2  instruments=['TRO']
  Scanning 25 files for metadata …
  Found 25 valid files across 6 geographic groups (2 30-min windows).
  [IGS/TRO1] Running TEC pipeline for 2025-11-05 …
  [nav] Using multi-GNSS mixed nav: BRDC00IGS_R_20253090000_01D_MN.rnx.gz
[TRO1] E02: no exact DCB match for any viable Galileo pair — DCB correction will be 0; selected E1/E5a (C1X-C5X)
[TRO1] E03: no exact DCB match for any viable Galileo pair — DCB correction will be 0; selected E1/E5a (C1X-C5X)
[TRO1] E04: no exact DCB match for any viable Galileo pair — DCB correction will be 0; selected E1/E5a (C1X-C5X)
[TRO1] E05: no exact DCB match for any viable Galileo pair — DCB correction will be 0; selected E1/E5a (C1X-C5X)
[TRO1] E06: no exact DCB match for any viable Galileo pair — DCB correction will be 0; selected E1/E5a (C1X-C5X)
[TRO1] E07: no exact DCB match for any viable Galileo pair — DCB correction will be 0; selected E1/E5a (C1X-C5X)
[TRO1] E08: no exact DCB match for any viable Galileo pair — DCB correction will be 0; selected E1/E5a (C1X-C5X)
[TRO1] E09: no exact DCB match for any viable Galileo pair — DCB correction will be 0; selected E1/E5a (C1X-C5X)
[TRO1] E10: no exact DCB match for any viable Galileo pair — DCB correction will be 0; selected E1/E5a (C1X-C5X)
[TRO1] E11: no exact DCB match for any viable Galileo pair — DCB correction will be 0; selected E1/E5a (C1X-C5X)
[TRO1] E12: no exact DCB match for any viable Galileo pair — DCB correction will be 0; selected E1/E5a (C1X-C5X)
[TRO1] E13: no exact DCB match for any viable Galileo pair — DCB correction will be 0; selected E1/E5a (C1X-C5X)
[TRO1] E15: no exact DCB match for any viable Galileo pair — DCB correction will be 0; selected E1/E5a (C1X-C5X)
[TRO1] E16: no exact DCB match for any viable Galileo pair — DCB correction will be 0; selected E1/E5a (C1X-C5X)
[TRO1] E19: no exact DCB match for any viable Galileo pair — DCB correction will be 0; selected E1/E5a (C1X-C5X)
[TRO1] E21: no exact DCB match for any viable Galileo pair — DCB correction will be 0; selected E1/E5a (C1X-C5X)
[TRO1] E23: no exact DCB match for any viable Galileo pair — DCB correction will be 0; selected E1/E5a (C1X-C5X)
[TRO1] E25: no exact DCB match for any viable Galileo pair — DCB correction will be 0; selected E1/E5a (C1X-C5X)
[TRO1] E26: no exact DCB match for any viable Galileo pair — DCB correction will be 0; selected E1/E5a (C1X-C5X)
[TRO1] E27: no exact DCB match for any viable Galileo pair — DCB correction will be 0; selected E1/E5a (C1X-C5X)
[TRO1] E29: no exact DCB match for any viable Galileo pair — DCB correction will be 0; selected E1/E5a (C1X-C5X)
[TRO1] E30: no exact DCB match for any viable Galileo pair — DCB correction will be 0; selected E1/E5a (C1X-C5X)
[TRO1] E31: no exact DCB match for any viable Galileo pair — DCB correction will be 0; selected E1/E5a (C1X-C5X)
[TRO1] E33: no exact DCB match for any viable Galileo pair — DCB correction will be 0; selected E1/E5a (C1X-C5X)
[TRO1] E34: no exact DCB match for any viable Galileo pair — DCB correction will be 0; selected E1/E5a (C1X-C5X)
[TRO1] E36: no exact DCB match for any viable Galileo pair — DCB correction will be 0; selected E1/E5a (C1X-C5X)
  [TRO1]  10/101 SVs (  9.9%)    0 arcs
  [TRO1]  20/101 SVs ( 19.8%)    3 arcs
  [TRO1]  30/101 SVs ( 29.7%)   92 arcs
  [TRO1]  40/101 SVs ( 39.6%)  193 arcs
  [TRO1]  50/101 SVs ( 49.5%)  274 arcs
  [TRO1]  60/101 SVs ( 59.4%)  320 arcs
  [TRO1]  70/101 SVs ( 69.3%)  375 arcs
  [TRO1]  80/101 SVs ( 79.2%)  444 arcs
  [TRO1]  90/101 SVs ( 89.1%)  511 arcs
  [TRO1] 100/101 SVs ( 99.0%)  603 arcs
  [TRO1] 101/101 SVs (100.0%)  617 arcs
  [TRO1] 101/101 SVs done  617 arcs
  [IGS/TRO1] 617 raw arcs → 213 valid entries
  [IGS/WUTH] Running TEC pipeline for 2025-11-05 …
  [nav] Using multi-GNSS mixed nav: BRDC00IGS_R_20253090000_01D_MN.rnx.gz
  [WUTH]  12/123 SVs (  9.8%)   84 arcs
  [WUTH]  24/123 SVs ( 19.5%)  158 arcs
  [WUTH]  36/123 SVs ( 29.3%)  240 arcs
  [WUTH]  48/123 SVs ( 39.0%)  309 arcs
  [WUTH]  60/123 SVs ( 48.8%)  389 arcs
  [WUTH]  72/123 SVs ( 58.5%)  460 arcs
  [WUTH]  84/123 SVs ( 68.3%)  494 arcs
  [WUTH]  96/123 SVs ( 78.0%)  530 arcs
  [WUTH] 108/123 SVs ( 87.8%)  574 arcs
  [WUTH] 120/123 SVs ( 97.6%)  671 arcs
  [WUTH] 123/123 SVs (100.0%)  702 arcs
  [WUTH] 123/123 SVs done  702 arcs
  [IGS/WUTH] 702 raw arcs → 349 valid entries
  [IGS/NYA1] Running TEC pipeline for 2025-11-05 …
  [nav] Using multi-GNSS mixed nav: BRDC00IGS_R_20253090000_01D_MN.rnx.gz
[NYA1] E02: no exact DCB match for any viable Galileo pair — DCB correction will be 0; selected E1/E5a (C1X-C5X)
[NYA1] E03: no exact DCB match for any viable Galileo pair — DCB correction will be 0; selected E1/E5a (C1X-C5X)
[NYA1] E04: no exact DCB match for any viable Galileo pair — DCB correction will be 0; selected E1/E5a (C1X-C5X)
[NYA1] E05: no exact DCB match for any viable Galileo pair — DCB correction will be 0; selected E1/E5a (C1X-C5X)
[NYA1] E06: no exact DCB match for any viable Galileo pair — DCB correction will be 0; selected E1/E5a (C1X-C5X)
[NYA1] E07: no exact DCB match for any viable Galileo pair — DCB correction will be 0; selected E1/E5a (C1X-C5X)
[NYA1] E08: no exact DCB match for any viable Galileo pair — DCB correction will be 0; selected E1/E5a (C1X-C5X)
[NYA1] E09: no exact DCB match for any viable Galileo pair — DCB correction will be 0; selected E1/E5a (C1X-C5X)
[NYA1] E10: no exact DCB match for any viable Galileo pair — DCB correction will be 0; selected E1/E5a (C1X-C5X)
[NYA1] E11: no exact DCB match for any viable Galileo pair — DCB correction will be 0; selected E1/E5a (C1X-C5X)
[NYA1] E12: no exact DCB match for any viable Galileo pair — DCB correction will be 0; selected E1/E5a (C1X-C5X)
[NYA1] E13: no exact DCB match for any viable Galileo pair — DCB correction will be 0; selected E1/E5a (C1X-C5X)
[NYA1] E15: no exact DCB match for any viable Galileo pair — DCB correction will be 0; selected E1/E5a (C1X-C5X)
[NYA1] E16: no exact DCB match for any viable Galileo pair — DCB correction will be 0; selected E1/E5a (C1X-C5X)
[NYA1] E19: no exact DCB match for any viable Galileo pair — DCB correction will be 0; selected E1/E5a (C1X-C5X)
[NYA1] E21: no exact DCB match for any viable Galileo pair — DCB correction will be 0; selected E1/E5a (C1X-C5X)
[NYA1] E23: no exact DCB match for any viable Galileo pair — DCB correction will be 0; selected E1/E5a (C1X-C5X)
[NYA1] E25: no exact DCB match for any viable Galileo pair — DCB correction will be 0; selected E1/E5a (C1X-C5X)
[NYA1] E26: no exact DCB match for any viable Galileo pair — DCB correction will be 0; selected E1/E5a (C1X-C5X)
[NYA1] E27: no exact DCB match for any viable Galileo pair — DCB correction will be 0; selected E1/E5a (C1X-C5X)
[NYA1] E29: no exact DCB match for any viable Galileo pair — DCB correction will be 0; selected E1/E5a (C1X-C5X)
[NYA1] E30: no exact DCB match for any viable Galileo pair — DCB correction will be 0; selected E1/E5a (C1X-C5X)
[NYA1] E31: no exact DCB match for any viable Galileo pair — DCB correction will be 0; selected E1/E5a (C1X-C5X)
[NYA1] E33: no exact DCB match for any viable Galileo pair — DCB correction will be 0; selected E1/E5a (C1X-C5X)
[NYA1] E34: no exact DCB match for any viable Galileo pair — DCB correction will be 0; selected E1/E5a (C1X-C5X)
[NYA1] E36: no exact DCB match for any viable Galileo pair — DCB correction will be 0; selected E1/E5a (C1X-C5X)
  [NYA1]  10/100 SVs ( 10.0%)    0 arcs
  [NYA1]  20/100 SVs ( 20.0%)   10 arcs
  [NYA1]  30/100 SVs ( 30.0%)   70 arcs
  [NYA1]  40/100 SVs ( 40.0%)  136 arcs
  [NYA1]  50/100 SVs ( 50.0%)  207 arcs
  [NYA1]  60/100 SVs ( 60.0%)  240 arcs
  [NYA1]  70/100 SVs ( 70.0%)  292 arcs
  [NYA1]  80/100 SVs ( 80.0%)  330 arcs
  [NYA1]  90/100 SVs ( 90.0%)  381 arcs
  [NYA1] 100/100 SVs (100.0%)  460 arcs
  [NYA1] 100/100 SVs done  460 arcs
  [IGS/NYA1] 460 raw arcs → 223 valid entries
  0 minima window(s), 785 IGS arc(s)
  [skip] No GNSS-RO minima windows for this day matching --window 1227.

======================================================================
[Day] 2025-11-07  tier=2  instruments=['ESR']
  Scanning 3619 files for metadata …
  Found 3619 valid files across 576 geographic groups (48 30-min windows).
[ISR-DA][minima-windows] 2025-11-07: 7 window(s) (>= 10 arcs each)
  0037  centre=2025-11-07 00:37:30  n_occ=13  span=[2025-11-07 00:00:00 .. 2025-11-07 01:15:00)
  0205  centre=2025-11-07 02:05:00  n_occ=25  span=[2025-11-07 01:15:00 .. 2025-11-07 02:55:00)
  0345  centre=2025-11-07 03:45:00  n_occ=10  span=[2025-11-07 02:55:00 .. 2025-11-07 04:35:00)
  1000  centre=2025-11-07 10:00:00  n_occ=27  span=[2025-11-07 09:10:00 .. 2025-11-07 10:50:00)
  1140  centre=2025-11-07 11:40:00  n_occ=31  span=[2025-11-07 10:50:00 .. 2025-11-07 12:30:00)
  1315  centre=2025-11-07 13:15:00  n_occ=18  span=[2025-11-07 12:30:00 .. 2025-11-07 14:00:00)
  1625  centre=2025-11-07 16:25:00  n_occ=22  span=[2025-11-07 14:00:00 .. 2025-11-07 18:50:00)
  [IGS/TRO1] Running TEC pipeline for 2025-11-07 …
  [nav] Using multi-GNSS mixed nav: BRDC00IGS_R_20253110000_01D_MN.rnx.gz
  [TRO1]  10/101 SVs (  9.9%)    0 arcs
  [TRO1]  20/101 SVs ( 19.8%)    6 arcs
  [TRO1]  30/101 SVs ( 29.7%)   91 arcs
  [TRO1]  40/101 SVs ( 39.6%)  165 arcs
  [TRO1]  50/101 SVs ( 49.5%)  258 arcs
  [TRO1]  60/101 SVs ( 59.4%)  329 arcs
  [TRO1]  70/101 SVs ( 69.3%)  403 arcs
  [TRO1]  80/101 SVs ( 79.2%)  494 arcs
  [TRO1]  90/101 SVs ( 89.1%)  544 arcs
  [TRO1] 100/101 SVs ( 99.0%)  620 arcs
  [TRO1] 101/101 SVs (100.0%)  629 arcs
  [TRO1] 101/101 SVs done  629 arcs
  [IGS/TRO1] 629 raw arcs → 266 valid entries
  [IGS/WUTH] Running TEC pipeline for 2025-11-07 …
  [IGS/WUTH] Pipeline failed: No RINEX-3 observation file found in https://cddis.nasa.gov/archive/gnss/data/daily/2025/311/25d for station WUTH. Available: ['ABMF00GLP_R_20253110000_01D_30S_MO.crx.gz ', 'ABPO00MDG_R_20253110000_01D_30S_MO.crx.gz ', 'AC2300USA_R_20253110000_01D_15S_MO.crx.gz ', 'AC2400USA_R_20253110000_01D_15S_MO.crx.gz ', 'ACRG00GHA_R_20253110000_01D_30S_MO.crx.gz ', 'ACSO00USA_R_20253110000_01D_15S_MO.crx.gz ', 'ADIS00ETH_R_20253110000_01D_30S_MO.crx.gz ', 'AIRA00JPN_R_20253110000_01D_30S_MO.crx.gz ', 'AJAC00FRA_R_20253110000_01D_30S_MO.crx.gz ', 'AL2H00CAN_R_20253110000_01D_30S_MO.crx.gz ']
  [IGS/NYA1] Running TEC pipeline for 2025-11-07 …
  [nav] Using multi-GNSS mixed nav: BRDC00IGS_R_20253110000_01D_MN.rnx.gz
  [NYA1]  10/100 SVs ( 10.0%)    1 arcs
  [NYA1]  20/100 SVs ( 20.0%)   22 arcs
  [NYA1]  30/100 SVs ( 30.0%)  117 arcs
  [NYA1]  40/100 SVs ( 40.0%)  227 arcs
  [NYA1]  50/100 SVs ( 50.0%)  336 arcs
  [NYA1]  60/100 SVs ( 60.0%)  436 arcs
  [NYA1]  70/100 SVs ( 70.0%)  527 arcs
  [NYA1]  80/100 SVs ( 80.0%)  621 arcs
  [NYA1]  90/100 SVs ( 90.0%)  698 arcs
  [NYA1] 100/100 SVs (100.0%)  797 arcs
  [NYA1] 100/100 SVs done  797 arcs
  [IGS/NYA1] 797 raw arcs → 324 valid entries
  0 minima window(s), 590 IGS arc(s)
  [skip] No GNSS-RO minima windows for this day matching --window 1227.

======================================================================
[Day] 2025-11-10  tier=2  instruments=['TRO']
  Scanning 70 files for metadata …
  Found 70 valid files across 10 geographic groups (3 30-min windows).
[ISR-DA][minima-windows] 2025-11-10: 0 window(s) (>= 10 arcs each)
  [IGS/TRO1] Running TEC pipeline for 2025-11-10 …
  [nav] Using multi-GNSS mixed nav: BRDC00IGS_R_20253140000_01D_MN.rnx.gz
  [TRO1]  10/101 SVs (  9.9%)    0 arcs
  [TRO1]  20/101 SVs ( 19.8%)    9 arcs
  [TRO1]  30/101 SVs ( 29.7%)   58 arcs
  [TRO1]  40/101 SVs ( 39.6%)  106 arcs
  [TRO1]  50/101 SVs ( 49.5%)  168 arcs
  [TRO1]  60/101 SVs ( 59.4%)  221 arcs
  [TRO1]  70/101 SVs ( 69.3%)  275 arcs
  [TRO1]  80/101 SVs ( 79.2%)  316 arcs
  [TRO1]  90/101 SVs ( 89.1%)  368 arcs
  [TRO1] 100/101 SVs ( 99.0%)  425 arcs
  [TRO1] 101/101 SVs (100.0%)  430 arcs
  [TRO1] 101/101 SVs done  430 arcs
  [IGS/TRO1] 430 raw arcs → 220 valid entries
  [IGS/WUTH] Running TEC pipeline for 2025-11-10 …
  [IGS/WUTH] Pipeline failed: No RINEX-3 observation file found in https://cddis.nasa.gov/archive/gnss/data/daily/2025/314/25d for station WUTH. Available: ['ABMF00GLP_R_20253140000_01D_30S_MO.crx.gz ', 'ABPO00MDG_R_20253140000_01D_30S_MO.crx.gz ', 'AC2300USA_R_20253140000_01D_15S_MO.crx.gz ', 'AC2400USA_R_20253140000_01D_15S_MO.crx.gz ', 'ACRG00GHA_R_20253140000_01D_30S_MO.crx.gz ', 'ACSO00USA_R_20253140000_01D_15S_MO.crx.gz ', 'ADIS00ETH_R_20253140000_01D_30S_MO.crx.gz ', 'AIRA00JPN_R_20253140000_01D_30S_MO.crx.gz ', 'AJAC00FRA_R_20253140000_01D_30S_MO.crx.gz ', 'AL2H00CAN_R_20253140000_01D_30S_MO.crx.gz ']
  [IGS/NYA1] Running TEC pipeline for 2025-11-10 …
  [nav] Using multi-GNSS mixed nav: BRDC00IGS_R_20253140000_01D_MN.rnx.gz
  [NYA1]  10/100 SVs ( 10.0%)    2 arcs
  [NYA1]  20/100 SVs ( 20.0%)   17 arcs
  [NYA1]  30/100 SVs ( 30.0%)   97 arcs
  [NYA1]  40/100 SVs ( 40.0%)  178 arcs
  [NYA1]  50/100 SVs ( 50.0%)  263 arcs
  [NYA1]  60/100 SVs ( 60.0%)  346 arcs
  [NYA1]  70/100 SVs ( 70.0%)  432 arcs
  [NYA1]  80/100 SVs ( 80.0%)  506 arcs
  [NYA1]  90/100 SVs ( 90.0%)  575 arcs
  [NYA1] 100/100 SVs (100.0%)  659 arcs
  [NYA1] 100/100 SVs done  659 arcs
  [IGS/NYA1] 659 raw arcs → 304 valid entries
  0 minima window(s), 524 IGS arc(s)
  [skip] No GNSS-RO minima windows for this day matching --window 1227.

======================================================================
[Day] 2025-11-14  tier=2  instruments=['ESR']
  Scanning 3705 files for metadata …
  Found 3705 valid files across 581 geographic groups (48 30-min windows).
[ISR-DA][minima-windows] 2025-11-14: 6 window(s) (>= 10 arcs each)
  0105  centre=2025-11-14 01:05:00  n_occ=34  span=[2025-11-14 00:00:00 .. 2025-11-14 02:10:00)
  0250  centre=2025-11-14 02:50:00  n_occ=16  span=[2025-11-14 02:10:00 .. 2025-11-14 03:30:00)
  1042  centre=2025-11-14 10:42:30  n_occ=24  span=[2025-11-14 10:10:00 .. 2025-11-14 11:15:00)
  1157  centre=2025-11-14 11:57:30  n_occ=19  span=[2025-11-14 11:15:00 .. 2025-11-14 12:40:00)
  1325  centre=2025-11-14 13:25:00  n_occ=21  span=[2025-11-14 12:40:00 .. 2025-11-14 14:10:00)
  1545  centre=2025-11-14 15:45:00  n_occ=17  span=[2025-11-14 14:10:00 .. 2025-11-14 17:20:00)
  [IGS/TRO1] Running TEC pipeline for 2025-11-14 …
  [nav] Using multi-GNSS mixed nav: BRDC00IGS_R_20253180000_01D_MN.rnx.gz
[TRO1] E03: no exact DCB match for any viable Galileo pair — DCB correction will be 0; selected E1/E5a (C1X-C5X)
  [TRO1]  10/100 SVs ( 10.0%)    0 arcs
  [TRO1]  20/100 SVs ( 20.0%)    2 arcs
  [TRO1]  30/100 SVs ( 30.0%)   20 arcs
  [TRO1]  40/100 SVs ( 40.0%)   42 arcs
  [TRO1]  50/100 SVs ( 50.0%)   66 arcs
  [TRO1]  60/100 SVs ( 60.0%)   91 arcs
  [TRO1]  70/100 SVs ( 70.0%)  114 arcs
  [TRO1]  80/100 SVs ( 80.0%)  136 arcs
  [TRO1]  90/100 SVs ( 90.0%)  154 arcs
  [TRO1] 100/100 SVs (100.0%)  177 arcs
  [TRO1] 100/100 SVs done  177 arcs
  [IGS/TRO1] 177 raw arcs → 163 valid entries
  [IGS/WUTH] Running TEC pipeline for 2025-11-14 …
  [nav] Using multi-GNSS mixed nav: BRDC00IGS_R_20253180000_01D_MN.rnx.gz
[WUTH] E03: no exact DCB match for any viable Galileo pair — DCB correction will be 0; selected E1/E5a (C1C-C5Q)
  [WUTH]  12/122 SVs (  9.8%)   43 arcs
  [WUTH]  24/122 SVs ( 19.7%)   82 arcs
  [WUTH]  36/122 SVs ( 29.5%)  122 arcs
  [WUTH]  48/122 SVs ( 39.3%)  149 arcs
  [WUTH]  60/122 SVs ( 49.2%)  191 arcs
  [WUTH]  72/122 SVs ( 59.0%)  248 arcs
  [WUTH]  84/122 SVs ( 68.9%)  301 arcs
  [WUTH]  96/122 SVs ( 78.7%)  345 arcs
  [WUTH] 108/122 SVs ( 88.5%)  398 arcs
  [WUTH] 120/122 SVs ( 98.4%)  445 arcs
  [WUTH] 122/122 SVs (100.0%)  452 arcs
  [WUTH] 122/122 SVs done  452 arcs
  [IGS/WUTH] 452 raw arcs → 324 valid entries
  [IGS/NYA1] Running TEC pipeline for 2025-11-14 …
  [nav] Using multi-GNSS mixed nav: BRDC00IGS_R_20253180000_01D_MN.rnx.gz
[NYA1] E03: no exact DCB match for any viable Galileo pair — DCB correction will be 0; selected E1/E5a (C1X-C5X)
  [NYA1]   9/99 SVs (  9.1%)    0 arcs
  [NYA1]  18/99 SVs ( 18.2%)    0 arcs
  [NYA1]  27/99 SVs ( 27.3%)   37 arcs
  [NYA1]  36/99 SVs ( 36.4%)   82 arcs
  [NYA1]  45/99 SVs ( 45.5%)  138 arcs
  [NYA1]  54/99 SVs ( 54.5%)  190 arcs
  [NYA1]  63/99 SVs ( 63.6%)  238 arcs
  [NYA1]  72/99 SVs ( 72.7%)  297 arcs
  [NYA1]  81/99 SVs ( 81.8%)  341 arcs
  [NYA1]  90/99 SVs ( 90.9%)  381 arcs
  [NYA1]  99/99 SVs (100.0%)  436 arcs
  [NYA1] 99/99 SVs done  436 arcs
  [IGS/NYA1] 436 raw arcs → 259 valid entries
  0 minima window(s), 746 IGS arc(s)
  [skip] No GNSS-RO minima windows for this day matching --window 1227.

======================================================================
[Day] 2025-11-15  tier=2  instruments=['ESR']
  Scanning 3782 files for metadata …
  Found 3782 valid files across 574 geographic groups (48 30-min windows).
[ISR-DA][minima-windows] 2025-11-15: 7 window(s) (>= 10 arcs each)
  0057  centre=2025-11-15 00:57:30  n_occ=33  span=[2025-11-15 00:00:00 .. 2025-11-15 01:55:00)
  0240  centre=2025-11-15 02:40:00  n_occ=13  span=[2025-11-15 01:55:00 .. 2025-11-15 03:25:00)
  0542  centre=2025-11-15 05:42:30  n_occ=14  span=[2025-11-15 03:25:00 .. 2025-11-15 08:00:00)
  1027  centre=2025-11-15 10:27:30  n_occ=18  span=[2025-11-15 09:45:00 .. 2025-11-15 11:10:00)
  1200  centre=2025-11-15 12:00:00  n_occ=27  span=[2025-11-15 11:10:00 .. 2025-11-15 12:50:00)
  1407  centre=2025-11-15 14:07:30  n_occ=26  span=[2025-11-15 12:50:00 .. 2025-11-15 15:25:00)
  2110  centre=2025-11-15 21:10:00  n_occ=10  span=[2025-11-15 19:30:00 .. 2025-11-15 22:50:00)
  [IGS/TRO1] Running TEC pipeline for 2025-11-15 …
  [nav] Using multi-GNSS mixed nav: BRDC00IGS_R_20253190000_01D_MN.rnx.gz
  [TRO1]  10/100 SVs ( 10.0%)    0 arcs
  [TRO1]  20/100 SVs ( 20.0%)    2 arcs
  [TRO1]  30/100 SVs ( 30.0%)   37 arcs
  [TRO1]  40/100 SVs ( 40.0%)   82 arcs
  [TRO1]  50/100 SVs ( 50.0%)  124 arcs
  [TRO1]  60/100 SVs ( 60.0%)  155 arcs
  [TRO1]  70/100 SVs ( 70.0%)  196 arcs
  [TRO1]  80/100 SVs ( 80.0%)  238 arcs
  [TRO1]  90/100 SVs ( 90.0%)  268 arcs
  [TRO1] 100/100 SVs (100.0%)  322 arcs
  [TRO1] 100/100 SVs done  322 arcs
  [IGS/TRO1] 322 raw arcs → 177 valid entries
  [IGS/WUTH] Running TEC pipeline for 2025-11-15 …
  [nav] Using multi-GNSS mixed nav: BRDC00IGS_R_20253190000_01D_MN.rnx.gz
  [WUTH]  12/122 SVs (  9.8%)   77 arcs
  [WUTH]  24/122 SVs ( 19.7%)  163 arcs
  [WUTH]  36/122 SVs ( 29.5%)  249 arcs
  [WUTH]  48/122 SVs ( 39.3%)  318 arcs
  [WUTH]  60/122 SVs ( 49.2%)  394 arcs
  [WUTH]  72/122 SVs ( 59.0%)  474 arcs
  [WUTH]  84/122 SVs ( 68.9%)  558 arcs
  [WUTH]  96/122 SVs ( 78.7%)  640 arcs
  [WUTH] 108/122 SVs ( 88.5%)  732 arcs
  [WUTH] 120/122 SVs ( 98.4%)  828 arcs
  [WUTH] 122/122 SVs (100.0%)  846 arcs
  [WUTH] 122/122 SVs done  846 arcs
  [IGS/WUTH] 846 raw arcs → 406 valid entries
  [IGS/NYA1] Running TEC pipeline for 2025-11-15 …
  [nav] Using multi-GNSS mixed nav: BRDC00IGS_R_20253190000_01D_MN.rnx.gz
  [NYA1]   9/99 SVs (  9.1%)    2 arcs
  [NYA1]  18/99 SVs ( 18.2%)    2 arcs
  [NYA1]  27/99 SVs ( 27.3%)   76 arcs
  [NYA1]  36/99 SVs ( 36.4%)  142 arcs
  [NYA1]  45/99 SVs ( 45.5%)  216 arcs
  [NYA1]  54/99 SVs ( 54.5%)  296 arcs
  [NYA1]  63/99 SVs ( 63.6%)  373 arcs
  [NYA1]  72/99 SVs ( 72.7%)  454 arcs
  [NYA1]  81/99 SVs ( 81.8%)  493 arcs
  [NYA1]  90/99 SVs ( 90.9%)  553 arcs
  [NYA1]  99/99 SVs (100.0%)  614 arcs
  [NYA1] 99/99 SVs done  614 arcs
  [IGS/NYA1] 614 raw arcs → 277 valid entries
  0 minima window(s), 860 IGS arc(s)
  [skip] No GNSS-RO minima windows for this day matching --window 1227.

======================================================================
[Day] 2025-11-16  tier=2  instruments=['ESR']
  Scanning 3940 files for metadata …
  Found 3940 valid files across 577 geographic groups (49 30-min windows).
[ISR-DA][minima-windows] 2025-11-16: 5 window(s) (>= 10 arcs each)
  0057  centre=2025-11-16 00:57:30  n_occ=34  span=[2025-11-16 00:00:00 .. 2025-11-16 01:55:00)
  0235  centre=2025-11-16 02:35:00  n_occ=18  span=[2025-11-16 01:55:00 .. 2025-11-16 03:15:00)
  0935  centre=2025-11-16 09:35:00  n_occ=23  span=[2025-11-16 08:00:00 .. 2025-11-16 11:10:00)
  1200  centre=2025-11-16 12:00:00  n_occ=25  span=[2025-11-16 11:10:00 .. 2025-11-16 12:50:00)
  1420  centre=2025-11-16 14:20:00  n_occ=30  span=[2025-11-16 12:50:00 .. 2025-11-16 15:50:00)
  [IGS/TRO1] Running TEC pipeline for 2025-11-16 …
  [nav] Using multi-GNSS mixed nav: BRDC00IGS_R_20253200000_01D_MN.rnx.gz
  [TRO1]  10/100 SVs ( 10.0%)    1 arcs
  [TRO1]  20/100 SVs ( 20.0%)   10 arcs
  [TRO1]  30/100 SVs ( 30.0%)   55 arcs
  [TRO1]  40/100 SVs ( 40.0%)  130 arcs
  [TRO1]  50/100 SVs ( 50.0%)  201 arcs
  [TRO1]  60/100 SVs ( 60.0%)  258 arcs
  [TRO1]  70/100 SVs ( 70.0%)  323 arcs
  [TRO1]  80/100 SVs ( 80.0%)  395 arcs
  [TRO1]  90/100 SVs ( 90.0%)  435 arcs
  [TRO1] 100/100 SVs (100.0%)  503 arcs
  [TRO1] 100/100 SVs done  503 arcs
  [IGS/TRO1] 503 raw arcs → 252 valid entries
  [IGS/WUTH] Running TEC pipeline for 2025-11-16 …
  [nav] Using multi-GNSS mixed nav: BRDC00IGS_R_20253200000_01D_MN.rnx.gz
  [WUTH]  12/122 SVs (  9.8%)  106 arcs
  [WUTH]  24/122 SVs ( 19.7%)  204 arcs
  [WUTH]  36/122 SVs ( 29.5%)  313 arcs
  [WUTH]  48/122 SVs ( 39.3%)  389 arcs
  [WUTH]  60/122 SVs ( 49.2%)  499 arcs
  [WUTH]  72/122 SVs ( 59.0%)  615 arcs
  [WUTH]  84/122 SVs ( 68.9%)  716 arcs
  [WUTH]  96/122 SVs ( 78.7%)  821 arcs
  [WUTH] 108/122 SVs ( 88.5%)  928 arcs
  [WUTH] 120/122 SVs ( 98.4%)  1046 arcs
  [WUTH] 122/122 SVs (100.0%)  1065 arcs
  [WUTH] 122/122 SVs done  1065 arcs
  [IGS/WUTH] 1065 raw arcs → 471 valid entries
  [IGS/NYA1] Running TEC pipeline for 2025-11-16 …
  [nav] Using multi-GNSS mixed nav: BRDC00IGS_R_20253200000_01D_MN.rnx.gz
  [NYA1]   9/99 SVs (  9.1%)    3 arcs
  [NYA1]  18/99 SVs ( 18.2%)    3 arcs
  [NYA1]  27/99 SVs ( 27.3%)   78 arcs
  [NYA1]  36/99 SVs ( 36.4%)  161 arcs
  [NYA1]  45/99 SVs ( 45.5%)  255 arcs
  [NYA1]  54/99 SVs ( 54.5%)  337 arcs
  [NYA1]  63/99 SVs ( 63.6%)  432 arcs
  [NYA1]  72/99 SVs ( 72.7%)  516 arcs
  [NYA1]  81/99 SVs ( 81.8%)  582 arcs
  [NYA1]  90/99 SVs ( 90.9%)  649 arcs
  [NYA1]  99/99 SVs (100.0%)  729 arcs
  [NYA1] 99/99 SVs done  729 arcs
  [IGS/NYA1] 729 raw arcs → 302 valid entries
  0 minima window(s), 1025 IGS arc(s)
  [skip] No GNSS-RO minima windows for this day matching --window 1227.

======================================================================
[Day] 2025-11-17  tier=2  instruments=['ESR']
  Scanning 3836 files for metadata …
  Found 3836 valid files across 603 geographic groups (48 30-min windows).
[ISR-DA][minima-windows] 2025-11-17: 6 window(s) (>= 10 arcs each)
  0047  centre=2025-11-17 00:47:30  n_occ=26  span=[2025-11-17 00:00:00 .. 2025-11-17 01:35:00)
  0222  centre=2025-11-17 02:22:30  n_occ=20  span=[2025-11-17 01:35:00 .. 2025-11-17 03:10:00)
  0625  centre=2025-11-17 06:25:00  n_occ=10  span=[2025-11-17 04:50:00 .. 2025-11-17 08:00:00)
  1022  centre=2025-11-17 10:22:30  n_occ=32  span=[2025-11-17 09:30:00 .. 2025-11-17 11:15:00)
  1202  centre=2025-11-17 12:02:30  n_occ=21  span=[2025-11-17 11:15:00 .. 2025-11-17 12:50:00)
  1420  centre=2025-11-17 14:20:00  n_occ=24  span=[2025-11-17 12:50:00 .. 2025-11-17 15:50:00)
  [IGS/TRO1] Running TEC pipeline for 2025-11-17 …
  [nav] Using multi-GNSS mixed nav: BRDC00IGS_R_20253210000_01D_MN.rnx.gz
  [TRO1]  10/100 SVs ( 10.0%)    0 arcs
  [TRO1]  20/100 SVs ( 20.0%)    4 arcs
  [TRO1]  30/100 SVs ( 30.0%)   51 arcs
  [TRO1]  40/100 SVs ( 40.0%)   93 arcs
  [TRO1]  50/100 SVs ( 50.0%)  152 arcs
  [TRO1]  60/100 SVs ( 60.0%)  194 arcs
  [TRO1]  70/100 SVs ( 70.0%)  234 arcs
  [TRO1]  80/100 SVs ( 80.0%)  279 arcs
  [TRO1]  90/100 SVs ( 90.0%)  307 arcs
  [TRO1] 100/100 SVs (100.0%)  355 arcs
  [TRO1] 100/100 SVs done  355 arcs
  [IGS/TRO1] 355 raw arcs → 225 valid entries
  [IGS/WUTH] Running TEC pipeline for 2025-11-17 …
  [nav] Using multi-GNSS mixed nav: BRDC00IGS_R_20253210000_01D_MN.rnx.gz
  [WUTH]  12/122 SVs (  9.8%)   89 arcs
  [WUTH]  24/122 SVs ( 19.7%)  172 arcs
  [WUTH]  36/122 SVs ( 29.5%)  252 arcs
  [WUTH]  48/122 SVs ( 39.3%)  321 arcs
  [WUTH]  60/122 SVs ( 49.2%)  406 arcs
  [WUTH]  72/122 SVs ( 59.0%)  514 arcs
  [WUTH]  84/122 SVs ( 68.9%)  607 arcs
  [WUTH]  96/122 SVs ( 78.7%)  699 arcs
  [WUTH] 108/122 SVs ( 88.5%)  804 arcs
  [WUTH] 120/122 SVs ( 98.4%)  887 arcs
  [WUTH] 122/122 SVs (100.0%)  904 arcs
  [WUTH] 122/122 SVs done  904 arcs
  [IGS/WUTH] 904 raw arcs → 529 valid entries
  [IGS/NYA1] Running TEC pipeline for 2025-11-17 …
  [nav] Using multi-GNSS mixed nav: BRDC00IGS_R_20253210000_01D_MN.rnx.gz
  [NYA1]   9/99 SVs (  9.1%)    1 arcs
  [NYA1]  18/99 SVs ( 18.2%)    1 arcs
  [NYA1]  27/99 SVs ( 27.3%)   77 arcs
  [NYA1]  36/99 SVs ( 36.4%)  140 arcs
  [NYA1]  45/99 SVs ( 45.5%)  223 arcs
  [NYA1]  54/99 SVs ( 54.5%)  295 arcs
  [NYA1]  63/99 SVs ( 63.6%)  381 arcs
  [NYA1]  72/99 SVs ( 72.7%)  465 arcs
  [NYA1]  81/99 SVs ( 81.8%)  527 arcs
  [NYA1]  90/99 SVs ( 90.9%)  592 arcs
  [NYA1]  99/99 SVs (100.0%)  661 arcs
  [NYA1] 99/99 SVs done  661 arcs
  [IGS/NYA1] 661 raw arcs → 355 valid entries
  0 minima window(s), 1109 IGS arc(s)
  [skip] No GNSS-RO minima windows for this day matching --window 1227.

======================================================================
[Day] 2025-11-19  tier=2  instruments=['ESR']
  Scanning 3806 files for metadata …
  Found 3806 valid files across 581 geographic groups (49 30-min windows).
[ISR-DA][minima-windows] 2025-11-19: 6 window(s) (>= 10 arcs each)
  0045  centre=2025-11-19 00:45:00  n_occ=15  span=[2025-11-19 00:00:00 .. 2025-11-19 01:30:00)
  0217  centre=2025-11-19 02:17:30  n_occ=20  span=[2025-11-19 01:30:00 .. 2025-11-19 03:05:00)
  0345  centre=2025-11-19 03:45:00  n_occ=11  span=[2025-11-19 03:05:00 .. 2025-11-19 04:25:00)
  0932  centre=2025-11-19 09:32:30  n_occ=31  span=[2025-11-19 08:00:00 .. 2025-11-19 11:05:00)
  1200  centre=2025-11-19 12:00:00  n_occ=37  span=[2025-11-19 11:05:00 .. 2025-11-19 12:55:00)
  1522  centre=2025-11-19 15:22:30  n_occ=33  span=[2025-11-19 12:55:00 .. 2025-11-19 17:50:00)
  [IGS/TRO1] Running TEC pipeline for 2025-11-19 …
  [nav] Using multi-GNSS mixed nav: BRDC00IGS_R_20253230000_01D_MN.rnx.gz
  [TRO1]  10/101 SVs (  9.9%)    0 arcs
  [TRO1]  20/101 SVs ( 19.8%)    2 arcs
  [TRO1]  30/101 SVs ( 29.7%)   35 arcs
  [TRO1]  40/101 SVs ( 39.6%)   58 arcs
  [TRO1]  50/101 SVs ( 49.5%)   89 arcs
  [TRO1]  60/101 SVs ( 59.4%)  124 arcs
  [TRO1]  70/101 SVs ( 69.3%)  153 arcs
  [TRO1]  80/101 SVs ( 79.2%)  179 arcs
  [TRO1]  90/101 SVs ( 89.1%)  206 arcs
  [TRO1] 100/101 SVs ( 99.0%)  235 arcs
  [TRO1] 101/101 SVs (100.0%)  237 arcs
  [TRO1] 101/101 SVs done  237 arcs
  [IGS/TRO1] 237 raw arcs → 199 valid entries
  [IGS/WUTH] Running TEC pipeline for 2025-11-19 …
  [nav] Using multi-GNSS mixed nav: BRDC00IGS_R_20253230000_01D_MN.rnx.gz
  [WUTH]  12/123 SVs (  9.8%)   48 arcs
  [WUTH]  24/123 SVs ( 19.5%)   92 arcs
  [WUTH]  36/123 SVs ( 29.3%)  151 arcs
  [WUTH]  48/123 SVs ( 39.0%)  192 arcs
  [WUTH]  60/123 SVs ( 48.8%)  251 arcs
  [WUTH]  72/123 SVs ( 58.5%)  324 arcs
  [WUTH]  84/123 SVs ( 68.3%)  382 arcs
  [WUTH]  96/123 SVs ( 78.0%)  444 arcs
  [WUTH] 108/123 SVs ( 87.8%)  504 arcs
  [WUTH] 120/123 SVs ( 97.6%)  560 arcs
  [WUTH] 123/123 SVs (100.0%)  575 arcs
  [WUTH] 123/123 SVs done  575 arcs
  [IGS/WUTH] 575 raw arcs → 365 valid entries
  [IGS/NYA1] Running TEC pipeline for 2025-11-19 …
  [nav] Using multi-GNSS mixed nav: BRDC00IGS_R_20253230000_01D_MN.rnx.gz
  [NYA1]  10/100 SVs ( 10.0%)    0 arcs
  [NYA1]  20/100 SVs ( 20.0%)   14 arcs
  [NYA1]  30/100 SVs ( 30.0%)   76 arcs
  [NYA1]  40/100 SVs ( 40.0%)  138 arcs
  [NYA1]  50/100 SVs ( 50.0%)  210 arcs
  [NYA1]  60/100 SVs ( 60.0%)  271 arcs
  [NYA1]  70/100 SVs ( 70.0%)  337 arcs
  [NYA1]  80/100 SVs ( 80.0%)  393 arcs
  [NYA1]  90/100 SVs ( 90.0%)  440 arcs
  [NYA1] 100/100 SVs (100.0%)  498 arcs
  [NYA1] 100/100 SVs done  498 arcs
  [IGS/NYA1] 498 raw arcs → 308 valid entries
  0 minima window(s), 872 IGS arc(s)
  [skip] No GNSS-RO minima windows for this day matching --window 1227.

======================================================================
[Day] 2025-11-22  tier=2  instruments=['ESR']
  Scanning 3723 files for metadata …
  Found 3723 valid files across 602 geographic groups (49 30-min windows).
[ISR-DA][minima-windows] 2025-11-22: 6 window(s) (>= 10 arcs each)
  0025  centre=2025-11-22 00:25:00  n_occ=17  span=[2025-11-22 00:00:00 .. 2025-11-22 00:50:00)
  0140  centre=2025-11-22 01:40:00  n_occ=35  span=[2025-11-22 00:50:00 .. 2025-11-22 02:30:00)
  1035  centre=2025-11-22 10:35:00  n_occ=23  span=[2025-11-22 09:45:00 .. 2025-11-22 11:25:00)
  1210  centre=2025-11-22 12:10:00  n_occ=17  span=[2025-11-22 11:25:00 .. 2025-11-22 12:55:00)
  1517  centre=2025-11-22 15:17:30  n_occ=36  span=[2025-11-22 12:55:00 .. 2025-11-22 17:40:00)
  2050  centre=2025-11-22 20:50:00  n_occ=22  span=[2025-11-22 17:40:00 .. 2025-11-23 00:00:00)
  [IGS/TRO1] Running TEC pipeline for 2025-11-22 …
  [nav] Using multi-GNSS mixed nav: BRDC00IGS_R_20253260000_01D_MN.rnx.gz
  [TRO1]  10/101 SVs (  9.9%)    0 arcs
  [TRO1]  20/101 SVs ( 19.8%)    2 arcs
  [TRO1]  30/101 SVs ( 29.7%)   41 arcs
  [TRO1]  40/101 SVs ( 39.6%)   84 arcs
  [TRO1]  50/101 SVs ( 49.5%)  124 arcs
  [TRO1]  60/101 SVs ( 59.4%)  171 arcs
  [TRO1]  70/101 SVs ( 69.3%)  213 arcs
  [TRO1]  80/101 SVs ( 79.2%)  250 arcs
  [TRO1]  90/101 SVs ( 89.1%)  277 arcs
  [TRO1] 100/101 SVs ( 99.0%)  321 arcs
  [TRO1] 101/101 SVs (100.0%)  330 arcs
  [TRO1] 101/101 SVs done  330 arcs
  [IGS/TRO1] 330 raw arcs → 201 valid entries
  [IGS/WUTH] Running TEC pipeline for 2025-11-22 …
  [nav] Using multi-GNSS mixed nav: BRDC00IGS_R_20253260000_01D_MN.rnx.gz
  [WUTH]  12/123 SVs (  9.8%)   65 arcs
  [WUTH]  24/123 SVs ( 19.5%)  122 arcs
  [WUTH]  36/123 SVs ( 29.3%)  189 arcs
  [WUTH]  48/123 SVs ( 39.0%)  251 arcs
  [WUTH]  60/123 SVs ( 48.8%)  322 arcs
  [WUTH]  72/123 SVs ( 58.5%)  408 arcs
  [WUTH]  84/123 SVs ( 68.3%)  477 arcs
  [WUTH]  96/123 SVs ( 78.0%)  543 arcs
  [WUTH] 108/123 SVs ( 87.8%)  623 arcs
  [WUTH] 120/123 SVs ( 97.6%)  706 arcs
  [WUTH] 123/123 SVs (100.0%)  725 arcs
  [WUTH] 123/123 SVs done  725 arcs
  [IGS/WUTH] 725 raw arcs → 413 valid entries
  [IGS/NYA1] Running TEC pipeline for 2025-11-22 …
  [nav] Using multi-GNSS mixed nav: BRDC00IGS_R_20253260000_01D_MN.rnx.gz
  [NYA1]  10/100 SVs ( 10.0%)    0 arcs
  [NYA1]  20/100 SVs ( 20.0%)   10 arcs
  [NYA1]  30/100 SVs ( 30.0%)   70 arcs
  [NYA1]  40/100 SVs ( 40.0%)  159 arcs
  [NYA1]  50/100 SVs ( 50.0%)  248 arcs
  [NYA1]  60/100 SVs ( 60.0%)  309 arcs
  [NYA1]  70/100 SVs ( 70.0%)  392 arcs
  [NYA1]  80/100 SVs ( 80.0%)  454 arcs
  [NYA1]  90/100 SVs ( 90.0%)  511 arcs
  [NYA1] 100/100 SVs (100.0%)  592 arcs
  [NYA1] 100/100 SVs done  592 arcs
  [IGS/NYA1] 592 raw arcs → 293 valid entries
  0 minima window(s), 907 IGS arc(s)
  [skip] No GNSS-RO minima windows for this day matching --window 1227.

======================================================================
[Day] 2025-12-07  tier=2  instruments=['TRO']
  Scanning 114 files for metadata …
  Found 114 valid files across 20 geographic groups (2 30-min windows).
[ISR-DA][minima-windows] 2025-12-07: 1 window(s) (>= 10 arcs each)
  1200  centre=2025-12-07 12:00:00  n_occ=11  span=[2025-12-07 00:00:00 .. 2025-12-08 00:00:00)
  [IGS/TRO1] Running TEC pipeline for 2025-12-07 …
  [nav] Using multi-GNSS mixed nav: BRDC00IGS_R_20253410000_01D_MN.rnx.gz
  [TRO1]  10/101 SVs (  9.9%)    0 arcs
  [TRO1]  20/101 SVs ( 19.8%)    6 arcs
  [TRO1]  30/101 SVs ( 29.7%)   42 arcs
  [TRO1]  40/101 SVs ( 39.6%)   78 arcs
  [TRO1]  50/101 SVs ( 49.5%)  119 arcs
  [TRO1]  60/101 SVs ( 59.4%)  151 arcs
  [TRO1]  70/101 SVs ( 69.3%)  191 arcs
  [TRO1]  80/101 SVs ( 79.2%)  231 arcs
  [TRO1]  90/101 SVs ( 89.1%)  254 arcs
  [TRO1] 100/101 SVs ( 99.0%)  288 arcs
  [TRO1] 101/101 SVs (100.0%)  291 arcs
  [TRO1] 101/101 SVs done  291 arcs
  [IGS/TRO1] 291 raw arcs → 212 valid entries
  [IGS/WUTH] Running TEC pipeline for 2025-12-07 …
  [nav] Using multi-GNSS mixed nav: BRDC00IGS_R_20253410000_01D_MN.rnx.gz
  [WUTH]  12/123 SVs (  9.8%)   78 arcs
  [WUTH]  24/123 SVs ( 19.5%)  146 arcs
  [WUTH]  36/123 SVs ( 29.3%)  219 arcs
  [WUTH]  48/123 SVs ( 39.0%)  280 arcs
  [WUTH]  60/123 SVs ( 48.8%)  360 arcs
  [WUTH]  72/123 SVs ( 58.5%)  451 arcs
  [WUTH]  84/123 SVs ( 68.3%)  532 arcs
  [WUTH]  96/123 SVs ( 78.0%)  621 arcs
  [WUTH] 108/123 SVs ( 87.8%)  696 arcs
  [WUTH] 120/123 SVs ( 97.6%)  775 arcs
  [WUTH] 123/123 SVs (100.0%)  799 arcs
  [WUTH] 123/123 SVs done  799 arcs
  [IGS/WUTH] 799 raw arcs → 485 valid entries
  [IGS/NYA1] Running TEC pipeline for 2025-12-07 …
  [nav] Using multi-GNSS mixed nav: BRDC00IGS_R_20253410000_01D_MN.rnx.gz
  [NYA1]  10/100 SVs ( 10.0%)    0 arcs
  [NYA1]  20/100 SVs ( 20.0%)   16 arcs
  [NYA1]  30/100 SVs ( 30.0%)   84 arcs
  [NYA1]  40/100 SVs ( 40.0%)  143 arcs
  [NYA1]  50/100 SVs ( 50.0%)  213 arcs
  [NYA1]  60/100 SVs ( 60.0%)  290 arcs
  [NYA1]  70/100 SVs ( 70.0%)  374 arcs
  [NYA1]  80/100 SVs ( 80.0%)  437 arcs
  [NYA1]  90/100 SVs ( 90.0%)  493 arcs
  [NYA1] 100/100 SVs (100.0%)  559 arcs
  [NYA1] 100/100 SVs done  559 arcs
  [IGS/NYA1] 559 raw arcs → 305 valid entries
  0 minima window(s), 1002 IGS arc(s)
  [skip] No GNSS-RO minima windows for this day matching --window 1227.

======================================================================
[Day] 2025-12-10  tier=2  instruments=['ESR']
  Scanning 3511 files for metadata …
  Found 3511 valid files across 564 geographic groups (48 30-min windows).
[ISR-DA][minima-windows] 2025-12-10: 5 window(s) (>= 10 arcs each)
  0222  centre=2025-12-10 02:22:30  n_occ=25  span=[2025-12-10 01:30:00 .. 2025-12-10 03:15:00)
  1057  centre=2025-12-10 10:57:30  n_occ=32  span=[2025-12-10 10:10:00 .. 2025-12-10 11:45:00)
  1302  centre=2025-12-10 13:02:30  n_occ=32  span=[2025-12-10 11:45:00 .. 2025-12-10 14:20:00)
  1540  centre=2025-12-10 15:40:00  n_occ=17  span=[2025-12-10 14:20:00 .. 2025-12-10 17:00:00)
  2237  centre=2025-12-10 22:37:30  n_occ=21  span=[2025-12-10 21:15:00 .. 2025-12-11 00:00:00)
  [IGS/TRO1] Running TEC pipeline for 2025-12-10 …
  [nav] Using multi-GNSS mixed nav: BRDC00IGS_R_20253440000_01D_MN.rnx.gz
  [TRO1]  10/101 SVs (  9.9%)    0 arcs
  [TRO1]  20/101 SVs ( 19.8%)    8 arcs
  [TRO1]  30/101 SVs ( 29.7%)   66 arcs
  [TRO1]  40/101 SVs ( 39.6%)  129 arcs
  [TRO1]  50/101 SVs ( 49.5%)  186 arcs
  [TRO1]  60/101 SVs ( 59.4%)  241 arcs
  [TRO1]  70/101 SVs ( 69.3%)  297 arcs
  [TRO1]  80/101 SVs ( 79.2%)  358 arcs
  [TRO1]  90/101 SVs ( 89.1%)  402 arcs
  [TRO1] 100/101 SVs ( 99.0%)  474 arcs
  [TRO1] 101/101 SVs (100.0%)  479 arcs
  [TRO1] 101/101 SVs done  479 arcs
  [IGS/TRO1] 479 raw arcs → 247 valid entries
  [IGS/WUTH] Running TEC pipeline for 2025-12-10 …
  [nav] Using multi-GNSS mixed nav: BRDC00IGS_R_20253440000_01D_MN.rnx.gz
  [WUTH]  12/123 SVs (  9.8%)   99 arcs
  [WUTH]  24/123 SVs ( 19.5%)  177 arcs
  [WUTH]  36/123 SVs ( 29.3%)  269 arcs
  [WUTH]  48/123 SVs ( 39.0%)  346 arcs
  [WUTH]  60/123 SVs ( 48.8%)  456 arcs
  [WUTH]  72/123 SVs ( 58.5%)  546 arcs
  [WUTH]  84/123 SVs ( 68.3%)  633 arcs
  [WUTH]  96/123 SVs ( 78.0%)  739 arcs
  [WUTH] 108/123 SVs ( 87.8%)  831 arcs
  [WUTH] 120/123 SVs ( 97.6%)  944 arcs
  [WUTH] 123/123 SVs (100.0%)  961 arcs
  [WUTH] 123/123 SVs done  961 arcs
  [IGS/WUTH] 961 raw arcs → 515 valid entries
  [IGS/NYA1] Running TEC pipeline for 2025-12-10 …
  [nav] Using multi-GNSS mixed nav: BRDC00IGS_R_20253440000_01D_MN.rnx.gz
  [NYA1]  10/100 SVs ( 10.0%)    0 arcs
  [NYA1]  20/100 SVs ( 20.0%)   15 arcs
  [NYA1]  30/100 SVs ( 30.0%)   96 arcs
  [NYA1]  40/100 SVs ( 40.0%)  151 arcs
  [NYA1]  50/100 SVs ( 50.0%)  230 arcs
  [NYA1]  60/100 SVs ( 60.0%)  312 arcs
  [NYA1]  70/100 SVs ( 70.0%)  394 arcs
  [NYA1]  80/100 SVs ( 80.0%)  460 arcs
  [NYA1]  90/100 SVs ( 90.0%)  517 arcs
  [NYA1] 100/100 SVs (100.0%)  572 arcs
  [NYA1] 100/100 SVs done  572 arcs
  [IGS/NYA1] 572 raw arcs → 306 valid entries
  0 minima window(s), 1068 IGS arc(s)
  [skip] No GNSS-RO minima windows for this day matching --window 1227.

======================================================================
[Day] 2025-12-12  tier=2  instruments=['ESR']
  Scanning 3222 files for metadata …
  Found 3222 valid files across 543 geographic groups (46 30-min windows).
[ISR-DA][minima-windows] 2025-12-12: 8 window(s) (>= 10 arcs each)
  0042  centre=2025-12-12 00:42:30  n_occ=19  span=[2025-12-12 00:00:00 .. 2025-12-12 01:25:00)
  0212  centre=2025-12-12 02:12:30  n_occ=25  span=[2025-12-12 01:25:00 .. 2025-12-12 03:00:00)
  0425  centre=2025-12-12 04:25:00  n_occ=22  span=[2025-12-12 03:00:00 .. 2025-12-12 05:50:00)
  0955  centre=2025-12-12 09:55:00  n_occ=14  span=[2025-12-12 09:15:00 .. 2025-12-12 10:35:00)
  1115  centre=2025-12-12 11:15:00  n_occ=12  span=[2025-12-12 10:35:00 .. 2025-12-12 11:55:00)
  1307  centre=2025-12-12 13:07:30  n_occ=31  span=[2025-12-12 11:55:00 .. 2025-12-12 14:20:00)
  1507  centre=2025-12-12 15:07:30  n_occ=11  span=[2025-12-12 14:20:00 .. 2025-12-12 15:55:00)
  2007  centre=2025-12-12 20:07:30  n_occ=16  span=[2025-12-12 18:30:00 .. 2025-12-12 21:45:00)
  [IGS/TRO1] Running TEC pipeline for 2025-12-12 …
  [nav] Using multi-GNSS mixed nav: BRDC00IGS_R_20253460000_01D_MN.rnx.gz
  [TRO1]  10/100 SVs ( 10.0%)    0 arcs
  [TRO1]  20/100 SVs ( 20.0%)    3 arcs
  [TRO1]  30/100 SVs ( 30.0%)   81 arcs
  [TRO1]  40/100 SVs ( 40.0%)  166 arcs
  [TRO1]  50/100 SVs ( 50.0%)  267 arcs
  [TRO1]  60/100 SVs ( 60.0%)  344 arcs
  [TRO1]  70/100 SVs ( 70.0%)  416 arcs
  [TRO1]  80/100 SVs ( 80.0%)  485 arcs
  [TRO1]  90/100 SVs ( 90.0%)  551 arcs
  [TRO1] 100/100 SVs (100.0%)  633 arcs
  [TRO1] 100/100 SVs done  633 arcs
  [IGS/TRO1] 633 raw arcs → 233 valid entries
  [IGS/WUTH] Running TEC pipeline for 2025-12-12 …
  [nav] Using multi-GNSS mixed nav: BRDC00IGS_R_20253460000_01D_MN.rnx.gz
  [WUTH]  12/122 SVs (  9.8%)   78 arcs
  [WUTH]  24/122 SVs ( 19.7%)  176 arcs
  [WUTH]  36/122 SVs ( 29.5%)  250 arcs
  [WUTH]  48/122 SVs ( 39.3%)  310 arcs
  [WUTH]  60/122 SVs ( 49.2%)  404 arcs
  [WUTH]  72/122 SVs ( 59.0%)  504 arcs
  [WUTH]  84/122 SVs ( 68.9%)  584 arcs
  [WUTH]  96/122 SVs ( 78.7%)  689 arcs
  [WUTH] 108/122 SVs ( 88.5%)  778 arcs
  [WUTH] 120/122 SVs ( 98.4%)  867 arcs
  [WUTH] 122/122 SVs (100.0%)  882 arcs
  [WUTH] 122/122 SVs done  882 arcs
  [IGS/WUTH] 882 raw arcs → 419 valid entries
  [IGS/NYA1] Running TEC pipeline for 2025-12-12 …
  [nav] Using multi-GNSS mixed nav: BRDC00IGS_R_20253460000_01D_MN.rnx.gz
  [NYA1]   9/99 SVs (  9.1%)    0 arcs
  [NYA1]  18/99 SVs ( 18.2%)    0 arcs
  [NYA1]  27/99 SVs ( 27.3%)   48 arcs
  [NYA1]  36/99 SVs ( 36.4%)  123 arcs
  [NYA1]  45/99 SVs ( 45.5%)  183 arcs
  [NYA1]  54/99 SVs ( 54.5%)  240 arcs
  [NYA1]  63/99 SVs ( 63.6%)  305 arcs
  [NYA1]  72/99 SVs ( 72.7%)  381 arcs
  [NYA1]  81/99 SVs ( 81.8%)  429 arcs
  [NYA1]  90/99 SVs ( 90.9%)  481 arcs
  [NYA1]  99/99 SVs (100.0%)  535 arcs
  [NYA1] 99/99 SVs done  535 arcs
  [IGS/NYA1] 535 raw arcs → 269 valid entries
  0 minima window(s), 921 IGS arc(s)
  [skip] No GNSS-RO minima windows for this day matching --window 1227.

======================================================================
[Day] 2025-12-13  tier=2  instruments=['TRO']
  Scanning 173 files for metadata …
  Found 173 valid files across 26 geographic groups (2 30-min windows).
[ISR-DA][minima-windows] 2025-12-13: 0 window(s) (>= 10 arcs each)
  [IGS/TRO1] Running TEC pipeline for 2025-12-13 …
  [nav] Using multi-GNSS mixed nav: BRDC00IGS_R_20253470000_01D_MN.rnx.gz
  [TRO1]  10/100 SVs ( 10.0%)    0 arcs
  [TRO1]  20/100 SVs ( 20.0%)    3 arcs
  [TRO1]  30/100 SVs ( 30.0%)   39 arcs
  [TRO1]  40/100 SVs ( 40.0%)   86 arcs
  [TRO1]  50/100 SVs ( 50.0%)  141 arcs
  [TRO1]  60/100 SVs ( 60.0%)  191 arcs
  [TRO1]  70/100 SVs ( 70.0%)  233 arcs
  [TRO1]  80/100 SVs ( 80.0%)  279 arcs
  [TRO1]  90/100 SVs ( 90.0%)  317 arcs
  [TRO1] 100/100 SVs (100.0%)  361 arcs
  [TRO1] 100/100 SVs done  361 arcs
  [IGS/TRO1] 361 raw arcs → 227 valid entries
  [IGS/WUTH] Running TEC pipeline for 2025-12-13 …
  [nav] Using multi-GNSS mixed nav: BRDC00IGS_R_20253470000_01D_MN.rnx.gz
  [WUTH]  12/122 SVs (  9.8%)   75 arcs
  [WUTH]  24/122 SVs ( 19.7%)  157 arcs
  [WUTH]  36/122 SVs ( 29.5%)  248 arcs
  [WUTH]  48/122 SVs ( 39.3%)  315 arcs
  [WUTH]  60/122 SVs ( 49.2%)  424 arcs
  [WUTH]  72/122 SVs ( 59.0%)  536 arcs
  [WUTH]  84/122 SVs ( 68.9%)  631 arcs
  [WUTH]  96/122 SVs ( 78.7%)  744 arcs
  [WUTH] 108/122 SVs ( 88.5%)  849 arcs
  [WUTH] 120/122 SVs ( 98.4%)  944 arcs
  [WUTH] 122/122 SVs (100.0%)  962 arcs
  [WUTH] 122/122 SVs done  962 arcs
  [IGS/WUTH] 962 raw arcs → 495 valid entries
  [IGS/NYA1] Running TEC pipeline for 2025-12-13 …
  [nav] Using multi-GNSS mixed nav: BRDC00IGS_R_20253470000_01D_MN.rnx.gz
  [NYA1]   9/99 SVs (  9.1%)    0 arcs
  [NYA1]  18/99 SVs ( 18.2%)    0 arcs
  [NYA1]  27/99 SVs ( 27.3%)   81 arcs
  [NYA1]  36/99 SVs ( 36.4%)  160 arcs
  [NYA1]  45/99 SVs ( 45.5%)  224 arcs
  [NYA1]  54/99 SVs ( 54.5%)  319 arcs
  [NYA1]  63/99 SVs ( 63.6%)  411 arcs
  [NYA1]  72/99 SVs ( 72.7%)  500 arcs
  [NYA1]  81/99 SVs ( 81.8%)  552 arcs
  [NYA1]  90/99 SVs ( 90.9%)  614 arcs
  [NYA1]  99/99 SVs (100.0%)  682 arcs
  [NYA1] 99/99 SVs done  682 arcs
  [IGS/NYA1] 682 raw arcs → 330 valid entries
  0 minima window(s), 1052 IGS arc(s)
  [skip] No GNSS-RO minima windows for this day matching --window 1227.

======================================================================
[Day] 2025-12-19  tier=2  instruments=['TRO']
  [IGS/TRO1] Running TEC pipeline for 2025-12-19 …
  [nav] Using multi-GNSS mixed nav: BRDC00IGS_R_20253530000_01D_MN.rnx.gz
  [TRO1]  10/101 SVs (  9.9%)    0 arcs
  [TRO1]  20/101 SVs ( 19.8%)    3 arcs
  [TRO1]  30/101 SVs ( 29.7%)   45 arcs
  [TRO1]  40/101 SVs ( 39.6%)   85 arcs
  [TRO1]  50/101 SVs ( 49.5%)  125 arcs
  [TRO1]  60/101 SVs ( 59.4%)  165 arcs
  [TRO1]  70/101 SVs ( 69.3%)  205 arcs
  [TRO1]  80/101 SVs ( 79.2%)  240 arcs
  [TRO1]  90/101 SVs ( 89.1%)  267 arcs
  [TRO1] 100/101 SVs ( 99.0%)  308 arcs
  [TRO1] 101/101 SVs (100.0%)  310 arcs
  [TRO1] 101/101 SVs done  310 arcs
  [IGS/TRO1] 310 raw arcs → 219 valid entries
  [IGS/WUTH] Running TEC pipeline for 2025-12-19 …
  [nav] Using multi-GNSS mixed nav: BRDC00IGS_R_20253530000_01D_MN.rnx.gz
  [WUTH]  12/123 SVs (  9.8%)   81 arcs
  [WUTH]  24/123 SVs ( 19.5%)  149 arcs
  [WUTH]  36/123 SVs ( 29.3%)  203 arcs
  [WUTH]  48/123 SVs ( 39.0%)  262 arcs
  [WUTH]  60/123 SVs ( 48.8%)  345 arcs
  [WUTH]  72/123 SVs ( 58.5%)  425 arcs
  [WUTH]  84/123 SVs ( 68.3%)  501 arcs
  [WUTH]  96/123 SVs ( 78.0%)  575 arcs
  [WUTH] 108/123 SVs ( 87.8%)  653 arcs
  [WUTH] 120/123 SVs ( 97.6%)  724 arcs
  [WUTH] 123/123 SVs (100.0%)  745 arcs
  [WUTH] 123/123 SVs done  745 arcs
  [IGS/WUTH] 745 raw arcs → 445 valid entries
  [IGS/NYA1] Running TEC pipeline for 2025-12-19 …
  [nav] Using multi-GNSS mixed nav: BRDC00IGS_R_20253530000_01D_MN.rnx.gz
  [NYA1]  10/100 SVs ( 10.0%)    0 arcs
  [NYA1]  20/100 SVs ( 20.0%)   19 arcs
  [NYA1]  30/100 SVs ( 30.0%)   86 arcs
  [NYA1]  40/100 SVs ( 40.0%)  165 arcs
  [NYA1]  50/100 SVs ( 50.0%)  245 arcs
  [NYA1]  60/100 SVs ( 60.0%)  320 arcs
  [NYA1]  70/100 SVs ( 70.0%)  395 arcs
  [NYA1]  80/100 SVs ( 80.0%)  457 arcs
  [NYA1]  90/100 SVs ( 90.0%)  505 arcs
  [NYA1] 100/100 SVs (100.0%)  577 arcs
  [NYA1] 100/100 SVs done  577 arcs
  [IGS/NYA1] 577 raw arcs → 333 valid entries
  0 minima window(s), 997 IGS arc(s)
  [skip] No GNSS-RO minima windows for this day matching --window 1227.

======================================================================
[Day] 2025-12-20  tier=2  instruments=['TRO']
  [IGS/TRO1] Running TEC pipeline for 2025-12-20 …
  [nav] Using multi-GNSS mixed nav: BRDC00IGS_R_20253540000_01D_MN.rnx.gz
  [TRO1]  10/101 SVs (  9.9%)    0 arcs
  [TRO1]  20/101 SVs ( 19.8%)    3 arcs
  [TRO1]  30/101 SVs ( 29.7%)   36 arcs
  [TRO1]  40/101 SVs ( 39.6%)   65 arcs
  [TRO1]  50/101 SVs ( 49.5%)   93 arcs
  [TRO1]  60/101 SVs ( 59.4%)  123 arcs
  [TRO1]  70/101 SVs ( 69.3%)  156 arcs
  [TRO1]  80/101 SVs ( 79.2%)  180 arcs
  [TRO1]  90/101 SVs ( 89.1%)  200 arcs
  [TRO1] 100/101 SVs ( 99.0%)  226 arcs
  [TRO1] 101/101 SVs (100.0%)  230 arcs
  [TRO1] 101/101 SVs done  230 arcs
  [IGS/TRO1] 230 raw arcs → 187 valid entries
  [IGS/WUTH] Running TEC pipeline for 2025-12-20 …
  [nav] Using multi-GNSS mixed nav: BRDC00IGS_R_20253540000_01D_MN.rnx.gz
  [WUTH]  12/123 SVs (  9.8%)   63 arcs
  [WUTH]  24/123 SVs ( 19.5%)  118 arcs
  [WUTH]  36/123 SVs ( 29.3%)  175 arcs
  [WUTH]  48/123 SVs ( 39.0%)  232 arcs
  [WUTH]  60/123 SVs ( 48.8%)  327 arcs
  [WUTH]  72/123 SVs ( 58.5%)  406 arcs
  [WUTH]  84/123 SVs ( 68.3%)  467 arcs
  [WUTH]  96/123 SVs ( 78.0%)  536 arcs
  [WUTH] 108/123 SVs ( 87.8%)  609 arcs
  [WUTH] 120/123 SVs ( 97.6%)  681 arcs
  [WUTH] 123/123 SVs (100.0%)  700 arcs
  [WUTH] 123/123 SVs done  700 arcs
  [IGS/WUTH] 700 raw arcs → 459 valid entries
  [IGS/NYA1] Running TEC pipeline for 2025-12-20 …
  [nav] Using multi-GNSS mixed nav: BRDC00IGS_R_20253540000_01D_MN.rnx.gz
  [NYA1]  10/100 SVs ( 10.0%)    0 arcs
  [NYA1]  20/100 SVs ( 20.0%)   11 arcs
  [NYA1]  30/100 SVs ( 30.0%)   69 arcs
  [NYA1]  40/100 SVs ( 40.0%)  118 arcs
  [NYA1]  50/100 SVs ( 50.0%)  170 arcs
  [NYA1]  60/100 SVs ( 60.0%)  223 arcs
  [NYA1]  70/100 SVs ( 70.0%)  281 arcs
  [NYA1]  80/100 SVs ( 80.0%)  332 arcs
  [NYA1]  90/100 SVs ( 90.0%)  367 arcs
  [NYA1] 100/100 SVs (100.0%)  422 arcs
  [NYA1] 100/100 SVs done  422 arcs
  [IGS/NYA1] 422 raw arcs → 304 valid entries
  0 minima window(s), 950 IGS arc(s)
  [skip] No GNSS-RO minima windows for this day matching --window 1227.

======================================================================
[Day] 2026-01-06  tier=2  instruments=['TRO']
  [IGS/TRO1] Running TEC pipeline for 2026-01-06 …
  [nav] Using multi-GNSS mixed nav: BRDC00IGS_R_20260060000_01D_MN.rnx.gz
  [TRO1]  10/100 SVs ( 10.0%)    0 arcs
  [TRO1]  20/100 SVs ( 20.0%)    7 arcs
  [TRO1]  30/100 SVs ( 30.0%)   35 arcs
  [TRO1]  40/100 SVs ( 40.0%)   60 arcs
  [TRO1]  50/100 SVs ( 50.0%)   88 arcs
  [TRO1]  60/100 SVs ( 60.0%)  115 arcs
  [TRO1]  70/100 SVs ( 70.0%)  145 arcs
  [TRO1]  80/100 SVs ( 80.0%)  173 arcs
  [TRO1]  90/100 SVs ( 90.0%)  196 arcs
  [TRO1] 100/100 SVs (100.0%)  219 arcs
  [TRO1] 100/100 SVs done  219 arcs
  [IGS/TRO1] 219 raw arcs → 191 valid entries
  [IGS/WUTH] Running TEC pipeline for 2026-01-06 …
  [nav] Using multi-GNSS mixed nav: BRDC00IGS_R_20260060000_01D_MN.rnx.gz
  [WUTH]  12/122 SVs (  9.8%)   49 arcs
  [WUTH]  24/122 SVs ( 19.7%)  101 arcs
  [WUTH]  36/122 SVs ( 29.5%)  157 arcs
  [WUTH]  48/122 SVs ( 39.3%)  218 arcs
  [WUTH]  60/122 SVs ( 49.2%)  276 arcs
  [WUTH]  72/122 SVs ( 59.0%)  345 arcs
  [WUTH]  84/122 SVs ( 68.9%)  407 arcs
  [WUTH]  96/122 SVs ( 78.7%)  461 arcs
  [WUTH] 108/122 SVs ( 88.5%)  534 arcs
  [WUTH] 120/122 SVs ( 98.4%)  587 arcs
  [WUTH] 122/122 SVs (100.0%)  601 arcs
  [WUTH] 122/122 SVs done  601 arcs
  [IGS/WUTH] 601 raw arcs → 418 valid entries
  [IGS/NYA1] Running TEC pipeline for 2026-01-06 …
  [nav] Using multi-GNSS mixed nav: BRDC00IGS_R_20260060000_01D_MN.rnx.gz
  [NYA1]   9/99 SVs (  9.1%)    0 arcs
  [NYA1]  18/99 SVs ( 18.2%)    0 arcs
  [NYA1]  27/99 SVs ( 27.3%)   59 arcs
  [NYA1]  36/99 SVs ( 36.4%)  111 arcs
  [NYA1]  45/99 SVs ( 45.5%)  164 arcs
  [NYA1]  54/99 SVs ( 54.5%)  234 arcs
  [NYA1]  63/99 SVs ( 63.6%)  299 arcs
  [NYA1]  72/99 SVs ( 72.7%)  354 arcs
  [NYA1]  81/99 SVs ( 81.8%)  412 arcs
  [NYA1]  90/99 SVs ( 90.9%)  463 arcs
  [NYA1]  99/99 SVs (100.0%)  512 arcs
  [NYA1] 99/99 SVs done  512 arcs
  [IGS/NYA1] 512 raw arcs → 292 valid entries
  0 minima window(s), 901 IGS arc(s)
  [skip] No GNSS-RO minima windows for this day matching --window 1227.

======================================================================
[Day] 2026-01-14  tier=2  instruments=['ESR']
  Scanning 3672 files for metadata …
  Found 3672 valid files across 575 geographic groups (49 30-min windows).
[ISR-DA][minima-windows] 2026-01-14: 7 window(s) (>= 10 arcs each)
  0042  centre=2026-01-14 00:42:30  n_occ=13  span=[2026-01-14 00:00:00 .. 2026-01-14 01:25:00)
  0212  centre=2026-01-14 02:12:30  n_occ=19  span=[2026-01-14 01:25:00 .. 2026-01-14 03:00:00)
  0342  centre=2026-01-14 03:42:30  n_occ=12  span=[2026-01-14 03:00:00 .. 2026-01-14 04:25:00)
  0520  centre=2026-01-14 05:20:00  n_occ=12  span=[2026-01-14 04:25:00 .. 2026-01-14 06:15:00)
  0925  centre=2026-01-14 09:25:00  n_occ=24  span=[2026-01-14 07:50:00 .. 2026-01-14 11:00:00)
  1150  centre=2026-01-14 11:50:00  n_occ=28  span=[2026-01-14 11:00:00 .. 2026-01-14 12:40:00)
  1457  centre=2026-01-14 14:57:30  n_occ=30  span=[2026-01-14 12:40:00 .. 2026-01-14 17:15:00)
  [IGS/TRO1] Running TEC pipeline for 2026-01-14 …
  [nav] Using multi-GNSS mixed nav: BRDC00IGS_R_20260140000_01D_MN.rnx.gz
  [TRO1]   9/99 SVs (  9.1%)    0 arcs
  [TRO1]  18/99 SVs ( 18.2%)    0 arcs
  [TRO1]  27/99 SVs ( 27.3%)   22 arcs
  [TRO1]  36/99 SVs ( 36.4%)   42 arcs
  [TRO1]  45/99 SVs ( 45.5%)   73 arcs
  [TRO1]  54/99 SVs ( 54.5%)   98 arcs
  [TRO1]  63/99 SVs ( 63.6%)  130 arcs
  [TRO1]  72/99 SVs ( 72.7%)  166 arcs
  [TRO1]  81/99 SVs ( 81.8%)  189 arcs
  [TRO1]  90/99 SVs ( 90.9%)  211 arcs
  [TRO1]  99/99 SVs (100.0%)  240 arcs
  [TRO1] 99/99 SVs done  240 arcs
  [IGS/TRO1] 240 raw arcs → 203 valid entries
  [IGS/WUTH] Running TEC pipeline for 2026-01-14 …
  [nav] Using multi-GNSS mixed nav: BRDC00IGS_R_20260140000_01D_MN.rnx.gz
  [WUTH]  12/121 SVs (  9.9%)   50 arcs
  [WUTH]  24/121 SVs ( 19.8%)  103 arcs
  [WUTH]  36/121 SVs ( 29.8%)  169 arcs
  [WUTH]  48/121 SVs ( 39.7%)  219 arcs
  [WUTH]  60/121 SVs ( 49.6%)  283 arcs
  [WUTH]  72/121 SVs ( 59.5%)  360 arcs
  [WUTH]  84/121 SVs ( 69.4%)  425 arcs
  [WUTH]  96/121 SVs ( 79.3%)  479 arcs
  [WUTH] 108/121 SVs ( 89.3%)  540 arcs
  [WUTH] 120/121 SVs ( 99.2%)  592 arcs
  [WUTH] 121/121 SVs (100.0%)  602 arcs
  [WUTH] 121/121 SVs done  602 arcs
  [IGS/WUTH] 602 raw arcs → 418 valid entries
  [IGS/NYA1] Running TEC pipeline for 2026-01-14 …
  [nav] Using multi-GNSS mixed nav: BRDC00IGS_R_20260140000_01D_MN.rnx.gz
  [NYA1]   9/98 SVs (  9.2%)    0 arcs
  [NYA1]  18/98 SVs ( 18.4%)    0 arcs
  [NYA1]  27/98 SVs ( 27.6%)   64 arcs
  [NYA1]  36/98 SVs ( 36.7%)  111 arcs
  [NYA1]  45/98 SVs ( 45.9%)  179 arcs
  [NYA1]  54/98 SVs ( 55.1%)  231 arcs
  [NYA1]  63/98 SVs ( 64.3%)  291 arcs
  [NYA1]  72/98 SVs ( 73.5%)  347 arcs
  [NYA1]  81/98 SVs ( 82.7%)  392 arcs
  [NYA1]  90/98 SVs ( 91.8%)  442 arcs
  [NYA1]  98/98 SVs (100.0%)  486 arcs
  [NYA1] 98/98 SVs done  486 arcs
  [IGS/NYA1] 486 raw arcs → 302 valid entries
  0 minima window(s), 923 IGS arc(s)
  [skip] No GNSS-RO minima windows for this day matching --window 1227.

======================================================================
[Day] 2026-01-15  tier=2  instruments=['ESR']
  Scanning 3701 files for metadata …
  Found 3701 valid files across 582 geographic groups (49 30-min windows).
[ISR-DA][minima-windows] 2026-01-15: 7 window(s) (>= 10 arcs each)
  0040  centre=2026-01-15 00:40:00  n_occ=17  span=[2026-01-15 00:00:00 .. 2026-01-15 01:20:00)
  0157  centre=2026-01-15 01:57:30  n_occ=12  span=[2026-01-15 01:20:00 .. 2026-01-15 02:35:00)
  0325  centre=2026-01-15 03:25:00  n_occ=13  span=[2026-01-15 02:35:00 .. 2026-01-15 04:15:00)
  1010  centre=2026-01-15 10:10:00  n_occ=16  span=[2026-01-15 09:25:00 .. 2026-01-15 10:55:00)
  1150  centre=2026-01-15 11:50:00  n_occ=41  span=[2026-01-15 10:55:00 .. 2026-01-15 12:45:00)
  1330  centre=2026-01-15 13:30:00  n_occ=19  span=[2026-01-15 12:45:00 .. 2026-01-15 14:15:00)
  1555  centre=2026-01-15 15:55:00  n_occ=12  span=[2026-01-15 14:15:00 .. 2026-01-15 17:35:00)
  [IGS/TRO1] Running TEC pipeline for 2026-01-15 …
  [nav] Using multi-GNSS mixed nav: BRDC00IGS_R_20260150000_01D_MN.rnx.gz
  [TRO1]   9/99 SVs (  9.1%)    0 arcs
  [TRO1]  18/99 SVs ( 18.2%)    0 arcs
  [TRO1]  27/99 SVs ( 27.3%)   47 arcs
  [TRO1]  36/99 SVs ( 36.4%)  104 arcs
  [TRO1]  45/99 SVs ( 45.5%)  151 arcs
  [TRO1]  54/99 SVs ( 54.5%)  206 arcs
  [TRO1]  63/99 SVs ( 63.6%)  252 arcs
  [TRO1]  72/99 SVs ( 72.7%)  293 arcs
  [TRO1]  81/99 SVs ( 81.8%)  336 arcs
  [TRO1]  90/99 SVs ( 90.9%)  376 arcs
  [TRO1]  99/99 SVs (100.0%)  421 arcs
  [TRO1] 99/99 SVs done  421 arcs
  [IGS/TRO1] 421 raw arcs → 257 valid entries
  [IGS/WUTH] Running TEC pipeline for 2026-01-15 …
  [IGS/WUTH] Pipeline failed: No RINEX-3 observation file found in https://cddis.nasa.gov/archive/gnss/data/daily/2026/015/26d for station WUTH. Available: ['ABMF00GLP_R_20260150000_01D_30S_MO.crx.gz ', 'ABPO00MDG_R_20260150000_01D_30S_MO.crx.gz ', 'AC2300USA_R_20260150000_01D_15S_MO.crx.gz ', 'AC2400USA_R_20260150000_01D_15S_MO.crx.gz ', 'ACRG00GHA_R_20260150000_01D_30S_MO.crx.gz ', 'ACSO00USA_R_20260150000_01D_15S_MO.crx.gz ', 'AIRA00JPN_R_20260150000_01D_30S_MO.crx.gz ', 'AJAC00FRA_R_20260150000_01D_30S_MO.crx.gz ', 'AL2H00CAN_R_20260150000_01D_30S_MO.crx.gz ', 'ALAC00ESP_R_20260150000_01D_30S_MO.crx.gz ']
  [IGS/NYA1] Running TEC pipeline for 2026-01-15 …
  [nav] Using multi-GNSS mixed nav: BRDC00IGS_R_20260150000_01D_MN.rnx.gz
  [NYA1]   9/98 SVs (  9.2%)    0 arcs
  [NYA1]  18/98 SVs ( 18.4%)    0 arcs
  [NYA1]  27/98 SVs ( 27.6%)   72 arcs
  [NYA1]  36/98 SVs ( 36.7%)  137 arcs
  [NYA1]  45/98 SVs ( 45.9%)  207 arcs
  [NYA1]  54/98 SVs ( 55.1%)  280 arcs
  [NYA1]  63/98 SVs ( 64.3%)  354 arcs
  [NYA1]  72/98 SVs ( 73.5%)  434 arcs
  [NYA1]  81/98 SVs ( 82.7%)  493 arcs
  [NYA1]  90/98 SVs ( 91.8%)  564 arcs
  [NYA1]  98/98 SVs (100.0%)  621 arcs
  [NYA1] 98/98 SVs done  621 arcs
  [IGS/NYA1] 621 raw arcs → 337 valid entries
  0 minima window(s), 594 IGS arc(s)
  [skip] No GNSS-RO minima windows for this day matching --window 1227.

======================================================================
[Day] 2026-01-16  tier=2  instruments=['ESR']
  Scanning 3356 files for metadata …
  Found 3356 valid files across 573 geographic groups (48 30-min windows).
[ISR-DA][minima-windows] 2026-01-16: 5 window(s) (>= 10 arcs each)
  0117  centre=2026-01-16 01:17:30  n_occ=30  span=[2026-01-16 00:00:00 .. 2026-01-16 02:35:00)
  0335  centre=2026-01-16 03:35:00  n_occ=14  span=[2026-01-16 02:35:00 .. 2026-01-16 04:35:00)
  0850  centre=2026-01-16 08:50:00  n_occ=10  span=[2026-01-16 08:00:00 .. 2026-01-16 09:40:00)
  1150  centre=2026-01-16 11:50:00  n_occ=38  span=[2026-01-16 10:55:00 .. 2026-01-16 12:45:00)
  1510  centre=2026-01-16 15:10:00  n_occ=28  span=[2026-01-16 12:45:00 .. 2026-01-16 17:35:00)
  [IGS/TRO1] Running TEC pipeline for 2026-01-16 …
  [nav] Using multi-GNSS mixed nav: BRDC00IGS_R_20260160000_01D_MN.rnx.gz
  [TRO1]   9/99 SVs (  9.1%)    0 arcs
  [TRO1]  18/99 SVs ( 18.2%)    0 arcs
  [TRO1]  27/99 SVs ( 27.3%)   44 arcs
  [TRO1]  36/99 SVs ( 36.4%)  100 arcs
  [TRO1]  45/99 SVs ( 45.5%)  171 arcs
  [TRO1]  54/99 SVs ( 54.5%)  235 arcs
  [TRO1]  63/99 SVs ( 63.6%)  298 arcs
  [TRO1]  72/99 SVs ( 72.7%)  348 arcs
  [TRO1]  81/99 SVs ( 81.8%)  404 arcs
  [TRO1]  90/99 SVs ( 90.9%)  451 arcs
  [TRO1]  99/99 SVs (100.0%)  503 arcs
  [TRO1] 99/99 SVs done  503 arcs
  [IGS/TRO1] 503 raw arcs → 250 valid entries
  [IGS/WUTH] Running TEC pipeline for 2026-01-16 …
  [IGS/WUTH] Pipeline failed: No RINEX-3 observation file found in https://cddis.nasa.gov/archive/gnss/data/daily/2026/016/26d for station WUTH. Available: ['ABMF00GLP_R_20260160000_01D_30S_MO.crx.gz ', 'ABPO00MDG_R_20260160000_01D_30S_MO.crx.gz ', 'AC2300USA_R_20260160000_01D_15S_MO.crx.gz ', 'AC2400USA_R_20260160000_01D_15S_MO.crx.gz ', 'ACRG00GHA_R_20260160000_01D_30S_MO.crx.gz ', 'ACSO00USA_R_20260160000_01D_15S_MO.crx.gz ', 'AIRA00JPN_R_20260160000_01D_30S_MO.crx.gz ', 'AJAC00FRA_R_20260160000_01D_30S_MO.crx.gz ', 'AL2H00CAN_R_20260160000_01D_30S_MO.crx.gz ', 'ALAC00ESP_R_20260160000_01D_30S_MO.crx.gz ']
  [IGS/NYA1] Running TEC pipeline for 2026-01-16 …
  [nav] Using multi-GNSS mixed nav: BRDC00IGS_R_20260160000_01D_MN.rnx.gz
  [NYA1]   9/98 SVs (  9.2%)    0 arcs
  [NYA1]  18/98 SVs ( 18.4%)    0 arcs
  [NYA1]  27/98 SVs ( 27.6%)   95 arcs
  [NYA1]  36/98 SVs ( 36.7%)  181 arcs
  [NYA1]  45/98 SVs ( 45.9%)  268 arcs
  [NYA1]  54/98 SVs ( 55.1%)  359 arcs
  [NYA1]  63/98 SVs ( 64.3%)  451 arcs
  [NYA1]  72/98 SVs ( 73.5%)  548 arcs
  [NYA1]  81/98 SVs ( 82.7%)  630 arcs
  [NYA1]  90/98 SVs ( 91.8%)  702 arcs
  [NYA1]  98/98 SVs (100.0%)  773 arcs
  [NYA1] 98/98 SVs done  773 arcs
  [IGS/NYA1] 773 raw arcs → 351 valid entries
  0 minima window(s), 601 IGS arc(s)
  [skip] No GNSS-RO minima windows for this day matching --window 1227.

======================================================================
[Day] 2026-01-20  tier=2  instruments=['ESR']
  Scanning 3646 files for metadata …
  Found 3646 valid files across 569 geographic groups (48 30-min windows).
[ISR-DA][minima-windows] 2026-01-20: 7 window(s) (>= 10 arcs each)
  0102  centre=2026-01-20 01:02:30  n_occ=17  span=[2026-01-20 00:00:00 .. 2026-01-20 02:05:00)
  0250  centre=2026-01-20 02:50:00  n_occ=20  span=[2026-01-20 02:05:00 .. 2026-01-20 03:35:00)
  0437  centre=2026-01-20 04:37:30  n_occ=11  span=[2026-01-20 03:35:00 .. 2026-01-20 05:40:00)
  0647  centre=2026-01-20 06:47:30  n_occ=10  span=[2026-01-20 05:40:00 .. 2026-01-20 07:55:00)
  1027  centre=2026-01-20 10:27:30  n_occ=33  span=[2026-01-20 09:30:00 .. 2026-01-20 11:25:00)
  1207  centre=2026-01-20 12:07:30  n_occ=23  span=[2026-01-20 11:25:00 .. 2026-01-20 12:50:00)
  1457  centre=2026-01-20 14:57:30  n_occ=32  span=[2026-01-20 12:50:00 .. 2026-01-20 17:05:00)
  [IGS/TRO1] Running TEC pipeline for 2026-01-20 …
  [nav] Using multi-GNSS mixed nav: BRDC00IGS_R_20260200000_01D_MN.rnx.gz
  [TRO1]   9/99 SVs (  9.1%)    0 arcs
  [TRO1]  18/99 SVs ( 18.2%)    0 arcs
  [TRO1]  27/99 SVs ( 27.3%)   57 arcs
  [TRO1]  36/99 SVs ( 36.4%)  124 arcs
  [TRO1]  45/99 SVs ( 45.5%)  201 arcs
  [TRO1]  54/99 SVs ( 54.5%)  276 arcs
  [TRO1]  63/99 SVs ( 63.6%)  346 arcs
  [TRO1]  72/99 SVs ( 72.7%)  409 arcs
  [TRO1]  81/99 SVs ( 81.8%)  476 arcs
  [TRO1]  90/99 SVs ( 90.9%)  541 arcs
  [TRO1]  99/99 SVs (100.0%)  609 arcs
  [TRO1] 99/99 SVs done  609 arcs
  [IGS/TRO1] 609 raw arcs → 231 valid entries
  [IGS/WUTH] Running TEC pipeline for 2026-01-20 …
  [IGS/WUTH] Pipeline failed: No RINEX-3 observation file found in https://cddis.nasa.gov/archive/gnss/data/daily/2026/020/26d for station WUTH. Available: ['ABMF00GLP_R_20260200000_01D_30S_MO.crx.gz ', 'ABPO00MDG_R_20260200000_01D_30S_MO.crx.gz ', 'AC2300USA_R_20260200000_01D_15S_MO.crx.gz ', 'AC2400USA_R_20260200000_01D_15S_MO.crx.gz ', 'ACRG00GHA_R_20260200000_01D_30S_MO.crx.gz ', 'ACSO00USA_R_20260200000_01D_15S_MO.crx.gz ', 'AIRA00JPN_R_20260200000_01D_30S_MO.crx.gz ', 'AJAC00FRA_R_20260200000_01D_30S_MO.crx.gz ', 'AL2H00CAN_R_20260200000_01D_30S_MO.crx.gz ', 'ALAC00ESP_R_20260200000_01D_30S_MO.crx.gz ']
  [IGS/NYA1] Running TEC pipeline for 2026-01-20 …
  [nav] Using multi-GNSS mixed nav: BRDC00IGS_R_20260200000_01D_MN.rnx.gz
  [NYA1]   9/98 SVs (  9.2%)    0 arcs
  [NYA1]  18/98 SVs ( 18.4%)    0 arcs
  [NYA1]  27/98 SVs ( 27.6%)   70 arcs
  [NYA1]  36/98 SVs ( 36.7%)  124 arcs
  [NYA1]  45/98 SVs ( 45.9%)  165 arcs
  [NYA1]  54/98 SVs ( 55.1%)  227 arcs
  [NYA1]  63/98 SVs ( 64.3%)  288 arcs
  [NYA1]  72/98 SVs ( 73.5%)  363 arcs
  [NYA1]  81/98 SVs ( 82.7%)  426 arcs
  [NYA1]  90/98 SVs ( 91.8%)  475 arcs
  [NYA1]  98/98 SVs (100.0%)  526 arcs
  [NYA1] 98/98 SVs done  526 arcs
  [IGS/NYA1] 526 raw arcs → 245 valid entries
  0 minima window(s), 476 IGS arc(s)
  [skip] No GNSS-RO minima windows for this day matching --window 1227.

======================================================================
[Day] 2026-01-21  tier=2  instruments=['ESR']
  Scanning 3640 files for metadata …
  Found 3640 valid files across 573 geographic groups (48 30-min windows).
[ISR-DA][minima-windows] 2026-01-21: 8 window(s) (>= 10 arcs each)
  0100  centre=2026-01-21 01:00:00  n_occ=16  span=[2026-01-21 00:00:00 .. 2026-01-21 02:00:00)
  0242  centre=2026-01-21 02:42:30  n_occ=18  span=[2026-01-21 02:00:00 .. 2026-01-21 03:25:00)
  0540  centre=2026-01-21 05:40:00  n_occ=10  span=[2026-01-21 04:50:00 .. 2026-01-21 06:30:00)
  1032  centre=2026-01-21 10:32:30  n_occ=18  span=[2026-01-21 09:45:00 .. 2026-01-21 11:20:00)
  1207  centre=2026-01-21 12:07:30  n_occ=23  span=[2026-01-21 11:20:00 .. 2026-01-21 12:55:00)
  1335  centre=2026-01-21 13:35:00  n_occ=19  span=[2026-01-21 12:55:00 .. 2026-01-21 14:15:00)
  1537  centre=2026-01-21 15:37:30  n_occ=12  span=[2026-01-21 14:15:00 .. 2026-01-21 17:00:00)
  2105  centre=2026-01-21 21:05:00  n_occ=13  span=[2026-01-21 19:30:00 .. 2026-01-21 22:40:00)
  [IGS/TRO1] Running TEC pipeline for 2026-01-21 …
  [nav] Using multi-GNSS mixed nav: BRDC00IGS_R_20260210000_01D_MN.rnx.gz
  [TRO1]   9/99 SVs (  9.1%)    0 arcs
  [TRO1]  18/99 SVs ( 18.2%)    0 arcs
  [TRO1]  27/99 SVs ( 27.3%)   57 arcs
  [TRO1]  36/99 SVs ( 36.4%)  126 arcs
  [TRO1]  45/99 SVs ( 45.5%)  196 arcs
  [TRO1]  54/99 SVs ( 54.5%)  274 arcs
  [TRO1]  63/99 SVs ( 63.6%)  349 arcs
  [TRO1]  72/99 SVs ( 72.7%)  419 arcs
  [TRO1]  81/99 SVs ( 81.8%)  487 arcs
  [TRO1]  90/99 SVs ( 90.9%)  555 arcs
  [TRO1]  99/99 SVs (100.0%)  623 arcs
  [TRO1] 99/99 SVs done  623 arcs
  [IGS/TRO1] 623 raw arcs → 280 valid entries
  [IGS/WUTH] Running TEC pipeline for 2026-01-21 …
  [IGS/WUTH] Pipeline failed: No RINEX-3 observation file found in https://cddis.nasa.gov/archive/gnss/data/daily/2026/021/26d for station WUTH. Available: ['ABMF00GLP_R_20260210000_01D_30S_MO.crx.gz ', 'ABPO00MDG_R_20260210000_01D_30S_MO.crx.gz ', 'AC2300USA_R_20260210000_01D_15S_MO.crx.gz ', 'AC2400USA_R_20260210000_01D_15S_MO.crx.gz ', 'ACRG00GHA_R_20260210000_01D_30S_MO.crx.gz ', 'ACSO00USA_R_20260210000_01D_15S_MO.crx.gz ', 'AIRA00JPN_R_20260210000_01D_30S_MO.crx.gz ', 'AJAC00FRA_R_20260210000_01D_30S_MO.crx.gz ', 'AL2H00CAN_R_20260210000_01D_30S_MO.crx.gz ', 'ALAC00ESP_R_20260210000_01D_30S_MO.crx.gz ']
  [IGS/NYA1] Running TEC pipeline for 2026-01-21 …
  [nav] Using multi-GNSS mixed nav: BRDC00IGS_R_20260210000_01D_MN.rnx.gz
  [NYA1]   9/98 SVs (  9.2%)    0 arcs
  [NYA1]  18/98 SVs ( 18.4%)    0 arcs
  [NYA1]  27/98 SVs ( 27.6%)   69 arcs
  [NYA1]  36/98 SVs ( 36.7%)  146 arcs
  [NYA1]  45/98 SVs ( 45.9%)  211 arcs
  [NYA1]  54/98 SVs ( 55.1%)  289 arcs
  [NYA1]  63/98 SVs ( 64.3%)  348 arcs
  [NYA1]  72/98 SVs ( 73.5%)  419 arcs
  [NYA1]  81/98 SVs ( 82.7%)  480 arcs
  [NYA1]  90/98 SVs ( 91.8%)  534 arcs
  [NYA1]  98/98 SVs (100.0%)  586 arcs
  [NYA1] 98/98 SVs done  586 arcs
  [IGS/NYA1] 586 raw arcs → 340 valid entries
  0 minima window(s), 620 IGS arc(s)
  [skip] No GNSS-RO minima windows for this day matching --window 1227.

======================================================================
[Day] 2026-01-22  tier=2  instruments=['TRO']
  [IGS/TRO1] Running TEC pipeline for 2026-01-22 …
  [nav] Using multi-GNSS mixed nav: BRDC00IGS_R_20260220000_01D_MN.rnx.gz
  [TRO1]   9/99 SVs (  9.1%)    0 arcs
  [TRO1]  18/99 SVs ( 18.2%)    0 arcs
  [TRO1]  27/99 SVs ( 27.3%)   41 arcs
  [TRO1]  36/99 SVs ( 36.4%)   74 arcs
  [TRO1]  45/99 SVs ( 45.5%)  123 arcs
  [TRO1]  54/99 SVs ( 54.5%)  175 arcs
  [TRO1]  63/99 SVs ( 63.6%)  215 arcs
  [TRO1]  72/99 SVs ( 72.7%)  246 arcs
  [TRO1]  81/99 SVs ( 81.8%)  278 arcs
  [TRO1]  90/99 SVs ( 90.9%)  307 arcs
  [TRO1]  99/99 SVs (100.0%)  346 arcs
  [TRO1] 99/99 SVs done  346 arcs
  [IGS/TRO1] 346 raw arcs → 220 valid entries
  [IGS/WUTH] Running TEC pipeline for 2026-01-22 …
  [IGS/WUTH] Pipeline failed: No RINEX-3 observation file found in https://cddis.nasa.gov/archive/gnss/data/daily/2026/022/26d for station WUTH. Available: ['ABMF00GLP_R_20260220000_01D_30S_MO.crx.gz ', 'ABPO00MDG_R_20260220000_01D_30S_MO.crx.gz ', 'AC2300USA_R_20260220000_01D_15S_MO.crx.gz ', 'AC2400USA_R_20260220000_01D_15S_MO.crx.gz ', 'ACRG00GHA_R_20260220000_01D_30S_MO.crx.gz ', 'ACSO00USA_R_20260220000_01D_15S_MO.crx.gz ', 'AIRA00JPN_R_20260220000_01D_30S_MO.crx.gz ', 'AJAC00FRA_R_20260220000_01D_30S_MO.crx.gz ', 'AL2H00CAN_R_20260220000_01D_30S_MO.crx.gz ', 'ALAC00ESP_R_20260220000_01D_30S_MO.crx.gz ']
  [IGS/NYA1] Running TEC pipeline for 2026-01-22 …
  [nav] Using multi-GNSS mixed nav: BRDC00IGS_R_20260220000_01D_MN.rnx.gz
  [NYA1]   9/98 SVs (  9.2%)    0 arcs
  [NYA1]  18/98 SVs ( 18.4%)    0 arcs
  [NYA1]  27/98 SVs ( 27.6%)   74 arcs
  [NYA1]  36/98 SVs ( 36.7%)  139 arcs
  [NYA1]  45/98 SVs ( 45.9%)  203 arcs
  [NYA1]  54/98 SVs ( 55.1%)  273 arcs
  [NYA1]  63/98 SVs ( 64.3%)  348 arcs
  [NYA1]  72/98 SVs ( 73.5%)  410 arcs
  [NYA1]  81/98 SVs ( 82.7%)  476 arcs
  [NYA1]  90/98 SVs ( 91.8%)  537 arcs
  [NYA1]  98/98 SVs (100.0%)  594 arcs
  [NYA1] 98/98 SVs done  594 arcs
  [IGS/NYA1] 594 raw arcs → 294 valid entries
  0 minima window(s), 514 IGS arc(s)
  [skip] No GNSS-RO minima windows for this day matching --window 1227.

======================================================================
[Day] 2026-01-29  tier=2  instruments=['TRO']
  [IGS/TRO1] Running TEC pipeline for 2026-01-29 …
  [nav] Using multi-GNSS mixed nav: BRDC00IGS_R_20260290000_01D_MN.rnx.gz
  [TRO1]   9/99 SVs (  9.1%)    0 arcs
  [TRO1]  18/99 SVs ( 18.2%)    0 arcs
  [TRO1]  27/99 SVs ( 27.3%)   42 arcs
  [TRO1]  36/99 SVs ( 36.4%)  101 arcs
  [TRO1]  45/99 SVs ( 45.5%)  166 arcs
  [TRO1]  54/99 SVs ( 54.5%)  231 arcs
  [TRO1]  63/99 SVs ( 63.6%)  286 arcs
  [TRO1]  72/99 SVs ( 72.7%)  336 arcs
  [TRO1]  81/99 SVs ( 81.8%)  378 arcs
  [TRO1]  90/99 SVs ( 90.9%)  433 arcs
  [TRO1]  99/99 SVs (100.0%)  497 arcs
  [TRO1] 99/99 SVs done  497 arcs
  [IGS/TRO1] 497 raw arcs → 224 valid entries
  [IGS/WUTH] Running TEC pipeline for 2026-01-29 …
  [IGS/WUTH] Pipeline failed: No RINEX-3 observation file found in https://cddis.nasa.gov/archive/gnss/data/daily/2026/029/26d for station WUTH. Available: ['ABMF00GLP_R_20260290000_01D_30S_MO.crx.gz ', 'ABPO00MDG_R_20260290000_01D_30S_MO.crx.gz ', 'AC2300USA_R_20260290000_01D_15S_MO.crx.gz ', 'AC2400USA_R_20260290000_01D_15S_MO.crx.gz ', 'ACRG00GHA_R_20260290000_01D_30S_MO.crx.gz ', 'ACSO00USA_R_20260290000_01D_15S_MO.crx.gz ', 'AIRA00JPN_R_20260290000_01D_30S_MO.crx.gz ', 'AJAC00FRA_R_20260290000_01D_30S_MO.crx.gz ', 'AL2H00CAN_R_20260290000_01D_30S_MO.crx.gz ', 'ALAC00ESP_R_20260290000_01D_30S_MO.crx.gz ']
  [IGS/NYA1] Running TEC pipeline for 2026-01-29 …
  [nav] Using multi-GNSS mixed nav: BRDC00IGS_R_20260290000_01D_MN.rnx.gz
  [NYA1]   9/98 SVs (  9.2%)    0 arcs
  [NYA1]  18/98 SVs ( 18.4%)    0 arcs
  [NYA1]  27/98 SVs ( 27.6%)   70 arcs
  [NYA1]  36/98 SVs ( 36.7%)  137 arcs
  [NYA1]  45/98 SVs ( 45.9%)  211 arcs
  [NYA1]  54/98 SVs ( 55.1%)  283 arcs
  [NYA1]  63/98 SVs ( 64.3%)  351 arcs
  [NYA1]  72/98 SVs ( 73.5%)  426 arcs
  [NYA1]  81/98 SVs ( 82.7%)  489 arcs
  [NYA1]  90/98 SVs ( 91.8%)  554 arcs
  [NYA1]  98/98 SVs (100.0%)  611 arcs
  [NYA1] 98/98 SVs done  611 arcs
  [IGS/NYA1] 611 raw arcs → 273 valid entries
  0 minima window(s), 497 IGS arc(s)
  [skip] No GNSS-RO minima windows for this day matching --window 1227.

======================================================================
[Day] 2026-02-03  tier=2  instruments=['ESR']
  Scanning 3399 files for metadata …
  Found 3399 valid files across 551 geographic groups (48 30-min windows).
[ISR-DA][minima-windows] 2026-02-03: 6 window(s) (>= 10 arcs each)
  0052  centre=2026-02-03 00:52:30  n_occ=24  span=[2026-02-03 00:00:00 .. 2026-02-03 01:45:00)
  0225  centre=2026-02-03 02:25:00  n_occ=14  span=[2026-02-03 01:45:00 .. 2026-02-03 03:05:00)
  0950  centre=2026-02-03 09:50:00  n_occ=26  span=[2026-02-03 08:20:00 .. 2026-02-03 11:20:00)
  1155  centre=2026-02-03 11:55:00  n_occ=24  span=[2026-02-03 11:20:00 .. 2026-02-03 12:30:00)
  1312  centre=2026-02-03 13:12:30  n_occ=21  span=[2026-02-03 12:30:00 .. 2026-02-03 13:55:00)
  1600  centre=2026-02-03 16:00:00  n_occ=20  span=[2026-02-03 13:55:00 .. 2026-02-03 18:05:00)
  [IGS/TRO1] Running TEC pipeline for 2026-02-03 …
  [nav] Using multi-GNSS mixed nav: BRDC00IGS_R_20260340000_01D_MN.rnx.gz
  [TRO1]  10/100 SVs ( 10.0%)    0 arcs
  [TRO1]  20/100 SVs ( 20.0%)    7 arcs
  [TRO1]  30/100 SVs ( 30.0%)   46 arcs
  [TRO1]  40/100 SVs ( 40.0%)   92 arcs
  [TRO1]  50/100 SVs ( 50.0%)  141 arcs
  [TRO1]  60/100 SVs ( 60.0%)  186 arcs
  [TRO1]  70/100 SVs ( 70.0%)  236 arcs
  [TRO1]  80/100 SVs ( 80.0%)  277 arcs
  [TRO1]  90/100 SVs ( 90.0%)  317 arcs
  [TRO1] 100/100 SVs (100.0%)  367 arcs
  [TRO1] 100/100 SVs done  367 arcs
  [IGS/TRO1] 367 raw arcs → 232 valid entries
  [IGS/WUTH] Running TEC pipeline for 2026-02-03 …
  [IGS/WUTH] Pipeline failed: No RINEX-3 observation file found in https://cddis.nasa.gov/archive/gnss/data/daily/2026/034/26d for station WUTH. Available: ['ABMF00GLP_R_20260340000_01D_30S_MO.crx.gz ', 'ABPO00MDG_R_20260340000_01D_30S_MO.crx.gz ', 'AC2300USA_R_20260340000_01D_15S_MO.crx.gz ', 'AC2400USA_R_20260340000_01D_15S_MO.crx.gz ', 'ACRG00GHA_R_20260340000_01D_30S_MO.crx.gz ', 'ACSO00USA_R_20260340000_01D_15S_MO.crx.gz ', 'AIRA00JPN_R_20260340000_01D_30S_MO.crx.gz ', 'AL2H00CAN_R_20260340000_01D_30S_MO.crx.gz ', 'ALAC00ESP_R_20260340000_01D_30S_MO.crx.gz ', 'ALB400CAN_R_20260340000_01D_30S_MO.crx.gz ']
  [IGS/NYA1] Running TEC pipeline for 2026-02-03 …
  [nav] Using multi-GNSS mixed nav: BRDC00IGS_R_20260340000_01D_MN.rnx.gz
  [NYA1]   9/99 SVs (  9.1%)    2 arcs
  [NYA1]  18/99 SVs ( 18.2%)    2 arcs
  [NYA1]  27/99 SVs ( 27.3%)   63 arcs
  [NYA1]  36/99 SVs ( 36.4%)  136 arcs
  [NYA1]  45/99 SVs ( 45.5%)  213 arcs
  [NYA1]  54/99 SVs ( 54.5%)  295 arcs
  [NYA1]  63/99 SVs ( 63.6%)  357 arcs
  [NYA1]  72/99 SVs ( 72.7%)  431 arcs
  [NYA1]  81/99 SVs ( 81.8%)  499 arcs
  [NYA1]  90/99 SVs ( 90.9%)  555 arcs
  [NYA1]  99/99 SVs (100.0%)  625 arcs
  [NYA1] 99/99 SVs done  625 arcs
  [IGS/NYA1] 625 raw arcs → 305 valid entries
  0 minima window(s), 537 IGS arc(s)
  [skip] No GNSS-RO minima windows for this day matching --window 1227.

======================================================================
[Day] 2026-02-05  tier=2  instruments=['TRO']
  [IGS/TRO1] Running TEC pipeline for 2026-02-05 …
  [nav] Using multi-GNSS mixed nav: BRDC00IGS_R_20260360000_01D_MN.rnx.gz
  [TRO1]  10/100 SVs ( 10.0%)    0 arcs
  [TRO1]  20/100 SVs ( 20.0%)    1 arcs
  [TRO1]  30/100 SVs ( 30.0%)   44 arcs
  [TRO1]  40/100 SVs ( 40.0%)   91 arcs
  [TRO1]  50/100 SVs ( 50.0%)  138 arcs
  [TRO1]  60/100 SVs ( 60.0%)  188 arcs
  [TRO1]  70/100 SVs ( 70.0%)  229 arcs
  [TRO1]  80/100 SVs ( 80.0%)  272 arcs
  [TRO1]  90/100 SVs ( 90.0%)  310 arcs
  [TRO1] 100/100 SVs (100.0%)  348 arcs
  [TRO1] 100/100 SVs done  348 arcs
  [IGS/TRO1] 348 raw arcs → 200 valid entries
  [IGS/WUTH] Running TEC pipeline for 2026-02-05 …
  [nav] Using multi-GNSS mixed nav: BRDC00IGS_R_20260360000_01D_MN.rnx.gz
  [WUTH]  12/122 SVs (  9.8%)   67 arcs
  [WUTH]  24/122 SVs ( 19.7%)  161 arcs
  [WUTH]  36/122 SVs ( 29.5%)  219 arcs
  [WUTH]  48/122 SVs ( 39.3%)  293 arcs
  [WUTH]  60/122 SVs ( 49.2%)  402 arcs
  [WUTH]  72/122 SVs ( 59.0%)  503 arcs
  [WUTH]  84/122 SVs ( 68.9%)  605 arcs
  [WUTH]  96/122 SVs ( 78.7%)  680 arcs
  [WUTH] 108/122 SVs ( 88.5%)  765 arcs
  [WUTH] 120/122 SVs ( 98.4%)  847 arcs
  [WUTH] 122/122 SVs (100.0%)  870 arcs
  [WUTH] 122/122 SVs done  870 arcs
  [IGS/WUTH] 870 raw arcs → 489 valid entries
  [IGS/NYA1] Running TEC pipeline for 2026-02-05 …
  [nav] Using multi-GNSS mixed nav: BRDC00IGS_R_20260360000_01D_MN.rnx.gz
  [NYA1]   9/99 SVs (  9.1%)    0 arcs
  [NYA1]  18/99 SVs ( 18.2%)    0 arcs
  [NYA1]  27/99 SVs ( 27.3%)   73 arcs
  [NYA1]  36/99 SVs ( 36.4%)  133 arcs
  [NYA1]  45/99 SVs ( 45.5%)  190 arcs
  [NYA1]  54/99 SVs ( 54.5%)  266 arcs
  [NYA1]  63/99 SVs ( 63.6%)  333 arcs
  [NYA1]  72/99 SVs ( 72.7%)  414 arcs
  [NYA1]  81/99 SVs ( 81.8%)  485 arcs
  [NYA1]  90/99 SVs ( 90.9%)  546 arcs
  [NYA1]  99/99 SVs (100.0%)  612 arcs
  [NYA1] 99/99 SVs done  612 arcs
  [IGS/NYA1] 612 raw arcs → 329 valid entries
  0 minima window(s), 1018 IGS arc(s)
  [skip] No GNSS-RO minima windows for this day matching --window 1227.

======================================================================
[Day] 2026-02-09  tier=2  instruments=['ESR']
  Scanning 3738 files for metadata …
  Found 3738 valid files across 572 geographic groups (48 30-min windows).
[ISR-DA][minima-windows] 2026-02-09: 6 window(s) (>= 10 arcs each)
  0105  centre=2026-02-09 01:05:00  n_occ=26  span=[2026-02-09 00:00:00 .. 2026-02-09 02:10:00)
  0257  centre=2026-02-09 02:57:30  n_occ=21  span=[2026-02-09 02:10:00 .. 2026-02-09 03:45:00)
  0910  centre=2026-02-09 09:10:00  n_occ=16  span=[2026-02-09 08:15:00 .. 2026-02-09 10:05:00)
  1050  centre=2026-02-09 10:50:00  n_occ=33  span=[2026-02-09 10:05:00 .. 2026-02-09 11:35:00)
  1225  centre=2026-02-09 12:25:00  n_occ=26  span=[2026-02-09 11:35:00 .. 2026-02-09 13:15:00)
  1542  centre=2026-02-09 15:42:30  n_occ=35  span=[2026-02-09 13:15:00 .. 2026-02-09 18:10:00)
  [IGS/TRO1] Running TEC pipeline for 2026-02-09 …
  [nav] Using multi-GNSS mixed nav: BRDC00IGS_R_20260400000_01D_MN.rnx.gz
  [TRO1]  10/100 SVs ( 10.0%)    0 arcs
  [TRO1]  20/100 SVs ( 20.0%)    5 arcs
  [TRO1]  30/100 SVs ( 30.0%)   46 arcs
  [TRO1]  40/100 SVs ( 40.0%)   82 arcs
  [TRO1]  50/100 SVs ( 50.0%)  117 arcs
  [TRO1]  60/100 SVs ( 60.0%)  157 arcs
  [TRO1]  70/100 SVs ( 70.0%)  199 arcs
  [TRO1]  80/100 SVs ( 80.0%)  237 arcs
  [TRO1]  90/100 SVs ( 90.0%)  263 arcs
  [TRO1] 100/100 SVs (100.0%)  296 arcs
  [TRO1] 100/100 SVs done  296 arcs
  [IGS/TRO1] 296 raw arcs → 195 valid entries
  [IGS/WUTH] Running TEC pipeline for 2026-02-09 …
  [nav] Using multi-GNSS mixed nav: BRDC00IGS_R_20260400000_01D_MN.rnx.gz
  [WUTH]  12/122 SVs (  9.8%)   74 arcs
  [WUTH]  24/122 SVs ( 19.7%)  161 arcs
  [WUTH]  36/122 SVs ( 29.5%)  235 arcs
  [WUTH]  48/122 SVs ( 39.3%)  317 arcs
  [WUTH]  60/122 SVs ( 49.2%)  402 arcs
  [WUTH]  72/122 SVs ( 59.0%)  491 arcs
  [WUTH]  84/122 SVs ( 68.9%)  583 arcs
  [WUTH]  96/122 SVs ( 78.7%)  672 arcs
  [WUTH] 108/122 SVs ( 88.5%)  772 arcs
  [WUTH] 120/122 SVs ( 98.4%)  867 arcs
  [WUTH] 122/122 SVs (100.0%)  881 arcs
  [WUTH] 122/122 SVs done  881 arcs
  [IGS/WUTH] 881 raw arcs → 436 valid entries
  [IGS/NYA1] Running TEC pipeline for 2026-02-09 …
  [nav] Using multi-GNSS mixed nav: BRDC00IGS_R_20260400000_01D_MN.rnx.gz
  [NYA1]   9/99 SVs (  9.1%)    1 arcs
  [NYA1]  18/99 SVs ( 18.2%)    1 arcs
  [NYA1]  27/99 SVs ( 27.3%)   79 arcs
  [NYA1]  36/99 SVs ( 36.4%)  145 arcs
  [NYA1]  45/99 SVs ( 45.5%)  217 arcs
  [NYA1]  54/99 SVs ( 54.5%)  306 arcs
  [NYA1]  63/99 SVs ( 63.6%)  374 arcs
  [NYA1]  72/99 SVs ( 72.7%)  445 arcs
  [NYA1]  81/99 SVs ( 81.8%)  519 arcs
  [NYA1]  90/99 SVs ( 90.9%)  570 arcs
  [NYA1]  99/99 SVs (100.0%)  636 arcs
  [NYA1] 99/99 SVs done  636 arcs
  [IGS/NYA1] 636 raw arcs → 331 valid entries
  0 minima window(s), 962 IGS arc(s)
  [skip] No GNSS-RO minima windows for this day matching --window 1227.

======================================================================
[Day] 2026-02-17  tier=2  instruments=['TRO']
  [IGS/TRO1] Running TEC pipeline for 2026-02-17 …
  [nav] Using multi-GNSS mixed nav: BRDC00IGS_R_20260480000_01D_MN.rnx.gz
  [TRO1]  10/100 SVs ( 10.0%)    0 arcs
  [TRO1]  20/100 SVs ( 20.0%)    6 arcs
  [TRO1]  30/100 SVs ( 30.0%)   55 arcs
  [TRO1]  40/100 SVs ( 40.0%)   98 arcs
  [TRO1]  50/100 SVs ( 50.0%)  143 arcs
  [TRO1]  60/100 SVs ( 60.0%)  190 arcs
  [TRO1]  70/100 SVs ( 70.0%)  237 arcs
  [TRO1]  80/100 SVs ( 80.0%)  299 arcs
  [TRO1]  90/100 SVs ( 90.0%)  336 arcs
  [TRO1] 100/100 SVs (100.0%)  378 arcs
  [TRO1] 100/100 SVs done  378 arcs
  [IGS/TRO1] 378 raw arcs → 250 valid entries
  [IGS/WUTH] Running TEC pipeline for 2026-02-17 …
  [nav] Using multi-GNSS mixed nav: BRDC00IGS_R_20260480000_01D_MN.rnx.gz
[WUTH] E28: no exact DCB match for any viable Galileo pair — DCB correction will be 0; selected E1/E5a (C1C-C5Q)
[WUTH] E32: no exact DCB match for any viable Galileo pair — DCB correction will be 0; selected E1/E5a (C1C-C5Q)
  [WUTH]  12/124 SVs (  9.7%)   86 arcs
  [WUTH]  24/124 SVs ( 19.4%)  174 arcs
  [WUTH]  36/124 SVs ( 29.0%)  255 arcs
  [WUTH]  48/124 SVs ( 38.7%)  322 arcs
  [WUTH]  60/124 SVs ( 48.4%)  424 arcs
  [WUTH]  72/124 SVs ( 58.1%)  516 arcs
  [WUTH]  84/124 SVs ( 67.7%)  622 arcs
  [WUTH]  96/124 SVs ( 77.4%)  703 arcs
  [WUTH] 108/124 SVs ( 87.1%)  807 arcs
  [WUTH] 120/124 SVs ( 96.8%)  895 arcs
  [WUTH] 124/124 SVs (100.0%)  941 arcs
  [WUTH] 124/124 SVs done  941 arcs
  [IGS/WUTH] 941 raw arcs → 507 valid entries
  [IGS/NYA1] Running TEC pipeline for 2026-02-17 …
  [nav] Using multi-GNSS mixed nav: BRDC00IGS_R_20260480000_01D_MN.rnx.gz
  [NYA1]   9/99 SVs (  9.1%)    2 arcs
  [NYA1]  18/99 SVs ( 18.2%)    2 arcs
  [NYA1]  27/99 SVs ( 27.3%)   80 arcs
  [NYA1]  36/99 SVs ( 36.4%)  151 arcs
  [NYA1]  45/99 SVs ( 45.5%)  230 arcs
  [NYA1]  54/99 SVs ( 54.5%)  306 arcs
  [NYA1]  63/99 SVs ( 63.6%)  373 arcs
  [NYA1]  72/99 SVs ( 72.7%)  458 arcs
  [NYA1]  81/99 SVs ( 81.8%)  529 arcs
  [NYA1]  90/99 SVs ( 90.9%)  589 arcs
  [NYA1]  99/99 SVs (100.0%)  655 arcs
  [NYA1] 99/99 SVs done  655 arcs
  [IGS/NYA1] 655 raw arcs → 328 valid entries
  0 minima window(s), 1085 IGS arc(s)
  [skip] No GNSS-RO minima windows for this day matching --window 1227.

======================================================================
[Day] 2025-01-21  tier=3  instruments=['JRO']
  Scanning 6816 files for metadata …
  Found 6816 valid files across 583 geographic groups (48 30-min windows).
[ISR-DA][minima-windows] 2025-01-21: 15 window(s) (>= 10 arcs each)
  0135  centre=2025-01-21 01:35:00  n_occ=20  span=[2025-01-21 00:45:00 .. 2025-01-21 02:25:00)
  0312  centre=2025-01-21 03:12:30  n_occ=18  span=[2025-01-21 02:25:00 .. 2025-01-21 04:00:00)
  0450  centre=2025-01-21 04:50:00  n_occ=22  span=[2025-01-21 04:00:00 .. 2025-01-21 05:40:00)
  0625  centre=2025-01-21 06:25:00  n_occ=36  span=[2025-01-21 05:40:00 .. 2025-01-21 07:10:00)
  0800  centre=2025-01-21 08:00:00  n_occ=57  span=[2025-01-21 07:10:00 .. 2025-01-21 08:50:00)
  0937  centre=2025-01-21 09:37:30  n_occ=65  span=[2025-01-21 08:50:00 .. 2025-01-21 10:25:00)
  1112  centre=2025-01-21 11:12:30  n_occ=70  span=[2025-01-21 10:25:00 .. 2025-01-21 12:00:00)
  1247  centre=2025-01-21 12:47:30  n_occ=82  span=[2025-01-21 12:00:00 .. 2025-01-21 13:35:00)
  1422  centre=2025-01-21 14:22:30  n_occ=57  span=[2025-01-21 13:35:00 .. 2025-01-21 15:10:00)
  1600  centre=2025-01-21 16:00:00  n_occ=49  span=[2025-01-21 15:10:00 .. 2025-01-21 16:50:00)
  1742  centre=2025-01-21 17:42:30  n_occ=42  span=[2025-01-21 16:50:00 .. 2025-01-21 18:35:00)
  1920  centre=2025-01-21 19:20:00  n_occ=18  span=[2025-01-21 18:35:00 .. 2025-01-21 20:05:00)
  2050  centre=2025-01-21 20:50:00  n_occ=39  span=[2025-01-21 20:05:00 .. 2025-01-21 21:35:00)
  2222  centre=2025-01-21 22:22:30  n_occ=60  span=[2025-01-21 21:35:00 .. 2025-01-21 23:10:00)
  2335  centre=2025-01-21 23:35:00  n_occ=24  span=[2025-01-21 23:10:00 .. 2025-01-22 00:00:00)
  [IGS/TRO1] Running TEC pipeline for 2025-01-21 …
  [nav] Using multi-GNSS mixed nav: BRDC00IGS_R_20250210000_01D_MN.rnx.gz
  [TRO1]   8/81 SVs (  9.9%)   43 arcs
  [TRO1]  16/81 SVs ( 19.8%)   71 arcs
  [TRO1]  24/81 SVs ( 29.6%)  105 arcs
  [TRO1]  32/81 SVs ( 39.5%)  142 arcs
  [TRO1]  40/81 SVs ( 49.4%)  179 arcs
  [TRO1]  48/81 SVs ( 59.3%)  218 arcs
  [TRO1]  56/81 SVs ( 69.1%)  254 arcs
  [TRO1]  64/81 SVs ( 79.0%)  292 arcs
  [TRO1]  72/81 SVs ( 88.9%)  316 arcs
  [TRO1]  80/81 SVs ( 98.8%)  344 arcs
  [TRO1]  81/81 SVs (100.0%)  352 arcs
  [TRO1] 81/81 SVs done  352 arcs
  [IGS/TRO1] 352 raw arcs → 189 valid entries
  [IGS/WUTH] Running TEC pipeline for 2025-01-21 …
  [nav] Using multi-GNSS mixed nav: BRDC00IGS_R_20250210000_01D_MN.rnx.gz
  [WUTH]  12/125 SVs (  9.6%)   54 arcs
  [WUTH]  24/125 SVs ( 19.2%)  124 arcs
  [WUTH]  36/125 SVs ( 28.8%)  201 arcs
  [WUTH]  48/125 SVs ( 38.4%)  268 arcs
  [WUTH]  60/125 SVs ( 48.0%)  338 arcs
  [WUTH]  72/125 SVs ( 57.6%)  407 arcs
  [WUTH]  84/125 SVs ( 67.2%)  462 arcs
  [WUTH]  96/125 SVs ( 76.8%)  499 arcs
  [WUTH] 108/125 SVs ( 86.4%)  561 arcs
  [WUTH] 120/125 SVs ( 96.0%)  634 arcs
  [WUTH] 125/125 SVs (100.0%)  657 arcs
  [WUTH] 125/125 SVs done  657 arcs
  [IGS/WUTH] 657 raw arcs → 304 valid entries
  [IGS/NYA1] Running TEC pipeline for 2025-01-21 …
  [nav] Using multi-GNSS mixed nav: BRDC00IGS_R_20250210000_01D_MN.rnx.gz
  [NYA1]   8/81 SVs (  9.9%)   50 arcs
  [NYA1]  16/81 SVs ( 19.8%)   95 arcs
  [NYA1]  24/81 SVs ( 29.6%)  148 arcs
  [NYA1]  32/81 SVs ( 39.5%)  209 arcs
  [NYA1]  40/81 SVs ( 49.4%)  274 arcs
  [NYA1]  48/81 SVs ( 59.3%)  338 arcs
  [NYA1]  56/81 SVs ( 69.1%)  387 arcs
  [NYA1]  64/81 SVs ( 79.0%)  435 arcs
  [NYA1]  72/81 SVs ( 88.9%)  484 arcs
  [NYA1]  80/81 SVs ( 98.8%)  543 arcs
  [NYA1]  81/81 SVs (100.0%)  554 arcs
  [NYA1] 81/81 SVs done  554 arcs
  [IGS/NYA1] 554 raw arcs → 228 valid entries
  0 minima window(s), 721 IGS arc(s)
  [skip] No GNSS-RO minima windows for this day matching --window 1227.

======================================================================
[Day] 2025-01-22  tier=3  instruments=['JRO']
  Scanning 6811 files for metadata …
  Found 6811 valid files across 563 geographic groups (48 30-min windows).
[ISR-DA][minima-windows] 2025-01-22: 16 window(s) (>= 10 arcs each)
  0025  centre=2025-01-22 00:25:00  n_occ=12  span=[2025-01-22 00:00:00 .. 2025-01-22 00:50:00)
  0135  centre=2025-01-22 01:35:00  n_occ=22  span=[2025-01-22 00:50:00 .. 2025-01-22 02:20:00)
  0310  centre=2025-01-22 03:10:00  n_occ=16  span=[2025-01-22 02:20:00 .. 2025-01-22 04:00:00)
  0450  centre=2025-01-22 04:50:00  n_occ=26  span=[2025-01-22 04:00:00 .. 2025-01-22 05:40:00)
  0625  centre=2025-01-22 06:25:00  n_occ=28  span=[2025-01-22 05:40:00 .. 2025-01-22 07:10:00)
  0800  centre=2025-01-22 08:00:00  n_occ=49  span=[2025-01-22 07:10:00 .. 2025-01-22 08:50:00)
  0937  centre=2025-01-22 09:37:30  n_occ=70  span=[2025-01-22 08:50:00 .. 2025-01-22 10:25:00)
  1115  centre=2025-01-22 11:15:00  n_occ=72  span=[2025-01-22 10:25:00 .. 2025-01-22 12:05:00)
  1252  centre=2025-01-22 12:52:30  n_occ=65  span=[2025-01-22 12:05:00 .. 2025-01-22 13:40:00)
  1427  centre=2025-01-22 14:27:30  n_occ=48  span=[2025-01-22 13:40:00 .. 2025-01-22 15:15:00)
  1605  centre=2025-01-22 16:05:00  n_occ=62  span=[2025-01-22 15:15:00 .. 2025-01-22 16:55:00)
  1740  centre=2025-01-22 17:40:00  n_occ=28  span=[2025-01-22 16:55:00 .. 2025-01-22 18:25:00)
  1912  centre=2025-01-22 19:12:30  n_occ=21  span=[2025-01-22 18:25:00 .. 2025-01-22 20:00:00)
  2047  centre=2025-01-22 20:47:30  n_occ=43  span=[2025-01-22 20:00:00 .. 2025-01-22 21:35:00)
  2225  centre=2025-01-22 22:25:00  n_occ=66  span=[2025-01-22 21:35:00 .. 2025-01-22 23:15:00)
  2337  centre=2025-01-22 23:37:30  n_occ=16  span=[2025-01-22 23:15:00 .. 2025-01-23 00:00:00)
  [IGS/TRO1] Running TEC pipeline for 2025-01-22 …
  [nav] Using multi-GNSS mixed nav: BRDC00IGS_R_20250220000_01D_MN.rnx.gz
  [TRO1]   8/81 SVs (  9.9%)   31 arcs
  [TRO1]  16/81 SVs ( 19.8%)   80 arcs
  [TRO1]  24/81 SVs ( 29.6%)  123 arcs
  [TRO1]  32/81 SVs ( 39.5%)  189 arcs
  [TRO1]  40/81 SVs ( 49.4%)  229 arcs
  [TRO1]  48/81 SVs ( 59.3%)  268 arcs
  [TRO1]  56/81 SVs ( 69.1%)  311 arcs
  [TRO1]  64/81 SVs ( 79.0%)  352 arcs
  [TRO1]  72/81 SVs ( 88.9%)  376 arcs
  [TRO1]  80/81 SVs ( 98.8%)  425 arcs
  [TRO1]  81/81 SVs (100.0%)  427 arcs
  [TRO1] 81/81 SVs done  427 arcs
  [IGS/TRO1] 427 raw arcs → 224 valid entries
  [IGS/WUTH] Running TEC pipeline for 2025-01-22 …
  [nav] Using multi-GNSS mixed nav: BRDC00IGS_R_20250220000_01D_MN.rnx.gz
  [WUTH]  12/125 SVs (  9.6%)  123 arcs
  [WUTH]  24/125 SVs ( 19.2%)  228 arcs
  [WUTH]  36/125 SVs ( 28.8%)  360 arcs
  [WUTH]  48/125 SVs ( 38.4%)  440 arcs
  [WUTH]  60/125 SVs ( 48.0%)  536 arcs
  [WUTH]  72/125 SVs ( 57.6%)  645 arcs
  [WUTH]  84/125 SVs ( 67.2%)  763 arcs
  [WUTH]  96/125 SVs ( 76.8%)  878 arcs
  [WUTH] 108/125 SVs ( 86.4%)  1001 arcs
  [WUTH] 120/125 SVs ( 96.0%)  1103 arcs
  [WUTH] 125/125 SVs (100.0%)  1155 arcs
  [WUTH] 125/125 SVs done  1155 arcs
  [IGS/WUTH] 1155 raw arcs → 471 valid entries
  [IGS/NYA1] Running TEC pipeline for 2025-01-22 …
  [nav] Using multi-GNSS mixed nav: BRDC00IGS_R_20250220000_01D_MN.rnx.gz
  [NYA1]   8/81 SVs (  9.9%)   75 arcs
  [NYA1]  16/81 SVs ( 19.8%)  134 arcs
  [NYA1]  24/81 SVs ( 29.6%)  203 arcs
  [NYA1]  32/81 SVs ( 39.5%)  269 arcs
  [NYA1]  40/81 SVs ( 49.4%)  352 arcs
  [NYA1]  48/81 SVs ( 59.3%)  421 arcs
  [NYA1]  56/81 SVs ( 69.1%)  496 arcs
  [NYA1]  64/81 SVs ( 79.0%)  581 arcs
  [NYA1]  72/81 SVs ( 88.9%)  634 arcs
  [NYA1]  80/81 SVs ( 98.8%)  718 arcs
  [NYA1]  81/81 SVs (100.0%)  727 arcs
  [NYA1] 81/81 SVs done  727 arcs
  [IGS/NYA1] 727 raw arcs → 272 valid entries
  0 minima window(s), 967 IGS arc(s)
  [skip] No GNSS-RO minima windows for this day matching --window 1227.

======================================================================
[Day] 2025-01-23  tier=3  instruments=['JRO']
  Scanning 6734 files for metadata …
  Found 6734 valid files across 542 geographic groups (48 30-min windows).
[ISR-DA][minima-windows] 2025-01-23: 16 window(s) (>= 10 arcs each)
  0022  centre=2025-01-23 00:22:30  n_occ=21  span=[2025-01-23 00:00:00 .. 2025-01-23 00:45:00)
  0135  centre=2025-01-23 01:35:00  n_occ=19  span=[2025-01-23 00:45:00 .. 2025-01-23 02:25:00)
  0315  centre=2025-01-23 03:15:00  n_occ=18  span=[2025-01-23 02:25:00 .. 2025-01-23 04:05:00)
  0452  centre=2025-01-23 04:52:30  n_occ=28  span=[2025-01-23 04:05:00 .. 2025-01-23 05:40:00)
  0627  centre=2025-01-23 06:27:30  n_occ=43  span=[2025-01-23 05:40:00 .. 2025-01-23 07:15:00)
  0802  centre=2025-01-23 08:02:30  n_occ=72  span=[2025-01-23 07:15:00 .. 2025-01-23 08:50:00)
  0940  centre=2025-01-23 09:40:00  n_occ=69  span=[2025-01-23 08:50:00 .. 2025-01-23 10:30:00)
  1117  centre=2025-01-23 11:17:30  n_occ=58  span=[2025-01-23 10:30:00 .. 2025-01-23 12:05:00)
  1252  centre=2025-01-23 12:52:30  n_occ=69  span=[2025-01-23 12:05:00 .. 2025-01-23 13:40:00)
  1427  centre=2025-01-23 14:27:30  n_occ=69  span=[2025-01-23 13:40:00 .. 2025-01-23 15:15:00)
  1605  centre=2025-01-23 16:05:00  n_occ=55  span=[2025-01-23 15:15:00 .. 2025-01-23 16:55:00)
  1740  centre=2025-01-23 17:40:00  n_occ=25  span=[2025-01-23 16:55:00 .. 2025-01-23 18:25:00)
  1915  centre=2025-01-23 19:15:00  n_occ=38  span=[2025-01-23 18:25:00 .. 2025-01-23 20:05:00)
  2052  centre=2025-01-23 20:52:30  n_occ=41  span=[2025-01-23 20:05:00 .. 2025-01-23 21:40:00)
  2227  centre=2025-01-23 22:27:30  n_occ=64  span=[2025-01-23 21:40:00 .. 2025-01-23 23:15:00)
  2337  centre=2025-01-23 23:37:30  n_occ=11  span=[2025-01-23 23:15:00 .. 2025-01-24 00:00:00)
  [IGS/TRO1] Running TEC pipeline for 2025-01-23 …
  [nav] Using multi-GNSS mixed nav: BRDC00IGS_R_20250230000_01D_MN.rnx.gz
  [TRO1]   8/80 SVs ( 10.0%)   51 arcs
  [TRO1]  16/80 SVs ( 20.0%)   89 arcs
  [TRO1]  24/80 SVs ( 30.0%)  123 arcs
  [TRO1]  32/80 SVs ( 40.0%)  165 arcs
  [TRO1]  40/80 SVs ( 50.0%)  201 arcs
  [TRO1]  48/80 SVs ( 60.0%)  231 arcs
  [TRO1]  56/80 SVs ( 70.0%)  273 arcs
  [TRO1]  64/80 SVs ( 80.0%)  319 arcs
  [TRO1]  72/80 SVs ( 90.0%)  345 arcs
  [TRO1]  80/80 SVs (100.0%)  382 arcs
  [TRO1] 80/80 SVs done  382 arcs
  [IGS/TRO1] 382 raw arcs → 203 valid entries
  [IGS/WUTH] Running TEC pipeline for 2025-01-23 …
  [nav] Using multi-GNSS mixed nav: BRDC00IGS_R_20250230000_01D_MN.rnx.gz
  [WUTH]  12/123 SVs (  9.8%)   85 arcs
  [WUTH]  24/123 SVs ( 19.5%)  179 arcs
  [WUTH]  36/123 SVs ( 29.3%)  271 arcs
  [WUTH]  48/123 SVs ( 39.0%)  337 arcs
  [WUTH]  60/123 SVs ( 48.8%)  412 arcs
  [WUTH]  72/123 SVs ( 58.5%)  496 arcs
  [WUTH]  84/123 SVs ( 68.3%)  567 arcs
  [WUTH]  96/123 SVs ( 78.0%)  610 arcs
  [WUTH] 108/123 SVs ( 87.8%)  689 arcs
  [WUTH] 120/123 SVs ( 97.6%)  778 arcs
  [WUTH] 123/123 SVs (100.0%)  799 arcs
  [WUTH] 123/123 SVs done  799 arcs
  [IGS/WUTH] 799 raw arcs → 389 valid entries
  [IGS/NYA1] Running TEC pipeline for 2025-01-23 …
  [nav] Using multi-GNSS mixed nav: BRDC00IGS_R_20250230000_01D_MN.rnx.gz
  [NYA1]   8/80 SVs ( 10.0%)   52 arcs
  [NYA1]  16/80 SVs ( 20.0%)  107 arcs
  [NYA1]  24/80 SVs ( 30.0%)  167 arcs
  [NYA1]  32/80 SVs ( 40.0%)  223 arcs
  [NYA1]  40/80 SVs ( 50.0%)  284 arcs
  [NYA1]  48/80 SVs ( 60.0%)  353 arcs
  [NYA1]  56/80 SVs ( 70.0%)  418 arcs
  [NYA1]  64/80 SVs ( 80.0%)  474 arcs
  [NYA1]  72/80 SVs ( 90.0%)  525 arcs
  [NYA1]  80/80 SVs (100.0%)  582 arcs
  [NYA1] 80/80 SVs done  582 arcs
  [IGS/NYA1] 582 raw arcs → 246 valid entries
  0 minima window(s), 838 IGS arc(s)
  [skip] No GNSS-RO minima windows for this day matching --window 1227.

======================================================================
[Day] 2025-01-24  tier=3  instruments=['JRO']
  Scanning 6880 files for metadata …
  Found 6880 valid files across 609 geographic groups (48 30-min windows).
[ISR-DA][minima-windows] 2025-01-24: 15 window(s) (>= 10 arcs each)
  0027  centre=2025-01-24 00:27:30  n_occ=22  span=[2025-01-24 00:00:00 .. 2025-01-24 00:55:00)
  0142  centre=2025-01-24 01:42:30  n_occ=23  span=[2025-01-24 00:55:00 .. 2025-01-24 02:30:00)
  0317  centre=2025-01-24 03:17:30  n_occ=20  span=[2025-01-24 02:30:00 .. 2025-01-24 04:05:00)
  0452  centre=2025-01-24 04:52:30  n_occ=24  span=[2025-01-24 04:05:00 .. 2025-01-24 05:40:00)
  0627  centre=2025-01-24 06:27:30  n_occ=51  span=[2025-01-24 05:40:00 .. 2025-01-24 07:15:00)
  0802  centre=2025-01-24 08:02:30  n_occ=64  span=[2025-01-24 07:15:00 .. 2025-01-24 08:50:00)
  0937  centre=2025-01-24 09:37:30  n_occ=68  span=[2025-01-24 08:50:00 .. 2025-01-24 10:25:00)
  1117  centre=2025-01-24 11:17:30  n_occ=71  span=[2025-01-24 10:25:00 .. 2025-01-24 12:10:00)
  1255  centre=2025-01-24 12:55:00  n_occ=64  span=[2025-01-24 12:10:00 .. 2025-01-24 13:40:00)
  1430  centre=2025-01-24 14:30:00  n_occ=63  span=[2025-01-24 13:40:00 .. 2025-01-24 15:20:00)
  1610  centre=2025-01-24 16:10:00  n_occ=58  span=[2025-01-24 15:20:00 .. 2025-01-24 17:00:00)
  1747  centre=2025-01-24 17:47:30  n_occ=26  span=[2025-01-24 17:00:00 .. 2025-01-24 18:35:00)
  1922  centre=2025-01-24 19:22:30  n_occ=26  span=[2025-01-24 18:35:00 .. 2025-01-24 20:10:00)
  2057  centre=2025-01-24 20:57:30  n_occ=49  span=[2025-01-24 20:10:00 .. 2025-01-24 21:45:00)
  2230  centre=2025-01-24 22:30:00  n_occ=45  span=[2025-01-24 21:45:00 .. 2025-01-24 23:15:00)
  [IGS/TRO1] Running TEC pipeline for 2025-01-24 …
  [nav] Using multi-GNSS mixed nav: BRDC00IGS_R_20250240000_01D_MN.rnx.gz
  [TRO1]   8/80 SVs ( 10.0%)   39 arcs
  [TRO1]  16/80 SVs ( 20.0%)   80 arcs
  [TRO1]  24/80 SVs ( 30.0%)  111 arcs
  [TRO1]  32/80 SVs ( 40.0%)  160 arcs
  [TRO1]  40/80 SVs ( 50.0%)  199 arcs
  [TRO1]  48/80 SVs ( 60.0%)  233 arcs
  [TRO1]  56/80 SVs ( 70.0%)  271 arcs
  [TRO1]  64/80 SVs ( 80.0%)  300 arcs
  [TRO1]  72/80 SVs ( 90.0%)  319 arcs
  [TRO1]  80/80 SVs (100.0%)  361 arcs
  [TRO1] 80/80 SVs done  361 arcs
  [IGS/TRO1] 361 raw arcs → 206 valid entries
  [IGS/WUTH] Running TEC pipeline for 2025-01-24 …
  [nav] Using multi-GNSS mixed nav: BRDC00IGS_R_20250240000_01D_MN.rnx.gz
  [WUTH]  12/123 SVs (  9.8%)   97 arcs
  [WUTH]  24/123 SVs ( 19.5%)  192 arcs
  [WUTH]  36/123 SVs ( 29.3%)  282 arcs
  [WUTH]  48/123 SVs ( 39.0%)  350 arcs
  [WUTH]  60/123 SVs ( 48.8%)  447 arcs
  [WUTH]  72/123 SVs ( 58.5%)  542 arcs
  [WUTH]  84/123 SVs ( 68.3%)  642 arcs
  [WUTH]  96/123 SVs ( 78.0%)  736 arcs
  [WUTH] 108/123 SVs ( 87.8%)  842 arcs
  [WUTH] 120/123 SVs ( 97.6%)  940 arcs
  [WUTH] 123/123 SVs (100.0%)  967 arcs
  [WUTH] 123/123 SVs done  967 arcs
  [IGS/WUTH] 967 raw arcs → 450 valid entries
  [IGS/NYA1] Running TEC pipeline for 2025-01-24 …
  [nav] Using multi-GNSS mixed nav: BRDC00IGS_R_20250240000_01D_MN.rnx.gz
  [NYA1]   8/80 SVs ( 10.0%)   70 arcs
  [NYA1]  16/80 SVs ( 20.0%)  137 arcs
  [NYA1]  24/80 SVs ( 30.0%)  203 arcs
  [NYA1]  32/80 SVs ( 40.0%)  275 arcs
  [NYA1]  40/80 SVs ( 50.0%)  337 arcs
  [NYA1]  48/80 SVs ( 60.0%)  416 arcs
  [NYA1]  56/80 SVs ( 70.0%)  486 arcs
  [NYA1]  64/80 SVs ( 80.0%)  578 arcs
  [NYA1]  72/80 SVs ( 90.0%)  625 arcs
  [NYA1]  80/80 SVs (100.0%)  694 arcs
  [NYA1] 80/80 SVs done  694 arcs
  [IGS/NYA1] 694 raw arcs → 307 valid entries
  0 minima window(s), 963 IGS arc(s)
  [skip] No GNSS-RO minima windows for this day matching --window 1227.

======================================================================
[Day] 2025-01-25  tier=3  instruments=['JRO']
  Scanning 6941 files for metadata …
  Found 6941 valid files across 628 geographic groups (48 30-min windows).
[ISR-DA][minima-windows] 2025-01-25: 16 window(s) (>= 10 arcs each)
  0027  centre=2025-01-25 00:27:30  n_occ=33  span=[2025-01-25 00:00:00 .. 2025-01-25 00:55:00)
  0142  centre=2025-01-25 01:42:30  n_occ=19  span=[2025-01-25 00:55:00 .. 2025-01-25 02:30:00)
  0317  centre=2025-01-25 03:17:30  n_occ=13  span=[2025-01-25 02:30:00 .. 2025-01-25 04:05:00)
  0452  centre=2025-01-25 04:52:30  n_occ=26  span=[2025-01-25 04:05:00 .. 2025-01-25 05:40:00)
  0630  centre=2025-01-25 06:30:00  n_occ=57  span=[2025-01-25 05:40:00 .. 2025-01-25 07:20:00)
  0807  centre=2025-01-25 08:07:30  n_occ=54  span=[2025-01-25 07:20:00 .. 2025-01-25 08:55:00)
  0942  centre=2025-01-25 09:42:30  n_occ=67  span=[2025-01-25 08:55:00 .. 2025-01-25 10:30:00)
  1120  centre=2025-01-25 11:20:00  n_occ=73  span=[2025-01-25 10:30:00 .. 2025-01-25 12:10:00)
  1257  centre=2025-01-25 12:57:30  n_occ=62  span=[2025-01-25 12:10:00 .. 2025-01-25 13:45:00)
  1435  centre=2025-01-25 14:35:00  n_occ=61  span=[2025-01-25 13:45:00 .. 2025-01-25 15:25:00)
  1615  centre=2025-01-25 16:15:00  n_occ=65  span=[2025-01-25 15:25:00 .. 2025-01-25 17:05:00)
  1752  centre=2025-01-25 17:52:30  n_occ=29  span=[2025-01-25 17:05:00 .. 2025-01-25 18:40:00)
  1927  centre=2025-01-25 19:27:30  n_occ=31  span=[2025-01-25 18:40:00 .. 2025-01-25 20:15:00)
  2102  centre=2025-01-25 21:02:30  n_occ=40  span=[2025-01-25 20:15:00 .. 2025-01-25 21:50:00)
  2235  centre=2025-01-25 22:35:00  n_occ=60  span=[2025-01-25 21:50:00 .. 2025-01-25 23:20:00)
  2340  centre=2025-01-25 23:40:00  n_occ=10  span=[2025-01-25 23:20:00 .. 2025-01-26 00:00:00)
  [IGS/TRO1] Running TEC pipeline for 2025-01-25 …
  [nav] Using multi-GNSS mixed nav: BRDC00IGS_R_20250250000_01D_MN.rnx.gz
  [TRO1]   8/80 SVs ( 10.0%)   31 arcs
  [TRO1]  16/80 SVs ( 20.0%)   58 arcs
  [TRO1]  24/80 SVs ( 30.0%)   92 arcs
  [TRO1]  32/80 SVs ( 40.0%)  123 arcs
  [TRO1]  40/80 SVs ( 50.0%)  150 arcs
  [TRO1]  48/80 SVs ( 60.0%)  181 arcs
  [TRO1]  56/80 SVs ( 70.0%)  217 arcs
  [TRO1]  64/80 SVs ( 80.0%)  251 arcs
  [TRO1]  72/80 SVs ( 90.0%)  269 arcs
  [TRO1]  80/80 SVs (100.0%)  297 arcs
  [TRO1] 80/80 SVs done  297 arcs
  [IGS/TRO1] 297 raw arcs → 199 valid entries
  [IGS/WUTH] Running TEC pipeline for 2025-01-25 …
  [nav] Using multi-GNSS mixed nav: BRDC00IGS_R_20250250000_01D_MN.rnx.gz
  [WUTH]  12/123 SVs (  9.8%)   97 arcs
  [WUTH]  24/123 SVs ( 19.5%)  177 arcs
  [WUTH]  36/123 SVs ( 29.3%)  259 arcs
  [WUTH]  48/123 SVs ( 39.0%)  324 arcs
  [WUTH]  60/123 SVs ( 48.8%)  410 arcs
  [WUTH]  72/123 SVs ( 58.5%)  508 arcs
  [WUTH]  84/123 SVs ( 68.3%)  599 arcs
  [WUTH]  96/123 SVs ( 78.0%)  692 arcs
  [WUTH] 108/123 SVs ( 87.8%)  787 arcs
  [WUTH] 120/123 SVs ( 97.6%)  876 arcs
  [WUTH] 123/123 SVs (100.0%)  904 arcs
  [WUTH] 123/123 SVs done  904 arcs
  [IGS/WUTH] 904 raw arcs → 452 valid entries
  [IGS/NYA1] Running TEC pipeline for 2025-01-25 …
  [nav] Using multi-GNSS mixed nav: BRDC00IGS_R_20250250000_01D_MN.rnx.gz
  [NYA1]   8/80 SVs ( 10.0%)   62 arcs
  [NYA1]  16/80 SVs ( 20.0%)  123 arcs
  [NYA1]  24/80 SVs ( 30.0%)  184 arcs
  [NYA1]  32/80 SVs ( 40.0%)  250 arcs
  [NYA1]  40/80 SVs ( 50.0%)  315 arcs
  [NYA1]  48/80 SVs ( 60.0%)  383 arcs
  [NYA1]  56/80 SVs ( 70.0%)  448 arcs
  [NYA1]  64/80 SVs ( 80.0%)  527 arcs
  [NYA1]  72/80 SVs ( 90.0%)  580 arcs
  [NYA1]  80/80 SVs (100.0%)  652 arcs
  [NYA1] 80/80 SVs done  652 arcs
  [IGS/NYA1] 652 raw arcs → 310 valid entries
  0 minima window(s), 961 IGS arc(s)
  [skip] No GNSS-RO minima windows for this day matching --window 1227.

======================================================================
[Day] 2025-01-26  tier=3  instruments=['JRO']
  Scanning 6882 files for metadata …
  Found 6882 valid files across 678 geographic groups (48 30-min windows).
[ISR-DA][minima-windows] 2025-01-26: 16 window(s) (>= 10 arcs each)
  0030  centre=2025-01-26 00:30:00  n_occ=26  span=[2025-01-26 00:00:00 .. 2025-01-26 01:00:00)
  0142  centre=2025-01-26 01:42:30  n_occ=15  span=[2025-01-26 01:00:00 .. 2025-01-26 02:25:00)
  0312  centre=2025-01-26 03:12:30  n_occ=19  span=[2025-01-26 02:25:00 .. 2025-01-26 04:00:00)
  0447  centre=2025-01-26 04:47:30  n_occ=29  span=[2025-01-26 04:00:00 .. 2025-01-26 05:35:00)
  0625  centre=2025-01-26 06:25:00  n_occ=48  span=[2025-01-26 05:35:00 .. 2025-01-26 07:15:00)
  0807  centre=2025-01-26 08:07:30  n_occ=53  span=[2025-01-26 07:15:00 .. 2025-01-26 09:00:00)
  0947  centre=2025-01-26 09:47:30  n_occ=50  span=[2025-01-26 09:00:00 .. 2025-01-26 10:35:00)
  1125  centre=2025-01-26 11:25:00  n_occ=76  span=[2025-01-26 10:35:00 .. 2025-01-26 12:15:00)
  1257  centre=2025-01-26 12:57:30  n_occ=47  span=[2025-01-26 12:15:00 .. 2025-01-26 13:40:00)
  1432  centre=2025-01-26 14:32:30  n_occ=58  span=[2025-01-26 13:40:00 .. 2025-01-26 15:25:00)
  1615  centre=2025-01-26 16:15:00  n_occ=55  span=[2025-01-26 15:25:00 .. 2025-01-26 17:05:00)
  1755  centre=2025-01-26 17:55:00  n_occ=18  span=[2025-01-26 17:05:00 .. 2025-01-26 18:45:00)
  1917  centre=2025-01-26 19:17:30  n_occ=15  span=[2025-01-26 18:45:00 .. 2025-01-26 19:50:00)
  2042  centre=2025-01-26 20:42:30  n_occ=32  span=[2025-01-26 19:50:00 .. 2025-01-26 21:35:00)
  2230  centre=2025-01-26 22:30:00  n_occ=49  span=[2025-01-26 21:35:00 .. 2025-01-26 23:25:00)
  2342  centre=2025-01-26 23:42:30  n_occ=12  span=[2025-01-26 23:25:00 .. 2025-01-27 00:00:00)
  [IGS/TRO1] Running TEC pipeline for 2025-01-26 …
  [nav] Using multi-GNSS mixed nav: BRDC00IGS_R_20250260000_01D_MN.rnx.gz
  [TRO1]   8/80 SVs ( 10.0%)   33 arcs
  [TRO1]  16/80 SVs ( 20.0%)   57 arcs
  [TRO1]  24/80 SVs ( 30.0%)   79 arcs
  [TRO1]  32/80 SVs ( 40.0%)  101 arcs
  [TRO1]  40/80 SVs ( 50.0%)  123 arcs
  [TRO1]  48/80 SVs ( 60.0%)  151 arcs
  [TRO1]  56/80 SVs ( 70.0%)  184 arcs
  [TRO1]  64/80 SVs ( 80.0%)  207 arcs
  [TRO1]  72/80 SVs ( 90.0%)  232 arcs
  [TRO1]  80/80 SVs (100.0%)  252 arcs
  [TRO1] 80/80 SVs done  252 arcs
  [IGS/TRO1] 252 raw arcs → 197 valid entries
  [IGS/WUTH] Running TEC pipeline for 2025-01-26 …
  [nav] Using multi-GNSS mixed nav: BRDC00IGS_R_20250260000_01D_MN.rnx.gz
  [WUTH]  12/123 SVs (  9.8%)   57 arcs
  [WUTH]  24/123 SVs ( 19.5%)  112 arcs
  [WUTH]  36/123 SVs ( 29.3%)  159 arcs
  [WUTH]  48/123 SVs ( 39.0%)  213 arcs
  [WUTH]  60/123 SVs ( 48.8%)  278 arcs
  [WUTH]  72/123 SVs ( 58.5%)  349 arcs
  [WUTH]  84/123 SVs ( 68.3%)  436 arcs
  [WUTH]  96/123 SVs ( 78.0%)  487 arcs
  [WUTH] 108/123 SVs ( 87.8%)  553 arcs
  [WUTH] 120/123 SVs ( 97.6%)  604 arcs
  [WUTH] 123/123 SVs (100.0%)  626 arcs
  [WUTH] 123/123 SVs done  626 arcs
  [IGS/WUTH] 626 raw arcs → 393 valid entries
  [IGS/NYA1] Running TEC pipeline for 2025-01-26 …
  [nav] Using multi-GNSS mixed nav: BRDC00IGS_R_20250260000_01D_MN.rnx.gz
  [NYA1]   8/80 SVs ( 10.0%)   43 arcs
  [NYA1]  16/80 SVs ( 20.0%)   88 arcs
  [NYA1]  24/80 SVs ( 30.0%)  139 arcs
  [NYA1]  32/80 SVs ( 40.0%)  203 arcs
  [NYA1]  40/80 SVs ( 50.0%)  252 arcs
  [NYA1]  48/80 SVs ( 60.0%)  295 arcs
  [NYA1]  56/80 SVs ( 70.0%)  342 arcs
  [NYA1]  64/80 SVs ( 80.0%)  398 arcs
  [NYA1]  72/80 SVs ( 90.0%)  427 arcs
  [NYA1]  80/80 SVs (100.0%)  466 arcs
  [NYA1] 80/80 SVs done  466 arcs
  [IGS/NYA1] 466 raw arcs → 266 valid entries
  0 minima window(s), 856 IGS arc(s)
  [skip] No GNSS-RO minima windows for this day matching --window 1227.

======================================================================
[Day] 2025-01-27  tier=3  instruments=['JRO']
  Scanning 6514 files for metadata …
  Found 6514 valid files across 688 geographic groups (48 30-min windows).
[ISR-DA][minima-windows] 2025-01-27: 15 window(s) (>= 10 arcs each)
  0032  centre=2025-01-27 00:32:30  n_occ=17  span=[2025-01-27 00:00:00 .. 2025-01-27 01:05:00)
  0152  centre=2025-01-27 01:52:30  n_occ=18  span=[2025-01-27 01:05:00 .. 2025-01-27 02:40:00)
  0332  centre=2025-01-27 03:32:30  n_occ=21  span=[2025-01-27 02:40:00 .. 2025-01-27 04:25:00)
  0502  centre=2025-01-27 05:02:30  n_occ=26  span=[2025-01-27 04:25:00 .. 2025-01-27 05:40:00)
  0630  centre=2025-01-27 06:30:00  n_occ=52  span=[2025-01-27 05:40:00 .. 2025-01-27 07:20:00)
  0807  centre=2025-01-27 08:07:30  n_occ=51  span=[2025-01-27 07:20:00 .. 2025-01-27 08:55:00)
  0947  centre=2025-01-27 09:47:30  n_occ=77  span=[2025-01-27 08:55:00 .. 2025-01-27 10:40:00)
  1127  centre=2025-01-27 11:27:30  n_occ=61  span=[2025-01-27 10:40:00 .. 2025-01-27 12:15:00)
  1257  centre=2025-01-27 12:57:30  n_occ=64  span=[2025-01-27 12:15:00 .. 2025-01-27 13:40:00)
  1437  centre=2025-01-27 14:37:30  n_occ=72  span=[2025-01-27 13:40:00 .. 2025-01-27 15:35:00)
  1622  centre=2025-01-27 16:22:30  n_occ=58  span=[2025-01-27 15:35:00 .. 2025-01-27 17:10:00)
  1742  centre=2025-01-27 17:42:30  n_occ=18  span=[2025-01-27 17:10:00 .. 2025-01-27 18:15:00)
  1902  centre=2025-01-27 19:02:30  n_occ=38  span=[2025-01-27 18:15:00 .. 2025-01-27 19:50:00)
  2055  centre=2025-01-27 20:55:00  n_occ=63  span=[2025-01-27 19:50:00 .. 2025-01-27 22:00:00)
  2300  centre=2025-01-27 23:00:00  n_occ=38  span=[2025-01-27 22:00:00 .. 2025-01-28 00:00:00)
  [IGS/TRO1] Running TEC pipeline for 2025-01-27 …
  [nav] Using multi-GNSS mixed nav: BRDC00IGS_R_20250270000_01D_MN.rnx.gz
  [TRO1]   8/80 SVs ( 10.0%)   29 arcs
  [TRO1]  16/80 SVs ( 20.0%)   70 arcs
  [TRO1]  24/80 SVs ( 30.0%)  116 arcs
  [TRO1]  32/80 SVs ( 40.0%)  155 arcs
  [TRO1]  40/80 SVs ( 50.0%)  196 arcs
  [TRO1]  48/80 SVs ( 60.0%)  237 arcs
  [TRO1]  56/80 SVs ( 70.0%)  281 arcs
  [TRO1]  64/80 SVs ( 80.0%)  322 arcs
  [TRO1]  72/80 SVs ( 90.0%)  351 arcs
  [TRO1]  80/80 SVs (100.0%)  392 arcs
  [TRO1] 80/80 SVs done  392 arcs
  [IGS/TRO1] 392 raw arcs → 211 valid entries
  [IGS/WUTH] Running TEC pipeline for 2025-01-27 …
  [nav] Using multi-GNSS mixed nav: BRDC00IGS_R_20250270000_01D_MN.rnx.gz
  [WUTH]  12/123 SVs (  9.8%)   62 arcs
  [WUTH]  24/123 SVs ( 19.5%)  122 arcs
  [WUTH]  36/123 SVs ( 29.3%)  183 arcs
  [WUTH]  48/123 SVs ( 39.0%)  234 arcs
  [WUTH]  60/123 SVs ( 48.8%)  304 arcs
  [WUTH]  72/123 SVs ( 58.5%)  380 arcs
  [WUTH]  84/123 SVs ( 68.3%)  446 arcs
  [WUTH]  96/123 SVs ( 78.0%)  525 arcs
  [WUTH] 108/123 SVs ( 87.8%)  603 arcs
  [WUTH] 120/123 SVs ( 97.6%)  681 arcs
  [WUTH] 123/123 SVs (100.0%)  703 arcs
  [WUTH] 123/123 SVs done  703 arcs
  [IGS/WUTH] 703 raw arcs → 394 valid entries
  [IGS/NYA1] Running TEC pipeline for 2025-01-27 …
  [nav] Using multi-GNSS mixed nav: BRDC00IGS_R_20250270000_01D_MN.rnx.gz
  [NYA1]   8/80 SVs ( 10.0%)   34 arcs
  [NYA1]  16/80 SVs ( 20.0%)   89 arcs
  [NYA1]  24/80 SVs ( 30.0%)  144 arcs
  [NYA1]  32/80 SVs ( 40.0%)  198 arcs
  [NYA1]  40/80 SVs ( 50.0%)  254 arcs
  [NYA1]  48/80 SVs ( 60.0%)  318 arcs
  [NYA1]  56/80 SVs ( 70.0%)  374 arcs
  [NYA1]  64/80 SVs ( 80.0%)  433 arcs
  [NYA1]  72/80 SVs ( 90.0%)  480 arcs
  [NYA1]  80/80 SVs (100.0%)  542 arcs
  [NYA1] 80/80 SVs done  542 arcs
  [IGS/NYA1] 542 raw arcs → 274 valid entries
  0 minima window(s), 879 IGS arc(s)
  [skip] No GNSS-RO minima windows for this day matching --window 1227.

======================================================================
[Day] 2025-01-28  tier=3  instruments=['JRO']
  Scanning 6898 files for metadata …
  Found 6898 valid files across 793 geographic groups (48 30-min windows).
[ISR-DA][minima-windows] 2025-01-28: 15 window(s) (>= 10 arcs each)
  0037  centre=2025-01-28 00:37:30  n_occ=16  span=[2025-01-28 00:00:00 .. 2025-01-28 01:15:00)
  0205  centre=2025-01-28 02:05:00  n_occ=20  span=[2025-01-28 01:15:00 .. 2025-01-28 02:55:00)
  0337  centre=2025-01-28 03:37:30  n_occ=17  span=[2025-01-28 02:55:00 .. 2025-01-28 04:20:00)
  0500  centre=2025-01-28 05:00:00  n_occ=26  span=[2025-01-28 04:20:00 .. 2025-01-28 05:40:00)
  0627  centre=2025-01-28 06:27:30  n_occ=52  span=[2025-01-28 05:40:00 .. 2025-01-28 07:15:00)
  0757  centre=2025-01-28 07:57:30  n_occ=56  span=[2025-01-28 07:15:00 .. 2025-01-28 08:40:00)
  0945  centre=2025-01-28 09:45:00  n_occ=69  span=[2025-01-28 08:40:00 .. 2025-01-28 10:50:00)
  1132  centre=2025-01-28 11:32:30  n_occ=69  span=[2025-01-28 10:50:00 .. 2025-01-28 12:15:00)
  1252  centre=2025-01-28 12:52:30  n_occ=52  span=[2025-01-28 12:15:00 .. 2025-01-28 13:30:00)
  1437  centre=2025-01-28 14:37:30  n_occ=91  span=[2025-01-28 13:30:00 .. 2025-01-28 15:45:00)
  1625  centre=2025-01-28 16:25:00  n_occ=44  span=[2025-01-28 15:45:00 .. 2025-01-28 17:05:00)
  1750  centre=2025-01-28 17:50:00  n_occ=27  span=[2025-01-28 17:05:00 .. 2025-01-28 18:35:00)
  1912  centre=2025-01-28 19:12:30  n_occ=16  span=[2025-01-28 18:35:00 .. 2025-01-28 19:50:00)
  2037  centre=2025-01-28 20:37:30  n_occ=66  span=[2025-01-28 19:50:00 .. 2025-01-28 21:25:00)
  2242  centre=2025-01-28 22:42:30  n_occ=81  span=[2025-01-28 21:25:00 .. 2025-01-29 00:00:00)
  [IGS/TRO1] Running TEC pipeline for 2025-01-28 …
  [nav] Using multi-GNSS mixed nav: BRDC00IGS_R_20250280000_01D_MN.rnx.gz
  [TRO1]   8/80 SVs ( 10.0%)   39 arcs
  [TRO1]  16/80 SVs ( 20.0%)   84 arcs
  [TRO1]  24/80 SVs ( 30.0%)  139 arcs
  [TRO1]  32/80 SVs ( 40.0%)  193 arcs
  [TRO1]  40/80 SVs ( 50.0%)  233 arcs
  [TRO1]  48/80 SVs ( 60.0%)  282 arcs
  [TRO1]  56/80 SVs ( 70.0%)  341 arcs
  [TRO1]  64/80 SVs ( 80.0%)  399 arcs
  [TRO1]  72/80 SVs ( 90.0%)  430 arcs
  [TRO1]  80/80 SVs (100.0%)  476 arcs
  [TRO1] 80/80 SVs done  476 arcs
  [IGS/TRO1] 476 raw arcs → 250 valid entries
  [IGS/WUTH] Running TEC pipeline for 2025-01-28 …
  [nav] Using multi-GNSS mixed nav: BRDC00IGS_R_20250280000_01D_MN.rnx.gz
  [WUTH]  12/123 SVs (  9.8%)   87 arcs
  [WUTH]  24/123 SVs ( 19.5%)  161 arcs
  [WUTH]  36/123 SVs ( 29.3%)  233 arcs
  [WUTH]  48/123 SVs ( 39.0%)  295 arcs
  [WUTH]  60/123 SVs ( 48.8%)  385 arcs
  [WUTH]  72/123 SVs ( 58.5%)  481 arcs
  [WUTH]  84/123 SVs ( 68.3%)  562 arcs
  [WUTH]  96/123 SVs ( 78.0%)  636 arcs
  [WUTH] 108/123 SVs ( 87.8%)  736 arcs
  [WUTH] 120/123 SVs ( 97.6%)  847 arcs
  [WUTH] 123/123 SVs (100.0%)  870 arcs
  [WUTH] 123/123 SVs done  870 arcs
  [IGS/WUTH] 870 raw arcs → 482 valid entries
  [IGS/NYA1] Running TEC pipeline for 2025-01-28 …
  [nav] Using multi-GNSS mixed nav: BRDC00IGS_R_20250280000_01D_MN.rnx.gz
  [NYA1]   8/80 SVs ( 10.0%)   47 arcs
  [NYA1]  16/80 SVs ( 20.0%)   90 arcs
  [NYA1]  24/80 SVs ( 30.0%)  152 arcs
  [NYA1]  32/80 SVs ( 40.0%)  213 arcs
  [NYA1]  40/80 SVs ( 50.0%)  260 arcs
  [NYA1]  48/80 SVs ( 60.0%)  315 arcs
  [NYA1]  56/80 SVs ( 70.0%)  377 arcs
  [NYA1]  64/80 SVs ( 80.0%)  455 arcs
  [NYA1]  72/80 SVs ( 90.0%)  501 arcs
  [NYA1]  80/80 SVs (100.0%)  544 arcs
  [NYA1] 80/80 SVs done  544 arcs
  [IGS/NYA1] 544 raw arcs → 288 valid entries
  0 minima window(s), 1020 IGS arc(s)
  [skip] No GNSS-RO minima windows for this day matching --window 1227.

======================================================================
[Day] 2025-01-29  tier=3  instruments=['JRO']
  Scanning 7113 files for metadata …
  Found 7113 valid files across 809 geographic groups (48 30-min windows).
[ISR-DA][minima-windows] 2025-01-29: 14 window(s) (>= 10 arcs each)
  0040  centre=2025-01-29 00:40:00  n_occ=16  span=[2025-01-29 00:00:00 .. 2025-01-29 01:20:00)
  0207  centre=2025-01-29 02:07:30  n_occ=18  span=[2025-01-29 01:20:00 .. 2025-01-29 02:55:00)
  0325  centre=2025-01-29 03:25:00  n_occ=17  span=[2025-01-29 02:55:00 .. 2025-01-29 03:55:00)
  0440  centre=2025-01-29 04:40:00  n_occ=18  span=[2025-01-29 03:55:00 .. 2025-01-29 05:25:00)
  0617  centre=2025-01-29 06:17:30  n_occ=48  span=[2025-01-29 05:25:00 .. 2025-01-29 07:10:00)
  0752  centre=2025-01-29 07:52:30  n_occ=54  span=[2025-01-29 07:10:00 .. 2025-01-29 08:35:00)
  0922  centre=2025-01-29 09:22:30  n_occ=50  span=[2025-01-29 08:35:00 .. 2025-01-29 10:10:00)
  1125  centre=2025-01-29 11:25:00  n_occ=120  span=[2025-01-29 10:10:00 .. 2025-01-29 12:40:00)
  1350  centre=2025-01-29 13:50:00  n_occ=81  span=[2025-01-29 12:40:00 .. 2025-01-29 15:00:00)
  1622  centre=2025-01-29 16:22:30  n_occ=81  span=[2025-01-29 15:00:00 .. 2025-01-29 17:45:00)
  1835  centre=2025-01-29 18:35:00  n_occ=22  span=[2025-01-29 17:45:00 .. 2025-01-29 19:25:00)
  2000  centre=2025-01-29 20:00:00  n_occ=19  span=[2025-01-29 19:25:00 .. 2025-01-29 20:35:00)
  2147  centre=2025-01-29 21:47:30  n_occ=72  span=[2025-01-29 20:35:00 .. 2025-01-29 23:00:00)
  2330  centre=2025-01-29 23:30:00  n_occ=27  span=[2025-01-29 23:00:00 .. 2025-01-30 00:00:00)
  [IGS/TRO1] Running TEC pipeline for 2025-01-29 …
  [nav] Using multi-GNSS mixed nav: BRDC00IGS_R_20250290000_01D_MN.rnx.gz
  [TRO1]   8/82 SVs (  9.8%)   51 arcs
  [TRO1]  16/82 SVs ( 19.5%)   95 arcs
  [TRO1]  24/82 SVs ( 29.3%)  139 arcs
  [TRO1]  32/82 SVs ( 39.0%)  196 arcs
  [TRO1]  40/82 SVs ( 48.8%)  245 arcs
  [TRO1]  48/82 SVs ( 58.5%)  280 arcs
  [TRO1]  56/82 SVs ( 68.3%)  316 arcs
  [TRO1]  64/82 SVs ( 78.0%)  361 arcs
  [TRO1]  72/82 SVs ( 87.8%)  392 arcs
  [TRO1]  80/82 SVs ( 97.6%)  437 arcs
  [TRO1]  82/82 SVs (100.0%)  444 arcs
  [TRO1] 82/82 SVs done  444 arcs
  [IGS/TRO1] 444 raw arcs → 260 valid entries
  [IGS/WUTH] Running TEC pipeline for 2025-01-29 …
  [nav] Using multi-GNSS mixed nav: BRDC00IGS_R_20250290000_01D_MN.rnx.gz
  [WUTH]  12/123 SVs (  9.8%)   76 arcs
  [WUTH]  24/123 SVs ( 19.5%)  144 arcs
  [WUTH]  36/123 SVs ( 29.3%)  222 arcs
  [WUTH]  48/123 SVs ( 39.0%)  294 arcs
  [WUTH]  60/123 SVs ( 48.8%)  389 arcs
  [WUTH]  72/123 SVs ( 58.5%)  492 arcs
  [WUTH]  84/123 SVs ( 68.3%)  574 arcs
  [WUTH]  96/123 SVs ( 78.0%)  663 arcs
  [WUTH] 108/123 SVs ( 87.8%)  770 arcs
  [WUTH] 120/123 SVs ( 97.6%)  851 arcs
  [WUTH] 123/123 SVs (100.0%)  880 arcs
  [WUTH] 123/123 SVs done  880 arcs
  [IGS/WUTH] 880 raw arcs → 540 valid entries
  [IGS/NYA1] Running TEC pipeline for 2025-01-29 …
  [nav] Using multi-GNSS mixed nav: BRDC00IGS_R_20250290000_01D_MN.rnx.gz
  [NYA1]   8/82 SVs (  9.8%)   61 arcs
  [NYA1]  16/82 SVs ( 19.5%)  118 arcs
  [NYA1]  24/82 SVs ( 29.3%)  177 arcs
  [NYA1]  32/82 SVs ( 39.0%)  244 arcs
  [NYA1]  40/82 SVs ( 48.8%)  303 arcs
  [NYA1]  48/82 SVs ( 58.5%)  359 arcs
  [NYA1]  56/82 SVs ( 68.3%)  415 arcs
  [NYA1]  64/82 SVs ( 78.0%)  480 arcs
  [NYA1]  72/82 SVs ( 87.8%)  532 arcs
  [NYA1]  80/82 SVs ( 97.6%)  598 arcs
  [NYA1]  82/82 SVs (100.0%)  607 arcs
  [NYA1] 82/82 SVs done  607 arcs
  [IGS/NYA1] 607 raw arcs → 351 valid entries
  0 minima window(s), 1151 IGS arc(s)
  [skip] No GNSS-RO minima windows for this day matching --window 1227.

======================================================================
[Day] 2025-01-30  tier=3  instruments=['JRO']
  Scanning 7059 files for metadata …
  Found 7059 valid files across 790 geographic groups (48 30-min windows).
[ISR-DA][minima-windows] 2025-01-30: 14 window(s) (>= 10 arcs each)
  0045  centre=2025-01-30 00:45:00  n_occ=23  span=[2025-01-30 00:00:00 .. 2025-01-30 01:30:00)
  0217  centre=2025-01-30 02:17:30  n_occ=17  span=[2025-01-30 01:30:00 .. 2025-01-30 03:05:00)
  0415  centre=2025-01-30 04:15:00  n_occ=32  span=[2025-01-30 03:05:00 .. 2025-01-30 05:25:00)
  0612  centre=2025-01-30 06:12:30  n_occ=45  span=[2025-01-30 05:25:00 .. 2025-01-30 07:00:00)
  0747  centre=2025-01-30 07:47:30  n_occ=43  span=[2025-01-30 07:00:00 .. 2025-01-30 08:35:00)
  0922  centre=2025-01-30 09:22:30  n_occ=65  span=[2025-01-30 08:35:00 .. 2025-01-30 10:10:00)
  1127  centre=2025-01-30 11:27:30  n_occ=131  span=[2025-01-30 10:10:00 .. 2025-01-30 12:45:00)
  1352  centre=2025-01-30 13:52:30  n_occ=73  span=[2025-01-30 12:45:00 .. 2025-01-30 15:00:00)
  1530  centre=2025-01-30 15:30:00  n_occ=53  span=[2025-01-30 15:00:00 .. 2025-01-30 16:00:00)
  1645  centre=2025-01-30 16:45:00  n_occ=31  span=[2025-01-30 16:00:00 .. 2025-01-30 17:30:00)
  1817  centre=2025-01-30 18:17:30  n_occ=23  span=[2025-01-30 17:30:00 .. 2025-01-30 19:05:00)
  1952  centre=2025-01-30 19:52:30  n_occ=30  span=[2025-01-30 19:05:00 .. 2025-01-30 20:40:00)
  2147  centre=2025-01-30 21:47:30  n_occ=77  span=[2025-01-30 20:40:00 .. 2025-01-30 22:55:00)
  2327  centre=2025-01-30 23:27:30  n_occ=33  span=[2025-01-30 22:55:00 .. 2025-01-31 00:00:00)
  [IGS/TRO1] Running TEC pipeline for 2025-01-30 …
  [nav] Using multi-GNSS mixed nav: BRDC00IGS_R_20250300000_01D_MN.rnx.gz
[TRO1] E12: no exact DCB match for any viable Galileo pair — DCB correction will be 0; selected E1/E5a (C1X-C5X)
  [TRO1]   6/64 SVs (  9.4%)   18 arcs
  [TRO1]  12/64 SVs ( 18.8%)   33 arcs
  [TRO1]  18/64 SVs ( 28.1%)   48 arcs
  [TRO1]  24/64 SVs ( 37.5%)   71 arcs
  [TRO1]  30/64 SVs ( 46.9%)   87 arcs
  [TRO1]  36/64 SVs ( 56.2%)  104 arcs
  [TRO1]  42/64 SVs ( 65.6%)  115 arcs
  [TRO1]  48/64 SVs ( 75.0%)  135 arcs
  [TRO1]  54/64 SVs ( 84.4%)  145 arcs
  [TRO1]  60/64 SVs ( 93.8%)  158 arcs
  [TRO1]  64/64 SVs (100.0%)  163 arcs
  [TRO1] 64/64 SVs done  163 arcs
  [IGS/TRO1] 163 raw arcs → 79 valid entries
  [IGS/WUTH] Running TEC pipeline for 2025-01-30 …
  [nav] Using multi-GNSS mixed nav: BRDC00IGS_R_20250300000_01D_MN.rnx.gz
[WUTH] E12: no exact DCB match for any viable Galileo pair — DCB correction will be 0; selected E1/E5a (C1C-C5Q)
  [WUTH]  12/123 SVs (  9.8%)   79 arcs
  [WUTH]  24/123 SVs ( 19.5%)  137 arcs
  [WUTH]  36/123 SVs ( 29.3%)  201 arcs
  [WUTH]  48/123 SVs ( 39.0%)  256 arcs
  [WUTH]  60/123 SVs ( 48.8%)  324 arcs
  [WUTH]  72/123 SVs ( 58.5%)  401 arcs
  [WUTH]  84/123 SVs ( 68.3%)  467 arcs
  [WUTH]  96/123 SVs ( 78.0%)  542 arcs
  [WUTH] 108/123 SVs ( 87.8%)  616 arcs
  [WUTH] 120/123 SVs ( 97.6%)  687 arcs
  [WUTH] 123/123 SVs (100.0%)  703 arcs
  [WUTH] 123/123 SVs done  703 arcs
  [IGS/WUTH] 703 raw arcs → 400 valid entries
  [IGS/NYA1] Running TEC pipeline for 2025-01-30 …
  [nav] Using multi-GNSS mixed nav: BRDC00IGS_R_20250300000_01D_MN.rnx.gz
[NYA1] E12: no exact DCB match for any viable Galileo pair — DCB correction will be 0; selected E1/E5a (C1X-C5X)
  [NYA1]   6/62 SVs (  9.7%)    9 arcs
  [NYA1]  12/62 SVs ( 19.4%)   23 arcs
  [NYA1]  18/62 SVs ( 29.0%)   35 arcs
  [NYA1]  24/62 SVs ( 38.7%)   49 arcs
  [NYA1]  30/62 SVs ( 48.4%)   60 arcs
  [NYA1]  36/62 SVs ( 58.1%)   80 arcs
  [NYA1]  42/62 SVs ( 67.7%)   90 arcs
  [NYA1]  48/62 SVs ( 77.4%)  107 arcs
  [NYA1]  54/62 SVs ( 87.1%)  118 arcs
  [NYA1]  60/62 SVs ( 96.8%)  133 arcs
  [NYA1]  62/62 SVs (100.0%)  135 arcs
  [NYA1] 62/62 SVs done  135 arcs
  [IGS/NYA1] 135 raw arcs → 64 valid entries
  0 minima window(s), 543 IGS arc(s)
  [skip] No GNSS-RO minima windows for this day matching --window 1227.

======================================================================
[Day] 2025-01-31  tier=3  instruments=['JRO']
  Scanning 6768 files for metadata …
  Found 6768 valid files across 729 geographic groups (47 30-min windows).
[ISR-DA][minima-windows] 2025-01-31: 14 window(s) (>= 10 arcs each)
  0050  centre=2025-01-31 00:50:00  n_occ=16  span=[2025-01-31 00:00:00 .. 2025-01-31 01:40:00)
  0225  centre=2025-01-31 02:25:00  n_occ=18  span=[2025-01-31 01:40:00 .. 2025-01-31 03:10:00)
  0415  centre=2025-01-31 04:15:00  n_occ=33  span=[2025-01-31 03:10:00 .. 2025-01-31 05:20:00)
  0600  centre=2025-01-31 06:00:00  n_occ=31  span=[2025-01-31 05:20:00 .. 2025-01-31 06:40:00)
  0727  centre=2025-01-31 07:27:30  n_occ=60  span=[2025-01-31 06:40:00 .. 2025-01-31 08:15:00)
  0902  centre=2025-01-31 09:02:30  n_occ=71  span=[2025-01-31 08:15:00 .. 2025-01-31 09:50:00)
  1035  centre=2025-01-31 10:35:00  n_occ=71  span=[2025-01-31 09:50:00 .. 2025-01-31 11:20:00)
  1217  centre=2025-01-31 12:17:30  n_occ=67  span=[2025-01-31 11:20:00 .. 2025-01-31 13:15:00)
  1402  centre=2025-01-31 14:02:30  n_occ=69  span=[2025-01-31 13:15:00 .. 2025-01-31 14:50:00)
  1540  centre=2025-01-31 15:40:00  n_occ=53  span=[2025-01-31 14:50:00 .. 2025-01-31 16:30:00)
  1717  centre=2025-01-31 17:17:30  n_occ=40  span=[2025-01-31 16:30:00 .. 2025-01-31 18:05:00)
  1852  centre=2025-01-31 18:52:30  n_occ=25  span=[2025-01-31 18:05:00 .. 2025-01-31 19:40:00)
  2027  centre=2025-01-31 20:27:30  n_occ=42  span=[2025-01-31 19:40:00 .. 2025-01-31 21:15:00)
  2237  centre=2025-01-31 22:37:30  n_occ=65  span=[2025-01-31 21:15:00 .. 2025-02-01 00:00:00)
  [IGS/TRO1] Running TEC pipeline for 2025-01-31 …
  [nav] Using multi-GNSS mixed nav: BRDC00IGS_R_20250310000_01D_MN.rnx.gz
[TRO1] E12: no exact DCB match for any viable Galileo pair — DCB correction will be 0; selected E1/E5a (C1X-C5X)
  [TRO1]   8/83 SVs (  9.6%)   47 arcs
  [TRO1]  16/83 SVs ( 19.3%)   83 arcs
  [TRO1]  24/83 SVs ( 28.9%)  112 arcs
  [TRO1]  32/83 SVs ( 38.6%)  155 arcs
  [TRO1]  40/83 SVs ( 48.2%)  196 arcs
  [TRO1]  48/83 SVs ( 57.8%)  232 arcs
  [TRO1]  56/83 SVs ( 67.5%)  264 arcs
  [TRO1]  64/83 SVs ( 77.1%)  310 arcs
  [TRO1]  72/83 SVs ( 86.7%)  333 arcs
  [TRO1]  80/83 SVs ( 96.4%)  370 arcs
  [TRO1]  83/83 SVs (100.0%)  375 arcs
  [TRO1] 83/83 SVs done  375 arcs
  [IGS/TRO1] 375 raw arcs → 266 valid entries
  [IGS/WUTH] Running TEC pipeline for 2025-01-31 …
  [nav] Using multi-GNSS mixed nav: BRDC00IGS_R_20250310000_01D_MN.rnx.gz
[WUTH] E12: no exact DCB match for any viable Galileo pair — DCB correction will be 0; selected E1/E5a (C1C-C5Q)
  [WUTH]  12/124 SVs (  9.7%)   79 arcs
  [WUTH]  24/124 SVs ( 19.4%)  155 arcs
  [WUTH]  36/124 SVs ( 29.0%)  223 arcs
  [WUTH]  48/124 SVs ( 38.7%)  300 arcs
  [WUTH]  60/124 SVs ( 48.4%)  378 arcs
  [WUTH]  72/124 SVs ( 58.1%)  487 arcs
  [WUTH]  84/124 SVs ( 67.7%)  583 arcs
  [WUTH]  96/124 SVs ( 77.4%)  665 arcs
  [WUTH] 108/124 SVs ( 87.1%)  769 arcs
  [WUTH] 120/124 SVs ( 96.8%)  854 arcs
  [WUTH] 124/124 SVs (100.0%)  889 arcs
  [WUTH] 124/124 SVs done  889 arcs
  [IGS/WUTH] 889 raw arcs → 525 valid entries
  [IGS/NYA1] Running TEC pipeline for 2025-01-31 …
  [nav] Using multi-GNSS mixed nav: BRDC00IGS_R_20250310000_01D_MN.rnx.gz
[NYA1] E12: no exact DCB match for any viable Galileo pair — DCB correction will be 0; selected E1/E5a (C1X-C5X)
  [NYA1]   8/83 SVs (  9.6%)   68 arcs
  [NYA1]  16/83 SVs ( 19.3%)  111 arcs
  [NYA1]  24/83 SVs ( 28.9%)  180 arcs
  [NYA1]  32/83 SVs ( 38.6%)  245 arcs
  [NYA1]  40/83 SVs ( 48.2%)  307 arcs
  [NYA1]  48/83 SVs ( 57.8%)  360 arcs
  [NYA1]  56/83 SVs ( 67.5%)  435 arcs
  [NYA1]  64/83 SVs ( 77.1%)  504 arcs
  [NYA1]  72/83 SVs ( 86.7%)  556 arcs
  [NYA1]  80/83 SVs ( 96.4%)  625 arcs
  [NYA1]  83/83 SVs (100.0%)  637 arcs
  [NYA1] 83/83 SVs done  637 arcs
  [IGS/NYA1] 637 raw arcs → 355 valid entries
  0 minima window(s), 1146 IGS arc(s)
  [skip] No GNSS-RO minima windows for this day matching --window 1227.

======================================================================
[Day] 2025-05-16  tier=3  instruments=['JRO']
  Scanning 7170 files for metadata …
  Found 7170 valid files across 576 geographic groups (48 30-min windows).
[ISR-DA][minima-windows] 2025-05-16: 15 window(s) (>= 10 arcs each)
  0040  centre=2025-05-16 00:40:00  n_occ=25  span=[2025-05-16 00:00:00 .. 2025-05-16 01:20:00)
  0207  centre=2025-05-16 02:07:30  n_occ=20  span=[2025-05-16 01:20:00 .. 2025-05-16 02:55:00)
  0342  centre=2025-05-16 03:42:30  n_occ=21  span=[2025-05-16 02:55:00 .. 2025-05-16 04:30:00)
  0520  centre=2025-05-16 05:20:00  n_occ=29  span=[2025-05-16 04:30:00 .. 2025-05-16 06:10:00)
  0655  centre=2025-05-16 06:55:00  n_occ=57  span=[2025-05-16 06:10:00 .. 2025-05-16 07:40:00)
  0830  centre=2025-05-16 08:30:00  n_occ=73  span=[2025-05-16 07:40:00 .. 2025-05-16 09:20:00)
  1010  centre=2025-05-16 10:10:00  n_occ=88  span=[2025-05-16 09:20:00 .. 2025-05-16 11:00:00)
  1147  centre=2025-05-16 11:47:30  n_occ=70  span=[2025-05-16 11:00:00 .. 2025-05-16 12:35:00)
  1320  centre=2025-05-16 13:20:00  n_occ=73  span=[2025-05-16 12:35:00 .. 2025-05-16 14:05:00)
  1452  centre=2025-05-16 14:52:30  n_occ=69  span=[2025-05-16 14:05:00 .. 2025-05-16 15:40:00)
  1630  centre=2025-05-16 16:30:00  n_occ=47  span=[2025-05-16 15:40:00 .. 2025-05-16 17:20:00)
  1807  centre=2025-05-16 18:07:30  n_occ=42  span=[2025-05-16 17:20:00 .. 2025-05-16 18:55:00)
  1942  centre=2025-05-16 19:42:30  n_occ=21  span=[2025-05-16 18:55:00 .. 2025-05-16 20:30:00)
  2117  centre=2025-05-16 21:17:30  n_occ=69  span=[2025-05-16 20:30:00 .. 2025-05-16 22:05:00)
  2302  centre=2025-05-16 23:02:30  n_occ=44  span=[2025-05-16 22:05:00 .. 2025-05-17 00:00:00)
  [IGS/TRO1] Running TEC pipeline for 2025-05-16 …
  [nav] Using multi-GNSS mixed nav: BRDC00IGS_R_20251360000_01D_MN.rnx.gz
  [TRO1]   8/82 SVs (  9.8%)   54 arcs
  [TRO1]  16/82 SVs ( 19.5%)   94 arcs
  [TRO1]  24/82 SVs ( 29.3%)  134 arcs
  [TRO1]  32/82 SVs ( 39.0%)  171 arcs
  [TRO1]  40/82 SVs ( 48.8%)  221 arcs
  [TRO1]  48/82 SVs ( 58.5%)  269 arcs
  [TRO1]  56/82 SVs ( 68.3%)  307 arcs
  [TRO1]  64/82 SVs ( 78.0%)  330 arcs
  [TRO1]  72/82 SVs ( 87.8%)  369 arcs
  [TRO1]  80/82 SVs ( 97.6%)  406 arcs
  [TRO1]  82/82 SVs (100.0%)  409 arcs
  [TRO1] 82/82 SVs done  409 arcs
  [IGS/TRO1] 409 raw arcs → 252 valid entries
  [IGS/WUTH] Running TEC pipeline for 2025-05-16 …
  [nav] Using multi-GNSS mixed nav: BRDC00IGS_R_20251360000_01D_MN.rnx.gz
  [WUTH]  12/123 SVs (  9.8%)   23 arcs
  [WUTH]  24/123 SVs ( 19.5%)   92 arcs
  [WUTH]  36/123 SVs ( 29.3%)  156 arcs
  [WUTH]  48/123 SVs ( 39.0%)  230 arcs
  [WUTH]  60/123 SVs ( 48.8%)  299 arcs
  [WUTH]  72/123 SVs ( 58.5%)  396 arcs
  [WUTH]  84/123 SVs ( 68.3%)  471 arcs
  [WUTH]  96/123 SVs ( 78.0%)  546 arcs
  [WUTH] 108/123 SVs ( 87.8%)  629 arcs
  [WUTH] 120/123 SVs ( 97.6%)  719 arcs
  [WUTH] 123/123 SVs (100.0%)  736 arcs
  [WUTH] 123/123 SVs done  736 arcs
  [IGS/WUTH] 736 raw arcs → 450 valid entries
  [IGS/NYA1] Running TEC pipeline for 2025-05-16 …
  [nav] Using multi-GNSS mixed nav: BRDC00IGS_R_20251360000_01D_MN.rnx.gz
  [NYA1]   8/82 SVs (  9.8%)   46 arcs
  [NYA1]  16/82 SVs ( 19.5%)  102 arcs
  [NYA1]  24/82 SVs ( 29.3%)  164 arcs
  [NYA1]  32/82 SVs ( 39.0%)  213 arcs
  [NYA1]  40/82 SVs ( 48.8%)  272 arcs
  [NYA1]  48/82 SVs ( 58.5%)  334 arcs
  [NYA1]  56/82 SVs ( 68.3%)  394 arcs
  [NYA1]  64/82 SVs ( 78.0%)  421 arcs
  [NYA1]  72/82 SVs ( 87.8%)  469 arcs
  [NYA1]  80/82 SVs ( 97.6%)  528 arcs
  [NYA1]  82/82 SVs (100.0%)  538 arcs
  [NYA1] 82/82 SVs done  538 arcs
  [IGS/NYA1] 538 raw arcs → 343 valid entries
  0 minima window(s), 1045 IGS arc(s)
  [skip] No GNSS-RO minima windows for this day matching --window 1227.

======================================================================
[Day] 2025-05-17  tier=3  instruments=['JRO']
  Scanning 7148 files for metadata …
  Found 7148 valid files across 578 geographic groups (48 30-min windows).
[ISR-DA][minima-windows] 2025-05-17: 15 window(s) (>= 10 arcs each)
  0040  centre=2025-05-17 00:40:00  n_occ=17  span=[2025-05-17 00:00:00 .. 2025-05-17 01:20:00)
  0207  centre=2025-05-17 02:07:30  n_occ=27  span=[2025-05-17 01:20:00 .. 2025-05-17 02:55:00)
  0342  centre=2025-05-17 03:42:30  n_occ=19  span=[2025-05-17 02:55:00 .. 2025-05-17 04:30:00)
  0517  centre=2025-05-17 05:17:30  n_occ=22  span=[2025-05-17 04:30:00 .. 2025-05-17 06:05:00)
  0652  centre=2025-05-17 06:52:30  n_occ=65  span=[2025-05-17 06:05:00 .. 2025-05-17 07:40:00)
  0830  centre=2025-05-17 08:30:00  n_occ=88  span=[2025-05-17 07:40:00 .. 2025-05-17 09:20:00)
  1010  centre=2025-05-17 10:10:00  n_occ=78  span=[2025-05-17 09:20:00 .. 2025-05-17 11:00:00)
  1147  centre=2025-05-17 11:47:30  n_occ=71  span=[2025-05-17 11:00:00 .. 2025-05-17 12:35:00)
  1322  centre=2025-05-17 13:22:30  n_occ=68  span=[2025-05-17 12:35:00 .. 2025-05-17 14:10:00)
  1457  centre=2025-05-17 14:57:30  n_occ=73  span=[2025-05-17 14:10:00 .. 2025-05-17 15:45:00)
  1630  centre=2025-05-17 16:30:00  n_occ=38  span=[2025-05-17 15:45:00 .. 2025-05-17 17:15:00)
  1805  centre=2025-05-17 18:05:00  n_occ=30  span=[2025-05-17 17:15:00 .. 2025-05-17 18:55:00)
  1942  centre=2025-05-17 19:42:30  n_occ=28  span=[2025-05-17 18:55:00 .. 2025-05-17 20:30:00)
  2117  centre=2025-05-17 21:17:30  n_occ=57  span=[2025-05-17 20:30:00 .. 2025-05-17 22:05:00)
  2302  centre=2025-05-17 23:02:30  n_occ=43  span=[2025-05-17 22:05:00 .. 2025-05-18 00:00:00)
  [IGS/TRO1] Running TEC pipeline for 2025-05-17 …
  [nav] Using multi-GNSS mixed nav: BRDC00IGS_R_20251370000_01D_MN.rnx.gz
  [TRO1]   8/82 SVs (  9.8%)   73 arcs
  [TRO1]  16/82 SVs ( 19.5%)  134 arcs
  [TRO1]  24/82 SVs ( 29.3%)  188 arcs
  [TRO1]  32/82 SVs ( 39.0%)  247 arcs
  [TRO1]  40/82 SVs ( 48.8%)  307 arcs
  [TRO1]  48/82 SVs ( 58.5%)  373 arcs
  [TRO1]  56/82 SVs ( 68.3%)  432 arcs
  [TRO1]  64/82 SVs ( 78.0%)  478 arcs
  [TRO1]  72/82 SVs ( 87.8%)  526 arcs
  [TRO1]  80/82 SVs ( 97.6%)  568 arcs
  [TRO1]  82/82 SVs (100.0%)  571 arcs
  [TRO1] 82/82 SVs done  571 arcs
  [IGS/TRO1] 571 raw arcs → 315 valid entries
  [IGS/WUTH] Running TEC pipeline for 2025-05-17 …
  [nav] Using multi-GNSS mixed nav: BRDC00IGS_R_20251370000_01D_MN.rnx.gz
  [WUTH]  12/123 SVs (  9.8%)   94 arcs
  [WUTH]  24/123 SVs ( 19.5%)  181 arcs
  [WUTH]  36/123 SVs ( 29.3%)  271 arcs
  [WUTH]  48/123 SVs ( 39.0%)  353 arcs
  [WUTH]  60/123 SVs ( 48.8%)  452 arcs
  [WUTH]  72/123 SVs ( 58.5%)  548 arcs
  [WUTH]  84/123 SVs ( 68.3%)  652 arcs
  [WUTH]  96/123 SVs ( 78.0%)  765 arcs
  [WUTH] 108/123 SVs ( 87.8%)  865 arcs
  [WUTH] 120/123 SVs ( 97.6%)  957 arcs
  [WUTH] 123/123 SVs (100.0%)  973 arcs
  [WUTH] 123/123 SVs done  973 arcs
  [IGS/WUTH] 973 raw arcs → 546 valid entries
  [IGS/NYA1] Running TEC pipeline for 2025-05-17 …
  [nav] Using multi-GNSS mixed nav: BRDC00IGS_R_20251370000_01D_MN.rnx.gz
  [NYA1]   8/82 SVs (  9.8%)   65 arcs
  [NYA1]  16/82 SVs ( 19.5%)  119 arcs
  [NYA1]  24/82 SVs ( 29.3%)  184 arcs
  [NYA1]  32/82 SVs ( 39.0%)  243 arcs
  [NYA1]  40/82 SVs ( 48.8%)  301 arcs
  [NYA1]  48/82 SVs ( 58.5%)  368 arcs
  [NYA1]  56/82 SVs ( 68.3%)  435 arcs
  [NYA1]  64/82 SVs ( 78.0%)  486 arcs
  [NYA1]  72/82 SVs ( 87.8%)  525 arcs
  [NYA1]  80/82 SVs ( 97.6%)  590 arcs
  [NYA1]  82/82 SVs (100.0%)  594 arcs
  [NYA1] 82/82 SVs done  594 arcs
  [IGS/NYA1] 594 raw arcs → 334 valid entries
  0 minima window(s), 1195 IGS arc(s)
  [skip] No GNSS-RO minima windows for this day matching --window 1227.

======================================================================
[Day] 2026-05-26  tier=3  instruments=['JRO']
  Scanning 4261 files for metadata …
  Found 4261 valid files across 560 geographic groups (48 30-min windows).
[ISR-DA][minima-windows] 2026-05-26: 11 window(s) (>= 10 arcs each)
  0030  centre=2026-05-26 00:30:00  n_occ=26  span=[2026-05-26 00:00:00 .. 2026-05-26 01:00:00)
  0142  centre=2026-05-26 01:42:30  n_occ=23  span=[2026-05-26 01:00:00 .. 2026-05-26 02:25:00)
  0312  centre=2026-05-26 03:12:30  n_occ=27  span=[2026-05-26 02:25:00 .. 2026-05-26 04:00:00)
  0607  centre=2026-05-26 06:07:30  n_occ=13  span=[2026-05-26 05:25:00 .. 2026-05-26 06:50:00)
  0805  centre=2026-05-26 08:05:00  n_occ=10  span=[2026-05-26 06:50:00 .. 2026-05-26 09:20:00)
  1015  centre=2026-05-26 10:15:00  n_occ=28  span=[2026-05-26 09:20:00 .. 2026-05-26 11:10:00)
  1145  centre=2026-05-26 11:45:00  n_occ=31  span=[2026-05-26 11:10:00 .. 2026-05-26 12:20:00)
  1252  centre=2026-05-26 12:52:30  n_occ=21  span=[2026-05-26 12:20:00 .. 2026-05-26 13:25:00)
  1405  centre=2026-05-26 14:05:00  n_occ=31  span=[2026-05-26 13:25:00 .. 2026-05-26 14:45:00)
  1622  centre=2026-05-26 16:22:30  n_occ=15  span=[2026-05-26 14:45:00 .. 2026-05-26 18:00:00)
  2132  centre=2026-05-26 21:32:30  n_occ=32  span=[2026-05-26 19:50:00 .. 2026-05-26 23:15:00)
  [IGS/TRO1] Running TEC pipeline for 2026-05-26 …
  [nav] Using multi-GNSS mixed nav: BRDC00IGS_R_20261460000_01D_MN.rnx.gz
  [TRO1]  10/102 SVs (  9.8%)    0 arcs
  [TRO1]  20/102 SVs ( 19.6%)    3 arcs
  [TRO1]  30/102 SVs ( 29.4%)   33 arcs
  [TRO1]  40/102 SVs ( 39.2%)   62 arcs
  [TRO1]  50/102 SVs ( 49.0%)   97 arcs
  [TRO1]  60/102 SVs ( 58.8%)  132 arcs
  [TRO1]  70/102 SVs ( 68.6%)  167 arcs
  [TRO1]  80/102 SVs ( 78.4%)  195 arcs
  [TRO1]  90/102 SVs ( 88.2%)  227 arcs
  [TRO1] 100/102 SVs ( 98.0%)  256 arcs
  [TRO1] 102/102 SVs (100.0%)  258 arcs
  [TRO1] 102/102 SVs done  258 arcs
  [IGS/TRO1] 258 raw arcs → 205 valid entries
  [IGS/WUTH] Running TEC pipeline for 2026-05-26 …
  [nav] Using multi-GNSS mixed nav: BRDC00IGS_R_20261460000_01D_MN.rnx.gz
  [WUTH]  11/116 SVs (  9.5%)   23 arcs
  [WUTH]  22/116 SVs ( 19.0%)   52 arcs
  [WUTH]  33/116 SVs ( 28.4%)   80 arcs
  [WUTH]  44/116 SVs ( 37.9%)  116 arcs
  [WUTH]  55/116 SVs ( 47.4%)  157 arcs
  [WUTH]  66/116 SVs ( 56.9%)  198 arcs
  [WUTH]  77/116 SVs ( 66.4%)  246 arcs
  [WUTH]  88/116 SVs ( 75.9%)  292 arcs
  [WUTH]  99/116 SVs ( 85.3%)  326 arcs
  [WUTH] 110/116 SVs ( 94.8%)  366 arcs
  [WUTH] 116/116 SVs (100.0%)  387 arcs
  [WUTH] 116/116 SVs done  387 arcs
  [IGS/WUTH] 387 raw arcs → 327 valid entries
  [IGS/NYA1] Running TEC pipeline for 2026-05-26 …
  [nav] Using multi-GNSS mixed nav: BRDC00IGS_R_20261460000_01D_MN.rnx.gz
  [NYA1]  10/102 SVs (  9.8%)    0 arcs
  [NYA1]  20/102 SVs ( 19.6%)    3 arcs
  [NYA1]  30/102 SVs ( 29.4%)   34 arcs
  [NYA1]  40/102 SVs ( 39.2%)   67 arcs
  [NYA1]  50/102 SVs ( 49.0%)  106 arcs
  [NYA1]  60/102 SVs ( 58.8%)  155 arcs
  [NYA1]  70/102 SVs ( 68.6%)  198 arcs
  [NYA1]  80/102 SVs ( 78.4%)  231 arcs
  [NYA1]  90/102 SVs ( 88.2%)  267 arcs
  [NYA1] 100/102 SVs ( 98.0%)  299 arcs
  [NYA1] 102/102 SVs (100.0%)  303 arcs
  [NYA1] 102/102 SVs done  303 arcs
  [IGS/NYA1] 303 raw arcs → 237 valid entries
  0 minima window(s), 769 IGS arc(s)
  [skip] No GNSS-RO minima windows for this day matching --window 1227.

======================================================================
[Day] 2026-05-27  tier=3  instruments=['JRO']
  Scanning 3898 files for metadata …
  Found 3898 valid files across 519 geographic groups (49 30-min windows).
[ISR-DA][minima-windows] 2026-05-27: 8 window(s) (>= 10 arcs each)
  0030  centre=2026-05-27 00:30:00  n_occ=18  span=[2026-05-27 00:00:00 .. 2026-05-27 01:00:00)
  0210  centre=2026-05-27 02:10:00  n_occ=36  span=[2026-05-27 01:00:00 .. 2026-05-27 03:20:00)
  0852  centre=2026-05-27 08:52:30  n_occ=16  span=[2026-05-27 08:05:00 .. 2026-05-27 09:40:00)
  1040  centre=2026-05-27 10:40:00  n_occ=49  span=[2026-05-27 09:40:00 .. 2026-05-27 11:40:00)
  1215  centre=2026-05-27 12:15:00  n_occ=31  span=[2026-05-27 11:40:00 .. 2026-05-27 12:50:00)
  1347  centre=2026-05-27 13:47:30  n_occ=35  span=[2026-05-27 12:50:00 .. 2026-05-27 14:45:00)
  1607  centre=2026-05-27 16:07:30  n_occ=16  span=[2026-05-27 14:45:00 .. 2026-05-27 17:30:00)
  2300  centre=2026-05-27 23:00:00  n_occ=24  span=[2026-05-27 22:00:00 .. 2026-05-28 00:00:00)
  [IGS/TRO1] Running TEC pipeline for 2026-05-27 …
  [nav] Using multi-GNSS mixed nav: BRDC00IGS_R_20261470000_01D_MN.rnx.gz
  [TRO1]  10/102 SVs (  9.8%)    0 arcs
  [TRO1]  20/102 SVs ( 19.6%)    2 arcs
  [TRO1]  30/102 SVs ( 29.4%)   53 arcs
  [TRO1]  40/102 SVs ( 39.2%)   98 arcs
  [TRO1]  50/102 SVs ( 49.0%)  138 arcs
  [TRO1]  60/102 SVs ( 58.8%)  186 arcs
  [TRO1]  70/102 SVs ( 68.6%)  226 arcs
  [TRO1]  80/102 SVs ( 78.4%)  269 arcs
  [TRO1]  90/102 SVs ( 88.2%)  313 arcs
  [TRO1] 100/102 SVs ( 98.0%)  353 arcs
  [TRO1] 102/102 SVs (100.0%)  355 arcs
  [TRO1] 102/102 SVs done  355 arcs
  [IGS/TRO1] 355 raw arcs → 251 valid entries
  [IGS/WUTH] Running TEC pipeline for 2026-05-27 …
  [nav] Using multi-GNSS mixed nav: BRDC00IGS_R_20261470000_01D_MN.rnx.gz
  [WUTH]  11/116 SVs (  9.5%)   46 arcs
  [WUTH]  22/116 SVs ( 19.0%)   90 arcs
  [WUTH]  33/116 SVs ( 28.4%)  140 arcs
  [WUTH]  44/116 SVs ( 37.9%)  198 arcs
  [WUTH]  55/116 SVs ( 47.4%)  270 arcs
  [WUTH]  66/116 SVs ( 56.9%)  321 arcs
  [WUTH]  77/116 SVs ( 66.4%)  389 arcs
  [WUTH]  88/116 SVs ( 75.9%)  468 arcs
  [WUTH]  99/116 SVs ( 85.3%)  537 arcs
  [WUTH] 110/116 SVs ( 94.8%)  595 arcs
  [WUTH] 116/116 SVs (100.0%)  625 arcs
  [WUTH] 116/116 SVs done  625 arcs
  [IGS/WUTH] 625 raw arcs → 410 valid entries
  [IGS/NYA1] Running TEC pipeline for 2026-05-27 …
  [nav] Using multi-GNSS mixed nav: BRDC00IGS_R_20261470000_01D_MN.rnx.gz
  [NYA1]  10/102 SVs (  9.8%)    0 arcs
  [NYA1]  20/102 SVs ( 19.6%)    4 arcs
  [NYA1]  30/102 SVs ( 29.4%)   68 arcs
  [NYA1]  40/102 SVs ( 39.2%)  130 arcs
  [NYA1]  50/102 SVs ( 49.0%)  178 arcs
  [NYA1]  60/102 SVs ( 58.8%)  249 arcs
  [NYA1]  70/102 SVs ( 68.6%)  323 arcs
  [NYA1]  80/102 SVs ( 78.4%)  370 arcs
  [NYA1]  90/102 SVs ( 88.2%)  414 arcs
  [NYA1] 100/102 SVs ( 98.0%)  466 arcs
  [NYA1] 102/102 SVs (100.0%)  471 arcs
  [NYA1] 102/102 SVs done  471 arcs
  [IGS/NYA1] 471 raw arcs → 327 valid entries
  0 minima window(s), 988 IGS arc(s)
  [skip] No GNSS-RO minima windows for this day matching --window 1227.

======================================================================
[Day] 2026-05-28  tier=3  instruments=['JRO']
  Scanning 4190 files for metadata …
  Found 4190 valid files across 595 geographic groups (49 30-min windows).
[ISR-DA][minima-windows] 2026-05-28: 11 window(s) (>= 10 arcs each)
  0100  centre=2026-05-28 01:00:00  n_occ=26  span=[2026-05-28 00:00:00 .. 2026-05-28 02:00:00)
  0250  centre=2026-05-28 02:50:00  n_occ=25  span=[2026-05-28 02:00:00 .. 2026-05-28 03:40:00)
  0425  centre=2026-05-28 04:25:00  n_occ=19  span=[2026-05-28 03:40:00 .. 2026-05-28 05:10:00)
  0852  centre=2026-05-28 08:52:30  n_occ=15  span=[2026-05-28 08:05:00 .. 2026-05-28 09:40:00)
  1037  centre=2026-05-28 10:37:30  n_occ=34  span=[2026-05-28 09:40:00 .. 2026-05-28 11:35:00)
  1212  centre=2026-05-28 12:12:30  n_occ=27  span=[2026-05-28 11:35:00 .. 2026-05-28 12:50:00)
  1345  centre=2026-05-28 13:45:00  n_occ=24  span=[2026-05-28 12:50:00 .. 2026-05-28 14:40:00)
  1535  centre=2026-05-28 15:35:00  n_occ=17  span=[2026-05-28 14:40:00 .. 2026-05-28 16:30:00)
  1715  centre=2026-05-28 17:15:00  n_occ=10  span=[2026-05-28 16:30:00 .. 2026-05-28 18:00:00)
  1857  centre=2026-05-28 18:57:30  n_occ=11  span=[2026-05-28 18:00:00 .. 2026-05-28 19:55:00)
  2157  centre=2026-05-28 21:57:30  n_occ=24  span=[2026-05-28 19:55:00 .. 2026-05-29 00:00:00)
  [IGS/TRO1] Running TEC pipeline for 2026-05-28 …
  [nav] Using multi-GNSS mixed nav: BRDC00IGS_R_20261480000_01D_MN.rnx.gz
  [TRO1]  10/102 SVs (  9.8%)    0 arcs
  [TRO1]  20/102 SVs ( 19.6%)    4 arcs
  [TRO1]  30/102 SVs ( 29.4%)   76 arcs
  [TRO1]  40/102 SVs ( 39.2%)  142 arcs
  [TRO1]  50/102 SVs ( 49.0%)  199 arcs
  [TRO1]  60/102 SVs ( 58.8%)  263 arcs
  [TRO1]  70/102 SVs ( 68.6%)  318 arcs
  [TRO1]  80/102 SVs ( 78.4%)  363 arcs
  [TRO1]  90/102 SVs ( 88.2%)  412 arcs
  [TRO1] 100/102 SVs ( 98.0%)  462 arcs
  [TRO1] 102/102 SVs (100.0%)  467 arcs
  [TRO1] 102/102 SVs done  467 arcs
  [IGS/TRO1] 467 raw arcs → 301 valid entries
  [IGS/WUTH] Running TEC pipeline for 2026-05-28 …
  [nav] Using multi-GNSS mixed nav: BRDC00IGS_R_20261480000_01D_MN.rnx.gz
  [WUTH]  11/116 SVs (  9.5%)   66 arcs
  [WUTH]  22/116 SVs ( 19.0%)  130 arcs
  [WUTH]  33/116 SVs ( 28.4%)  186 arcs
  [WUTH]  44/116 SVs ( 37.9%)  265 arcs
  [WUTH]  55/116 SVs ( 47.4%)  361 arcs
  [WUTH]  66/116 SVs ( 56.9%)  434 arcs
  [WUTH]  77/116 SVs ( 66.4%)  527 arcs
  [WUTH]  88/116 SVs ( 75.9%)  613 arcs
  [WUTH]  99/116 SVs ( 85.3%)  706 arcs
  [WUTH] 110/116 SVs ( 94.8%)  795 arcs
  [WUTH] 116/116 SVs (100.0%)  828 arcs
  [WUTH] 116/116 SVs done  828 arcs
  [IGS/WUTH] 828 raw arcs → 517 valid entries
  [IGS/NYA1] Running TEC pipeline for 2026-05-28 …
  [nav] Using multi-GNSS mixed nav: BRDC00IGS_R_20261480000_01D_MN.rnx.gz
  [NYA1]  10/102 SVs (  9.8%)    0 arcs
  [NYA1]  20/102 SVs ( 19.6%)    6 arcs
  [NYA1]  30/102 SVs ( 29.4%)   68 arcs
  [NYA1]  40/102 SVs ( 39.2%)  150 arcs
  [NYA1]  50/102 SVs ( 49.0%)  220 arcs
  [NYA1]  60/102 SVs ( 58.8%)  304 arcs
  [NYA1]  70/102 SVs ( 68.6%)  375 arcs
  [NYA1]  80/102 SVs ( 78.4%)  451 arcs
  [NYA1]  90/102 SVs ( 88.2%)  511 arcs
  [NYA1] 100/102 SVs ( 98.0%)  578 arcs
  [NYA1] 102/102 SVs (100.0%)  587 arcs
  [NYA1] 102/102 SVs done  587 arcs
  [IGS/NYA1] 587 raw arcs → 357 valid entries
  0 minima window(s), 1175 IGS arc(s)
  [skip] No GNSS-RO minima windows for this day matching --window 1227.

======================================================================
[Day] 2026-05-29  tier=3  instruments=['JRO']
  Scanning 4344 files for metadata …
  Found 4344 valid files across 569 geographic groups (49 30-min windows).
[ISR-DA][minima-windows] 2026-05-29: 10 window(s) (>= 10 arcs each)
  0055  centre=2026-05-29 00:55:00  n_occ=31  span=[2026-05-29 00:00:00 .. 2026-05-29 01:50:00)
  0237  centre=2026-05-29 02:37:30  n_occ=27  span=[2026-05-29 01:50:00 .. 2026-05-29 03:25:00)
  0410  centre=2026-05-29 04:10:00  n_occ=17  span=[2026-05-29 03:25:00 .. 2026-05-29 04:55:00)
  0545  centre=2026-05-29 05:45:00  n_occ=10  span=[2026-05-29 04:55:00 .. 2026-05-29 06:35:00)
  0855  centre=2026-05-29 08:55:00  n_occ=23  span=[2026-05-29 08:05:00 .. 2026-05-29 09:45:00)
  1030  centre=2026-05-29 10:30:00  n_occ=46  span=[2026-05-29 09:45:00 .. 2026-05-29 11:15:00)
  1202  centre=2026-05-29 12:02:30  n_occ=41  span=[2026-05-29 11:15:00 .. 2026-05-29 12:50:00)
  1347  centre=2026-05-29 13:47:30  n_occ=40  span=[2026-05-29 12:50:00 .. 2026-05-29 14:45:00)
  2127  centre=2026-05-29 21:27:30  n_occ=24  span=[2026-05-29 20:30:00 .. 2026-05-29 22:25:00)
  2312  centre=2026-05-29 23:12:30  n_occ=16  span=[2026-05-29 22:25:00 .. 2026-05-30 00:00:00)
  [IGS/TRO1] Running TEC pipeline for 2026-05-29 …
  [nav] Using multi-GNSS mixed nav: BRDC00IGS_R_20261490000_01D_MN.rnx.gz
  [TRO1]  10/102 SVs (  9.8%)    0 arcs
  [TRO1]  20/102 SVs ( 19.6%)    9 arcs
  [TRO1]  30/102 SVs ( 29.4%)   78 arcs
  [TRO1]  40/102 SVs ( 39.2%)  136 arcs
  [TRO1]  50/102 SVs ( 49.0%)  204 arcs
  [TRO1]  60/102 SVs ( 58.8%)  281 arcs
  [TRO1]  70/102 SVs ( 68.6%)  351 arcs
  [TRO1]  80/102 SVs ( 78.4%)  410 arcs
  [TRO1]  90/102 SVs ( 88.2%)  459 arcs
  [TRO1] 100/102 SVs ( 98.0%)  518 arcs
  [TRO1] 102/102 SVs (100.0%)  523 arcs
  [TRO1] 102/102 SVs done  523 arcs
  [IGS/TRO1] 523 raw arcs → 315 valid entries
  [IGS/WUTH] Running TEC pipeline for 2026-05-29 …
  [nav] Using multi-GNSS mixed nav: BRDC00IGS_R_20261490000_01D_MN.rnx.gz
  [WUTH]  11/116 SVs (  9.5%)   54 arcs
  [WUTH]  22/116 SVs ( 19.0%)  112 arcs
  [WUTH]  33/116 SVs ( 28.4%)  176 arcs
  [WUTH]  44/116 SVs ( 37.9%)  260 arcs
  [WUTH]  55/116 SVs ( 47.4%)  330 arcs
  [WUTH]  66/116 SVs ( 56.9%)  415 arcs
  [WUTH]  77/116 SVs ( 66.4%)  488 arcs
  [WUTH]  88/116 SVs ( 75.9%)  582 arcs
  [WUTH]  99/116 SVs ( 85.3%)  660 arcs
  [WUTH] 110/116 SVs ( 94.8%)  733 arcs
  [WUTH] 116/116 SVs (100.0%)  766 arcs
  [WUTH] 116/116 SVs done  766 arcs
  [IGS/WUTH] 766 raw arcs → 513 valid entries
  [IGS/NYA1] Running TEC pipeline for 2026-05-29 …
  [nav] Using multi-GNSS mixed nav: BRDC00IGS_R_20261490000_01D_MN.rnx.gz
  [NYA1]  10/102 SVs (  9.8%)    0 arcs
  [NYA1]  20/102 SVs ( 19.6%)    9 arcs
  [NYA1]  30/102 SVs ( 29.4%)   75 arcs
  [NYA1]  40/102 SVs ( 39.2%)  147 arcs
  [NYA1]  50/102 SVs ( 49.0%)  213 arcs
  [NYA1]  60/102 SVs ( 58.8%)  278 arcs
  [NYA1]  70/102 SVs ( 68.6%)  347 arcs
  [NYA1]  80/102 SVs ( 78.4%)  397 arcs
  [NYA1]  90/102 SVs ( 88.2%)  452 arcs
  [NYA1] 100/102 SVs ( 98.0%)  506 arcs
  [NYA1] 102/102 SVs (100.0%)  517 arcs
  [NYA1] 102/102 SVs done  517 arcs
  [IGS/NYA1] 517 raw arcs → 330 valid entries
  0 minima window(s), 1158 IGS arc(s)
  [skip] No GNSS-RO minima windows for this day matching --window 1227.

======================================================================
[Day] 2026-05-30  tier=3  instruments=['JRO']
  Scanning 4700 files for metadata …
  Found 4700 valid files across 625 geographic groups (49 30-min windows).
[ISR-DA][minima-windows] 2026-05-30: 12 window(s) (>= 10 arcs each)
  0052  centre=2026-05-30 00:52:30  n_occ=27  span=[2026-05-30 00:00:00 .. 2026-05-30 01:45:00)
  0232  centre=2026-05-30 02:32:30  n_occ=23  span=[2026-05-30 01:45:00 .. 2026-05-30 03:20:00)
  0407  centre=2026-05-30 04:07:30  n_occ=24  span=[2026-05-30 03:20:00 .. 2026-05-30 04:55:00)
  0542  centre=2026-05-30 05:42:30  n_occ=13  span=[2026-05-30 04:55:00 .. 2026-05-30 06:30:00)
  0852  centre=2026-05-30 08:52:30  n_occ=24  span=[2026-05-30 08:05:00 .. 2026-05-30 09:40:00)
  1027  centre=2026-05-30 10:27:30  n_occ=28  span=[2026-05-30 09:40:00 .. 2026-05-30 11:15:00)
  1202  centre=2026-05-30 12:02:30  n_occ=39  span=[2026-05-30 11:15:00 .. 2026-05-30 12:50:00)
  1345  centre=2026-05-30 13:45:00  n_occ=35  span=[2026-05-30 12:50:00 .. 2026-05-30 14:40:00)
  1525  centre=2026-05-30 15:25:00  n_occ=14  span=[2026-05-30 14:40:00 .. 2026-05-30 16:10:00)
  1657  centre=2026-05-30 16:57:30  n_occ=11  span=[2026-05-30 16:10:00 .. 2026-05-30 17:45:00)
  2127  centre=2026-05-30 21:27:30  n_occ=22  span=[2026-05-30 20:35:00 .. 2026-05-30 22:20:00)
  2310  centre=2026-05-30 23:10:00  n_occ=24  span=[2026-05-30 22:20:00 .. 2026-05-31 00:00:00)
  [IGS/TRO1] Running TEC pipeline for 2026-05-30 …
  [nav] Using multi-GNSS mixed nav: BRDC00IGS_R_20261500000_01D_MN.rnx.gz
  [TRO1]  10/102 SVs (  9.8%)    0 arcs
  [TRO1]  20/102 SVs ( 19.6%)   11 arcs
  [TRO1]  30/102 SVs ( 29.4%)   72 arcs
  [TRO1]  40/102 SVs ( 39.2%)  138 arcs
  [TRO1]  50/102 SVs ( 49.0%)  193 arcs
  [TRO1]  60/102 SVs ( 58.8%)  258 arcs
  [TRO1]  70/102 SVs ( 68.6%)  325 arcs
  [TRO1]  80/102 SVs ( 78.4%)  375 arcs
  [TRO1]  90/102 SVs ( 88.2%)  428 arcs
  [TRO1] 100/102 SVs ( 98.0%)  488 arcs
  [TRO1] 102/102 SVs (100.0%)  495 arcs
  [TRO1] 102/102 SVs done  495 arcs
  [IGS/TRO1] 495 raw arcs → 261 valid entries
  [IGS/WUTH] Running TEC pipeline for 2026-05-30 …
  [nav] Using multi-GNSS mixed nav: BRDC00IGS_R_20261500000_01D_MN.rnx.gz
  [WUTH]  11/116 SVs (  9.5%)   57 arcs
  [WUTH]  22/116 SVs ( 19.0%)  122 arcs
  [WUTH]  33/116 SVs ( 28.4%)  174 arcs
  [WUTH]  44/116 SVs ( 37.9%)  236 arcs
  [WUTH]  55/116 SVs ( 47.4%)  320 arcs
  [WUTH]  66/116 SVs ( 56.9%)  377 arcs
  [WUTH]  77/116 SVs ( 66.4%)  449 arcs
  [WUTH]  88/116 SVs ( 75.9%)  522 arcs
  [WUTH]  99/116 SVs ( 85.3%)  588 arcs
  [WUTH] 110/116 SVs ( 94.8%)  664 arcs
  [WUTH] 116/116 SVs (100.0%)  695 arcs
  [WUTH] 116/116 SVs done  695 arcs
  [IGS/WUTH] 695 raw arcs → 424 valid entries
  [IGS/NYA1] Running TEC pipeline for 2026-05-30 …
  [nav] Using multi-GNSS mixed nav: BRDC00IGS_R_20261500000_01D_MN.rnx.gz
  [NYA1]  10/102 SVs (  9.8%)    0 arcs
  [NYA1]  20/102 SVs ( 19.6%)    3 arcs
  [NYA1]  30/102 SVs ( 29.4%)   59 arcs
  [NYA1]  40/102 SVs ( 39.2%)  123 arcs
  [NYA1]  50/102 SVs ( 49.0%)  185 arcs
  [NYA1]  60/102 SVs ( 58.8%)  243 arcs
  [NYA1]  70/102 SVs ( 68.6%)  314 arcs
  [NYA1]  80/102 SVs ( 78.4%)  375 arcs
  [NYA1]  90/102 SVs ( 88.2%)  438 arcs
  [NYA1] 100/102 SVs ( 98.0%)  492 arcs
  [NYA1] 102/102 SVs (100.0%)  498 arcs
  [NYA1] 102/102 SVs done  498 arcs
  [IGS/NYA1] 498 raw arcs → 297 valid entries
  0 minima window(s), 982 IGS arc(s)
  [skip] No GNSS-RO minima windows for this day matching --window 1227.

======================================================================
[Day] 2026-05-31  tier=3  instruments=['JRO']
  Scanning 4113 files for metadata …
  Found 4113 valid files across 546 geographic groups (47 30-min windows).
[ISR-DA][minima-windows] 2026-05-31: 11 window(s) (>= 10 arcs each)
  0050  centre=2026-05-31 00:50:00  n_occ=27  span=[2026-05-31 00:00:00 .. 2026-05-31 01:40:00)
  0227  centre=2026-05-31 02:27:30  n_occ=33  span=[2026-05-31 01:40:00 .. 2026-05-31 03:15:00)
  0402  centre=2026-05-31 04:02:30  n_occ=25  span=[2026-05-31 03:15:00 .. 2026-05-31 04:50:00)
  0540  centre=2026-05-31 05:40:00  n_occ=13  span=[2026-05-31 04:50:00 .. 2026-05-31 06:30:00)
  0847  centre=2026-05-31 08:47:30  n_occ=17  span=[2026-05-31 08:05:00 .. 2026-05-31 09:30:00)
  1022  centre=2026-05-31 10:22:30  n_occ=32  span=[2026-05-31 09:30:00 .. 2026-05-31 11:15:00)
  1202  centre=2026-05-31 12:02:30  n_occ=30  span=[2026-05-31 11:15:00 .. 2026-05-31 12:50:00)
  1345  centre=2026-05-31 13:45:00  n_occ=27  span=[2026-05-31 12:50:00 .. 2026-05-31 14:40:00)
  1710  centre=2026-05-31 17:10:00  n_occ=10  span=[2026-05-31 16:05:00 .. 2026-05-31 18:15:00)
  2125  centre=2026-05-31 21:25:00  n_occ=21  span=[2026-05-31 20:35:00 .. 2026-05-31 22:15:00)
  2307  centre=2026-05-31 23:07:30  n_occ=19  span=[2026-05-31 22:15:00 .. 2026-06-01 00:00:00)
  [IGS/TRO1] Running TEC pipeline for 2026-05-31 …
  [nav] Using multi-GNSS mixed nav: BRDC00IGS_R_20261510000_01D_MN.rnx.gz
  [TRO1]  10/102 SVs (  9.8%)    0 arcs
  [TRO1]  20/102 SVs ( 19.6%)    3 arcs
  [TRO1]  30/102 SVs ( 29.4%)   39 arcs
  [TRO1]  40/102 SVs ( 39.2%)   93 arcs
  [TRO1]  50/102 SVs ( 49.0%)  135 arcs
  [TRO1]  60/102 SVs ( 58.8%)  176 arcs
  [TRO1]  70/102 SVs ( 68.6%)  224 arcs
  [TRO1]  80/102 SVs ( 78.4%)  259 arcs
  [TRO1]  90/102 SVs ( 88.2%)  293 arcs
  [TRO1] 100/102 SVs ( 98.0%)  323 arcs
  [TRO1] 102/102 SVs (100.0%)  328 arcs
  [TRO1] 102/102 SVs done  328 arcs
  [IGS/TRO1] 328 raw arcs → 240 valid entries
  [IGS/WUTH] Running TEC pipeline for 2026-05-31 …
  [nav] Using multi-GNSS mixed nav: BRDC00IGS_R_20261510000_01D_MN.rnx.gz
  [WUTH]  11/116 SVs (  9.5%)   34 arcs
  [WUTH]  22/116 SVs ( 19.0%)   77 arcs
  [WUTH]  33/116 SVs ( 28.4%)  124 arcs
  [WUTH]  44/116 SVs ( 37.9%)  182 arcs
  [WUTH]  55/116 SVs ( 47.4%)  255 arcs
  [WUTH]  66/116 SVs ( 56.9%)  323 arcs
  [WUTH]  77/116 SVs ( 66.4%)  397 arcs
  [WUTH]  88/116 SVs ( 75.9%)  458 arcs
  [WUTH]  99/116 SVs ( 85.3%)  516 arcs
  [WUTH] 110/116 SVs ( 94.8%)  585 arcs
  [WUTH] 116/116 SVs (100.0%)  611 arcs
  [WUTH] 116/116 SVs done  611 arcs
  [IGS/WUTH] 611 raw arcs → 427 valid entries
  [IGS/NYA1] Running TEC pipeline for 2026-05-31 …
  [nav] Using multi-GNSS mixed nav: BRDC00IGS_R_20261510000_01D_MN.rnx.gz
  [NYA1]  10/102 SVs (  9.8%)    0 arcs
  [NYA1]  20/102 SVs ( 19.6%)    9 arcs
  [NYA1]  30/102 SVs ( 29.4%)   60 arcs
  [NYA1]  40/102 SVs ( 39.2%)  116 arcs
  [NYA1]  50/102 SVs ( 49.0%)  155 arcs
  [NYA1]  60/102 SVs ( 58.8%)  215 arcs
  [NYA1]  70/102 SVs ( 68.6%)  284 arcs
  [NYA1]  80/102 SVs ( 78.4%)  336 arcs
  [NYA1]  90/102 SVs ( 88.2%)  382 arcs
  [NYA1] 100/102 SVs ( 98.0%)  438 arcs
  [NYA1] 102/102 SVs (100.0%)  441 arcs
  [NYA1] 102/102 SVs done  441 arcs
  [IGS/NYA1] 441 raw arcs → 308 valid entries
  0 minima window(s), 975 IGS arc(s)
  [skip] No GNSS-RO minima windows for this day matching --window 1227.

[done] 1386 new ISR comparison row(s) this run across 127 day(s)
obs_mode   filter_type       n   delta_rmse m⁻³ (mean±std)  frac_improved   mean NmF2 err %   mean hmF2 err km
--------------------------------------------------------------------------------------------------------------
igs_only   gridded_kf       24   1.945e+10 ± 1.955e+10         20.8%             37.03             -12.91
igs_only   parametric_ekf   24   2.149e+11 ± 4.281e+11          8.3%            230.98             -21.82
ro_igs     gridded_kf       23  -7.814e+08 ± 6.118e+10         60.9%              1.65             -38.57
ro_igs     parametric_ekf   23   3.087e+10 ± 1.103e+11         30.4%             -9.16             -39.67
ro_only    gridded_kf       24  -6.442e+08 ± 6.030e+10         58.3%              1.27             -37.88
ro_only    parametric_ekf   24  -1.494e+10 ± 6.359e+10         29.2%            -29.52             -52.63

  foF2 (critical freq) — fraction of cases within threshold:
  obs_mode   filter_type       n    prior|post @0.5MHz    prior|post @0.2MHz    prior|post @0.1MHz
  igs_only   gridded_kf       24    100.0%|6.7%        100.0%|6.7%         53.3%|6.7%    
  igs_only   parametric_ekf   24     20.0%|0.0%          0.0%|0.0%          0.0%|0.0%    
  ro_igs     gridded_kf       23     92.9%|14.3%         0.0%|7.1%          0.0%|7.1%    
  ro_igs     parametric_ekf   23     50.0%|28.6%        14.3%|21.4%         0.0%|14.3%   
  ro_only    gridded_kf       24     93.3%|13.3%         0.0%|13.3%         0.0%|13.3%   
  ro_only    parametric_ekf   24     40.0%|33.3%        13.3%|6.7%         13.3%|0.0%    

  foE  (blanketing freq) — fraction of cases within threshold:
  obs_mode   filter_type       n    prior|post @0.5MHz    prior|post @0.2MHz    prior|post @0.1MHz
  igs_only   gridded_kf       24     53.3%|53.3%         0.0%|0.0%          0.0%|0.0%    
  igs_only   parametric_ekf   24     53.3%|33.3%         6.7%|6.7%          6.7%|6.7%    
  ro_igs     gridded_kf       23     42.9%|42.9%        42.9%|28.6%         0.0%|21.4%   
  ro_igs     parametric_ekf   23     42.9%|7.1%          7.1%|0.0%          0.0%|0.0%    
  ro_only    gridded_kf       24     46.7%|46.7%        46.7%|33.3%         0.0%|20.0%   
  ro_only    parametric_ekf   24     26.7%|6.7%         13.3%|6.7%          0.0%|0.0%    

  Profile fp RMSE — fraction of cases within threshold:
  obs_mode   filter_type       n    prior|post @0.5MHz    prior|post @0.2MHz    prior|post @0.1MHz
  igs_only   gridded_kf       24      0.0%|0.0%          0.0%|0.0%          0.0%|0.0%    
  igs_only   parametric_ekf   24      0.0%|0.0%          0.0%|0.0%          0.0%|0.0%    
  ro_igs     gridded_kf       23      0.0%|0.0%          0.0%|0.0%          0.0%|0.0%    
  ro_igs     parametric_ekf   23      0.0%|7.1%          0.0%|0.0%          0.0%|0.0%    
  ro_only    gridded_kf       24      0.0%|0.0%          0.0%|0.0%          0.0%|0.0%    
  ro_only    parametric_ekf   24      6.7%|0.0%          0.0%|0.0%          0.0%|0.0%    
[ISR-DA] Frequency-domain figures saved to /home/austinhunter/IonosphereTomography/Figures/ISR_DA_Comparison/OUTPUT
  Saved: /home/austinhunter/IonosphereTomography/Figures/ISR_DA_Comparison/OUTPUT/isr_convergence_vs_occ_count_below_peak_ne_mae.png
  Saved: /home/austinhunter/IonosphereTomography/Figures/ISR_DA_Comparison/OUTPUT/isr_convergence_vs_occ_count_foF2_error_mhz.png
  Saved: /home/austinhunter/IonosphereTomography/Figures/ISR_DA_Comparison/OUTPUT/isr_convergence_vs_occ_count_hf_reflection_height_error_km.png
[ISR-DA] Log written to: /home/austinhunter/IonosphereTomography/Logs/ISR_DA_Comparison/isr_da_comparison_20260718_184803.log
